context_id,collected_at_pt,sport,league,event_id,participant,team,opponent,home_away,availability,role,rest_travel,weather,season_phase,context_type,source,evidence_summary,reliability
ESPN-CTX-26a4249400180b8ee2042684,2026-09-24T17:42:45.920993-07:00,MLB,MLB,,Tyler Locklear,,,,IR/IL,1B,,,,INJURY_AVAILABILITY,ESPN_PUBLIC,60-Day-IL INJURY_STATUS_60DAYIL Thumb,high
ESPN-CTX-10bf2cc6ca97852a62caa9bc,2026-09-24T17:42:45.920993-07:00,MLB,MLB,,Ryan Thompson,,,,IR/IL,RP,,,,INJURY_AVAILABILITY,ESPN_PUBLIC,60-Day-IL INJURY_STATUS_60DAYIL Back,high
ESPN-CTX-d5e27f7a60a1b2bdf020a679,2026-09-24T17:42:45.920993-07:00,MLB,MLB,,A.J. Puk,,,,IR/IL,RP,,,,INJURY_AVAILABILITY,ESPN_PUBLIC,60-Day-IL INJURY_STATUS_60DAYIL Elbow,high
ESPN-CTX-0a4cc5820ad01673c920a729,2026-09-24T17:42:45.920993-07:00,MLB,MLB,,Andrew Saalfrank,,,,IR/IL,RP,,,,INJURY_AVAILABILITY,ESPN_PUBLIC,60-Day-IL INJURY_STATUS_60DAYIL Shoulder,high
ESPN-CTX-693ca4dffa70303fbe448dbc,2026-09-24T17:42:45.920993-07:00,MLB,MLB,,Cristian Mena,,,,IR/IL,RP,,,,INJURY_AVAILABILITY,ESPN_PUBLIC,60-Day-IL INJURY_STATUS_60DAYIL Shoulder,high
ESPN-CTX-5a4ca045edf372d11e79f268,2026-09-24T17:42:45.920993-07:00,MLB,MLB,,Alika Williams,,,,DAY-TO-DAY INJURY_STATUS_DAYTODAY UNDISCLOSED,SS,,,,INJURY_AVAILABILITY,ESPN_PUBLIC,Day-To-Day INJURY_STATUS_DAYTODAY Undisclosed,high
ESPN-CTX-2fc175d20bc05952e16698d0,2026-09-24T17:42:45.920993-07:00,MLB,MLB,,J.T. Ginn,,,,IR/IL,SP,,,,INJURY_AVAILABILITY,ESPN_PUBLIC,60-Day-IL INJURY_STATUS_60DAYIL Elbow,high
ESPN-CTX-7434d53a99ab8e83671dce25,2026-09-24T17:42:45.920993-07:00,MLB,MLB,,Max Muncy,,,,IR/IL,3B,,,,INJURY_AVAILABILITY,ESPN_PUBLIC,10-Day-IL INJURY_STATUS_10DAYIL Knee,high
ESPN-CTX-ad8f055b19e3795527163b88,2026-09-24T17:42:45.920993-07:00,MLB,MLB,,Brooks Kriske,,,,IR/IL,RP,,,,INJURY_AVAILABILITY,ESPN_PUBLIC,60-Day-IL INJURY_STATUS_60DAYIL Shoulder,high
ESPN-CTX-7c3da7dec09b5fb44624db83,2026-09-24T17:42:45.920993-07:00,MLB,MLB,,Brent Rooker,,,,IR/IL,DH,,,,INJURY_AVAILABILITY,ESPN_PUBLIC,60-Day-IL INJURY_STATUS_60DAYIL Knee,high
ESPN-CTX-c0157e95808e098be4b85c7c,2026-09-24T17:42:45.920993-07:00,MLB,MLB,,Nick Kurtz,,,,IR/IL,1B,,,,INJURY_AVAILABILITY,ESPN_PUBLIC,60-Day-IL INJURY_STATUS_60DAYIL Thumb,high
ESPN-CTX-5355be55c083813e20422a73,2026-09-24T17:42:45.920993-07:00,MLB,MLB,,Gage Jump,,,,IR/IL,SP,,,,INJURY_AVAILABILITY,ESPN_PUBLIC,15-Day-IL INJURY_STATUS_15DAYIL Shoulder,high
ESPN-CTX-e1980645dff02267b0d2ef53,2026-09-24T17:42:45.920993-07:00,MLB,MLB,,Luis Severino,,,,IR/IL,SP,,,,INJURY_AVAILABILITY,ESPN_PUBLIC,60-Day-IL INJURY_STATUS_60DAYIL Shoulder,high
ESPN-CTX-94f503298794e3343e490f9a,2026-09-24T17:42:45.920993-07:00,MLB,MLB,,Jacob Wilson,,,,IR/IL,SS,,,,INJURY_AVAILABILITY,ESPN_PUBLIC,60-Day-IL INJURY_STATUS_60DAYIL Shoulder,high
ESPN-CTX-efb20e7164bf42382bca3275,2026-09-24T17:42:45.920993-07:00,MLB,MLB,,Tyler Soderstrom,,,,IR/IL,LF,,,,INJURY_AVAILABILITY,ESPN_PUBLIC,60-Day-IL INJURY_STATUS_60DAYIL Hip,high
ESPN-CTX-e9119718d5858e71be220829,2026-09-24T17:42:45.920993-07:00,MLB,MLB,,Justin Sterner,,,,IR/IL,RP,,,,INJURY_AVAILABILITY,ESPN_PUBLIC,60-Day-IL INJURY_STATUS_60DAYIL Knee,high
ESPN-CTX-f10604bd834c1821d52405a0,2026-09-24T17:42:45.920993-07:00,MLB,MLB,,Mark Leiter Jr.,,,,IR/IL,RP,,,,INJURY_AVAILABILITY,ESPN_PUBLIC,60-Day-IL INJURY_STATUS_60DAYIL Hip,high
ESPN-CTX-1b528f8473967e59f04f1330,2026-09-24T17:42:45.920993-07:00,MLB,MLB,,Gunnar Hoglund,,,,IR/IL,SP,,,,INJURY_AVAILABILITY,ESPN_PUBLIC,60-Day-IL INJURY_STATUS_60DAYIL Hip,high
ESPN-CTX-4b2275c296fb4e12b52ce995,2026-09-24T17:42:45.920993-07:00,MLB,MLB,,Hurston Waldrep,,,,IR/IL,SP,,,,INJURY_AVAILABILITY,ESPN_PUBLIC,60-Day-IL INJURY_STATUS_60DAYIL Elbow,high
ESPN-CTX-3a789d647c4e771bb671f43b,2026-09-24T17:42:45.920993-07:00,MLB,MLB,,Martin Perez,,,,IR/IL,SP,,,,INJURY_AVAILABILITY,ESPN_PUBLIC,15-Day-IL INJURY_STATUS_15DAYIL Back,high
ESPN-CTX-24e6c15c990c3eee3923b6d9,2026-09-24T17:42:45.920993-07:00,MLB,MLB,,Lane Thomas,,,,IR/IL,LF,,,,INJURY_AVAILABILITY,ESPN_PUBLIC,10-Day-IL INJURY_STATUS_10DAYIL Side,high
ESPN-CTX-86ee4c63bd80d2b6eeae9026,2026-09-24T17:42:45.920993-07:00,MLB,MLB,,Reynaldo Lopez,,,,IR/IL,RP,,,,INJURY_AVAILABILITY,ESPN_PUBLIC,15-Day-IL INJURY_STATUS_15DAYIL Shoulder,high
ESPN-CTX-b8a2b6e0a47deec5f2907968,2026-09-24T17:42:45.920993-07:00,MLB,MLB,,Joe Jimenez,,,,IR/IL,RP,,,,INJURY_AVAILABILITY,ESPN_PUBLIC,60-Day-IL INJURY_STATUS_60DAYIL Knee,high
ESPN-CTX-e9c557cf2b135c6acc0f5fda,2026-09-24T17:42:45.920993-07:00,MLB,MLB,,Bryce Elder,,,,IR/IL,SP,,,,INJURY_AVAILABILITY,ESPN_PUBLIC,15-Day-IL INJURY_STATUS_15DAYIL Knee,high
ESPN-CTX-46598f06d9d42063683812f9,2026-09-24T17:42:45.920993-07:00,MLB,MLB,,Spencer Strider,,,,IR/IL,SP,,,,INJURY_AVAILABILITY,ESPN_PUBLIC,60-Day-IL INJURY_STATUS_60DAYIL Elbow,high
ESPN-CTX-cb5c076d9243d349c2ae4798,2026-09-24T17:42:45.920993-07:00,MLB,MLB,,Spencer Schwellenbach,,,,IR/IL,SP,,,,INJURY_AVAILABILITY,ESPN_PUBLIC,60-Day-IL INJURY_STATUS_60DAYIL Elbow,high
ESPN-CTX-d56fc488459ed0b5d9fedb95,2026-09-24T17:42:45.920993-07:00,MLB,MLB,,Jurickson Profar,,,,SUSPENSION INJURY_STATUS_SUSPENSION SUSPENSION,LF,,,,INJURY_AVAILABILITY,ESPN_PUBLIC,suspension INJURY_STATUS_SUSPENSION Suspension,high
ESPN-CTX-6f32cbc687f8acbc2951d7fe,2026-09-24T17:42:45.920993-07:00,MLB,MLB,,Joey Wentz,,,,IR/IL,RP,,,,INJURY_AVAILABILITY,ESPN_PUBLIC,60-Day-IL INJURY_STATUS_60DAYIL Knee,high
ESPN-CTX-0ec51fae6ebe1c2949633e0b,2026-09-24T17:42:45.920993-07:00,MLB,MLB,,Kyle Bradish,,,,IR/IL,SP,,,,INJURY_AVAILABILITY,ESPN_PUBLIC,60-Day-IL INJURY_STATUS_60DAYIL Abdomen,high
ESPN-CTX-96c4f3b51406652b8e209b6b,2026-09-24T17:42:45.920993-07:00,MLB,MLB,,Tyler O'Neill,,,,IR/IL,RF,,,,INJURY_AVAILABILITY,ESPN_PUBLIC,60-Day-IL INJURY_STATUS_60DAYIL Shoulder,high
ESPN-CTX-0d54cacf4e2246b3942a0aba,2026-09-24T17:42:45.920993-07:00,MLB,MLB,,Samuel Basallo,,,,7-DAY IL INJURY_STATUS_7DAYIL CONCUSSION,C,,,,INJURY_AVAILABILITY,ESPN_PUBLIC,7-Day IL INJURY_STATUS_7DAYIL Concussion,high
ESPN-CTX-ae1982e36b4a740133097f2b,2026-09-24T17:42:45.920993-07:00,MLB,MLB,,Jackson Holliday,,,,IR/IL,2B,,,,INJURY_AVAILABILITY,ESPN_PUBLIC,10-Day-IL INJURY_STATUS_10DAYIL Wrist,high
ESPN-CTX-095fec9ca3555079307e58c7,2026-09-24T17:42:45.920993-07:00,MLB,MLB,,Ryan Helsley,,,,IR/IL,RP,,,,INJURY_AVAILABILITY,ESPN_PUBLIC,60-Day-IL INJURY_STATUS_60DAYIL Elbow,high
ESPN-CTX-ea1fc8b2d9201548663264dc,2026-09-24T17:42:45.920993-07:00,MLB,MLB,,Blaze Alexander,,,,IR/IL,3B,,,,INJURY_AVAILABILITY,ESPN_PUBLIC,10-Day-IL INJURY_STATUS_10DAYIL Back,high
ESPN-CTX-be2a5dfa7d078b7b4a6dc44e,2026-09-24T17:42:45.920993-07:00,MLB,MLB,,Ryan Mountcastle,,,,IR/IL,1B,,,,INJURY_AVAILABILITY,ESPN_PUBLIC,60-Day-IL INJURY_STATUS_60DAYIL Oblique,high
ESPN-CTX-95d1a85d63958ab2d9e5c7ff,2026-09-24T17:42:45.920993-07:00,MLB,MLB,,Luis Robert Jr.,,,,IR/IL,CF,,,,INJURY_AVAILABILITY,ESPN_PUBLIC,10-Day-IL INJURY_STATUS_10DAYIL Hamstring,high
ESPN-CTX-ed83d20bd9b148454fce72a4,2026-09-24T17:42:45.920993-07:00,MLB,MLB,,Colin Selby,,,,IR/IL,RP,,,,INJURY_AVAILABILITY,ESPN_PUBLIC,60-Day-IL INJURY_STATUS_60DAYIL Shoulder,high
ESPN-CTX-8fb75344861fde1ab1d0f6bf,2026-09-24T17:42:45.920993-07:00,MLB,MLB,,Keegan Akin,,,,IR/IL,RP,,,,INJURY_AVAILABILITY,ESPN_PUBLIC,60-Day-IL INJURY_STATUS_60DAYIL Elbow,high
ESPN-CTX-6b79d0ee8e90d4e215b6e4de,2026-09-24T17:42:45.920993-07:00,MLB,MLB,,Jordan Westburg,,,,IR/IL,3B,,,,INJURY_AVAILABILITY,ESPN_PUBLIC,60-Day-IL INJURY_STATUS_60DAYIL Elbow,high
ESPN-CTX-0627078784d1870397eb9c38,2026-09-24T17:42:45.920993-07:00,MLB,MLB,,Willson Contreras,,,,DAY-TO-DAY INJURY_STATUS_DAYTODAY HAND,1B,,,,INJURY_AVAILABILITY,ESPN_PUBLIC,Day-To-Day INJURY_STATUS_DAYTODAY Hand,high
ESPN-CTX-48a5233dc353048879bb3783,2026-09-24T17:42:45.920993-07:00,MLB,MLB,,Garrett Crochet,,,,IR/IL,SP,,,,INJURY_AVAILABILITY,ESPN_PUBLIC,60-Day-IL INJURY_STATUS_60DAYIL Lat,high
ESPN-CTX-54f84cd5d063c15039c33164,2026-09-24T17:42:45.920993-07:00,MLB,MLB,,Curtis Mead,,,,IR/IL,3B,,,,INJURY_AVAILABILITY,ESPN_PUBLIC,10-Day-IL INJURY_STATUS_10DAYIL Wrist,high
ESPN-CTX-abe6303cc50ed761716150db,2026-09-24T17:42:45.920993-07:00,MLB,MLB,,Eli White,,,,IR/IL,CF,,,,INJURY_AVAILABILITY,ESPN_PUBLIC,10-Day-IL INJURY_STATUS_10DAYIL Foot,high
ESPN-CTX-15ea3c44d02e59978dbada52,2026-09-24T17:42:45.920993-07:00,MLB,MLB,,Tanner Houck,,,,IR/IL,SP,,,,INJURY_AVAILABILITY,ESPN_PUBLIC,60-Day-IL INJURY_STATUS_60DAYIL Elbow,high
ESPN-CTX-bfc1d02e7577846e6f457fea,2026-09-24T17:42:45.920993-07:00,MLB,MLB,,Johan Oviedo,,,,IR/IL,SP,,,,INJURY_AVAILABILITY,ESPN_PUBLIC,60-Day-IL INJURY_STATUS_60DAYIL Elbow,high
ESPN-CTX-b90da03fc54e8f6f54e402c6,2026-09-24T17:42:45.920993-07:00,MLB,MLB,,Justin Slaten,,,,IR/IL,RP,,,,INJURY_AVAILABILITY,ESPN_PUBLIC,15-Day-IL INJURY_STATUS_15DAYIL Elbow,high
ESPN-CTX-1a778f99c4941acb3c19eb3e,2026-09-24T17:42:45.920993-07:00,MLB,MLB,,Anthony Seigler,,,,IR/IL,2B,,,,INJURY_AVAILABILITY,ESPN_PUBLIC,10-Day-IL INJURY_STATUS_10DAYIL Wrist,high
ESPN-CTX-9045f4a45f77f2ddcdf1b7e6,2026-09-24T17:42:45.920993-07:00,MLB,MLB,,Kutter Crawford,,,,IR/IL,SP,,,,INJURY_AVAILABILITY,ESPN_PUBLIC,60-Day-IL INJURY_STATUS_60DAYIL Forearm,high
ESPN-CTX-e825fe2c991dd67a42ffa981,2026-09-24T17:42:45.920993-07:00,MLB,MLB,,Eduardo Rivera,,,,IR/IL,SP,,,,INJURY_AVAILABILITY,ESPN_PUBLIC,60-Day-IL INJURY_STATUS_60DAYIL Back,high
ESPN-CTX-2e3ce8a3dc28dde18c434ac3,2026-09-24T17:42:45.920993-07:00,MLB,MLB,,Masataka Yoshida,,,,IR/IL,DH,,,,INJURY_AVAILABILITY,ESPN_PUBLIC,10-Day-IL INJURY_STATUS_10DAYIL Hamstring,high
ESPN-CTX-b60e3297a37e497734e9b7ba,2026-09-24T17:42:45.920993-07:00,MLB,MLB,,Triston Casas,,,,IR/IL,1B,,,,INJURY_AVAILABILITY,ESPN_PUBLIC,60-Day-IL INJURY_STATUS_60DAYIL Wrist,high
ESPN-CTX-03573adefc98ef793699964d,2026-09-24T17:42:45.920993-07:00,MLB,MLB,,Zack Kelly,,,,IR/IL,RP,,,,INJURY_AVAILABILITY,ESPN_PUBLIC,60-Day-IL INJURY_STATUS_60DAYIL Elbow,high
ESPN-CTX-6798d328d13fd0a434e3598d,2026-09-24T17:42:45.920993-07:00,MLB,MLB,,Alex Bregman,,,,DAY-TO-DAY INJURY_STATUS_DAYTODAY FACE,3B,,,,INJURY_AVAILABILITY,ESPN_PUBLIC,Day-To-Day INJURY_STATUS_DAYTODAY Face,high
ESPN-CTX-e5d6f0fb89e407fbfafbd47a,2026-09-24T17:42:45.920993-07:00,MLB,MLB,,Justin Steele,,,,IR/IL,SP,,,,INJURY_AVAILABILITY,ESPN_PUBLIC,60-Day-IL INJURY_STATUS_60DAYIL Elbow,high
ESPN-CTX-2dc8bf7a5d47edeb8811bc81,2026-09-24T17:42:45.920993-07:00,MLB,MLB,,Kevin Gausman,,,,DAY-TO-DAY INJURY_STATUS_DAYTODAY SHOULDER,SP,,,,INJURY_AVAILABILITY,ESPN_PUBLIC,Day-To-Day INJURY_STATUS_DAYTODAY Shoulder,high
ESPN-CTX-7c2ebc96ccf9fcb61fce2c45,2026-09-24T17:42:45.920993-07:00,MLB,MLB,,Shelby Miller,,,,IR/IL,RP,,,,INJURY_AVAILABILITY,ESPN_PUBLIC,60-Day-IL INJURY_STATUS_60DAYIL Elbow,high
ESPN-CTX-9a324eb871492ace15ab561c,2026-09-24T17:42:45.920993-07:00,MLB,MLB,,Trent Thornton,,,,IR/IL,RP,,,,INJURY_AVAILABILITY,ESPN_PUBLIC,15-Day-IL INJURY_STATUS_15DAYIL Ankle,high
ESPN-CTX-4690b5ad4b49982e1059366c,2026-09-24T17:42:45.920993-07:00,MLB,MLB,,Gavin Hollowell,,,,IR/IL,RP,,,,INJURY_AVAILABILITY,ESPN_PUBLIC,15-Day-IL INJURY_STATUS_15DAYIL Shoulder,high
ESPN-CTX-d971d37cdf1f55907b7d9626,2026-09-24T17:42:45.920993-07:00,MLB,MLB,,Ben Brown,,,,IR/IL,RP,,,,INJURY_AVAILABILITY,ESPN_PUBLIC,60-Day-IL INJURY_STATUS_60DAYIL Neck,high
ESPN-CTX-6d28ba852947fcfc67a7a029,2026-09-24T17:42:45.920993-07:00,MLB,MLB,,Phil Maton,,,,IR/IL,RP,,,,INJURY_AVAILABILITY,ESPN_PUBLIC,60-Day-IL INJURY_STATUS_60DAYIL Knee,high
ESPN-CTX-059443c97377f6612adaad61,2026-09-24T17:42:45.920993-07:00,MLB,MLB,,Riley Martin,,,,IR/IL,RP,,,,INJURY_AVAILABILITY,ESPN_PUBLIC,60-Day-IL INJURY_STATUS_60DAYIL Elbow,high
ESPN-CTX-cbce46541015c9214172ca6f,2026-09-24T17:42:45.920993-07:00,MLB,MLB,,Hunter Harvey,,,,IR/IL,RP,,,,INJURY_AVAILABILITY,ESPN_PUBLIC,60-Day-IL INJURY_STATUS_60DAYIL Triceps,high
ESPN-CTX-4bd4c7281f055c4dcecb327d,2026-09-24T17:42:45.920993-07:00,MLB,MLB,,Porter Hodge,,,,IR/IL,RP,,,,INJURY_AVAILABILITY,ESPN_PUBLIC,60-Day-IL INJURY_STATUS_60DAYIL Elbow,high
ESPN-CTX-7bb9d995d51ac1b90b3ea0c5,2026-09-24T17:42:45.920993-07:00,MLB,MLB,,Cade Horton,,,,IR/IL,SP,,,,INJURY_AVAILABILITY,ESPN_PUBLIC,60-Day-IL INJURY_STATUS_60DAYIL Elbow,high
ESPN-CTX-bb23b160fafc2f34434a76e6,2026-09-24T17:42:45.920993-07:00,MLB,MLB,,Tyler Austin,,,,IR/IL,1B,,,,INJURY_AVAILABILITY,ESPN_PUBLIC,60-Day-IL INJURY_STATUS_60DAYIL Knee,high
ESPN-CTX-dffc987e49432027f60f935d,2026-09-24T17:42:45.920993-07:00,MLB,MLB,,Luis Castillo,,,,IR/IL,SP,,,,INJURY_AVAILABILITY,ESPN_PUBLIC,15-Day-IL INJURY_STATUS_15DAYIL Shoulder,high
ESPN-CTX-f450fede7a3b73f060498ec9,2026-09-24T17:42:45.920993-07:00,MLB,MLB,,Prelander Berroa,,,,IR/IL,RP,,,,INJURY_AVAILABILITY,ESPN_PUBLIC,60-Day-IL INJURY_STATUS_60DAYIL Elbow,high
ESPN-CTX-8a331cc064e9738dd1a0d4d5,2026-09-24T17:42:45.920993-07:00,MLB,MLB,,Ky Bush,,,,IR/IL,SP,,,,INJURY_AVAILABILITY,ESPN_PUBLIC,60-Day-IL INJURY_STATUS_60DAYIL Elbow,high
ESPN-CTX-405d92ab57687d137ee22a96,2026-09-24T17:42:45.920993-07:00,MLB,MLB,,Jordan Leasure,,,,IR/IL,RP,,,,INJURY_AVAILABILITY,ESPN_PUBLIC,60-Day-IL INJURY_STATUS_60DAYIL Forearm,high
ESPN-CTX-af250e9f56471b12eb2eb5e7,2026-09-24T17:42:45.920993-07:00,MLB,MLB,,Joey Bart,,,,IR/IL,C,,,,INJURY_AVAILABILITY,ESPN_PUBLIC,10-Day-IL INJURY_STATUS_10DAYIL Hand,high
ESPN-CTX-14a5fe7824865aadaf3196ef,2026-09-24T17:42:45.920993-07:00,MLB,MLB,,Mike Vasil,,,,IR/IL,RP,,,,INJURY_AVAILABILITY,ESPN_PUBLIC,60-Day-IL INJURY_STATUS_60DAYIL Elbow,high
ESPN-CTX-cec5361b067ec62b7cdb337e,2026-09-24T17:42:45.920993-07:00,MLB,MLB,,Tanner Murray,,,,IR/IL,LF,,,,INJURY_AVAILABILITY,ESPN_PUBLIC,60-Day-IL INJURY_STATUS_60DAYIL Shoulder,high
ESPN-CTX-b922dee10f9c91ded7c20f76,2026-09-24T17:42:45.920993-07:00,MLB,MLB,,Brooks Baldwin,,,,IR/IL,LF,,,,INJURY_AVAILABILITY,ESPN_PUBLIC,60-Day-IL INJURY_STATUS_60DAYIL Elbow,high
ESPN-CTX-cd09be622cf544599e905cf2,2026-09-24T17:42:45.920993-07:00,MLB,MLB,,Tony Santillan,,,,IR/IL,RP,,,,INJURY_AVAILABILITY,ESPN_PUBLIC,15-Day-IL INJURY_STATUS_15DAYIL Hip,high
ESPN-CTX-967ffa0ea50a755a71514ab7,2026-09-24T17:42:45.920993-07:00,MLB,MLB,,Spencer Steer,,,,IR/IL,1B,,,,INJURY_AVAILABILITY,ESPN_PUBLIC,60-Day-IL INJURY_STATUS_60DAYIL Wrist,high
ESPN-CTX-e402b176429214fe28b4016d,2026-09-24T17:42:45.920993-07:00,MLB,MLB,,Chase Burns,,,,IR/IL,SP,,,,INJURY_AVAILABILITY,ESPN_PUBLIC,15-Day-IL INJURY_STATUS_15DAYIL Groin,high
ESPN-CTX-a71d91212b796b4d8574211a,2026-09-24T17:42:45.920993-07:00,MLB,MLB,,Julian Garcia,,,,IR/IL,RP,,,,INJURY_AVAILABILITY,ESPN_PUBLIC,15-Day-IL INJURY_STATUS_15DAYIL Elbow,high
ESPN-CTX-a26afe19a28fdab3045dff26,2026-09-24T17:42:45.920993-07:00,MLB,MLB,,Blake Dunn,,,,IR/IL,CF,,,,INJURY_AVAILABILITY,ESPN_PUBLIC,60-Day-IL INJURY_STATUS_60DAYIL Elbow,high
ESPN-CTX-b9c2e9ef2917031ab14a81df,2026-09-24T17:42:45.920993-07:00,MLB,MLB,,Michael Toglia,,,,IR/IL,1B,,,,INJURY_AVAILABILITY,ESPN_PUBLIC,60-Day-IL INJURY_STATUS_60DAYIL Shoulder,high
ESPN-CTX-12ec3f9c4db3311a9a66eb5d,2026-09-24T17:42:45.920993-07:00,MLB,MLB,,Hunter Greene,,,,IR/IL,SP,,,,INJURY_AVAILABILITY,ESPN_PUBLIC,60-Day-IL INJURY_STATUS_60DAYIL Elbow,high
ESPN-CTX-3b9d3443cbca795056db3119,2026-09-24T17:42:45.920993-07:00,MLB,MLB,,Colin Holderman,,,,IR/IL,RP,,,,INJURY_AVAILABILITY,ESPN_PUBLIC,15-Day-IL INJURY_STATUS_15DAYIL Wrist,high
ESPN-CTX-d793e98909ffb7e509cdf9f8,2026-09-24T17:42:45.920993-07:00,MLB,MLB,,Rhys Hoskins,,,,IR/IL,1B,,,,INJURY_AVAILABILITY,ESPN_PUBLIC,10-Day-IL INJURY_STATUS_10DAYIL Back,high
ESPN-CTX-a3466aee0dc5dbc15655a4bc,2026-09-24T17:42:45.920993-07:00,MLB,MLB,,Willi Castro,,,,IR/IL,2B,,,,INJURY_AVAILABILITY,ESPN_PUBLIC,10-Day-IL INJURY_STATUS_10DAYIL Heel,high
ESPN-CTX-1499ff3490c298125325abc8,2026-09-24T17:42:45.920993-07:00,MLB,MLB,,Chase Dollander,,,,IR/IL,SP,,,,INJURY_AVAILABILITY,ESPN_PUBLIC,60-Day-IL INJURY_STATUS_60DAYIL Elbow,high
ESPN-CTX-8e8231751ee00107b48bd1b8,2026-09-24T17:42:45.920993-07:00,MLB,MLB,,Welinton Herrera,,,,IR/IL,RP,,,,INJURY_AVAILABILITY,ESPN_PUBLIC,60-Day-IL INJURY_STATUS_60DAYIL Elbow,high
ESPN-CTX-5fa80e9843614b4dd81cf100,2026-09-24T17:42:45.920993-07:00,MLB,MLB,,McCade Brown,,,,IR/IL,SP,,,,INJURY_AVAILABILITY,ESPN_PUBLIC,60-Day-IL INJURY_STATUS_60DAYIL Shoulder,high
ESPN-CTX-c236afe8c9974221e5e0111e,2026-09-24T17:42:45.920993-07:00,MLB,MLB,,RJ Petit,,,,IR/IL,RP,,,,INJURY_AVAILABILITY,ESPN_PUBLIC,60-Day-IL INJURY_STATUS_60DAYIL Elbow,high
ESPN-CTX-c2ede0a7db99b9f0a66bfa1c,2026-09-24T17:42:45.920993-07:00,MLB,MLB,,Pierson Ohl,,,,IR/IL,RP,,,,INJURY_AVAILABILITY,ESPN_PUBLIC,60-Day-IL INJURY_STATUS_60DAYIL Elbow,high
ESPN-CTX-941decc34e948ebe134cfb7a,2026-09-24T17:42:45.920993-07:00,MLB,MLB,,Kris Bryant,,,,IR/IL,DH,,,,INJURY_AVAILABILITY,ESPN_PUBLIC,60-Day-IL INJURY_STATUS_60DAYIL Back,high
ESPN-CTX-ab752023125104eca71be55f,2026-09-24T17:42:45.920993-07:00,MLB,MLB,,Jack Flaherty,,,,IR/IL,SP,,,,INJURY_AVAILABILITY,ESPN_PUBLIC,15-Day-IL INJURY_STATUS_15DAYIL Forearm,high
ESPN-CTX-de1306526b034a9b91fd874a,2026-09-24T17:42:45.920993-07:00,MLB,MLB,,Colt Keith,,,,IR/IL,3B,,,,INJURY_AVAILABILITY,ESPN_PUBLIC,10-Day-IL INJURY_STATUS_10DAYIL Thumb,high
ESPN-CTX-0101af0c04f9dd34e74f9d4d,2026-09-24T17:42:45.920993-07:00,MLB,MLB,,Troy Melton,,,,IR/IL,SP,,,,INJURY_AVAILABILITY,ESPN_PUBLIC,15-Day-IL INJURY_STATUS_15DAYIL Arm,high
ESPN-CTX-8c6495c79f823fe1fe20236f,2026-09-24T17:42:45.920993-07:00,MLB,MLB,,Justin Verlander,,,,IR/IL,SP,,,,INJURY_AVAILABILITY,ESPN_PUBLIC,60-Day-IL INJURY_STATUS_60DAYIL Hamstring,high
ESPN-CTX-451cef3176eae268d199807f,2026-09-24T17:42:45.920993-07:00,MLB,MLB,,Kyle Finnegan,,,,IR/IL,RP,,,,INJURY_AVAILABILITY,ESPN_PUBLIC,15-Day-IL INJURY_STATUS_15DAYIL Groin,high
ESPN-CTX-bc9f76dbf013d87637c43dcb,2026-09-24T17:42:45.920993-07:00,MLB,MLB,,Kerry Carpenter,,,,IR/IL,RF,,,,INJURY_AVAILABILITY,ESPN_PUBLIC,10-Day-IL INJURY_STATUS_10DAYIL Foot,high
ESPN-CTX-8f96939b8f8c1ed05af6f26e,2026-09-24T17:42:45.920993-07:00,MLB,MLB,,Wenceel Perez,,,,IR/IL,RF,,,,INJURY_AVAILABILITY,ESPN_PUBLIC,60-Day-IL INJURY_STATUS_60DAYIL Orbital,high
ESPN-CTX-ddd8d9b52a5d6434d296224f,2026-09-24T17:42:45.920993-07:00,MLB,MLB,,Matt Vierling,,,,IR/IL,CF,,,,INJURY_AVAILABILITY,ESPN_PUBLIC,60-Day-IL INJURY_STATUS_60DAYIL Thigh,high
ESPN-CTX-3670c5105ec69976482d91ae,2026-09-24T17:42:45.920993-07:00,MLB,MLB,,Will Vest,,,,IR/IL,RP,,,,INJURY_AVAILABILITY,ESPN_PUBLIC,60-Day-IL INJURY_STATUS_60DAYIL Elbow,high
ESPN-CTX-824aa74b25d7fc51f022aadb,2026-09-24T17:42:45.920993-07:00,MLB,MLB,,Burch Smith,,,,IR/IL,RP,,,,INJURY_AVAILABILITY,ESPN_PUBLIC,60-Day-IL INJURY_STATUS_60DAYIL Shoulder,high
ESPN-CTX-e9bd30ef0e99c79c069266a1,2026-09-24T17:42:45.920993-07:00,MLB,MLB,,Bailey Horn,,,,IR/IL,RP,,,,INJURY_AVAILABILITY,ESPN_PUBLIC,60-Day-IL INJURY_STATUS_60DAYIL Elbow,high
ESPN-CTX-a70cdb48c226514b3a2ffcca,2026-09-24T17:42:45.920993-07:00,MLB,MLB,,Parker Meadows,,,,IR/IL,CF,,,,INJURY_AVAILABILITY,ESPN_PUBLIC,60-Day-IL INJURY_STATUS_60DAYIL Arm,high
ESPN-CTX-ac9f1fc5f0e72e373384e307,2026-09-24T17:42:45.920993-07:00,MLB,MLB,,Trey Sweeney,,,,IR/IL,SS,,,,INJURY_AVAILABILITY,ESPN_PUBLIC,60-Day-IL INJURY_STATUS_60DAYIL Shoulder,high
ESPN-CTX-e7d6f9ccea8157c2c24e99b9,2026-09-24T17:42:45.920993-07:00,MLB,MLB,,Reese Olson,,,,IR/IL,SP,,,,INJURY_AVAILABILITY,ESPN_PUBLIC,60-Day-IL INJURY_STATUS_60DAYIL Shoulder,high
ESPN-CTX-30a7431bce2fcdbb7f04fc0e,2026-09-24T17:42:45.920993-07:00,MLB,MLB,,Daulton Varsho,,,,IR/IL,CF,,,,INJURY_AVAILABILITY,ESPN_PUBLIC,10-Day-IL INJURY_STATUS_10DAYIL Wrist,high
ESPN-CTX-88e31e1449b4ec8d07c2105c,2026-09-24T17:42:45.920993-07:00,MLB,MLB,,Jake Meyers,,,,IR/IL,CF,,,,INJURY_AVAILABILITY,ESPN_PUBLIC,60-Day-IL INJURY_STATUS_60DAYIL Kneecap,high
ESPN-CTX-b7a0f637fd9e088d70a90522,2026-09-24T17:42:45.920993-07:00,MLB,MLB,,Brice Matthews,,,,IR/IL,CF,,,,INJURY_AVAILABILITY,ESPN_PUBLIC,10-Day-IL INJURY_STATUS_10DAYIL Knee,high
ESPN-CTX-35c5777ce3a4f48a38b1ead5,2026-09-24T17:42:45.920993-07:00,MLB,MLB,,Cristian Javier,,,,IR/IL,SP,,,,INJURY_AVAILABILITY,ESPN_PUBLIC,15-Day-IL INJURY_STATUS_15DAYIL Groin,high
ESPN-CTX-5b88810d2947e0d8401eb735,2026-09-24T17:42:45.920993-07:00,MLB,MLB,,Mike Burrows,,,,IR/IL,SP,,,,INJURY_AVAILABILITY,ESPN_PUBLIC,60-Day-IL INJURY_STATUS_60DAYIL Elbow,high
ESPN-CTX-bb2c555952426e1285e8967d,2026-09-24T17:42:45.920993-07:00,MLB,MLB,,Enyel De Los Santos,,,,IR/IL,RP,,,,INJURY_AVAILABILITY,ESPN_PUBLIC,15-Day-IL INJURY_STATUS_15DAYIL Knee,high
ESPN-CTX-458c84e8e9023f906334e0f2,2026-09-24T17:42:45.920993-07:00,MLB,MLB,,Steven Okert,,,,IR/IL,RP,,,,INJURY_AVAILABILITY,ESPN_PUBLIC,15-Day-IL INJURY_STATUS_15DAYIL Hamstring,high
ESPN-CTX-3e604922563b0afa37c4261c,2026-09-24T17:42:45.920993-07:00,MLB,MLB,,Carlos Correa,,,,IR/IL,SS,,,,INJURY_AVAILABILITY,ESPN_PUBLIC,60-Day-IL INJURY_STATUS_60DAYIL Ankle,high
ESPN-CTX-4e6be09964aedb1d2b9c2d31,2026-09-24T17:42:45.920993-07:00,MLB,MLB,,Brandon Walter,,,,IR/IL,SP,,,,INJURY_AVAILABILITY,ESPN_PUBLIC,60-Day-IL INJURY_STATUS_60DAYIL Elbow,high
ESPN-CTX-97a6f376348cd9963bc6e747,2026-09-24T17:42:45.920993-07:00,MLB,MLB,,Steven Cruz,,,,PATERNITY INJURY_STATUS_PATERNITY PERSONAL,RP,,,,INJURY_AVAILABILITY,ESPN_PUBLIC,Paternity INJURY_STATUS_PATERNITY Personal,high
ESPN-CTX-6e82d28019161311513c9e9f,2026-09-24T17:42:45.920993-07:00,MLB,MLB,,Craig Kimbrel,,,,BEREAVEMENT INJURY_STATUS_BEREAVEMENT PERSONAL,RP,,,,INJURY_AVAILABILITY,ESPN_PUBLIC,bereavement INJURY_STATUS_BEREAVEMENT Personal,high
ESPN-CTX-128b0ec4001743af28c3c012,2026-09-24T17:42:45.920993-07:00,MLB,MLB,,Connor Seabold,,,,IR/IL,RP,,,,INJURY_AVAILABILITY,ESPN_PUBLIC,60-Day-IL INJURY_STATUS_60DAYIL Lat,high
ESPN-CTX-76886495cb695d3617927b96,2026-09-24T17:42:45.920993-07:00,MLB,MLB,,James McArthur,,,,IR/IL,RP,,,,INJURY_AVAILABILITY,ESPN_PUBLIC,60-Day-IL INJURY_STATUS_60DAYIL Elbow,high
ESPN-CTX-889509f5c57136d29ff9722f,2026-09-24T17:42:45.920993-07:00,MLB,MLB,,Beck Way,,,,IR/IL,RP,,,,INJURY_AVAILABILITY,ESPN_PUBLIC,15-Day-IL INJURY_STATUS_15DAYIL Shoulder,high
ESPN-CTX-f50cbefa8f3860d6d3e816e2,2026-09-24T17:42:45.920993-07:00,MLB,MLB,,Carlos Estevez,,,,IR/IL,RP,,,,INJURY_AVAILABILITY,ESPN_PUBLIC,60-Day-IL INJURY_STATUS_60DAYIL Shoulder,high
ESPN-CTX-b4762390a74c20c34ff1a730,2026-09-24T17:42:45.920993-07:00,MLB,MLB,,Nick Mears,,,,IR/IL,RP,,,,INJURY_AVAILABILITY,ESPN_PUBLIC,60-Day-IL INJURY_STATUS_60DAYIL Shoulder,high
ESPN-CTX-c47569c07a595255ed4da255,2026-09-24T17:42:45.920993-07:00,MLB,MLB,,Luinder Avila,,,,IR/IL,SP,,,,INJURY_AVAILABILITY,ESPN_PUBLIC,60-Day-IL INJURY_STATUS_60DAYIL Elbow,high
ESPN-CTX-171cd7fc740fe1ffb824084e,2026-09-24T17:42:45.920993-07:00,MLB,MLB,,Stephen Kolek,,,,IR/IL,SP,,,,INJURY_AVAILABILITY,ESPN_PUBLIC,60-Day-IL INJURY_STATUS_60DAYIL Elbow,high
ESPN-CTX-dcedad26e9712298b0f60ccd,2026-09-24T17:42:45.920993-07:00,MLB,MLB,,Cole Ragans,,,,IR/IL,SP,,,,INJURY_AVAILABILITY,ESPN_PUBLIC,60-Day-IL INJURY_STATUS_60DAYIL Elbow,high
ESPN-CTX-1ba3f4f6f1319e69a7cdee0e,2026-09-24T17:42:45.920993-07:00,MLB,MLB,,Jonathan India,,,,IR/IL,2B,,,,INJURY_AVAILABILITY,ESPN_PUBLIC,60-Day-IL INJURY_STATUS_60DAYIL Shoulder,high
ESPN-CTX-b9fe1a21e58b9629e2f86fcc,2026-09-24T17:42:45.920993-07:00,MLB,MLB,,Alec Marsh,,,,IR/IL,SP,,,,INJURY_AVAILABILITY,ESPN_PUBLIC,60-Day-IL INJURY_STATUS_60DAYIL Shoulder,high
ESPN-CTX-c45e9c2b2c445eb096cb422f,2026-09-24T17:42:45.920993-07:00,MLB,MLB,,Ben Joyce,,,,IR/IL,RP,,,,INJURY_AVAILABILITY,ESPN_PUBLIC,15-Day-IL INJURY_STATUS_15DAYIL Shoulder,high
ESPN-CTX-e05929a07372917adca46b31,2026-09-24T17:42:45.920993-07:00,MLB,MLB,,George Klassen,,,,IR/IL,SP,,,,INJURY_AVAILABILITY,ESPN_PUBLIC,15-Day-IL INJURY_STATUS_15DAYIL Back,high
ESPN-CTX-a92a30719c1ca2f664520aae,2026-09-24T17:42:45.920993-07:00,MLB,MLB,,Nolan Schanuel,,,,IR/IL,1B,,,,INJURY_AVAILABILITY,ESPN_PUBLIC,10-Day-IL INJURY_STATUS_10DAYIL Side,high
ESPN-CTX-8cdfb3d934cb482128b1be61,2026-09-24T17:42:45.920993-07:00,MLB,MLB,,Kyren Paris,,,,IR/IL,2B,,,,INJURY_AVAILABILITY,ESPN_PUBLIC,10-Day-IL INJURY_STATUS_10DAYIL Finger,high
ESPN-CTX-ed6bb26af18ed3539f7e6053,2026-09-24T17:42:45.920993-07:00,MLB,MLB,,Samy Natera Jr.,,,,IR/IL,RP,,,,INJURY_AVAILABILITY,ESPN_PUBLIC,15-Day-IL INJURY_STATUS_15DAYIL Forearm,high
ESPN-CTX-9eabb4a0fae642c72bc506fe,2026-09-24T17:42:45.920993-07:00,MLB,MLB,,Yoan Moncada,,,,IR/IL,3B,,,,INJURY_AVAILABILITY,ESPN_PUBLIC,60-Day-IL INJURY_STATUS_60DAYIL Knee,high
ESPN-CTX-977e85f51f49fe952c6d4c51,2026-09-24T17:42:45.920993-07:00,MLB,MLB,,Gustavo Campero,,,,IR/IL,OF,,,,INJURY_AVAILABILITY,ESPN_PUBLIC,10-Day-IL INJURY_STATUS_10DAYIL Hamstring,high
ESPN-CTX-c34cab25234eb9c0d32ac063,2026-09-24T17:42:45.920993-07:00,MLB,MLB,,Jack Kochanowicz,,,,IR/IL,SP,,,,INJURY_AVAILABILITY,ESPN_PUBLIC,60-Day-IL INJURY_STATUS_60DAYIL Elbow,high
ESPN-CTX-c7fde24da2ff369c18ded6ba,2026-09-24T17:42:45.920993-07:00,MLB,MLB,,Robert Stephenson,,,,IR/IL,RP,,,,INJURY_AVAILABILITY,ESPN_PUBLIC,60-Day-IL INJURY_STATUS_60DAYIL Elbow,high
ESPN-CTX-c8eaa2f92b51946a6ed766e1,2026-09-24T17:42:45.920993-07:00,MLB,MLB,,Anthony Rendon,,,,IR/IL,3B,,,,INJURY_AVAILABILITY,ESPN_PUBLIC,60-Day-IL INJURY_STATUS_60DAYIL Hip,high
ESPN-CTX-ec4e2c32fb2c0d2a1ef50ff1,2026-09-24T17:42:45.920993-07:00,MLB,MLB,,Dalton Rushing,,,,IR/IL,C,,,,INJURY_AVAILABILITY,ESPN_PUBLIC,10-Day-IL INJURY_STATUS_10DAYIL Elbow,high
ESPN-CTX-f9585e2cc70ba8a724e9426c,2026-09-24T17:42:45.920993-07:00,MLB,MLB,,Blake Snell,,,,DAY-TO-DAY INJURY_STATUS_DAYTODAY GROIN,SP,,,,INJURY_AVAILABILITY,ESPN_PUBLIC,Day-To-Day INJURY_STATUS_DAYTODAY Groin,high
ESPN-CTX-d383d26d7cef0b3f142a6f42,2026-09-24T17:42:45.920993-07:00,MLB,MLB,,Will Klein,,,,IR/IL,RP,,,,INJURY_AVAILABILITY,ESPN_PUBLIC,60-Day-IL INJURY_STATUS_60DAYIL Elbow,high
ESPN-CTX-a2b86fba489d05d7497f3c52,2026-09-24T17:42:45.920993-07:00,MLB,MLB,,Edgardo Henriquez,,,,IR/IL,RP,,,,INJURY_AVAILABILITY,ESPN_PUBLIC,15-Day-IL INJURY_STATUS_15DAYIL Back,high
ESPN-CTX-28dae1b906bc8fe8ec9ed192,2026-09-24T17:42:45.920993-07:00,MLB,MLB,,Eric Lauer,,,,IR/IL,SP,,,,INJURY_AVAILABILITY,ESPN_PUBLIC,60-Day-IL INJURY_STATUS_60DAYIL Elbow,high
ESPN-CTX-2810c25be958650727d502c6,2026-09-24T17:42:45.920993-07:00,MLB,MLB,,Gavin Stone,,,,IR/IL,SP,,,,INJURY_AVAILABILITY,ESPN_PUBLIC,60-Day-IL INJURY_STATUS_60DAYIL Shoulder,high
ESPN-CTX-fb6244061a4e8132169bd92b,2026-09-24T17:42:45.920993-07:00,MLB,MLB,,Jake Cousins,,,,IR/IL,RP,,,,INJURY_AVAILABILITY,ESPN_PUBLIC,60-Day-IL INJURY_STATUS_60DAYIL Elbow,high
ESPN-CTX-5b4aa8a090484a50ca56edd6,2026-09-24T17:42:45.920993-07:00,MLB,MLB,,Ben Casparius,,,,IR/IL,RP,,,,INJURY_AVAILABILITY,ESPN_PUBLIC,60-Day-IL INJURY_STATUS_60DAYIL Shoulder,high
ESPN-CTX-cb763802b351aed561d47ebc,2026-09-24T17:42:45.920993-07:00,MLB,MLB,,Brusdar Graterol,,,,IR/IL,RP,,,,INJURY_AVAILABILITY,ESPN_PUBLIC,60-Day-IL INJURY_STATUS_60DAYIL Back,high
ESPN-CTX-3c7d53cec63996b248b8f801,2026-09-24T17:42:45.920993-07:00,MLB,MLB,,Xavier Edwards,,,,DAY-TO-DAY INJURY_STATUS_DAYTODAY THUMB,2B,,,,INJURY_AVAILABILITY,ESPN_PUBLIC,Day-To-Day INJURY_STATUS_DAYTODAY Thumb,high
ESPN-CTX-c6dc1c06595eeeaf7d8b0a2b,2026-09-24T17:42:45.920993-07:00,MLB,MLB,,Anthony Bender,,,,IR/IL,RP,,,,INJURY_AVAILABILITY,ESPN_PUBLIC,15-Day-IL INJURY_STATUS_15DAYIL Lower Leg,high
ESPN-CTX-c3874658ae677abdee9668c2,2026-09-24T17:42:45.920993-07:00,MLB,MLB,,Pete Fairbanks,,,,IR/IL,RP,,,,INJURY_AVAILABILITY,ESPN_PUBLIC,15-Day-IL INJURY_STATUS_15DAYIL Shoulder,high
ESPN-CTX-dc0093cc27b9ec11f9269ca8,2026-09-24T17:42:45.920993-07:00,MLB,MLB,,Max Meyer,,,,IR/IL,SP,,,,INJURY_AVAILABILITY,ESPN_PUBLIC,15-Day-IL INJURY_STATUS_15DAYIL Neck,high
ESPN-CTX-892a6b7ecf7beb817a74b807,2026-09-24T17:42:45.920993-07:00,MLB,MLB,,Owen Caissie,,,,IR/IL,RF,,,,INJURY_AVAILABILITY,ESPN_PUBLIC,10-Day-IL INJURY_STATUS_10DAYIL Back,high
ESPN-CTX-9dbd4737a57d1b899b3df177,2026-09-24T17:42:45.920993-07:00,MLB,MLB,,Andrew Nardi,,,,IR/IL,RP,,,,INJURY_AVAILABILITY,ESPN_PUBLIC,60-Day-IL INJURY_STATUS_60DAYIL Elbow,high
ESPN-CTX-74658593fa5de2ce76be7210,2026-09-24T17:42:45.920993-07:00,MLB,MLB,,William Kempner,,,,IR/IL,RP,,,,INJURY_AVAILABILITY,ESPN_PUBLIC,60-Day-IL INJURY_STATUS_60DAYIL Elbow,high
ESPN-CTX-96013539e38b1153958f8ff7,2026-09-24T17:42:45.920993-07:00,MLB,MLB,,Robby Snelling,,,,IR/IL,SP,,,,INJURY_AVAILABILITY,ESPN_PUBLIC,60-Day-IL INJURY_STATUS_60DAYIL Elbow,high
ESPN-CTX-4fc4cd96f3875c85e6de68b9,2026-09-24T17:42:45.920993-07:00,MLB,MLB,,Adam Mazur,,,,IR/IL,SP,,,,INJURY_AVAILABILITY,ESPN_PUBLIC,60-Day-IL INJURY_STATUS_60DAYIL Elbow,high
ESPN-CTX-ec8fbb67c987c362275cf9b8,2026-09-24T17:42:45.920993-07:00,MLB,MLB,,Ronny Henriquez,,,,IR/IL,RP,,,,INJURY_AVAILABILITY,ESPN_PUBLIC,60-Day-IL INJURY_STATUS_60DAYIL Elbow,high
ESPN-CTX-2e04943bdfb8b51bf75c46f4,2026-09-24T17:42:45.920993-07:00,MLB,MLB,,Bryse Wilson,,,,IR/IL,RP,,,,INJURY_AVAILABILITY,ESPN_PUBLIC,15-Day-IL INJURY_STATUS_15DAYIL Back,high
ESPN-CTX-06461d0b8faebe818a95e118,2026-09-24T17:42:45.920993-07:00,MLB,MLB,,Grant Anderson,,,,IR/IL,RP,,,,INJURY_AVAILABILITY,ESPN_PUBLIC,15-Day-IL INJURY_STATUS_15DAYIL Biceps,high
ESPN-CTX-616fc5c2fd28a0d4749dccc4,2026-09-24T17:42:45.920993-07:00,MLB,MLB,,Brandon Woodruff,,,,IR/IL,SP,,,,INJURY_AVAILABILITY,ESPN_PUBLIC,60-Day-IL INJURY_STATUS_60DAYIL Shoulder,high
ESPN-CTX-589a9e14daa6cff270c02b9b,2026-09-24T17:42:45.920993-07:00,MLB,MLB,,Brian Fitzpatrick,,,,IR/IL,RP,,,,INJURY_AVAILABILITY,ESPN_PUBLIC,60-Day-IL INJURY_STATUS_60DAYIL Elbow,high
ESPN-CTX-441db72d89fe760cc0c6f8a7,2026-09-24T17:42:45.920993-07:00,MLB,MLB,,Quinn Priester,,,,IR/IL,SP,,,,INJURY_AVAILABILITY,ESPN_PUBLIC,60-Day-IL INJURY_STATUS_60DAYIL Shoulder,high
ESPN-CTX-e647afc86947b094515fcb84,2026-09-24T17:42:45.920993-07:00,MLB,MLB,,Angel Zerpa,,,,IR/IL,RP,,,,INJURY_AVAILABILITY,ESPN_PUBLIC,60-Day-IL INJURY_STATUS_60DAYIL Elbow,high
ESPN-CTX-8dc7f971d917dbb24207d7df,2026-09-24T17:42:45.920993-07:00,MLB,MLB,,Trevor Larnach,,,,IR/IL,LF,,,,INJURY_AVAILABILITY,ESPN_PUBLIC,10-Day-IL INJURY_STATUS_10DAYIL Wrist,high
ESPN-CTX-db2a5404282b0a9f54fad321,2026-09-24T17:42:45.920993-07:00,MLB,MLB,,Kaelen Culpepper,,,,IR/IL,SS,,,,INJURY_AVAILABILITY,ESPN_PUBLIC,10-Day-IL INJURY_STATUS_10DAYIL Hamstring,high
ESPN-CTX-4600eacccb3244c7e52adcec,2026-09-24T17:42:45.920993-07:00,MLB,MLB,,Byron Buxton,,,,IR/IL,CF,,,,INJURY_AVAILABILITY,ESPN_PUBLIC,10-Day-IL INJURY_STATUS_10DAYIL Hip,high
ESPN-CTX-41dfbd233b8479facf185d21,2026-09-24T17:42:45.920993-07:00,MLB,MLB,,Mike Paredes,,,,IR/IL,SP,,,,INJURY_AVAILABILITY,ESPN_PUBLIC,60-Day-IL INJURY_STATUS_60DAYIL Oblique,high
ESPN-CTX-503f83deb675ec16654cf825,2026-09-24T17:42:45.920993-07:00,MLB,MLB,,Cole Sands,,,,IR/IL,RP,,,,INJURY_AVAILABILITY,ESPN_PUBLIC,60-Day-IL INJURY_STATUS_60DAYIL Elbow,high
ESPN-CTX-47176f2589d098070e795fec,2026-09-24T17:42:45.920993-07:00,MLB,MLB,,David Festa,,,,IR/IL,SP,,,,INJURY_AVAILABILITY,ESPN_PUBLIC,60-Day-IL INJURY_STATUS_60DAYIL Shoulder,high
ESPN-CTX-f6e2752e57a599297b1cc661,2026-09-24T17:42:45.920993-07:00,MLB,MLB,,Mick Abel,,,,IR/IL,SP,,,,INJURY_AVAILABILITY,ESPN_PUBLIC,60-Day-IL INJURY_STATUS_60DAYIL Elbow,high
ESPN-CTX-8ec12f6d23fa52f7f6735da2,2026-09-24T17:42:45.920993-07:00,MLB,MLB,,Anthony Banda,,,,IR/IL,RP,,,,INJURY_AVAILABILITY,ESPN_PUBLIC,15-Day-IL INJURY_STATUS_15DAYIL Lat,high
ESPN-CTX-5cb74c28bf0c0f21e5f3e195,2026-09-24T17:42:45.920993-07:00,MLB,MLB,,Pablo Lopez,,,,IR/IL,SP,,,,INJURY_AVAILABILITY,ESPN_PUBLIC,60-Day-IL INJURY_STATUS_60DAYIL Elbow,high
ESPN-CTX-dfa895562c8bc667bbe4c240,2026-09-24T17:42:45.920993-07:00,MLB,MLB,,Christian Scott,,,,IR/IL,SP,,,,INJURY_AVAILABILITY,ESPN_PUBLIC,15-Day-IL INJURY_STATUS_15DAYIL Knee,high
ESPN-CTX-8937ff443373425800ccb8d5,2026-09-24T17:42:45.920993-07:00,MLB,MLB,,Jared Young,,,,7-DAY IL INJURY_STATUS_7DAYIL CONCUSSION,1B,,,,INJURY_AVAILABILITY,ESPN_PUBLIC,7-Day IL INJURY_STATUS_7DAYIL Concussion,high
ESPN-CTX-e024670f11fb4d77475406da,2026-09-24T17:42:45.920993-07:00,MLB,MLB,,Daniel Duarte,,,,IR/IL,RP,,,,INJURY_AVAILABILITY,ESPN_PUBLIC,15-Day-IL INJURY_STATUS_15DAYIL Hamstring,high
ESPN-CTX-8fcd71983ded8a2cd8d843ba,2026-09-24T17:42:45.920993-07:00,MLB,MLB,,Robert Stock,,,,IR/IL,RP,,,,INJURY_AVAILABILITY,ESPN_PUBLIC,15-Day-IL INJURY_STATUS_15DAYIL Finger,high
ESPN-CTX-368c254761fba5d9e08cf91e,2026-09-24T17:42:45.920993-07:00,MLB,MLB,,Jorge Polanco,,,,IR/IL,DH,,,,INJURY_AVAILABILITY,ESPN_PUBLIC,60-Day-IL INJURY_STATUS_60DAYIL Ankle,high
ESPN-CTX-ae944a1ce33b16d24907aef4,2026-09-24T17:42:45.920993-07:00,MLB,MLB,,Reed Garrett,,,,IR/IL,RP,,,,INJURY_AVAILABILITY,ESPN_PUBLIC,60-Day-IL INJURY_STATUS_60DAYIL Elbow,high
ESPN-CTX-6c9355b1b2982caa62280b76,2026-09-24T17:42:45.920993-07:00,MLB,MLB,,Tylor Megill,,,,IR/IL,SP,,,,INJURY_AVAILABILITY,ESPN_PUBLIC,60-Day-IL INJURY_STATUS_60DAYIL Elbow,high
ESPN-CTX-3b6349e7bbe7a535ce2ece26,2026-09-24T17:42:45.920993-07:00,MLB,MLB,,Clarke Schmidt,,,,IR/IL,SP,,,,INJURY_AVAILABILITY,ESPN_PUBLIC,15-Day-IL INJURY_STATUS_15DAYIL Biceps,high
ESPN-CTX-6bd914aa43b9396fd9318468,2026-09-24T17:42:45.920993-07:00,MLB,MLB,,Trent Grisham,,,,IR/IL,CF,,,,INJURY_AVAILABILITY,ESPN_PUBLIC,10-Day-IL INJURY_STATUS_10DAYIL Hamstring,high
ESPN-CTX-e20947cd1bebe1ee0faf2738,2026-09-24T17:42:45.920993-07:00,MLB,MLB,,Aaron Judge,,,,IR/IL,RF,,,,INJURY_AVAILABILITY,ESPN_PUBLIC,10-Day-IL INJURY_STATUS_10DAYIL Calf,high
ESPN-CTX-53e228d96eddcb14c3aa7fb9,2026-09-24T17:42:45.920993-07:00,MLB,MLB,,Giancarlo Stanton,,,,IR/IL,DH,,,,INJURY_AVAILABILITY,ESPN_PUBLIC,60-Day-IL INJURY_STATUS_60DAYIL Calf,high
ESPN-CTX-615debcaef6c1679c4bfcf3b,2026-09-24T17:42:45.920993-07:00,MLB,MLB,,Fernando Cruz,,,,IR/IL,RP,,,,INJURY_AVAILABILITY,ESPN_PUBLIC,15-Day-IL INJURY_STATUS_15DAYIL Elbow,high
ESPN-CTX-99df0467cdd1540741da0b7c,2026-09-24T17:42:45.920993-07:00,MLB,MLB,,Ryan Weathers,,,,IR/IL,SP,,,,INJURY_AVAILABILITY,ESPN_PUBLIC,15-Day-IL INJURY_STATUS_15DAYIL Forearm,high
ESPN-CTX-f9477405bf0e19ec2a0f4d10,2026-09-24T17:42:45.920993-07:00,MLB,MLB,,Kervin Castro,,,,IR/IL,RP,,,,INJURY_AVAILABILITY,ESPN_PUBLIC,60-Day-IL INJURY_STATUS_60DAYIL Elbow,high
ESPN-CTX-53f83b932e4ef868c389e824,2026-09-24T17:42:45.920993-07:00,MLB,MLB,,Luis Arraez,,,,DAY-TO-DAY INJURY_STATUS_DAYTODAY ANKLE,2B,,,,INJURY_AVAILABILITY,ESPN_PUBLIC,Day-To-Day INJURY_STATUS_DAYTODAY Ankle,high
ESPN-CTX-97f2f59d839f97ee5d757297,2026-09-24T17:42:45.920993-07:00,MLB,MLB,,Jesus Luzardo,,,,IR/IL,SP,,,,INJURY_AVAILABILITY,ESPN_PUBLIC,15-Day-IL INJURY_STATUS_15DAYIL Shoulder,high
ESPN-CTX-c3746014279addfe56e6714b,2026-09-24T17:42:45.920993-07:00,MLB,MLB,,Jonathan Bowlan,,,,DAY-TO-DAY INJURY_STATUS_DAYTODAY GROIN,RP,,,,INJURY_AVAILABILITY,ESPN_PUBLIC,Day-To-Day INJURY_STATUS_DAYTODAY Groin,high
ESPN-CTX-00524672f7cf07ecc08782d7,2026-09-24T17:42:45.920993-07:00,MLB,MLB,,Caleb Kilian,,,,IR/IL,RP,,,,INJURY_AVAILABILITY,ESPN_PUBLIC,60-Day-IL INJURY_STATUS_60DAYIL Oblique,high
ESPN-CTX-5adcec869399f1294a08cc25,2026-09-24T17:42:45.920993-07:00,MLB,MLB,,Felix Reyes,,,,IR/IL,LF,,,,INJURY_AVAILABILITY,ESPN_PUBLIC,60-Day-IL INJURY_STATUS_60DAYIL Wrist,high
ESPN-CTX-49be34484a547c1fd0b1efbc,2026-09-24T17:42:45.920993-07:00,MLB,MLB,,Brad Keller,,,,IR/IL,RP,,,,INJURY_AVAILABILITY,ESPN_PUBLIC,60-Day-IL INJURY_STATUS_60DAYIL Elbow,high
ESPN-CTX-0231ada256ffbe6b72c1920d,2026-09-24T17:42:45.920993-07:00,MLB,MLB,,Johan Rojas,,,,IR/IL,CF,,,,INJURY_AVAILABILITY,ESPN_PUBLIC,60-Day-IL INJURY_STATUS_60DAYIL Elbow,high
ESPN-CTX-5c4f802892b7470b4e92feda,2026-09-24T17:42:45.920993-07:00,MLB,MLB,,Adolis Garcia,,,,IR/IL,RF,,,,INJURY_AVAILABILITY,ESPN_PUBLIC,60-Day-IL INJURY_STATUS_60DAYIL Lat,high
ESPN-CTX-639a719d9fb57d2b566227af,2026-09-24T17:42:45.920993-07:00,MLB,MLB,,Mitch Keller,,,,IR/IL,SP,,,,INJURY_AVAILABILITY,ESPN_PUBLIC,60-Day-IL INJURY_STATUS_60DAYIL Shoulder,high
ESPN-CTX-c8a6fcb1b093e2b4b42203ec,2026-09-24T17:42:45.920993-07:00,MLB,MLB,,Braxton Ashcraft,,,,IR/IL,SP,,,,INJURY_AVAILABILITY,ESPN_PUBLIC,15-Day-IL INJURY_STATUS_15DAYIL Arm,high
ESPN-CTX-fb8994d9d604e358dfe9dd14,2026-09-24T17:42:45.920993-07:00,MLB,MLB,,Esmerlyn Valdez,,,,IR/IL,RF,,,,INJURY_AVAILABILITY,ESPN_PUBLIC,10-Day-IL INJURY_STATUS_10DAYIL Hamstring,high
ESPN-CTX-eb797721581be4f663cf9156,2026-09-24T17:42:45.920993-07:00,MLB,MLB,,Isaac Mattson,,,,IR/IL,RP,,,,INJURY_AVAILABILITY,ESPN_PUBLIC,15-Day-IL INJURY_STATUS_15DAYIL Hip,high
ESPN-CTX-efe5ddb6cf185e0dea5f1aa9,2026-09-24T17:42:45.920993-07:00,MLB,MLB,,Endy Rodriguez,,,,IR/IL,C,,,,INJURY_AVAILABILITY,ESPN_PUBLIC,60-Day-IL INJURY_STATUS_60DAYIL Hip,high
ESPN-CTX-19f10fbe39da96431c304bfc,2026-09-24T17:42:45.920993-07:00,MLB,MLB,,Joe Musgrove,,,,IR/IL,SP,,,,INJURY_AVAILABILITY,ESPN_PUBLIC,60-Day-IL INJURY_STATUS_60DAYIL Elbow,high
ESPN-CTX-1c22b3f1ab5b50a350e2e524,2026-09-24T17:42:45.920993-07:00,MLB,MLB,,Miguel Andujar,,,,IR/IL,DH,,,,INJURY_AVAILABILITY,ESPN_PUBLIC,10-Day-IL INJURY_STATUS_10DAYIL Wrist,high
ESPN-CTX-31afeaa5bf677bbad9a6da05,2026-09-24T17:42:45.920993-07:00,MLB,MLB,,Gavin Sheets,,,,IR/IL,1B,,,,INJURY_AVAILABILITY,ESPN_PUBLIC,10-Day-IL INJURY_STATUS_10DAYIL Foot,high
ESPN-CTX-74dfc43f526fb41d8ea836e6,2026-09-24T17:42:45.920993-07:00,MLB,MLB,,Jeremiah Estrada,,,,IR/IL,RP,,,,INJURY_AVAILABILITY,ESPN_PUBLIC,15-Day-IL INJURY_STATUS_15DAYIL Shoulder,high
ESPN-CTX-70c20a526ec89fd7a06c7c14,2026-09-24T17:42:45.920993-07:00,MLB,MLB,,Ramon Laureano,,,,IR/IL,LF,,,,INJURY_AVAILABILITY,ESPN_PUBLIC,60-Day-IL INJURY_STATUS_60DAYIL Hip,high
ESPN-CTX-a039c296a1676f8a21664b43,2026-09-24T17:42:45.920993-07:00,MLB,MLB,,Luis Rengifo,,,,IR/IL,LF,,,,INJURY_AVAILABILITY,ESPN_PUBLIC,60-Day-IL INJURY_STATUS_60DAYIL Knee,high
ESPN-CTX-99f8ed00d459a14e1aa76eea,2026-09-24T17:42:45.920993-07:00,MLB,MLB,,Lucas Giolito,,,,IR/IL,SP,,,,INJURY_AVAILABILITY,ESPN_PUBLIC,60-Day-IL INJURY_STATUS_60DAYIL Elbow,high
ESPN-CTX-99fde23c28cf6f67c3c5da64,2026-09-24T17:42:45.920993-07:00,MLB,MLB,,Bryan Hoeing,,,,IR/IL,RP,,,,INJURY_AVAILABILITY,ESPN_PUBLIC,60-Day-IL INJURY_STATUS_60DAYIL Elbow,high
ESPN-CTX-d546e2fe37ea07d6a08e29a3,2026-09-24T17:42:45.920993-07:00,MLB,MLB,,Blade Tidwell,,,,IR/IL,RP,,,,INJURY_AVAILABILITY,ESPN_PUBLIC,60-Day-IL INJURY_STATUS_60DAYIL Elbow,high
ESPN-CTX-fc9e84968bbed957b3a7cce5,2026-09-24T17:42:45.920993-07:00,MLB,MLB,,Bo Davidson,,,,DAY-TO-DAY INJURY_STATUS_DAYTODAY FOOT,LF,,,,INJURY_AVAILABILITY,ESPN_PUBLIC,Day-To-Day INJURY_STATUS_DAYTODAY Foot,high
ESPN-CTX-8a71c90eea3f16444c32e5a2,2026-09-24T17:42:45.920993-07:00,MLB,MLB,,Osleivis Basabe,,,,DAY-TO-DAY INJURY_STATUS_DAYTODAY HAMSTRING,2B,,,,INJURY_AVAILABILITY,ESPN_PUBLIC,Day-To-Day INJURY_STATUS_DAYTODAY Hamstring,high
ESPN-CTX-85236227dd3d26458617c0e7,2026-09-24T17:42:45.920993-07:00,MLB,MLB,,Landen Roupp,,,,OUT,SP,,,,INJURY_AVAILABILITY,ESPN_PUBLIC,Out INJURY_STATUS_OUT Rest,high
ESPN-CTX-de941545b533686f6223ece1,2026-09-24T17:42:45.920993-07:00,MLB,MLB,,Willy Adames,,,,IR/IL,SS,,,,INJURY_AVAILABILITY,ESPN_PUBLIC,10-Day-IL INJURY_STATUS_10DAYIL Elbow,high
ESPN-CTX-be3fc81930c85ed9b05a5b68,2026-09-24T17:42:45.920993-07:00,MLB,MLB,,Bryce Eldridge,,,,7-DAY IL INJURY_STATUS_7DAYIL CONCUSSION,DH,,,,INJURY_AVAILABILITY,ESPN_PUBLIC,7-Day IL INJURY_STATUS_7DAYIL Concussion,high
ESPN-CTX-982e8b06110cecb454a528aa,2026-09-24T17:42:45.920993-07:00,MLB,MLB,,Jung Hoo Lee,,,,IR/IL,RF,,,,INJURY_AVAILABILITY,ESPN_PUBLIC,10-Day-IL INJURY_STATUS_10DAYIL Groin,high
ESPN-CTX-224f6a716e3f773357534728,2026-09-24T17:42:45.920993-07:00,MLB,MLB,,Reiver Sanmartin,,,,IR/IL,RP,,,,INJURY_AVAILABILITY,ESPN_PUBLIC,15-Day-IL INJURY_STATUS_15DAYIL Oblique,high
ESPN-CTX-0c322daeced3c2cd4e86cb7c,2026-09-24T17:42:45.920993-07:00,MLB,MLB,,Nate Furman,,,,IR/IL,2B,,,,INJURY_AVAILABILITY,ESPN_PUBLIC,10-Day-IL INJURY_STATUS_10DAYIL Oblique,high
ESPN-CTX-7d9b79282e00ea7fb1cb356a,2026-09-24T17:42:45.920993-07:00,MLB,MLB,,Logan Webb,,,,IR/IL,SP,,,,INJURY_AVAILABILITY,ESPN_PUBLIC,15-Day-IL INJURY_STATUS_15DAYIL Finger,high
ESPN-CTX-4e72349873ab9c51d173c183,2026-09-24T17:42:45.920993-07:00,MLB,MLB,,Randy Rodriguez,,,,IR/IL,RP,,,,INJURY_AVAILABILITY,ESPN_PUBLIC,60-Day-IL INJURY_STATUS_60DAYIL Elbow,high
ESPN-CTX-1e9ac8b5bcecabada309e92a,2026-09-24T17:42:45.920993-07:00,MLB,MLB,,Rafael Devers,,,,IR/IL,1B,,,,INJURY_AVAILABILITY,ESPN_PUBLIC,60-Day-IL INJURY_STATUS_60DAYIL Abdomen,high
ESPN-CTX-c8ab1d2c1564cba7ba990a3b,2026-09-24T17:42:45.920993-07:00,MLB,MLB,,Carson Whisenhunt,,,,IR/IL,SP,,,,INJURY_AVAILABILITY,ESPN_PUBLIC,60-Day-IL INJURY_STATUS_60DAYIL Elbow,high
ESPN-CTX-2bb5e05238aaed6db22a6d72,2026-09-24T17:42:45.920993-07:00,MLB,MLB,,JT Brubaker,,,,IR/IL,RP,,,,INJURY_AVAILABILITY,ESPN_PUBLIC,15-Day-IL INJURY_STATUS_15DAYIL Ribs,high
ESPN-CTX-8a01891efc855095db304292,2026-09-24T17:42:45.920993-07:00,MLB,MLB,,Jesus Rodriguez,,,,IR/IL,C,,,,INJURY_AVAILABILITY,ESPN_PUBLIC,60-Day-IL INJURY_STATUS_60DAYIL Elbow,high
ESPN-CTX-8e35aa3189c73ea87f797f3f,2026-09-24T17:42:45.920993-07:00,MLB,MLB,,Keaton Winn,,,,IR/IL,RP,,,,INJURY_AVAILABILITY,ESPN_PUBLIC,60-Day-IL INJURY_STATUS_60DAYIL Elbow,high
ESPN-CTX-8d6a1cf36e451f20472d0e99,2026-09-24T17:42:45.920993-07:00,MLB,MLB,,Adrian Houser,,,,IR/IL,SP,,,,INJURY_AVAILABILITY,ESPN_PUBLIC,60-Day-IL INJURY_STATUS_60DAYIL Forearm,high
ESPN-CTX-fefa9046ec57eca5f2eec137,2026-09-24T17:42:45.920993-07:00,MLB,MLB,,Matt Gage,,,,IR/IL,RP,,,,INJURY_AVAILABILITY,ESPN_PUBLIC,60-Day-IL INJURY_STATUS_60DAYIL Elbow,high
ESPN-CTX-a52dca489225cdd9ffed11f1,2026-09-24T17:42:45.920993-07:00,MLB,MLB,,Casey Schmitt,,,,IR/IL,LF,,,,INJURY_AVAILABILITY,ESPN_PUBLIC,60-Day-IL INJURY_STATUS_60DAYIL Knee,high
ESPN-CTX-9ae383734a884a386f188006,2026-09-24T17:42:45.920993-07:00,MLB,MLB,,Joel Peguero,,,,IR/IL,RP,,,,INJURY_AVAILABILITY,ESPN_PUBLIC,60-Day-IL INJURY_STATUS_60DAYIL Hamstring,high
ESPN-CTX-6c5c6aad5c544220d3a6904e,2026-09-24T17:42:45.920993-07:00,MLB,MLB,,Daniel Susac,,,,IR/IL,C,,,,INJURY_AVAILABILITY,ESPN_PUBLIC,60-Day-IL INJURY_STATUS_60DAYIL Knee,high
ESPN-CTX-0bab14817acc461ac37fcd6a,2026-09-24T17:42:45.920993-07:00,MLB,MLB,,Harrison Bader,,,,IR/IL,CF,,,,INJURY_AVAILABILITY,ESPN_PUBLIC,60-Day-IL INJURY_STATUS_60DAYIL Foot,high
ESPN-CTX-b44b8bcb620ef2b8a39f0fe4,2026-09-24T17:42:45.920993-07:00,MLB,MLB,,Matt Chapman,,,,IR/IL,3B,,,,INJURY_AVAILABILITY,ESPN_PUBLIC,60-Day-IL INJURY_STATUS_60DAYIL Abdomen,high
ESPN-CTX-d5c848fb10c299c33d7d9456,2026-09-24T17:42:45.920993-07:00,MLB,MLB,,Trevor McDonald,,,,IR/IL,SP,,,,INJURY_AVAILABILITY,ESPN_PUBLIC,60-Day-IL INJURY_STATUS_60DAYIL Elbow,high
ESPN-CTX-bc7230ccac53754ca00e1bd4,2026-09-24T17:42:45.920993-07:00,MLB,MLB,,Brock Rodden,,,,IR/IL,SS,,,,INJURY_AVAILABILITY,ESPN_PUBLIC,10-Day-IL INJURY_STATUS_10DAYIL Knee,high
ESPN-CTX-09c4ea3fefdfc6a60bca3c35,2026-09-24T17:42:45.920993-07:00,MLB,MLB,,Andres Munoz,,,,DAY-TO-DAY INJURY_STATUS_DAYTODAY KNEE,RP,,,,INJURY_AVAILABILITY,ESPN_PUBLIC,Day-To-Day INJURY_STATUS_DAYTODAY Knee,high
ESPN-CTX-c79f9ec6cef92b9bacd028c4,2026-09-24T17:42:45.920993-07:00,MLB,MLB,,Nick Davila,,,,IR/IL,RP,,,,INJURY_AVAILABILITY,ESPN_PUBLIC,60-Day-IL INJURY_STATUS_60DAYIL Shoulder,high
ESPN-CTX-d53baa5f13829d9185f59e66,2026-09-24T17:42:45.920993-07:00,MLB,MLB,,Matt Brash,,,,IR/IL,RP,,,,INJURY_AVAILABILITY,ESPN_PUBLIC,60-Day-IL INJURY_STATUS_60DAYIL Lat,high
ESPN-CTX-4eda18e9719686ddf96c6e04,2026-09-24T17:42:45.920993-07:00,MLB,MLB,,Brendan Donovan,,,,7-DAY IL INJURY_STATUS_7DAYIL CONCUSSION,3B,,,,INJURY_AVAILABILITY,ESPN_PUBLIC,7-Day IL INJURY_STATUS_7DAYIL Concussion,high
ESPN-CTX-df76abee0b56b1bcf0578d17,2026-09-24T17:42:45.920993-07:00,MLB,MLB,,Brennen Davis,,,,IR/IL,CF,,,,INJURY_AVAILABILITY,ESPN_PUBLIC,60-Day-IL INJURY_STATUS_60DAYIL Hamstring,high
ESPN-CTX-e6c22ca3c2da0d5b4bd2e9f5,2026-09-24T17:42:45.920993-07:00,MLB,MLB,,Colt Emerson,,,,IR/IL,SS,,,,INJURY_AVAILABILITY,ESPN_PUBLIC,60-Day-IL INJURY_STATUS_60DAYIL Wrist,high
ESPN-CTX-1e896c5a30f112c67df0bdba,2026-09-24T17:42:45.920993-07:00,MLB,MLB,,Emerson Hancock,,,,IR/IL,SP,,,,INJURY_AVAILABILITY,ESPN_PUBLIC,15-Day-IL INJURY_STATUS_15DAYIL Groin,high
ESPN-CTX-328881fedd36feb18b88060d,2026-09-24T17:42:45.920993-07:00,MLB,MLB,,Luke Raley,,,,IR/IL,RF,,,,INJURY_AVAILABILITY,ESPN_PUBLIC,60-Day-IL INJURY_STATUS_60DAYIL Forearm,high
ESPN-CTX-ca2166e837c018666f5ac3b5,2026-09-24T17:42:45.920993-07:00,MLB,MLB,,Cole Wilcox,,,,IR/IL,RP,,,,INJURY_AVAILABILITY,ESPN_PUBLIC,15-Day-IL INJURY_STATUS_15DAYIL Oblique,high
ESPN-CTX-89357bbdd75c8c64613c796c,2026-09-24T17:42:45.920993-07:00,MLB,MLB,,Will Wilson,,,,IR/IL,3B,,,,INJURY_AVAILABILITY,ESPN_PUBLIC,60-Day-IL INJURY_STATUS_60DAYIL Thumb,high
ESPN-CTX-3c64d353461a66609d0b04e1,2026-09-24T17:42:45.920993-07:00,MLB,MLB,,Logan Evans,,,,IR/IL,SP,,,,INJURY_AVAILABILITY,ESPN_PUBLIC,60-Day-IL INJURY_STATUS_60DAYIL Elbow,high
ESPN-CTX-63720e9c8e96465468ccd5e6,2026-09-24T17:42:45.920993-07:00,MLB,MLB,,Blaze Jordan,,,,IR/IL,3B,,,,INJURY_AVAILABILITY,ESPN_PUBLIC,10-Day-IL INJURY_STATUS_10DAYIL Ankle,high
ESPN-CTX-185788f9516fdc09994bc76b,2026-09-24T17:42:45.920993-07:00,MLB,MLB,,Joshua Baez,,,,IR/IL,LF,,,,INJURY_AVAILABILITY,ESPN_PUBLIC,10-Day-IL INJURY_STATUS_10DAYIL Oblique,high
ESPN-CTX-30b861776bc6907e06674d20,2026-09-24T17:42:45.920993-07:00,MLB,MLB,,Everson Pereira,,,,IR/IL,RF,,,,INJURY_AVAILABILITY,ESPN_PUBLIC,10-Day-IL INJURY_STATUS_10DAYIL Hand,high
ESPN-CTX-fb10c684f1a3aa0f76ecaf60,2026-09-24T17:42:45.920993-07:00,MLB,MLB,,Hunter Dobbins,,,,IR/IL,SP,,,,INJURY_AVAILABILITY,ESPN_PUBLIC,15-Day-IL INJURY_STATUS_15DAYIL Elbow,high
ESPN-CTX-c6f39bb9f797a1075d37f215,2026-09-24T17:42:45.920993-07:00,MLB,MLB,,Max Rajcic,,,,IR/IL,RP,,,,INJURY_AVAILABILITY,ESPN_PUBLIC,60-Day-IL INJURY_STATUS_60DAYIL Elbow,high
ESPN-CTX-3f3ab854eb1d66b17dd8079a,2026-09-24T17:42:45.920993-07:00,MLB,MLB,,Shane McClanahan,,,,IR/IL,SP,,,,INJURY_AVAILABILITY,ESPN_PUBLIC,15-Day-IL INJURY_STATUS_15DAYIL Forearm,high
ESPN-CTX-03b9eaa11a4dfc14e26f5900,2026-09-24T17:42:45.920993-07:00,MLB,MLB,,Manuel Rodriguez,,,,IR/IL,RP,,,,INJURY_AVAILABILITY,ESPN_PUBLIC,15-Day-IL INJURY_STATUS_15DAYIL Back,high
ESPN-CTX-329272b23fb5bd0f91f1c50a,2026-09-24T17:42:45.920993-07:00,MLB,MLB,,Garrett Cleavinger,,,,IR/IL,RP,,,,INJURY_AVAILABILITY,ESPN_PUBLIC,15-Day-IL INJURY_STATUS_15DAYIL Forearm,high
ESPN-CTX-dd686be987f6dacb2b6d60d5,2026-09-24T17:42:45.920993-07:00,MLB,MLB,,Tyler Wells,,,,IR/IL,RP,,,,INJURY_AVAILABILITY,ESPN_PUBLIC,15-Day-IL INJURY_STATUS_15DAYIL Forearm,high
ESPN-CTX-1bc789b49105b26ce2b5a293,2026-09-24T17:42:45.920993-07:00,MLB,MLB,,Gavin Lux,,,,IR/IL,LF,,,,INJURY_AVAILABILITY,ESPN_PUBLIC,60-Day-IL INJURY_STATUS_60DAYIL Shoulder,high
ESPN-CTX-1ff326a869c45edb536d0691,2026-09-24T17:42:45.920993-07:00,MLB,MLB,,Edwin Uceta,,,,IR/IL,RP,,,,INJURY_AVAILABILITY,ESPN_PUBLIC,60-Day-IL INJURY_STATUS_60DAYIL Shoulder,high
ESPN-CTX-c7c25f926bb9d2803731bb60,2026-09-24T17:42:45.920993-07:00,MLB,MLB,,Jonathan Heasley,,,,IR/IL,RP,,,,INJURY_AVAILABILITY,ESPN_PUBLIC,60-Day-IL INJURY_STATUS_60DAYIL Elbow,high
ESPN-CTX-18ccfc2d07ed55472e384471,2026-09-24T17:42:45.920993-07:00,MLB,MLB,,Ryan Pepiot,,,,IR/IL,SP,,,,INJURY_AVAILABILITY,ESPN_PUBLIC,60-Day-IL INJURY_STATUS_60DAYIL Hip,high
ESPN-CTX-229ad59832a720c2b4b4a66e,2026-09-24T17:42:45.920993-07:00,MLB,MLB,,Cal Quantrill,,,,IR/IL,RP,,,,INJURY_AVAILABILITY,ESPN_PUBLIC,60-Day-IL INJURY_STATUS_60DAYIL Lat,high
ESPN-CTX-b95919d811545fdab26caa43,2026-09-24T17:42:45.920993-07:00,MLB,MLB,,Joc Pederson,,,,IR/IL,DH,,,,INJURY_AVAILABILITY,ESPN_PUBLIC,10-Day-IL INJURY_STATUS_10DAYIL Hand,high
ESPN-CTX-1f7e52b6cd8a0e37c44e728c,2026-09-24T17:42:45.920993-07:00,MLB,MLB,,Jack Leiter,,,,IR/IL,SP,,,,INJURY_AVAILABILITY,ESPN_PUBLIC,60-Day-IL INJURY_STATUS_60DAYIL Ankle,high
ESPN-CTX-c17118ce281f6fce0775cc78,2026-09-24T17:42:45.920993-07:00,MLB,MLB,,Michel Otanez,,,,IR/IL,RP,,,,INJURY_AVAILABILITY,ESPN_PUBLIC,15-Day-IL INJURY_STATUS_15DAYIL Illness,high
ESPN-CTX-ba840fa5a880ce508e2b9076,2026-09-24T17:42:45.920993-07:00,MLB,MLB,,Cole Winn,,,,IR/IL,RP,,,,INJURY_AVAILABILITY,ESPN_PUBLIC,60-Day-IL INJURY_STATUS_60DAYIL Shoulder,high
ESPN-CTX-70aae1c2effab0856fa72eb9,2026-09-24T17:42:45.920993-07:00,MLB,MLB,,Kyle Higashioka,,,,IR/IL,C,,,,INJURY_AVAILABILITY,ESPN_PUBLIC,10-Day-IL INJURY_STATUS_10DAYIL Forearm,high
ESPN-CTX-8025390fa1a6cf15bde45c8e,2026-09-24T17:42:45.920993-07:00,MLB,MLB,,Carter Baumler,,,,IR/IL,RP,,,,INJURY_AVAILABILITY,ESPN_PUBLIC,60-Day-IL INJURY_STATUS_60DAYIL Ribs,high
ESPN-CTX-55056b4bddf36333759e0dbf,2026-09-24T17:42:45.920993-07:00,MLB,MLB,,Jose Corniell,,,,IR/IL,RP,,,,INJURY_AVAILABILITY,ESPN_PUBLIC,60-Day-IL INJURY_STATUS_60DAYIL Elbow,high
ESPN-CTX-6d5527e72ac740845e02f609,2026-09-24T17:42:45.920993-07:00,MLB,MLB,,Jalen Beeks,,,,IR/IL,RP,,,,INJURY_AVAILABILITY,ESPN_PUBLIC,60-Day-IL INJURY_STATUS_60DAYIL Forearm,high
ESPN-CTX-ff4890cbcb003e91017b372e,2026-09-24T17:42:45.920993-07:00,MLB,MLB,,Dylan Cease,,,,IR/IL,SP,,,,INJURY_AVAILABILITY,ESPN_PUBLIC,15-Day-IL INJURY_STATUS_15DAYIL Shoulder,high
ESPN-CTX-c765aceed0800df99f69fadd,2026-09-24T17:42:45.920993-07:00,MLB,MLB,,Brett Bateman,,,,DAY-TO-DAY INJURY_STATUS_DAYTODAY HIP,CF,,,,INJURY_AVAILABILITY,ESPN_PUBLIC,Day-To-Day INJURY_STATUS_DAYTODAY Hip,high
ESPN-CTX-d5c8364e2589dde32533ae5d,2026-09-24T17:42:45.920993-07:00,MLB,MLB,,Anthony Santander,,,,IR/IL,RF,,,,INJURY_AVAILABILITY,ESPN_PUBLIC,60-Day-IL INJURY_STATUS_60DAYIL Shoulder,high
ESPN-CTX-22a708fa61586942c5e9688d,2026-09-24T17:42:45.920993-07:00,MLB,MLB,,Shane Bieber,,,,IR/IL,SP,,,,INJURY_AVAILABILITY,ESPN_PUBLIC,15-Day-IL INJURY_STATUS_15DAYIL Shoulder,high
ESPN-CTX-1b4ac7f7f1de586eb17a2a70,2026-09-24T17:42:45.920993-07:00,MLB,MLB,,Jameson Taillon,,,,IR/IL,SP,,,,INJURY_AVAILABILITY,ESPN_PUBLIC,15-Day-IL INJURY_STATUS_15DAYIL Elbow,high
ESPN-CTX-b62d855bd4ab32bf48016eb9,2026-09-24T17:42:45.920993-07:00,MLB,MLB,,Rudy Martin Jr.,,,,IR/IL,RF,,,,INJURY_AVAILABILITY,ESPN_PUBLIC,10-Day-IL INJURY_STATUS_10DAYIL Hamstring,high
ESPN-CTX-db54a33b840e148b67a0e44e,2026-09-24T17:42:45.920993-07:00,MLB,MLB,,Cody Ponce,,,,IR/IL,SP,,,,INJURY_AVAILABILITY,ESPN_PUBLIC,60-Day-IL INJURY_STATUS_60DAYIL Knee,high
ESPN-CTX-a6b8c3476f170bb9a7d654d4,2026-09-24T17:42:45.920993-07:00,MLB,MLB,,Patrick Corbin,,,,IR/IL,SP,,,,INJURY_AVAILABILITY,ESPN_PUBLIC,60-Day-IL INJURY_STATUS_60DAYIL Shoulder,high
ESPN-CTX-dd2b7f480f4dd331a4923ec0,2026-09-24T17:42:45.920993-07:00,MLB,MLB,,Jonatan Clase,,,,IR/IL,LF,,,,INJURY_AVAILABILITY,ESPN_PUBLIC,60-Day-IL INJURY_STATUS_60DAYIL Foot,high
ESPN-CTX-6d468eee137db278204c76d3,2026-09-24T17:42:45.920993-07:00,MLB,MLB,,Yimi Garcia,,,,IR/IL,RP,,,,INJURY_AVAILABILITY,ESPN_PUBLIC,60-Day-IL INJURY_STATUS_60DAYIL Elbow,high
ESPN-CTX-88c9731981ee7efbd3d5436e,2026-09-24T17:42:45.920993-07:00,MLB,MLB,,Jake Bloss,,,,IR/IL,SP,,,,INJURY_AVAILABILITY,ESPN_PUBLIC,60-Day-IL INJURY_STATUS_60DAYIL Shoulder,high
ESPN-CTX-27dddf191d22490efcf4ecd8,2026-09-24T17:42:45.920993-07:00,MLB,MLB,,Luis Urias,,,,IR/IL,2B,,,,INJURY_AVAILABILITY,ESPN_PUBLIC,10-Day-IL INJURY_STATUS_10DAYIL Quadriceps,high
ESPN-CTX-5c4237c9f635206af5b2b481,2026-09-24T17:42:45.920993-07:00,MLB,MLB,,Addison Barger,,,,IR/IL,RF,,,,INJURY_AVAILABILITY,ESPN_PUBLIC,60-Day-IL INJURY_STATUS_60DAYIL Elbow,high
ESPN-CTX-56e1ba9dbfd1cdfe3e539ba9,2026-09-24T17:42:45.920993-07:00,MLB,MLB,,Jose Berrios,,,,IR/IL,SP,,,,INJURY_AVAILABILITY,ESPN_PUBLIC,60-Day-IL INJURY_STATUS_60DAYIL Elbow,high
ESPN-CTX-bef0d56c4f7523cf1300f73c,2026-09-24T17:42:45.920993-07:00,MLB,MLB,,Bowden Francis,,,,IR/IL,SP,,,,INJURY_AVAILABILITY,ESPN_PUBLIC,60-Day-IL INJURY_STATUS_60DAYIL Elbow,high
ESPN-CTX-c7a20da6a5954e352c7c868f,2026-09-24T17:42:45.920993-07:00,MLB,MLB,,Connelly Early,,,,IR/IL,SP,,,,INJURY_AVAILABILITY,ESPN_PUBLIC,60-Day-IL INJURY_STATUS_60DAYIL Elbow,high
ESPN-CTX-fb0505abd3667bc4277fb72a,2026-09-24T17:42:45.920993-07:00,MLB,MLB,,Matt Waldron,,,,IR/IL,RP,,,,INJURY_AVAILABILITY,ESPN_PUBLIC,60-Day-IL INJURY_STATUS_60DAYIL Chest,high
ESPN-CTX-d84fa985fe781ad17afc4365,2026-09-24T17:42:45.920993-07:00,MLB,MLB,,Drew Millas,,,,IR/IL,C,,,,INJURY_AVAILABILITY,ESPN_PUBLIC,60-Day-IL INJURY_STATUS_60DAYIL Finger,high
ESPN-CTX-8d15990b10a36370e2498946,2026-09-24T17:42:45.920993-07:00,MLB,MLB,,Orlando Ribalta,,,,IR/IL,RP,,,,INJURY_AVAILABILITY,ESPN_PUBLIC,15-Day-IL INJURY_STATUS_15DAYIL Forearm,high
ESPN-CTX-44af58e052107212206521cc,2026-09-24T17:42:45.920993-07:00,MLB,MLB,,PJ Poulin,,,,IR/IL,RP,,,,INJURY_AVAILABILITY,ESPN_PUBLIC,60-Day-IL INJURY_STATUS_60DAYIL Forearm,high
ESPN-CTX-52c86ac2753d5a398b4773ca,2026-09-24T17:42:45.920993-07:00,MLB,MLB,,Mitchell Parker,,,,IR/IL,RP,,,,INJURY_AVAILABILITY,ESPN_PUBLIC,60-Day-IL INJURY_STATUS_60DAYIL Elbow,high
ESPN-CTX-4d606aa45d110e0f78a0ae77,2026-09-24T17:42:45.920993-07:00,MLB,MLB,,Ken Waldichuk,,,,IR/IL,RP,,,,INJURY_AVAILABILITY,ESPN_PUBLIC,60-Day-IL INJURY_STATUS_60DAYIL Elbow,high
ESPN-CTX-8e7484e7248a49b6bfa9e2aa,2026-09-24T17:42:45.920993-07:00,NCAA_Football,NCAA_Football,,Kahleil Jackson,,,,OUT,WR,,,,INJURY_AVAILABILITY,ESPN_PUBLIC,Out INJURY_STATUS_OUT,high
ESPN-CTX-f5ae385d23a6e1c93da2d20c,2026-09-24T17:42:45.920993-07:00,NCAA_Football,NCAA_Football,,Braylen Walker,,,,ACTIVE,WR,,,,INJURY_AVAILABILITY,ESPN_PUBLIC,Active INJURY_STATUS_ACTIVE,high
ESPN-CTX-90291cc92a0c6e6eea21a182,2026-09-24T17:42:45.920993-07:00,NCAA_Football,NCAA_Football,,Will Bettridge,,,,ACTIVE,PK,,,,INJURY_AVAILABILITY,ESPN_PUBLIC,Active INJURY_STATUS_ACTIVE,high
ESPN-CTX-c120ba516904b948fd2a9190,2026-09-24T17:42:45.920993-07:00,NFL,NFL,,Max Melton,,,,QUESTIONABLE,CB,,,,INJURY_AVAILABILITY,ESPN_PUBLIC,Questionable INJURY_STATUS_QUESTIONABLE Toe,high
ESPN-CTX-ec7a7e82c8665c7552645134,2026-09-24T17:42:45.920993-07:00,NFL,NFL,,Garrett Williams,,,,QUESTIONABLE,CB,,,,INJURY_AVAILABILITY,ESPN_PUBLIC,Questionable INJURY_STATUS_QUESTIONABLE Achilles,high
ESPN-CTX-c5fa0fa913e181cb972e823a,2026-09-24T17:42:45.920993-07:00,NFL,NFL,,Dadrion Taylor-Demerson,,,,QUESTIONABLE,S,,,,INJURY_AVAILABILITY,ESPN_PUBLIC,Questionable INJURY_STATUS_QUESTIONABLE Back,high
ESPN-CTX-21f895f03af8238413a9500b,2026-09-24T17:42:45.920993-07:00,NFL,NFL,,Andrew Billings,,,,ACTIVE,DT,,,,INJURY_AVAILABILITY,ESPN_PUBLIC,Active INJURY_STATUS_ACTIVE,high
ESPN-CTX-1e22417fd920b487c451782c,2026-09-24T17:42:45.920993-07:00,NFL,NFL,,Starling Thomas V,,,,ACTIVE,CB,,,,INJURY_AVAILABILITY,ESPN_PUBLIC,Active INJURY_STATUS_ACTIVE,high
ESPN-CTX-e7ab58d0507a2b7971170975,2026-09-24T17:42:45.920993-07:00,NFL,NFL,,Hjalte Froholdt,,,,QUESTIONABLE,C,,,,INJURY_AVAILABILITY,ESPN_PUBLIC,Questionable INJURY_STATUS_QUESTIONABLE Knee,high
ESPN-CTX-525434dbdf65c4a1b5f48b4a,2026-09-24T17:42:45.920993-07:00,NFL,NFL,,Roy Lopez,,,,QUESTIONABLE,DT,,,,INJURY_AVAILABILITY,ESPN_PUBLIC,Questionable INJURY_STATUS_QUESTIONABLE Groin,high
ESPN-CTX-615afbb0552522e21dc922cb,2026-09-24T17:42:45.920993-07:00,NFL,NFL,,Will Johnson,,,,IR/IL,CB,,,,INJURY_AVAILABILITY,ESPN_PUBLIC,Injured Reserve INJURY_STATUS_IR Neck,high
ESPN-CTX-9baae898df5701b6363891a1,2026-09-24T17:42:45.920993-07:00,NFL,NFL,,Mack Wilson Sr.,,,,ACTIVE,LB,,,,INJURY_AVAILABILITY,ESPN_PUBLIC,Active INJURY_STATUS_ACTIVE,high
ESPN-CTX-a057e18134b5e4c6c2de2dad,2026-09-24T17:42:45.920993-07:00,NFL,NFL,,Budda Baker,,,,ACTIVE,S,,,,INJURY_AVAILABILITY,ESPN_PUBLIC,Active INJURY_STATUS_ACTIVE,high
ESPN-CTX-786c7b696e51f6392ef5a198,2026-09-24T17:42:45.920993-07:00,NFL,NFL,,Kendrick Bourne,,,,ACTIVE,WR,,,,INJURY_AVAILABILITY,ESPN_PUBLIC,Active INJURY_STATUS_ACTIVE,high
ESPN-CTX-398183bd81518886865250c7,2026-09-24T17:42:45.920993-07:00,NFL,NFL,,Chad Ryland,,,,ACTIVE,PK,,,,INJURY_AVAILABILITY,ESPN_PUBLIC,Active INJURY_STATUS_ACTIVE,high
ESPN-CTX-cf5c45c8c72b146c5e0cfc91,2026-09-24T17:42:45.920993-07:00,NFL,NFL,,Josh Fryar,,,,ACTIVE,OT,,,,INJURY_AVAILABILITY,ESPN_PUBLIC,Active INJURY_STATUS_ACTIVE,high
ESPN-CTX-d91a3cc45c520529f95b0807,2026-09-24T17:42:45.920993-07:00,NFL,NFL,,Tyler Allgeier,,,,ACTIVE,RB,,,,INJURY_AVAILABILITY,ESPN_PUBLIC,Active INJURY_STATUS_ACTIVE,high
ESPN-CTX-3dd25c0fb431ed31042bc4b8,2026-09-24T17:42:45.920993-07:00,NFL,NFL,,Jacoby Brissett,,,,ACTIVE,QB,,,,INJURY_AVAILABILITY,ESPN_PUBLIC,Active INJURY_STATUS_ACTIVE,high
ESPN-CTX-11231b12b5102bf8af275791,2026-09-24T17:42:45.920993-07:00,NFL,NFL,,Marvin Harrison Jr.,,,,ACTIVE,WR,,,,INJURY_AVAILABILITY,ESPN_PUBLIC,Active INJURY_STATUS_ACTIVE,high
ESPN-CTX-7a2a73242aa64c1a1892af46,2026-09-24T17:42:45.920993-07:00,NFL,NFL,,Michael Wilson,,,,ACTIVE,WR,,,,INJURY_AVAILABILITY,ESPN_PUBLIC,Active INJURY_STATUS_ACTIVE,high
ESPN-CTX-8d97ec32ee61df7fcc3008f6,2026-09-24T17:42:45.920993-07:00,NFL,NFL,,Jeremiyah Love,,,,ACTIVE,RB,,,,INJURY_AVAILABILITY,ESPN_PUBLIC,Active INJURY_STATUS_ACTIVE,high
ESPN-CTX-885a85477ac3f830d6d34d69,2026-09-24T17:42:45.920993-07:00,NFL,NFL,,Trey McBride,,,,ACTIVE,TE,,,,INJURY_AVAILABILITY,ESPN_PUBLIC,Active INJURY_STATUS_ACTIVE,high
ESPN-CTX-81bc853f537fb7c946ca37e9,2026-09-24T17:42:45.920993-07:00,NFL,NFL,,Isaac Seumalo,,,,ACTIVE,G,,,,INJURY_AVAILABILITY,ESPN_PUBLIC,Active INJURY_STATUS_ACTIVE,high
ESPN-CTX-b85a1c032daf0604bc785d63,2026-09-24T17:42:45.920993-07:00,NFL,NFL,,Isaiah Adams,,,,ACTIVE,G,,,,INJURY_AVAILABILITY,ESPN_PUBLIC,Active INJURY_STATUS_ACTIVE,high
ESPN-CTX-dd3eab6fbfdd50be2bc16169,2026-09-24T17:42:45.920993-07:00,NFL,NFL,,Carson Beck,,,,ACTIVE,QB,,,,INJURY_AVAILABILITY,ESPN_PUBLIC,Active INJURY_STATUS_ACTIVE,high
ESPN-CTX-1d9dbf57c7600253fea58484,2026-09-24T17:42:45.920993-07:00,NFL,NFL,,Reggie Virgil,,,,ACTIVE,WR,,,,INJURY_AVAILABILITY,ESPN_PUBLIC,Active INJURY_STATUS_ACTIVE,high
ESPN-CTX-39e11f931246bed8c84d824a,2026-09-24T17:42:45.920993-07:00,NFL,NFL,,Jack Gibbens,,,,ACTIVE,LB,,,,INJURY_AVAILABILITY,ESPN_PUBLIC,Active INJURY_STATUS_ACTIVE,high
ESPN-CTX-ffe2793505a807f305e29e3b,2026-09-24T17:42:45.920993-07:00,NFL,NFL,,Cody Simon,,,,ACTIVE,LB,,,,INJURY_AVAILABILITY,ESPN_PUBLIC,Active INJURY_STATUS_ACTIVE,high
ESPN-CTX-b9fe4955b2484f57f79e2a63,2026-09-24T17:42:45.920993-07:00,NFL,NFL,,Jack Strand,,,,OUT,QB,,,,INJURY_AVAILABILITY,ESPN_PUBLIC,Out INJURY_STATUS_OUT Coach's Decision,high
ESPN-CTX-724aba9a7ca977bd724892de,2026-09-24T17:42:45.920993-07:00,NFL,NFL,,Billy Bowman Jr.,,,,ACTIVE,CB,,,,INJURY_AVAILABILITY,ESPN_PUBLIC,Active INJURY_STATUS_ACTIVE,high
ESPN-CTX-104bb02294b6b10cf020dbd7,2026-09-24T17:42:45.920993-07:00,NFL,NFL,,Cooper Rush,,,,OUT,QB,,,,INJURY_AVAILABILITY,ESPN_PUBLIC,Out INJURY_STATUS_OUT Coach's Decision,high
ESPN-CTX-9a2d45c77df30572f8e365e8,2026-09-24T17:42:45.920993-07:00,NFL,NFL,,Robert Longerbeam,,,,OUT,CB,,,,INJURY_AVAILABILITY,ESPN_PUBLIC,Out INJURY_STATUS_OUT Coach's Decision,high
ESPN-CTX-bade113304c70c2b63914c4a,2026-09-24T17:42:45.920993-07:00,NFL,NFL,,Ethan Onianwa,,,,OUT,OT,,,,INJURY_AVAILABILITY,ESPN_PUBLIC,Out INJURY_STATUS_OUT Coach's Decision,high
ESPN-CTX-a12e799825a71ed83735d786,2026-09-24T17:42:45.920993-07:00,NFL,NFL,,Malcolm DeWalt IV,,,,OUT,CB,,,,INJURY_AVAILABILITY,ESPN_PUBLIC,Out INJURY_STATUS_OUT Coach's Decision,high
ESPN-CTX-840d97ae1c0dde59d63a315a,2026-09-24T17:42:45.920993-07:00,NFL,NFL,,Samson Ebukam,,,,OUT,DE,,,,INJURY_AVAILABILITY,ESPN_PUBLIC,Out INJURY_STATUS_OUT Hamstring,high
ESPN-CTX-fcc6b56526d0bf8ffb3c47fd,2026-09-24T17:42:45.920993-07:00,NFL,NFL,,Jawaan Taylor,,,,ACTIVE,OT,,,,INJURY_AVAILABILITY,ESPN_PUBLIC,Active INJURY_STATUS_ACTIVE,high
ESPN-CTX-8d44464ba69518e9fb5b0b5e,2026-09-24T17:42:45.920993-07:00,NFL,NFL,,Zach Harrison,,,,ACTIVE,DE,,,,INJURY_AVAILABILITY,ESPN_PUBLIC,Active INJURY_STATUS_ACTIVE,high
ESPN-CTX-ed4dd15e760885a8d043eb83,2026-09-24T17:42:45.920993-07:00,NFL,NFL,,Nick Muse,,,,ACTIVE,TE,,,,INJURY_AVAILABILITY,ESPN_PUBLIC,Active INJURY_STATUS_ACTIVE,high
ESPN-CTX-6d4f054da3636bda6afdd411,2026-09-24T17:42:45.920993-07:00,NFL,NFL,,Brandon Dorlus,,,,ACTIVE,DT,,,,INJURY_AVAILABILITY,ESPN_PUBLIC,Active INJURY_STATUS_ACTIVE,high
ESPN-CTX-32e42bc47f4295bf6e68c484,2026-09-24T17:42:45.920993-07:00,NFL,NFL,,C.J. Henderson,,,,ACTIVE,CB,,,,INJURY_AVAILABILITY,ESPN_PUBLIC,Active INJURY_STATUS_ACTIVE,high
ESPN-CTX-84734753f6fded9a08a01373,2026-09-24T17:42:45.920993-07:00,NFL,NFL,,Brian Robinson Jr.,,,,ACTIVE,RB,,,,INJURY_AVAILABILITY,ESPN_PUBLIC,Active INJURY_STATUS_ACTIVE,high
ESPN-CTX-fda4509c3b8cc9da3505d029,2026-09-24T17:42:45.920993-07:00,NFL,NFL,,Tua Tagovailoa,,,,ACTIVE,QB,,,,INJURY_AVAILABILITY,ESPN_PUBLIC,Active INJURY_STATUS_ACTIVE,high
ESPN-CTX-810327ee1b1cdf09609057b3,2026-09-24T17:42:45.920993-07:00,NFL,NFL,,A.J. Terrell Jr.,,,,IR/IL,CB,,,,INJURY_AVAILABILITY,ESPN_PUBLIC,Injured Reserve INJURY_STATUS_IR Groin,high
ESPN-CTX-8cac34b32591f1397b563f4e,2026-09-24T17:42:45.920993-07:00,NFL,NFL,,Zachariah Branch,,,,ACTIVE,WR,,,,INJURY_AVAILABILITY,ESPN_PUBLIC,Active INJURY_STATUS_ACTIVE,high
ESPN-CTX-b9f5b2b94bcf35df76840179,2026-09-24T17:42:45.920993-07:00,NFL,NFL,,Austin Hooper,,,,ACTIVE,TE,,,,INJURY_AVAILABILITY,ESPN_PUBLIC,Active INJURY_STATUS_ACTIVE,high
ESPN-CTX-65e130d641e0aac78a5cd225,2026-09-24T17:42:45.920993-07:00,NFL,NFL,,Olamide Zaccheaus,,,,ACTIVE,WR,,,,INJURY_AVAILABILITY,ESPN_PUBLIC,Active INJURY_STATUS_ACTIVE,high
ESPN-CTX-6d3ddf56f5adb3ba08a6aa12,2026-09-24T17:42:45.920993-07:00,NFL,NFL,,Jahan Dotson,,,,ACTIVE,WR,,,,INJURY_AVAILABILITY,ESPN_PUBLIC,Active INJURY_STATUS_ACTIVE,high
ESPN-CTX-72afb43837821e2e7b577918,2026-09-24T17:42:45.920993-07:00,NFL,NFL,,Nick Folk,,,,ACTIVE,PK,,,,INJURY_AVAILABILITY,ESPN_PUBLIC,Active INJURY_STATUS_ACTIVE,high
ESPN-CTX-060df02cbdb730c8ae7bf96a,2026-09-24T17:42:45.920993-07:00,NFL,NFL,,Michael Penix Jr.,,,,ACTIVE,QB,,,,INJURY_AVAILABILITY,ESPN_PUBLIC,Active INJURY_STATUS_ACTIVE,high
ESPN-CTX-5d9e575bffc4e68cd76909a9,2026-09-24T17:42:45.920993-07:00,NFL,NFL,,Kyle Pitts Sr.,,,,ACTIVE,TE,,,,INJURY_AVAILABILITY,ESPN_PUBLIC,Active INJURY_STATUS_ACTIVE,high
ESPN-CTX-7fe41fe1fbfa4383f7f571d9,2026-09-24T17:42:45.920993-07:00,NFL,NFL,,Drake London,,,,ACTIVE,WR,,,,INJURY_AVAILABILITY,ESPN_PUBLIC,Active INJURY_STATUS_ACTIVE,high
ESPN-CTX-8e7e7e9d9653f8184307879c,2026-09-24T17:42:45.920993-07:00,NFL,NFL,,Bijan Robinson,,,,ACTIVE,RB,,,,INJURY_AVAILABILITY,ESPN_PUBLIC,Active INJURY_STATUS_ACTIVE,high
ESPN-CTX-9ec4d0327ad5b7a85bac7441,2026-09-24T17:42:45.920993-07:00,NFL,NFL,,Chris Lindstrom,,,,ACTIVE,G,,,,INJURY_AVAILABILITY,ESPN_PUBLIC,Active INJURY_STATUS_ACTIVE,high
ESPN-CTX-e18728ec6d2338345d9c4b1b,2026-09-24T17:42:45.920993-07:00,NFL,NFL,,Chris Moore,,,,QUESTIONABLE,WR,,,,INJURY_AVAILABILITY,ESPN_PUBLIC,Questionable INJURY_STATUS_QUESTIONABLE Ankle,high
ESPN-CTX-57e27214e150da78fcaa528f,2026-09-24T17:42:45.920993-07:00,NFL,NFL,,Teddye Buchanan,,,,ACTIVE,LB,,,,INJURY_AVAILABILITY,ESPN_PUBLIC,Active INJURY_STATUS_ACTIVE,high
ESPN-CTX-5cf50d3be8f7ff6b2297e662,2026-09-24T17:42:45.920993-07:00,NFL,NFL,,Zay Flowers,,,,QUESTIONABLE,WR,,,,INJURY_AVAILABILITY,ESPN_PUBLIC,Questionable INJURY_STATUS_QUESTIONABLE Hamstring,high
ESPN-CTX-209620b908d27d7a600336f3,2026-09-24T17:42:45.920993-07:00,NFL,NFL,,John Simpson,,,,ACTIVE,G,,,,INJURY_AVAILABILITY,ESPN_PUBLIC,Active INJURY_STATUS_ACTIVE,high
ESPN-CTX-cffe836aedea5d2e2a5406ba,2026-09-24T17:42:45.920993-07:00,NFL,NFL,,Zion Young,,,,ACTIVE,LB,,,,INJURY_AVAILABILITY,ESPN_PUBLIC,Active INJURY_STATUS_ACTIVE,high
ESPN-CTX-03ab5c2d344f9ace09fce81c,2026-09-24T17:42:45.920993-07:00,NFL,NFL,,Ronnie Stanley,,,,QUESTIONABLE,OT,,,,INJURY_AVAILABILITY,ESPN_PUBLIC,Questionable INJURY_STATUS_QUESTIONABLE Toe,high
ESPN-CTX-d6288ffa393377f24a63d7a2,2026-09-24T17:42:45.920993-07:00,NFL,NFL,,Nnamdi Madubuike,,,,ACTIVE,DT,,,,INJURY_AVAILABILITY,ESPN_PUBLIC,Active INJURY_STATUS_ACTIVE,high
ESPN-CTX-8995d4f0b39830a76b52768a,2026-09-24T17:42:45.920993-07:00,NFL,NFL,,Malaki Starks,,,,QUESTIONABLE,S,,,,INJURY_AVAILABILITY,ESPN_PUBLIC,Questionable INJURY_STATUS_QUESTIONABLE Hamstring,high
ESPN-CTX-7ff5661a273541be0530e7ee,2026-09-24T17:42:45.920993-07:00,NFL,NFL,,Trey Hendrickson,,,,QUESTIONABLE,LB,,,,INJURY_AVAILABILITY,ESPN_PUBLIC,Questionable INJURY_STATUS_QUESTIONABLE Finger,high
ESPN-CTX-d1682ede08fbedadaf2ec09d,2026-09-24T17:42:45.920993-07:00,NFL,NFL,,Kyle Hamilton,,,,ACTIVE,S,,,,INJURY_AVAILABILITY,ESPN_PUBLIC,Active INJURY_STATUS_ACTIVE,high
ESPN-CTX-b94bb1ead38bff96c9c289a6,2026-09-24T17:42:45.920993-07:00,NFL,NFL,,Roquan Smith,,,,ACTIVE,LB,,,,INJURY_AVAILABILITY,ESPN_PUBLIC,Active INJURY_STATUS_ACTIVE,high
ESPN-CTX-9a9c19ca049949742633ad00,2026-09-24T17:42:45.920993-07:00,NFL,NFL,,Elijah Sarratt,,,,ACTIVE,WR,,,,INJURY_AVAILABILITY,ESPN_PUBLIC,Active INJURY_STATUS_ACTIVE,high
ESPN-CTX-f12bc9094773137a08f3ab14,2026-09-24T17:42:45.920993-07:00,NFL,NFL,,Devontez Walker,,,,ACTIVE,WR,,,,INJURY_AVAILABILITY,ESPN_PUBLIC,Active INJURY_STATUS_ACTIVE,high
ESPN-CTX-e159cf169b7b03a895981912,2026-09-24T17:42:45.920993-07:00,NFL,NFL,,LaJohntay Wester,,,,ACTIVE,WR,,,,INJURY_AVAILABILITY,ESPN_PUBLIC,Active INJURY_STATUS_ACTIVE,high
ESPN-CTX-8cb0f1f54c895a6b4218059e,2026-09-24T17:42:45.920993-07:00,NFL,NFL,,Justice Hill,,,,ACTIVE,RB,,,,INJURY_AVAILABILITY,ESPN_PUBLIC,Active INJURY_STATUS_ACTIVE,high
ESPN-CTX-c0b1ef15a301c04d87d3a815,2026-09-24T17:42:45.920993-07:00,NFL,NFL,,Mark Andrews,,,,ACTIVE,TE,,,,INJURY_AVAILABILITY,ESPN_PUBLIC,Active INJURY_STATUS_ACTIVE,high
ESPN-CTX-d2bc4ee82d3712e88084af00,2026-09-24T17:42:45.920993-07:00,NFL,NFL,,Andrew Vorhees,,,,ACTIVE,G,,,,INJURY_AVAILABILITY,ESPN_PUBLIC,Active INJURY_STATUS_ACTIVE,high
ESPN-CTX-69a422fbf6c2bccc0f5ab321,2026-09-24T17:42:45.920993-07:00,NFL,NFL,,Gerad Lichtenhan,,,,ACTIVE,OT,,,,INJURY_AVAILABILITY,ESPN_PUBLIC,Active INJURY_STATUS_ACTIVE,high
ESPN-CTX-42465af7ed91222a0b904506,2026-09-24T17:42:45.920993-07:00,NFL,NFL,,Joe Fagnano,,,,ACTIVE,QB,,,,INJURY_AVAILABILITY,ESPN_PUBLIC,Active INJURY_STATUS_ACTIVE,high
ESPN-CTX-fedfc40543cafe4d242cd7d8,2026-09-24T17:42:45.920993-07:00,NFL,NFL,,Tyler Loop,,,,ACTIVE,PK,,,,INJURY_AVAILABILITY,ESPN_PUBLIC,Active INJURY_STATUS_ACTIVE,high
ESPN-CTX-0a643c040fc0cd87a3a74602,2026-09-24T17:42:45.920993-07:00,NFL,NFL,,Rashod Bateman,,,,ACTIVE,WR,,,,INJURY_AVAILABILITY,ESPN_PUBLIC,Active INJURY_STATUS_ACTIVE,high
ESPN-CTX-6a214eee96d294b5496a6ecf,2026-09-24T17:42:45.920993-07:00,NFL,NFL,,Derrick Henry,,,,ACTIVE,RB,,,,INJURY_AVAILABILITY,ESPN_PUBLIC,Active INJURY_STATUS_ACTIVE,high
ESPN-CTX-ea883315aab68fcb8cd23808,2026-09-24T17:42:45.920993-07:00,NFL,NFL,,Lamar Jackson,,,,ACTIVE,QB,,,,INJURY_AVAILABILITY,ESPN_PUBLIC,Active INJURY_STATUS_ACTIVE,high
ESPN-CTX-0a590b6f10eec1c992b15a4b,2026-09-24T17:42:45.920993-07:00,NFL,NFL,,T.J. Tampa,,,,IR/IL,CB,,,,INJURY_AVAILABILITY,ESPN_PUBLIC,Injured Reserve INJURY_STATUS_IR Knee,high
ESPN-CTX-5675803337748f7a805e82b3,2026-09-24T17:42:45.920993-07:00,NFL,NFL,,Keondre Jackson,,,,ACTIVE,S,,,,INJURY_AVAILABILITY,ESPN_PUBLIC,Active INJURY_STATUS_ACTIVE,high
ESPN-CTX-256c869ad827bb7d3fa5f579,2026-09-24T17:42:45.920993-07:00,NFL,NFL,,DJ Moore,,,,QUESTIONABLE,WR,,,,INJURY_AVAILABILITY,ESPN_PUBLIC,Questionable INJURY_STATUS_QUESTIONABLE Shoulder - AC Joint,high
ESPN-CTX-f77774e8e95a9b939431dfa1,2026-09-24T17:42:45.920993-07:00,NFL,NFL,,Keon Coleman,,,,QUESTIONABLE,WR,,,,INJURY_AVAILABILITY,ESPN_PUBLIC,Questionable INJURY_STATUS_QUESTIONABLE Ankle,high
ESPN-CTX-250f785833bbc8fb2bff132c,2026-09-24T17:42:45.920993-07:00,NFL,NFL,,Ed Oliver,,,,QUESTIONABLE,DT,,,,INJURY_AVAILABILITY,ESPN_PUBLIC,Questionable INJURY_STATUS_QUESTIONABLE Hip,high
ESPN-CTX-5d463e5e40ba7364e6ee9c62,2026-09-24T17:42:45.920993-07:00,NFL,NFL,,Ty Johnson,,,,ACTIVE,RB,,,,INJURY_AVAILABILITY,ESPN_PUBLIC,Active INJURY_STATUS_ACTIVE,high
ESPN-CTX-c1c4b16019deb1fe34dc6340,2026-09-24T17:42:45.920993-07:00,NFL,NFL,,T.J. Sanders,,,,QUESTIONABLE,DT,,,,INJURY_AVAILABILITY,ESPN_PUBLIC,Questionable INJURY_STATUS_QUESTIONABLE,high
ESPN-CTX-412f04fb49233af54485ddca,2026-09-24T17:42:45.920993-07:00,NFL,NFL,,Ar'maj Reed-Adams,,,,QUESTIONABLE,G,,,,INJURY_AVAILABILITY,ESPN_PUBLIC,Questionable INJURY_STATUS_QUESTIONABLE Elbow,high
ESPN-CTX-8c1c9f5db37589926eaba32c,2026-09-24T17:42:45.920993-07:00,NFL,NFL,,Jordan Hancock,,,,QUESTIONABLE,CB,,,,INJURY_AVAILABILITY,ESPN_PUBLIC,Questionable INJURY_STATUS_QUESTIONABLE Hamstring,high
ESPN-CTX-7e31bae4a0b34a3f7d69f20b,2026-09-24T17:42:45.920993-07:00,NFL,NFL,,Jude Bowry,,,,ACTIVE,OT,,,,INJURY_AVAILABILITY,ESPN_PUBLIC,Active INJURY_STATUS_ACTIVE,high
ESPN-CTX-ff7bf10707a8ba38c730e9ba,2026-09-24T17:42:45.920993-07:00,NFL,NFL,,Jalon Kilgore,,,,ACTIVE,S,,,,INJURY_AVAILABILITY,ESPN_PUBLIC,Active INJURY_STATUS_ACTIVE,high
ESPN-CTX-d97e23df17307ae36a10c2b8,2026-09-24T17:42:45.920993-07:00,NFL,NFL,,Skyler Bell,,,,ACTIVE,WR,,,,INJURY_AVAILABILITY,ESPN_PUBLIC,Active INJURY_STATUS_ACTIVE,high
ESPN-CTX-c4dee9adf03bcd6f3b1026b5,2026-09-24T17:42:45.920993-07:00,NFL,NFL,,Bradley Chubb,,,,ACTIVE,LB,,,,INJURY_AVAILABILITY,ESPN_PUBLIC,Active INJURY_STATUS_ACTIVE,high
ESPN-CTX-2f4c1946e7277dbdf38d87ba,2026-09-24T17:42:45.920993-07:00,NFL,NFL,,Cole Bishop,,,,ACTIVE,S,,,,INJURY_AVAILABILITY,ESPN_PUBLIC,Active INJURY_STATUS_ACTIVE,high
ESPN-CTX-407b6ccfd79c47947883faa8,2026-09-24T17:42:45.920993-07:00,NFL,NFL,,Christian Benford,,,,ACTIVE,CB,,,,INJURY_AVAILABILITY,ESPN_PUBLIC,Active INJURY_STATUS_ACTIVE,high
ESPN-CTX-aa99af0227b30fbd24c07ba0,2026-09-24T17:42:45.920993-07:00,NFL,NFL,,Terrel Bernard,,,,ACTIVE,LB,,,,INJURY_AVAILABILITY,ESPN_PUBLIC,Active INJURY_STATUS_ACTIVE,high
ESPN-CTX-a153514c4192ab6998ad06bc,2026-09-24T17:42:45.920993-07:00,NFL,NFL,,Greg Rousseau,,,,ACTIVE,LB,,,,INJURY_AVAILABILITY,ESPN_PUBLIC,Active INJURY_STATUS_ACTIVE,high
ESPN-CTX-237f63274b17cf0b2599fa43,2026-09-24T17:42:45.920993-07:00,NFL,NFL,,Jackson Hawes,,,,ACTIVE,TE,,,,INJURY_AVAILABILITY,ESPN_PUBLIC,Active INJURY_STATUS_ACTIVE,high
ESPN-CTX-b543297621aad54c2454bb6b,2026-09-24T17:42:45.920993-07:00,NFL,NFL,,Ray Davis,,,,ACTIVE,RB,,,,INJURY_AVAILABILITY,ESPN_PUBLIC,Active INJURY_STATUS_ACTIVE,high
ESPN-CTX-0bf7eadf6b83cd02b325b26f,2026-09-24T17:42:45.920993-07:00,NFL,NFL,,Dawson Knox,,,,ACTIVE,TE,,,,INJURY_AVAILABILITY,ESPN_PUBLIC,Active INJURY_STATUS_ACTIVE,high
ESPN-CTX-fb92c254000f31875a104c1e,2026-09-24T17:42:45.920993-07:00,NFL,NFL,,Joshua Palmer,,,,ACTIVE,WR,,,,INJURY_AVAILABILITY,ESPN_PUBLIC,Active INJURY_STATUS_ACTIVE,high
ESPN-CTX-9533e6ff1e89b507c950f348,2026-09-24T17:42:45.920993-07:00,NFL,NFL,,Khalil Shakir,,,,ACTIVE,WR,,,,INJURY_AVAILABILITY,ESPN_PUBLIC,Active INJURY_STATUS_ACTIVE,high
ESPN-CTX-ff6e2f00b680c7da4bae95ff,2026-09-24T17:42:45.920993-07:00,NFL,NFL,,Dalton Kincaid,,,,ACTIVE,TE,,,,INJURY_AVAILABILITY,ESPN_PUBLIC,Active INJURY_STATUS_ACTIVE,high
ESPN-CTX-def595a239d8c54c98aa87ea,2026-09-24T17:42:45.920993-07:00,NFL,NFL,,Tyler Bass,,,,ACTIVE,PK,,,,INJURY_AVAILABILITY,ESPN_PUBLIC,Active INJURY_STATUS_ACTIVE,high
ESPN-CTX-65933327bba0c560c2143815,2026-09-24T17:42:45.920993-07:00,NFL,NFL,,James Cook III,,,,ACTIVE,RB,,,,INJURY_AVAILABILITY,ESPN_PUBLIC,Active INJURY_STATUS_ACTIVE,high
ESPN-CTX-a9683b161c8d2edca1588ae6,2026-09-24T17:42:45.920993-07:00,NFL,NFL,,Josh Allen,,,,ACTIVE,QB,,,,INJURY_AVAILABILITY,ESPN_PUBLIC,Active INJURY_STATUS_ACTIVE,high
ESPN-CTX-ca0463e96499c7d5b53d2d20,2026-09-24T17:42:45.920993-07:00,NFL,NFL,,Jedrick Wills Jr.,,,,ACTIVE,OT,,,,INJURY_AVAILABILITY,ESPN_PUBLIC,Active INJURY_STATUS_ACTIVE,high
ESPN-CTX-62785daad40ec61e346155bb,2026-09-24T17:42:45.920993-07:00,NFL,NFL,,Jaelan Phillips,,,,ACTIVE,LB,,,,INJURY_AVAILABILITY,ESPN_PUBLIC,Active INJURY_STATUS_ACTIVE,high
ESPN-CTX-e9d67b4abe84d836cd0a04d7,2026-09-24T17:42:45.920993-07:00,NFL,NFL,,Devin Lloyd,,,,QUESTIONABLE,LB,,,,INJURY_AVAILABILITY,ESPN_PUBLIC,Questionable INJURY_STATUS_QUESTIONABLE Calf,high
ESPN-CTX-dc16d5efa0134510130cd8fb,2026-09-24T17:42:45.920993-07:00,NFL,NFL,,Xavier Legette,,,,QUESTIONABLE,WR,,,,INJURY_AVAILABILITY,ESPN_PUBLIC,Questionable INJURY_STATUS_QUESTIONABLE Knee,high
ESPN-CTX-9f0ca45d8061356b68fae9da,2026-09-24T17:42:45.920993-07:00,NFL,NFL,,Jalen Coker,,,,QUESTIONABLE,WR,,,,INJURY_AVAILABILITY,ESPN_PUBLIC,Questionable INJURY_STATUS_QUESTIONABLE Ankle,high
ESPN-CTX-ddb6eaba025a3449f69b3779,2026-09-24T17:42:45.920993-07:00,NFL,NFL,,Trevis Gipson,,,,ACTIVE,LB,,,,INJURY_AVAILABILITY,ESPN_PUBLIC,Active INJURY_STATUS_ACTIVE,high
ESPN-CTX-725c23111329a0d21444bc9d,2026-09-24T17:42:45.920993-07:00,NFL,NFL,,Bobby Brown III,,,,ACTIVE,DT,,,,INJURY_AVAILABILITY,ESPN_PUBLIC,Active INJURY_STATUS_ACTIVE,high
ESPN-CTX-361aff4e6415694449efdeab,2026-09-24T17:42:45.920993-07:00,NFL,NFL,,Isaiah Simmons,,,,ACTIVE,S,,,,INJURY_AVAILABILITY,ESPN_PUBLIC,Active INJURY_STATUS_ACTIVE,high
ESPN-CTX-bb489d6256e9ba888d5d2a09,2026-09-24T17:42:45.920993-07:00,NFL,NFL,,Patrick Jones II,,,,ACTIVE,LB,,,,INJURY_AVAILABILITY,ESPN_PUBLIC,Active INJURY_STATUS_ACTIVE,high
ESPN-CTX-22678122830e0d347e5317ac,2026-09-24T17:42:45.920993-07:00,NFL,NFL,,Nick Scott,,,,QUESTIONABLE,S,,,,INJURY_AVAILABILITY,ESPN_PUBLIC,Questionable INJURY_STATUS_QUESTIONABLE Ribs,high
ESPN-CTX-5a58e895c386d0c23f7cc090,2026-09-24T17:42:45.920993-07:00,NFL,NFL,,Jonathon Brooks,,,,IR/IL,RB,,,,INJURY_AVAILABILITY,ESPN_PUBLIC,Injured Reserve INJURY_STATUS_IR Abdomen,high
ESPN-CTX-3624c3eaa72a02a9a284719d,2026-09-24T17:42:45.920993-07:00,NFL,NFL,,AJ Dillon,,,,ACTIVE,RB,,,,INJURY_AVAILABILITY,ESPN_PUBLIC,Active INJURY_STATUS_ACTIVE,high
ESPN-CTX-a3b8715c084fd99145f9af60,2026-09-24T17:42:45.920993-07:00,NFL,NFL,,Bobby Okereke,,,,ACTIVE,LB,,,,INJURY_AVAILABILITY,ESPN_PUBLIC,Active INJURY_STATUS_ACTIVE,high
ESPN-CTX-095d14d6c2bc00fce60dabc7,2026-09-24T17:42:45.920993-07:00,NFL,NFL,,Haynes King,,,,ACTIVE,QB,,,,INJURY_AVAILABILITY,ESPN_PUBLIC,Active INJURY_STATUS_ACTIVE,high
ESPN-CTX-fc0c6882b9a935730994d1aa,2026-09-24T17:42:45.920993-07:00,NFL,NFL,,Tyrel Dodson,,,,ACTIVE,LB,,,,INJURY_AVAILABILITY,ESPN_PUBLIC,Active INJURY_STATUS_ACTIVE,high
ESPN-CTX-5155bdd4130fb0146478c927,2026-09-24T17:42:45.920993-07:00,NFL,NFL,,Ja'Tavion Sanders,,,,ACTIVE,TE,,,,INJURY_AVAILABILITY,ESPN_PUBLIC,Active INJURY_STATUS_ACTIVE,high
ESPN-CTX-880441a93ea1ee7be5914e70,2026-09-24T17:42:45.920993-07:00,NFL,NFL,,Albert Reese IV,,,,ACTIVE,OT,,,,INJURY_AVAILABILITY,ESPN_PUBLIC,Active INJURY_STATUS_ACTIVE,high
ESPN-CTX-3e39d8369efe1eb739a6d415,2026-09-24T17:42:45.920993-07:00,NFL,NFL,,Chau Smith-Wade,,,,ACTIVE,CB,,,,INJURY_AVAILABILITY,ESPN_PUBLIC,Active INJURY_STATUS_ACTIVE,high
ESPN-CTX-3bf8b66dc9ff9a42de78e94c,2026-09-24T17:42:45.920993-07:00,NFL,NFL,,Darren Waller,,,,ACTIVE,TE,,,,INJURY_AVAILABILITY,ESPN_PUBLIC,Active INJURY_STATUS_ACTIVE,high
ESPN-CTX-f694ac53d4ec82329cece4e7,2026-09-24T17:42:45.920993-07:00,NFL,NFL,,Ryan Fitzgerald,,,,ACTIVE,PK,,,,INJURY_AVAILABILITY,ESPN_PUBLIC,Active INJURY_STATUS_ACTIVE,high
ESPN-CTX-bc3156361b2facfe362684cd,2026-09-24T17:42:45.920993-07:00,NFL,NFL,,Bryce Young,,,,ACTIVE,QB,,,,INJURY_AVAILABILITY,ESPN_PUBLIC,Active INJURY_STATUS_ACTIVE,high
ESPN-CTX-8c9740dfd3b9d41220fbde37,2026-09-24T17:42:45.920993-07:00,NFL,NFL,,Chuba Hubbard,,,,ACTIVE,RB,,,,INJURY_AVAILABILITY,ESPN_PUBLIC,Active INJURY_STATUS_ACTIVE,high
ESPN-CTX-65f2e74fff0c86555236cba5,2026-09-24T17:42:45.920993-07:00,NFL,NFL,,Tetairoa McMillan,,,,ACTIVE,WR,,,,INJURY_AVAILABILITY,ESPN_PUBLIC,Active INJURY_STATUS_ACTIVE,high
ESPN-CTX-0814dd9db6634fbf0a5eef51,2026-09-24T17:42:45.920993-07:00,NFL,NFL,,Claudin Cherelus,,,,QUESTIONABLE,LB,,,,INJURY_AVAILABILITY,ESPN_PUBLIC,Questionable INJURY_STATUS_QUESTIONABLE Shoulder,high
ESPN-CTX-a24e6394184df36f8ce6cef7,2026-09-24T17:42:45.920993-07:00,NFL,NFL,,Kenny Pickett,,,,ACTIVE,QB,,,,INJURY_AVAILABILITY,ESPN_PUBLIC,Active INJURY_STATUS_ACTIVE,high
ESPN-CTX-20d6d68ab3b5b7c9a8fa4923,2026-09-24T17:42:45.920993-07:00,NFL,NFL,,John Metchie III,,,,ACTIVE,WR,,,,INJURY_AVAILABILITY,ESPN_PUBLIC,Active INJURY_STATUS_ACTIVE,high
ESPN-CTX-9076ee10691d52055edb7c1e,2026-09-24T17:42:45.920993-07:00,NFL,NFL,,Anthony Johnson Jr.,,,,IR/IL,S,,,,INJURY_AVAILABILITY,ESPN_PUBLIC,Injured Reserve INJURY_STATUS_IR Undisclosed,high
ESPN-CTX-f3619f49670522ebfec739a3,2026-09-24T17:42:45.920993-07:00,NFL,NFL,,Cairo Santos,,,,QUESTIONABLE,PK,,,,INJURY_AVAILABILITY,ESPN_PUBLIC,Questionable INJURY_STATUS_QUESTIONABLE Hip,high
ESPN-CTX-a21d85071528561aef00a718,2026-09-24T17:42:45.920993-07:00,NFL,NFL,,Tyson Bagent,,,,QUESTIONABLE,QB,,,,INJURY_AVAILABILITY,ESPN_PUBLIC,Questionable INJURY_STATUS_QUESTIONABLE Concussion,high
ESPN-CTX-689c65b0f5f8eff25b18e8b4,2026-09-24T17:42:45.920993-07:00,NFL,NFL,,Kyle Monangai,,,,QUESTIONABLE,RB,,,,INJURY_AVAILABILITY,ESPN_PUBLIC,Questionable INJURY_STATUS_QUESTIONABLE Knee,high
ESPN-CTX-6711a3bdfe5a2721b5dbfe76,2026-09-24T17:42:45.920993-07:00,NFL,NFL,,Caleb Williams,,,,DOUBTFUL,QB,,,,INJURY_AVAILABILITY,ESPN_PUBLIC,Doubtful INJURY_STATUS_DOUBTFUL Hamstring,high
ESPN-CTX-48421dec0f9d9d808952dd09,2026-09-24T17:42:45.920993-07:00,NFL,NFL,,Shemar Turner,,,,OUT,DT,,,,INJURY_AVAILABILITY,ESPN_PUBLIC,Out INJURY_STATUS_OUT Knee - ACL,high
ESPN-CTX-01237f9ce9b94d40c7b31cd3,2026-09-24T17:42:45.920993-07:00,NFL,NFL,,Noah Sewell,,,,OUT,LB,,,,INJURY_AVAILABILITY,ESPN_PUBLIC,Out INJURY_STATUS_OUT Achilles,high
ESPN-CTX-143992591d843528165bd193,2026-09-24T17:42:45.920993-07:00,NFL,NFL,,Case Keenum,,,,ACTIVE,QB,,,,INJURY_AVAILABILITY,ESPN_PUBLIC,Active INJURY_STATUS_ACTIVE,high
ESPN-CTX-ac2cb5fef845663e370fb1f0,2026-09-24T17:42:45.920993-07:00,NFL,NFL,,Sam Roush,,,,ACTIVE,TE,,,,INJURY_AVAILABILITY,ESPN_PUBLIC,Active INJURY_STATUS_ACTIVE,high
ESPN-CTX-a0131c76742cc08bc340001e,2026-09-24T17:42:45.920993-07:00,NFL,NFL,,Devin Bush,,,,ACTIVE,LB,,,,INJURY_AVAILABILITY,ESPN_PUBLIC,Active INJURY_STATUS_ACTIVE,high
ESPN-CTX-b3772e8b3a720cc086276d83,2026-09-24T17:42:45.920993-07:00,NFL,NFL,,T.J. Edwards,,,,ACTIVE,LB,,,,INJURY_AVAILABILITY,ESPN_PUBLIC,Active INJURY_STATUS_ACTIVE,high
ESPN-CTX-e36d13f39681060b4282f16f,2026-09-24T17:42:45.920993-07:00,NFL,NFL,,Cole Kmet,,,,ACTIVE,TE,,,,INJURY_AVAILABILITY,ESPN_PUBLIC,Active INJURY_STATUS_ACTIVE,high
ESPN-CTX-eacc6da58fd67c86dc3370c5,2026-09-24T17:42:45.920993-07:00,NFL,NFL,,Kalif Raymond,,,,ACTIVE,WR,,,,INJURY_AVAILABILITY,ESPN_PUBLIC,Active INJURY_STATUS_ACTIVE,high
ESPN-CTX-c1ae4f25077d75afdfacc275,2026-09-24T17:42:45.920993-07:00,NFL,NFL,,Ozzy Trapilo,,,,ACTIVE,OT,,,,INJURY_AVAILABILITY,ESPN_PUBLIC,Active INJURY_STATUS_ACTIVE,high
ESPN-CTX-24e2db4155dec31fb2979bef,2026-09-24T17:42:45.920993-07:00,NFL,NFL,,Jordan McFadden,,,,ACTIVE,G,,,,INJURY_AVAILABILITY,ESPN_PUBLIC,Active INJURY_STATUS_ACTIVE,high
ESPN-CTX-5c2644088e3434d80faa5a3e,2026-09-24T17:42:45.920993-07:00,NFL,NFL,,Jayden Loving,,,,ACTIVE,DT,,,,INJURY_AVAILABILITY,ESPN_PUBLIC,Active INJURY_STATUS_ACTIVE,high
ESPN-CTX-a11d1b1d1eaace26533084ac,2026-09-24T17:42:45.920993-07:00,NFL,NFL,,Jamree Kromah,,,,ACTIVE,DE,,,,INJURY_AVAILABILITY,ESPN_PUBLIC,Active INJURY_STATUS_ACTIVE,high
ESPN-CTX-ca5be584f6c8c19c5fff1e4a,2026-09-24T17:42:45.920993-07:00,NFL,NFL,,Colston Loveland,,,,ACTIVE,TE,,,,INJURY_AVAILABILITY,ESPN_PUBLIC,Active INJURY_STATUS_ACTIVE,high
ESPN-CTX-f95ce498e8c9556976666d8b,2026-09-24T17:42:45.920993-07:00,NFL,NFL,,Luther Burden III,,,,ACTIVE,WR,,,,INJURY_AVAILABILITY,ESPN_PUBLIC,Active INJURY_STATUS_ACTIVE,high
ESPN-CTX-7158903d61af6ca3cced1dd5,2026-09-24T17:42:45.920993-07:00,NFL,NFL,,Rome Odunze,,,,ACTIVE,WR,,,,INJURY_AVAILABILITY,ESPN_PUBLIC,Active INJURY_STATUS_ACTIVE,high
ESPN-CTX-d0066e85f40617356b8975a7,2026-09-24T17:42:45.920993-07:00,NFL,NFL,,D'Andre Swift,,,,ACTIVE,RB,,,,INJURY_AVAILABILITY,ESPN_PUBLIC,Active INJURY_STATUS_ACTIVE,high
ESPN-CTX-098a67a44dac83d853af896c,2026-09-24T17:42:45.920993-07:00,NFL,NFL,,Tyrique Stevenson Sr.,,,,QUESTIONABLE,CB,,,,INJURY_AVAILABILITY,ESPN_PUBLIC,Questionable INJURY_STATUS_QUESTIONABLE Hamstring,high
ESPN-CTX-0b49933ea4ad64f23ae7a342,2026-09-24T17:42:45.920993-07:00,NFL,NFL,,Malik Muhammad II,,,,ACTIVE,CB,,,,INJURY_AVAILABILITY,ESPN_PUBLIC,Active INJURY_STATUS_ACTIVE,high
ESPN-CTX-07a7ab9bfecdfce5c77b15be,2026-09-24T17:42:45.920993-07:00,NFL,NFL,,Xavier Woods,,,,ACTIVE,S,,,,INJURY_AVAILABILITY,ESPN_PUBLIC,Active INJURY_STATUS_ACTIVE,high
ESPN-CTX-4eea6f620fe601679007ebcb,2026-09-24T17:42:45.920993-07:00,NFL,NFL,,Dayo Odeyingbo,,,,ACTIVE,DE,,,,INJURY_AVAILABILITY,ESPN_PUBLIC,Active INJURY_STATUS_ACTIVE,high
ESPN-CTX-35d12e403ccb258d162042bb,2026-09-24T17:42:45.920993-07:00,NFL,NFL,,Jonathan Allen,,,,ACTIVE,DT,,,,INJURY_AVAILABILITY,ESPN_PUBLIC,Active INJURY_STATUS_ACTIVE,high
ESPN-CTX-4c50ee7a2da5b075a0143a57,2026-09-24T17:42:45.920993-07:00,NFL,NFL,,Andrei Iosivas,,,,OUT,WR,,,,INJURY_AVAILABILITY,ESPN_PUBLIC,Out INJURY_STATUS_OUT Thumb,high
ESPN-CTX-3fa9a669b2c1b9a6f9c1d5d8,2026-09-24T17:42:45.920993-07:00,NFL,NFL,,Erick All Jr.,,,,ACTIVE,TE,,,,INJURY_AVAILABILITY,ESPN_PUBLIC,Active INJURY_STATUS_ACTIVE,high
ESPN-CTX-4a96e7d648c6fa8c365318fc,2026-09-24T17:42:45.920993-07:00,NFL,NFL,,Drew Sample,,,,ACTIVE,TE,,,,INJURY_AVAILABILITY,ESPN_PUBLIC,Active INJURY_STATUS_ACTIVE,high
ESPN-CTX-b5a3eb26ccb079c8edb3e36c,2026-09-24T17:42:45.920993-07:00,NFL,NFL,,Barrett Carter,,,,ACTIVE,LB,,,,INJURY_AVAILABILITY,ESPN_PUBLIC,Active INJURY_STATUS_ACTIVE,high
ESPN-CTX-f225aef94b8796287c17f831,2026-09-24T17:42:45.920993-07:00,NFL,NFL,,Cedric Johnson,,,,ACTIVE,DE,,,,INJURY_AVAILABILITY,ESPN_PUBLIC,Active INJURY_STATUS_ACTIVE,high
ESPN-CTX-924194a5577b539dcc3ed932,2026-09-24T17:42:45.920993-07:00,NFL,NFL,,Dax Hill,,,,ACTIVE,CB,,,,INJURY_AVAILABILITY,ESPN_PUBLIC,Active INJURY_STATUS_ACTIVE,high
ESPN-CTX-8f98173f25387ab0306f0144,2026-09-24T17:42:45.920993-07:00,NFL,NFL,,Demetrius Knight Jr.,,,,ACTIVE,LB,,,,INJURY_AVAILABILITY,ESPN_PUBLIC,Active INJURY_STATUS_ACTIVE,high
ESPN-CTX-caa75b6bb6b6b33e3efbbb7a,2026-09-24T17:42:45.920993-07:00,NFL,NFL,,B.J. Hill,,,,QUESTIONABLE,DT,,,,INJURY_AVAILABILITY,ESPN_PUBLIC,Questionable INJURY_STATUS_QUESTIONABLE Achilles,high
ESPN-CTX-9d8fc6ab8e680bb7dd8aef10,2026-09-24T17:42:45.920993-07:00,NFL,NFL,,Samaje Perine,,,,ACTIVE,RB,,,,INJURY_AVAILABILITY,ESPN_PUBLIC,Active INJURY_STATUS_ACTIVE,high
ESPN-CTX-af9d6fea33976e1948fa4266,2026-09-24T17:42:45.920993-07:00,NFL,NFL,,Mike Gesicki,,,,ACTIVE,TE,,,,INJURY_AVAILABILITY,ESPN_PUBLIC,Active INJURY_STATUS_ACTIVE,high
ESPN-CTX-9e6c727e9958cf8898a44e03,2026-09-24T17:42:45.920993-07:00,NFL,NFL,,Myles Hinton,,,,ACTIVE,OT,,,,INJURY_AVAILABILITY,ESPN_PUBLIC,Active INJURY_STATUS_ACTIVE,high
ESPN-CTX-fade474d54778f956c70ddd8,2026-09-24T17:42:45.920993-07:00,NFL,NFL,,Ke'Shawn Williams,,,,ACTIVE,WR,,,,INJURY_AVAILABILITY,ESPN_PUBLIC,Active INJURY_STATUS_ACTIVE,high
ESPN-CTX-86d937653e70295f9b3fa9ec,2026-09-24T17:42:45.920993-07:00,NFL,NFL,,Connor Lew,,,,ACTIVE,C,,,,INJURY_AVAILABILITY,ESPN_PUBLIC,Active INJURY_STATUS_ACTIVE,high
ESPN-CTX-d124065186bacab3d442613b,2026-09-24T17:42:45.920993-07:00,NFL,NFL,,Landon Robinson,,,,ACTIVE,DT,,,,INJURY_AVAILABILITY,ESPN_PUBLIC,Active INJURY_STATUS_ACTIVE,high
ESPN-CTX-dec5e2dd51f3f7b8a072cc5f,2026-09-24T17:42:45.920993-07:00,NFL,NFL,,Josh Newton,,,,ACTIVE,CB,,,,INJURY_AVAILABILITY,ESPN_PUBLIC,Active INJURY_STATUS_ACTIVE,high
ESPN-CTX-5cadc14df66ce6a77a2588d2,2026-09-24T17:42:45.920993-07:00,NFL,NFL,,Evan McPherson,,,,ACTIVE,PK,,,,INJURY_AVAILABILITY,ESPN_PUBLIC,Active INJURY_STATUS_ACTIVE,high
ESPN-CTX-f46a0929f0c7e2d9c12f793a,2026-09-24T17:42:45.920993-07:00,NFL,NFL,,Joe Burrow,,,,ACTIVE,QB,,,,INJURY_AVAILABILITY,ESPN_PUBLIC,Active INJURY_STATUS_ACTIVE,high
ESPN-CTX-6f547da153877f3f1c86acf3,2026-09-24T17:42:45.920993-07:00,NFL,NFL,,Tee Higgins,,,,ACTIVE,WR,,,,INJURY_AVAILABILITY,ESPN_PUBLIC,Active INJURY_STATUS_ACTIVE,high
ESPN-CTX-189c79fadd21c20266cfe693,2026-09-24T17:42:45.920993-07:00,NFL,NFL,,Chase Brown,,,,ACTIVE,RB,,,,INJURY_AVAILABILITY,ESPN_PUBLIC,Active INJURY_STATUS_ACTIVE,high
ESPN-CTX-f7a51efa93bf59118690bbcf,2026-09-24T17:42:45.920993-07:00,NFL,NFL,,Ja'Marr Chase,,,,ACTIVE,WR,,,,INJURY_AVAILABILITY,ESPN_PUBLIC,Active INJURY_STATUS_ACTIVE,high
ESPN-CTX-9dc22181feee209a6c620a2b,2026-09-24T17:42:45.920993-07:00,NFL,NFL,,Shemar Stewart,,,,ACTIVE,DE,,,,INJURY_AVAILABILITY,ESPN_PUBLIC,Active INJURY_STATUS_ACTIVE,high
ESPN-CTX-e024d511c5a40a4a2c0dd8fa,2026-09-24T17:42:45.920993-07:00,NFL,NFL,,Jack Endries,,,,ACTIVE,TE,,,,INJURY_AVAILABILITY,ESPN_PUBLIC,Active INJURY_STATUS_ACTIVE,high
ESPN-CTX-e020a9446fc956e711773316,2026-09-24T17:42:45.920993-07:00,NFL,NFL,,DJ Turner II,,,,ACTIVE,CB,,,,INJURY_AVAILABILITY,ESPN_PUBLIC,Active INJURY_STATUS_ACTIVE,high
ESPN-CTX-41f28f0c28b0f7e5223859fa,2026-09-24T17:42:45.920993-07:00,NFL,NFL,,Myles Murphy,,,,ACTIVE,DE,,,,INJURY_AVAILABILITY,ESPN_PUBLIC,Active INJURY_STATUS_ACTIVE,high
ESPN-CTX-dac90ed766ad2ca7e2b65ccf,2026-09-24T17:42:45.920993-07:00,NFL,NFL,,Quinshon Judkins,,,,ACTIVE,RB,,,,INJURY_AVAILABILITY,ESPN_PUBLIC,Active INJURY_STATUS_ACTIVE,high
ESPN-CTX-e804e438c15d00ee47246077,2026-09-24T17:42:45.920993-07:00,NFL,NFL,,Tytus Howard,,,,ACTIVE,OT,,,,INJURY_AVAILABILITY,ESPN_PUBLIC,Active INJURY_STATUS_ACTIVE,high
ESPN-CTX-478a886991b1fb4dad2182e0,2026-09-24T17:42:45.920993-07:00,NFL,NFL,,Mason Graham,,,,ACTIVE,DT,,,,INJURY_AVAILABILITY,ESPN_PUBLIC,Active INJURY_STATUS_ACTIVE,high
ESPN-CTX-f2d97aeefa20565a8cb0793a,2026-09-24T17:42:45.920993-07:00,NFL,NFL,,Tyson Campbell,,,,QUESTIONABLE,CB,,,,INJURY_AVAILABILITY,ESPN_PUBLIC,Questionable INJURY_STATUS_QUESTIONABLE Hip,high
ESPN-CTX-d8a6ffcc618e0a754d872d47,2026-09-24T17:42:45.920993-07:00,NFL,NFL,,Quincy Williams,,,,QUESTIONABLE,LB,,,,INJURY_AVAILABILITY,ESPN_PUBLIC,Questionable INJURY_STATUS_QUESTIONABLE Knee,high
ESPN-CTX-e5da55e06bbcf785ec49d1bf,2026-09-24T17:42:45.920993-07:00,NFL,NFL,,Grant Delpit,,,,QUESTIONABLE,S,,,,INJURY_AVAILABILITY,ESPN_PUBLIC,Questionable INJURY_STATUS_QUESTIONABLE Shoulder,high
ESPN-CTX-8552fcdc9d94cdfd55f36ef2,2026-09-24T17:42:45.920993-07:00,NFL,NFL,,Blake Whiteheart,,,,ACTIVE,TE,,,,INJURY_AVAILABILITY,ESPN_PUBLIC,Active INJURY_STATUS_ACTIVE,high
ESPN-CTX-24f847a99605c0c86f69d417,2026-09-24T17:42:45.920993-07:00,NFL,NFL,,Jaleel McLaughlin,,,,ACTIVE,RB,,,,INJURY_AVAILABILITY,ESPN_PUBLIC,Active INJURY_STATUS_ACTIVE,high
ESPN-CTX-82977a3daf17cd6694fe416f,2026-09-24T17:42:45.920993-07:00,NFL,NFL,,Raheim Sanders,,,,ACTIVE,RB,,,,INJURY_AVAILABILITY,ESPN_PUBLIC,Active INJURY_STATUS_ACTIVE,high
ESPN-CTX-2cc9668b36ef732028c9e181,2026-09-24T17:42:45.920993-07:00,NFL,NFL,,Carson Schwesinger,,,,ACTIVE,LB,,,,INJURY_AVAILABILITY,ESPN_PUBLIC,Active INJURY_STATUS_ACTIVE,high
ESPN-CTX-deaf1e8f579321f17378569a,2026-09-24T17:42:45.920993-07:00,NFL,NFL,,Teven Jenkins,,,,QUESTIONABLE,G,,,,INJURY_AVAILABILITY,ESPN_PUBLIC,Questionable INJURY_STATUS_QUESTIONABLE Back,high
ESPN-CTX-e39345d32cb8fc3f141d42f8,2026-09-24T17:42:45.920993-07:00,NFL,NFL,,Jerry Jeudy,,,,ACTIVE,WR,,,,INJURY_AVAILABILITY,ESPN_PUBLIC,Active INJURY_STATUS_ACTIVE,high
ESPN-CTX-704f05d68a99352b022e0dc6,2026-09-24T17:42:45.920993-07:00,NFL,NFL,,Daniel Thomas,,,,ACTIVE,S,,,,INJURY_AVAILABILITY,ESPN_PUBLIC,Active INJURY_STATUS_ACTIVE,high
ESPN-CTX-a6c44b4b10d4e032117d9356,2026-09-24T17:42:45.920993-07:00,NFL,NFL,,Taylen Green,,,,ACTIVE,QB,,,,INJURY_AVAILABILITY,ESPN_PUBLIC,Active INJURY_STATUS_ACTIVE,high
ESPN-CTX-5270b6bb18edefd748cdec93,2026-09-24T17:42:45.920993-07:00,NFL,NFL,,Parker Brailsford,,,,ACTIVE,C,,,,INJURY_AVAILABILITY,ESPN_PUBLIC,Active INJURY_STATUS_ACTIVE,high
ESPN-CTX-1f712b1ca3bd0a09e244ef6d,2026-09-24T17:42:45.920993-07:00,NFL,NFL,,Justin Jefferson,,,,ACTIVE,LB,,,,INJURY_AVAILABILITY,ESPN_PUBLIC,Active INJURY_STATUS_ACTIVE,high
ESPN-CTX-6586cc035f59ee9fd29f9b6b,2026-09-24T17:42:45.920993-07:00,NFL,NFL,,Toriano Pride Jr.,,,,ACTIVE,CB,,,,INJURY_AVAILABILITY,ESPN_PUBLIC,Active INJURY_STATUS_ACTIVE,high
ESPN-CTX-921afac9488169f2d258d07e,2026-09-24T17:42:45.920993-07:00,NFL,NFL,,KC Concepcion,,,,ACTIVE,WR,,,,INJURY_AVAILABILITY,ESPN_PUBLIC,Active INJURY_STATUS_ACTIVE,high
ESPN-CTX-44fcaef7b7dd032815d3e54d,2026-09-24T17:42:45.920993-07:00,NFL,NFL,,Denzel Boston,,,,ACTIVE,WR,,,,INJURY_AVAILABILITY,ESPN_PUBLIC,Active INJURY_STATUS_ACTIVE,high
ESPN-CTX-ade38fe1cd371649ea87bc41,2026-09-24T17:42:45.920993-07:00,NFL,NFL,,Andre Szmyt,,,,ACTIVE,PK,,,,INJURY_AVAILABILITY,ESPN_PUBLIC,Active INJURY_STATUS_ACTIVE,high
ESPN-CTX-52dbbd4df03f63a020194af7,2026-09-24T17:42:45.920993-07:00,NFL,NFL,,Deshaun Watson,,,,ACTIVE,QB,,,,INJURY_AVAILABILITY,ESPN_PUBLIC,Active INJURY_STATUS_ACTIVE,high
ESPN-CTX-a4fc0252f24450e83c596b1a,2026-09-24T17:42:45.920993-07:00,NFL,NFL,,Harold Fannin Jr.,,,,ACTIVE,TE,,,,INJURY_AVAILABILITY,ESPN_PUBLIC,Active INJURY_STATUS_ACTIVE,high
ESPN-CTX-1bc58337c18c7b035ed0b50b,2026-09-24T17:42:45.920993-07:00,NFL,NFL,,Noah Igbinoghene,,,,ACTIVE,CB,,,,INJURY_AVAILABILITY,ESPN_PUBLIC,Active INJURY_STATUS_ACTIVE,high
ESPN-CTX-6a5367919b7444c6632e5041,2026-09-24T17:42:45.920993-07:00,NFL,NFL,,Shedeur Sanders,,,,ACTIVE,QB,,,,INJURY_AVAILABILITY,ESPN_PUBLIC,Active INJURY_STATUS_ACTIVE,high
ESPN-CTX-4e4193a3f352aa9f852f059c,2026-09-24T17:42:45.920993-07:00,NFL,NFL,,Elgton Jenkins,,,,ACTIVE,C,,,,INJURY_AVAILABILITY,ESPN_PUBLIC,Active INJURY_STATUS_ACTIVE,high
ESPN-CTX-7f4a80694090609bd3781b96,2026-09-24T17:42:45.920993-07:00,NFL,NFL,,Malik Hooker,,,,OUT,S,,,,INJURY_AVAILABILITY,ESPN_PUBLIC,Out INJURY_STATUS_OUT Forearm,high
ESPN-CTX-7ffe08409e1b0f09bba852f6,2026-09-24T17:42:45.920993-07:00,NFL,NFL,,DeMarvion Overshown,,,,OUT,LB,,,,INJURY_AVAILABILITY,ESPN_PUBLIC,Out INJURY_STATUS_OUT Hamstring,high
ESPN-CTX-986d47cb482edbb433561554,2026-09-24T17:42:45.920993-07:00,NFL,NFL,,Markquese Bell,,,,ACTIVE,S,,,,INJURY_AVAILABILITY,ESPN_PUBLIC,Active INJURY_STATUS_ACTIVE,high
ESPN-CTX-aef33921fe341f0ecbe31587,2026-09-24T17:42:45.920993-07:00,NFL,NFL,,Ryan Flournoy,,,,ACTIVE,WR,,,,INJURY_AVAILABILITY,ESPN_PUBLIC,Active INJURY_STATUS_ACTIVE,high
ESPN-CTX-a49384d6f35d1c204f8156b8,2026-09-24T17:42:45.920993-07:00,NFL,NFL,,Emari Demercado,,,,ACTIVE,RB,,,,INJURY_AVAILABILITY,ESPN_PUBLIC,Active INJURY_STATUS_ACTIVE,high
ESPN-CTX-f7d2c5693720c1c2f82f3ce0,2026-09-24T17:42:45.920993-07:00,NFL,NFL,,Cobie Durant,,,,OUT,CB,,,,INJURY_AVAILABILITY,ESPN_PUBLIC,Out INJURY_STATUS_OUT Hamstring,high
ESPN-CTX-c2a2cf5c18649f684fd2f689,2026-09-24T17:42:45.920993-07:00,NFL,NFL,,P.J. Locke,,,,OUT,S,,,,INJURY_AVAILABILITY,ESPN_PUBLIC,Out INJURY_STATUS_OUT Foot,high
ESPN-CTX-0ba816d3a16d00ddcb2edae5,2026-09-24T17:42:45.920993-07:00,NFL,NFL,,Caelen Carson,,,,ACTIVE,CB,,,,INJURY_AVAILABILITY,ESPN_PUBLIC,Active INJURY_STATUS_ACTIVE,high
ESPN-CTX-db4ac0b6249a6c93a592c21a,2026-09-24T17:42:45.920993-07:00,NFL,NFL,,Ajani Cornelius,,,,ACTIVE,OT,,,,INJURY_AVAILABILITY,ESPN_PUBLIC,Active INJURY_STATUS_ACTIVE,high
ESPN-CTX-f1389e03d3aa95d79e5adef3,2026-09-24T17:42:45.920993-07:00,NFL,NFL,,Camden Brown,,,,ACTIVE,WR,,,,INJURY_AVAILABILITY,ESPN_PUBLIC,Active INJURY_STATUS_ACTIVE,high
ESPN-CTX-ccbadd1375c3bdb63e2b9f69,2026-09-24T17:42:45.920993-07:00,NFL,NFL,,James Houston,,,,ACTIVE,LB,,,,INJURY_AVAILABILITY,ESPN_PUBLIC,Active INJURY_STATUS_ACTIVE,high
ESPN-CTX-f5e7a05f63c5b32460f82e0e,2026-09-24T17:42:45.920993-07:00,NFL,NFL,,Brandon Aubrey,,,,ACTIVE,PK,,,,INJURY_AVAILABILITY,ESPN_PUBLIC,Active INJURY_STATUS_ACTIVE,high
ESPN-CTX-f654e3501e2e54bd8f495087,2026-09-24T17:42:45.920993-07:00,NFL,NFL,,Dak Prescott,,,,ACTIVE,QB,,,,INJURY_AVAILABILITY,ESPN_PUBLIC,Active INJURY_STATUS_ACTIVE,high
ESPN-CTX-6a34b69563448eea2a9c75b7,2026-09-24T17:42:45.920993-07:00,NFL,NFL,,George Pickens,,,,ACTIVE,WR,,,,INJURY_AVAILABILITY,ESPN_PUBLIC,Active INJURY_STATUS_ACTIVE,high
ESPN-CTX-450eee46177b9028f92d639c,2026-09-24T17:42:45.920993-07:00,NFL,NFL,,Javonte Williams,,,,ACTIVE,RB,,,,INJURY_AVAILABILITY,ESPN_PUBLIC,Active INJURY_STATUS_ACTIVE,high
ESPN-CTX-f24ca073e383f531e5a23a73,2026-09-24T17:42:45.920993-07:00,NFL,NFL,,CeeDee Lamb,,,,ACTIVE,WR,,,,INJURY_AVAILABILITY,ESPN_PUBLIC,Active INJURY_STATUS_ACTIVE,high
ESPN-CTX-ed4bd146e0f68f0d38018c06,2026-09-24T17:42:45.920993-07:00,NFL,NFL,,Jake Ferguson,,,,ACTIVE,TE,,,,INJURY_AVAILABILITY,ESPN_PUBLIC,Active INJURY_STATUS_ACTIVE,high
ESPN-CTX-747be0d62ac175fd6f923466,2026-09-24T17:42:45.920993-07:00,NFL,NFL,,Dee Winters,,,,ACTIVE,LB,,,,INJURY_AVAILABILITY,ESPN_PUBLIC,Active INJURY_STATUS_ACTIVE,high
ESPN-CTX-466070c26b98be785aa5262d,2026-09-24T17:42:45.920993-07:00,NFL,NFL,,Tyler Goodson,,,,ACTIVE,RB,,,,INJURY_AVAILABILITY,ESPN_PUBLIC,Active INJURY_STATUS_ACTIVE,high
ESPN-CTX-5fa02e2c7366a8c3f7da4df2,2026-09-24T17:42:45.920993-07:00,NFL,NFL,,Caleb Downs,,,,ACTIVE,S,,,,INJURY_AVAILABILITY,ESPN_PUBLIC,Active INJURY_STATUS_ACTIVE,high
ESPN-CTX-a0959d300e1f45e85654f207,2026-09-24T17:42:45.920993-07:00,NFL,NFL,,Donovan Ezeiruaku,,,,ACTIVE,LB,,,,INJURY_AVAILABILITY,ESPN_PUBLIC,Active INJURY_STATUS_ACTIVE,high
ESPN-CTX-b3a8bde321ec89105c048629,2026-09-24T17:42:45.920993-07:00,NFL,NFL,,KaVontae Turpin,,,,ACTIVE,WR,,,,INJURY_AVAILABILITY,ESPN_PUBLIC,Active INJURY_STATUS_ACTIVE,high
ESPN-CTX-01bc515040bc2c0894fcc10c,2026-09-24T17:42:45.920993-07:00,NFL,NFL,,Jonathan Mingo,,,,ACTIVE,WR,,,,INJURY_AVAILABILITY,ESPN_PUBLIC,Active INJURY_STATUS_ACTIVE,high
ESPN-CTX-77d72d83421bd00833900a15,2026-09-24T17:42:45.920993-07:00,NFL,NFL,,Luke Schoonmaker,,,,ACTIVE,TE,,,,INJURY_AVAILABILITY,ESPN_PUBLIC,Active INJURY_STATUS_ACTIVE,high
ESPN-CTX-9dc940019ca9d7bab57dda9e,2026-09-24T17:42:45.920993-07:00,NFL,NFL,,Brevyn Spann-Ford,,,,ACTIVE,TE,,,,INJURY_AVAILABILITY,ESPN_PUBLIC,Active INJURY_STATUS_ACTIVE,high
ESPN-CTX-f0aea754b7763fa2163e1577,2026-09-24T17:42:45.920993-07:00,NFL,NFL,,Marvin Mims Jr.,,,,QUESTIONABLE,WR,,,,INJURY_AVAILABILITY,ESPN_PUBLIC,Questionable INJURY_STATUS_QUESTIONABLE Foot,high
ESPN-CTX-1d5252394e23ddb9bfb62361,2026-09-24T17:42:45.920993-07:00,NFL,NFL,,Jonah Coleman,,,,QUESTIONABLE,RB,,,,INJURY_AVAILABILITY,ESPN_PUBLIC,Questionable INJURY_STATUS_QUESTIONABLE Ankle,high
ESPN-CTX-94b563ac7656fd12bcb58196,2026-09-24T17:42:45.920993-07:00,NFL,NFL,,RJ Harvey,,,,ACTIVE,RB,,,,INJURY_AVAILABILITY,ESPN_PUBLIC,Active INJURY_STATUS_ACTIVE,high
ESPN-CTX-9f894866bdaa411ce57e7a4b,2026-09-24T17:42:45.920993-07:00,NFL,NFL,,J.K. Dobbins,,,,ACTIVE,RB,,,,INJURY_AVAILABILITY,ESPN_PUBLIC,Active INJURY_STATUS_ACTIVE,high
ESPN-CTX-cc1a5301f97158e7d790b747,2026-09-24T17:42:45.920993-07:00,NFL,NFL,,Troy Franklin,,,,ACTIVE,WR,,,,INJURY_AVAILABILITY,ESPN_PUBLIC,Active INJURY_STATUS_ACTIVE,high
ESPN-CTX-2165243d5055ffb8a7b575ce,2026-09-24T17:42:45.920993-07:00,NFL,NFL,,Nate Adkins,,,,ACTIVE,TE,,,,INJURY_AVAILABILITY,ESPN_PUBLIC,Active INJURY_STATUS_ACTIVE,high
ESPN-CTX-7efc70f7fcd19c9f99d7783f,2026-09-24T17:42:45.920993-07:00,NFL,NFL,,Tyler Badie,,,,ACTIVE,RB,,,,INJURY_AVAILABILITY,ESPN_PUBLIC,Active INJURY_STATUS_ACTIVE,high
ESPN-CTX-8d1b397c6a66f6246beab4dc,2026-09-24T17:42:45.920993-07:00,NFL,NFL,,Alex Singleton,,,,ACTIVE,LB,,,,INJURY_AVAILABILITY,ESPN_PUBLIC,Active INJURY_STATUS_ACTIVE,high
ESPN-CTX-7aaf1cb2995e40ed4c4109b6,2026-09-24T17:42:45.920993-07:00,NFL,NFL,,Pat Bryant,,,,ACTIVE,WR,,,,INJURY_AVAILABILITY,ESPN_PUBLIC,Active INJURY_STATUS_ACTIVE,high
ESPN-CTX-28a15bf9f213373d51a7d19d,2026-09-24T17:42:45.920993-07:00,NFL,NFL,,Evan Engram,,,,ACTIVE,TE,,,,INJURY_AVAILABILITY,ESPN_PUBLIC,Active INJURY_STATUS_ACTIVE,high
ESPN-CTX-8850cab9f249c72a119c92d5,2026-09-24T17:42:45.920993-07:00,NFL,NFL,,Wil Lutz,,,,ACTIVE,PK,,,,INJURY_AVAILABILITY,ESPN_PUBLIC,Active INJURY_STATUS_ACTIVE,high
ESPN-CTX-059006f3aac5e1466ec9ca9a,2026-09-24T17:42:45.920993-07:00,NFL,NFL,,Bo Nix,,,,ACTIVE,QB,,,,INJURY_AVAILABILITY,ESPN_PUBLIC,Active INJURY_STATUS_ACTIVE,high
ESPN-CTX-aa33e4b4d4bbabee149c3a52,2026-09-24T17:42:45.920993-07:00,NFL,NFL,,Courtland Sutton,,,,ACTIVE,WR,,,,INJURY_AVAILABILITY,ESPN_PUBLIC,Active INJURY_STATUS_ACTIVE,high
ESPN-CTX-13b424d115699687a605bd83,2026-09-24T17:42:45.920993-07:00,NFL,NFL,,Jaylen Waddle,,,,ACTIVE,WR,,,,INJURY_AVAILABILITY,ESPN_PUBLIC,Active INJURY_STATUS_ACTIVE,high
ESPN-CTX-45be3031e446fbe2afc65205,2026-09-24T17:42:45.920993-07:00,NFL,NFL,,Talanoa Hufanga,,,,ACTIVE,S,,,,INJURY_AVAILABILITY,ESPN_PUBLIC,Active INJURY_STATUS_ACTIVE,high
ESPN-CTX-a0a8dd3069eb6c5827802df6,2026-09-24T17:42:45.920993-07:00,NFL,NFL,,Brandon Jones,,,,ACTIVE,S,,,,INJURY_AVAILABILITY,ESPN_PUBLIC,Active INJURY_STATUS_ACTIVE,high
ESPN-CTX-62ea658558e581735b8b9838,2026-09-24T17:42:45.920993-07:00,NFL,NFL,,Zach Allen,,,,ACTIVE,DE,,,,INJURY_AVAILABILITY,ESPN_PUBLIC,Active INJURY_STATUS_ACTIVE,high
ESPN-CTX-902b465e23c02350dd504bbe,2026-09-24T17:42:45.920993-07:00,NFL,NFL,,Adam Trautman,,,,ACTIVE,TE,,,,INJURY_AVAILABILITY,ESPN_PUBLIC,Active INJURY_STATUS_ACTIVE,high
ESPN-CTX-62101b29ae0167dbe7a42d5a,2026-09-24T17:42:45.920993-07:00,NFL,NFL,,Lil'Jordan Humphrey,,,,ACTIVE,WR,,,,INJURY_AVAILABILITY,ESPN_PUBLIC,Active INJURY_STATUS_ACTIVE,high
ESPN-CTX-6947a286436abc842a619ef9,2026-09-24T17:42:45.920993-07:00,NFL,NFL,,Luke Wattenberg,,,,ACTIVE,C,,,,INJURY_AVAILABILITY,ESPN_PUBLIC,Active INJURY_STATUS_ACTIVE,high
ESPN-CTX-0674b0d5d769800b059d4435,2026-09-24T17:42:45.920993-07:00,NFL,NFL,,Riley Moss,,,,ACTIVE,CB,,,,INJURY_AVAILABILITY,ESPN_PUBLIC,Active INJURY_STATUS_ACTIVE,high
ESPN-CTX-89c58adf8f2c67b7789de1d2,2026-09-24T17:42:45.920993-07:00,NFL,NFL,,Jarrett Stidham,,,,ACTIVE,QB,,,,INJURY_AVAILABILITY,ESPN_PUBLIC,Active INJURY_STATUS_ACTIVE,high
ESPN-CTX-f069af6ccc1c0775ad5fbb9d,2026-09-24T17:42:45.920993-07:00,NFL,NFL,,Jonathon Cooper,,,,OUT,LB,,,,INJURY_AVAILABILITY,ESPN_PUBLIC,Out INJURY_STATUS_OUT Personal,high
ESPN-CTX-17d5a87d470eca666b2429b2,2026-09-24T17:42:45.920993-07:00,NFL,NFL,,Nick Gargiulo,,,,OUT,G,,,,INJURY_AVAILABILITY,ESPN_PUBLIC,Out INJURY_STATUS_OUT Knee - ACL,high
ESPN-CTX-6ed9c4488586992008e7a12e,2026-09-24T17:42:45.920993-07:00,NFL,NFL,,Frank Crum,,,,IR/IL,OT,,,,INJURY_AVAILABILITY,ESPN_PUBLIC,Injured Reserve INJURY_STATUS_IR Undisclosed,high
ESPN-CTX-91d79e39e838bba1dcec40dc,2026-09-24T17:42:45.920993-07:00,NFL,NFL,,Thomas Harper,,,,QUESTIONABLE,S,,,,INJURY_AVAILABILITY,ESPN_PUBLIC,Questionable INJURY_STATUS_QUESTIONABLE Ankle,high
ESPN-CTX-9adc743f56a36e761b2531ed,2026-09-24T17:42:45.920993-07:00,NFL,NFL,,Ahmed Hassanein,,,,ACTIVE,DE,,,,INJURY_AVAILABILITY,ESPN_PUBLIC,Active INJURY_STATUS_ACTIVE,high
ESPN-CTX-94043ac37cd6afd613e6e466,2026-09-24T17:42:45.920993-07:00,NFL,NFL,,Tate Ratledge,,,,QUESTIONABLE,G,,,,INJURY_AVAILABILITY,ESPN_PUBLIC,Questionable INJURY_STATUS_QUESTIONABLE Elbow,high
ESPN-CTX-94104548ba1fae271945b505,2026-09-24T17:42:45.920993-07:00,NFL,NFL,,Ben Bartch,,,,QUESTIONABLE,G,,,,INJURY_AVAILABILITY,ESPN_PUBLIC,Questionable INJURY_STATUS_QUESTIONABLE Foot,high
ESPN-CTX-968e73b3230032f26e4429b3,2026-09-24T17:42:45.920993-07:00,NFL,NFL,,Avonte Maddox,,,,IR/IL,CB,,,,INJURY_AVAILABILITY,ESPN_PUBLIC,Injured Reserve INJURY_STATUS_IR Foot,high
ESPN-CTX-1d18f81955b6537271d727b0,2026-09-24T17:42:45.920993-07:00,NFL,NFL,,Christian Mahogany,,,,QUESTIONABLE,G,,,,INJURY_AVAILABILITY,ESPN_PUBLIC,Questionable INJURY_STATUS_QUESTIONABLE Hip,high
ESPN-CTX-9a07c980f35cd810647465ee,2026-09-24T17:42:45.920993-07:00,NFL,NFL,,Blake Miller,,,,QUESTIONABLE,OT,,,,INJURY_AVAILABILITY,ESPN_PUBLIC,Questionable INJURY_STATUS_QUESTIONABLE Knee,high
ESPN-CTX-c76e123a9c7bbac228f92932,2026-09-24T17:42:45.920993-07:00,NFL,NFL,,Jimmy Rolder,,,,ACTIVE,LB,,,,INJURY_AVAILABILITY,ESPN_PUBLIC,Active INJURY_STATUS_ACTIVE,high
ESPN-CTX-4354ec673e1b6c9130f3a689,2026-09-24T17:42:45.920993-07:00,NFL,NFL,,Keith Abney II,,,,ACTIVE,CB,,,,INJURY_AVAILABILITY,ESPN_PUBLIC,Active INJURY_STATUS_ACTIVE,high
ESPN-CTX-1b67bcef7c7d8995d4cb0323,2026-09-24T17:42:45.920993-07:00,NFL,NFL,,Ennis Rakestraw Jr.,,,,ACTIVE,CB,,,,INJURY_AVAILABILITY,ESPN_PUBLIC,Active INJURY_STATUS_ACTIVE,high
ESPN-CTX-c6a0fe7473f410933cc318bd,2026-09-24T17:42:45.920993-07:00,NFL,NFL,,Mekhi Wingo,,,,ACTIVE,DT,,,,INJURY_AVAILABILITY,ESPN_PUBLIC,Active INJURY_STATUS_ACTIVE,high
ESPN-CTX-ecf96d1e89bed8593e9d63f3,2026-09-24T17:42:45.920993-07:00,NFL,NFL,,Aidan Hutchinson,,,,ACTIVE,DE,,,,INJURY_AVAILABILITY,ESPN_PUBLIC,Active INJURY_STATUS_ACTIVE,high
ESPN-CTX-c10d056f94469f0cc8a52b27,2026-09-24T17:42:45.920993-07:00,NFL,NFL,,Jack Campbell,,,,ACTIVE,LB,,,,INJURY_AVAILABILITY,ESPN_PUBLIC,Active INJURY_STATUS_ACTIVE,high
ESPN-CTX-81dddbf1e3a60bdac96f5e9b,2026-09-24T17:42:45.920993-07:00,NFL,NFL,,Jacob Saylors,,,,ACTIVE,RB,,,,INJURY_AVAILABILITY,ESPN_PUBLIC,Active INJURY_STATUS_ACTIVE,high
ESPN-CTX-54a8b453d3179bb6809db2ac,2026-09-24T17:42:45.920993-07:00,NFL,NFL,,Sione Vaki,,,,ACTIVE,RB,,,,INJURY_AVAILABILITY,ESPN_PUBLIC,Active INJURY_STATUS_ACTIVE,high
ESPN-CTX-de6a764ad34ee38ec958e2d3,2026-09-24T17:42:45.920993-07:00,NFL,NFL,,Isaac TeSlaa,,,,ACTIVE,WR,,,,INJURY_AVAILABILITY,ESPN_PUBLIC,Active INJURY_STATUS_ACTIVE,high
ESPN-CTX-50d6133cd33a1e6c2aa429bb,2026-09-24T17:42:45.920993-07:00,NFL,NFL,,Jameson Williams,,,,ACTIVE,WR,,,,INJURY_AVAILABILITY,ESPN_PUBLIC,Active INJURY_STATUS_ACTIVE,high
ESPN-CTX-7d8aa37ef96919e5884367ac,2026-09-24T17:42:45.920993-07:00,NFL,NFL,,Sam LaPorta,,,,ACTIVE,TE,,,,INJURY_AVAILABILITY,ESPN_PUBLIC,Active INJURY_STATUS_ACTIVE,high
ESPN-CTX-2ed8152d873eb0661888e6ba,2026-09-24T17:42:45.920993-07:00,NFL,NFL,,Derrick Barnes,,,,ACTIVE,LB,,,,INJURY_AVAILABILITY,ESPN_PUBLIC,Active INJURY_STATUS_ACTIVE,high
ESPN-CTX-f6c8b033cab24cfdf6e569cd,2026-09-24T17:42:45.920993-07:00,NFL,NFL,,Chuck Clark,,,,ACTIVE,S,,,,INJURY_AVAILABILITY,ESPN_PUBLIC,Active INJURY_STATUS_ACTIVE,high
ESPN-CTX-f3eda4fef67ee7430e91ecc9,2026-09-24T17:42:45.920993-07:00,NFL,NFL,,Jared Goff,,,,ACTIVE,QB,,,,INJURY_AVAILABILITY,ESPN_PUBLIC,Active INJURY_STATUS_ACTIVE,high
ESPN-CTX-625937cf3a430279878368cd,2026-09-24T17:42:45.920993-07:00,NFL,NFL,,Jake Bates,,,,ACTIVE,PK,,,,INJURY_AVAILABILITY,ESPN_PUBLIC,Active INJURY_STATUS_ACTIVE,high
ESPN-CTX-f476d4dbfb136b9fb1f49182,2026-09-24T17:42:45.920993-07:00,NFL,NFL,,Amon-Ra St. Brown,,,,ACTIVE,WR,,,,INJURY_AVAILABILITY,ESPN_PUBLIC,Active INJURY_STATUS_ACTIVE,high
ESPN-CTX-f7e5e0509fc83b477a490c65,2026-09-24T17:42:45.920993-07:00,NFL,NFL,,Jahmyr Gibbs,,,,ACTIVE,RB,,,,INJURY_AVAILABILITY,ESPN_PUBLIC,Active INJURY_STATUS_ACTIVE,high
ESPN-CTX-bd856c4ea5f7bb0cedfb72aa,2026-09-24T17:42:45.920993-07:00,NFL,NFL,,Levi Onwuzurike,,,,ACTIVE,DE,,,,INJURY_AVAILABILITY,ESPN_PUBLIC,Active INJURY_STATUS_ACTIVE,high
ESPN-CTX-b3bf6d8fe2975df62c62e280,2026-09-24T17:42:45.920993-07:00,NFL,NFL,,Anthony Campbell,,,,OUT,DT,,,,INJURY_AVAILABILITY,ESPN_PUBLIC,Out INJURY_STATUS_OUT Ankle,high
ESPN-CTX-9c2f8d583989e9db139ca8dc,2026-09-24T17:42:45.920993-07:00,NFL,NFL,,Javon Hargrave,,,,ACTIVE,DT,,,,INJURY_AVAILABILITY,ESPN_PUBLIC,Active INJURY_STATUS_ACTIVE,high
ESPN-CTX-e67451a99ae5ffd3ab7e0f4f,2026-09-24T17:42:45.920993-07:00,NFL,NFL,,Jayden Reed,,,,OUT,WR,,,,INJURY_AVAILABILITY,ESPN_PUBLIC,Out INJURY_STATUS_OUT Neck,high
ESPN-CTX-1782312afeb3e3f77948d6b8,2026-09-24T17:42:45.920993-07:00,NFL,NFL,,Zach Bako-Bewele,,,,OUT,OT,,,,INJURY_AVAILABILITY,ESPN_PUBLIC,Out INJURY_STATUS_OUT Knee,high
ESPN-CTX-de0941a8fb5591fa34b396fc,2026-09-24T17:42:45.920993-07:00,NFL,NFL,,Donovan Jennings,,,,ACTIVE,G,,,,INJURY_AVAILABILITY,ESPN_PUBLIC,Active INJURY_STATUS_ACTIVE,high
ESPN-CTX-8fc2fcdb38c7bd45b48fcf24,2026-09-24T17:42:45.920993-07:00,NFL,NFL,,Aaron Banks,,,,OUT,G,,,,INJURY_AVAILABILITY,ESPN_PUBLIC,Out INJURY_STATUS_OUT Toe,high
ESPN-CTX-9589ce27db4347685afeaeb8,2026-09-24T17:42:45.920993-07:00,NFL,NFL,,Warren Brinson,,,,OUT,DT,,,,INJURY_AVAILABILITY,ESPN_PUBLIC,Out INJURY_STATUS_OUT Calf,high
ESPN-CTX-de64823d1a279084af614c34,2026-09-24T17:42:45.920993-07:00,NFL,NFL,,Edgerrin Cooper,,,,ACTIVE,LB,,,,INJURY_AVAILABILITY,ESPN_PUBLIC,Active INJURY_STATUS_ACTIVE,high
ESPN-CTX-e6038eb35415c315e1a63a7b,2026-09-24T17:42:45.920993-07:00,NFL,NFL,,Anthony Belton,,,,ACTIVE,OT,,,,INJURY_AVAILABILITY,ESPN_PUBLIC,Active INJURY_STATUS_ACTIVE,high
ESPN-CTX-e4b4a81301ab840f91af22e0,2026-09-24T17:42:45.920993-07:00,NFL,NFL,,Brandon Cisse,,,,ACTIVE,CB,,,,INJURY_AVAILABILITY,ESPN_PUBLIC,Active INJURY_STATUS_ACTIVE,high
ESPN-CTX-a6c20eb922f50ee289d83928,2026-09-24T17:42:45.920993-07:00,NFL,NFL,,Skyy Moore,,,,ACTIVE,WR,,,,INJURY_AVAILABILITY,ESPN_PUBLIC,Active INJURY_STATUS_ACTIVE,high
ESPN-CTX-e7b69cab2597dc4878d84979,2026-09-24T17:42:45.920993-07:00,NFL,NFL,,Kaleb Johnson,,,,ACTIVE,RB,,,,INJURY_AVAILABILITY,ESPN_PUBLIC,Active INJURY_STATUS_ACTIVE,high
ESPN-CTX-ea40b2e833056c6c040a7fc5,2026-09-24T17:42:45.920993-07:00,NFL,NFL,,Jonnu Smith,,,,ACTIVE,TE,,,,INJURY_AVAILABILITY,ESPN_PUBLIC,Active INJURY_STATUS_ACTIVE,high
ESPN-CTX-b7963e10176f2294eeda2022,2026-09-24T17:42:45.920993-07:00,NFL,NFL,,Chris Brooks,,,,ACTIVE,RB,,,,INJURY_AVAILABILITY,ESPN_PUBLIC,Active INJURY_STATUS_ACTIVE,high
ESPN-CTX-ac86fb86b27c70741499a615,2026-09-24T17:42:45.920993-07:00,NFL,NFL,,Benjamin St-Juste,,,,ACTIVE,CB,,,,INJURY_AVAILABILITY,ESPN_PUBLIC,Active INJURY_STATUS_ACTIVE,high
ESPN-CTX-46b434625c2dc2aae7ff4b70,2026-09-24T17:42:45.920993-07:00,NFL,NFL,,Evan Williams,,,,ACTIVE,S,,,,INJURY_AVAILABILITY,ESPN_PUBLIC,Active INJURY_STATUS_ACTIVE,high
ESPN-CTX-6c25f1c63f5c2e4a529fb0a4,2026-09-24T17:42:45.920993-07:00,NFL,NFL,,Lukas Van Ness,,,,ACTIVE,DE,,,,INJURY_AVAILABILITY,ESPN_PUBLIC,Active INJURY_STATUS_ACTIVE,high
ESPN-CTX-e5ec095f615bd8e383ab6135,2026-09-24T17:42:45.920993-07:00,NFL,NFL,,Bo Melton,,,,ACTIVE,WR,,,,INJURY_AVAILABILITY,ESPN_PUBLIC,Active INJURY_STATUS_ACTIVE,high
ESPN-CTX-c62b05ef6b9cd0191ef4745b,2026-09-24T17:42:45.920993-07:00,NFL,NFL,,John Williams,,,,ACTIVE,G,,,,INJURY_AVAILABILITY,ESPN_PUBLIC,Active INJURY_STATUS_ACTIVE,high
ESPN-CTX-de6b94e7e6297dd7e459aedc,2026-09-24T17:42:45.920993-07:00,NFL,NFL,,Travis Glover,,,,ACTIVE,OT,,,,INJURY_AVAILABILITY,ESPN_PUBLIC,Active INJURY_STATUS_ACTIVE,high
ESPN-CTX-8dcb5ede86b89223eac0c4ab,2026-09-24T17:42:45.920993-07:00,NFL,NFL,,MarShawn Lloyd,,,,ACTIVE,RB,,,,INJURY_AVAILABILITY,ESPN_PUBLIC,Active INJURY_STATUS_ACTIVE,high
ESPN-CTX-b427c3664bb92ec06d3596bf,2026-09-24T17:42:45.920993-07:00,NFL,NFL,,Trey Smack,,,,ACTIVE,PK,,,,INJURY_AVAILABILITY,ESPN_PUBLIC,Active INJURY_STATUS_ACTIVE,high
ESPN-CTX-1743aad5559b7ee8e70b97f5,2026-09-24T17:42:45.920993-07:00,NFL,NFL,,Tucker Kraft,,,,ACTIVE,TE,,,,INJURY_AVAILABILITY,ESPN_PUBLIC,Active INJURY_STATUS_ACTIVE,high
ESPN-CTX-db9ab2b128c928c36c7f4426,2026-09-24T17:42:45.920993-07:00,NFL,NFL,,Matthew Golden,,,,ACTIVE,WR,,,,INJURY_AVAILABILITY,ESPN_PUBLIC,Active INJURY_STATUS_ACTIVE,high
ESPN-CTX-a713c1206671f29d7487ea65,2026-09-24T17:42:45.920993-07:00,NFL,NFL,,Christian Watson,,,,ACTIVE,WR,,,,INJURY_AVAILABILITY,ESPN_PUBLIC,Active INJURY_STATUS_ACTIVE,high
ESPN-CTX-7f90536a02c09258c6026de2,2026-09-24T17:42:45.920993-07:00,NFL,NFL,,Logan Hall,,,,ACTIVE,DE,,,,INJURY_AVAILABILITY,ESPN_PUBLIC,Active INJURY_STATUS_ACTIVE,high
ESPN-CTX-e57ed1da5fd342fdbbbeca96,2026-09-24T17:42:45.920993-07:00,NFL,NFL,,Nico Collins,,,,QUESTIONABLE,WR,,,,INJURY_AVAILABILITY,ESPN_PUBLIC,Questionable INJURY_STATUS_QUESTIONABLE Hamstring,high
ESPN-CTX-e58f446a6d098b6be32a0ea0,2026-09-24T17:42:45.920993-07:00,NFL,NFL,,M.J. Stewart,,,,OUT,S,,,,INJURY_AVAILABILITY,ESPN_PUBLIC,Out INJURY_STATUS_OUT Quadriceps,high
ESPN-CTX-6cf09ece087f0b937d73aa39,2026-09-24T17:42:45.920993-07:00,NFL,NFL,,Trent Brown,,,,QUESTIONABLE,OT,,,,INJURY_AVAILABILITY,ESPN_PUBLIC,Questionable INJURY_STATUS_QUESTIONABLE Knee,high
ESPN-CTX-6e4ab074c245f7ad750ff5da,2026-09-24T17:42:45.920993-07:00,NFL,NFL,,Will Anderson Jr.,,,,ACTIVE,DE,,,,INJURY_AVAILABILITY,ESPN_PUBLIC,Active INJURY_STATUS_ACTIVE,high
ESPN-CTX-6d40221949cea5937c25cb74,2026-09-24T17:42:45.920993-07:00,NFL,NFL,,Jaylin Noel,,,,ACTIVE,WR,,,,INJURY_AVAILABILITY,ESPN_PUBLIC,Active INJURY_STATUS_ACTIVE,high
ESPN-CTX-6136b46f1d670b92e0872c55,2026-09-24T17:42:45.920993-07:00,NFL,NFL,,Azeez Al-Shaair,,,,ACTIVE,LB,,,,INJURY_AVAILABILITY,ESPN_PUBLIC,Active INJURY_STATUS_ACTIVE,high
ESPN-CTX-e144cfe7caa28a5cd2899ee9,2026-09-24T17:42:45.920993-07:00,NFL,NFL,,Jared Wayne,,,,ACTIVE,WR,,,,INJURY_AVAILABILITY,ESPN_PUBLIC,Active INJURY_STATUS_ACTIVE,high
ESPN-CTX-881e6ef7a3a241b51c8176cf,2026-09-24T17:42:45.920993-07:00,NFL,NFL,,Foster Moreau,,,,ACTIVE,TE,,,,INJURY_AVAILABILITY,ESPN_PUBLIC,Active INJURY_STATUS_ACTIVE,high
ESPN-CTX-cf7c16f6be8bb801ffbb1dab,2026-09-24T17:42:45.920993-07:00,NFL,NFL,,Jake Hummel,,,,QUESTIONABLE,LB,,,,INJURY_AVAILABILITY,ESPN_PUBLIC,Questionable INJURY_STATUS_QUESTIONABLE Groin,high
ESPN-CTX-c73d4601d0e399104ab5338d,2026-09-24T17:42:45.920993-07:00,NFL,NFL,,Ed Ingram,,,,QUESTIONABLE,G,,,,INJURY_AVAILABILITY,ESPN_PUBLIC,Questionable INJURY_STATUS_QUESTIONABLE Groin,high
ESPN-CTX-a6aacfc1483558adf9d39a9f,2026-09-24T17:42:45.920993-07:00,NFL,NFL,,Jadeveon Clowney,,,,QUESTIONABLE,DE,,,,INJURY_AVAILABILITY,ESPN_PUBLIC,Questionable INJURY_STATUS_QUESTIONABLE Knee,high
ESPN-CTX-dbf956611df811b7b764905e,2026-09-24T17:42:45.920993-07:00,NFL,NFL,,Kayshon Boutte,,,,ACTIVE,WR,,,,INJURY_AVAILABILITY,ESPN_PUBLIC,Active INJURY_STATUS_ACTIVE,high
ESPN-CTX-cbbf3460f96d916c9f8d004b,2026-09-24T17:42:45.920993-07:00,NFL,NFL,,Xavier Hutchinson,,,,ACTIVE,WR,,,,INJURY_AVAILABILITY,ESPN_PUBLIC,Active INJURY_STATUS_ACTIVE,high
ESPN-CTX-d9ffbbf7bdfc87805095cc3f,2026-09-24T17:42:45.920993-07:00,NFL,NFL,,Nate Thomas,,,,ACTIVE,OT,,,,INJURY_AVAILABILITY,ESPN_PUBLIC,Active INJURY_STATUS_ACTIVE,high
ESPN-CTX-e6ee6bd760b1dc7aa231f31e,2026-09-24T17:42:45.920993-07:00,NFL,NFL,,Brevin Jordan,,,,ACTIVE,TE,,,,INJURY_AVAILABILITY,ESPN_PUBLIC,Active INJURY_STATUS_ACTIVE,high
ESPN-CTX-1c471bff7106fc16d2ea97a2,2026-09-24T17:42:45.920993-07:00,NFL,NFL,,Collin Wright,,,,ACTIVE,CB,,,,INJURY_AVAILABILITY,ESPN_PUBLIC,Active INJURY_STATUS_ACTIVE,high
ESPN-CTX-3e0945e361809b850653ba70,2026-09-24T17:42:45.920993-07:00,NFL,NFL,,Ka'imi Fairbairn,,,,ACTIVE,PK,,,,INJURY_AVAILABILITY,ESPN_PUBLIC,Active INJURY_STATUS_ACTIVE,high
ESPN-CTX-4b65036dcabc0578b03c808e,2026-09-24T17:42:45.920993-07:00,NFL,NFL,,Woody Marks,,,,ACTIVE,RB,,,,INJURY_AVAILABILITY,ESPN_PUBLIC,Active INJURY_STATUS_ACTIVE,high
ESPN-CTX-4701561de96f5de6237d68a4,2026-09-24T17:42:45.920993-07:00,NFL,NFL,,Dalton Schultz,,,,ACTIVE,TE,,,,INJURY_AVAILABILITY,ESPN_PUBLIC,Active INJURY_STATUS_ACTIVE,high
ESPN-CTX-09ec3e15d0f0c729e25ba518,2026-09-24T17:42:45.920993-07:00,NFL,NFL,,David Montgomery,,,,ACTIVE,RB,,,,INJURY_AVAILABILITY,ESPN_PUBLIC,Active INJURY_STATUS_ACTIVE,high
ESPN-CTX-4132d50b798812e5f0945a18,2026-09-24T17:42:45.920993-07:00,NFL,NFL,,C.J. Stroud,,,,ACTIVE,QB,,,,INJURY_AVAILABILITY,ESPN_PUBLIC,Active INJURY_STATUS_ACTIVE,high
ESPN-CTX-e9c95d98d80da6c6a1d7c702,2026-09-24T17:42:45.920993-07:00,NFL,NFL,,Henry To'oTo'o,,,,IR/IL,LB,,,,INJURY_AVAILABILITY,ESPN_PUBLIC,Injured Reserve INJURY_STATUS_IR Shoulder,high
ESPN-CTX-417387ec1ef64f2df70068a0,2026-09-24T17:42:45.920993-07:00,NFL,NFL,,Jaden Crumedy,,,,ACTIVE,DT,,,,INJURY_AVAILABILITY,ESPN_PUBLIC,Active INJURY_STATUS_ACTIVE,high
ESPN-CTX-9402fc7dae6e643b3f3cfa59,2026-09-24T17:42:45.920993-07:00,NFL,NFL,,Febechi Nwaiwu,,,,ACTIVE,G,,,,INJURY_AVAILABILITY,ESPN_PUBLIC,Active INJURY_STATUS_ACTIVE,high
ESPN-CTX-0cf0b2f69eb1deb957effc71,2026-09-24T17:42:45.920993-07:00,NFL,NFL,,Ashton Dulin,,,,QUESTIONABLE,WR,,,,INJURY_AVAILABILITY,ESPN_PUBLIC,Questionable INJURY_STATUS_QUESTIONABLE Ankle,high
ESPN-CTX-d765e5bc3606e6a89a8bebc4,2026-09-24T17:42:45.920993-07:00,NFL,NFL,,Charvarius Ward,,,,QUESTIONABLE,CB,,,,INJURY_AVAILABILITY,ESPN_PUBLIC,Questionable INJURY_STATUS_QUESTIONABLE Groin,high
ESPN-CTX-d15a2fa542cd5361b725d103,2026-09-24T17:42:45.920993-07:00,NFL,NFL,,DJ Giddens,,,,ACTIVE,RB,,,,INJURY_AVAILABILITY,ESPN_PUBLIC,Active INJURY_STATUS_ACTIVE,high
ESPN-CTX-525baee4cc88816bea59479e,2026-09-24T17:42:45.920993-07:00,NFL,NFL,,Alec Pierce,,,,OUT,WR,,,,INJURY_AVAILABILITY,ESPN_PUBLIC,Out INJURY_STATUS_OUT Heel,high
ESPN-CTX-8d45022847b071da1aa8876b,2026-09-24T17:42:45.920993-07:00,NFL,NFL,,Laquon Treadwell,,,,ACTIVE,WR,,,,INJURY_AVAILABILITY,ESPN_PUBLIC,Active INJURY_STATUS_ACTIVE,high
ESPN-CTX-7d970210af9bef52a7ad14c8,2026-09-24T17:42:45.920993-07:00,NFL,NFL,,Akeem Davis-Gaither,,,,ACTIVE,LB,,,,INJURY_AVAILABILITY,ESPN_PUBLIC,Active INJURY_STATUS_ACTIVE,high
ESPN-CTX-ee0a5fdf3f971375a06e3b8c,2026-09-24T17:42:45.920993-07:00,NFL,NFL,,Micheal Clemons,,,,IR/IL,DE,,,,INJURY_AVAILABILITY,ESPN_PUBLIC,Injured Reserve INJURY_STATUS_IR Toe,high
ESPN-CTX-a5fd3b0d9c1596c3fd066d01,2026-09-24T17:42:45.920993-07:00,NFL,NFL,,Seth McGowan,,,,ACTIVE,RB,,,,INJURY_AVAILABILITY,ESPN_PUBLIC,Active INJURY_STATUS_ACTIVE,high
ESPN-CTX-f2e33ded6925e26adba7832f,2026-09-24T17:42:45.920993-07:00,NFL,NFL,,Darius Slayton,,,,ACTIVE,WR,,,,INJURY_AVAILABILITY,ESPN_PUBLIC,Active INJURY_STATUS_ACTIVE,high
ESPN-CTX-e27e8dae7e61f66739b1d822,2026-09-24T17:42:45.920993-07:00,NFL,NFL,,Spencer Shrader,,,,ACTIVE,PK,,,,INJURY_AVAILABILITY,ESPN_PUBLIC,Active INJURY_STATUS_ACTIVE,high
ESPN-CTX-845a8f5b51f0cb58ef1e90f8,2026-09-24T17:42:45.920993-07:00,NFL,NFL,,Dalton Tucker,,,,ACTIVE,G,,,,INJURY_AVAILABILITY,ESPN_PUBLIC,Active INJURY_STATUS_ACTIVE,high
ESPN-CTX-36a568da3a4394b00aae9b15,2026-09-24T17:42:45.920993-07:00,NFL,NFL,,Austin Ajiake,,,,ACTIVE,LB,,,,INJURY_AVAILABILITY,ESPN_PUBLIC,Active INJURY_STATUS_ACTIVE,high
ESPN-CTX-355a35a26c873d0628bef4f6,2026-09-24T17:42:45.920993-07:00,NFL,NFL,,George Gumbs Jr.,,,,ACTIVE,LB,,,,INJURY_AVAILABILITY,ESPN_PUBLIC,Active INJURY_STATUS_ACTIVE,high
ESPN-CTX-b16418b52af4487f6e6c52d6,2026-09-24T17:42:45.920993-07:00,NFL,NFL,,Riley Leonard,,,,ACTIVE,QB,,,,INJURY_AVAILABILITY,ESPN_PUBLIC,Active INJURY_STATUS_ACTIVE,high
ESPN-CTX-bf00a78c3151495dc0aeb1c6,2026-09-24T17:42:45.920993-07:00,NFL,NFL,,Keenan Allen,,,,ACTIVE,WR,,,,INJURY_AVAILABILITY,ESPN_PUBLIC,Active INJURY_STATUS_ACTIVE,high
ESPN-CTX-55dcbed212e498bfdfeabf80,2026-09-24T17:42:45.920993-07:00,NFL,NFL,,Josh Downs,,,,ACTIVE,WR,,,,INJURY_AVAILABILITY,ESPN_PUBLIC,Active INJURY_STATUS_ACTIVE,high
ESPN-CTX-ac602b3bfd2fb94ce7b1b590,2026-09-24T17:42:45.920993-07:00,NFL,NFL,,Daniel Jones,,,,ACTIVE,QB,,,,INJURY_AVAILABILITY,ESPN_PUBLIC,Active INJURY_STATUS_ACTIVE,high
ESPN-CTX-dbde76afc763fe426eeaf8ee,2026-09-24T17:42:45.920993-07:00,NFL,NFL,,Tyler Warren,,,,ACTIVE,TE,,,,INJURY_AVAILABILITY,ESPN_PUBLIC,Active INJURY_STATUS_ACTIVE,high
ESPN-CTX-5a168d4d1f57def187569d4b,2026-09-24T17:42:45.920993-07:00,NFL,NFL,,Jonathan Taylor,,,,ACTIVE,RB,,,,INJURY_AVAILABILITY,ESPN_PUBLIC,Active INJURY_STATUS_ACTIVE,high
ESPN-CTX-5422ff6cc90fadcdc0044e8e,2026-09-24T17:42:45.920993-07:00,NFL,NFL,,Anthony Richardson Sr.,,,,ACTIVE,QB,,,,INJURY_AVAILABILITY,ESPN_PUBLIC,Active INJURY_STATUS_ACTIVE,high
ESPN-CTX-af7252ab64b71cc8e458555b,2026-09-24T17:42:45.920993-07:00,NFL,NFL,,Cam Taylor-Britt,,,,ACTIVE,CB,,,,INJURY_AVAILABILITY,ESPN_PUBLIC,Active INJURY_STATUS_ACTIVE,high
ESPN-CTX-3ab87f5ffcccdb432bfb0539,2026-09-24T17:42:45.920993-07:00,NFL,NFL,,Drew Ogletree,,,,ACTIVE,TE,,,,INJURY_AVAILABILITY,ESPN_PUBLIC,Active INJURY_STATUS_ACTIVE,high
ESPN-CTX-f55a3e878f2519afec759338,2026-09-24T17:42:45.920993-07:00,NFL,NFL,,A.J. Haulcy,,,,ACTIVE,S,,,,INJURY_AVAILABILITY,ESPN_PUBLIC,Active INJURY_STATUS_ACTIVE,high
ESPN-CTX-f6ee064214a67b8883f4a79c,2026-09-24T17:42:45.920993-07:00,NFL,NFL,,Sedrick Van Pran-Granger,,,,ACTIVE,C,,,,INJURY_AVAILABILITY,ESPN_PUBLIC,Active INJURY_STATUS_ACTIVE,high
ESPN-CTX-e0e6d4819df15f594f1c8e5a,2026-09-24T17:42:45.920993-07:00,NFL,NFL,,Sauce Gardner,,,,ACTIVE,CB,,,,INJURY_AVAILABILITY,ESPN_PUBLIC,Active INJURY_STATUS_ACTIVE,high
ESPN-CTX-c5176347f0573ea0db51071c,2026-09-24T17:42:45.920993-07:00,NFL,NFL,,Jakobi Meyers,,,,QUESTIONABLE,WR,,,,INJURY_AVAILABILITY,ESPN_PUBLIC,Questionable INJURY_STATUS_QUESTIONABLE Thumb,high
ESPN-CTX-2ef82a07d1d3f43944450c05,2026-09-24T17:42:45.920993-07:00,NFL,NFL,,LeQuint Allen Jr.,,,,QUESTIONABLE,RB,,,,INJURY_AVAILABILITY,ESPN_PUBLIC,Questionable INJURY_STATUS_QUESTIONABLE Hip,high
ESPN-CTX-86fe6335b225e6787ab5fdf1,2026-09-24T17:42:45.920993-07:00,NFL,NFL,,DaVon Hamilton,,,,QUESTIONABLE,DT,,,,INJURY_AVAILABILITY,ESPN_PUBLIC,Questionable INJURY_STATUS_QUESTIONABLE Back,high
ESPN-CTX-c2fa9b51e7742cc6ab0e5df7,2026-09-24T17:42:45.920993-07:00,NFL,NFL,,Cole Van Lanen,,,,QUESTIONABLE,OT,,,,INJURY_AVAILABILITY,ESPN_PUBLIC,Questionable INJURY_STATUS_QUESTIONABLE Knee,high
ESPN-CTX-fb1ba283f353e2fa6237b33c,2026-09-24T17:42:45.920993-07:00,NFL,NFL,,Robert Hainsey,,,,QUESTIONABLE,C,,,,INJURY_AVAILABILITY,ESPN_PUBLIC,Questionable INJURY_STATUS_QUESTIONABLE Elbow,high
ESPN-CTX-5c53f005e0ada5543c1b77c7,2026-09-24T17:42:45.920993-07:00,NFL,NFL,,Ameer Abdullah,,,,ACTIVE,RB,,,,INJURY_AVAILABILITY,ESPN_PUBLIC,Active INJURY_STATUS_ACTIVE,high
ESPN-CTX-35fa60c3c596dea8e92b41da,2026-09-24T17:42:45.920993-07:00,NFL,NFL,,Josh Cameron,,,,ACTIVE,WR,,,,INJURY_AVAILABILITY,ESPN_PUBLIC,Active INJURY_STATUS_ACTIVE,high
ESPN-CTX-9aab3dc102c6ef04d1278185,2026-09-24T17:42:45.920993-07:00,NFL,NFL,,Foyesade Oluokun,,,,ACTIVE,LB,,,,INJURY_AVAILABILITY,ESPN_PUBLIC,Active INJURY_STATUS_ACTIVE,high
ESPN-CTX-e50a8c066a7b6ea61e3b140f,2026-09-24T17:42:45.920993-07:00,NFL,NFL,,Travis Hunter,,,,ACTIVE,WR,,,,INJURY_AVAILABILITY,ESPN_PUBLIC,Active INJURY_STATUS_ACTIVE,high
ESPN-CTX-3cf50de601335cdc5ee473a3,2026-09-24T17:42:45.920993-07:00,NFL,NFL,,Jack Kiser,,,,ACTIVE,LB,,,,INJURY_AVAILABILITY,ESPN_PUBLIC,Active INJURY_STATUS_ACTIVE,high
ESPN-CTX-1b4bef7eef6b9fd1d00fc298,2026-09-24T17:42:45.920993-07:00,NFL,NFL,,Daniel Faalele,,,,ACTIVE,G,,,,INJURY_AVAILABILITY,ESPN_PUBLIC,Active INJURY_STATUS_ACTIVE,high
ESPN-CTX-7bac363d19156e77106e370d,2026-09-24T17:42:45.920993-07:00,NFL,NFL,,Jalen Huskey,,,,ACTIVE,S,,,,INJURY_AVAILABILITY,ESPN_PUBLIC,Active INJURY_STATUS_ACTIVE,high
ESPN-CTX-cab5e71a3febdc78cb8b0da8,2026-09-24T17:42:45.920993-07:00,NFL,NFL,,Wesley Williams,,,,ACTIVE,DE,,,,INJURY_AVAILABILITY,ESPN_PUBLIC,Active INJURY_STATUS_ACTIVE,high
ESPN-CTX-83c70525850eaf13b48367ed,2026-09-24T17:42:45.920993-07:00,NFL,NFL,,Cam Little,,,,ACTIVE,PK,,,,INJURY_AVAILABILITY,ESPN_PUBLIC,Active INJURY_STATUS_ACTIVE,high
ESPN-CTX-814499546aa53602acfb89b3,2026-09-24T17:42:45.920993-07:00,NFL,NFL,,Brenton Strange,,,,ACTIVE,TE,,,,INJURY_AVAILABILITY,ESPN_PUBLIC,Active INJURY_STATUS_ACTIVE,high
ESPN-CTX-cb65af8bfa1cc0e1330ca07d,2026-09-24T17:42:45.920993-07:00,NFL,NFL,,Brian Thomas Jr.,,,,ACTIVE,WR,,,,INJURY_AVAILABILITY,ESPN_PUBLIC,Active INJURY_STATUS_ACTIVE,high
ESPN-CTX-3f8da12d07b0a867de1b151b,2026-09-24T17:42:45.920993-07:00,NFL,NFL,,Trevor Lawrence,,,,ACTIVE,QB,,,,INJURY_AVAILABILITY,ESPN_PUBLIC,Active INJURY_STATUS_ACTIVE,high
ESPN-CTX-ca59646e5a828d4a0915a1e8,2026-09-24T17:42:45.920993-07:00,NFL,NFL,,Parker Washington,,,,ACTIVE,WR,,,,INJURY_AVAILABILITY,ESPN_PUBLIC,Active INJURY_STATUS_ACTIVE,high
ESPN-CTX-7a78efdbb6851079b91034c3,2026-09-24T17:42:45.920993-07:00,NFL,NFL,,Bhayshul Tuten,,,,ACTIVE,RB,,,,INJURY_AVAILABILITY,ESPN_PUBLIC,Active INJURY_STATUS_ACTIVE,high
ESPN-CTX-2d24e6a6dbd2f6137f63260b,2026-09-24T17:42:45.920993-07:00,NFL,NFL,,Chris Rodriguez Jr.,,,,ACTIVE,RB,,,,INJURY_AVAILABILITY,ESPN_PUBLIC,Active INJURY_STATUS_ACTIVE,high
ESPN-CTX-7ed7877c2ac0eadcd050f5e5,2026-09-24T17:42:45.920993-07:00,NFL,NFL,,CJ Williams,,,,ACTIVE,WR,,,,INJURY_AVAILABILITY,ESPN_PUBLIC,Active INJURY_STATUS_ACTIVE,high
ESPN-CTX-8d6206617eafe9c53331bab8,2026-09-24T17:42:45.920993-07:00,NFL,NFL,,Tanner Koziol,,,,ACTIVE,TE,,,,INJURY_AVAILABILITY,ESPN_PUBLIC,Active INJURY_STATUS_ACTIVE,high
ESPN-CTX-e0052ead390d5c50a85df48f,2026-09-24T17:42:45.920993-07:00,NFL,NFL,,Quinn Ewers,,,,ACTIVE,QB,,,,INJURY_AVAILABILITY,ESPN_PUBLIC,Active INJURY_STATUS_ACTIVE,high
ESPN-CTX-71bacecbe7d724ecea096aaf,2026-09-24T17:42:45.920993-07:00,NFL,NFL,,B.J. Green II,,,,IR/IL,DE,,,,INJURY_AVAILABILITY,ESPN_PUBLIC,Injured Reserve INJURY_STATUS_IR Elbow,high
ESPN-CTX-3ccef6c1f44d866958a7681f,2026-09-24T17:42:45.920993-07:00,NFL,NFL,,Ventrell Miller,,,,ACTIVE,LB,,,,INJURY_AVAILABILITY,ESPN_PUBLIC,Active INJURY_STATUS_ACTIVE,high
ESPN-CTX-c3441d81612b2c68de990857,2026-09-24T17:42:45.920993-07:00,NFL,NFL,,Felix Anudike-Uzomah,,,,ACTIVE,DE,,,,INJURY_AVAILABILITY,ESPN_PUBLIC,Active INJURY_STATUS_ACTIVE,high
ESPN-CTX-62395a389afeb80242aa5d93,2026-09-24T17:42:45.920993-07:00,NFL,NFL,,L'Jarius Sneed,,,,QUESTIONABLE,CB,,,,INJURY_AVAILABILITY,ESPN_PUBLIC,Questionable INJURY_STATUS_QUESTIONABLE Knee,high
ESPN-CTX-83cb13007c3e0f7791724a01,2026-09-24T17:42:45.920993-07:00,NFL,NFL,,Chris Jones,,,,QUESTIONABLE,DT,,,,INJURY_AVAILABILITY,ESPN_PUBLIC,Questionable INJURY_STATUS_QUESTIONABLE Calf,high
ESPN-CTX-8303425e9013c3537da49ee5,2026-09-24T17:42:45.920993-07:00,NFL,NFL,,Jalen Royals,,,,ACTIVE,WR,,,,INJURY_AVAILABILITY,ESPN_PUBLIC,Active INJURY_STATUS_ACTIVE,high
ESPN-CTX-e0cf6e078f84ec5645f6d65f,2026-09-24T17:42:45.920993-07:00,NFL,NFL,,Jaden Hicks,,,,ACTIVE,S,,,,INJURY_AVAILABILITY,ESPN_PUBLIC,Active INJURY_STATUS_ACTIVE,high
ESPN-CTX-a9a45c859220cf57c8d73a36,2026-09-24T17:42:45.920993-07:00,NFL,NFL,,Nick Bolton,,,,ACTIVE,LB,,,,INJURY_AVAILABILITY,ESPN_PUBLIC,Active INJURY_STATUS_ACTIVE,high
ESPN-CTX-4353e43db12ff0c8a3b477ed,2026-09-24T17:42:45.920993-07:00,NFL,NFL,,Cyrus Allen,,,,ACTIVE,WR,,,,INJURY_AVAILABILITY,ESPN_PUBLIC,Active INJURY_STATUS_ACTIVE,high
ESPN-CTX-005b9fc4d906dfe9fbdc6a98,2026-09-24T17:42:45.920993-07:00,NFL,NFL,,Noah Gray,,,,ACTIVE,TE,,,,INJURY_AVAILABILITY,ESPN_PUBLIC,Active INJURY_STATUS_ACTIVE,high
ESPN-CTX-016b64ea77b000fb72fe0263,2026-09-24T17:42:45.920993-07:00,NFL,NFL,,Tyquan Thornton,,,,ACTIVE,WR,,,,INJURY_AVAILABILITY,ESPN_PUBLIC,Active INJURY_STATUS_ACTIVE,high
ESPN-CTX-a293c8554a655ffd62534312,2026-09-24T17:42:45.920993-07:00,NFL,NFL,,Harrison Butker,,,,ACTIVE,PK,,,,INJURY_AVAILABILITY,ESPN_PUBLIC,Active INJURY_STATUS_ACTIVE,high
ESPN-CTX-dfb1fd3450bf9a5832fd53ef,2026-09-24T17:42:45.920993-07:00,NFL,NFL,,Emmett Johnson,,,,ACTIVE,RB,,,,INJURY_AVAILABILITY,ESPN_PUBLIC,Active INJURY_STATUS_ACTIVE,high
ESPN-CTX-65db00079e231ac2ebbf2dd0,2026-09-24T17:42:45.920993-07:00,NFL,NFL,,Xavier Worthy,,,,ACTIVE,WR,,,,INJURY_AVAILABILITY,ESPN_PUBLIC,Active INJURY_STATUS_ACTIVE,high
ESPN-CTX-29f94c223f1280c200b19031,2026-09-24T17:42:45.920993-07:00,NFL,NFL,,Travis Kelce,,,,ACTIVE,TE,,,,INJURY_AVAILABILITY,ESPN_PUBLIC,Active INJURY_STATUS_ACTIVE,high
ESPN-CTX-50c9adbb688d56012ee27d41,2026-09-24T17:42:45.920993-07:00,NFL,NFL,,Rashee Rice,,,,ACTIVE,WR,,,,INJURY_AVAILABILITY,ESPN_PUBLIC,Active INJURY_STATUS_ACTIVE,high
ESPN-CTX-55685fe439fd0fe531be4a0c,2026-09-24T17:42:45.920993-07:00,NFL,NFL,,Patrick Mahomes,,,,ACTIVE,QB,,,,INJURY_AVAILABILITY,ESPN_PUBLIC,Active INJURY_STATUS_ACTIVE,high
ESPN-CTX-9e3c5beaea84d6a3ea7bf5a9,2026-09-24T17:42:45.920993-07:00,NFL,NFL,,Kenneth Walker III,,,,ACTIVE,RB,,,,INJURY_AVAILABILITY,ESPN_PUBLIC,Active INJURY_STATUS_ACTIVE,high
ESPN-CTX-6da258f48d2aad3d82b4fb33,2026-09-24T17:42:45.920993-07:00,NFL,NFL,,Mansoor Delane,,,,ACTIVE,CB,,,,INJURY_AVAILABILITY,ESPN_PUBLIC,Active INJURY_STATUS_ACTIVE,high
ESPN-CTX-c1f6d8ceab196481f0dcb30b,2026-09-24T17:42:45.920993-07:00,NFL,NFL,,Cooper McDonald,,,,IR/IL,LB,,,,INJURY_AVAILABILITY,ESPN_PUBLIC,Injured Reserve INJURY_STATUS_IR Knee,high
ESPN-CTX-ac24693212ecd7a849148260,2026-09-24T17:42:45.920993-07:00,NFL,NFL,,Nikko Remigio,,,,ACTIVE,WR,,,,INJURY_AVAILABILITY,ESPN_PUBLIC,Active INJURY_STATUS_ACTIVE,high
ESPN-CTX-dbafb657cb8c1ac6c1c1a6e0,2026-09-24T17:42:45.920993-07:00,NFL,NFL,,Jake Briningstool,,,,ACTIVE,TE,,,,INJURY_AVAILABILITY,ESPN_PUBLIC,Active INJURY_STATUS_ACTIVE,high
ESPN-CTX-e318456a309d6a1df5ffcddb,2026-09-24T17:42:45.920993-07:00,NFL,NFL,,Brashard Smith,,,,ACTIVE,RB,,,,INJURY_AVAILABILITY,ESPN_PUBLIC,Active INJURY_STATUS_ACTIVE,high
ESPN-CTX-d1679ce7b3f0e265bb3f260a,2026-09-24T17:42:45.920993-07:00,NFL,NFL,,Ashton Gillotte,,,,ACTIVE,DE,,,,INJURY_AVAILABILITY,ESPN_PUBLIC,Active INJURY_STATUS_ACTIVE,high
ESPN-CTX-290c59524138c9869205e312,2026-09-24T17:42:45.920993-07:00,NFL,NFL,,Trey Smith,,,,ACTIVE,G,,,,INJURY_AVAILABILITY,ESPN_PUBLIC,Active INJURY_STATUS_ACTIVE,high
ESPN-CTX-0da4930127332a2dce8aadcb,2026-09-24T17:42:45.920993-07:00,NFL,NFL,,R Mason Thomas,,,,ACTIVE,DE,,,,INJURY_AVAILABILITY,ESPN_PUBLIC,Active INJURY_STATUS_ACTIVE,high
ESPN-CTX-5599fca587923e0e2ff22e17,2026-09-24T17:42:45.920993-07:00,NFL,NFL,,Drue Tranquill,,,,ACTIVE,LB,,,,INJURY_AVAILABILITY,ESPN_PUBLIC,Active INJURY_STATUS_ACTIVE,high
ESPN-CTX-7dd4ad1d4e374c197163f54f,2026-09-24T17:42:45.920993-07:00,NFL,NFL,,Kwity Paye,,,,QUESTIONABLE,DE,,,,INJURY_AVAILABILITY,ESPN_PUBLIC,Questionable INJURY_STATUS_QUESTIONABLE Illness,high
ESPN-CTX-cd3855612444c057703548e6,2026-09-24T17:42:45.920993-07:00,NFL,NFL,,Dareke Young,,,,ACTIVE,WR,,,,INJURY_AVAILABILITY,ESPN_PUBLIC,Active INJURY_STATUS_ACTIVE,high
ESPN-CTX-d9a064ad2cdab9c579010220,2026-09-24T17:42:45.920993-07:00,NFL,NFL,,Folorunso Fatukasi,,,,ACTIVE,DT,,,,INJURY_AVAILABILITY,ESPN_PUBLIC,Active INJURY_STATUS_ACTIVE,high
ESPN-CTX-afdadea1e81a799a19f4f77f,2026-09-24T17:42:45.920993-07:00,NFL,NFL,,Brock Bowers,,,,QUESTIONABLE,TE,,,,INJURY_AVAILABILITY,ESPN_PUBLIC,Questionable INJURY_STATUS_QUESTIONABLE Knee - Meniscus,high
ESPN-CTX-04c4a40981dd5e15f57de135,2026-09-24T17:42:45.920993-07:00,NFL,NFL,,Treydan Stukes,,,,QUESTIONABLE,S,,,,INJURY_AVAILABILITY,ESPN_PUBLIC,Questionable INJURY_STATUS_QUESTIONABLE Concussion,high
ESPN-CTX-97e3563d2203f063eebec6f2,2026-09-24T17:42:45.920993-07:00,NFL,NFL,,Darien Porter,,,,ACTIVE,CB,,,,INJURY_AVAILABILITY,ESPN_PUBLIC,Active INJURY_STATUS_ACTIVE,high
ESPN-CTX-17d417b4fb4331e41b0432ac,2026-09-24T17:42:45.920993-07:00,NFL,NFL,,Nakobe Dean,,,,ACTIVE,LB,,,,INJURY_AVAILABILITY,ESPN_PUBLIC,Active INJURY_STATUS_ACTIVE,high
ESPN-CTX-29ae035b011eec4b3024deca,2026-09-24T17:42:45.920993-07:00,NFL,NFL,,Jack Bech,,,,ACTIVE,WR,,,,INJURY_AVAILABILITY,ESPN_PUBLIC,Active INJURY_STATUS_ACTIVE,high
ESPN-CTX-3adc72cee5b3b801069dd3f1,2026-09-24T17:42:45.920993-07:00,NFL,NFL,,Hezekiah Masses,,,,ACTIVE,CB,,,,INJURY_AVAILABILITY,ESPN_PUBLIC,Active INJURY_STATUS_ACTIVE,high
ESPN-CTX-682ace8ea481980b095bbea3,2026-09-24T17:42:45.920993-07:00,NFL,NFL,,Quay Walker,,,,ACTIVE,LB,,,,INJURY_AVAILABILITY,ESPN_PUBLIC,Active INJURY_STATUS_ACTIVE,high
ESPN-CTX-23e84b2a3217e32cac81411f,2026-09-24T17:42:45.920993-07:00,NFL,NFL,,Aidan O'Connell,,,,QUESTIONABLE,QB,,,,INJURY_AVAILABILITY,ESPN_PUBLIC,Questionable INJURY_STATUS_QUESTIONABLE Personal,high
ESPN-CTX-64df4f4aef5b3a2c2fe3acb1,2026-09-24T17:42:45.920993-07:00,NFL,NFL,,Cody White,,,,ACTIVE,WR,,,,INJURY_AVAILABILITY,ESPN_PUBLIC,Active INJURY_STATUS_ACTIVE,high
ESPN-CTX-cb94a4be345c3588a33eb7bc,2026-09-24T17:42:45.920993-07:00,NFL,NFL,,Fernando Mendoza,,,,ACTIVE,QB,,,,INJURY_AVAILABILITY,ESPN_PUBLIC,Active INJURY_STATUS_ACTIVE,high
ESPN-CTX-102d78512e29b1ba7ed5302b,2026-09-24T17:42:45.920993-07:00,NFL,NFL,,Matt Gay,,,,ACTIVE,PK,,,,INJURY_AVAILABILITY,ESPN_PUBLIC,Active INJURY_STATUS_ACTIVE,high
ESPN-CTX-931c32b9dd7339812fb0c3fe,2026-09-24T17:42:45.920993-07:00,NFL,NFL,,Bryce Cabeldue,,,,ACTIVE,G,,,,INJURY_AVAILABILITY,ESPN_PUBLIC,Active INJURY_STATUS_ACTIVE,high
ESPN-CTX-f0aa19ec3eeb5401650dd0a0,2026-09-24T17:42:45.920993-07:00,NFL,NFL,,Dalton Johnson,,,,ACTIVE,S,,,,INJURY_AVAILABILITY,ESPN_PUBLIC,Active INJURY_STATUS_ACTIVE,high
ESPN-CTX-207b833a59aaf76918f05ffd,2026-09-24T17:42:45.920993-07:00,NFL,NFL,,Tristin McCollum,,,,ACTIVE,S,,,,INJURY_AVAILABILITY,ESPN_PUBLIC,Active INJURY_STATUS_ACTIVE,high
ESPN-CTX-a76ada8d108074331993e0f6,2026-09-24T17:42:45.920993-07:00,NFL,NFL,,JJ Pegues,,,,ACTIVE,DT,,,,INJURY_AVAILABILITY,ESPN_PUBLIC,Active INJURY_STATUS_ACTIVE,high
ESPN-CTX-33ea3685d2e654fa033113b9,2026-09-24T17:42:45.920993-07:00,NFL,NFL,,Jalen Nailor,,,,ACTIVE,WR,,,,INJURY_AVAILABILITY,ESPN_PUBLIC,Active INJURY_STATUS_ACTIVE,high
ESPN-CTX-7d85c50561e88979b12eaa28,2026-09-24T17:42:45.920993-07:00,NFL,NFL,,Mike Washington Jr.,,,,ACTIVE,RB,,,,INJURY_AVAILABILITY,ESPN_PUBLIC,Active INJURY_STATUS_ACTIVE,high
ESPN-CTX-5badfba47b4dd0a4cc38d1fd,2026-09-24T17:42:45.920993-07:00,NFL,NFL,,Michael Mayer,,,,ACTIVE,TE,,,,INJURY_AVAILABILITY,ESPN_PUBLIC,Active INJURY_STATUS_ACTIVE,high
ESPN-CTX-d3bea5c23335ef6b84b1a573,2026-09-24T17:42:45.920993-07:00,NFL,NFL,,Kirk Cousins,,,,ACTIVE,QB,,,,INJURY_AVAILABILITY,ESPN_PUBLIC,Active INJURY_STATUS_ACTIVE,high
ESPN-CTX-523bc412159be012f41d35eb,2026-09-24T17:42:45.920993-07:00,NFL,NFL,,Ashton Jeanty,,,,ACTIVE,RB,,,,INJURY_AVAILABILITY,ESPN_PUBLIC,Active INJURY_STATUS_ACTIVE,high
ESPN-CTX-99bd5b8aaa1687fef426c910,2026-09-24T17:42:45.920993-07:00,NFL,NFL,,Tre Tucker,,,,ACTIVE,WR,,,,INJURY_AVAILABILITY,ESPN_PUBLIC,Active INJURY_STATUS_ACTIVE,high
ESPN-CTX-8a5e89b5569d8ffdd0e53ce2,2026-09-24T17:42:45.920993-07:00,NFL,NFL,,Maxx Crosby,,,,ACTIVE,DE,,,,INJURY_AVAILABILITY,ESPN_PUBLIC,Active INJURY_STATUS_ACTIVE,high
ESPN-CTX-de2bfc9a7b2eb153a12fe6f2,2026-09-24T17:42:45.920993-07:00,NFL,NFL,,Cole Strange,,,,ACTIVE,G,,,,INJURY_AVAILABILITY,ESPN_PUBLIC,Active INJURY_STATUS_ACTIVE,high
ESPN-CTX-5bebe9b36a581b2eae68f7a3,2026-09-24T17:42:45.920993-07:00,NFL,NFL,,Rashawn Slater,,,,ACTIVE,OT,,,,INJURY_AVAILABILITY,ESPN_PUBLIC,Active INJURY_STATUS_ACTIVE,high
ESPN-CTX-8464c9066af3e8cd4dac47b9,2026-09-24T17:42:45.920993-07:00,NFL,NFL,,Derwin James Jr.,,,,ACTIVE,S,,,,INJURY_AVAILABILITY,ESPN_PUBLIC,Active INJURY_STATUS_ACTIVE,high
ESPN-CTX-8a80b3b29e3c19622898e7a5,2026-09-24T17:42:45.920993-07:00,NFL,NFL,,Deane Leonard,,,,ACTIVE,CB,,,,INJURY_AVAILABILITY,ESPN_PUBLIC,Active INJURY_STATUS_ACTIVE,high
ESPN-CTX-6098b9e2e1ce48a520e662d3,2026-09-24T17:42:45.920993-07:00,NFL,NFL,,Dalvin Tomlinson,,,,DOUBTFUL,DT,,,,INJURY_AVAILABILITY,ESPN_PUBLIC,Doubtful INJURY_STATUS_DOUBTFUL Hamstring,high
ESPN-CTX-ce3140bf4a6cce81921d770c,2026-09-24T17:42:45.920993-07:00,NFL,NFL,,Elijah Molden,,,,QUESTIONABLE,CB,,,,INJURY_AVAILABILITY,ESPN_PUBLIC,Questionable INJURY_STATUS_QUESTIONABLE Hamstring,high
ESPN-CTX-086af55c776e4743c7c37b65,2026-09-24T17:42:45.920993-07:00,NFL,NFL,,Marquez Valdes-Scantling,,,,ACTIVE,WR,,,,INJURY_AVAILABILITY,ESPN_PUBLIC,Active INJURY_STATUS_ACTIVE,high
ESPN-CTX-d704985da164382060b6f14f,2026-09-24T17:42:45.920993-07:00,NFL,NFL,,Brenen Thompson,,,,QUESTIONABLE,WR,,,,INJURY_AVAILABILITY,ESPN_PUBLIC,Questionable INJURY_STATUS_QUESTIONABLE Quadriceps,high
ESPN-CTX-54c205ffb8ad61d02ae762d5,2026-09-24T17:42:45.920993-07:00,NFL,NFL,,Tuli Tuipulotu,,,,QUESTIONABLE,LB,,,,INJURY_AVAILABILITY,ESPN_PUBLIC,Questionable INJURY_STATUS_QUESTIONABLE Hamstring,high
ESPN-CTX-7de25060ca13aabe1b196c73,2026-09-24T17:42:45.920993-07:00,NFL,NFL,,Rodney Shelley,,,,QUESTIONABLE,CB,,,,INJURY_AVAILABILITY,ESPN_PUBLIC,Questionable INJURY_STATUS_QUESTIONABLE Hamstring,high
ESPN-CTX-cb3868bcae882269a0ed9bfd,2026-09-24T17:42:45.920993-07:00,NFL,NFL,,David Njoku,,,,IR/IL,TE,,,,INJURY_AVAILABILITY,ESPN_PUBLIC,Injured Reserve INJURY_STATUS_IR Lower Leg,high
ESPN-CTX-6b1dda6f17227195c982c5ef,2026-09-24T17:42:45.920993-07:00,NFL,NFL,,Kayode Awosika,,,,DOUBTFUL,G,,,,INJURY_AVAILABILITY,ESPN_PUBLIC,Doubtful INJURY_STATUS_DOUBTFUL Lower Leg,high
ESPN-CTX-3183dc7eae39bc72e5d9972d,2026-09-24T17:42:45.920993-07:00,NFL,NFL,,Charlie Kolar,,,,OUT,TE,,,,INJURY_AVAILABILITY,ESPN_PUBLIC,Out INJURY_STATUS_OUT Forearm,high
ESPN-CTX-42a6765516b1aa335b254202,2026-09-24T17:42:45.920993-07:00,NFL,NFL,,Kimani Vidal,,,,ACTIVE,RB,,,,INJURY_AVAILABILITY,ESPN_PUBLIC,Active INJURY_STATUS_ACTIVE,high
ESPN-CTX-d8575b338d5fd25b9b43bddc,2026-09-24T17:42:45.920993-07:00,NFL,NFL,,Daiyan Henley,,,,ACTIVE,LB,,,,INJURY_AVAILABILITY,ESPN_PUBLIC,Active INJURY_STATUS_ACTIVE,high
ESPN-CTX-be74afd1dd2e1774db73802e,2026-09-24T17:42:45.920993-07:00,NFL,NFL,,Hayden Rucci,,,,ACTIVE,TE,,,,INJURY_AVAILABILITY,ESPN_PUBLIC,Active INJURY_STATUS_ACTIVE,high
ESPN-CTX-cc5e4972f1375776ba4d1551,2026-09-24T17:42:45.920993-07:00,NFL,NFL,,Trey Pipkins III,,,,QUESTIONABLE,OT,,,,INJURY_AVAILABILITY,ESPN_PUBLIC,Questionable INJURY_STATUS_QUESTIONABLE Knee,high
ESPN-CTX-589aeac8e14b2831d38c33c1,2026-09-24T17:42:45.920993-07:00,NFL,NFL,,Tre' Harris,,,,ACTIVE,WR,,,,INJURY_AVAILABILITY,ESPN_PUBLIC,Active INJURY_STATUS_ACTIVE,high
ESPN-CTX-02c69a4cfed52ecc58a00f73,2026-09-24T17:42:45.920993-07:00,NFL,NFL,,Keaton Mitchell,,,,ACTIVE,RB,,,,INJURY_AVAILABILITY,ESPN_PUBLIC,Active INJURY_STATUS_ACTIVE,high
ESPN-CTX-acfa02b788641067455e92b8,2026-09-24T17:42:45.920993-07:00,NFL,NFL,,Oronde Gadsden,,,,ACTIVE,TE,,,,INJURY_AVAILABILITY,ESPN_PUBLIC,Active INJURY_STATUS_ACTIVE,high
ESPN-CTX-1dabb34fb1624b37724db59e,2026-09-24T17:42:45.920993-07:00,NFL,NFL,,Logan Taylor,,,,ACTIVE,G,,,,INJURY_AVAILABILITY,ESPN_PUBLIC,Active INJURY_STATUS_ACTIVE,high
ESPN-CTX-fe615ddc5cbac4e858f718de,2026-09-24T17:42:45.920993-07:00,NFL,NFL,,Alex Harkey,,,,ACTIVE,G,,,,INJURY_AVAILABILITY,ESPN_PUBLIC,Active INJURY_STATUS_ACTIVE,high
ESPN-CTX-11b86007c6a29a4a777a8216,2026-09-24T17:42:45.920993-07:00,NFL,NFL,,Isas Waxter,,,,ACTIVE,CB,,,,INJURY_AVAILABILITY,ESPN_PUBLIC,Active INJURY_STATUS_ACTIVE,high
ESPN-CTX-081b6962ac05f727a6d6fcf3,2026-09-24T17:42:45.920993-07:00,NFL,NFL,,Cameron Dicker,,,,ACTIVE,PK,,,,INJURY_AVAILABILITY,ESPN_PUBLIC,Active INJURY_STATUS_ACTIVE,high
ESPN-CTX-74c9d6dc1ca26b6218cfbda5,2026-09-24T17:42:45.920993-07:00,NFL,NFL,,Quentin Johnston,,,,ACTIVE,WR,,,,INJURY_AVAILABILITY,ESPN_PUBLIC,Active INJURY_STATUS_ACTIVE,high
ESPN-CTX-59865d335f848c4bac18dbdb,2026-09-24T17:42:45.920993-07:00,NFL,NFL,,Alaric Jackson,,,,ACTIVE,OT,,,,INJURY_AVAILABILITY,ESPN_PUBLIC,Active INJURY_STATUS_ACTIVE,high
ESPN-CTX-253dd6c17da9be664ff30af6,2026-09-24T17:42:45.920993-07:00,NFL,NFL,,Terrance Ferguson,,,,ACTIVE,TE,,,,INJURY_AVAILABILITY,ESPN_PUBLIC,Active INJURY_STATUS_ACTIVE,high
ESPN-CTX-e16b832f0e21e9d09ab2e545,2026-09-24T17:42:45.920993-07:00,NFL,NFL,,Puka Nacua,,,,QUESTIONABLE,WR,,,,INJURY_AVAILABILITY,ESPN_PUBLIC,Questionable INJURY_STATUS_QUESTIONABLE Hip,high
ESPN-CTX-a053fca6ce9d9413828a8538,2026-09-24T17:42:45.920993-07:00,NFL,NFL,,Kamren Kinchens,,,,QUESTIONABLE,S,,,,INJURY_AVAILABILITY,ESPN_PUBLIC,Questionable INJURY_STATUS_QUESTIONABLE Hamstring,high
ESPN-CTX-f56383459dd2690eeb6c7704,2026-09-24T17:42:45.920993-07:00,NFL,NFL,,Nate Landman,,,,QUESTIONABLE,LB,,,,INJURY_AVAILABILITY,ESPN_PUBLIC,Questionable INJURY_STATUS_QUESTIONABLE Shoulder,high
ESPN-CTX-fa6bf328c749354c1fbb576a,2026-09-24T17:42:45.920993-07:00,NFL,NFL,,Jordan Whittington,,,,QUESTIONABLE,WR,,,,INJURY_AVAILABILITY,ESPN_PUBLIC,Questionable INJURY_STATUS_QUESTIONABLE Quadriceps,high
ESPN-CTX-078722f69e02fbe00fa998bc,2026-09-24T17:42:45.920993-07:00,NFL,NFL,,Ronnie Rivers,,,,IR/IL,RB,,,,INJURY_AVAILABILITY,ESPN_PUBLIC,Injured Reserve INJURY_STATUS_IR Calf,high
ESPN-CTX-9f802f160df6e9ffc62d089e,2026-09-24T17:42:45.920993-07:00,NFL,NFL,,Colby Parkinson,,,,QUESTIONABLE,TE,,,,INJURY_AVAILABILITY,ESPN_PUBLIC,Questionable INJURY_STATUS_QUESTIONABLE Knee,high
ESPN-CTX-74220225d884996f0c799fa8,2026-09-24T17:42:45.920993-07:00,NFL,NFL,,Kam Curl,,,,ACTIVE,S,,,,INJURY_AVAILABILITY,ESPN_PUBLIC,Active INJURY_STATUS_ACTIVE,high
ESPN-CTX-fc392fbe32e71b39e8660799,2026-09-24T17:42:45.920993-07:00,NFL,NFL,,Quentin Lake,,,,ACTIVE,S,,,,INJURY_AVAILABILITY,ESPN_PUBLIC,Active INJURY_STATUS_ACTIVE,high
ESPN-CTX-98ee225ed99a2b451724d5de,2026-09-24T17:42:45.920993-07:00,NFL,NFL,,Xavier Smith,,,,ACTIVE,WR,,,,INJURY_AVAILABILITY,ESPN_PUBLIC,Active INJURY_STATUS_ACTIVE,high
ESPN-CTX-73a63b67195861a8764c1891,2026-09-24T17:42:45.920993-07:00,NFL,NFL,,Tyler Higbee,,,,ACTIVE,TE,,,,INJURY_AVAILABILITY,ESPN_PUBLIC,Active INJURY_STATUS_ACTIVE,high
ESPN-CTX-3f6eb39ffebc15ce22f9fe05,2026-09-24T17:42:45.920993-07:00,NFL,NFL,,Tutu Atwell,,,,ACTIVE,WR,,,,INJURY_AVAILABILITY,ESPN_PUBLIC,Active INJURY_STATUS_ACTIVE,high
ESPN-CTX-6fcc917d876088d37287c2ef,2026-09-24T17:42:45.920993-07:00,NFL,NFL,,Konata Mumpfield,,,,ACTIVE,WR,,,,INJURY_AVAILABILITY,ESPN_PUBLIC,Active INJURY_STATUS_ACTIVE,high
ESPN-CTX-60ce4844ef0dd3c0d266e20b,2026-09-24T17:42:45.920993-07:00,NFL,NFL,,Davis Allen,,,,ACTIVE,TE,,,,INJURY_AVAILABILITY,ESPN_PUBLIC,Active INJURY_STATUS_ACTIVE,high
ESPN-CTX-05555f350617e006b3ac0fe8,2026-09-24T17:42:45.920993-07:00,NFL,NFL,,Harrison Mevis,,,,ACTIVE,PK,,,,INJURY_AVAILABILITY,ESPN_PUBLIC,Active INJURY_STATUS_ACTIVE,high
ESPN-CTX-f28bde421f56cf3c18bd08ce,2026-09-24T17:42:45.920993-07:00,NFL,NFL,,Bill Murray,,,,ACTIVE,G,,,,INJURY_AVAILABILITY,ESPN_PUBLIC,Active INJURY_STATUS_ACTIVE,high
ESPN-CTX-e2167563b5b068871c6d0f46,2026-09-24T17:42:45.920993-07:00,NFL,NFL,,Ty Simpson,,,,ACTIVE,QB,,,,INJURY_AVAILABILITY,ESPN_PUBLIC,Active INJURY_STATUS_ACTIVE,high
ESPN-CTX-7d8e5912f146154f19a03c7f,2026-09-24T17:42:45.920993-07:00,NFL,NFL,,CJ Daniels,,,,ACTIVE,WR,,,,INJURY_AVAILABILITY,ESPN_PUBLIC,Active INJURY_STATUS_ACTIVE,high
ESPN-CTX-fba32444aac8d1e76edb3f88,2026-09-24T17:42:45.920993-07:00,NFL,NFL,,Matthew Stafford,,,,ACTIVE,QB,,,,INJURY_AVAILABILITY,ESPN_PUBLIC,Active INJURY_STATUS_ACTIVE,high
ESPN-CTX-a4719ebbc36f79565bae872f,2026-09-24T17:42:45.920993-07:00,NFL,NFL,,Blake Corum,,,,ACTIVE,RB,,,,INJURY_AVAILABILITY,ESPN_PUBLIC,Active INJURY_STATUS_ACTIVE,high
ESPN-CTX-35e4e49bfb97e4c8282cbdb9,2026-09-24T17:42:45.920993-07:00,NFL,NFL,,Kyren Williams,,,,ACTIVE,RB,,,,INJURY_AVAILABILITY,ESPN_PUBLIC,Active INJURY_STATUS_ACTIVE,high
ESPN-CTX-627ae3d878f3468202254578,2026-09-24T17:42:45.920993-07:00,NFL,NFL,,Davante Adams,,,,ACTIVE,WR,,,,INJURY_AVAILABILITY,ESPN_PUBLIC,Active INJURY_STATUS_ACTIVE,high
ESPN-CTX-1dd540724708ddae0bcd31e1,2026-09-24T17:42:45.920993-07:00,NFL,NFL,,Aaron Donald,,,,ACTIVE,DT,,,,INJURY_AVAILABILITY,ESPN_PUBLIC,Active INJURY_STATUS_ACTIVE,high
ESPN-CTX-dfd9efb8a80769e626b4c962,2026-09-24T17:42:45.920993-07:00,NFL,NFL,,Omar Speights,,,,ACTIVE,LB,,,,INJURY_AVAILABILITY,ESPN_PUBLIC,Active INJURY_STATUS_ACTIVE,high
ESPN-CTX-9a2d19eac24f9029a8c736d1,2026-09-24T17:42:45.920993-07:00,NFL,NFL,,Caleb Douglas,,,,QUESTIONABLE,WR,,,,INJURY_AVAILABILITY,ESPN_PUBLIC,Questionable INJURY_STATUS_QUESTIONABLE Ankle,high
ESPN-CTX-82d939ee9f8e365eb4b6ccb1,2026-09-24T17:42:45.920993-07:00,NFL,NFL,,Chris Bell,,,,QUESTIONABLE,WR,,,,INJURY_AVAILABILITY,ESPN_PUBLIC,Questionable INJURY_STATUS_QUESTIONABLE Knee,high
ESPN-CTX-ee3b668f4e9811de86980843,2026-09-24T17:42:45.920993-07:00,NFL,NFL,,Robert Beal Jr.,,,,QUESTIONABLE,DE,,,,INJURY_AVAILABILITY,ESPN_PUBLIC,Questionable INJURY_STATUS_QUESTIONABLE Hamstring,high
ESPN-CTX-432f079f85118307ffecb386,2026-09-24T17:42:45.920993-07:00,NFL,NFL,,Ryan Miller,,,,QUESTIONABLE,WR,,,,INJURY_AVAILABILITY,ESPN_PUBLIC,Questionable INJURY_STATUS_QUESTIONABLE Hip,high
ESPN-CTX-3036880d0897ffd8ca0253fc,2026-09-24T17:42:45.920993-07:00,NFL,NFL,,Jaylen Wright,,,,QUESTIONABLE,RB,,,,INJURY_AVAILABILITY,ESPN_PUBLIC,Questionable INJURY_STATUS_QUESTIONABLE Foot,high
ESPN-CTX-5b0739ca2882ce6c24dfb168,2026-09-24T17:42:45.920993-07:00,NFL,NFL,,Chop Robinson,,,,ACTIVE,LB,,,,INJURY_AVAILABILITY,ESPN_PUBLIC,Active INJURY_STATUS_ACTIVE,high
ESPN-CTX-c6b33330680a29b0bf96fde0,2026-09-24T17:42:45.920993-07:00,NFL,NFL,,JuJu Brents,,,,QUESTIONABLE,CB,,,,INJURY_AVAILABILITY,ESPN_PUBLIC,Questionable INJURY_STATUS_QUESTIONABLE Knee,high
ESPN-CTX-15368e9df2f8a4746d211fe2,2026-09-24T17:42:45.920993-07:00,NFL,NFL,,Tucker Addington,,,,QUESTIONABLE,LS,,,,INJURY_AVAILABILITY,ESPN_PUBLIC,Questionable INJURY_STATUS_QUESTIONABLE Shoulder,high
ESPN-CTX-c2a0ef358d0a0e3f9e03e389,2026-09-24T17:42:45.920993-07:00,NFL,NFL,,Kevin Coleman Jr.,,,,ACTIVE,WR,,,,INJURY_AVAILABILITY,ESPN_PUBLIC,Active INJURY_STATUS_ACTIVE,high
ESPN-CTX-f3f32515d5ecdb6ef8f7fd21,2026-09-24T17:42:45.920993-07:00,NFL,NFL,,Jordyn Brooks,,,,ACTIVE,LB,,,,INJURY_AVAILABILITY,ESPN_PUBLIC,Active INJURY_STATUS_ACTIVE,high
ESPN-CTX-91db73afc7a7380f745bd99c,2026-09-24T17:42:45.920993-07:00,NFL,NFL,,Jacob Rodriguez,,,,ACTIVE,LB,,,,INJURY_AVAILABILITY,ESPN_PUBLIC,Active INJURY_STATUS_ACTIVE,high
ESPN-CTX-c0c19bb7c6381330ce68fe7f,2026-09-24T17:42:45.920993-07:00,NFL,NFL,,Ollie Gordon II,,,,ACTIVE,RB,,,,INJURY_AVAILABILITY,ESPN_PUBLIC,Active INJURY_STATUS_ACTIVE,high
ESPN-CTX-5f037b1a823f00d371b70e80,2026-09-24T17:42:45.920993-07:00,NFL,NFL,,Malik Washington,,,,ACTIVE,WR,,,,INJURY_AVAILABILITY,ESPN_PUBLIC,Active INJURY_STATUS_ACTIVE,high
ESPN-CTX-baa77eeba8cbca680dfc048c,2026-09-24T17:42:45.920993-07:00,NFL,NFL,,Greg Dulcich,,,,ACTIVE,TE,,,,INJURY_AVAILABILITY,ESPN_PUBLIC,Active INJURY_STATUS_ACTIVE,high
ESPN-CTX-581f39b1deb287967ba98e58,2026-09-24T17:42:45.920993-07:00,NFL,NFL,,Riley Patterson,,,,ACTIVE,PK,,,,INJURY_AVAILABILITY,ESPN_PUBLIC,Active INJURY_STATUS_ACTIVE,high
ESPN-CTX-c2233f0d96bc8cb33081d955,2026-09-24T17:42:45.920993-07:00,NFL,NFL,,Marcellas Dial Jr.,,,,ACTIVE,CB,,,,INJURY_AVAILABILITY,ESPN_PUBLIC,Active INJURY_STATUS_ACTIVE,high
ESPN-CTX-312e6db515e9d5624bbf44ce,2026-09-24T17:42:45.920993-07:00,NFL,NFL,,Jalen Tolbert,,,,ACTIVE,WR,,,,INJURY_AVAILABILITY,ESPN_PUBLIC,Active INJURY_STATUS_ACTIVE,high
ESPN-CTX-99b8a3a55a7535c53f87d17e,2026-09-24T17:42:45.920993-07:00,NFL,NFL,,Justin Joly,,,,ACTIVE,TE,,,,INJURY_AVAILABILITY,ESPN_PUBLIC,Active INJURY_STATUS_ACTIVE,high
ESPN-CTX-5feb86d5919a5214d2f4eb04,2026-09-24T17:42:45.920993-07:00,NFL,NFL,,DJ Campbell,,,,ACTIVE,G,,,,INJURY_AVAILABILITY,ESPN_PUBLIC,Active INJURY_STATUS_ACTIVE,high
ESPN-CTX-dbe5ed0c377e544d0519df20,2026-09-24T17:42:45.920993-07:00,NFL,NFL,,Brady Cook,,,,ACTIVE,QB,,,,INJURY_AVAILABILITY,ESPN_PUBLIC,Active INJURY_STATUS_ACTIVE,high
ESPN-CTX-082a30597fad1fee72b1df06,2026-09-24T17:42:45.920993-07:00,NFL,NFL,,Chukwuebuka Godrick,,,,ACTIVE,OT,,,,INJURY_AVAILABILITY,ESPN_PUBLIC,Active INJURY_STATUS_ACTIVE,high
ESPN-CTX-e85324493247e09129d8ef72,2026-09-24T17:42:45.920993-07:00,NFL,NFL,,Malik Willis,,,,ACTIVE,QB,,,,INJURY_AVAILABILITY,ESPN_PUBLIC,Active INJURY_STATUS_ACTIVE,high
ESPN-CTX-ba320707637fa259733df8e7,2026-09-24T17:42:45.920993-07:00,NFL,NFL,,De'Von Achane,,,,ACTIVE,RB,,,,INJURY_AVAILABILITY,ESPN_PUBLIC,Active INJURY_STATUS_ACTIVE,high
ESPN-CTX-f831faa1b1fac4f8fc159cd5,2026-09-24T17:42:45.920993-07:00,NFL,NFL,,Ronnie Harrison Jr.,,,,IR/IL,LB,,,,INJURY_AVAILABILITY,ESPN_PUBLIC,Injured Reserve INJURY_STATUS_IR Hamstring,high
ESPN-CTX-321bbd749bd1627477c817a6,2026-09-24T17:42:45.920993-07:00,NFL,NFL,,Seydou Traore,,,,ACTIVE,TE,,,,INJURY_AVAILABILITY,ESPN_PUBLIC,Active INJURY_STATUS_ACTIVE,high
ESPN-CTX-1540be70b0ba1bb37b142228,2026-09-24T17:42:45.920993-07:00,NFL,NFL,,DeeJay Dallas,,,,QUESTIONABLE,RB,,,,INJURY_AVAILABILITY,ESPN_PUBLIC,Questionable INJURY_STATUS_QUESTIONABLE Toe,high
ESPN-CTX-01e2e04f923efcc4c1af3c8e,2026-09-24T17:42:45.920993-07:00,NFL,NFL,,Tyrion Ingram-Dawkins,,,,ACTIVE,DE,,,,INJURY_AVAILABILITY,ESPN_PUBLIC,Active INJURY_STATUS_ACTIVE,high
ESPN-CTX-52a47189f12013f32645ed12,2026-09-24T17:42:45.920993-07:00,NFL,NFL,,Brian O'Neill,,,,ACTIVE,OT,,,,INJURY_AVAILABILITY,ESPN_PUBLIC,Active INJURY_STATUS_ACTIVE,high
ESPN-CTX-78f4ad71ba568f25b0d49232,2026-09-24T17:42:45.920993-07:00,NFL,NFL,,Aaron Jones Sr.,,,,QUESTIONABLE,RB,,,,INJURY_AVAILABILITY,ESPN_PUBLIC,Questionable INJURY_STATUS_QUESTIONABLE Knee,high
ESPN-CTX-4f5f22d0f5994a0e3cf2fcaf,2026-09-24T17:42:45.920993-07:00,NFL,NFL,,Jauan Jennings,,,,ACTIVE,WR,,,,INJURY_AVAILABILITY,ESPN_PUBLIC,Active INJURY_STATUS_ACTIVE,high
ESPN-CTX-491529332bd7f88c3f7c4093,2026-09-24T17:42:45.920993-07:00,NFL,NFL,,Jalen Redmond,,,,QUESTIONABLE,DT,,,,INJURY_AVAILABILITY,ESPN_PUBLIC,Questionable INJURY_STATUS_QUESTIONABLE Elbow,high
ESPN-CTX-c563a35e382a1bc421324233,2026-09-24T17:42:45.920993-07:00,NFL,NFL,,Nick Samac,,,,QUESTIONABLE,C,,,,INJURY_AVAILABILITY,ESPN_PUBLIC,Questionable INJURY_STATUS_QUESTIONABLE Knee,high
ESPN-CTX-dccb058c6b3b3c918fdbfc8e,2026-09-24T17:42:45.920993-07:00,NFL,NFL,,Jake Golday,,,,QUESTIONABLE,LB,,,,INJURY_AVAILABILITY,ESPN_PUBLIC,Questionable INJURY_STATUS_QUESTIONABLE Ankle,high
ESPN-CTX-d6e69fc559244b91a9bbc365,2026-09-24T17:42:45.920993-07:00,NFL,NFL,,Josh Oliver,,,,ACTIVE,TE,,,,INJURY_AVAILABILITY,ESPN_PUBLIC,Active INJURY_STATUS_ACTIVE,high
ESPN-CTX-ad76f9cd11719cb37046a17d,2026-09-24T17:42:45.920993-07:00,NFL,NFL,,Byron Murphy Jr.,,,,ACTIVE,CB,,,,INJURY_AVAILABILITY,ESPN_PUBLIC,Active INJURY_STATUS_ACTIVE,high
ESPN-CTX-f13245935ff395f807590d6a,2026-09-24T17:42:45.920993-07:00,NFL,NFL,,Blake Cashman,,,,ACTIVE,LB,,,,INJURY_AVAILABILITY,ESPN_PUBLIC,Active INJURY_STATUS_ACTIVE,high
ESPN-CTX-65377643038775273a3428c4,2026-09-24T17:42:45.920993-07:00,NFL,NFL,,Brett Thorson,,,,QUESTIONABLE,P,,,,INJURY_AVAILABILITY,ESPN_PUBLIC,Questionable INJURY_STATUS_QUESTIONABLE Hamstring,high
ESPN-CTX-51eae64c374ba402b9f10603,2026-09-24T17:42:45.920993-07:00,NFL,NFL,,Demond Claiborne,,,,ACTIVE,RB,,,,INJURY_AVAILABILITY,ESPN_PUBLIC,Active INJURY_STATUS_ACTIVE,high
ESPN-CTX-af9f3c3f6b5698a7eaf12827,2026-09-24T17:42:45.920993-07:00,NFL,NFL,,Dallas Turner,,,,ACTIVE,LB,,,,INJURY_AVAILABILITY,ESPN_PUBLIC,Active INJURY_STATUS_ACTIVE,high
ESPN-CTX-25ff8cba9bb5fd5cb9b5cc56,2026-09-24T17:42:45.920993-07:00,NFL,NFL,,T.J. Hockenson,,,,ACTIVE,TE,,,,INJURY_AVAILABILITY,ESPN_PUBLIC,Active INJURY_STATUS_ACTIVE,high
ESPN-CTX-6035e938a81a09bdcf591e5a,2026-09-24T17:42:45.920993-07:00,NFL,NFL,,Carson Wentz,,,,ACTIVE,QB,,,,INJURY_AVAILABILITY,ESPN_PUBLIC,Active INJURY_STATUS_ACTIVE,high
ESPN-CTX-d4b0e907ef5a63e7ecc9fd7a,2026-09-24T17:42:45.920993-07:00,NFL,NFL,,Kyler Murray,,,,ACTIVE,QB,,,,INJURY_AVAILABILITY,ESPN_PUBLIC,Active INJURY_STATUS_ACTIVE,high
ESPN-CTX-f680f5096e148ad309fc8988,2026-09-24T17:42:45.920993-07:00,NFL,NFL,,Zemaiah Vaughn,,,,ACTIVE,CB,,,,INJURY_AVAILABILITY,ESPN_PUBLIC,Active INJURY_STATUS_ACTIVE,high
ESPN-CTX-b1ff7c8458cadfbadf902035,2026-09-24T17:42:45.920993-07:00,NFL,NFL,,Elijah Williams,,,,ACTIVE,DE,,,,INJURY_AVAILABILITY,ESPN_PUBLIC,Active INJURY_STATUS_ACTIVE,high
ESPN-CTX-6021dd704caa8028ae3873d2,2026-09-24T17:42:45.920993-07:00,NFL,NFL,,Caleb Tiernan,,,,ACTIVE,OT,,,,INJURY_AVAILABILITY,ESPN_PUBLIC,Active INJURY_STATUS_ACTIVE,high
ESPN-CTX-20ab9331d073045c31584724,2026-09-24T17:42:45.920993-07:00,NFL,NFL,,Jakobe Thomas,,,,ACTIVE,S,,,,INJURY_AVAILABILITY,ESPN_PUBLIC,Active INJURY_STATUS_ACTIVE,high
ESPN-CTX-a1bbdfa132ccf64060bdddd6,2026-09-24T17:42:45.920993-07:00,NFL,NFL,,Jordan Addison,,,,ACTIVE,WR,,,,INJURY_AVAILABILITY,ESPN_PUBLIC,Active INJURY_STATUS_ACTIVE,high
ESPN-CTX-e025a62b2fc2e4e2990f253a,2026-09-24T17:42:45.920993-07:00,NFL,NFL,,Will Reichard,,,,ACTIVE,PK,,,,INJURY_AVAILABILITY,ESPN_PUBLIC,Active INJURY_STATUS_ACTIVE,high
ESPN-CTX-a04e0544ecffee5a8ce24e90,2026-09-24T17:42:45.920993-07:00,NFL,NFL,,Kyle Van Noy,,,,ACTIVE,LB,,,,INJURY_AVAILABILITY,ESPN_PUBLIC,Active INJURY_STATUS_ACTIVE,high
ESPN-CTX-a62793047c3c4040e8659669,2026-09-24T17:42:45.920993-07:00,NFL,NFL,,Craig Woodson,,,,QUESTIONABLE,S,,,,INJURY_AVAILABILITY,ESPN_PUBLIC,Questionable INJURY_STATUS_QUESTIONABLE Shoulder,high
ESPN-CTX-07c324e429e70caa005e42b2,2026-09-24T17:42:45.920993-07:00,NFL,NFL,,Eli Raridon,,,,QUESTIONABLE,TE,,,,INJURY_AVAILABILITY,ESPN_PUBLIC,Questionable INJURY_STATUS_QUESTIONABLE Thigh,high
ESPN-CTX-e5012b0725db120b8fa24139,2026-09-24T17:42:45.920993-07:00,NFL,NFL,,Dametrious Crownover,,,,ACTIVE,OT,,,,INJURY_AVAILABILITY,ESPN_PUBLIC,Active INJURY_STATUS_ACTIVE,high
ESPN-CTX-c06eadea62d6c5097922506b,2026-09-24T17:42:45.920993-07:00,NFL,NFL,,Dell Pettus,,,,IR/IL,S,,,,INJURY_AVAILABILITY,ESPN_PUBLIC,Injured Reserve INJURY_STATUS_IR Ankle,high
ESPN-CTX-b7cb0df408172a7bd2937c6b,2026-09-24T17:42:45.920993-07:00,NFL,NFL,,Brenden Schooler,,,,OUT,S,,,,INJURY_AVAILABILITY,ESPN_PUBLIC,Out INJURY_STATUS_OUT Back,high
ESPN-CTX-ab679f53cbe715ebb6f0c3de,2026-09-24T17:42:45.920993-07:00,NFL,NFL,,Reggie Gilliam,,,,QUESTIONABLE,FB,,,,INJURY_AVAILABILITY,ESPN_PUBLIC,Questionable INJURY_STATUS_QUESTIONABLE Knee,high
ESPN-CTX-f4ae500923d5cc2953f64e5c,2026-09-24T17:42:45.920993-07:00,NFL,NFL,,Carlton Davis III,,,,ACTIVE,CB,,,,INJURY_AVAILABILITY,ESPN_PUBLIC,Active INJURY_STATUS_ACTIVE,high
ESPN-CTX-2d1c79c946135ad3b2626051,2026-09-24T17:42:45.920993-07:00,NFL,NFL,,Morgan Moses,,,,QUESTIONABLE,OT,,,,INJURY_AVAILABILITY,ESPN_PUBLIC,Questionable INJURY_STATUS_QUESTIONABLE Foot,high
ESPN-CTX-e6173d64ce1a5d42171ccce2,2026-09-24T17:42:45.920993-07:00,NFL,NFL,,Quintayvious Hutchins,,,,QUESTIONABLE,LB,,,,INJURY_AVAILABILITY,ESPN_PUBLIC,Questionable INJURY_STATUS_QUESTIONABLE Knee,high
ESPN-CTX-978c3f717c0e1d2a311b668a,2026-09-24T17:42:45.920993-07:00,NFL,NFL,,Kyle Williams,,,,ACTIVE,WR,,,,INJURY_AVAILABILITY,ESPN_PUBLIC,Active INJURY_STATUS_ACTIVE,high
ESPN-CTX-8ae865b267dec7fc593ac0d4,2026-09-24T17:42:45.920993-07:00,NFL,NFL,,Robert Spillane,,,,ACTIVE,LB,,,,INJURY_AVAILABILITY,ESPN_PUBLIC,Active INJURY_STATUS_ACTIVE,high
ESPN-CTX-655cfe04de8c56cc78d3f4f1,2026-09-24T17:42:45.920993-07:00,NFL,NFL,,Charles Woods,,,,ACTIVE,CB,,,,INJURY_AVAILABILITY,ESPN_PUBLIC,Active INJURY_STATUS_ACTIVE,high
ESPN-CTX-2ccc2506d2b02143114e3f72,2026-09-24T17:42:45.920993-07:00,NFL,NFL,,Elijah Ponder,,,,ACTIVE,LB,,,,INJURY_AVAILABILITY,ESPN_PUBLIC,Active INJURY_STATUS_ACTIVE,high
ESPN-CTX-53fa6f68cb8f8ec99fa55c61,2026-09-24T17:42:45.920993-07:00,NFL,NFL,,Christian Elliss,,,,ACTIVE,LB,,,,INJURY_AVAILABILITY,ESPN_PUBLIC,Active INJURY_STATUS_ACTIVE,high
ESPN-CTX-3a8c5e20534b3668160d8fe3,2026-09-24T17:42:45.920993-07:00,NFL,NFL,,Mike Onwenu,,,,IR/IL,G,,,,INJURY_AVAILABILITY,ESPN_PUBLIC,Injured Reserve INJURY_STATUS_IR Ankle,high
ESPN-CTX-a3c95ac1d72179b3c6aaf54c,2026-09-24T17:42:45.920993-07:00,NFL,NFL,,DeMario Douglas,,,,ACTIVE,WR,,,,INJURY_AVAILABILITY,ESPN_PUBLIC,Active INJURY_STATUS_ACTIVE,high
ESPN-CTX-c8be61dbd008d5b6ce48cd30,2026-09-24T17:42:45.920993-07:00,NFL,NFL,,Mack Hollins,,,,ACTIVE,WR,,,,INJURY_AVAILABILITY,ESPN_PUBLIC,Active INJURY_STATUS_ACTIVE,high
ESPN-CTX-97acc5f50a12cfebdc41c585,2026-09-24T17:42:45.920993-07:00,NFL,NFL,,Leonard Taylor III,,,,ACTIVE,DT,,,,INJURY_AVAILABILITY,ESPN_PUBLIC,Active INJURY_STATUS_ACTIVE,high
ESPN-CTX-fbbb085737b981fa067aa667,2026-09-24T17:42:45.920993-07:00,NFL,NFL,,Walter Rouse,,,,ACTIVE,OL,,,,INJURY_AVAILABILITY,ESPN_PUBLIC,Active INJURY_STATUS_ACTIVE,high
ESPN-CTX-1198a9368c33918ea8aea248,2026-09-24T17:42:45.920993-07:00,NFL,NFL,,Behren Morton,,,,ACTIVE,QB,,,,INJURY_AVAILABILITY,ESPN_PUBLIC,Active INJURY_STATUS_ACTIVE,high
ESPN-CTX-87a66c4e3eb7a9da1726bdd7,2026-09-24T17:42:45.920993-07:00,NFL,NFL,,Tanner Arkin,,,,ACTIVE,TE,,,,INJURY_AVAILABILITY,ESPN_PUBLIC,Active INJURY_STATUS_ACTIVE,high
ESPN-CTX-0dba07baf92f815bc921a434,2026-09-24T17:42:45.920993-07:00,NFL,NFL,,Hunter Henry,,,,ACTIVE,TE,,,,INJURY_AVAILABILITY,ESPN_PUBLIC,Active INJURY_STATUS_ACTIVE,high
ESPN-CTX-e093ba2858ec6da3f63753f4,2026-09-24T17:42:45.920993-07:00,NFL,NFL,,Andy Borregales,,,,ACTIVE,PK,,,,INJURY_AVAILABILITY,ESPN_PUBLIC,Active INJURY_STATUS_ACTIVE,high
ESPN-CTX-c8779f7251adfdeba92847e8,2026-09-24T17:42:45.920993-07:00,NFL,NFL,,Romeo Doubs,,,,ACTIVE,WR,,,,INJURY_AVAILABILITY,ESPN_PUBLIC,Active INJURY_STATUS_ACTIVE,high
ESPN-CTX-11173e6c4f34a9fd5f6c4707,2026-09-24T17:42:45.920993-07:00,NFL,NFL,,Rhamondre Stevenson,,,,ACTIVE,RB,,,,INJURY_AVAILABILITY,ESPN_PUBLIC,Active INJURY_STATUS_ACTIVE,high
ESPN-CTX-4f727af5cc8c37f84f43ef96,2026-09-24T17:42:45.920993-07:00,NFL,NFL,,Kendre Miller,,,,QUESTIONABLE,RB,,,,INJURY_AVAILABILITY,ESPN_PUBLIC,Questionable INJURY_STATUS_QUESTIONABLE Illness,high
ESPN-CTX-82f89fa30f344daa06007235,2026-09-24T17:42:45.920993-07:00,NFL,NFL,,Nathan Shepherd,,,,ACTIVE,DT,,,,INJURY_AVAILABILITY,ESPN_PUBLIC,Active INJURY_STATUS_ACTIVE,high
ESPN-CTX-e3bdc04330edc02f3a813d9b,2026-09-24T17:42:45.920993-07:00,NFL,NFL,,Travis Etienne Jr.,,,,QUESTIONABLE,RB,,,,INJURY_AVAILABILITY,ESPN_PUBLIC,Questionable INJURY_STATUS_QUESTIONABLE Hamstring,high
ESPN-CTX-e2744bf6cb5f53c22556bb55,2026-09-24T17:42:45.920993-07:00,NFL,NFL,,Isaiah Stalbird,,,,ACTIVE,LB,,,,INJURY_AVAILABILITY,ESPN_PUBLIC,Active INJURY_STATUS_ACTIVE,high
ESPN-CTX-8f4df59f546cefbfe84483c1,2026-09-24T17:42:45.920993-07:00,NFL,NFL,,Christen Miller,,,,QUESTIONABLE,DT,,,,INJURY_AVAILABILITY,ESPN_PUBLIC,Questionable INJURY_STATUS_QUESTIONABLE Toe,high
ESPN-CTX-48266f69a8c16bd7ba5c364a,2026-09-24T17:42:45.920993-07:00,NFL,NFL,,Chase Young,,,,ACTIVE,DE,,,,INJURY_AVAILABILITY,ESPN_PUBLIC,Active INJURY_STATUS_ACTIVE,high
ESPN-CTX-4b68744fd1b56d69adbe29d7,2026-09-24T17:42:45.920993-07:00,NFL,NFL,,Jonas Sanker,,,,ACTIVE,S,,,,INJURY_AVAILABILITY,ESPN_PUBLIC,Active INJURY_STATUS_ACTIVE,high
ESPN-CTX-da8b488451779b895da6426f,2026-09-24T17:42:45.920993-07:00,NFL,NFL,,Kelvin Banks Jr.,,,,IR/IL,OT,,,,INJURY_AVAILABILITY,ESPN_PUBLIC,Injured Reserve INJURY_STATUS_IR Ankle,high
ESPN-CTX-fe6f12b225e94c7524273b70,2026-09-24T17:42:45.920993-07:00,NFL,NFL,,Barion Brown,,,,QUESTIONABLE,WR,,,,INJURY_AVAILABILITY,ESPN_PUBLIC,Questionable INJURY_STATUS_QUESTIONABLE Hamstring,high
ESPN-CTX-2670fb20b80187c902494eeb,2026-09-24T17:42:45.920993-07:00,NFL,NFL,,Oscar Delp,,,,ACTIVE,TE,,,,INJURY_AVAILABILITY,ESPN_PUBLIC,Active INJURY_STATUS_ACTIVE,high
ESPN-CTX-23368b79cfbc331b7a60198c,2026-09-24T17:42:45.920993-07:00,NFL,NFL,,Bryce Lance,,,,ACTIVE,WR,,,,INJURY_AVAILABILITY,ESPN_PUBLIC,Active INJURY_STATUS_ACTIVE,high
ESPN-CTX-07df7619d55afc904a150aa9,2026-09-24T17:42:45.920993-07:00,NFL,NFL,,Kaden Elliss,,,,ACTIVE,LB,,,,INJURY_AVAILABILITY,ESPN_PUBLIC,Active INJURY_STATUS_ACTIVE,high
ESPN-CTX-3b8a6ae6909cba5256673c93,2026-09-24T17:42:45.920993-07:00,NFL,NFL,,Pete Werner,,,,ACTIVE,LB,,,,INJURY_AVAILABILITY,ESPN_PUBLIC,Active INJURY_STATUS_ACTIVE,high
ESPN-CTX-15ef05c9f7f5c9e386189e50,2026-09-24T17:42:45.920993-07:00,NFL,NFL,,Martin Emerson Jr.,,,,QUESTIONABLE,CB,,,,INJURY_AVAILABILITY,ESPN_PUBLIC,Questionable INJURY_STATUS_QUESTIONABLE Shoulder,high
ESPN-CTX-602080bd0d2cc34a3601f473,2026-09-24T17:42:45.920993-07:00,NFL,NFL,,Daniel Carlson,,,,ACTIVE,PK,,,,INJURY_AVAILABILITY,ESPN_PUBLIC,Active INJURY_STATUS_ACTIVE,high
ESPN-CTX-44af2587830f34e45e83bb2c,2026-09-24T17:42:45.920993-07:00,NFL,NFL,,Alvin Kamara,,,,ACTIVE,RB,,,,INJURY_AVAILABILITY,ESPN_PUBLIC,Active INJURY_STATUS_ACTIVE,high
ESPN-CTX-91c90e1b3e59cff51f4c9577,2026-09-24T17:42:45.920993-07:00,NFL,NFL,,Juwan Johnson,,,,ACTIVE,TE,,,,INJURY_AVAILABILITY,ESPN_PUBLIC,Active INJURY_STATUS_ACTIVE,high
ESPN-CTX-59bf71c44e941e9c96582ae0,2026-09-24T17:42:45.920993-07:00,NFL,NFL,,Zach Wilson,,,,ACTIVE,QB,,,,INJURY_AVAILABILITY,ESPN_PUBLIC,Active INJURY_STATUS_ACTIVE,high
ESPN-CTX-a37c6aedf980faecd9946a63,2026-09-24T17:42:45.920993-07:00,NFL,NFL,,Decamerion Richardson,,,,ACTIVE,CB,,,,INJURY_AVAILABILITY,ESPN_PUBLIC,Active INJURY_STATUS_ACTIVE,high
ESPN-CTX-88438cf648a15ac865b0139e,2026-09-24T17:42:45.920993-07:00,NFL,NFL,,Mason Murphy,,,,ACTIVE,OT,,,,INJURY_AVAILABILITY,ESPN_PUBLIC,Active INJURY_STATUS_ACTIVE,high
ESPN-CTX-a49edc047e5e39edc7d4e9de,2026-09-24T17:42:45.920993-07:00,NFL,NFL,,John Ridgeway III,,,,ACTIVE,DT,,,,INJURY_AVAILABILITY,ESPN_PUBLIC,Active INJURY_STATUS_ACTIVE,high
ESPN-CTX-20797dd6f9649fcabf426ae6,2026-09-24T17:42:45.920993-07:00,NFL,NFL,,Devaughn Vele,,,,ACTIVE,WR,,,,INJURY_AVAILABILITY,ESPN_PUBLIC,Active INJURY_STATUS_ACTIVE,high
ESPN-CTX-414364bbfde450cc98c084ea,2026-09-24T17:42:45.920993-07:00,NFL,NFL,,Tyler Shough,,,,ACTIVE,QB,,,,INJURY_AVAILABILITY,ESPN_PUBLIC,Active INJURY_STATUS_ACTIVE,high
ESPN-CTX-15005aef779a0dd71c4231a0,2026-09-24T17:42:45.920993-07:00,NFL,NFL,,Chris Olave,,,,ACTIVE,WR,,,,INJURY_AVAILABILITY,ESPN_PUBLIC,Active INJURY_STATUS_ACTIVE,high
ESPN-CTX-ee8710eab171a3614982ca1d,2026-09-24T17:42:45.920993-07:00,NFL,NFL,,Zach Wood,,,,IR/IL,LS,,,,INJURY_AVAILABILITY,ESPN_PUBLIC,Injured Reserve INJURY_STATUS_IR Calf,high
ESPN-CTX-78728f4070aa5348d1d210a6,2026-09-24T17:42:45.920993-07:00,NFL,NFL,,Jaxson Dart,,,,IR/IL,QB,,,,INJURY_AVAILABILITY,ESPN_PUBLIC,Injured Reserve INJURY_STATUS_IR Knee - Meniscus,high
ESPN-CTX-007f8e466e69bf32ce319f23,2026-09-24T17:42:45.920993-07:00,NFL,NFL,,Malik Nabers,,,,ACTIVE,WR,,,,INJURY_AVAILABILITY,ESPN_PUBLIC,Active INJURY_STATUS_ACTIVE,high
ESPN-CTX-1158878a74d89df6c5f6c322,2026-09-24T17:42:45.920993-07:00,NFL,NFL,,Andrew Thomas,,,,QUESTIONABLE,OT,,,,INJURY_AVAILABILITY,ESPN_PUBLIC,Questionable INJURY_STATUS_QUESTIONABLE Groin,high
ESPN-CTX-ca71f2bd48f54d3c9cf408a4,2026-09-24T17:42:45.920993-07:00,NFL,NFL,,Micah McFadden,,,,ACTIVE,LB,,,,INJURY_AVAILABILITY,ESPN_PUBLIC,Active INJURY_STATUS_ACTIVE,high
ESPN-CTX-cfafe1322f7b775aa0751c01,2026-09-24T17:42:45.920993-07:00,NFL,NFL,,Deonte Banks,,,,QUESTIONABLE,CB,,,,INJURY_AVAILABILITY,ESPN_PUBLIC,Questionable INJURY_STATUS_QUESTIONABLE Calf,high
ESPN-CTX-df386d1816c1a23ebf5fa0c8,2026-09-24T17:42:45.920993-07:00,NFL,NFL,,Tyler Nubin,,,,QUESTIONABLE,S,,,,INJURY_AVAILABILITY,ESPN_PUBLIC,Questionable INJURY_STATUS_QUESTIONABLE Calf,high
ESPN-CTX-9c5384bf80d5a31b4fd4bdbe,2026-09-24T17:42:45.920993-07:00,NFL,NFL,,Brian Burns,,,,QUESTIONABLE,LB,,,,INJURY_AVAILABILITY,ESPN_PUBLIC,Questionable INJURY_STATUS_QUESTIONABLE Ankle,high
ESPN-CTX-a5cd30db0b40215e6aac60ec,2026-09-24T17:42:45.920993-07:00,NFL,NFL,,Shelby Harris,,,,QUESTIONABLE,DT,,,,INJURY_AVAILABILITY,ESPN_PUBLIC,Questionable INJURY_STATUS_QUESTIONABLE Toe,high
ESPN-CTX-df492ebd1fa9d83aa92a12d9,2026-09-24T17:42:45.920993-07:00,NFL,NFL,,Tremaine Edmunds,,,,ACTIVE,LB,,,,INJURY_AVAILABILITY,ESPN_PUBLIC,Active INJURY_STATUS_ACTIVE,high
ESPN-CTX-7c11719244de7a388c393e55,2026-09-24T17:42:45.920993-07:00,NFL,NFL,,Jevon Holland,,,,ACTIVE,S,,,,INJURY_AVAILABILITY,ESPN_PUBLIC,Active INJURY_STATUS_ACTIVE,high
ESPN-CTX-638e675049c181488bb73aae,2026-09-24T17:42:45.920993-07:00,NFL,NFL,,Theo Johnson,,,,ACTIVE,TE,,,,INJURY_AVAILABILITY,ESPN_PUBLIC,Active INJURY_STATUS_ACTIVE,high
ESPN-CTX-5261d60fd4fe01714fbfd381,2026-09-24T17:42:45.920993-07:00,NFL,NFL,,Odell Beckham Jr.,,,,ACTIVE,WR,,,,INJURY_AVAILABILITY,ESPN_PUBLIC,Active INJURY_STATUS_ACTIVE,high
ESPN-CTX-6d56ec8ec043264c6fb6a763,2026-09-24T17:42:45.920993-07:00,NFL,NFL,,Dominic Zvada,,,,ACTIVE,PK,,,,INJURY_AVAILABILITY,ESPN_PUBLIC,Active INJURY_STATUS_ACTIVE,high
ESPN-CTX-e6c8d08ac0f7153b822cf2f7,2026-09-24T17:42:45.920993-07:00,NFL,NFL,,Darnell Mooney,,,,ACTIVE,WR,,,,INJURY_AVAILABILITY,ESPN_PUBLIC,Active INJURY_STATUS_ACTIVE,high
ESPN-CTX-b4fb73fc141db042f083ab42,2026-09-24T17:42:45.920993-07:00,NFL,NFL,,Devin Singletary,,,,ACTIVE,RB,,,,INJURY_AVAILABILITY,ESPN_PUBLIC,Active INJURY_STATUS_ACTIVE,high
ESPN-CTX-bd10d1004a6315de50159120,2026-09-24T17:42:45.920993-07:00,NFL,NFL,,Najee Harris,,,,ACTIVE,RB,,,,INJURY_AVAILABILITY,ESPN_PUBLIC,Active INJURY_STATUS_ACTIVE,high
ESPN-CTX-5b7cd4556805e668c9596477,2026-09-24T17:42:45.920993-07:00,NFL,NFL,,Tyrone Tracy Jr.,,,,ACTIVE,RB,,,,INJURY_AVAILABILITY,ESPN_PUBLIC,Active INJURY_STATUS_ACTIVE,high
ESPN-CTX-0f0c4aed00dcf3900ee0033c,2026-09-24T17:42:45.920993-07:00,NFL,NFL,,Darius Alexander,,,,ACTIVE,DT,,,,INJURY_AVAILABILITY,ESPN_PUBLIC,Active INJURY_STATUS_ACTIVE,high
ESPN-CTX-de253f9bd079caf7b57d7415,2026-09-24T17:42:45.920993-07:00,NFL,NFL,,J.C. Davis,,,,ACTIVE,OT,,,,INJURY_AVAILABILITY,ESPN_PUBLIC,Active INJURY_STATUS_ACTIVE,high
ESPN-CTX-c0a29a605db9a4de8a385d61,2026-09-24T17:42:45.920993-07:00,NFL,NFL,,Bobby Jamison-Travis,,,,ACTIVE,DT,,,,INJURY_AVAILABILITY,ESPN_PUBLIC,Active INJURY_STATUS_ACTIVE,high
ESPN-CTX-e9b5c29b02a3c3f5cc1f8754,2026-09-24T17:42:45.920993-07:00,NFL,NFL,,Thomas Fidone II,,,,ACTIVE,TE,,,,INJURY_AVAILABILITY,ESPN_PUBLIC,Active INJURY_STATUS_ACTIVE,high
ESPN-CTX-c40663297d7e62fe229426c2,2026-09-24T17:42:45.920993-07:00,NFL,NFL,,Jason Pinnock,,,,ACTIVE,S,,,,INJURY_AVAILABILITY,ESPN_PUBLIC,Active INJURY_STATUS_ACTIVE,high
ESPN-CTX-15ab149b28e09e8f417bdfbf,2026-09-24T17:42:45.920993-07:00,NFL,NFL,,Jameis Winston,,,,ACTIVE,QB,,,,INJURY_AVAILABILITY,ESPN_PUBLIC,Active INJURY_STATUS_ACTIVE,high
ESPN-CTX-69e9f2878f4812b5fe26f587,2026-09-24T17:42:45.920993-07:00,NFL,NFL,,Malachi Fields,,,,ACTIVE,WR,,,,INJURY_AVAILABILITY,ESPN_PUBLIC,Active INJURY_STATUS_ACTIVE,high
ESPN-CTX-9c7695640b22a5e51fb8701d,2026-09-24T17:42:45.920993-07:00,NFL,NFL,,Isaiah Likely,,,,ACTIVE,TE,,,,INJURY_AVAILABILITY,ESPN_PUBLIC,Active INJURY_STATUS_ACTIVE,high
ESPN-CTX-9540b9fc9397fe0a9a968bb0,2026-09-24T17:42:45.920993-07:00,NFL,NFL,,Kiko Mauigoa,,,,QUESTIONABLE,LB,,,,INJURY_AVAILABILITY,ESPN_PUBLIC,Questionable INJURY_STATUS_QUESTIONABLE Quadriceps,high
ESPN-CTX-1b2a1a2c1eb12553e07d545b,2026-09-24T17:42:45.920993-07:00,NFL,NFL,,Kene Nwangwu,,,,QUESTIONABLE,RB,,,,INJURY_AVAILABILITY,ESPN_PUBLIC,Questionable INJURY_STATUS_QUESTIONABLE Back,high
ESPN-CTX-a0b4212faa4b1ee4652f13a5,2026-09-24T17:42:45.920993-07:00,NFL,NFL,,Mason Taylor,,,,DOUBTFUL,TE,,,,INJURY_AVAILABILITY,ESPN_PUBLIC,Doubtful INJURY_STATUS_DOUBTFUL Thumb,high
ESPN-CTX-829b18deaf2e6ac85803424b,2026-09-24T17:42:45.920993-07:00,NFL,NFL,,Adonai Mitchell,,,,QUESTIONABLE,WR,,,,INJURY_AVAILABILITY,ESPN_PUBLIC,Questionable INJURY_STATUS_QUESTIONABLE Finger,high
ESPN-CTX-006da25ef5b392d794e30a58,2026-09-24T17:42:45.920993-07:00,NFL,NFL,,Minkah Fitzpatrick,,,,QUESTIONABLE,S,,,,INJURY_AVAILABILITY,ESPN_PUBLIC,Questionable INJURY_STATUS_QUESTIONABLE Groin,high
ESPN-CTX-7f1d898702946ad6be032afd,2026-09-24T17:42:45.920993-07:00,NFL,NFL,,Joseph Ossai,,,,QUESTIONABLE,DE,,,,INJURY_AVAILABILITY,ESPN_PUBLIC,Questionable INJURY_STATUS_QUESTIONABLE Foot,high
ESPN-CTX-305f75ee88799f7369245835,2026-09-24T17:42:45.920993-07:00,NFL,NFL,,Arian Smith,,,,IR/IL,WR,,,,INJURY_AVAILABILITY,ESPN_PUBLIC,Injured Reserve INJURY_STATUS_IR Knee - ACL,high
ESPN-CTX-f2d25916d78132c5c2b798f7,2026-09-24T17:42:45.920993-07:00,NFL,NFL,,David Onyemata,,,,IR/IL,DT,,,,INJURY_AVAILABILITY,ESPN_PUBLIC,Injured Reserve INJURY_STATUS_IR Groin,high
ESPN-CTX-118d79169b1aa427e14cc436,2026-09-24T17:42:45.920993-07:00,NFL,NFL,,David Bailey,,,,ACTIVE,LB,,,,INJURY_AVAILABILITY,ESPN_PUBLIC,Active INJURY_STATUS_ACTIVE,high
ESPN-CTX-e7a9745555aab64023a79767,2026-09-24T17:42:45.920993-07:00,NFL,NFL,,Demario Davis,,,,ACTIVE,LB,,,,INJURY_AVAILABILITY,ESPN_PUBLIC,Active INJURY_STATUS_ACTIVE,high
ESPN-CTX-7e755e1642779c2052baa3cd,2026-09-24T17:42:45.920993-07:00,NFL,NFL,,Jamien Sherwood,,,,ACTIVE,LB,,,,INJURY_AVAILABILITY,ESPN_PUBLIC,Active INJURY_STATUS_ACTIVE,high
ESPN-CTX-d1ac8ac7690253ae38672d83,2026-09-24T17:42:45.920993-07:00,NFL,NFL,,Marcelino McCrary-Ball,,,,IR/IL,LB,,,,INJURY_AVAILABILITY,ESPN_PUBLIC,Injured Reserve INJURY_STATUS_IR Ankle,high
ESPN-CTX-5c8446016795965eaa7c75f2,2026-09-24T17:42:45.920993-07:00,NFL,NFL,,Troy Reeder,,,,ACTIVE,LB,,,,INJURY_AVAILABILITY,ESPN_PUBLIC,Active INJURY_STATUS_ACTIVE,high
ESPN-CTX-5561da1c76b03b0f53660b94,2026-09-24T17:42:45.920993-07:00,NFL,NFL,,Isaiah Davis,,,,ACTIVE,RB,,,,INJURY_AVAILABILITY,ESPN_PUBLIC,Active INJURY_STATUS_ACTIVE,high
ESPN-CTX-05b7afbab93b7ce36205b5a9,2026-09-24T17:42:45.920993-07:00,NFL,NFL,,Malik McClain,,,,ACTIVE,WR,,,,INJURY_AVAILABILITY,ESPN_PUBLIC,Active INJURY_STATUS_ACTIVE,high
ESPN-CTX-d0fba135451011c0df5cd3f1,2026-09-24T17:42:45.920993-07:00,NFL,NFL,,Braelon Allen,,,,ACTIVE,RB,,,,INJURY_AVAILABILITY,ESPN_PUBLIC,Active INJURY_STATUS_ACTIVE,high
ESPN-CTX-51d1f2d5ee8f9d8c47f21559,2026-09-24T17:42:45.920993-07:00,NFL,NFL,,Kenyon Sadiq,,,,ACTIVE,TE,,,,INJURY_AVAILABILITY,ESPN_PUBLIC,Active INJURY_STATUS_ACTIVE,high
ESPN-CTX-de0f91675ca0fa3624e3987b,2026-09-24T17:42:45.920993-07:00,NFL,NFL,,Jason Sanders,,,,ACTIVE,PK,,,,INJURY_AVAILABILITY,ESPN_PUBLIC,Active INJURY_STATUS_ACTIVE,high
ESPN-CTX-eb374900b791eb88480ac73a,2026-09-24T17:42:45.920993-07:00,NFL,NFL,,Isaiah Williams,,,,ACTIVE,WR,,,,INJURY_AVAILABILITY,ESPN_PUBLIC,Active INJURY_STATUS_ACTIVE,high
ESPN-CTX-4be70d4d33978ff5fab75ef6,2026-09-24T17:42:45.920993-07:00,NFL,NFL,,Trevin Wallace,,,,ACTIVE,LB,,,,INJURY_AVAILABILITY,ESPN_PUBLIC,Active INJURY_STATUS_ACTIVE,high
ESPN-CTX-23daf2b9ac0c587054029e09,2026-09-24T17:42:45.920993-07:00,NFL,NFL,,D'Angelo Ponds,,,,ACTIVE,CB,,,,INJURY_AVAILABILITY,ESPN_PUBLIC,Active INJURY_STATUS_ACTIVE,high
ESPN-CTX-5160ab651772f6cd37d0f4ba,2026-09-24T17:42:45.920993-07:00,NFL,NFL,,Blake Grupe,,,,ACTIVE,PK,,,,INJURY_AVAILABILITY,ESPN_PUBLIC,Active INJURY_STATUS_ACTIVE,high
ESPN-CTX-a8012f55a6c35efb3b0117c7,2026-09-24T17:42:45.920993-07:00,NFL,NFL,,Geno Smith,,,,ACTIVE,QB,,,,INJURY_AVAILABILITY,ESPN_PUBLIC,Active INJURY_STATUS_ACTIVE,high
ESPN-CTX-0d5c5e560ab1af9317a54105,2026-09-24T17:42:45.920993-07:00,NFL,NFL,,Garrett Wilson,,,,ACTIVE,WR,,,,INJURY_AVAILABILITY,ESPN_PUBLIC,Active INJURY_STATUS_ACTIVE,high
ESPN-CTX-b794cc0567b1b1f93528e25c,2026-09-24T17:42:45.920993-07:00,NFL,NFL,,Breece Hall,,,,ACTIVE,RB,,,,INJURY_AVAILABILITY,ESPN_PUBLIC,Active INJURY_STATUS_ACTIVE,high
ESPN-CTX-83bd76a9c7653e4e43e792b4,2026-09-24T17:42:45.920993-07:00,NFL,NFL,,Jonathan Greenard,,,,QUESTIONABLE,LB,,,,INJURY_AVAILABILITY,ESPN_PUBLIC,Questionable INJURY_STATUS_QUESTIONABLE Pectoral,high
ESPN-CTX-2768b9c9f13fe0efaeb26f8e,2026-09-24T17:42:45.920993-07:00,NFL,NFL,,Will Shipley,,,,QUESTIONABLE,RB,,,,INJURY_AVAILABILITY,ESPN_PUBLIC,Questionable INJURY_STATUS_QUESTIONABLE Foot,high
ESPN-CTX-d2d663dfdbaa64bab380689b,2026-09-24T17:42:45.920993-07:00,NFL,NFL,,Andrew Mukuba,,,,QUESTIONABLE,S,,,,INJURY_AVAILABILITY,ESPN_PUBLIC,Questionable INJURY_STATUS_QUESTIONABLE Knee,high
ESPN-CTX-0e2c4309c5a4e3ed909e0134,2026-09-24T17:42:45.920993-07:00,NFL,NFL,,Jalen Carter,,,,QUESTIONABLE,DT,,,,INJURY_AVAILABILITY,ESPN_PUBLIC,Questionable INJURY_STATUS_QUESTIONABLE Wrist,high
ESPN-CTX-d002b543165304b7c39a355b,2026-09-24T17:42:45.920993-07:00,NFL,NFL,,Tank Bigsby,,,,QUESTIONABLE,RB,,,,INJURY_AVAILABILITY,ESPN_PUBLIC,Questionable INJURY_STATUS_QUESTIONABLE Abdomen,high
ESPN-CTX-8037cfa7462ffdb7d3b4f248,2026-09-24T17:42:45.920993-07:00,NFL,NFL,,Dallas Goedert,,,,DOUBTFUL,TE,,,,INJURY_AVAILABILITY,ESPN_PUBLIC,Doubtful INJURY_STATUS_DOUBTFUL Knee - MCL,high
ESPN-CTX-856901965d07468c9d4d97de,2026-09-24T17:42:45.920993-07:00,NFL,NFL,,DeVonta Smith,,,,QUESTIONABLE,WR,,,,INJURY_AVAILABILITY,ESPN_PUBLIC,Questionable INJURY_STATUS_QUESTIONABLE Hamstring,high
ESPN-CTX-8266637b1181d4da9b92a4cc,2026-09-24T17:42:45.920993-07:00,NFL,NFL,,Saquon Barkley,,,,QUESTIONABLE,RB,,,,INJURY_AVAILABILITY,ESPN_PUBLIC,Questionable INJURY_STATUS_QUESTIONABLE Shoulder,high
ESPN-CTX-24f87478400ab4e18f628c6d,2026-09-24T17:42:45.920993-07:00,NFL,NFL,,Shaun Wade,,,,ACTIVE,CB,,,,INJURY_AVAILABILITY,ESPN_PUBLIC,Active INJURY_STATUS_ACTIVE,high
ESPN-CTX-89d4f06573b514b7e9792e58,2026-09-24T17:42:45.920993-07:00,NFL,NFL,,Darius Cooper,,,,ACTIVE,WR,,,,INJURY_AVAILABILITY,ESPN_PUBLIC,Active INJURY_STATUS_ACTIVE,high
ESPN-CTX-c746278f9a408725b218a2a3,2026-09-24T17:42:45.920993-07:00,NFL,NFL,,Johnny Mundt,,,,ACTIVE,TE,,,,INJURY_AVAILABILITY,ESPN_PUBLIC,Active INJURY_STATUS_ACTIVE,high
ESPN-CTX-49b6e7907163c0d9bc8aa2b0,2026-09-24T17:42:45.920993-07:00,NFL,NFL,,Zack Baun,,,,ACTIVE,LB,,,,INJURY_AVAILABILITY,ESPN_PUBLIC,Active INJURY_STATUS_ACTIVE,high
ESPN-CTX-b3be3ec824ae080b17611a54,2026-09-24T17:42:45.920993-07:00,NFL,NFL,,Jihaad Campbell,,,,ACTIVE,LB,,,,INJURY_AVAILABILITY,ESPN_PUBLIC,Active INJURY_STATUS_ACTIVE,high
ESPN-CTX-2cebaee8a447800617c0eb4e,2026-09-24T17:42:45.920993-07:00,NFL,NFL,,Zach Ertz,,,,ACTIVE,TE,,,,INJURY_AVAILABILITY,ESPN_PUBLIC,Active INJURY_STATUS_ACTIVE,high
ESPN-CTX-3f754eeb29cc00cea1479423,2026-09-24T17:42:45.920993-07:00,NFL,NFL,,Jake Elliott,,,,ACTIVE,PK,,,,INJURY_AVAILABILITY,ESPN_PUBLIC,Active INJURY_STATUS_ACTIVE,high
ESPN-CTX-e6e4f3d82812e2b8a9eb17be,2026-09-24T17:42:45.920993-07:00,NFL,NFL,,Makai Lemon,,,,ACTIVE,WR,,,,INJURY_AVAILABILITY,ESPN_PUBLIC,Active INJURY_STATUS_ACTIVE,high
ESPN-CTX-9d57b3fce63e284c37c7ca2a,2026-09-24T17:42:45.920993-07:00,NFL,NFL,,Tanner McKee,,,,ACTIVE,QB,,,,INJURY_AVAILABILITY,ESPN_PUBLIC,Active INJURY_STATUS_ACTIVE,high
ESPN-CTX-7a0bc83a1b2e9155927820ef,2026-09-24T17:42:45.920993-07:00,NFL,NFL,,Cole Payton,,,,ACTIVE,QB,,,,INJURY_AVAILABILITY,ESPN_PUBLIC,Active INJURY_STATUS_ACTIVE,high
ESPN-CTX-28b1ac455151e71f8f73a545,2026-09-24T17:42:45.920993-07:00,NFL,NFL,,Elijah Moore,,,,ACTIVE,WR,,,,INJURY_AVAILABILITY,ESPN_PUBLIC,Active INJURY_STATUS_ACTIVE,high
ESPN-CTX-988c474b0607f195971e3852,2026-09-24T17:42:45.920993-07:00,NFL,NFL,,Micah Morris,,,,ACTIVE,G,,,,INJURY_AVAILABILITY,ESPN_PUBLIC,Active INJURY_STATUS_ACTIVE,high
ESPN-CTX-4e11792e6568a1891214230f,2026-09-24T17:42:45.920993-07:00,NFL,NFL,,Dontayvion Wicks,,,,ACTIVE,WR,,,,INJURY_AVAILABILITY,ESPN_PUBLIC,Active INJURY_STATUS_ACTIVE,high
ESPN-CTX-72692c74b73ff197a6a1fcc5,2026-09-24T17:42:45.920993-07:00,NFL,NFL,,Jalen Hurts,,,,ACTIVE,QB,,,,INJURY_AVAILABILITY,ESPN_PUBLIC,Active INJURY_STATUS_ACTIVE,high
ESPN-CTX-69edf98c85aad2d10c82a32d,2026-09-24T17:42:45.920993-07:00,NFL,NFL,,Andy Dalton,,,,ACTIVE,QB,,,,INJURY_AVAILABILITY,ESPN_PUBLIC,Active INJURY_STATUS_ACTIVE,high
ESPN-CTX-058dbf027065b0cb2b6bb378,2026-09-24T17:42:45.920993-07:00,NFL,NFL,,Cooper DeJean,,,,ACTIVE,CB,,,,INJURY_AVAILABILITY,ESPN_PUBLIC,Active INJURY_STATUS_ACTIVE,high
ESPN-CTX-4a2546c94511c421c1a76a2b,2026-09-24T17:42:45.920993-07:00,NFL,NFL,,Landon Dickerson,,,,IR/IL,G,,,,INJURY_AVAILABILITY,ESPN_PUBLIC,Injured Reserve INJURY_STATUS_IR Knee,high
ESPN-CTX-6122b33b47d2bf20d8614423,2026-09-24T17:42:45.920993-07:00,NFL,NFL,,Michael Pittman Jr.,,,,QUESTIONABLE,WR,,,,INJURY_AVAILABILITY,ESPN_PUBLIC,Questionable INJURY_STATUS_QUESTIONABLE Foot,high
ESPN-CTX-cd018e3118af5259e72677da,2026-09-24T17:42:45.920993-07:00,NFL,NFL,,Rico Dowdle,,,,QUESTIONABLE,RB,,,,INJURY_AVAILABILITY,ESPN_PUBLIC,Questionable INJURY_STATUS_QUESTIONABLE Toe,high
ESPN-CTX-3de219c2f7587f457b3b1bd6,2026-09-24T17:42:45.920993-07:00,NFL,NFL,,Jaylen Warren,,,,QUESTIONABLE,RB,,,,INJURY_AVAILABILITY,ESPN_PUBLIC,Questionable INJURY_STATUS_QUESTIONABLE Shoulder,high
ESPN-CTX-4e1c4b43b3814ea19d25fd56,2026-09-24T17:42:45.920993-07:00,NFL,NFL,,Gennings Dunker,,,,QUESTIONABLE,G,,,,INJURY_AVAILABILITY,ESPN_PUBLIC,Questionable INJURY_STATUS_QUESTIONABLE Knee,high
ESPN-CTX-f6cac0753601e126f64980c9,2026-09-24T17:42:45.920993-07:00,NFL,NFL,,Jamel Dean,,,,QUESTIONABLE,CB,,,,INJURY_AVAILABILITY,ESPN_PUBLIC,Questionable INJURY_STATUS_QUESTIONABLE Ankle,high
ESPN-CTX-df20fba86ce06bea1543287e,2026-09-24T17:42:45.920993-07:00,NFL,NFL,,Joey Porter Jr.,,,,QUESTIONABLE,CB,,,,INJURY_AVAILABILITY,ESPN_PUBLIC,Questionable INJURY_STATUS_QUESTIONABLE Undisclosed,high
ESPN-CTX-8e99e31e50ef710b225b0ff1,2026-09-24T17:42:45.920993-07:00,NFL,NFL,,Patrick Queen,,,,ACTIVE,LB,,,,INJURY_AVAILABILITY,ESPN_PUBLIC,Active INJURY_STATUS_ACTIVE,high
ESPN-CTX-e7692fc9f7cd201457754796,2026-09-24T17:42:45.920993-07:00,NFL,NFL,,Darnell Washington,,,,ACTIVE,TE,,,,INJURY_AVAILABILITY,ESPN_PUBLIC,Active INJURY_STATUS_ACTIVE,high
ESPN-CTX-2092c5559af8b576af1d8337,2026-09-24T17:42:45.920993-07:00,NFL,NFL,,Travis Homer,,,,ACTIVE,RB,,,,INJURY_AVAILABILITY,ESPN_PUBLIC,Active INJURY_STATUS_ACTIVE,high
ESPN-CTX-458bbe9ea1c3b7a842a03308,2026-09-24T17:42:45.920993-07:00,NFL,NFL,,Chris Boswell,,,,ACTIVE,PK,,,,INJURY_AVAILABILITY,ESPN_PUBLIC,Active INJURY_STATUS_ACTIVE,high
ESPN-CTX-c160a6075da4515dd6136d4a,2026-09-24T17:42:45.920993-07:00,NFL,NFL,,Pat Freiermuth,,,,ACTIVE,TE,,,,INJURY_AVAILABILITY,ESPN_PUBLIC,Active INJURY_STATUS_ACTIVE,high
ESPN-CTX-ed127cd70ee85e4a2ca6f478,2026-09-24T17:42:45.920993-07:00,NFL,NFL,,Roman Wilson,,,,ACTIVE,WR,,,,INJURY_AVAILABILITY,ESPN_PUBLIC,Active INJURY_STATUS_ACTIVE,high
ESPN-CTX-2fbcdad5de15193e4f63da91,2026-09-24T17:42:45.920993-07:00,NFL,NFL,,Germie Bernard,,,,ACTIVE,WR,,,,INJURY_AVAILABILITY,ESPN_PUBLIC,Active INJURY_STATUS_ACTIVE,high
ESPN-CTX-9249fa57bdfe061543afd9f6,2026-09-24T17:42:45.920993-07:00,NFL,NFL,,Gabriel Rubio,,,,ACTIVE,DE,,,,INJURY_AVAILABILITY,ESPN_PUBLIC,Active INJURY_STATUS_ACTIVE,high
ESPN-CTX-cb78c35821ad597541775331,2026-09-24T17:42:45.920993-07:00,NFL,NFL,,Kevin Jobity Jr.,,,,ACTIVE,DT,,,,INJURY_AVAILABILITY,ESPN_PUBLIC,Active INJURY_STATUS_ACTIVE,high
ESPN-CTX-df9bbc2ee992438801ad9e58,2026-09-24T17:42:45.920993-07:00,NFL,NFL,,Drew Allar,,,,ACTIVE,QB,,,,INJURY_AVAILABILITY,ESPN_PUBLIC,Active INJURY_STATUS_ACTIVE,high
ESPN-CTX-9c0cff17c03cbbabd0701b5a,2026-09-24T17:42:45.920993-07:00,NFL,NFL,,Will Howard,,,,ACTIVE,QB,,,,INJURY_AVAILABILITY,ESPN_PUBLIC,Active INJURY_STATUS_ACTIVE,high
ESPN-CTX-61623db7105fbf66d80ce96f,2026-09-24T17:42:45.920993-07:00,NFL,NFL,,DK Metcalf,,,,ACTIVE,WR,,,,INJURY_AVAILABILITY,ESPN_PUBLIC,Active INJURY_STATUS_ACTIVE,high
ESPN-CTX-41788b4138f5ad8ffb174428,2026-09-24T17:42:45.920993-07:00,NFL,NFL,,Aaron Rodgers,,,,ACTIVE,QB,,,,INJURY_AVAILABILITY,ESPN_PUBLIC,Active INJURY_STATUS_ACTIVE,high
ESPN-CTX-b6999290e9b43763a3ad68a9,2026-09-24T17:42:45.920993-07:00,NFL,NFL,,Troy Fautanu,,,,ACTIVE,OT,,,,INJURY_AVAILABILITY,ESPN_PUBLIC,Active INJURY_STATUS_ACTIVE,high
ESPN-CTX-0ba3ce4b654bd558a69c49a9,2026-09-24T17:42:45.920993-07:00,NFL,NFL,,Jaquan Brisker,,,,ACTIVE,S,,,,INJURY_AVAILABILITY,ESPN_PUBLIC,Active INJURY_STATUS_ACTIVE,high
ESPN-CTX-18d3c37183a493dab1f52c26,2026-09-24T17:42:45.920993-07:00,NFL,NFL,,Payton Wilson,,,,ACTIVE,LB,,,,INJURY_AVAILABILITY,ESPN_PUBLIC,Active INJURY_STATUS_ACTIVE,high
ESPN-CTX-7621ed81ea6fa8723821f9be,2026-09-24T17:42:45.920993-07:00,NFL,NFL,,T.J. Watt,,,,ACTIVE,LB,,,,INJURY_AVAILABILITY,ESPN_PUBLIC,Active INJURY_STATUS_ACTIVE,high
ESPN-CTX-1fe68124ceae974905d976a6,2026-09-24T17:42:45.920993-07:00,NFL,NFL,,Asante Samuel Jr.,,,,ACTIVE,CB,,,,INJURY_AVAILABILITY,ESPN_PUBLIC,Active INJURY_STATUS_ACTIVE,high
ESPN-CTX-d49ca54fcecd7299e3c256ab,2026-09-24T17:42:45.920993-07:00,NFL,NFL,,Brandin Echols,,,,ACTIVE,CB,,,,INJURY_AVAILABILITY,ESPN_PUBLIC,Active INJURY_STATUS_ACTIVE,high
ESPN-CTX-e523a08755190676e2a31568,2026-09-24T17:42:45.920993-07:00,NFL,NFL,,Mike Evans,,,,QUESTIONABLE,WR,,,,INJURY_AVAILABILITY,ESPN_PUBLIC,Questionable INJURY_STATUS_QUESTIONABLE Hip,high
ESPN-CTX-cb8591b5ca00f0ef21bc7d05,2026-09-24T17:42:45.920993-07:00,NFL,NFL,,Nick Bosa,,,,QUESTIONABLE,DE,,,,INJURY_AVAILABILITY,ESPN_PUBLIC,Questionable INJURY_STATUS_QUESTIONABLE Calf,high
ESPN-CTX-1d023ec20fe28049c3ccbddf,2026-09-24T17:42:45.920993-07:00,NFL,NFL,,Naquan Jones,,,,ACTIVE,DT,,,,INJURY_AVAILABILITY,ESPN_PUBLIC,Active INJURY_STATUS_ACTIVE,high
ESPN-CTX-81560ecf6422d0af32bb57ea,2026-09-24T17:42:45.920993-07:00,NFL,NFL,,C.J. West,,,,IR/IL,DT,,,,INJURY_AVAILABILITY,ESPN_PUBLIC,Injured Reserve INJURY_STATUS_IR Undisclosed,high
ESPN-CTX-6f43ffc83bc49e49ef5d1974,2026-09-24T17:42:45.920993-07:00,NFL,NFL,,Mac Jones,,,,ACTIVE,QB,,,,INJURY_AVAILABILITY,ESPN_PUBLIC,Active INJURY_STATUS_ACTIVE,high
ESPN-CTX-b6f3e98858a0b12022173512,2026-09-24T17:42:45.920993-07:00,NFL,NFL,,Kyle Juszczyk,,,,ACTIVE,FB,,,,INJURY_AVAILABILITY,ESPN_PUBLIC,Active INJURY_STATUS_ACTIVE,high
ESPN-CTX-fbf2a10494387c98cf8cb9d8,2026-09-24T17:42:45.920993-07:00,NFL,NFL,,Fred Warner,,,,ACTIVE,LB,,,,INJURY_AVAILABILITY,ESPN_PUBLIC,Active INJURY_STATUS_ACTIVE,high
ESPN-CTX-d5b38c5147f442860eb39a22,2026-09-24T17:42:45.920993-07:00,NFL,NFL,,Ji'Ayir Brown,,,,ACTIVE,S,,,,INJURY_AVAILABILITY,ESPN_PUBLIC,Active INJURY_STATUS_ACTIVE,high
ESPN-CTX-4b056b6642251dbd7b7c60a8,2026-09-24T17:42:45.920993-07:00,NFL,NFL,,Marques Sigle,,,,ACTIVE,S,,,,INJURY_AVAILABILITY,ESPN_PUBLIC,Active INJURY_STATUS_ACTIVE,high
ESPN-CTX-591e59da0fb18d0329b65ec9,2026-09-24T17:42:45.920993-07:00,NFL,NFL,,Jordan James,,,,ACTIVE,RB,,,,INJURY_AVAILABILITY,ESPN_PUBLIC,Active INJURY_STATUS_ACTIVE,high
ESPN-CTX-3e2fd231c7bbf48fd951eefe,2026-09-24T17:42:45.920993-07:00,NFL,NFL,,Romello Height,,,,QUESTIONABLE,DE,,,,INJURY_AVAILABILITY,ESPN_PUBLIC,Questionable INJURY_STATUS_QUESTIONABLE Hand,high
ESPN-CTX-eeca428b6987faa712a5191f,2026-09-24T17:42:45.920993-07:00,NFL,NFL,,Eddy Pineiro,,,,ACTIVE,PK,,,,INJURY_AVAILABILITY,ESPN_PUBLIC,Active INJURY_STATUS_ACTIVE,high
ESPN-CTX-16b779eebfb82feeee423257,2026-09-24T17:42:45.920993-07:00,NFL,NFL,,James Thompson Jr.,,,,DOUBTFUL,DT,,,,INJURY_AVAILABILITY,ESPN_PUBLIC,Doubtful INJURY_STATUS_DOUBTFUL Ankle,high
ESPN-CTX-b18730d624d9f8db85274ef9,2026-09-24T17:42:45.920993-07:00,NFL,NFL,,Demarcus Robinson,,,,OUT,WR,,,,INJURY_AVAILABILITY,ESPN_PUBLIC,Out INJURY_STATUS_OUT Ankle,high
ESPN-CTX-f7c2fb028a40df74c5bdc14e,2026-09-24T17:42:45.920993-07:00,NFL,NFL,,Tatum Bethune,,,,ACTIVE,LB,,,,INJURY_AVAILABILITY,ESPN_PUBLIC,Active INJURY_STATUS_ACTIVE,high
ESPN-CTX-7b711794156a86d866b37921,2026-09-24T17:42:45.920993-07:00,NFL,NFL,,Enrique Cruz Jr.,,,,ACTIVE,OT,,,,INJURY_AVAILABILITY,ESPN_PUBLIC,Active INJURY_STATUS_ACTIVE,high
ESPN-CTX-778bd441803511f4a1920f4b,2026-09-24T17:42:45.920993-07:00,NFL,NFL,,Ephesians Prysock,,,,ACTIVE,CB,,,,INJURY_AVAILABILITY,ESPN_PUBLIC,Active INJURY_STATUS_ACTIVE,high
ESPN-CTX-19458ad78556adedb034f267,2026-09-24T17:42:45.920993-07:00,NFL,NFL,,Brandon Aiyuk,,,,OUT,WR,,,,INJURY_AVAILABILITY,ESPN_PUBLIC,Out INJURY_STATUS_OUT Personal,high
ESPN-CTX-1e0d8e2af19bfedbe3ae32b5,2026-09-24T17:42:45.920993-07:00,NFL,NFL,,Deebo Samuel Sr.,,,,ACTIVE,WR,,,,INJURY_AVAILABILITY,ESPN_PUBLIC,Active INJURY_STATUS_ACTIVE,high
ESPN-CTX-afd73013259ba6dfef7e7c22,2026-09-24T17:42:45.920993-07:00,NFL,NFL,,Kaelon Black,,,,ACTIVE,RB,,,,INJURY_AVAILABILITY,ESPN_PUBLIC,Active INJURY_STATUS_ACTIVE,high
ESPN-CTX-7f09c38a5aa2c29f919b699c,2026-09-24T17:42:45.920993-07:00,NFL,NFL,,George Kittle,,,,ACTIVE,TE,,,,INJURY_AVAILABILITY,ESPN_PUBLIC,Active INJURY_STATUS_ACTIVE,high
ESPN-CTX-4919b25fe3b2f411568d56b6,2026-09-24T17:42:45.920993-07:00,NFL,NFL,,Brock Purdy,,,,ACTIVE,QB,,,,INJURY_AVAILABILITY,ESPN_PUBLIC,Active INJURY_STATUS_ACTIVE,high
ESPN-CTX-e646651107e3bc685fee8b06,2026-09-24T17:42:45.920993-07:00,NFL,NFL,,Christian McCaffrey,,,,ACTIVE,RB,,,,INJURY_AVAILABILITY,ESPN_PUBLIC,Active INJURY_STATUS_ACTIVE,high
ESPN-CTX-2fa20fc339d3613465f1556b,2026-09-24T17:42:45.920993-07:00,NFL,NFL,,Jack Jones,,,,QUESTIONABLE,CB,,,,INJURY_AVAILABILITY,ESPN_PUBLIC,Questionable INJURY_STATUS_QUESTIONABLE Foot,high
ESPN-CTX-fbf13175fb37c078d784d77d,2026-09-24T17:42:45.920993-07:00,NFL,NFL,,Jordan Watkins,,,,ACTIVE,WR,,,,INJURY_AVAILABILITY,ESPN_PUBLIC,Active INJURY_STATUS_ACTIVE,high
ESPN-CTX-79b7f79ff5c4e4c19702963e,2026-09-24T17:42:45.920993-07:00,NFL,NFL,,Cooper Kupp,,,,ACTIVE,WR,,,,INJURY_AVAILABILITY,ESPN_PUBLIC,Active INJURY_STATUS_ACTIVE,high
ESPN-CTX-0da0daf4e806ae2aa05d7721,2026-09-24T17:42:45.920993-07:00,NFL,NFL,,George Holani,,,,ACTIVE,RB,,,,INJURY_AVAILABILITY,ESPN_PUBLIC,Active INJURY_STATUS_ACTIVE,high
ESPN-CTX-e68056e4e49f04b3da9089d7,2026-09-24T17:42:45.920993-07:00,NFL,NFL,,Jadarian Price,,,,QUESTIONABLE,RB,,,,INJURY_AVAILABILITY,ESPN_PUBLIC,Questionable INJURY_STATUS_QUESTIONABLE Chest,high
ESPN-CTX-aa0a3675320c1a51e8f67a2d,2026-09-24T17:42:45.920993-07:00,NFL,NFL,,Sam Darnold,,,,ACTIVE,QB,,,,INJURY_AVAILABILITY,ESPN_PUBLIC,Active INJURY_STATUS_ACTIVE,high
ESPN-CTX-6b8ae0147e7d90cbc11668b8,2026-09-24T17:42:45.920993-07:00,NFL,NFL,,Brady Russell,,,,ACTIVE,FB,,,,INJURY_AVAILABILITY,ESPN_PUBLIC,Active INJURY_STATUS_ACTIVE,high
ESPN-CTX-cdbc1998f42666e51767e58a,2026-09-24T17:42:45.920993-07:00,NFL,NFL,,Julian Love,,,,QUESTIONABLE,S,,,,INJURY_AVAILABILITY,ESPN_PUBLIC,Questionable INJURY_STATUS_QUESTIONABLE Calf,high
ESPN-CTX-01b261cfe462acde860dfd17,2026-09-24T17:42:45.920993-07:00,NFL,NFL,,Ernest Jones IV,,,,ACTIVE,LB,,,,INJURY_AVAILABILITY,ESPN_PUBLIC,Active INJURY_STATUS_ACTIVE,high
ESPN-CTX-92a68f9bf3321b3f4af6151d,2026-09-24T17:42:45.920993-07:00,NFL,NFL,,Nick Emmanwori,,,,ACTIVE,S,,,,INJURY_AVAILABILITY,ESPN_PUBLIC,Active INJURY_STATUS_ACTIVE,high
ESPN-CTX-3382787b1e4b5b37d43d6fe3,2026-09-24T17:42:45.920993-07:00,NFL,NFL,,Ty Okada,,,,QUESTIONABLE,S,,,,INJURY_AVAILABILITY,ESPN_PUBLIC,Questionable INJURY_STATUS_QUESTIONABLE Hamstring,high
ESPN-CTX-a9a55015f915d773bdf295b6,2026-09-24T17:42:45.920993-07:00,NFL,NFL,,Anthony Bradford,,,,IR/IL,G,,,,INJURY_AVAILABILITY,ESPN_PUBLIC,Injured Reserve INJURY_STATUS_IR Knee,high
ESPN-CTX-b9c96b8f8805b302014e378f,2026-09-24T17:42:45.920993-07:00,NFL,NFL,,Rodney Thomas II,,,,ACTIVE,S,,,,INJURY_AVAILABILITY,ESPN_PUBLIC,Active INJURY_STATUS_ACTIVE,high
ESPN-CTX-fa27b858bb619167a859adb6,2026-09-24T17:42:45.920993-07:00,NFL,NFL,,Zach Charbonnet,,,,OUT,RB,,,,INJURY_AVAILABILITY,ESPN_PUBLIC,Out INJURY_STATUS_OUT Knee - ACL,high
ESPN-CTX-2a6a284e720d3645ce3176e1,2026-09-24T17:42:45.920993-07:00,NFL,NFL,,Tory Horton,,,,ACTIVE,WR,,,,INJURY_AVAILABILITY,ESPN_PUBLIC,Active INJURY_STATUS_ACTIVE,high
ESPN-CTX-8759dbbc5d7b3f15dc740c52,2026-09-24T17:42:45.920993-07:00,NFL,NFL,,Elijah Arroyo,,,,ACTIVE,TE,,,,INJURY_AVAILABILITY,ESPN_PUBLIC,Active INJURY_STATUS_ACTIVE,high
ESPN-CTX-72a15012b1a84e758881b4c9,2026-09-24T17:42:45.920993-07:00,NFL,NFL,,Rashid Shaheed,,,,ACTIVE,WR,,,,INJURY_AVAILABILITY,ESPN_PUBLIC,Active INJURY_STATUS_ACTIVE,high
ESPN-CTX-c7e03647173b1b4a59822822,2026-09-24T17:42:45.920993-07:00,NFL,NFL,,AJ Barner,,,,ACTIVE,TE,,,,INJURY_AVAILABILITY,ESPN_PUBLIC,Active INJURY_STATUS_ACTIVE,high
ESPN-CTX-2101def42e07e69fbe1b2153,2026-09-24T17:42:45.920993-07:00,NFL,NFL,,Mike Morris,,,,ACTIVE,DE,,,,INJURY_AVAILABILITY,ESPN_PUBLIC,Active INJURY_STATUS_ACTIVE,high
ESPN-CTX-243ace916a7adc7576292146,2026-09-24T17:42:45.920993-07:00,NFL,NFL,,Connor O'Toole,,,,ACTIVE,LB,,,,INJURY_AVAILABILITY,ESPN_PUBLIC,Active INJURY_STATUS_ACTIVE,high
ESPN-CTX-fe6939677312641dee963906,2026-09-24T17:42:45.920993-07:00,NFL,NFL,,Montorie Foster Jr.,,,,ACTIVE,WR,,,,INJURY_AVAILABILITY,ESPN_PUBLIC,Active INJURY_STATUS_ACTIVE,high
ESPN-CTX-5e1d6ee2e4aa24c8834b5ee7,2026-09-24T17:42:45.920993-07:00,NFL,NFL,,Jason Myers,,,,ACTIVE,PK,,,,INJURY_AVAILABILITY,ESPN_PUBLIC,Active INJURY_STATUS_ACTIVE,high
ESPN-CTX-b8f30478fcc855f996bf95d5,2026-09-24T17:42:45.920993-07:00,NFL,NFL,,Emanuel Wilson,,,,ACTIVE,RB,,,,INJURY_AVAILABILITY,ESPN_PUBLIC,Active INJURY_STATUS_ACTIVE,high
ESPN-CTX-4a3350148635e1dca738b00a,2026-09-24T17:42:45.920993-07:00,NFL,NFL,,Drew Lock,,,,ACTIVE,QB,,,,INJURY_AVAILABILITY,ESPN_PUBLIC,Active INJURY_STATUS_ACTIVE,high
ESPN-CTX-b787a853843ea071d75e75ca,2026-09-24T17:42:45.920993-07:00,NFL,NFL,,Jaxon Smith-Njigba,,,,ACTIVE,WR,,,,INJURY_AVAILABILITY,ESPN_PUBLIC,Active INJURY_STATUS_ACTIVE,high
ESPN-CTX-2882e787fca270030f5ca699,2026-09-24T17:42:45.920993-07:00,NFL,NFL,,Brandon Pili,,,,QUESTIONABLE,DT,,,,INJURY_AVAILABILITY,ESPN_PUBLIC,Questionable INJURY_STATUS_QUESTIONABLE Concussion,high
ESPN-CTX-ade1247110e4759a8d16f91e,2026-09-24T17:42:45.920993-07:00,NFL,NFL,,Josh Jones,,,,ACTIVE,G,,,,INJURY_AVAILABILITY,ESPN_PUBLIC,Active INJURY_STATUS_ACTIVE,high
ESPN-CTX-4ec3dd8f5f4ef6248f95e9de,2026-09-24T17:42:45.920993-07:00,NFL,NFL,,Jacob Parrish,,,,ACTIVE,CB,,,,INJURY_AVAILABILITY,ESPN_PUBLIC,Active INJURY_STATUS_ACTIVE,high
ESPN-CTX-ee7a7ceadc71069dc8e8e161,2026-09-24T17:42:45.920993-07:00,NFL,NFL,,Rueben Bain Jr.,,,,QUESTIONABLE,LB,,,,INJURY_AVAILABILITY,ESPN_PUBLIC,Questionable INJURY_STATUS_QUESTIONABLE Groin,high
ESPN-CTX-c4b39cf50273d4cb50c7b274,2026-09-24T17:42:45.920993-07:00,NFL,NFL,,Josiah Trotter,,,,QUESTIONABLE,LB,,,,INJURY_AVAILABILITY,ESPN_PUBLIC,Questionable INJURY_STATUS_QUESTIONABLE Shoulder,high
ESPN-CTX-62c0a0bc2ff6b2fd3a87747e,2026-09-24T17:42:45.920993-07:00,NFL,NFL,,Anthony Nelson,,,,QUESTIONABLE,LB,,,,INJURY_AVAILABILITY,ESPN_PUBLIC,Questionable INJURY_STATUS_QUESTIONABLE Shin,high
ESPN-CTX-ec8debd076914cf3c0285c47,2026-09-24T17:42:45.920993-07:00,NFL,NFL,,Tez Johnson,,,,ACTIVE,WR,,,,INJURY_AVAILABILITY,ESPN_PUBLIC,Active INJURY_STATUS_ACTIVE,high
ESPN-CTX-7eb746a3b1baf0e0bac6ef1b,2026-09-24T17:42:45.920993-07:00,NFL,NFL,,Tykee Smith,,,,ACTIVE,S,,,,INJURY_AVAILABILITY,ESPN_PUBLIC,Active INJURY_STATUS_ACTIVE,high
ESPN-CTX-bee7e4cff120296d84d7a97e,2026-09-24T17:42:45.920993-07:00,NFL,NFL,,Sean Tucker,,,,ACTIVE,RB,,,,INJURY_AVAILABILITY,ESPN_PUBLIC,Active INJURY_STATUS_ACTIVE,high
ESPN-CTX-8f3a3d74d404a264926ce27f,2026-09-24T17:42:45.920993-07:00,NFL,NFL,,Jalen McMillan,,,,ACTIVE,WR,,,,INJURY_AVAILABILITY,ESPN_PUBLIC,Active INJURY_STATUS_ACTIVE,high
ESPN-CTX-7d7f5b444241333679c9cec4,2026-09-24T17:42:45.920993-07:00,NFL,NFL,,Ted Hurst III,,,,ACTIVE,WR,,,,INJURY_AVAILABILITY,ESPN_PUBLIC,Active INJURY_STATUS_ACTIVE,high
ESPN-CTX-b67a0b0916d708dc6efd1268,2026-09-24T17:42:45.920993-07:00,NFL,NFL,,Cade Otton,,,,ACTIVE,TE,,,,INJURY_AVAILABILITY,ESPN_PUBLIC,Active INJURY_STATUS_ACTIVE,high
ESPN-CTX-e2486a79d4258b14cf28a7e5,2026-09-24T17:42:45.920993-07:00,NFL,NFL,,Elijah Simmons,,,,ACTIVE,DT,,,,INJURY_AVAILABILITY,ESPN_PUBLIC,Active INJURY_STATUS_ACTIVE,high
ESPN-CTX-396dc7a6ea16a16a981780fa,2026-09-24T17:42:45.920993-07:00,NFL,NFL,,Ayden Garnes,,,,ACTIVE,CB,,,,INJURY_AVAILABILITY,ESPN_PUBLIC,Active INJURY_STATUS_ACTIVE,high
ESPN-CTX-8e80ae06b8a8fe147d1d26d9,2026-09-24T17:42:45.920993-07:00,NFL,NFL,,Luke Haggard,,,,ACTIVE,G,,,,INJURY_AVAILABILITY,ESPN_PUBLIC,Active INJURY_STATUS_ACTIVE,high
ESPN-CTX-f0fee3d598b00393ee2a6778,2026-09-24T17:42:45.920993-07:00,NFL,NFL,,Billy Schrauth,,,,ACTIVE,G,,,,INJURY_AVAILABILITY,ESPN_PUBLIC,Active INJURY_STATUS_ACTIVE,high
ESPN-CTX-1309fb5a297772bf971c6318,2026-09-24T17:42:45.920993-07:00,NFL,NFL,,DeMonte Capehart,,,,ACTIVE,DT,,,,INJURY_AVAILABILITY,ESPN_PUBLIC,Active INJURY_STATUS_ACTIVE,high
ESPN-CTX-f9f37f3cc15d2451a0bfbef8,2026-09-24T17:42:45.920993-07:00,NFL,NFL,,Chris Godwin Jr.,,,,ACTIVE,WR,,,,INJURY_AVAILABILITY,ESPN_PUBLIC,Active INJURY_STATUS_ACTIVE,high
ESPN-CTX-e5fd5a0ad145cebebd8c9fad,2026-09-24T17:42:45.920993-07:00,NFL,NFL,,Kenny Gainwell,,,,ACTIVE,RB,,,,INJURY_AVAILABILITY,ESPN_PUBLIC,Active INJURY_STATUS_ACTIVE,high
ESPN-CTX-95dbe819da2ce60d85023a5b,2026-09-24T17:42:45.920993-07:00,NFL,NFL,,Chase McLaughlin,,,,ACTIVE,PK,,,,INJURY_AVAILABILITY,ESPN_PUBLIC,Active INJURY_STATUS_ACTIVE,high
ESPN-CTX-0d785aa8d6bce417af06b15d,2026-09-24T17:42:45.920993-07:00,NFL,NFL,,Baker Mayfield,,,,ACTIVE,QB,,,,INJURY_AVAILABILITY,ESPN_PUBLIC,Active INJURY_STATUS_ACTIVE,high
ESPN-CTX-178bd780955f586e18fffc8f,2026-09-24T17:42:45.920993-07:00,NFL,NFL,,Emeka Egbuka,,,,ACTIVE,WR,,,,INJURY_AVAILABILITY,ESPN_PUBLIC,Active INJURY_STATUS_ACTIVE,high
ESPN-CTX-83cdae86040ec85fa2793025,2026-09-24T17:42:45.920993-07:00,NFL,NFL,,Bucky Irving,,,,ACTIVE,RB,,,,INJURY_AVAILABILITY,ESPN_PUBLIC,Active INJURY_STATUS_ACTIVE,high
ESPN-CTX-8097fd8b9c52664b12b1fe20,2026-09-24T17:42:45.920993-07:00,NFL,NFL,,Miles Killebrew,,,,ACTIVE,S,,,,INJURY_AVAILABILITY,ESPN_PUBLIC,Active INJURY_STATUS_ACTIVE,high
ESPN-CTX-df18ac577fbcd1ac0dbf5519,2026-09-24T17:42:45.920993-07:00,NFL,NFL,,Justin Skule,,,,ACTIVE,OT,,,,INJURY_AVAILABILITY,ESPN_PUBLIC,Active INJURY_STATUS_ACTIVE,high
ESPN-CTX-328c6ed5a4699e883ad4135c,2026-09-24T17:42:45.920993-07:00,NFL,NFL,,Christian Rozeboom,,,,ACTIVE,LB,,,,INJURY_AVAILABILITY,ESPN_PUBLIC,Active INJURY_STATUS_ACTIVE,high
ESPN-CTX-e0da1f865c25991728b93ade,2026-09-24T17:42:45.920993-07:00,NFL,NFL,,Josh Hayes,,,,IR/IL,CB,,,,INJURY_AVAILABILITY,ESPN_PUBLIC,Injured Reserve INJURY_STATUS_IR Knee,high
ESPN-CTX-a1f3ba9f9893007fea01ff7f,2026-09-24T17:42:45.920993-07:00,NFL,NFL,,Tony Pollard,,,,QUESTIONABLE,RB,,,,INJURY_AVAILABILITY,ESPN_PUBLIC,Questionable INJURY_STATUS_QUESTIONABLE Ankle,high
ESPN-CTX-fe51a0604400574579f96f3c,2026-09-24T17:42:45.920993-07:00,NFL,NFL,,Micah Robinson,,,,QUESTIONABLE,CB,,,,INJURY_AVAILABILITY,ESPN_PUBLIC,Questionable INJURY_STATUS_QUESTIONABLE Groin,high
ESPN-CTX-add5d440e54f4aa9de4bafd9,2026-09-24T17:42:45.920993-07:00,NFL,NFL,,Daniel Bellinger,,,,QUESTIONABLE,TE,,,,INJURY_AVAILABILITY,ESPN_PUBLIC,Questionable INJURY_STATUS_QUESTIONABLE Illness,high
ESPN-CTX-489f08abe0091b3ad6d14507,2026-09-24T17:42:45.920993-07:00,NFL,NFL,,Tyjae Spears,,,,QUESTIONABLE,RB,,,,INJURY_AVAILABILITY,ESPN_PUBLIC,Questionable INJURY_STATUS_QUESTIONABLE Ankle,high
ESPN-CTX-ba8ceea53fdda4895e583459,2026-09-24T17:42:45.920993-07:00,NFL,NFL,,Fernando Carmona,,,,ACTIVE,G,,,,INJURY_AVAILABILITY,ESPN_PUBLIC,Active INJURY_STATUS_ACTIVE,high
ESPN-CTX-861dc1546284d5b260f57184,2026-09-24T17:42:45.920993-07:00,NFL,NFL,,Cor'Dale Flott,,,,QUESTIONABLE,CB,,,,INJURY_AVAILABILITY,ESPN_PUBLIC,Questionable INJURY_STATUS_QUESTIONABLE Quadriceps,high
ESPN-CTX-1b53f0eb3e1594edc7d045cd,2026-09-24T17:42:45.920993-07:00,NFL,NFL,,James Williams Sr.,,,,ACTIVE,LB,,,,INJURY_AVAILABILITY,ESPN_PUBLIC,Active INJURY_STATUS_ACTIVE,high
ESPN-CTX-84d9b57fe39441e02bffe015,2026-09-24T17:42:45.920993-07:00,NFL,NFL,,Solomon Thomas,,,,QUESTIONABLE,DT,,,,INJURY_AVAILABILITY,ESPN_PUBLIC,Questionable INJURY_STATUS_QUESTIONABLE Knee,high
ESPN-CTX-17ac46247073bc8db34fa47a,2026-09-24T17:42:45.920993-07:00,NFL,NFL,,Marcus Harris,,,,ACTIVE,CB,,,,INJURY_AVAILABILITY,ESPN_PUBLIC,Active INJURY_STATUS_ACTIVE,high
ESPN-CTX-0b35b55d3ff1f8203b4f9656,2026-09-24T17:42:45.920993-07:00,NFL,NFL,,Amani Hooker,,,,ACTIVE,S,,,,INJURY_AVAILABILITY,ESPN_PUBLIC,Active INJURY_STATUS_ACTIVE,high
ESPN-CTX-75a18409d39138a9a8c4f194,2026-09-24T17:42:45.920993-07:00,NFL,NFL,,Anthony Hill Jr.,,,,ACTIVE,LB,,,,INJURY_AVAILABILITY,ESPN_PUBLIC,Active INJURY_STATUS_ACTIVE,high
ESPN-CTX-6dfe096dcf914a0f1a5c2e7c,2026-09-24T17:42:45.920993-07:00,NFL,NFL,,Nicholas Singleton,,,,ACTIVE,RB,,,,INJURY_AVAILABILITY,ESPN_PUBLIC,Active INJURY_STATUS_ACTIVE,high
ESPN-CTX-7c092eaea060cc67c66e3b3a,2026-09-24T17:42:45.920993-07:00,NFL,NFL,,Elic Ayomanor,,,,ACTIVE,WR,,,,INJURY_AVAILABILITY,ESPN_PUBLIC,Active INJURY_STATUS_ACTIVE,high
ESPN-CTX-a88ea5d65dad99dcb47e9f70,2026-09-24T17:42:45.920993-07:00,NFL,NFL,,Calvin Ridley,,,,ACTIVE,WR,,,,INJURY_AVAILABILITY,ESPN_PUBLIC,Active INJURY_STATUS_ACTIVE,high
ESPN-CTX-ab82e2d4530748f19180102c,2026-09-24T17:42:45.920993-07:00,NFL,NFL,,Brandon Crenshaw-Dickson,,,,ACTIVE,OT,,,,INJURY_AVAILABILITY,ESPN_PUBLIC,Active INJURY_STATUS_ACTIVE,high
ESPN-CTX-3642ce7a127eb75e1eefd317,2026-09-24T17:42:45.920993-07:00,NFL,NFL,,Atonio Mafi,,,,ACTIVE,G,,,,INJURY_AVAILABILITY,ESPN_PUBLIC,Active INJURY_STATUS_ACTIVE,high
ESPN-CTX-9ed70de03f3a6419b8fd1257,2026-09-24T17:42:45.920993-07:00,NFL,NFL,,Kylen Granson,,,,ACTIVE,TE,,,,INJURY_AVAILABILITY,ESPN_PUBLIC,Active INJURY_STATUS_ACTIVE,high
ESPN-CTX-06db24cbcf682acea1e11dea,2026-09-24T17:42:45.920993-07:00,NFL,NFL,,Jackie Marshall,,,,ACTIVE,DT,,,,INJURY_AVAILABILITY,ESPN_PUBLIC,Active INJURY_STATUS_ACTIVE,high
ESPN-CTX-27b52aab1dfb6d148cac2736,2026-09-24T17:42:45.920993-07:00,NFL,NFL,,Wan'Dale Robinson,,,,ACTIVE,WR,,,,INJURY_AVAILABILITY,ESPN_PUBLIC,Active INJURY_STATUS_ACTIVE,high
ESPN-CTX-f189ed1151f6d7af4d29e397,2026-09-24T17:42:45.920993-07:00,NFL,NFL,,Gunnar Helm,,,,ACTIVE,TE,,,,INJURY_AVAILABILITY,ESPN_PUBLIC,Active INJURY_STATUS_ACTIVE,high
ESPN-CTX-f662be8fd87ead80064a6880,2026-09-24T17:42:45.920993-07:00,NFL,NFL,,Carnell Tate,,,,ACTIVE,WR,,,,INJURY_AVAILABILITY,ESPN_PUBLIC,Active INJURY_STATUS_ACTIVE,high
ESPN-CTX-0e50228a592df8261353e8a2,2026-09-24T17:42:45.920993-07:00,NFL,NFL,,Joey Slye,,,,ACTIVE,PK,,,,INJURY_AVAILABILITY,ESPN_PUBLIC,Active INJURY_STATUS_ACTIVE,high
ESPN-CTX-292fc75dfa40ea7d87e16031,2026-09-24T17:42:45.920993-07:00,NFL,NFL,,Cam Ward,,,,ACTIVE,QB,,,,INJURY_AVAILABILITY,ESPN_PUBLIC,Active INJURY_STATUS_ACTIVE,high
ESPN-CTX-ba6bbc71f12bdff20460be24,2026-09-24T17:42:45.920993-07:00,NFL,NFL,,Cedric Gray,,,,ACTIVE,LB,,,,INJURY_AVAILABILITY,ESPN_PUBLIC,Active INJURY_STATUS_ACTIVE,high
ESPN-CTX-68d18b359d09e953d5b3aaf6,2026-09-24T17:42:45.920993-07:00,NFL,NFL,,Kevin Winston Jr.,,,,ACTIVE,S,,,,INJURY_AVAILABILITY,ESPN_PUBLIC,Active INJURY_STATUS_ACTIVE,high
ESPN-CTX-6dc9e6a85aa034e32209a383,2026-09-24T17:42:45.920993-07:00,NFL,NFL,,Chig Okonkwo,,,,QUESTIONABLE,TE,,,,INJURY_AVAILABILITY,ESPN_PUBLIC,Questionable INJURY_STATUS_QUESTIONABLE Hamstring,high
ESPN-CTX-5f66da6da66b701ccaa8f78d,2026-09-24T17:42:45.920993-07:00,NFL,NFL,,Brandon Coleman,,,,ACTIVE,G,,,,INJURY_AVAILABILITY,ESPN_PUBLIC,Active INJURY_STATUS_ACTIVE,high
ESPN-CTX-cbc7a50a7799fe408814bc46,2026-09-24T17:42:45.920993-07:00,NFL,NFL,,Jeremy Reaves,,,,QUESTIONABLE,S,,,,INJURY_AVAILABILITY,ESPN_PUBLIC,Questionable INJURY_STATUS_QUESTIONABLE Knee,high
ESPN-CTX-4d910867cde542c7bc627b93,2026-09-24T17:42:45.920993-07:00,NFL,NFL,,Leo Chenal,,,,QUESTIONABLE,LB,,,,INJURY_AVAILABILITY,ESPN_PUBLIC,Questionable INJURY_STATUS_QUESTIONABLE Chest,high
ESPN-CTX-b9c5eefcffcfc61d80578e46,2026-09-24T17:42:45.920993-07:00,NFL,NFL,,Frankie Luvu,,,,QUESTIONABLE,LB,,,,INJURY_AVAILABILITY,ESPN_PUBLIC,Questionable INJURY_STATUS_QUESTIONABLE Groin,high
ESPN-CTX-2ed59ee6b239e8c5e88f85ac,2026-09-24T17:42:45.920993-07:00,NFL,NFL,,Charles Omenihu,,,,QUESTIONABLE,DE,,,,INJURY_AVAILABILITY,ESPN_PUBLIC,Questionable INJURY_STATUS_QUESTIONABLE Ankle,high
ESPN-CTX-965f3b94f94d97b5dd40aa45,2026-09-24T17:42:45.920993-07:00,NFL,NFL,,Tyler Owens,,,,QUESTIONABLE,S,,,,INJURY_AVAILABILITY,ESPN_PUBLIC,Questionable INJURY_STATUS_QUESTIONABLE Hamstring,high
ESPN-CTX-9ecded75223a23838a47b4df,2026-09-24T17:42:45.920993-07:00,NFL,NFL,,Percy Butler,,,,QUESTIONABLE,S,,,,INJURY_AVAILABILITY,ESPN_PUBLIC,Questionable INJURY_STATUS_QUESTIONABLE Groin,high
ESPN-CTX-1a242a1f43e38f21c79e5ad3,2026-09-24T17:42:45.920993-07:00,NFL,NFL,,Kaytron Allen,,,,QUESTIONABLE,RB,,,,INJURY_AVAILABILITY,ESPN_PUBLIC,Questionable INJURY_STATUS_QUESTIONABLE,high
ESPN-CTX-45998c98a0e5f02f0e5bb473,2026-09-24T17:42:45.920993-07:00,NFL,NFL,,Dorance Armstrong,,,,QUESTIONABLE,DE,,,,INJURY_AVAILABILITY,ESPN_PUBLIC,Questionable INJURY_STATUS_QUESTIONABLE Knee,high
ESPN-CTX-aad9f63b7ce8ef0777377a72,2026-09-24T17:42:45.920993-07:00,NFL,NFL,,Javon Kinlaw,,,,QUESTIONABLE,DT,,,,INJURY_AVAILABILITY,ESPN_PUBLIC,Questionable INJURY_STATUS_QUESTIONABLE Shoulder,high
ESPN-CTX-eb4ff7f6466aaa21d03ea024,2026-09-24T17:42:45.920993-07:00,NFL,NFL,,Nick Cross,,,,OUT,S,,,,INJURY_AVAILABILITY,ESPN_PUBLIC,Out INJURY_STATUS_OUT Undisclosed,high
ESPN-CTX-8761266bdb063f8d6a91097d,2026-09-24T17:42:45.920993-07:00,NFL,NFL,,Jayden Daniels,,,,OUT,QB,,,,INJURY_AVAILABILITY,ESPN_PUBLIC,Out INJURY_STATUS_OUT Elbow,high
ESPN-CTX-557abfe06ad28b777c0d6cca,2026-09-24T17:42:45.920993-07:00,NFL,NFL,,Jaylin Lane,,,,QUESTIONABLE,WR,,,,INJURY_AVAILABILITY,ESPN_PUBLIC,Questionable INJURY_STATUS_QUESTIONABLE Groin,high
ESPN-CTX-650d8eda6cd75b989a572252,2026-09-24T17:42:45.920993-07:00,NFL,NFL,,Colson Yankoff,,,,ACTIVE,TE,,,,INJURY_AVAILABILITY,ESPN_PUBLIC,Active INJURY_STATUS_ACTIVE,high
ESPN-CTX-877588650bdc59be36e1f381,2026-09-24T17:42:45.920993-07:00,NFL,NFL,,Treylon Burks,,,,ACTIVE,WR,,,,INJURY_AVAILABILITY,ESPN_PUBLIC,Active INJURY_STATUS_ACTIVE,high
ESPN-CTX-3b47018ec5071afb11eee6b5,2026-09-24T17:42:45.920993-07:00,NFL,NFL,,John Bates,,,,ACTIVE,TE,,,,INJURY_AVAILABILITY,ESPN_PUBLIC,Active INJURY_STATUS_ACTIVE,high
ESPN-CTX-4116dcda117fad536a623465,2026-09-24T17:42:45.920993-07:00,NFL,NFL,,Sonny Styles,,,,ACTIVE,LB,,,,INJURY_AVAILABILITY,ESPN_PUBLIC,Active INJURY_STATUS_ACTIVE,high
ESPN-CTX-14ab75fb2e4e5b4e6b335a68,2026-09-24T17:42:45.920993-07:00,NFL,NFL,,Ben Sinnott,,,,ACTIVE,TE,,,,INJURY_AVAILABILITY,ESPN_PUBLIC,Active INJURY_STATUS_ACTIVE,high
ESPN-CTX-0ff0fa3bda0bd4da109f3ac5,2026-09-24T17:42:45.920993-07:00,NFL,NFL,,Dyami Brown,,,,ACTIVE,WR,,,,INJURY_AVAILABILITY,ESPN_PUBLIC,Active INJURY_STATUS_ACTIVE,high
ESPN-CTX-500f2be41be1e9cfc4b8c78e,2026-09-24T17:42:45.920993-07:00,NFL,NFL,,Antonio Williams,,,,ACTIVE,WR,,,,INJURY_AVAILABILITY,ESPN_PUBLIC,Active INJURY_STATUS_ACTIVE,high
ESPN-CTX-074c4de0de7e66e58ca4c75e,2026-09-24T17:42:45.920993-07:00,NFL,NFL,,Sam Cosmi,,,,QUESTIONABLE,G,,,,INJURY_AVAILABILITY,ESPN_PUBLIC,Questionable INJURY_STATUS_QUESTIONABLE Concussion,high
ESPN-CTX-74458ad8f4b92883e63f9a5e,2026-09-24T17:42:45.920993-07:00,NFL,NFL,,Drew Stevens,,,,ACTIVE,PK,,,,INJURY_AVAILABILITY,ESPN_PUBLIC,Active INJURY_STATUS_ACTIVE,high
ESPN-CTX-2c636934148d2728a8ef40f7,2026-09-24T17:42:45.920993-07:00,NFL,NFL,,Marcus Mariota,,,,ACTIVE,QB,,,,INJURY_AVAILABILITY,ESPN_PUBLIC,Active INJURY_STATUS_ACTIVE,high
ESPN-CTX-a3906d409d2071c9baeb42cf,2026-09-24T17:42:45.920993-07:00,NFL,NFL,,Isaac Yiadom,,,,ACTIVE,CB,,,,INJURY_AVAILABILITY,ESPN_PUBLIC,Active INJURY_STATUS_ACTIVE,high
ESPN-CTX-dee1d325f8f0309be3f3a297,2026-09-24T17:42:45.920993-07:00,NHL,NHL,,Drew Helleson,,,,OUT,D,,,,INJURY_AVAILABILITY,ESPN_PUBLIC,Out INJURY_STATUS_OUT Lower Body,high
ESPN-CTX-a6a782a99d21db3cd05261ae,2026-09-24T17:42:45.920993-07:00,NHL,NHL,,A.J. Greer,,,,OUT,LW,,,,INJURY_AVAILABILITY,ESPN_PUBLIC,Out INJURY_STATUS_OUT Upper Body,high
ESPN-CTX-17cc6f3f9ad72c314f30cb23,2026-09-24T17:42:45.920993-07:00,NHL,NHL,,Troy Terry,,,,OUT,RW,,,,INJURY_AVAILABILITY,ESPN_PUBLIC,Out INJURY_STATUS_OUT Hip,high
ESPN-CTX-e020592391dcbf3252aa6e32,2026-09-24T17:42:45.920993-07:00,NHL,NHL,,Ian Moore,,,,OUT,D,,,,INJURY_AVAILABILITY,ESPN_PUBLIC,Out INJURY_STATUS_OUT Lower Body,high
ESPN-CTX-bd84a1d835820eda8116215d,2026-09-24T17:42:45.920993-07:00,NHL,NHL,,Matthew Poitras,,,,OUT,C,,,,INJURY_AVAILABILITY,ESPN_PUBLIC,Out INJURY_STATUS_OUT Lower Body,high
ESPN-CTX-bce940cc9046338134808159,2026-09-24T17:42:45.920993-07:00,NHL,NHL,,Charlie McAvoy,,,,SUSPENSION INJURY_STATUS_SUSPENSION SUSPENSION,D,,,,INJURY_AVAILABILITY,ESPN_PUBLIC,Suspension INJURY_STATUS_SUSPENSION Suspension,high
ESPN-CTX-8eb6c2c0e5caa476d8ff917f,2026-09-24T17:42:45.920993-07:00,NHL,NHL,,Olen Zellweger,,,,OUT,D,,,,INJURY_AVAILABILITY,ESPN_PUBLIC,Out INJURY_STATUS_OUT Concussion,high
ESPN-CTX-34f40d774cafdab344c6e369,2026-09-24T17:42:45.920993-07:00,NHL,NHL,,Mattias Samuelsson,,,,OUT,D,,,,INJURY_AVAILABILITY,ESPN_PUBLIC,Out INJURY_STATUS_OUT Lower Body,high
ESPN-CTX-33d69a8e9bce19b4ea9cfe2a,2026-09-24T17:42:45.920993-07:00,NHL,NHL,,Jason Zucker,,,,OUT,LW,,,,INJURY_AVAILABILITY,ESPN_PUBLIC,Out INJURY_STATUS_OUT Abdomen,high
ESPN-CTX-cac076bc60546ddc4eccb093,2026-09-24T17:42:45.920993-07:00,NHL,NHL,,Jonathan Huberdeau,,,,IR/IL,LW,,,,INJURY_AVAILABILITY,ESPN_PUBLIC,Injured Reserve INJURY_STATUS_IR Hip,high
ESPN-CTX-2ba722ae0a3e5c97f4990f41,2026-09-24T17:42:45.920993-07:00,NHL,NHL,,Seth Jarvis,,,,OUT,C,,,,INJURY_AVAILABILITY,ESPN_PUBLIC,Out INJURY_STATUS_OUT Shoulder,high
ESPN-CTX-9562023358b18a4d6294b077,2026-09-24T17:42:45.920993-07:00,NHL,NHL,,Alexander Nikishin,,,,OUT,D,,,,INJURY_AVAILABILITY,ESPN_PUBLIC,Out INJURY_STATUS_OUT Contract Dispute,high
ESPN-CTX-8d77b452e2e5e997e8eedc8d,2026-09-24T17:42:45.920993-07:00,NHL,NHL,,Jordan Greenway,,,,OUT,LW,,,,INJURY_AVAILABILITY,ESPN_PUBLIC,Out INJURY_STATUS_OUT Lower Body,high
ESPN-CTX-13bc8c5c2ab07d569e05a9c2,2026-09-24T17:42:45.920993-07:00,NHL,NHL,,Connor Bedard,,,,OUT,C,,,,INJURY_AVAILABILITY,ESPN_PUBLIC,Out INJURY_STATUS_OUT Shoulder,high
ESPN-CTX-bb6f762bc06d493ba87ded9b,2026-09-24T17:42:45.920993-07:00,NHL,NHL,,Cale Makar,,,,OUT,D,,,,INJURY_AVAILABILITY,ESPN_PUBLIC,Out INJURY_STATUS_OUT Lower Body,high
ESPN-CTX-7328eeff1caf0168406b657c,2026-09-24T17:42:45.920993-07:00,NHL,NHL,,Trent Miner,,,,OUT,G,,,,INJURY_AVAILABILITY,ESPN_PUBLIC,Out INJURY_STATUS_OUT Undisclosed,high
ESPN-CTX-0abfb3d1e3c2f5aaca4fa025,2026-09-24T17:42:45.920993-07:00,NHL,NHL,,Mikael Pyyhtia,,,,OUT,LW,,,,INJURY_AVAILABILITY,ESPN_PUBLIC,Out INJURY_STATUS_OUT Lower Body,high
ESPN-CTX-d72f8de411d35ac52e2af4ff,2026-09-24T17:42:45.920993-07:00,NHL,NHL,,Luca Del Bel Belluz,,,,OUT,C,,,,INJURY_AVAILABILITY,ESPN_PUBLIC,Out INJURY_STATUS_OUT Shoulder,high
ESPN-CTX-983da2ef233884ff4238c983,2026-09-24T17:42:45.920993-07:00,NHL,NHL,,Jake Oettinger,,,,OUT,G,,,,INJURY_AVAILABILITY,ESPN_PUBLIC,Out INJURY_STATUS_OUT Lower Body,high
ESPN-CTX-22d0810347245f185448f0a3,2026-09-24T17:42:45.920993-07:00,NHL,NHL,,Matt Duchene,,,,OUT,C,,,,INJURY_AVAILABILITY,ESPN_PUBLIC,Out INJURY_STATUS_OUT Undisclosed,high
ESPN-CTX-ffd6571fdc4c3d991350ef9d,2026-09-24T17:42:45.920993-07:00,NHL,NHL,,Jaxon Fuder,,,,DAY-TO-DAY INJURY_STATUS_DAYTODAY UNDISCLOSED,C,,,,INJURY_AVAILABILITY,ESPN_PUBLIC,Day-To-Day INJURY_STATUS_DAYTODAY Undisclosed,high
ESPN-CTX-d6acceb8f58325c687322a99,2026-09-24T17:42:45.920993-07:00,NHL,NHL,,Cameron Hughes,,,,DAY-TO-DAY INJURY_STATUS_DAYTODAY UPPER BODY,C,,,,INJURY_AVAILABILITY,ESPN_PUBLIC,Day-To-Day INJURY_STATUS_DAYTODAY Upper Body,high
ESPN-CTX-0015b33180cc129f454ee6c8,2026-09-24T17:42:45.920993-07:00,NHL,NHL,,Tristan Bertucci,,,,DAY-TO-DAY INJURY_STATUS_DAYTODAY UNDISCLOSED,D,,,,INJURY_AVAILABILITY,ESPN_PUBLIC,Day-To-Day INJURY_STATUS_DAYTODAY Undisclosed,high
ESPN-CTX-da2f77e54a3c5b76e57548db,2026-09-24T17:42:45.920993-07:00,NHL,NHL,,Colin Blackwell,,,,OUT,C,,,,INJURY_AVAILABILITY,ESPN_PUBLIC,Out INJURY_STATUS_OUT Lower Body,high
ESPN-CTX-2c29bccb12cd19be08e3feab,2026-09-24T17:42:45.920993-07:00,NHL,NHL,,Carter Bear,,,,OUT,LW,,,,INJURY_AVAILABILITY,ESPN_PUBLIC,Out INJURY_STATUS_OUT Upper Body,high
ESPN-CTX-8f3f98d0263c45ebc98dd294,2026-09-24T17:42:45.920993-07:00,NHL,NHL,,Dylan Larkin,,,,OUT,C,,,,INJURY_AVAILABILITY,ESPN_PUBLIC,Out INJURY_STATUS_OUT Upper Body,high
ESPN-CTX-5720d270187930f35d2c0f80,2026-09-24T17:42:45.920993-07:00,NHL,NHL,,Mattias Janmark,,,,IR/IL,C,,,,INJURY_AVAILABILITY,ESPN_PUBLIC,Injured Reserve INJURY_STATUS_IR Undisclosed,high
ESPN-CTX-060411609099e4ac8e6f6731,2026-09-24T17:42:45.920993-07:00,NHL,NHL,,Alec Regula,,,,OUT,D,,,,INJURY_AVAILABILITY,ESPN_PUBLIC,Out INJURY_STATUS_OUT Undisclosed,high
ESPN-CTX-ad9abc26225f87d060ce1f5b,2026-09-24T17:42:45.920993-07:00,NHL,NHL,,Brady Tkachuk,,,,OUT,LW,,,,INJURY_AVAILABILITY,ESPN_PUBLIC,Out INJURY_STATUS_OUT Undisclosed,high
ESPN-CTX-23ca6ad36d27fb36f24deab4,2026-09-24T17:42:45.920993-07:00,NHL,NHL,,Jonah Gadjovich,,,,IR/IL,LW,,,,INJURY_AVAILABILITY,ESPN_PUBLIC,Injured Reserve INJURY_STATUS_IR Upper Body,high
ESPN-CTX-d92997d014e1a0fc6ac1baf0,2026-09-24T17:42:45.920993-07:00,NHL,NHL,,Brad Marchand,,,,IR/IL,LW,,,,INJURY_AVAILABILITY,ESPN_PUBLIC,Injured Reserve INJURY_STATUS_IR Lower Body,high
ESPN-CTX-7e580f8807a6b83f17db7cac,2026-09-24T17:42:45.920993-07:00,NHL,NHL,,Jakub Dvorak,,,,IR/IL,D,,,,INJURY_AVAILABILITY,ESPN_PUBLIC,Injured Reserve INJURY_STATUS_IR Upper Body,high
ESPN-CTX-1bf5a9e735b175b9b4a836bf,2026-09-24T17:42:45.920993-07:00,NHL,NHL,,Jan Jenik,,,,IR/IL,C,,,,INJURY_AVAILABILITY,ESPN_PUBLIC,Injured Reserve INJURY_STATUS_IR Undisclosed,high
ESPN-CTX-3e2097751a0562f4de8f18e5,2026-09-24T17:42:45.920993-07:00,NHL,NHL,,Otto Salin,,,,DAY-TO-DAY INJURY_STATUS_DAYTODAY UNDISCLOSED,D,,,,INJURY_AVAILABILITY,ESPN_PUBLIC,Day-To-Day INJURY_STATUS_DAYTODAY Undisclosed,high
ESPN-CTX-015059cf721df7558261a836,2026-09-24T17:42:45.920993-07:00,NHL,NHL,,Corey Perry,,,,DAY-TO-DAY INJURY_STATUS_DAYTODAY PERSONAL,RW,,,,INJURY_AVAILABILITY,ESPN_PUBLIC,Day-To-Day INJURY_STATUS_DAYTODAY Personal,high
ESPN-CTX-492e87a394f5981156f89c35,2026-09-24T17:42:45.920993-07:00,NHL,NHL,,Mats Zuccarello,,,,DAY-TO-DAY INJURY_STATUS_DAYTODAY SHOULDER,RW,,,,INJURY_AVAILABILITY,ESPN_PUBLIC,Day-To-Day INJURY_STATUS_DAYTODAY Shoulder,high
ESPN-CTX-60de94b9fea883b2c6d843ee,2026-09-24T17:42:45.920993-07:00,NHL,NHL,,Kevin Fiala,,,,IR/IL,LW,,,,INJURY_AVAILABILITY,ESPN_PUBLIC,Injured Reserve INJURY_STATUS_IR Lower Leg,high
ESPN-CTX-7e1588132a3ec08238a4a4ac,2026-09-24T17:42:45.920993-07:00,NHL,NHL,,Filip Gustavsson,,,,OUT,G,,,,INJURY_AVAILABILITY,ESPN_PUBLIC,Out INJURY_STATUS_OUT Hip,high
ESPN-CTX-8508fbc0921c010fdca93839,2026-09-24T17:42:45.920993-07:00,NHL,NHL,,Ivan Demidov,,,,DAY-TO-DAY INJURY_STATUS_DAYTODAY FOOT,RW,,,,INJURY_AVAILABILITY,ESPN_PUBLIC,Day-To-Day INJURY_STATUS_DAYTODAY Foot,high
ESPN-CTX-07a813124c04bdbb9380293d,2026-09-24T17:42:45.920993-07:00,NHL,NHL,,Kaiden Guhle,,,,OUT,D,,,,INJURY_AVAILABILITY,ESPN_PUBLIC,Out INJURY_STATUS_OUT Groin,high
ESPN-CTX-870726c0d61c3c8baa5fa329,2026-09-24T17:42:45.920993-07:00,NHL,NHL,,Johnathan Kovacevic,,,,OUT,D,,,,INJURY_AVAILABILITY,ESPN_PUBLIC,Out INJURY_STATUS_OUT Knee,high
ESPN-CTX-a32d7c2bf2c483bb682a8985,2026-09-24T17:42:45.920993-07:00,NHL,NHL,,Nick Bjugstad,,,,OUT,C,,,,INJURY_AVAILABILITY,ESPN_PUBLIC,Out INJURY_STATUS_OUT Pectoral,high
ESPN-CTX-057911439704e69bf3ecc7c1,2026-09-24T17:42:45.920993-07:00,NHL,NHL,,Daylan Kuefler,,,,DAY-TO-DAY INJURY_STATUS_DAYTODAY UNDISCLOSED,LW,,,,INJURY_AVAILABILITY,ESPN_PUBLIC,Day-To-Day INJURY_STATUS_DAYTODAY Undisclosed,high
ESPN-CTX-3affce835e187b9e64828d99,2026-09-24T17:42:45.920993-07:00,NHL,NHL,,Quinn Finley,,,,OUT,RW,,,,INJURY_AVAILABILITY,ESPN_PUBLIC,Out INJURY_STATUS_OUT Shoulder,high
ESPN-CTX-be39f74f0e8e26060380a502,2026-09-24T17:42:45.920993-07:00,NHL,NHL,,Mathew Barzal,,,,OUT,C,,,,INJURY_AVAILABILITY,ESPN_PUBLIC,Out INJURY_STATUS_OUT Knee,high
ESPN-CTX-4ac8ea1f45d6fffcf0b178c2,2026-09-24T17:42:45.920993-07:00,NHL,NHL,,Vincent Iorio,,,,OUT,D,,,,INJURY_AVAILABILITY,ESPN_PUBLIC,Out INJURY_STATUS_OUT Lower Body,high
ESPN-CTX-ebf901d2922a750f1c02b64d,2026-09-24T17:42:45.920993-07:00,NHL,NHL,,Adam Sykora,,,,OUT,LW,,,,INJURY_AVAILABILITY,ESPN_PUBLIC,Out INJURY_STATUS_OUT Lower Body,high
ESPN-CTX-81728c9cfee28a33cffa093c,2026-09-24T17:42:45.920993-07:00,NHL,NHL,,Aidan Thompson,,,,OUT,C,,,,INJURY_AVAILABILITY,ESPN_PUBLIC,Out INJURY_STATUS_OUT Undisclosed,high
ESPN-CTX-f8b7306dd02af36bfc4f7b7c,2026-09-24T17:42:45.920993-07:00,NHL,NHL,,Shane Pinto,,,,DAY-TO-DAY INJURY_STATUS_DAYTODAY UNDISCLOSED,C,,,,INJURY_AVAILABILITY,ESPN_PUBLIC,Day-To-Day INJURY_STATUS_DAYTODAY Undisclosed,high
ESPN-CTX-26a2e2083e416a776e50b225,2026-09-24T17:42:45.920993-07:00,NHL,NHL,,Jorian Donovan,,,,DAY-TO-DAY INJURY_STATUS_DAYTODAY UNDISCLOSED,D,,,,INJURY_AVAILABILITY,ESPN_PUBLIC,Day-To-Day INJURY_STATUS_DAYTODAY Undisclosed,high
ESPN-CTX-8197c5fc46e761a7975ec4d0,2026-09-24T17:42:45.920993-07:00,NHL,NHL,,Warren Foegele,,,,OUT,LW,,,,INJURY_AVAILABILITY,ESPN_PUBLIC,Out INJURY_STATUS_OUT Undisclosed,high
ESPN-CTX-661108a2d1739053923969a0,2026-09-24T17:42:45.920993-07:00,NHL,NHL,,Artem Zub,,,,OUT,D,,,,INJURY_AVAILABILITY,ESPN_PUBLIC,Out INJURY_STATUS_OUT Knee,high
ESPN-CTX-168ac6526aa4d0ce7a87644d,2026-09-24T17:42:45.920993-07:00,NHL,NHL,,Jordan Spence,,,,OUT,D,,,,INJURY_AVAILABILITY,ESPN_PUBLIC,Out INJURY_STATUS_OUT Undisclosed,high
ESPN-CTX-9cc1f7d5bb229d0f51d444c5,2026-09-24T17:42:45.920993-07:00,NHL,NHL,,Jake Sanderson,,,,OUT,D,,,,INJURY_AVAILABILITY,ESPN_PUBLIC,Out INJURY_STATUS_OUT Undisclosed,high
ESPN-CTX-82a8f0bb176551d664477c5f,2026-09-24T17:42:45.920993-07:00,NHL,NHL,,Kurtis MacDermid,,,,OUT,LW,,,,INJURY_AVAILABILITY,ESPN_PUBLIC,Out INJURY_STATUS_OUT Upper Body,high
ESPN-CTX-445e7a3d28edc27ea593dc72,2026-09-24T17:42:45.920993-07:00,NHL,NHL,,Denver Barkey,,,,OUT,C,,,,INJURY_AVAILABILITY,ESPN_PUBLIC,Out INJURY_STATUS_OUT Lower Body,high
ESPN-CTX-1796c8040367e439eca013dd,2026-09-24T17:42:45.920993-07:00,NHL,NHL,,Dan Vladar,,,,OUT,G,,,,INJURY_AVAILABILITY,ESPN_PUBLIC,Out INJURY_STATUS_OUT Upper Body,high
ESPN-CTX-3163202fb8bfce1c7fef6337,2026-09-24T17:42:45.920993-07:00,NHL,NHL,,Gabriel D'Aigle,,,,IR/IL,G,,,,INJURY_AVAILABILITY,ESPN_PUBLIC,Injured Reserve INJURY_STATUS_IR Undisclosed,high
ESPN-CTX-fcfe1d16674678195a1323a3,2026-09-24T17:42:45.920993-07:00,NHL,NHL,,Melvin Fernström,,,,IR/IL,RW,,,,INJURY_AVAILABILITY,ESPN_PUBLIC,Injured Reserve INJURY_STATUS_IR Undisclosed,high
ESPN-CTX-7a4172936d020274b088228d,2026-09-24T17:42:45.920993-07:00,NHL,NHL,,Ben Kindel,,,,OUT,C,,,,INJURY_AVAILABILITY,ESPN_PUBLIC,Out INJURY_STATUS_OUT Lower Body,high
ESPN-CTX-9b90d94505887c20867c128e,2026-09-24T17:42:45.920993-07:00,NHL,NHL,,Andrei Kuzmenko,,,,OUT,LW,,,,INJURY_AVAILABILITY,ESPN_PUBLIC,Out INJURY_STATUS_OUT Personal,high
ESPN-CTX-a167a2a2f2b5c377dd6e7ef9,2026-09-24T17:42:45.920993-07:00,NHL,NHL,,Justin Brazeau,,,,OUT,RW,,,,INJURY_AVAILABILITY,ESPN_PUBLIC,Out INJURY_STATUS_OUT Lower Body,high
ESPN-CTX-dc1944b0e41f7640bb88ef28,2026-09-24T17:42:45.920993-07:00,NHL,NHL,,Oliver Okuliar,,,,OUT,LW,,,,INJURY_AVAILABILITY,ESPN_PUBLIC,Out INJURY_STATUS_OUT Lower Body,high
ESPN-CTX-8a8ebb2abad73968c633f01c,2026-09-24T17:42:45.920993-07:00,NHL,NHL,,Blake Lizotte,,,,OUT,C,,,,INJURY_AVAILABILITY,ESPN_PUBLIC,Out INJURY_STATUS_OUT Upper Body,high
ESPN-CTX-6eeec8e61829ee32fd3e2293,2026-09-24T17:42:45.920993-07:00,NHL,NHL,,Alex Barre-Boulet,,,,OUT,C,,,,INJURY_AVAILABILITY,ESPN_PUBLIC,Out INJURY_STATUS_OUT Undisclosed,high
ESPN-CTX-6c8e7254cc12c76edc31ed2b,2026-09-24T17:42:45.920993-07:00,NHL,NHL,,Patrick Giles,,,,OUT,RW,,,,INJURY_AVAILABILITY,ESPN_PUBLIC,Out INJURY_STATUS_OUT Upper Body,high
ESPN-CTX-29367ded528dad93f7d68204,2026-09-24T17:42:45.920993-07:00,NHL,NHL,,Adam Gaudette,,,,OUT,RW,,,,INJURY_AVAILABILITY,ESPN_PUBLIC,Out INJURY_STATUS_OUT Upper Body,high
ESPN-CTX-e8bca980fc55942c62fc6528,2026-09-24T17:42:45.920993-07:00,NHL,NHL,,Cam Lund,,,,OUT,C,,,,INJURY_AVAILABILITY,ESPN_PUBLIC,Out INJURY_STATUS_OUT Upper Body,high
ESPN-CTX-b43680481c60cc5291b4bb90,2026-09-24T17:42:45.920993-07:00,NHL,NHL,,Quentin Musty,,,,OUT,LW,,,,INJURY_AVAILABILITY,ESPN_PUBLIC,Out INJURY_STATUS_OUT Upper Body,high
ESPN-CTX-a964973df6705306ff6570ef,2026-09-24T17:42:45.920993-07:00,NHL,NHL,,Kyle Keyser,,,,OUT,G,,,,INJURY_AVAILABILITY,ESPN_PUBLIC,Out INJURY_STATUS_OUT Upper Body,high
ESPN-CTX-4b2e3ad95730fa092b501fad,2026-09-24T17:42:45.920993-07:00,NHL,NHL,,Jake O'Brien,,,,DAY-TO-DAY INJURY_STATUS_DAYTODAY LOWER BODY,C,,,,INJURY_AVAILABILITY,ESPN_PUBLIC,Day-To-Day INJURY_STATUS_DAYTODAY Lower Body,high
ESPN-CTX-8eeacd0040ecfdaf099c9bc8,2026-09-24T17:42:45.920993-07:00,NHL,NHL,,Tyler Tucker,,,,OUT,D,,,,INJURY_AVAILABILITY,ESPN_PUBLIC,Out INJURY_STATUS_OUT Knee,high
ESPN-CTX-aa10eaa1a54e94d2ddbf17cb,2026-09-24T17:42:45.920993-07:00,NHL,NHL,,Dominic James,,,,OUT,C,,,,INJURY_AVAILABILITY,ESPN_PUBLIC,Out INJURY_STATUS_OUT Hand,high
ESPN-CTX-f0d533b63e6ef1a41b23f1f8,2026-09-24T17:42:45.920993-07:00,NHL,NHL,,Yanni Gourde,,,,OUT,C,,,,INJURY_AVAILABILITY,ESPN_PUBLIC,Out INJURY_STATUS_OUT Hip,high
ESPN-CTX-a36c64f78310823c96386935,2026-09-24T17:42:45.920993-07:00,NHL,NHL,,Nick Paul,,,,DAY-TO-DAY INJURY_STATUS_DAYTODAY UNDISCLOSED,LW,,,,INJURY_AVAILABILITY,ESPN_PUBLIC,Day-To-Day INJURY_STATUS_DAYTODAY Undisclosed,high
ESPN-CTX-0fd2e2aa60de0129f4c24cd2,2026-09-24T17:42:45.920993-07:00,NHL,NHL,,Dakota Joshua,,,,OUT,C,,,,INJURY_AVAILABILITY,ESPN_PUBLIC,Out INJURY_STATUS_OUT Abdomen,high
ESPN-CTX-8bec730e2396eb5914b7e798,2026-09-24T17:42:45.920993-07:00,NHL,NHL,,William Villeneuve,,,,OUT,D,,,,INJURY_AVAILABILITY,ESPN_PUBLIC,Out INJURY_STATUS_OUT Knee,high
ESPN-CTX-48772d34846051e5263ae6c5,2026-09-24T17:42:45.920993-07:00,NHL,NHL,,Max Domi,,,,OUT,C,,,,INJURY_AVAILABILITY,ESPN_PUBLIC,Out INJURY_STATUS_OUT Back,high
ESPN-CTX-76426b33dfdcaa0a25dae524,2026-09-24T17:42:45.920993-07:00,NHL,NHL,,Michael Carcone,,,,OUT,LW,,,,INJURY_AVAILABILITY,ESPN_PUBLIC,Out INJURY_STATUS_OUT Undisclosed,high
ESPN-CTX-dfba3f62545d38817bb26f19,2026-09-24T17:42:45.920993-07:00,NHL,NHL,,Maveric Lamoureux,,,,OUT,D,,,,INJURY_AVAILABILITY,ESPN_PUBLIC,Out INJURY_STATUS_OUT Upper Body,high
ESPN-CTX-b474810670068c7f102b432f,2026-09-24T17:42:45.920993-07:00,NHL,NHL,,Thatcher Demko,,,,IR/IL,G,,,,INJURY_AVAILABILITY,ESPN_PUBLIC,Injured Reserve INJURY_STATUS_IR Hip,high
ESPN-CTX-17f193d130bb90d20815c425,2026-09-24T17:42:45.920993-07:00,NHL,NHL,,Mackenzie MacEachern,,,,OUT,LW,,,,INJURY_AVAILABILITY,ESPN_PUBLIC,Out INJURY_STATUS_OUT Undisclosed,high
ESPN-CTX-4251c1231fc129fc3a12fda2,2026-09-24T17:42:45.920993-07:00,NHL,NHL,,Raphael Lavoie,,,,DAY-TO-DAY INJURY_STATUS_DAYTODAY UNDISCLOSED,C,,,,INJURY_AVAILABILITY,ESPN_PUBLIC,Day-To-Day INJURY_STATUS_DAYTODAY Undisclosed,high
ESPN-CTX-1c513aa0fc68e7b015e6ae28,2026-09-24T17:42:45.920993-07:00,NHL,NHL,,Lukas Cormier,,,,OUT,D,,,,INJURY_AVAILABILITY,ESPN_PUBLIC,Out INJURY_STATUS_OUT Undisclosed,high
ESPN-CTX-d38a4613d0aba7f5a9987289,2026-09-24T17:42:45.920993-07:00,NHL,NHL,,Alex Ovechkin,,,,OUT,LW,,,,INJURY_AVAILABILITY,ESPN_PUBLIC,Out INJURY_STATUS_OUT Lower Body,high
ESPN-CTX-4d843793d0dfb515526f555d,2026-09-24T17:42:45.920993-07:00,NHL,NHL,,Patrick Thomas,,,,OUT,C,,,,INJURY_AVAILABILITY,ESPN_PUBLIC,Out INJURY_STATUS_OUT Upper Body,high
ESPN-CTX-40b016c1fe63e8ad10275027,2026-09-24T17:42:45.920993-07:00,NHL,NHL,,Walker Duehr,,,,DAY-TO-DAY INJURY_STATUS_DAYTODAY LOWER BODY,RW,,,,INJURY_AVAILABILITY,ESPN_PUBLIC,Day-To-Day INJURY_STATUS_DAYTODAY Lower Body,high
ESPN-CTX-2b01cfbfa84142961b583581,2026-09-24T17:42:45.920993-07:00,NHL,NHL,,Garrett Brown,,,,DAY-TO-DAY INJURY_STATUS_DAYTODAY LOWER BODY,C,,,,INJURY_AVAILABILITY,ESPN_PUBLIC,Day-To-Day INJURY_STATUS_DAYTODAY Lower Body,high
ESPN-CTX-66929230ec655a47ad3866b0,2026-09-24T17:42:45.920993-07:00,NHL,NHL,,Elias Salomonsson,,,,OUT,D,,,,INJURY_AVAILABILITY,ESPN_PUBLIC,Out INJURY_STATUS_OUT Shoulder,high
ESPN-CTX-98e3f75178d38e4faf2dcc68,2026-09-24T17:42:45.920993-07:00,NHL,NHL,,Connor Hellebuyck,,,,SUSPENSION INJURY_STATUS_SUSPENSION SUSPENSION,G,,,,INJURY_AVAILABILITY,ESPN_PUBLIC,Suspension INJURY_STATUS_SUSPENSION Suspension,high
ESPN-CTX-ebd4bf2cfb6791889a3da9ca,2026-09-24T17:42:45.920993-07:00,WNBA,WNBA,,Angel Reese,,,,OUT,F,,,,INJURY_AVAILABILITY,ESPN_PUBLIC,Out INJURY_STATUS_OUT Face,high
ESPN-CTX-221a687877a66154d8cd6f2a,2026-09-24T17:42:45.920993-07:00,WNBA,WNBA,,Matilde Villa,,,,OUT,G,,,,INJURY_AVAILABILITY,ESPN_PUBLIC,Out INJURY_STATUS_OUT Coach's Decision,high
ESPN-CTX-771a65c8ca475cbc830ba873,2026-09-24T17:42:45.920993-07:00,WNBA,WNBA,,Brionna Jones,,,,OUT,F,,,,INJURY_AVAILABILITY,ESPN_PUBLIC,Out INJURY_STATUS_OUT Leg,high
ESPN-CTX-5ef06135fea5109154251726,2026-09-24T17:42:45.920993-07:00,WNBA,WNBA,,DiJonai Carrington,,,,OUT,G,,,,INJURY_AVAILABILITY,ESPN_PUBLIC,Out INJURY_STATUS_OUT Foot,high
ESPN-CTX-8b3d8216bbcbb493eeabd07a,2026-09-24T17:42:45.920993-07:00,WNBA,WNBA,,Aicha Coulibaly,,,,OUT,G,,,,INJURY_AVAILABILITY,ESPN_PUBLIC,Out INJURY_STATUS_OUT Knee,high
ESPN-CTX-9658d96ba6afc0c4706b4f07,2026-09-24T17:42:45.920993-07:00,WNBA,WNBA,,Azura Stevens,,,,OUT,F,,,,INJURY_AVAILABILITY,ESPN_PUBLIC,Out INJURY_STATUS_OUT Knee,high
ESPN-CTX-db99ca42505281e3509531d0,2026-09-24T17:42:45.920993-07:00,WNBA,WNBA,,Natasha Cloud,,,,OUT,G,,,,INJURY_AVAILABILITY,ESPN_PUBLIC,Out INJURY_STATUS_OUT Knee,high
ESPN-CTX-475600c5e219ee6631e96e69,2026-09-24T17:42:45.920993-07:00,WNBA,WNBA,,Skylar Diggins,,,,OUT,G,,,,INJURY_AVAILABILITY,ESPN_PUBLIC,Out INJURY_STATUS_OUT Knee,high
ESPN-CTX-7c29bde8bcd6fda5371dea1b,2026-09-24T17:42:45.920993-07:00,WNBA,WNBA,,Rickea Jackson,,,,OUT,F,,,,INJURY_AVAILABILITY,ESPN_PUBLIC,Out INJURY_STATUS_OUT Knee,high
ESPN-CTX-8a01d9fb987686ad8f2a63db,2026-09-24T17:42:45.920993-07:00,WNBA,WNBA,,Rayah Marshall,,,,OUT,C,,,,INJURY_AVAILABILITY,ESPN_PUBLIC,Out INJURY_STATUS_OUT Knee,high
ESPN-CTX-10598d7325cdcf66b5c753c5,2026-09-24T17:42:45.920993-07:00,WNBA,WNBA,,Olivia Nelson-Ododa,,,,OUT,C,,,,INJURY_AVAILABILITY,ESPN_PUBLIC,Out INJURY_STATUS_OUT Knee,high
ESPN-CTX-087aac6d3cea5e2bcfebe8b2,2026-09-24T17:42:45.920993-07:00,WNBA,WNBA,,Saniya Rivers,,,,OUT,G,,,,INJURY_AVAILABILITY,ESPN_PUBLIC,Out INJURY_STATUS_OUT Ankle,high
ESPN-CTX-c9c8b2bd6b017e1b001ec2a1,2026-09-24T17:42:45.920993-07:00,WNBA,WNBA,,Brittney Griner,,,,OUT,C,,,,INJURY_AVAILABILITY,ESPN_PUBLIC,Out INJURY_STATUS_OUT Knee,high
ESPN-CTX-4063d8a1b3d5c2864db0bb67,2026-09-24T17:42:45.920993-07:00,WNBA,WNBA,,Kennedy Burke,,,,OUT,G,,,,INJURY_AVAILABILITY,ESPN_PUBLIC,Out INJURY_STATUS_OUT Shoulder,high
ESPN-CTX-5c5da8b7413c2b4f1f36b544,2026-09-24T17:42:45.920993-07:00,WNBA,WNBA,,Alysha Clark,,,,OUT,F,,,,INJURY_AVAILABILITY,ESPN_PUBLIC,Out INJURY_STATUS_OUT Face,high
ESPN-CTX-5bfab71eadba3d0d79768553,2026-09-24T17:42:45.920993-07:00,WNBA,WNBA,,Alanna Smith,,,,OUT,F,,,,INJURY_AVAILABILITY,ESPN_PUBLIC,Out INJURY_STATUS_OUT Lower Leg,high
ESPN-CTX-2bba284f71e6ded532bae63b,2026-09-24T17:42:45.920993-07:00,WNBA,WNBA,,Azzi Fudd,,,,OUT,G,,,,INJURY_AVAILABILITY,ESPN_PUBLIC,Out INJURY_STATUS_OUT Knee,high
ESPN-CTX-f1f4e1b6b961de19fc09e3d2,2026-09-24T17:42:45.920993-07:00,WNBA,WNBA,,Costanza Verona,,,,OUT,G,,,,INJURY_AVAILABILITY,ESPN_PUBLIC,Out INJURY_STATUS_OUT Personal,high
ESPN-CTX-ec81b7e6183cb42e6319f269,2026-09-24T17:42:45.920993-07:00,WNBA,WNBA,,Iliana Rupert,,,,OUT,C,,,,INJURY_AVAILABILITY,ESPN_PUBLIC,Out INJURY_STATUS_OUT Not Injury Related,high
ESPN-CTX-b454317edd48554714ef9240,2026-09-24T17:42:45.920993-07:00,WNBA,WNBA,,Dana Evans,,,,OUT,G,,,,INJURY_AVAILABILITY,ESPN_PUBLIC,Out INJURY_STATUS_OUT Knee,high
ESPN-CTX-84ef1f7c76630136c5baffc2,2026-09-24T17:42:45.920993-07:00,WNBA,WNBA,,NaLyssa Smith,,,,OUT,F,,,,INJURY_AVAILABILITY,ESPN_PUBLIC,Out INJURY_STATUS_OUT Leg,high
ESPN-CTX-ed3336e40a69008a6d007696,2026-09-24T17:42:45.920993-07:00,WNBA,WNBA,,Cameron Brink,,,,OUT,F,,,,INJURY_AVAILABILITY,ESPN_PUBLIC,Out INJURY_STATUS_OUT Ankle,high
ESPN-CTX-a5ce514a8a198271b4029cfa,2026-09-24T17:42:45.920993-07:00,WNBA,WNBA,,Aaliyah Nye,,,,OUT,G,,,,INJURY_AVAILABILITY,ESPN_PUBLIC,Out INJURY_STATUS_OUT Ankle,high
ESPN-CTX-9183e26c3902e1837d9ce9a6,2026-09-24T17:42:45.920993-07:00,WNBA,WNBA,,Dearica Hamby,,,,DAY-TO-DAY INJURY_STATUS_DAYTODAY KNEE,F,,,,INJURY_AVAILABILITY,ESPN_PUBLIC,Day-To-Day INJURY_STATUS_DAYTODAY Knee,high
ESPN-CTX-849a858ad81d5f25680d1d7b,2026-09-24T17:42:45.920993-07:00,WNBA,WNBA,,Elena Buenavida,,,,OUT,G,,,,INJURY_AVAILABILITY,ESPN_PUBLIC,Out INJURY_STATUS_OUT Coach's Decision,high
ESPN-CTX-c9e94051736a07c7e0316e85,2026-09-24T17:42:45.920993-07:00,WNBA,WNBA,,Anastasiia Olairi Kosu,,,,OUT,F,,,,INJURY_AVAILABILITY,ESPN_PUBLIC,Out INJURY_STATUS_OUT Foot,high
ESPN-CTX-564ba673c4b76017a113da9d,2026-09-24T17:42:45.920993-07:00,WNBA,WNBA,,Olivia Miles,,,,OUT,G,,,,INJURY_AVAILABILITY,ESPN_PUBLIC,Out INJURY_STATUS_OUT Calf,high
ESPN-CTX-4d48a17569b130f123daba5d,2026-09-24T17:42:45.920993-07:00,WNBA,WNBA,,Satou Sabally,,,,OUT,F,,,,INJURY_AVAILABILITY,ESPN_PUBLIC,Out INJURY_STATUS_OUT Concussion,high
ESPN-CTX-0b412b67c74d3f9ab8e8cacf,2026-09-24T17:42:45.920993-07:00,WNBA,WNBA,,Jonquel Jones,,,,OUT,C,,,,INJURY_AVAILABILITY,ESPN_PUBLIC,Out INJURY_STATUS_OUT Ankle,high
ESPN-CTX-8766b22d86d5a302edce99f2,2026-09-24T17:42:45.920993-07:00,WNBA,WNBA,,Breanna Stewart,,,,OUT,F,,,,INJURY_AVAILABILITY,ESPN_PUBLIC,Out INJURY_STATUS_OUT Knee,high
ESPN-CTX-e77cc434564f4fb715ae9baf,2026-09-24T17:42:45.920993-07:00,WNBA,WNBA,,Elizabeth Balogun,,,,OUT,G,,,,INJURY_AVAILABILITY,ESPN_PUBLIC,Out INJURY_STATUS_OUT Not Injury Related,high
ESPN-CTX-d6a17d230f9046f08299b965,2026-09-24T17:42:45.920993-07:00,WNBA,WNBA,,Kelsey Plum,,,,OUT,G,,,,INJURY_AVAILABILITY,ESPN_PUBLIC,Out INJURY_STATUS_OUT Lower Leg,high
ESPN-CTX-362db3c77a1e8d15a0f2deb7,2026-09-24T17:42:45.920993-07:00,WNBA,WNBA,,Jovana Nogic,,,,OUT,G,,,,INJURY_AVAILABILITY,ESPN_PUBLIC,Out INJURY_STATUS_OUT Not Injury Related,high
ESPN-CTX-821a62800ee160bc266a4834,2026-09-24T17:42:45.920993-07:00,WNBA,WNBA,,Holly Winterburn,,,,OUT,G,,,,INJURY_AVAILABILITY,ESPN_PUBLIC,Out INJURY_STATUS_OUT Back,high
ESPN-CTX-49212de92c0d78ba4ea46bdb,2026-09-24T17:42:45.920993-07:00,WNBA,WNBA,,Nyadiew Puoch,,,,OUT,F,,,,INJURY_AVAILABILITY,ESPN_PUBLIC,Out INJURY_STATUS_OUT Knee,high
ESPN-CTX-a08af2e92db624fc31b05c58,2026-09-24T17:42:45.920993-07:00,WNBA,WNBA,,Teja Oblak,,,,OUT,G,,,,INJURY_AVAILABILITY,ESPN_PUBLIC,Out INJURY_STATUS_OUT Knee,high
ESPN-CTX-982a971b806c6cc9a31ce39b,2026-09-24T17:42:45.920993-07:00,WNBA,WNBA,,Luisa Geiselsoder,,,,OUT,C,,,,INJURY_AVAILABILITY,ESPN_PUBLIC,Out INJURY_STATUS_OUT Personal,high
ESPN-CTX-59dead0b9401a2157f4ad1bd,2026-09-24T17:42:45.920993-07:00,WNBA,WNBA,,Sarah Ashlee Barker,,,,OUT,G,,,,INJURY_AVAILABILITY,ESPN_PUBLIC,Out INJURY_STATUS_OUT Knee,high
ESPN-CTX-7b1c78a3e1b6fe38c588f8cc,2026-09-24T17:42:45.920993-07:00,WNBA,WNBA,,Sania Feagin,,,,OUT,F,,,,INJURY_AVAILABILITY,ESPN_PUBLIC,Out INJURY_STATUS_OUT Knee,high
ESPN-CTX-b400b7027556ed7c5b831880,2026-09-24T17:42:45.920993-07:00,WNBA,WNBA,,Taina Mair,,,,OUT,G,,,,INJURY_AVAILABILITY,ESPN_PUBLIC,Out INJURY_STATUS_OUT Coach's Decision,high
ESPN-CTX-e1f1fc617b11e1acbb6f0a0c,2026-09-24T17:42:45.920993-07:00,WNBA,WNBA,,Zia Cooke,,,,OUT,G,,,,INJURY_AVAILABILITY,ESPN_PUBLIC,Out INJURY_STATUS_OUT Knee,high
ESPN-CTX-c28d744294cf2b6e3f2dbb3e,2026-09-24T17:42:45.920993-07:00,WNBA,WNBA,,Katie Lou Samuelson,,,,OUT,F,,,,INJURY_AVAILABILITY,ESPN_PUBLIC,Out INJURY_STATUS_OUT Knee,high
ESPN-CTX-852507fe994fe04bc27f95b5,2026-09-24T17:42:45.920993-07:00,WNBA,WNBA,,Ezi Magbegor,,,,OUT,F,,,,INJURY_AVAILABILITY,ESPN_PUBLIC,Out INJURY_STATUS_OUT Lower Leg,high
ESPN-CTX-e06409eff3144a7d0dfe84da,2026-09-24T17:42:45.920993-07:00,WNBA,WNBA,,Kamila Borkowska,,,,OUT,C,,,,INJURY_AVAILABILITY,ESPN_PUBLIC,Out INJURY_STATUS_OUT Coach's Decision,high
ESPN-CTX-7709a286947e480579188a8b,2026-09-24T17:42:45.920993-07:00,WNBA,WNBA,,Maria Gakdeng,,,,OUT,F,,,,INJURY_AVAILABILITY,ESPN_PUBLIC,Out INJURY_STATUS_OUT Coach's Decision,high
ESPN-CTX-65f06f0164ba24c6ebc5d6e0,2026-09-24T17:42:45.920993-07:00,WNBA,WNBA,,Maria Conde,,,,OUT,F,,,,INJURY_AVAILABILITY,ESPN_PUBLIC,Out INJURY_STATUS_OUT Back,high
ESPN-CTX-3eb8aa75bba90fbf6d81fd75,2026-09-24T17:42:45.920993-07:00,WNBA,WNBA,,Temi Fagbenle,,,,OUT,C,,,,INJURY_AVAILABILITY,ESPN_PUBLIC,Out INJURY_STATUS_OUT Personal,high
ESPN-CTX-6b8df62041f05a5b6e9ae1c4,2026-09-24T17:42:45.920993-07:00,WNBA,WNBA,,Marina Mabrey,,,,OUT,G,,,,INJURY_AVAILABILITY,ESPN_PUBLIC,Out INJURY_STATUS_OUT Hip,high
ESPN-CTX-37441b1f5848e7cbdbc52c0d,2026-09-24T17:42:45.920993-07:00,WNBA,WNBA,,Aneesah Morrow,,,,OUT,F,,,,INJURY_AVAILABILITY,ESPN_PUBLIC,Out INJURY_STATUS_OUT Knee,high
ESPN-CTX-e8a04f40ddbb91ee1727dcfe,2026-09-24T17:42:45.920993-07:00,WNBA,WNBA,,Brittney Sykes,,,,OUT,G,,,,INJURY_AVAILABILITY,ESPN_PUBLIC,Out INJURY_STATUS_OUT Foot,high
ESPN-CTX-ec7e5628266670afc4925df4,2026-09-24T17:47:10.223485-07:00,NFL,NFL,,Tyler Owens,,,,ACTIVE,S,,,,INJURY_AVAILABILITY,ESPN_PUBLIC,Active INJURY_STATUS_ACTIVE,high
ESPN-CTX-ea4621618e2fbc84f011efc8,2026-09-24T17:47:10.223485-07:00,NFL,NFL,,Kaytron Allen,,,,ACTIVE,RB,,,,INJURY_AVAILABILITY,ESPN_PUBLIC,Active INJURY_STATUS_ACTIVE,high
ESPN-CTX-c5f831a1d5ea6bb56ba30d88,2026-09-24T17:47:10.223485-07:00,NFL,NFL,,Jeremy Reaves,,,,ACTIVE,S,,,,INJURY_AVAILABILITY,ESPN_PUBLIC,Active INJURY_STATUS_ACTIVE,high
ESPN-CTX-a9a1d546c34d8d72e183629e,2026-09-24T17:53:44.228473-07:00,NFL,NFL,,Dre'Mont Jones,,,,QUESTIONABLE,DE,,,,INJURY_AVAILABILITY,ESPN_PUBLIC,Questionable INJURY_STATUS_QUESTIONABLE Shoulder,high
ESPN-CTX-8c0745336767ba82b91190c3,2026-09-24T17:53:44.228473-07:00,NHL,NHL,,Helge Grans,,,,DAY-TO-DAY INJURY_STATUS_DAYTODAY LOWER BODY,D,,,,INJURY_AVAILABILITY,ESPN_PUBLIC,Day-To-Day INJURY_STATUS_DAYTODAY Lower Body,high
ESPN-CTX-383434d1aa742770ba448acb,2026-09-25T10:49:53.499819-07:00,MLB,MLB,,Alika Williams,,,,DAY-TO-DAY INJURY_STATUS_DAYTODAY UPPER BODY,SS,,,,INJURY_AVAILABILITY,ESPN_PUBLIC,Day-To-Day INJURY_STATUS_DAYTODAY Upper Body,high
ESPN-CTX-dc90eef04daf95c5bfcf7324,2026-09-25T10:49:53.499819-07:00,MLB,MLB,,Edward Cabrera,,,,BEREAVEMENT INJURY_STATUS_BEREAVEMENT PERSONAL,SP,,,,INJURY_AVAILABILITY,ESPN_PUBLIC,Bereavement INJURY_STATUS_BEREAVEMENT Personal,high
ESPN-CTX-44d10bf9c991fd86ed9e1f91,2026-09-25T10:49:53.499819-07:00,NFL,NFL,,Nick Scott,,,,OUT,S,,,,INJURY_AVAILABILITY,ESPN_PUBLIC,Out INJURY_STATUS_OUT Ribs,high
ESPN-CTX-2e82f085de14d711de8e6c92,2026-09-25T10:49:53.499819-07:00,NFL,NFL,,Claudin Cherelus,,,,OUT,LB,,,,INJURY_AVAILABILITY,ESPN_PUBLIC,Out INJURY_STATUS_OUT Shoulder,high
ESPN-CTX-7d401eb725e1961f60268282,2026-09-25T10:49:53.499819-07:00,NFL,NFL,,Devin Lloyd,,,,OUT,LB,,,,INJURY_AVAILABILITY,ESPN_PUBLIC,Out INJURY_STATUS_OUT Calf,high
ESPN-CTX-c3825f68c12b44f9a852237e,2026-09-25T10:49:53.499819-07:00,NFL,NFL,,B.J. Hill,,,,DOUBTFUL,DT,,,,INJURY_AVAILABILITY,ESPN_PUBLIC,Doubtful INJURY_STATUS_DOUBTFUL Achilles,high
ESPN-CTX-c2a3edfd4ad132a618fae8f3,2026-09-25T10:49:53.499819-07:00,NFL,NFL,,Jacob Monk,,,,QUESTIONABLE,C,,,,INJURY_AVAILABILITY,ESPN_PUBLIC,Questionable INJURY_STATUS_QUESTIONABLE Undisclosed,high
ESPN-CTX-d8b587c42944ad995dd7aaa7,2026-09-25T10:49:53.499819-07:00,NFL,NFL,,Jordan Love,,,,ACTIVE,QB,,,,INJURY_AVAILABILITY,ESPN_PUBLIC,Active INJURY_STATUS_ACTIVE,high
ESPN-CTX-0df9525be496bbd603e88722,2026-09-25T10:49:53.499819-07:00,NFL,NFL,,Jager Burton,,,,ACTIVE,C,,,,INJURY_AVAILABILITY,ESPN_PUBLIC,Active INJURY_STATUS_ACTIVE,high
ESPN-CTX-177ffbe763f69e0c8f11afc5,2026-09-25T10:49:53.499819-07:00,NFL,NFL,,Edgerrin Cooper,,,,QUESTIONABLE,LB,,,,INJURY_AVAILABILITY,ESPN_PUBLIC,Questionable INJURY_STATUS_QUESTIONABLE Head,high
ESPN-CTX-557ed38e78c53a9d8408156c,2026-09-25T10:49:53.499819-07:00,NFL,NFL,,Nico Collins,,,,DOUBTFUL,WR,,,,INJURY_AVAILABILITY,ESPN_PUBLIC,Doubtful INJURY_STATUS_DOUBTFUL Hamstring,high
ESPN-CTX-53bb7b066480363165debb60,2026-09-25T10:49:53.499819-07:00,NFL,NFL,,Ashton Dulin,,,,OUT,WR,,,,INJURY_AVAILABILITY,ESPN_PUBLIC,Out INJURY_STATUS_OUT Ankle,high
ESPN-CTX-20224c6c35879ce4955b9f27,2026-09-25T10:49:53.499819-07:00,NFL,NFL,,Jaylen Wright,,,,DOUBTFUL,RB,,,,INJURY_AVAILABILITY,ESPN_PUBLIC,Doubtful INJURY_STATUS_DOUBTFUL Foot,high
ESPN-CTX-aae2427c73da72f5661351f3,2026-09-25T10:49:53.499819-07:00,NFL,NFL,,Caleb Douglas,,,,OUT,WR,,,,INJURY_AVAILABILITY,ESPN_PUBLIC,Out INJURY_STATUS_OUT Ankle,high
ESPN-CTX-06ba9d6e748a431f8560bf9a,2026-09-25T10:49:53.499819-07:00,NFL,NFL,,Mason Taylor,,,,OUT,TE,,,,INJURY_AVAILABILITY,ESPN_PUBLIC,Out INJURY_STATUS_OUT Thumb,high
ESPN-CTX-86cfc226fb3cdbe4e75ad13c,2026-09-25T10:49:53.499819-07:00,NFL,NFL,,Minkah Fitzpatrick,,,,OUT,S,,,,INJURY_AVAILABILITY,ESPN_PUBLIC,Out INJURY_STATUS_OUT Groin,high
ESPN-CTX-f7b6d3fcb2199966762ef900,2026-09-25T10:49:53.499819-07:00,NFL,NFL,,Kiko Mauigoa,,,,OUT,LB,,,,INJURY_AVAILABILITY,ESPN_PUBLIC,Out INJURY_STATUS_OUT Quadriceps,high
ESPN-CTX-dcba73ba3b3e26beaec5ff50,2026-09-25T10:49:53.499819-07:00,NFL,NFL,,Britain Covey,,,,ACTIVE,WR,,,,INJURY_AVAILABILITY,ESPN_PUBLIC,Active INJURY_STATUS_ACTIVE,high
ESPN-CTX-25fe80e88abd7f66ff3c058c,2026-09-25T10:49:53.499819-07:00,NFL,NFL,,Nick Bosa,,,,DOUBTFUL,DE,,,,INJURY_AVAILABILITY,ESPN_PUBLIC,Doubtful INJURY_STATUS_DOUBTFUL Calf,high
ESPN-CTX-2cc895a301af574bef544a8e,2026-09-25T10:49:53.499819-07:00,NFL,NFL,,Rueben Bain Jr.,,,,OUT,LB,,,,INJURY_AVAILABILITY,ESPN_PUBLIC,Out INJURY_STATUS_OUT Groin,high
ESPN-CTX-ab7ca4eff1f2bac65422efc1,2026-09-25T10:49:53.499819-07:00,NFL,NFL,,Josiah Trotter,,,,OUT,LB,,,,INJURY_AVAILABILITY,ESPN_PUBLIC,Out INJURY_STATUS_OUT Shoulder,high
ESPN-CTX-ec8b3513089dbc92292e8ff9,2026-09-25T10:49:53.499819-07:00,NFL,NFL,,Chig Okonkwo,,,,DOUBTFUL,TE,,,,INJURY_AVAILABILITY,ESPN_PUBLIC,Doubtful INJURY_STATUS_DOUBTFUL Hamstring,high
ESPN-CTX-f941c11af88edf474e44e99a,2026-09-25T10:49:53.499819-07:00,WNBA,WNBA,,Aliyah Boston,,,,OUT,C,,,,INJURY_AVAILABILITY,ESPN_PUBLIC,Out INJURY_STATUS_OUT Lower Leg,high
ESPN-CTX-9810fc6be89eea0ba1d30c34,2026-09-25T10:49:53.499819-07:00,WNBA,WNBA,,Tyasha Harris,,,,OUT,G,,,,INJURY_AVAILABILITY,ESPN_PUBLIC,Out INJURY_STATUS_OUT Leg,high
ESPN-CTX-5782d0163e965961f440d099,2026-09-25T10:49:53.499819-07:00,WNBA,WNBA,,Ndjakalenga Mwenentanda,,,,OUT,G,,,,INJURY_AVAILABILITY,ESPN_PUBLIC,Out INJURY_STATUS_OUT Coach's Decision,high
ESPN-CTX-f6c4b1fae388e1387ac821d4,2026-09-25T10:49:53.499819-07:00,WNBA,WNBA,,Shyanne Sellers,,,,OUT,G,,,,INJURY_AVAILABILITY,ESPN_PUBLIC,Out INJURY_STATUS_OUT Coach's Decision,high
ESPN-CTX-dfb9d51c2c0cd46e5998483d,2026-09-25T10:49:53.499819-07:00,WNBA,WNBA,,Kara Dunn,,,,OUT,G,,,,INJURY_AVAILABILITY,ESPN_PUBLIC,Out INJURY_STATUS_OUT Coach's Decision,high
ESPN-CTX-db04e2642d94846c0d6bff15,2026-09-25T10:49:53.499819-07:00,WNBA,WNBA,,Shakira Austin,,,,OUT,C,,,,INJURY_AVAILABILITY,ESPN_PUBLIC,Out INJURY_STATUS_OUT Undisclosed,high
ESPN-CTX-19ea447508d6021a750194ee,2026-09-25T11:23:12.745428-07:00,NFL,NFL,,Puka Nacua,,,,DOUBTFUL,WR,,,,INJURY_AVAILABILITY,ESPN_PUBLIC,Doubtful INJURY_STATUS_DOUBTFUL Hip,high
ESPN-CTX-e4e40627deb0ef5b15b3e9e2,2026-09-25T12:25:03.091154-07:00,MLB,MLB,,Mickey Gasper,,,,DAY-TO-DAY INJURY_STATUS_DAYTODAY UNDISCLOSED,DH,,,,INJURY_AVAILABILITY,ESPN_PUBLIC,Day-To-Day INJURY_STATUS_DAYTODAY Undisclosed,high
ESPN-CTX-72490c1dec6a297ea7c80ee8,2026-09-25T12:25:03.091154-07:00,NFL,NFL,,T.J. Sanders,,,,OUT,DT,,,,INJURY_AVAILABILITY,ESPN_PUBLIC,Out INJURY_STATUS_OUT,high
ESPN-CTX-30f2ac337acb5d2e1d027cc1,2026-09-25T12:25:03.091154-07:00,NFL,NFL,,Jordan Hancock,,,,OUT,CB,,,,INJURY_AVAILABILITY,ESPN_PUBLIC,Out INJURY_STATUS_OUT Hamstring,high
ESPN-CTX-b67460075bf153155b82ffb2,2026-09-25T12:25:03.091154-07:00,NFL,NFL,,Treydan Stukes,,,,OUT,S,,,,INJURY_AVAILABILITY,ESPN_PUBLIC,Out INJURY_STATUS_OUT Concussion,high
ESPN-CTX-91ad0d98282bd98ee9e169b8,2026-09-25T12:25:03.091154-07:00,NFL,NFL,,Dalvin Tomlinson,,,,OUT,DT,,,,INJURY_AVAILABILITY,ESPN_PUBLIC,Out INJURY_STATUS_OUT Hamstring,high
ESPN-CTX-8a6fd3d8bf762d7b88fc6549,2026-09-25T12:25:03.091154-07:00,NFL,NFL,,Elijah Molden,,,,OUT,CB,,,,INJURY_AVAILABILITY,ESPN_PUBLIC,Out INJURY_STATUS_OUT Hamstring,high
ESPN-CTX-4b17f334b52a1751453e8757,2026-09-25T12:25:03.091154-07:00,NFL,NFL,,Trey Pipkins III,,,,OUT,OT,,,,INJURY_AVAILABILITY,ESPN_PUBLIC,Out INJURY_STATUS_OUT Knee,high
ESPN-CTX-4054c26e33095aa74dea026b,2026-09-25T12:25:03.091154-07:00,NFL,NFL,,Trey Lance,,,,QUESTIONABLE,QB,,,,INJURY_AVAILABILITY,ESPN_PUBLIC,Questionable INJURY_STATUS_QUESTIONABLE Groin,high
ESPN-CTX-c1710a5d2974e9564cd548a5,2026-09-25T12:25:03.091154-07:00,NFL,NFL,,Tuli Tuipulotu,,,,ACTIVE,LB,,,,INJURY_AVAILABILITY,ESPN_PUBLIC,Active INJURY_STATUS_ACTIVE,high
ESPN-CTX-cc020cbf2679ee2ad423febf,2026-09-25T12:25:03.091154-07:00,NFL,NFL,,Kayode Awosika,,,,OUT,G,,,,INJURY_AVAILABILITY,ESPN_PUBLIC,Out INJURY_STATUS_OUT Lower Leg,high
ESPN-CTX-544447e943079bea5427d88b,2026-09-25T12:25:03.091154-07:00,NFL,NFL,,Brenen Thompson,,,,OUT,WR,,,,INJURY_AVAILABILITY,ESPN_PUBLIC,Out INJURY_STATUS_OUT Quadriceps,high
ESPN-CTX-f46881471aa62b0d77272ae6,2026-09-25T12:25:03.091154-07:00,NFL,NFL,,Aaron Jones Sr.,,,,ACTIVE,RB,,,,INJURY_AVAILABILITY,ESPN_PUBLIC,Active INJURY_STATUS_ACTIVE,high
ESPN-CTX-123aef5186624a42fe3c2e39,2026-09-25T12:25:03.091154-07:00,NFL,NFL,,Travis Etienne Jr.,,,,ACTIVE,RB,,,,INJURY_AVAILABILITY,ESPN_PUBLIC,Active INJURY_STATUS_ACTIVE,high
ESPN-CTX-3aa7c58e3c832e354670d031,2026-09-25T19:01:55.709556-07:00,MLB,MLB,,Corbin Burnes,,,,IR/IL,SP,,,,INJURY_AVAILABILITY,ESPN_PUBLIC,15-Day-IL INJURY_STATUS_15DAYIL Shoulder,high
ESPN-CTX-d15e44c066291346aee2ff2f,2026-09-25T19:01:55.709556-07:00,MLB,MLB,,Mickey Gasper,,,,OUT,DH,,,,INJURY_AVAILABILITY,ESPN_PUBLIC,Out INJURY_STATUS_OUT Biceps,high
ESPN-CTX-ab18efacda114eff087f101c,2026-09-25T19:01:55.709556-07:00,MLB,MLB,,Chase Meidroth,,,,DAY-TO-DAY INJURY_STATUS_DAYTODAY HAMSTRING,2B,,,,INJURY_AVAILABILITY,ESPN_PUBLIC,Day-To-Day INJURY_STATUS_DAYTODAY Hamstring,high
ESPN-CTX-edddba9c4722a2b6e774d785,2026-09-25T19:01:55.709556-07:00,MLB,MLB,,Tyler Zuber,,,,IR/IL,RP,,,,INJURY_AVAILABILITY,ESPN_PUBLIC,15-Day-IL INJURY_STATUS_15DAYIL Elbow,high
ESPN-CTX-b0bf1d004d6c7b687a7e8e2b,2026-09-25T19:01:55.709556-07:00,MLB,MLB,,Cooper Pratt,,,,DAY-TO-DAY INJURY_STATUS_DAYTODAY ILLNESS,SS,,,,INJURY_AVAILABILITY,ESPN_PUBLIC,Day-To-Day INJURY_STATUS_DAYTODAY Illness,high
ESPN-CTX-d5a2cec56224ccb6358b2dec,2026-09-25T19:01:55.709556-07:00,MLB,MLB,,Andrew Vaughn,,,,IR/IL,1B,,,,INJURY_AVAILABILITY,ESPN_PUBLIC,10-Day-IL INJURY_STATUS_10DAYIL Illness,high
ESPN-CTX-1a78b3f5b0003bf89b63dab8,2026-09-25T19:01:55.709556-07:00,MLB,MLB,,Fernando Cruz,,,,IR/IL,RP,,,,INJURY_AVAILABILITY,ESPN_PUBLIC,60-Day-IL INJURY_STATUS_60DAYIL Elbow,high
ESPN-CTX-1a682e2efa442cd01d0f4312,2026-09-25T19:01:55.709556-07:00,MLB,MLB,,Luis Arraez,,,,OUT,2B,,,,INJURY_AVAILABILITY,ESPN_PUBLIC,Out INJURY_STATUS_OUT Ankle,high
ESPN-CTX-2a4396d2406258b575d3e995,2026-09-25T19:01:55.709556-07:00,MLB,MLB,,Andres Munoz,,,,IR/IL,RP,,,,INJURY_AVAILABILITY,ESPN_PUBLIC,15-Day-IL INJURY_STATUS_15DAYIL Knee,high
ESPN-CTX-34601f2bde77b64e4839e9d5,2026-09-25T19:01:55.709556-07:00,MLB,MLB,,Chandler Simpson,,,,DAY-TO-DAY INJURY_STATUS_DAYTODAY FOOT,LF,,,,INJURY_AVAILABILITY,ESPN_PUBLIC,Day-To-Day INJURY_STATUS_DAYTODAY Foot,high
ESPN-CTX-9c7ec33190af419dcf019ed2,2026-09-25T19:01:55.709556-07:00,MLB,MLB,,Josh Jung,,,,DAY-TO-DAY INJURY_STATUS_DAYTODAY HAND,3B,,,,INJURY_AVAILABILITY,ESPN_PUBLIC,Day-To-Day INJURY_STATUS_DAYTODAY Hand,high
ESPN-CTX-53c94276046704590e91d89d,2026-09-25T19:01:55.709556-07:00,NFL,NFL,,Garrett Williams,,,,ACTIVE,CB,,,,INJURY_AVAILABILITY,ESPN_PUBLIC,Active INJURY_STATUS_ACTIVE,high
ESPN-CTX-1ccdd904fc834c44b4e67686,2026-09-25T19:01:55.709556-07:00,NFL,NFL,,Dadrion Taylor-Demerson,,,,OUT,S,,,,INJURY_AVAILABILITY,ESPN_PUBLIC,Out INJURY_STATUS_OUT Back,high
ESPN-CTX-f9e76647b97fd228284cd2d2,2026-09-25T19:01:55.709556-07:00,NFL,NFL,,Hjalte Froholdt,,,,ACTIVE,C,,,,INJURY_AVAILABILITY,ESPN_PUBLIC,Active INJURY_STATUS_ACTIVE,high
ESPN-CTX-58cf661d8d2e2435a63f5db3,2026-09-25T19:01:55.709556-07:00,NFL,NFL,,Ronnie Stanley,,,,OUT,OT,,,,INJURY_AVAILABILITY,ESPN_PUBLIC,Out INJURY_STATUS_OUT Toe,high
ESPN-CTX-ab01c6ca6b57358009283623,2026-09-25T19:01:55.709556-07:00,NFL,NFL,,Chris Moore,,,,ACTIVE,WR,,,,INJURY_AVAILABILITY,ESPN_PUBLIC,Active INJURY_STATUS_ACTIVE,high
ESPN-CTX-2e2c880da87b60fc407fdc20,2026-09-25T19:01:55.709556-07:00,NFL,NFL,,Trey Hendrickson,,,,ACTIVE,LB,,,,INJURY_AVAILABILITY,ESPN_PUBLIC,Active INJURY_STATUS_ACTIVE,high
ESPN-CTX-d9b90394b0a4e017b95d8c59,2026-09-25T19:01:55.709556-07:00,NFL,NFL,,Malaki Starks,,,,ACTIVE,S,,,,INJURY_AVAILABILITY,ESPN_PUBLIC,Active INJURY_STATUS_ACTIVE,high
ESPN-CTX-aeeddf97b1924df7bd55f00f,2026-09-25T19:01:55.709556-07:00,NFL,NFL,,Jordan Hancock,,,,IR/IL,CB,,,,INJURY_AVAILABILITY,ESPN_PUBLIC,Injured Reserve INJURY_STATUS_IR Hamstring,high
ESPN-CTX-4f9d09071fabab3fe1681e81,2026-09-25T19:01:55.709556-07:00,NFL,NFL,,Greg Dortch,,,,ACTIVE,WR,,,,INJURY_AVAILABILITY,ESPN_PUBLIC,Active INJURY_STATUS_ACTIVE,high
ESPN-CTX-3d52710f2a63d938258a092b,2026-09-25T19:01:55.709556-07:00,NFL,NFL,,Kyle Monangai,,,,ACTIVE,RB,,,,INJURY_AVAILABILITY,ESPN_PUBLIC,Active INJURY_STATUS_ACTIVE,high
ESPN-CTX-e634c497fc62249088e64319,2026-09-25T19:01:55.709556-07:00,NFL,NFL,,Teven Jenkins,,,,OUT,G,,,,INJURY_AVAILABILITY,ESPN_PUBLIC,Out INJURY_STATUS_OUT Back,high
ESPN-CTX-3d5fc0685f54e4ac87523a19,2026-09-25T19:01:55.709556-07:00,NFL,NFL,,Quincy Williams,,,,ACTIVE,LB,,,,INJURY_AVAILABILITY,ESPN_PUBLIC,Active INJURY_STATUS_ACTIVE,high
ESPN-CTX-5f8add76b41cc7f838afa842,2026-09-25T19:01:55.709556-07:00,NFL,NFL,,Jonah Coleman,,,,OUT,RB,,,,INJURY_AVAILABILITY,ESPN_PUBLIC,Out INJURY_STATUS_OUT Ankle,high
ESPN-CTX-8d555374e99a89cbd0ada519,2026-09-25T19:01:55.709556-07:00,NFL,NFL,,Ben Bartch,,,,OUT,G,,,,INJURY_AVAILABILITY,ESPN_PUBLIC,Out INJURY_STATUS_OUT Foot,high
ESPN-CTX-f55447c11e84d310a050a579,2026-09-25T19:01:55.709556-07:00,NFL,NFL,,Tate Ratledge,,,,ACTIVE,G,,,,INJURY_AVAILABILITY,ESPN_PUBLIC,Active INJURY_STATUS_ACTIVE,high
ESPN-CTX-c5bd9f3e8bec175a79e8abdc,2026-09-25T19:01:55.709556-07:00,NFL,NFL,,Blake Miller,,,,ACTIVE,OT,,,,INJURY_AVAILABILITY,ESPN_PUBLIC,Active INJURY_STATUS_ACTIVE,high
ESPN-CTX-db1083899b03df6233060221,2026-09-25T19:01:55.709556-07:00,NFL,NFL,,Christian Mahogany,,,,ACTIVE,G,,,,INJURY_AVAILABILITY,ESPN_PUBLIC,Active INJURY_STATUS_ACTIVE,high
ESPN-CTX-c6fc546348b28f451450af71,2026-09-25T19:01:55.709556-07:00,NFL,NFL,,Thomas Harper,,,,OUT,S,,,,INJURY_AVAILABILITY,ESPN_PUBLIC,Out INJURY_STATUS_OUT Ankle,high
ESPN-CTX-c1d8613e3d059926c47f3997,2026-09-25T19:01:55.709556-07:00,NFL,NFL,,Ed Ingram,,,,OUT,G,,,,INJURY_AVAILABILITY,ESPN_PUBLIC,Out INJURY_STATUS_OUT Groin,high
ESPN-CTX-edac57a930ca78d0ef2ca4fd,2026-09-25T19:01:55.709556-07:00,NFL,NFL,,Jake Hummel,,,,OUT,LB,,,,INJURY_AVAILABILITY,ESPN_PUBLIC,Out INJURY_STATUS_OUT Groin,high
ESPN-CTX-b327c519bfac8f7163992bee,2026-09-25T19:01:55.709556-07:00,NFL,NFL,,Jadeveon Clowney,,,,OUT,DE,,,,INJURY_AVAILABILITY,ESPN_PUBLIC,Out INJURY_STATUS_OUT Knee,high
ESPN-CTX-ea7df7ea837e59427f7229d5,2026-09-25T19:01:55.709556-07:00,NFL,NFL,,Nico Collins,,,,OUT,WR,,,,INJURY_AVAILABILITY,ESPN_PUBLIC,Out INJURY_STATUS_OUT Hamstring,high
ESPN-CTX-db876f7f3052c6c44df8623a,2026-09-25T19:01:55.709556-07:00,NFL,NFL,,DaVon Hamilton,,,,ACTIVE,DT,,,,INJURY_AVAILABILITY,ESPN_PUBLIC,Active INJURY_STATUS_ACTIVE,high
ESPN-CTX-f578525479d06628aa3cb548,2026-09-25T19:01:55.709556-07:00,NFL,NFL,,LeQuint Allen Jr.,,,,ACTIVE,RB,,,,INJURY_AVAILABILITY,ESPN_PUBLIC,Active INJURY_STATUS_ACTIVE,high
ESPN-CTX-f416bd56c66d93bdfce7ada1,2026-09-25T19:01:55.709556-07:00,NFL,NFL,,Albert Regis,,,,DOUBTFUL,DT,,,,INJURY_AVAILABILITY,ESPN_PUBLIC,Doubtful INJURY_STATUS_DOUBTFUL Elbow,high
ESPN-CTX-df40daf8acbd641141168bfd,2026-09-25T19:01:55.709556-07:00,NFL,NFL,,Cole Van Lanen,,,,ACTIVE,OT,,,,INJURY_AVAILABILITY,ESPN_PUBLIC,Active INJURY_STATUS_ACTIVE,high
ESPN-CTX-d1ffe0ec7b79cf138b4fc2ce,2026-09-25T19:01:55.709556-07:00,NFL,NFL,,Robert Hainsey,,,,ACTIVE,C,,,,INJURY_AVAILABILITY,ESPN_PUBLIC,Active INJURY_STATUS_ACTIVE,high
ESPN-CTX-893d46491b885bbf4b1320df,2026-09-25T19:01:55.709556-07:00,NFL,NFL,,Jakobi Meyers,,,,ACTIVE,WR,,,,INJURY_AVAILABILITY,ESPN_PUBLIC,Active INJURY_STATUS_ACTIVE,high
ESPN-CTX-2d18fd8c003ec50d409ed7b5,2026-09-25T19:01:55.709556-07:00,NFL,NFL,,L'Jarius Sneed,,,,ACTIVE,CB,,,,INJURY_AVAILABILITY,ESPN_PUBLIC,Active INJURY_STATUS_ACTIVE,high
ESPN-CTX-5f79cc867fbd0caf92eaf70c,2026-09-25T19:01:55.709556-07:00,NFL,NFL,,Chris Jones,,,,ACTIVE,DT,,,,INJURY_AVAILABILITY,ESPN_PUBLIC,Active INJURY_STATUS_ACTIVE,high
ESPN-CTX-d962eabb2cef660dfd0b906b,2026-09-25T19:01:55.709556-07:00,NFL,NFL,,Kamren Kinchens,,,,DOUBTFUL,S,,,,INJURY_AVAILABILITY,ESPN_PUBLIC,Doubtful INJURY_STATUS_DOUBTFUL Hamstring,high
ESPN-CTX-91b41697a4e7cbc821f8aa19,2026-09-25T19:01:55.709556-07:00,NFL,NFL,,Nate Landman,,,,ACTIVE,LB,,,,INJURY_AVAILABILITY,ESPN_PUBLIC,Active INJURY_STATUS_ACTIVE,high
ESPN-CTX-8ba0db4105c62ba0d7ef5534,2026-09-25T19:01:55.709556-07:00,NFL,NFL,,Jordan Whittington,,,,ACTIVE,WR,,,,INJURY_AVAILABILITY,ESPN_PUBLIC,Active INJURY_STATUS_ACTIVE,high
ESPN-CTX-4d74d213f56fc3eb14ee75a2,2026-09-25T19:01:55.709556-07:00,NFL,NFL,,Robert Beal Jr.,,,,OUT,DE,,,,INJURY_AVAILABILITY,ESPN_PUBLIC,Out INJURY_STATUS_OUT Hamstring,high
ESPN-CTX-721e1b6cfaad6815c19e03e2,2026-09-25T19:01:55.709556-07:00,NFL,NFL,,Chris Bell,,,,ACTIVE,WR,,,,INJURY_AVAILABILITY,ESPN_PUBLIC,Active INJURY_STATUS_ACTIVE,high
ESPN-CTX-7e22b35993d608a8ad6948bd,2026-09-25T19:01:55.709556-07:00,NFL,NFL,,Tucker Addington,,,,ACTIVE,LS,,,,INJURY_AVAILABILITY,ESPN_PUBLIC,Active INJURY_STATUS_ACTIVE,high
ESPN-CTX-6875769051ecc918112d5f90,2026-09-25T19:01:55.709556-07:00,NFL,NFL,,Brett Thorson,,,,OUT,P,,,,INJURY_AVAILABILITY,ESPN_PUBLIC,Out INJURY_STATUS_OUT Hamstring,high
ESPN-CTX-670771160e8b1547262644a6,2026-09-25T19:01:55.709556-07:00,NFL,NFL,,Nick Samac,,,,OUT,C,,,,INJURY_AVAILABILITY,ESPN_PUBLIC,Out INJURY_STATUS_OUT Knee,high
ESPN-CTX-a7b61487de5dd28a53c676f6,2026-09-25T19:01:55.709556-07:00,NFL,NFL,,DeeJay Dallas,,,,ACTIVE,RB,,,,INJURY_AVAILABILITY,ESPN_PUBLIC,Active INJURY_STATUS_ACTIVE,high
ESPN-CTX-1337c802a70731c7e684347e,2026-09-25T19:01:55.709556-07:00,NFL,NFL,,Jalen Redmond,,,,ACTIVE,DT,,,,INJURY_AVAILABILITY,ESPN_PUBLIC,Active INJURY_STATUS_ACTIVE,high
ESPN-CTX-0db72d00b71ec0fff62e8e2a,2026-09-25T19:01:55.709556-07:00,NFL,NFL,,Jake Golday,,,,ACTIVE,LB,,,,INJURY_AVAILABILITY,ESPN_PUBLIC,Active INJURY_STATUS_ACTIVE,high
ESPN-CTX-069a39c05f2495821a1bd4f2,2026-09-25T19:01:55.709556-07:00,NFL,NFL,,Quintayvious Hutchins,,,,IR/IL,LB,,,,INJURY_AVAILABILITY,ESPN_PUBLIC,Injured Reserve INJURY_STATUS_IR Knee,high
ESPN-CTX-674c64d94ab388abcf4d7a5f,2026-09-25T19:01:55.709556-07:00,NFL,NFL,,Reggie Gilliam,,,,ACTIVE,FB,,,,INJURY_AVAILABILITY,ESPN_PUBLIC,Active INJURY_STATUS_ACTIVE,high
ESPN-CTX-9378953a3b94a2854638475b,2026-09-25T19:01:55.709556-07:00,NFL,NFL,,Dre'Mont Jones,,,,OUT,DE,,,,INJURY_AVAILABILITY,ESPN_PUBLIC,Out INJURY_STATUS_OUT Shoulder,high
ESPN-CTX-e93755a61ed4c6d558d9bf52,2026-09-25T19:01:55.709556-07:00,NFL,NFL,,Morgan Moses,,,,ACTIVE,OT,,,,INJURY_AVAILABILITY,ESPN_PUBLIC,Active INJURY_STATUS_ACTIVE,high
ESPN-CTX-d239c8011739aa94242c435b,2026-09-25T19:01:55.709556-07:00,NFL,NFL,,Christen Miller,,,,OUT,DT,,,,INJURY_AVAILABILITY,ESPN_PUBLIC,Out INJURY_STATUS_OUT Toe,high
ESPN-CTX-31c44e626cf3673947a8bbaf,2026-09-25T19:01:55.709556-07:00,NFL,NFL,,Barion Brown,,,,OUT,WR,,,,INJURY_AVAILABILITY,ESPN_PUBLIC,Out INJURY_STATUS_OUT Hamstring,high
ESPN-CTX-11b91708f9559659f359fd80,2026-09-25T19:01:55.709556-07:00,NFL,NFL,,Kendre Miller,,,,ACTIVE,RB,,,,INJURY_AVAILABILITY,ESPN_PUBLIC,Active INJURY_STATUS_ACTIVE,high
ESPN-CTX-25b574d0d10178c3c5c71a33,2026-09-25T19:01:55.709556-07:00,NFL,NFL,,Shelby Harris,,,,ACTIVE,DT,,,,INJURY_AVAILABILITY,ESPN_PUBLIC,Active INJURY_STATUS_ACTIVE,high
ESPN-CTX-487db852dea39d7c580f6213,2026-09-25T19:01:55.709556-07:00,NFL,NFL,,Andrew Thomas,,,,ACTIVE,OT,,,,INJURY_AVAILABILITY,ESPN_PUBLIC,Active INJURY_STATUS_ACTIVE,high
ESPN-CTX-2ba5761a7ef4a053cbcfb3f8,2026-09-25T19:01:55.709556-07:00,NFL,NFL,,Kene Nwangwu,,,,DOUBTFUL,RB,,,,INJURY_AVAILABILITY,ESPN_PUBLIC,Doubtful INJURY_STATUS_DOUBTFUL Back,high
ESPN-CTX-40dd97948041af3b57d035c8,2026-09-25T19:01:55.709556-07:00,NFL,NFL,,Andrew Mukuba,,,,ACTIVE,S,,,,INJURY_AVAILABILITY,ESPN_PUBLIC,Active INJURY_STATUS_ACTIVE,high
ESPN-CTX-312db8d14d87bd79832aefd4,2026-09-25T19:01:55.709556-07:00,NFL,NFL,,Jalen Carter,,,,ACTIVE,DT,,,,INJURY_AVAILABILITY,ESPN_PUBLIC,Active INJURY_STATUS_ACTIVE,high
ESPN-CTX-4a51b3ed9da15cbc5ee061ad,2026-09-25T19:01:55.709556-07:00,NFL,NFL,,Hollywood Brown,,,,QUESTIONABLE,WR,,,,INJURY_AVAILABILITY,ESPN_PUBLIC,Questionable INJURY_STATUS_QUESTIONABLE Ankle,high
ESPN-CTX-237a0736b2f387db56da1ec0,2026-09-25T19:01:55.709556-07:00,NFL,NFL,,Saquon Barkley,,,,ACTIVE,RB,,,,INJURY_AVAILABILITY,ESPN_PUBLIC,Active INJURY_STATUS_ACTIVE,high
ESPN-CTX-753b9e8abd69848e49603807,2026-09-25T19:01:55.709556-07:00,NFL,NFL,,Gennings Dunker,,,,OUT,G,,,,INJURY_AVAILABILITY,ESPN_PUBLIC,Out INJURY_STATUS_OUT Knee,high
ESPN-CTX-ec47c1c7acc71ac7d10b53ac,2026-09-25T19:01:55.709556-07:00,NFL,NFL,,Rico Dowdle,,,,OUT,RB,,,,INJURY_AVAILABILITY,ESPN_PUBLIC,Out INJURY_STATUS_OUT Toe,high
ESPN-CTX-c8c5a6dfae1a7a4cc349b527,2026-09-25T19:01:55.709556-07:00,NFL,NFL,,Romello Height,,,,OUT,DE,,,,INJURY_AVAILABILITY,ESPN_PUBLIC,Out INJURY_STATUS_OUT Hand,high
ESPN-CTX-b9f092c6d815eac27d5ab75f,2026-09-25T19:01:55.709556-07:00,NFL,NFL,,Nick Bosa,,,,OUT,DE,,,,INJURY_AVAILABILITY,ESPN_PUBLIC,Out INJURY_STATUS_OUT Calf,high
ESPN-CTX-085e9ab9ee3106594eb66b34,2026-09-25T19:01:55.709556-07:00,NFL,NFL,,James Thompson Jr.,,,,OUT,DT,,,,INJURY_AVAILABILITY,ESPN_PUBLIC,Out INJURY_STATUS_OUT Ankle,high
ESPN-CTX-fb5f94536f039eca21a57d35,2026-09-25T19:01:55.709556-07:00,NFL,NFL,,Ty Okada,,,,OUT,S,,,,INJURY_AVAILABILITY,ESPN_PUBLIC,Out INJURY_STATUS_OUT Hamstring,high
ESPN-CTX-2b34b7be609187db4bca4931,2026-09-25T19:01:55.709556-07:00,NFL,NFL,,Julian Love,,,,OUT,S,,,,INJURY_AVAILABILITY,ESPN_PUBLIC,Out INJURY_STATUS_OUT Calf,high
ESPN-CTX-4e98df7e26922e1472c0413f,2026-09-25T19:01:55.709556-07:00,NFL,NFL,,Jadarian Price,,,,ACTIVE,RB,,,,INJURY_AVAILABILITY,ESPN_PUBLIC,Active INJURY_STATUS_ACTIVE,high
ESPN-CTX-99c66a2e1e2f8c6892723a25,2026-09-25T19:01:55.709556-07:00,NFL,NFL,,Anthony Nelson,,,,ACTIVE,LB,,,,INJURY_AVAILABILITY,ESPN_PUBLIC,Active INJURY_STATUS_ACTIVE,high
ESPN-CTX-5739d01976b237f629faf603,2026-09-25T19:01:55.709556-07:00,NFL,NFL,,Daniel Bellinger,,,,ACTIVE,TE,,,,INJURY_AVAILABILITY,ESPN_PUBLIC,Active INJURY_STATUS_ACTIVE,high
ESPN-CTX-b4cd398a67355bc8ed9728b6,2026-09-25T19:01:55.709556-07:00,NFL,NFL,,Micah Robinson,,,,ACTIVE,CB,,,,INJURY_AVAILABILITY,ESPN_PUBLIC,Active INJURY_STATUS_ACTIVE,high
ESPN-CTX-a2f83df57025ea452cb8e008,2026-09-25T19:01:55.709556-07:00,NFL,NFL,,Solomon Thomas,,,,ACTIVE,DT,,,,INJURY_AVAILABILITY,ESPN_PUBLIC,Active INJURY_STATUS_ACTIVE,high
ESPN-CTX-14f0e06b00445edcbd685dfc,2026-09-25T19:01:55.709556-07:00,NFL,NFL,,Tony Pollard,,,,ACTIVE,RB,,,,INJURY_AVAILABILITY,ESPN_PUBLIC,Active INJURY_STATUS_ACTIVE,high
ESPN-CTX-62d2caa24ca1b2e536b20963,2026-09-25T19:01:55.709556-07:00,NFL,NFL,,Javon Kinlaw,,,,ACTIVE,DT,,,,INJURY_AVAILABILITY,ESPN_PUBLIC,Active INJURY_STATUS_ACTIVE,high
ESPN-CTX-dd93647472b2b77abdf00b82,2026-09-25T19:01:55.709556-07:00,NFL,NFL,,Leo Chenal,,,,ACTIVE,LB,,,,INJURY_AVAILABILITY,ESPN_PUBLIC,Active INJURY_STATUS_ACTIVE,high
ESPN-CTX-e438da7f19c054543050d6b9,2026-09-25T19:01:55.709556-07:00,NFL,NFL,,Frankie Luvu,,,,OUT,LB,,,,INJURY_AVAILABILITY,ESPN_PUBLIC,Out INJURY_STATUS_OUT Groin,high
ESPN-CTX-ae80f4a6dfcf3e1e3bcac0ad,2026-09-25T19:01:55.709556-07:00,NFL,NFL,,Chig Okonkwo,,,,OUT,TE,,,,INJURY_AVAILABILITY,ESPN_PUBLIC,Out INJURY_STATUS_OUT Hamstring,high
ESPN-CTX-fe32719448123016f8455931,2026-09-25T19:01:55.709556-07:00,NFL,NFL,,Charles Omenihu,,,,ACTIVE,DE,,,,INJURY_AVAILABILITY,ESPN_PUBLIC,Active INJURY_STATUS_ACTIVE,high
ESPN-CTX-716c973933b775d45120bbaf,2026-09-25T19:01:55.709556-07:00,NFL,NFL,,Percy Butler,,,,ACTIVE,S,,,,INJURY_AVAILABILITY,ESPN_PUBLIC,Active INJURY_STATUS_ACTIVE,high
ESPN-CTX-86e821411ecbb671f7a629df,2026-09-25T19:01:55.709556-07:00,NFL,NFL,,Sam Cosmi,,,,OUT,G,,,,INJURY_AVAILABILITY,ESPN_PUBLIC,Out INJURY_STATUS_OUT Concussion,high
ESPN-CTX-72daa03d430ffe5f6b8a56c5,2026-09-25T19:01:55.709556-07:00,NFL,NFL,,Jaylin Lane,,,,ACTIVE,WR,,,,INJURY_AVAILABILITY,ESPN_PUBLIC,Active INJURY_STATUS_ACTIVE,high
ESPN-CTX-ea3d70fac4d1ea93abad7f26,2026-09-25T19:01:55.709556-07:00,NFL,NFL,,Dorance Armstrong,,,,ACTIVE,DE,,,,INJURY_AVAILABILITY,ESPN_PUBLIC,Active INJURY_STATUS_ACTIVE,high
ESPN-CTX-a5827335fbf12b76c5369eb5,2026-09-26T02:15:01.973753-07:00,MLB,MLB,,Joey Ortiz,,,,DAY-TO-DAY INJURY_STATUS_DAYTODAY LOWER BODY,SS,,,,INJURY_AVAILABILITY,ESPN_PUBLIC,Day-To-Day INJURY_STATUS_DAYTODAY Lower Body,high
ESPN-CTX-6ac4b298aa8826f2fb419879,2026-09-26T02:15:01.973753-07:00,MLB,MLB,,Josh Jung,,,,OUT,3B,,,,INJURY_AVAILABILITY,ESPN_PUBLIC,Out INJURY_STATUS_OUT Hand,high
ESPN-CTX-f2b68822f0fb99ece5b18b8a,2026-09-26T12:07:06.375829-07:00,MLB,MLB,,Jake Rogers,,,,PATERNITY INJURY_STATUS_PATERNITY PERSONAL,C,,,,INJURY_AVAILABILITY,ESPN_PUBLIC,paternity INJURY_STATUS_PATERNITY Personal,high
ESPN-CTX-73c26224c3fad158d90f037d,2026-09-26T12:07:06.375829-07:00,MLB,MLB,,Kerry Carpenter,,,,IR/IL,RF,,,,INJURY_AVAILABILITY,ESPN_PUBLIC,60-Day-IL INJURY_STATUS_60DAYIL Foot,high
ESPN-CTX-8fd25c71dcca267a4ae9c6c7,2026-09-26T12:07:06.375829-07:00,MLB,MLB,,Nick Loftin,,,,PATERNITY INJURY_STATUS_PATERNITY PERSONAL,3B,,,,INJURY_AVAILABILITY,ESPN_PUBLIC,paternity INJURY_STATUS_PATERNITY Personal,high
ESPN-CTX-620e47dd2be0320ba9098e5e,2026-09-26T12:07:06.375829-07:00,MLB,MLB,,Kyle Stowers,,,,DAY-TO-DAY INJURY_STATUS_DAYTODAY ABDOMEN,1B,,,,INJURY_AVAILABILITY,ESPN_PUBLIC,Day-To-Day INJURY_STATUS_DAYTODAY Abdomen,high
ESPN-CTX-aa9ecda2865c447f76a8a56b,2026-09-26T12:07:06.375829-07:00,MLB,MLB,,Joey Ortiz,,,,DAY-TO-DAY INJURY_STATUS_DAYTODAY KNEE,SS,,,,INJURY_AVAILABILITY,ESPN_PUBLIC,Day-To-Day INJURY_STATUS_DAYTODAY Knee,high
ESPN-CTX-d84a7f0e67e1d10e983fbc24,2026-09-26T12:07:06.375829-07:00,MLB,MLB,,Jeff Hoffman,,,,IR/IL,RP,,,,INJURY_AVAILABILITY,ESPN_PUBLIC,15-Day-IL INJURY_STATUS_15DAYIL Forearm,high
ESPN-CTX-6e0cf6fc7a3be9d837b6b061,2026-09-26T12:07:06.375829-07:00,MLB,MLB,,Oneil Cruz,,,,DAY-TO-DAY INJURY_STATUS_DAYTODAY KNEE,CF,,,,INJURY_AVAILABILITY,ESPN_PUBLIC,Day-To-Day INJURY_STATUS_DAYTODAY Knee,high
ESPN-CTX-2635209a6c769fa7e17c64a6,2026-09-26T12:07:06.375829-07:00,MLB,MLB,,Nathan Church,,,,DAY-TO-DAY INJURY_STATUS_DAYTODAY FOOT,CF,,,,INJURY_AVAILABILITY,ESPN_PUBLIC,Day-To-Day INJURY_STATUS_DAYTODAY Foot,high
ESPN-CTX-ddd5b147be39f75b61819e4b,2026-09-26T12:07:06.375829-07:00,MLB,MLB,,Josh Jung,,,,IR/IL,3B,,,,INJURY_AVAILABILITY,ESPN_PUBLIC,10-Day-IL INJURY_STATUS_10DAYIL Hand,high
ESPN-CTX-9a629ab53d574853ed65f91c,2026-09-26T12:07:06.375829-07:00,NFL,NFL,,Maema Njongmeta,,,,ACTIVE,LB,,,,INJURY_AVAILABILITY,ESPN_PUBLIC,Active INJURY_STATUS_ACTIVE,high
ESPN-CTX-6559a56d605e9e993edfbe9e,2026-09-26T12:07:06.375829-07:00,NFL,NFL,,Claudin Cherelus,,,,IR/IL,LB,,,,INJURY_AVAILABILITY,ESPN_PUBLIC,Injured Reserve INJURY_STATUS_IR Shoulder,high
ESPN-CTX-a390e9f41c93e5b7a2538360,2026-09-26T12:07:06.375829-07:00,NFL,NFL,,Anthony Tyus III,,,,ACTIVE,RB,,,,INJURY_AVAILABILITY,ESPN_PUBLIC,Active INJURY_STATUS_ACTIVE,high
ESPN-CTX-5d10cb298bb1c061c5239485,2026-09-26T12:07:06.375829-07:00,NFL,NFL,,David Moore,,,,ACTIVE,WR,,,,INJURY_AVAILABILITY,ESPN_PUBLIC,Active INJURY_STATUS_ACTIVE,high
ESPN-CTX-4b78c8f690f9112f81f11c01,2026-09-26T12:07:06.375829-07:00,NFL,NFL,,Cairo Santos,,,,ACTIVE,PK,,,,INJURY_AVAILABILITY,ESPN_PUBLIC,Active INJURY_STATUS_ACTIVE,high
ESPN-CTX-1e3f8cd7cc486b32a8415e92,2026-09-26T12:07:06.375829-07:00,NFL,NFL,,Caleb Williams,,,,OUT,QB,,,,INJURY_AVAILABILITY,ESPN_PUBLIC,Out INJURY_STATUS_OUT Hamstring,high
ESPN-CTX-f3b411d87a62dbac6f248114,2026-09-26T12:07:06.375829-07:00,NFL,NFL,,Justin Barron,,,,ACTIVE,LB,,,,INJURY_AVAILABILITY,ESPN_PUBLIC,Active INJURY_STATUS_ACTIVE,high
ESPN-CTX-1683ac484e65191caa812554,2026-09-26T12:07:06.375829-07:00,NFL,NFL,,P.J. Locke,,,,IR/IL,S,,,,INJURY_AVAILABILITY,ESPN_PUBLIC,Injured Reserve INJURY_STATUS_IR Foot,high
ESPN-CTX-1c005f48dca0eeba4eb3ef1a,2026-09-26T12:07:06.375829-07:00,NFL,NFL,,Jake Hummel,,,,IR/IL,LB,,,,INJURY_AVAILABILITY,ESPN_PUBLIC,Injured Reserve INJURY_STATUS_IR Groin,high
ESPN-CTX-afb7628a8ab6101f647c9185,2026-09-26T12:07:06.375829-07:00,NFL,NFL,,Lewis Bond,,,,ACTIVE,WR,,,,INJURY_AVAILABILITY,ESPN_PUBLIC,Active INJURY_STATUS_ACTIVE,high
ESPN-CTX-43bb091004ebf5f228453eda,2026-09-26T12:07:06.375829-07:00,NFL,NFL,,Nick Westbrook-Ikhine,,,,ACTIVE,WR,,,,INJURY_AVAILABILITY,ESPN_PUBLIC,Active INJURY_STATUS_ACTIVE,high
ESPN-CTX-e286676f66bff513c6ba2e84,2026-09-26T12:07:06.375829-07:00,NFL,NFL,,Anthony Gould,,,,ACTIVE,WR,,,,INJURY_AVAILABILITY,ESPN_PUBLIC,Active INJURY_STATUS_ACTIVE,high
ESPN-CTX-9ecac3aea9912cd3df037e5b,2026-09-26T12:07:06.375829-07:00,NFL,NFL,,Alec Pierce,,,,IR/IL,WR,,,,INJURY_AVAILABILITY,ESPN_PUBLIC,Injured Reserve INJURY_STATUS_IR Heel,high
ESPN-CTX-e400b7bfec4254102bec8bb4,2026-09-26T12:07:06.375829-07:00,NFL,NFL,,Ivan Pace Jr.,,,,QUESTIONABLE,LB,,,,INJURY_AVAILABILITY,ESPN_PUBLIC,Questionable INJURY_STATUS_QUESTIONABLE Personal,high
ESPN-CTX-73574b81650b83257072a9c8,2026-09-26T12:07:06.375829-07:00,NFL,NFL,,Kene Nwangwu,,,,OUT,RB,,,,INJURY_AVAILABILITY,ESPN_PUBLIC,Out INJURY_STATUS_OUT Back,high
ESPN-CTX-170bf8b43ab227357e32628f,2026-09-26T12:07:06.375829-07:00,NFL,NFL,,Jamaal Pritchett,,,,ACTIVE,WR,,,,INJURY_AVAILABILITY,ESPN_PUBLIC,Active INJURY_STATUS_ACTIVE,high
ESPN-CTX-73f129adc5bb44846c4a0060,2026-09-26T12:07:06.375829-07:00,NFL,NFL,,Sterling Shepard,,,,ACTIVE,WR,,,,INJURY_AVAILABILITY,ESPN_PUBLIC,Active INJURY_STATUS_ACTIVE,high
ESPN-CTX-34ad9b157c4de0217e89fb0b,2026-09-26T12:07:06.375829-07:00,NFL,NFL,,Erick Hallett II,,,,ACTIVE,S,,,,INJURY_AVAILABILITY,ESPN_PUBLIC,Active INJURY_STATUS_ACTIVE,high
ESPN-CTX-323cfd53228e88d865585e91,2026-09-26T12:07:06.375829-07:00,NFL,NFL,,Michael Carter,,,,ACTIVE,RB,,,,INJURY_AVAILABILITY,ESPN_PUBLIC,Active INJURY_STATUS_ACTIVE,high
ESPN-CTX-8fadbaf0aa22594e837b719e,2026-09-26T13:00:11.693067-07:00,MLB,MLB,,Juan Soto,,,,DAY-TO-DAY INJURY_STATUS_DAYTODAY HAND,LF,,,,INJURY_AVAILABILITY,ESPN_PUBLIC,Day-To-Day INJURY_STATUS_DAYTODAY Hand,high
ESPN-CTX-86a423d0935d812e076ffd81,2026-09-28T13:05:32.501858-07:00,NFL,NFL,,Max Melton,,,,ACTIVE,CB,,,,INJURY_AVAILABILITY,ESPN_PUBLIC,Active INJURY_STATUS_ACTIVE,high
ESPN-CTX-ebc82d92d47949c595be47b6,2026-09-28T13:05:32.501858-07:00,NFL,NFL,,Roy Lopez,,,,ACTIVE,DT,,,,INJURY_AVAILABILITY,ESPN_PUBLIC,Active INJURY_STATUS_ACTIVE,high
ESPN-CTX-c956c4965b61b0cc98422ab9,2026-09-28T13:05:32.501858-07:00,NFL,NFL,,Jack Strand,,,,ACTIVE,QB,,,,INJURY_AVAILABILITY,ESPN_PUBLIC,Active INJURY_STATUS_ACTIVE,high
ESPN-CTX-7aca5abbf3c90b003b10822b,2026-09-28T13:05:32.501858-07:00,NFL,NFL,,Ethan Onianwa,,,,ACTIVE,OT,,,,INJURY_AVAILABILITY,ESPN_PUBLIC,Active INJURY_STATUS_ACTIVE,high
ESPN-CTX-80895d4828021ddf3ae2670d,2026-09-28T13:05:32.501858-07:00,NFL,NFL,,Cooper Rush,,,,ACTIVE,QB,,,,INJURY_AVAILABILITY,ESPN_PUBLIC,Active INJURY_STATUS_ACTIVE,high
ESPN-CTX-c2f84ad2f3f4ac3a6b003c51,2026-09-28T13:05:32.501858-07:00,NFL,NFL,,Malcolm DeWalt IV,,,,ACTIVE,CB,,,,INJURY_AVAILABILITY,ESPN_PUBLIC,Active INJURY_STATUS_ACTIVE,high
ESPN-CTX-6679ed1d781ebdbed39ae454,2026-09-28T13:05:32.501858-07:00,NFL,NFL,,Robert Longerbeam,,,,ACTIVE,CB,,,,INJURY_AVAILABILITY,ESPN_PUBLIC,Active INJURY_STATUS_ACTIVE,high
ESPN-CTX-d2e6c2aebd2fcd95a1cff709,2026-09-28T13:05:32.501858-07:00,NFL,NFL,,Jessie Bates III,,,,ACTIVE,S,,,,INJURY_AVAILABILITY,ESPN_PUBLIC,Active INJURY_STATUS_ACTIVE,high
ESPN-CTX-5c6c3bff10a672286c95395c,2026-09-28T13:05:32.501858-07:00,NFL,NFL,,Xavier Watts,,,,ACTIVE,S,,,,INJURY_AVAILABILITY,ESPN_PUBLIC,Active INJURY_STATUS_ACTIVE,high
ESPN-CTX-9908a553b571f45c09a3ac42,2026-09-28T13:05:32.501858-07:00,NFL,NFL,,K'Von Wallace,,,,ACTIVE,CB,,,,INJURY_AVAILABILITY,ESPN_PUBLIC,Active INJURY_STATUS_ACTIVE,high
ESPN-CTX-bd81674877fa800564c54a18,2026-09-28T13:05:32.501858-07:00,NFL,NFL,,Carl Jones,,,,ACTIVE,LB,,,,INJURY_AVAILABILITY,ESPN_PUBLIC,Active INJURY_STATUS_ACTIVE,high
ESPN-CTX-e4ba42e6dcb228022c199ce8,2026-09-28T13:05:32.501858-07:00,NFL,NFL,,Aeneas Peebles,,,,ACTIVE,DT,,,,INJURY_AVAILABILITY,ESPN_PUBLIC,Active INJURY_STATUS_ACTIVE,high
ESPN-CTX-6774b81c892a84fdb07ff4db,2026-09-28T13:05:32.501858-07:00,NFL,NFL,,Zay Flowers,,,,ACTIVE,WR,,,,INJURY_AVAILABILITY,ESPN_PUBLIC,Active INJURY_STATUS_ACTIVE,high
ESPN-CTX-84bc7fbf51a4cc85a0780941,2026-09-28T13:05:32.501858-07:00,NFL,NFL,,Ar'maj Reed-Adams,,,,OUT,G,,,,INJURY_AVAILABILITY,ESPN_PUBLIC,Out INJURY_STATUS_OUT Elbow,high
ESPN-CTX-8a59fab3fefbfd433bbcba44,2026-09-28T13:05:32.501858-07:00,NFL,NFL,,Mike Danna,,,,ACTIVE,DE,,,,INJURY_AVAILABILITY,ESPN_PUBLIC,Active INJURY_STATUS_ACTIVE,high
ESPN-CTX-34d35cde6a94868dd62e7344,2026-09-28T13:05:32.501858-07:00,NFL,NFL,,DJ Moore,,,,ACTIVE,WR,,,,INJURY_AVAILABILITY,ESPN_PUBLIC,Active INJURY_STATUS_ACTIVE,high
ESPN-CTX-3429965e7c530851a21e640c,2026-09-28T13:05:32.501858-07:00,NFL,NFL,,Christian Benford,,,,QUESTIONABLE,CB,,,,INJURY_AVAILABILITY,ESPN_PUBLIC,Questionable INJURY_STATUS_QUESTIONABLE Toe,high
ESPN-CTX-654a2753cbbf0e475d4e9c7c,2026-09-28T13:05:32.501858-07:00,NFL,NFL,,Dorian Williams,,,,ACTIVE,LB,,,,INJURY_AVAILABILITY,ESPN_PUBLIC,Active INJURY_STATUS_ACTIVE,high
ESPN-CTX-2def722b2ea742e971c0b72e,2026-09-28T13:05:32.501858-07:00,NFL,NFL,,Keon Coleman,,,,ACTIVE,WR,,,,INJURY_AVAILABILITY,ESPN_PUBLIC,Active INJURY_STATUS_ACTIVE,high
ESPN-CTX-940e72ae1f42dc4c051e8cf2,2026-09-28T13:05:32.501858-07:00,NFL,NFL,,Ed Oliver,,,,ACTIVE,DT,,,,INJURY_AVAILABILITY,ESPN_PUBLIC,Active INJURY_STATUS_ACTIVE,high
ESPN-CTX-a205f5a9ec28230c0472bc79,2026-09-28T13:05:32.501858-07:00,NFL,NFL,,Xavier Legette,,,,OUT,WR,,,,INJURY_AVAILABILITY,ESPN_PUBLIC,Out INJURY_STATUS_OUT Knee,high
ESPN-CTX-8cd29b30fce14fdfec7690f1,2026-09-28T13:05:32.501858-07:00,NFL,NFL,,Cam Jackson,,,,ACTIVE,DT,,,,INJURY_AVAILABILITY,ESPN_PUBLIC,Active INJURY_STATUS_ACTIVE,high
ESPN-CTX-205f25a5b3f92878bdab6a19,2026-09-28T13:05:32.501858-07:00,NFL,NFL,,Jaycee Horn,,,,OUT,CB,,,,INJURY_AVAILABILITY,ESPN_PUBLIC,Out INJURY_STATUS_OUT Quadriceps,high
ESPN-CTX-42e6d44b73329ca0d8e0a024,2026-09-28T13:05:32.501858-07:00,NFL,NFL,,Jalen Coker,,,,QUESTIONABLE,WR,,,,INJURY_AVAILABILITY,ESPN_PUBLIC,Questionable INJURY_STATUS_QUESTIONABLE Quadriceps,high
ESPN-CTX-5b3a4270527ebaff21c3f4f4,2026-09-28T13:05:32.501858-07:00,NFL,NFL,,Damien Lewis,,,,QUESTIONABLE,G,,,,INJURY_AVAILABILITY,ESPN_PUBLIC,Questionable INJURY_STATUS_QUESTIONABLE Elbow,high
ESPN-CTX-33b84c898426ed18e941880f,2026-09-28T13:05:32.501858-07:00,NFL,NFL,,Mike Jackson,,,,QUESTIONABLE,CB,,,,INJURY_AVAILABILITY,ESPN_PUBLIC,Questionable INJURY_STATUS_QUESTIONABLE Groin,high
ESPN-CTX-6ae4a6df99e8c15f262aea35,2026-09-28T13:05:32.501858-07:00,NFL,NFL,,Anthony Johnson Jr.,,,,OUT,S,,,,INJURY_AVAILABILITY,ESPN_PUBLIC,Out INJURY_STATUS_OUT Undisclosed,high
ESPN-CTX-8f573d8bca54e13937fa6b94,2026-09-28T13:05:32.501858-07:00,NFL,NFL,,Tyson Bagent,,,,ACTIVE,QB,,,,INJURY_AVAILABILITY,ESPN_PUBLIC,Active INJURY_STATUS_ACTIVE,high
ESPN-CTX-2bea7a484c93f7c0a94b6b0c,2026-09-28T13:05:32.501858-07:00,NFL,NFL,,Tyrique Stevenson Sr.,,,,ACTIVE,CB,,,,INJURY_AVAILABILITY,ESPN_PUBLIC,Active INJURY_STATUS_ACTIVE,high
ESPN-CTX-cab281aa49b9306ba230a153,2026-09-28T13:05:32.501858-07:00,NFL,NFL,,B.J. Hill,,,,OUT,DT,,,,INJURY_AVAILABILITY,ESPN_PUBLIC,Out INJURY_STATUS_OUT Achilles,high
ESPN-CTX-d050a6e6d3b7fe6a2db6e015,2026-09-28T13:05:32.501858-07:00,NFL,NFL,,Colbie Young,,,,QUESTIONABLE,WR,,,,INJURY_AVAILABILITY,ESPN_PUBLIC,Questionable INJURY_STATUS_QUESTIONABLE Knee,high
ESPN-CTX-08d0af0b00bbdade364475f9,2026-09-28T13:05:32.501858-07:00,NFL,NFL,,Bryan Cook,,,,ACTIVE,S,,,,INJURY_AVAILABILITY,ESPN_PUBLIC,Active INJURY_STATUS_ACTIVE,high
ESPN-CTX-61b608a9961e41c1f94b2e20,2026-09-28T13:05:32.501858-07:00,NFL,NFL,,Jalen Davis,,,,QUESTIONABLE,CB,,,,INJURY_AVAILABILITY,ESPN_PUBLIC,Questionable INJURY_STATUS_QUESTIONABLE Hamstring,high
ESPN-CTX-d8b5a98da8963f7bd5472f11,2026-09-28T13:05:32.501858-07:00,NFL,NFL,,Tanner Hudson,,,,ACTIVE,TE,,,,INJURY_AVAILABILITY,ESPN_PUBLIC,Active INJURY_STATUS_ACTIVE,high
ESPN-CTX-7899c1e2b5f5cfb99e477082,2026-09-28T13:05:32.501858-07:00,NFL,NFL,,Andrei Iosivas,,,,IR/IL,WR,,,,INJURY_AVAILABILITY,ESPN_PUBLIC,Injured Reserve INJURY_STATUS_IR Thumb,high
ESPN-CTX-1e124963cc0dfceb29ede2bb,2026-09-28T13:05:32.501858-07:00,NFL,NFL,,Tyson Campbell,,,,OUT,CB,,,,INJURY_AVAILABILITY,ESPN_PUBLIC,Out INJURY_STATUS_OUT Hip,high
ESPN-CTX-c2bc47431b2065fabd1ec9ee,2026-09-28T13:05:32.501858-07:00,NFL,NFL,,Grant Delpit,,,,ACTIVE,S,,,,INJURY_AVAILABILITY,ESPN_PUBLIC,Active INJURY_STATUS_ACTIVE,high
ESPN-CTX-6e088813ac7f9ed4d991d38b,2026-09-28T13:05:32.501858-07:00,NFL,NFL,,Mekhi Blackmon,,,,ACTIVE,CB,,,,INJURY_AVAILABILITY,ESPN_PUBLIC,Active INJURY_STATUS_ACTIVE,high
ESPN-CTX-63618fed7692f3f153960d87,2026-09-28T13:05:32.501858-07:00,NFL,NFL,,Jalen Thompson,,,,QUESTIONABLE,S,,,,INJURY_AVAILABILITY,ESPN_PUBLIC,Questionable INJURY_STATUS_QUESTIONABLE Hamstring,high
ESPN-CTX-e11e27281fe629711790ae12,2026-09-28T13:05:32.501858-07:00,NFL,NFL,,Marvin Mims Jr.,,,,OUT,WR,,,,INJURY_AVAILABILITY,ESPN_PUBLIC,Out INJURY_STATUS_OUT Foot,high
ESPN-CTX-b5737b4c35419f245e24ca89,2026-09-28T13:05:32.501858-07:00,NFL,NFL,,Dallen Bentley,,,,ACTIVE,TE,,,,INJURY_AVAILABILITY,ESPN_PUBLIC,Active INJURY_STATUS_ACTIVE,high
ESPN-CTX-379a8c162a81e5b0fdbb7326,2026-09-28T13:05:32.501858-07:00,NFL,NFL,,Sam Ehlinger,,,,ACTIVE,QB,,,,INJURY_AVAILABILITY,ESPN_PUBLIC,Active INJURY_STATUS_ACTIVE,high
ESPN-CTX-e1d410dc870acb338ccb52d0,2026-09-28T13:05:32.501858-07:00,NFL,NFL,,Kage Casey,,,,ACTIVE,OT,,,,INJURY_AVAILABILITY,ESPN_PUBLIC,Active INJURY_STATUS_ACTIVE,high
ESPN-CTX-f76210af542c40441b707a96,2026-09-28T13:05:32.501858-07:00,NFL,NFL,,Tyler Onyedim,,,,ACTIVE,DT,,,,INJURY_AVAILABILITY,ESPN_PUBLIC,Active INJURY_STATUS_ACTIVE,high
ESPN-CTX-46b314bbfaa33238ce74d5c1,2026-09-28T13:05:32.501858-07:00,NFL,NFL,,Sai'vion Jones,,,,ACTIVE,DE,,,,INJURY_AVAILABILITY,ESPN_PUBLIC,Active INJURY_STATUS_ACTIVE,high
ESPN-CTX-cd14717ccb6ab3cf64830306,2026-09-28T13:05:32.501858-07:00,NFL,NFL,,Kolbe Katsis,,,,ACTIVE,WR,,,,INJURY_AVAILABILITY,ESPN_PUBLIC,Active INJURY_STATUS_ACTIVE,high
ESPN-CTX-1aa96ff9ee5b6ff498fcebf7,2026-09-28T13:05:32.501858-07:00,NFL,NFL,,Jonah Coleman,,,,IR/IL,RB,,,,INJURY_AVAILABILITY,ESPN_PUBLIC,Injured Reserve INJURY_STATUS_IR Ankle,high
ESPN-CTX-7539bacd5b9f27f272715ed8,2026-09-28T13:05:32.501858-07:00,NFL,NFL,,Jordan Jackson,,,,ACTIVE,DT,,,,INJURY_AVAILABILITY,ESPN_PUBLIC,Active INJURY_STATUS_ACTIVE,high
ESPN-CTX-139567407970af7d15c04332,2026-09-28T13:05:32.501858-07:00,NFL,NFL,,Devin White,,,,ACTIVE,LB,,,,INJURY_AVAILABILITY,ESPN_PUBLIC,Active INJURY_STATUS_ACTIVE,high
ESPN-CTX-ba6a11dab461620d4ae06ee2,2026-09-28T13:05:32.501858-07:00,NFL,NFL,,Tyler Conklin,,,,ACTIVE,TE,,,,INJURY_AVAILABILITY,ESPN_PUBLIC,Active INJURY_STATUS_ACTIVE,high
ESPN-CTX-c1bfb17043f49fba3bcf5be2,2026-09-28T13:05:32.501858-07:00,NFL,NFL,,Bishop Fitzgerald,,,,ACTIVE,S,,,,INJURY_AVAILABILITY,ESPN_PUBLIC,Active INJURY_STATUS_ACTIVE,high
ESPN-CTX-d860bb1f031649bf4c3e9f26,2026-09-28T13:05:32.501858-07:00,NFL,NFL,,Thomas Harper,,,,IR/IL,S,,,,INJURY_AVAILABILITY,ESPN_PUBLIC,Injured Reserve INJURY_STATUS_IR Ankle,high
ESPN-CTX-d8a16bf9520f16440dc1317b,2026-09-28T13:05:32.501858-07:00,NFL,NFL,,Micah Parsons,,,,OUT,DE,,,,INJURY_AVAILABILITY,ESPN_PUBLIC,Out INJURY_STATUS_OUT Knee - ACL,high
ESPN-CTX-4f35982ccfde3a3462f5a7c7,2026-09-28T13:05:32.501858-07:00,NFL,NFL,,Xavier McKinney,,,,ACTIVE,S,,,,INJURY_AVAILABILITY,ESPN_PUBLIC,Active INJURY_STATUS_ACTIVE,high
ESPN-CTX-b9f362ae20480b8f84ef25d7,2026-09-28T13:05:32.501858-07:00,NFL,NFL,,Zaire Franklin,,,,ACTIVE,LB,,,,INJURY_AVAILABILITY,ESPN_PUBLIC,Active INJURY_STATUS_ACTIVE,high
ESPN-CTX-d93ae981cb1da0a9779c1ed3,2026-09-28T13:05:32.501858-07:00,NFL,NFL,,J. Michael Sturdivant,,,,ACTIVE,WR,,,,INJURY_AVAILABILITY,ESPN_PUBLIC,Active INJURY_STATUS_ACTIVE,high
ESPN-CTX-7689031b60bb5b4614d2fdd8,2026-09-28T13:05:32.501858-07:00,NFL,NFL,,Laken Tomlinson,,,,ACTIVE,G,,,,INJURY_AVAILABILITY,ESPN_PUBLIC,Active INJURY_STATUS_ACTIVE,high
ESPN-CTX-6e27b3a9d3a573721935ac42,2026-09-28T13:05:32.501858-07:00,NFL,NFL,,Mario Edwards Jr.,,,,QUESTIONABLE,DT,,,,INJURY_AVAILABILITY,ESPN_PUBLIC,Questionable INJURY_STATUS_QUESTIONABLE Knee,high
ESPN-CTX-7f5acd8748a535eff1d0512d,2026-09-28T13:05:32.501858-07:00,NFL,NFL,,Trent Brown,,,,ACTIVE,OT,,,,INJURY_AVAILABILITY,ESPN_PUBLIC,Active INJURY_STATUS_ACTIVE,high
ESPN-CTX-8e344b2f7ce099b0f6d5d32e,2026-09-28T13:05:32.501858-07:00,NFL,NFL,,M.J. Stewart,,,,OUT,S,,,,INJURY_AVAILABILITY,ESPN_PUBLIC,Out INJURY_STATUS_OUT Knee,high
ESPN-CTX-ad698a3e9753309c61dc1995,2026-09-28T13:05:32.501858-07:00,NFL,NFL,,Laiatu Latu,,,,ACTIVE,DE,,,,INJURY_AVAILABILITY,ESPN_PUBLIC,Active INJURY_STATUS_ACTIVE,high
ESPN-CTX-d10124709061a06e5d64bafd,2026-09-28T13:05:32.501858-07:00,NFL,NFL,,Charvarius Ward,,,,ACTIVE,CB,,,,INJURY_AVAILABILITY,ESPN_PUBLIC,Active INJURY_STATUS_ACTIVE,high
ESPN-CTX-c6eecb38bcb453ad6e4da9ed,2026-09-28T13:05:32.501858-07:00,NFL,NFL,,Albert Regis,,,,OUT,DT,,,,INJURY_AVAILABILITY,ESPN_PUBLIC,Out INJURY_STATUS_OUT Elbow,high
ESPN-CTX-0aa999eb73e944242f4c0f90,2026-09-28T13:05:32.501858-07:00,NFL,NFL,,Josh Simmons,,,,OUT,OT,,,,INJURY_AVAILABILITY,ESPN_PUBLIC,Out INJURY_STATUS_OUT Back,high
ESPN-CTX-26f4c9195fb61bb9d0ab85af,2026-09-28T13:05:32.501858-07:00,NFL,NFL,,Jared Wiley,,,,ACTIVE,TE,,,,INJURY_AVAILABILITY,ESPN_PUBLIC,Active INJURY_STATUS_ACTIVE,high
ESPN-CTX-65cd95d6c4abd863fbae4912,2026-09-28T13:05:32.501858-07:00,NFL,NFL,,Tyreke Smith,,,,ACTIVE,DE,,,,INJURY_AVAILABILITY,ESPN_PUBLIC,Active INJURY_STATUS_ACTIVE,high
ESPN-CTX-086f7d3027817cba84ef78aa,2026-09-28T13:05:32.501858-07:00,NFL,NFL,,Garrett Nussmeier,,,,ACTIVE,QB,,,,INJURY_AVAILABILITY,ESPN_PUBLIC,Active INJURY_STATUS_ACTIVE,high
ESPN-CTX-43b7f3687df27d01cf0cb27f,2026-09-28T13:05:32.501858-07:00,NFL,NFL,,Chamarri Conner,,,,OUT,S,,,,INJURY_AVAILABILITY,ESPN_PUBLIC,Out INJURY_STATUS_OUT Knee,high
ESPN-CTX-3f1eef14c50f6c21436d377b,2026-09-28T13:05:32.501858-07:00,NFL,NFL,,Diego Pounds,,,,ACTIVE,OT,,,,INJURY_AVAILABILITY,ESPN_PUBLIC,Active INJURY_STATUS_ACTIVE,high
ESPN-CTX-f2e56bad4f02834977f1023d,2026-09-28T13:05:32.501858-07:00,NFL,NFL,,Jack Pyburn,,,,ACTIVE,LB,,,,INJURY_AVAILABILITY,ESPN_PUBLIC,Active INJURY_STATUS_ACTIVE,high
ESPN-CTX-581515e098feeccc8e0f3c8d,2026-09-28T13:05:32.501858-07:00,NFL,NFL,,Bryson Eason,,,,ACTIVE,DT,,,,INJURY_AVAILABILITY,ESPN_PUBLIC,Active INJURY_STATUS_ACTIVE,high
ESPN-CTX-1c75362f16c949f2b3d2c09f,2026-09-28T13:05:32.501858-07:00,NFL,NFL,,Aidan O'Connell,,,,OUT,QB,,,,INJURY_AVAILABILITY,ESPN_PUBLIC,Out INJURY_STATUS_OUT Personal,high
ESPN-CTX-720ffb3e941b0aebcb0f84db,2026-09-28T13:05:32.501858-07:00,NFL,NFL,,Darrell Luter Jr.,,,,ACTIVE,CB,,,,INJURY_AVAILABILITY,ESPN_PUBLIC,Active INJURY_STATUS_ACTIVE,high
ESPN-CTX-285859898582e0ae767c0360,2026-09-28T13:05:32.501858-07:00,NFL,NFL,,Jackson Powers-Johnson,,,,QUESTIONABLE,G,,,,INJURY_AVAILABILITY,ESPN_PUBLIC,Questionable INJURY_STATUS_QUESTIONABLE Groin,high
ESPN-CTX-362146c062f43f37a409ef75,2026-09-28T13:05:32.501858-07:00,NFL,NFL,,Jack Bech,,,,DOUBTFUL,WR,,,,INJURY_AVAILABILITY,ESPN_PUBLIC,Doubtful INJURY_STATUS_DOUBTFUL Forearm,high
ESPN-CTX-78e123a3a400bd5cafba5d29,2026-09-28T13:05:32.501858-07:00,NFL,NFL,,Kwity Paye,,,,ACTIVE,DE,,,,INJURY_AVAILABILITY,ESPN_PUBLIC,Active INJURY_STATUS_ACTIVE,high
ESPN-CTX-a52914ba16e1fbb2f6439e19,2026-09-28T13:05:32.501858-07:00,NFL,NFL,,Brock Bowers,,,,ACTIVE,TE,,,,INJURY_AVAILABILITY,ESPN_PUBLIC,Active INJURY_STATUS_ACTIVE,high
ESPN-CTX-8115b2732242dc9f90f4b017,2026-09-28T13:05:32.501858-07:00,NFL,NFL,,DJ Uiagalelei,,,,ACTIVE,QB,,,,INJURY_AVAILABILITY,ESPN_PUBLIC,Active INJURY_STATUS_ACTIVE,high
ESPN-CTX-7543d472acc6228a3310c100,2026-09-28T13:05:32.501858-07:00,NFL,NFL,,Justin Herbert,,,,ACTIVE,QB,,,,INJURY_AVAILABILITY,ESPN_PUBLIC,Active INJURY_STATUS_ACTIVE,high
ESPN-CTX-fc871e2fb78fcd8c3f809c4f,2026-09-28T13:05:32.501858-07:00,NFL,NFL,,Ladd McConkey,,,,ACTIVE,WR,,,,INJURY_AVAILABILITY,ESPN_PUBLIC,Active INJURY_STATUS_ACTIVE,high
ESPN-CTX-bbe842f7db63d952e62888bf,2026-09-28T13:05:32.501858-07:00,NFL,NFL,,Omarion Hampton,,,,ACTIVE,RB,,,,INJURY_AVAILABILITY,ESPN_PUBLIC,Active INJURY_STATUS_ACTIVE,high
ESPN-CTX-50934fc178216e99d9fbfb57,2026-09-28T13:05:32.501858-07:00,NFL,NFL,,Donte Jackson,,,,QUESTIONABLE,CB,,,,INJURY_AVAILABILITY,ESPN_PUBLIC,Questionable INJURY_STATUS_QUESTIONABLE Concussion,high
ESPN-CTX-415445db6b8c299ebea3c4e6,2026-09-28T13:05:32.501858-07:00,NFL,NFL,,Rodney Shelley,,,,ACTIVE,CB,,,,INJURY_AVAILABILITY,ESPN_PUBLIC,Active INJURY_STATUS_ACTIVE,high
ESPN-CTX-1a3071d754cec217e41cc69c,2026-09-28T13:05:32.501858-07:00,NFL,NFL,,Trey Lance,,,,ACTIVE,QB,,,,INJURY_AVAILABILITY,ESPN_PUBLIC,Active INJURY_STATUS_ACTIVE,high
ESPN-CTX-cf3024f855c2ba861997f04b,2026-09-28T13:05:32.501858-07:00,NFL,NFL,,Trey Pipkins III,,,,IR/IL,OT,,,,INJURY_AVAILABILITY,ESPN_PUBLIC,Injured Reserve INJURY_STATUS_IR Knee,high
ESPN-CTX-c3e3b4ef95eb2aae3c725d27,2026-09-28T13:05:32.501858-07:00,NFL,NFL,,Patrick Herbert,,,,ACTIVE,TE,,,,INJURY_AVAILABILITY,ESPN_PUBLIC,Active INJURY_STATUS_ACTIVE,high
ESPN-CTX-36fa26fe41cd29a027320ad6,2026-09-28T13:05:32.501858-07:00,NFL,NFL,,Maximus Pulley,,,,ACTIVE,S,,,,INJURY_AVAILABILITY,ESPN_PUBLIC,Active INJURY_STATUS_ACTIVE,high
ESPN-CTX-a3574fbb8593b9cfabacbcb8,2026-09-28T13:05:32.501858-07:00,NFL,NFL,,Jaylen Watson,,,,QUESTIONABLE,CB,,,,INJURY_AVAILABILITY,ESPN_PUBLIC,Questionable INJURY_STATUS_QUESTIONABLE Shoulder,high
ESPN-CTX-a220cc66e5897897eaaa37df,2026-09-28T13:05:32.501858-07:00,NFL,NFL,,Colby Parkinson,,,,ACTIVE,TE,,,,INJURY_AVAILABILITY,ESPN_PUBLIC,Active INJURY_STATUS_ACTIVE,high
ESPN-CTX-654436d93d49427c991e96df,2026-09-28T13:05:32.501858-07:00,NFL,NFL,,Kamren Kinchens,,,,OUT,S,,,,INJURY_AVAILABILITY,ESPN_PUBLIC,Out INJURY_STATUS_OUT Hamstring,high
ESPN-CTX-6dd5a410739cce765079ad3d,2026-09-28T13:05:32.501858-07:00,NFL,NFL,,Puka Nacua,,,,OUT,WR,,,,INJURY_AVAILABILITY,ESPN_PUBLIC,Out INJURY_STATUS_OUT Hip,high
ESPN-CTX-7f72c0af783e17f00b86612c,2026-09-28T13:05:32.501858-07:00,NFL,NFL,,Myles Garrett,,,,IR/IL,DE,,,,INJURY_AVAILABILITY,ESPN_PUBLIC,Injured Reserve INJURY_STATUS_IR Knee,high
ESPN-CTX-375a7933275b8c55a289d412,2026-09-28T13:05:32.501858-07:00,NFL,NFL,,Dean Connors,,,,ACTIVE,RB,,,,INJURY_AVAILABILITY,ESPN_PUBLIC,Active INJURY_STATUS_ACTIVE,high
ESPN-CTX-1732f0576726bd769027eb12,2026-09-28T13:05:32.501858-07:00,NFL,NFL,,Jaylen Wright,,,,OUT,RB,,,,INJURY_AVAILABILITY,ESPN_PUBLIC,Out INJURY_STATUS_OUT Foot,high
ESPN-CTX-504cd043bb6cd3a9c00a7f42,2026-09-28T13:05:32.501858-07:00,NFL,NFL,,De'Von Achane,,,,OUT,RB,,,,INJURY_AVAILABILITY,ESPN_PUBLIC,Out INJURY_STATUS_OUT Knee - ACL,high
ESPN-CTX-b8f02c94182b8dd9be0cf250,2026-09-28T13:05:32.501858-07:00,NFL,NFL,,Ryan Miller,,,,ACTIVE,WR,,,,INJURY_AVAILABILITY,ESPN_PUBLIC,Active INJURY_STATUS_ACTIVE,high
ESPN-CTX-f3deda48a6fe21981bb02d1e,2026-09-28T13:05:32.501858-07:00,NFL,NFL,,JuJu Brents,,,,ACTIVE,CB,,,,INJURY_AVAILABILITY,ESPN_PUBLIC,Active INJURY_STATUS_ACTIVE,high
ESPN-CTX-3e5f9236f6b54253718b8c02,2026-09-28T13:05:32.501858-07:00,NFL,NFL,,Justin Jefferson,,,,QUESTIONABLE,WR,,,,INJURY_AVAILABILITY,ESPN_PUBLIC,Questionable INJURY_STATUS_QUESTIONABLE Ankle,high
ESPN-CTX-a0254cda9c11b4d8fcfd9a35,2026-09-28T13:05:32.501858-07:00,NFL,NFL,,Tavierre Thomas,,,,ACTIVE,S,,,,INJURY_AVAILABILITY,ESPN_PUBLIC,Active INJURY_STATUS_ACTIVE,high
ESPN-CTX-6a4fb71ac2ad35ed1e92fa7e,2026-09-28T13:05:32.501858-07:00,NFL,NFL,,Josh Oliver,,,,OUT,TE,,,,INJURY_AVAILABILITY,ESPN_PUBLIC,Out INJURY_STATUS_OUT Biceps,high
ESPN-CTX-49fc24d3ec717a8049e25b63,2026-09-28T13:05:32.501858-07:00,NFL,NFL,,Charles Demmings,,,,QUESTIONABLE,CB,,,,INJURY_AVAILABILITY,ESPN_PUBLIC,Questionable INJURY_STATUS_QUESTIONABLE Hamstring,high
ESPN-CTX-0651ad0a6e541b6f9a45dd90,2026-09-28T13:05:32.501858-07:00,NFL,NFL,,Ivan Pace Jr.,,,,ACTIVE,LB,,,,INJURY_AVAILABILITY,ESPN_PUBLIC,Active INJURY_STATUS_ACTIVE,high
ESPN-CTX-03c3929123415d23a31c4999,2026-09-28T13:05:32.501858-07:00,NFL,NFL,,Nick Samac,,,,IR/IL,C,,,,INJURY_AVAILABILITY,ESPN_PUBLIC,Injured Reserve INJURY_STATUS_IR Knee,high
ESPN-CTX-0ecc4252a06dd6a8f2853619,2026-09-28T13:05:32.501858-07:00,NFL,NFL,,Craig Woodson,,,,OUT,S,,,,INJURY_AVAILABILITY,ESPN_PUBLIC,Out INJURY_STATUS_OUT Shoulder,high
ESPN-CTX-26380ecbf71fd0afb56e8c23,2026-09-28T13:05:32.501858-07:00,NFL,NFL,,Eli Raridon,,,,OUT,TE,,,,INJURY_AVAILABILITY,ESPN_PUBLIC,Out INJURY_STATUS_OUT Thigh,high
ESPN-CTX-b2fd786f100d88ae03c0bfe0,2026-09-28T13:05:32.501858-07:00,NFL,NFL,,A.J. Brown,,,,IR/IL,WR,,,,INJURY_AVAILABILITY,ESPN_PUBLIC,Injured Reserve INJURY_STATUS_IR Ankle,high
ESPN-CTX-5c61bb6cf07e71ef213f0309,2026-09-28T13:05:32.501858-07:00,NFL,NFL,,TreVeyon Henderson,,,,ACTIVE,RB,,,,INJURY_AVAILABILITY,ESPN_PUBLIC,Active INJURY_STATUS_ACTIVE,high
ESPN-CTX-765fcbf077a3315907ac643b,2026-09-28T13:05:32.501858-07:00,NFL,NFL,,Drake Maye,,,,ACTIVE,QB,,,,INJURY_AVAILABILITY,ESPN_PUBLIC,Active INJURY_STATUS_ACTIVE,high
ESPN-CTX-282f5be2cb65b00c42dba3f2,2026-09-28T13:05:32.501858-07:00,NFL,NFL,,Greg Van Roten,,,,QUESTIONABLE,G,,,,INJURY_AVAILABILITY,ESPN_PUBLIC,Questionable INJURY_STATUS_QUESTIONABLE Thigh,high
ESPN-CTX-fd71d46a3b6ab9e4467e5859,2026-09-28T13:05:32.501858-07:00,NFL,NFL,,Christian Barmore,,,,QUESTIONABLE,DT,,,,INJURY_AVAILABILITY,ESPN_PUBLIC,Questionable INJURY_STATUS_QUESTIONABLE Shoulder,high
ESPN-CTX-0e905fcf803c560deafac1a3,2026-09-28T13:05:32.501858-07:00,NFL,NFL,,Jaylen Reed,,,,ACTIVE,S,,,,INJURY_AVAILABILITY,ESPN_PUBLIC,Active INJURY_STATUS_ACTIVE,high
ESPN-CTX-a16e58331a7df065fc4c4648,2026-09-28T13:05:32.501858-07:00,NFL,NFL,,Travis Etienne Jr.,,,,OUT,RB,,,,INJURY_AVAILABILITY,ESPN_PUBLIC,Out INJURY_STATUS_OUT Hamstring,high
ESPN-CTX-0d1c264a777c4ab0ec9e9e8f,2026-09-28T13:05:32.501858-07:00,NFL,NFL,,Tyree Wilson,,,,ACTIVE,DE,,,,INJURY_AVAILABILITY,ESPN_PUBLIC,Active INJURY_STATUS_ACTIVE,high
ESPN-CTX-f367363e152b18afbfe638f0,2026-09-28T13:05:32.501858-07:00,NFL,NFL,,Treyton Welch,,,,ACTIVE,TE,,,,INJURY_AVAILABILITY,ESPN_PUBLIC,Active INJURY_STATUS_ACTIVE,high
ESPN-CTX-bc40692d94dd342f0cf1e570,2026-09-28T13:05:32.501858-07:00,NFL,NFL,,Noah Fant,,,,ACTIVE,TE,,,,INJURY_AVAILABILITY,ESPN_PUBLIC,Active INJURY_STATUS_ACTIVE,high
ESPN-CTX-f2a3d708865419f0501b4710,2026-09-28T13:05:32.501858-07:00,NFL,NFL,,Anfernee Jennings,,,,QUESTIONABLE,LB,,,,INJURY_AVAILABILITY,ESPN_PUBLIC,Questionable INJURY_STATUS_QUESTIONABLE Knee,high
ESPN-CTX-b076dc9e196f9d937bf20f25,2026-09-28T13:05:32.501858-07:00,NFL,NFL,,Carl Granderson,,,,ACTIVE,DE,,,,INJURY_AVAILABILITY,ESPN_PUBLIC,Active INJURY_STATUS_ACTIVE,high
ESPN-CTX-8f81ae6f8e9b3637fe0eb68d,2026-09-28T13:05:32.501858-07:00,NFL,NFL,,Pete Werner,,,,QUESTIONABLE,LB,,,,INJURY_AVAILABILITY,ESPN_PUBLIC,Questionable INJURY_STATUS_QUESTIONABLE Neck,high
ESPN-CTX-3d7e2ebd04cef8fc22d10dda,2026-09-28T13:05:32.501858-07:00,NFL,NFL,,Martin Emerson Jr.,,,,OUT,CB,,,,INJURY_AVAILABILITY,ESPN_PUBLIC,Out INJURY_STATUS_OUT Shoulder,high
ESPN-CTX-aea90793545a286c4e4e2c24,2026-09-28T13:05:32.501858-07:00,NFL,NFL,,Jalen Moreno-Cropper,,,,ACTIVE,WR,,,,INJURY_AVAILABILITY,ESPN_PUBLIC,Active INJURY_STATUS_ACTIVE,high
ESPN-CTX-c9ea603d437f133ffe7d4def,2026-09-28T13:05:32.501858-07:00,NFL,NFL,,Kevin Austin Jr.,,,,ACTIVE,WR,,,,INJURY_AVAILABILITY,ESPN_PUBLIC,Active INJURY_STATUS_ACTIVE,high
ESPN-CTX-fee121fc8a02e3ed1b1593f3,2026-09-28T13:05:32.501858-07:00,NFL,NFL,,Tyler Nubin,,,,OUT,S,,,,INJURY_AVAILABILITY,ESPN_PUBLIC,Out INJURY_STATUS_OUT Calf,high
ESPN-CTX-27c210e64de78231abfe2921,2026-09-28T13:05:32.501858-07:00,NFL,NFL,,Josh Tupou,,,,ACTIVE,DT,,,,INJURY_AVAILABILITY,ESPN_PUBLIC,Active INJURY_STATUS_ACTIVE,high
ESPN-CTX-20214d7cd0f011be7daaeab7,2026-09-28T13:05:32.501858-07:00,NFL,NFL,,Deonte Banks,,,,OUT,CB,,,,INJURY_AVAILABILITY,ESPN_PUBLIC,Out INJURY_STATUS_OUT Calf,high
ESPN-CTX-7bc19a75a452d261d0681e5a,2026-09-28T13:05:32.501858-07:00,NFL,NFL,,J.J. McCarthy,,,,ACTIVE,QB,,,,INJURY_AVAILABILITY,ESPN_PUBLIC,Active INJURY_STATUS_ACTIVE,high
ESPN-CTX-39a30918fff97245cdb37fe8,2026-09-28T13:05:32.501858-07:00,NFL,NFL,,Brian Burns,,,,OUT,LB,,,,INJURY_AVAILABILITY,ESPN_PUBLIC,Out INJURY_STATUS_OUT Knee - ACL,high
ESPN-CTX-38f67dbc92a71ffdbb5ac109,2026-09-28T13:05:32.501858-07:00,NFL,NFL,,Cam Skattebo,,,,ACTIVE,RB,,,,INJURY_AVAILABILITY,ESPN_PUBLIC,Active INJURY_STATUS_ACTIVE,high
ESPN-CTX-05653b8e4b7fdedb6ea010e4,2026-09-28T13:05:32.501858-07:00,NFL,NFL,,Ar'Darius Washington,,,,ACTIVE,S,,,,INJURY_AVAILABILITY,ESPN_PUBLIC,Active INJURY_STATUS_ACTIVE,high
ESPN-CTX-2afdf633fedf3e6b361b7357,2026-09-28T13:05:32.501858-07:00,NFL,NFL,,Braxton Berrios,,,,ACTIVE,WR,,,,INJURY_AVAILABILITY,ESPN_PUBLIC,Active INJURY_STATUS_ACTIVE,high
ESPN-CTX-3e014c10097c449c565a3c2f,2026-09-28T13:05:32.501858-07:00,NFL,NFL,,Jake Haener,,,,ACTIVE,QB,,,,INJURY_AVAILABILITY,ESPN_PUBLIC,Active INJURY_STATUS_ACTIVE,high
ESPN-CTX-a0e6aef1fbebef454ee18165,2026-09-28T13:05:32.501858-07:00,NFL,NFL,,Breece Hall,,,,QUESTIONABLE,RB,,,,INJURY_AVAILABILITY,ESPN_PUBLIC,Questionable INJURY_STATUS_QUESTIONABLE Thigh,high
ESPN-CTX-0f3b393087267bee0dba2b74,2026-09-28T13:05:32.501858-07:00,NFL,NFL,,Adonai Mitchell,,,,OUT,WR,,,,INJURY_AVAILABILITY,ESPN_PUBLIC,Out INJURY_STATUS_OUT Finger,high
ESPN-CTX-2045ba6c9f8040a9091524ec,2026-09-28T13:05:32.501858-07:00,NFL,NFL,,Nahshon Wright,,,,ACTIVE,CB,,,,INJURY_AVAILABILITY,ESPN_PUBLIC,Active INJURY_STATUS_ACTIVE,high
ESPN-CTX-28581aa38b34ad0a90dafb7b,2026-09-28T13:05:32.501858-07:00,NFL,NFL,,Dylan Parham,,,,QUESTIONABLE,G,,,,INJURY_AVAILABILITY,ESPN_PUBLIC,Questionable INJURY_STATUS_QUESTIONABLE Knee,high
ESPN-CTX-ea49dbf3bb52d7d9f9db621d,2026-09-28T13:05:32.501858-07:00,NFL,NFL,,Qwan'tez Stiggers,,,,ACTIVE,CB,,,,INJURY_AVAILABILITY,ESPN_PUBLIC,Active INJURY_STATUS_ACTIVE,high
ESPN-CTX-1f0e6ef03549f02a2fe3ef24,2026-09-28T13:05:32.501858-07:00,NFL,NFL,,Joseph Ossai,,,,ACTIVE,DE,,,,INJURY_AVAILABILITY,ESPN_PUBLIC,Active INJURY_STATUS_ACTIVE,high
ESPN-CTX-2e81441fc25abdf30b5b2f49,2026-09-28T13:05:32.501858-07:00,NFL,NFL,,Fred Johnson,,,,OUT,OT,,,,INJURY_AVAILABILITY,ESPN_PUBLIC,Out INJURY_STATUS_OUT Knee,high
ESPN-CTX-fd0044746e03148e83c8c8f3,2026-09-28T13:05:32.501858-07:00,NFL,NFL,,Hollywood Brown,,,,OUT,WR,,,,INJURY_AVAILABILITY,ESPN_PUBLIC,Out INJURY_STATUS_OUT Ankle,high
ESPN-CTX-7278cdf677cf288eba7bcb0c,2026-09-28T13:05:32.501858-07:00,NFL,NFL,,Will Shipley,,,,ACTIVE,RB,,,,INJURY_AVAILABILITY,ESPN_PUBLIC,Active INJURY_STATUS_ACTIVE,high
ESPN-CTX-72fe8f2ea923d9bed6d976dd,2026-09-28T13:05:32.501858-07:00,NFL,NFL,,Tank Bigsby,,,,ACTIVE,RB,,,,INJURY_AVAILABILITY,ESPN_PUBLIC,Active INJURY_STATUS_ACTIVE,high
ESPN-CTX-0592101885b031a6b4056ea4,2026-09-28T13:05:32.501858-07:00,NFL,NFL,,Dallas Goedert,,,,OUT,TE,,,,INJURY_AVAILABILITY,ESPN_PUBLIC,Out INJURY_STATUS_OUT Knee - MCL,high
ESPN-CTX-def664873264c120b036c9b9,2026-09-28T13:05:32.501858-07:00,NFL,NFL,,DeVonta Smith,,,,ACTIVE,WR,,,,INJURY_AVAILABILITY,ESPN_PUBLIC,Active INJURY_STATUS_ACTIVE,high
ESPN-CTX-76ad1578c8af49815a8e6cc0,2026-09-28T13:05:32.501858-07:00,NFL,NFL,,Joey Porter Jr.,,,,OUT,CB,,,,INJURY_AVAILABILITY,ESPN_PUBLIC,Out INJURY_STATUS_OUT Undisclosed,high
ESPN-CTX-ec736480631a382b2fc34c72,2026-09-28T13:05:32.501858-07:00,NFL,NFL,,Eli Heidenreich,,,,ACTIVE,RB,,,,INJURY_AVAILABILITY,ESPN_PUBLIC,Active INJURY_STATUS_ACTIVE,high
ESPN-CTX-15d6389bdc10d7e9e2df80ad,2026-09-28T13:05:32.501858-07:00,NFL,NFL,,Jaylen Warren,,,,ACTIVE,RB,,,,INJURY_AVAILABILITY,ESPN_PUBLIC,Active INJURY_STATUS_ACTIVE,high
ESPN-CTX-bb9a77860deb75263c54f8f9,2026-09-28T13:05:32.501858-07:00,NFL,NFL,,Brandin Echols,,,,QUESTIONABLE,CB,,,,INJURY_AVAILABILITY,ESPN_PUBLIC,Questionable INJURY_STATUS_QUESTIONABLE Concussion,high
ESPN-CTX-89d6469e11515f07d2fb5df3,2026-09-28T13:05:32.501858-07:00,NFL,NFL,,Jamel Dean,,,,ACTIVE,CB,,,,INJURY_AVAILABILITY,ESPN_PUBLIC,Active INJURY_STATUS_ACTIVE,high
ESPN-CTX-a3fc9563f8bc5a407865ca8f,2026-09-28T13:05:32.501858-07:00,NFL,NFL,,Michael Pittman Jr.,,,,ACTIVE,WR,,,,INJURY_AVAILABILITY,ESPN_PUBLIC,Active INJURY_STATUS_ACTIVE,high
ESPN-CTX-bfc2fe4d5f13976ef9c810f5,2026-09-28T13:05:32.501858-07:00,NFL,NFL,,Brock Hoffman,,,,ACTIVE,C,,,,INJURY_AVAILABILITY,ESPN_PUBLIC,Active INJURY_STATUS_ACTIVE,high
ESPN-CTX-52c38ce75dc7b898e4b6c341,2026-09-28T13:05:32.501858-07:00,NFL,NFL,,Max Iheanachor,,,,ACTIVE,OT,,,,INJURY_AVAILABILITY,ESPN_PUBLIC,Active INJURY_STATUS_ACTIVE,high
ESPN-CTX-d41a355f0c9b921b55293271,2026-09-28T13:05:32.501858-07:00,NFL,NFL,,Gennings Dunker,,,,IR/IL,G,,,,INJURY_AVAILABILITY,ESPN_PUBLIC,Injured Reserve INJURY_STATUS_IR Knee,high
ESPN-CTX-60dd29432affdf5ed4a6e7ba,2026-09-28T13:05:32.501858-07:00,NFL,NFL,,Lew Nichols,,,,ACTIVE,RB,,,,INJURY_AVAILABILITY,ESPN_PUBLIC,Active INJURY_STATUS_ACTIVE,high
ESPN-CTX-2b99c4401fc91ce63135fbcc,2026-09-28T13:05:32.501858-07:00,NFL,NFL,,Kurtis Rourke,,,,ACTIVE,QB,,,,INJURY_AVAILABILITY,ESPN_PUBLIC,Active INJURY_STATUS_ACTIVE,high
ESPN-CTX-3f308d2e645729dab73d01b9,2026-09-28T13:05:32.501858-07:00,NFL,NFL,,Mike Evans,,,,QUESTIONABLE,WR,,,,INJURY_AVAILABILITY,ESPN_PUBLIC,Questionable INJURY_STATUS_QUESTIONABLE Ribs,high
ESPN-CTX-9967d50b58d95c81b2860342,2026-09-28T13:05:32.501858-07:00,NFL,NFL,,Dre Greenlaw,,,,QUESTIONABLE,LB,,,,INJURY_AVAILABILITY,ESPN_PUBLIC,Questionable INJURY_STATUS_QUESTIONABLE Quadriceps,high
ESPN-CTX-91a5e2b3f058eb1027240ba9,2026-09-28T13:05:32.501858-07:00,NFL,NFL,,Renardo Green,,,,ACTIVE,CB,,,,INJURY_AVAILABILITY,ESPN_PUBLIC,Active INJURY_STATUS_ACTIVE,high
ESPN-CTX-36e93c340fd988b1a266600d,2026-09-28T13:05:32.501858-07:00,NFL,NFL,,Gracen Halton,,,,QUESTIONABLE,DT,,,,INJURY_AVAILABILITY,ESPN_PUBLIC,Questionable INJURY_STATUS_QUESTIONABLE Ankle,high
ESPN-CTX-5ca9eb44ac2d6541bbbb7b2f,2026-09-28T13:05:32.501858-07:00,NFL,NFL,,Trent Williams,,,,QUESTIONABLE,OT,,,,INJURY_AVAILABILITY,ESPN_PUBLIC,Questionable INJURY_STATUS_QUESTIONABLE Neck,high
ESPN-CTX-283ed8e054e5b65016b4bdc5,2026-09-28T13:05:32.501858-07:00,NFL,NFL,,Jack Jones,,,,ACTIVE,CB,,,,INJURY_AVAILABILITY,ESPN_PUBLIC,Active INJURY_STATUS_ACTIVE,high
ESPN-CTX-784202e5397f4dd105f83474,2026-09-28T13:05:32.501858-07:00,NFL,NFL,,Demarcus Robinson,,,,IR/IL,WR,,,,INJURY_AVAILABILITY,ESPN_PUBLIC,Injured Reserve INJURY_STATUS_IR Ankle,high
ESPN-CTX-d0b057c7dcfd468a88e91185,2026-09-28T13:05:32.501858-07:00,NFL,NFL,,Brandon Pili,,,,OUT,DT,,,,INJURY_AVAILABILITY,ESPN_PUBLIC,Out INJURY_STATUS_OUT Concussion,high
ESPN-CTX-63936e1ecf4eccbf6b1ecd39,2026-09-28T13:05:32.501858-07:00,NFL,NFL,,Jalen Milroe,,,,ACTIVE,QB,,,,INJURY_AVAILABILITY,ESPN_PUBLIC,Active INJURY_STATUS_ACTIVE,high
ESPN-CTX-434873f270445aae6d10da89,2026-09-28T13:05:32.501858-07:00,NFL,NFL,,Avery Smith,,,,ACTIVE,CB,,,,INJURY_AVAILABILITY,ESPN_PUBLIC,Active INJURY_STATUS_ACTIVE,high
ESPN-CTX-6d886618af2b7becb2b81054,2026-09-28T13:05:32.501858-07:00,NFL,NFL,,Velus Jones Jr.,,,,ACTIVE,RB,,,,INJURY_AVAILABILITY,ESPN_PUBLIC,Active INJURY_STATUS_ACTIVE,high
ESPN-CTX-4bbd74ba2dd8045a0e2d6def,2026-09-28T13:05:32.501858-07:00,NFL,NFL,,Rakeem Nunez-Roches,,,,ACTIVE,DT,,,,INJURY_AVAILABILITY,ESPN_PUBLIC,Active INJURY_STATUS_ACTIVE,high
ESPN-CTX-fc2452e35ca41b6e904ed7b8,2026-09-28T13:05:32.501858-07:00,NFL,NFL,,Jalon Daniels,,,,ACTIVE,QB,,,,INJURY_AVAILABILITY,ESPN_PUBLIC,Active INJURY_STATUS_ACTIVE,high
ESPN-CTX-1eb6190c97db967e4c62893a,2026-09-28T13:05:32.501858-07:00,NFL,NFL,,Baker Mayfield,,,,OUT,QB,,,,INJURY_AVAILABILITY,ESPN_PUBLIC,Out INJURY_STATUS_OUT Thumb,high
ESPN-CTX-352ee0ac39c41921e6062b76,2026-09-28T13:05:32.501858-07:00,NFL,NFL,,Jalen McMillan,,,,QUESTIONABLE,WR,,,,INJURY_AVAILABILITY,ESPN_PUBLIC,Questionable INJURY_STATUS_QUESTIONABLE Knee,high
ESPN-CTX-d3fee3ffefd6eff6a190d99c,2026-09-28T13:05:32.501858-07:00,NFL,NFL,,SirVocea Dennis,,,,ACTIVE,LB,,,,INJURY_AVAILABILITY,ESPN_PUBLIC,Active INJURY_STATUS_ACTIVE,high
ESPN-CTX-197079d12902c997ee869d3d,2026-09-28T13:05:32.501858-07:00,NFL,NFL,,Jaylon Jones,,,,ACTIVE,CB,,,,INJURY_AVAILABILITY,ESPN_PUBLIC,Active INJURY_STATUS_ACTIVE,high
ESPN-CTX-79023a11b720c12e90387fae,2026-09-28T13:05:32.501858-07:00,NFL,NFL,,Jackson Slater,,,,QUESTIONABLE,G,,,,INJURY_AVAILABILITY,ESPN_PUBLIC,Questionable INJURY_STATUS_QUESTIONABLE Foot,high
ESPN-CTX-a8fa009f3ad416459dc019f3,2026-09-28T13:05:32.501858-07:00,NFL,NFL,,Fernando Carmona,,,,QUESTIONABLE,G,,,,INJURY_AVAILABILITY,ESPN_PUBLIC,Questionable INJURY_STATUS_QUESTIONABLE Ankle,high
ESPN-CTX-b88ae137f585c3ce3bcba3aa,2026-09-28T13:05:32.501858-07:00,NFL,NFL,,Tyjae Spears,,,,ACTIVE,RB,,,,INJURY_AVAILABILITY,ESPN_PUBLIC,Active INJURY_STATUS_ACTIVE,high
ESPN-CTX-5fd7f38f967ceaf446af2a08,2026-09-28T13:05:32.501858-07:00,NFL,NFL,,Cor'Dale Flott,,,,ACTIVE,CB,,,,INJURY_AVAILABILITY,ESPN_PUBLIC,Active INJURY_STATUS_ACTIVE,high
ESPN-CTX-4d33555fe31522813e95e7b7,2026-09-28T13:05:32.501858-07:00,NFL,NFL,,Javontae Jean-Baptiste,,,,ACTIVE,LB,,,,INJURY_AVAILABILITY,ESPN_PUBLIC,Active INJURY_STATUS_ACTIVE,high
ESPN-CTX-5d6604f052b5a9f0a9998f21,2026-09-28T13:05:32.501858-07:00,NFL,NFL,,Nick Cross,,,,OUT,S,,,,INJURY_AVAILABILITY,ESPN_PUBLIC,Out INJURY_STATUS_OUT Illness,high
ESPN-CTX-00286809d34af63ec003e778,2026-09-28T13:05:32.501858-07:00,NFL,NFL,,Rachaad White,,,,ACTIVE,RB,,,,INJURY_AVAILABILITY,ESPN_PUBLIC,Active INJURY_STATUS_ACTIVE,high
ESPN-CTX-1169e60d6456ed2f2d47f551,2026-09-28T13:05:32.501858-07:00,NFL,NFL,,Terry McLaurin,,,,ACTIVE,WR,,,,INJURY_AVAILABILITY,ESPN_PUBLIC,Active INJURY_STATUS_ACTIVE,high
ESPN-CTX-87d81a812975c07bf50803ca,2026-09-28T13:05:32.501858-07:00,NFL,NFL,,Jacory Croskey-Merritt,,,,ACTIVE,RB,,,,INJURY_AVAILABILITY,ESPN_PUBLIC,Active INJURY_STATUS_ACTIVE,high
ESPN-CTX-eaf1a21b684eb80a56c8d7ad,2026-09-28T13:05:32.501858-07:00,NFL,NFL,,Leo Chenal,,,,OUT,LB,,,,INJURY_AVAILABILITY,ESPN_PUBLIC,Out INJURY_STATUS_OUT Neck,high
ESPN-CTX-bd21066379fc5296959b7f08,2026-09-29T14:30:29.538752-07:00,MLB,MLB,,Gabriel Moreno,,,,DAY-TO-DAY INJURY_STATUS_DAYTODAY HAMSTRING,C,,,,INJURY_AVAILABILITY,ESPN_PUBLIC,Day-To-Day INJURY_STATUS_DAYTODAY Hamstring,high
ESPN-CTX-a71be09bbd748d5efc6cc14e,2026-09-29T14:30:29.538752-07:00,MLB,MLB,,Reed Trimble,,,,DAY-TO-DAY INJURY_STATUS_DAYTODAY HAMSTRING,LF,,,,INJURY_AVAILABILITY,ESPN_PUBLIC,Day-To-Day INJURY_STATUS_DAYTODAY Hamstring,high
ESPN-CTX-11be015c3f8a3e974d2edaac,2026-09-29T14:30:29.538752-07:00,MLB,MLB,,Cameron Foster,,,,DAY-TO-DAY INJURY_STATUS_DAYTODAY SHOULDER,RP,,,,INJURY_AVAILABILITY,ESPN_PUBLIC,Day-To-Day INJURY_STATUS_DAYTODAY Shoulder,high
ESPN-CTX-c40a25f6b456cb9809956db7,2026-09-29T14:30:29.538752-07:00,MLB,MLB,,Mickey Gasper,,,,IR/IL,DH,,,,INJURY_AVAILABILITY,ESPN_PUBLIC,10-Day-IL INJURY_STATUS_10DAYIL Biceps,high
ESPN-CTX-16bd66cf16ba91b2434da61f,2026-09-29T14:30:29.538752-07:00,MLB,MLB,,Romy Gonzalez,,,,DAY-TO-DAY INJURY_STATUS_DAYTODAY ELBOW,DH,,,,INJURY_AVAILABILITY,ESPN_PUBLIC,Day-To-Day INJURY_STATUS_DAYTODAY Elbow,high
ESPN-CTX-77b5b300601ec7dceb285981,2026-09-29T14:30:29.538752-07:00,MLB,MLB,,Justin Slaten,,,,IR/IL,RP,,,,INJURY_AVAILABILITY,ESPN_PUBLIC,60-Day-IL INJURY_STATUS_60DAYIL Elbow,high
ESPN-CTX-035c3f8891cac7dadfc501b5,2026-09-29T14:30:29.538752-07:00,MLB,MLB,,Eli White,,,,IR/IL,CF,,,,INJURY_AVAILABILITY,ESPN_PUBLIC,60-Day-IL INJURY_STATUS_60DAYIL Foot,high
ESPN-CTX-434bbc9be4211749dd9aa19d,2026-09-29T14:30:29.538752-07:00,MLB,MLB,,Tyron Guerrero,,,,IR/IL,RP,,,,INJURY_AVAILABILITY,ESPN_PUBLIC,15-Day-IL INJURY_STATUS_15DAYIL Shoulder,high
ESPN-CTX-0c3088a3ea2b669efd3dde71,2026-09-29T14:30:29.538752-07:00,MLB,MLB,,Kristian Campbell,,,,DAY-TO-DAY INJURY_STATUS_DAYTODAY FOOT,OF,,,,INJURY_AVAILABILITY,ESPN_PUBLIC,Day-To-Day INJURY_STATUS_DAYTODAY Foot,high
ESPN-CTX-c333c6ec78697f90ed0d443c,2026-09-29T14:30:29.538752-07:00,MLB,MLB,,Andrew Walters,,,,OUT,RP,,,,INJURY_AVAILABILITY,ESPN_PUBLIC,Out INJURY_STATUS_OUT Elbow,high
ESPN-CTX-6ae90230a9d65569ed093b61,2026-09-29T14:30:29.538752-07:00,MLB,MLB,,Jake Miller,,,,DAY-TO-DAY INJURY_STATUS_DAYTODAY UNDISCLOSED,SP,,,,INJURY_AVAILABILITY,ESPN_PUBLIC,Day-To-Day INJURY_STATUS_DAYTODAY Undisclosed,high
ESPN-CTX-2ec9c4b06a960158903b21f8,2026-09-29T14:30:29.538752-07:00,MLB,MLB,,Ethan Pecko,,,,DAY-TO-DAY INJURY_STATUS_DAYTODAY HIP,SP,,,,INJURY_AVAILABILITY,ESPN_PUBLIC,Day-To-Day INJURY_STATUS_DAYTODAY Hip,high
ESPN-CTX-6f2273ca269057a52e94ad64,2026-09-29T14:30:29.538752-07:00,MLB,MLB,,Steven Cruz,,,,OUT,RP,,,,INJURY_AVAILABILITY,ESPN_PUBLIC,Out INJURY_STATUS_OUT Personal,high
ESPN-CTX-322058e5ce99c78185755cc9,2026-09-29T14:30:29.538752-07:00,MLB,MLB,,Tony Gonsolin,,,,IR/IL,SP,,,,INJURY_AVAILABILITY,ESPN_PUBLIC,15-Day-IL INJURY_STATUS_15DAYIL Illness,high
ESPN-CTX-0e7050efb2903eef7fe85a04,2026-09-29T14:30:29.538752-07:00,MLB,MLB,,Mitch Spence,,,,DAY-TO-DAY INJURY_STATUS_DAYTODAY UNDISCLOSED,RP,,,,INJURY_AVAILABILITY,ESPN_PUBLIC,Day-To-Day INJURY_STATUS_DAYTODAY Undisclosed,high
ESPN-CTX-1a0e30e839d277f565023849,2026-09-29T14:30:29.538752-07:00,MLB,MLB,,Ryan Bergert,,,,DAY-TO-DAY INJURY_STATUS_DAYTODAY ELBOW,SP,,,,INJURY_AVAILABILITY,ESPN_PUBLIC,Day-To-Day INJURY_STATUS_DAYTODAY Elbow,high
ESPN-CTX-0e24c9721697f93d96cdf593,2026-09-29T14:30:29.538752-07:00,MLB,MLB,,Blake Treinen,,,,IR/IL,RP,,,,INJURY_AVAILABILITY,ESPN_PUBLIC,15-Day-IL INJURY_STATUS_15DAYIL Shoulder,high
ESPN-CTX-99cb3a5a23c8fe6b31aefada,2026-09-29T14:30:29.538752-07:00,MLB,MLB,,Jakob Marsee,,,,OUT,CF,,,,INJURY_AVAILABILITY,ESPN_PUBLIC,Out INJURY_STATUS_OUT Elbow,high
ESPN-CTX-44b68a6daed41024c9522f12,2026-09-29T14:30:29.538752-07:00,MLB,MLB,,Jonathan Pintaro,,,,IR/IL,RP,,,,INJURY_AVAILABILITY,ESPN_PUBLIC,15-Day-IL INJURY_STATUS_15DAYIL Illness,high
ESPN-CTX-0bb518964d8d869d71f903b5,2026-09-29T14:30:29.538752-07:00,MLB,MLB,,Rodolfo Duran,,,,IR/IL,C,,,,INJURY_AVAILABILITY,ESPN_PUBLIC,60-Day-IL INJURY_STATUS_60DAYIL Forearm,high
ESPN-CTX-d007bcdeacfb040159c270b8,2026-09-29T14:30:29.538752-07:00,MLB,MLB,,Casey Mize,,,,IR/IL,SP,,,,INJURY_AVAILABILITY,ESPN_PUBLIC,15-Day-IL INJURY_STATUS_15DAYIL Ankle,high
ESPN-CTX-5c1a70e647c03719e36ddaec,2026-09-29T14:30:29.538752-07:00,MLB,MLB,,Rowan Wick,,,,IR/IL,RP,,,,INJURY_AVAILABILITY,ESPN_PUBLIC,60-Day-IL INJURY_STATUS_60DAYIL Elbow,high
ESPN-CTX-463639ec21ea114df560edcd,2026-09-29T14:30:29.538752-07:00,MLB,MLB,,Hayden Birdsong,,,,IR/IL,RP,,,,INJURY_AVAILABILITY,ESPN_PUBLIC,60-Day-IL INJURY_STATUS_60DAYIL Elbow,high
ESPN-CTX-6326371dbe2f897a02cd90bd,2026-09-29T14:30:29.538752-07:00,MLB,MLB,,Jose Butto,,,,IR/IL,RP,,,,INJURY_AVAILABILITY,ESPN_PUBLIC,60-Day-IL INJURY_STATUS_60DAYIL Arm,high
ESPN-CTX-223632529f2aed9ac1ddd7a5,2026-09-29T14:30:29.538752-07:00,MLB,MLB,,Kade Anderson,,,,DAY-TO-DAY INJURY_STATUS_DAYTODAY FOREARM,SP,,,,INJURY_AVAILABILITY,ESPN_PUBLIC,Day-To-Day INJURY_STATUS_DAYTODAY Forearm,high
ESPN-CTX-2d0e9c15428697e410bcb098,2026-09-29T14:30:29.538752-07:00,MLB,MLB,,Hunter Dobbins,,,,OUT,SP,,,,INJURY_AVAILABILITY,ESPN_PUBLIC,Out INJURY_STATUS_OUT Elbow,high
ESPN-CTX-886c89c322f142d5649f5bfa,2026-09-29T14:30:29.538752-07:00,MLB,MLB,,Richard Fitts,,,,DAY-TO-DAY INJURY_STATUS_DAYTODAY LAT,SP,,,,INJURY_AVAILABILITY,ESPN_PUBLIC,Day-To-Day INJURY_STATUS_DAYTODAY Lat,high
ESPN-CTX-77dd9f1488870864c86df7f4,2026-09-29T14:30:29.538752-07:00,MLB,MLB,,Masyn Winn,,,,OUT,SS,,,,INJURY_AVAILABILITY,ESPN_PUBLIC,Out INJURY_STATUS_OUT Thumb,high
ESPN-CTX-e897522c391b7d2b40c5843b,2026-09-29T14:30:29.538752-07:00,MLB,MLB,,Tekoah Roby,,,,DAY-TO-DAY INJURY_STATUS_DAYTODAY ELBOW,SP,,,,INJURY_AVAILABILITY,ESPN_PUBLIC,Day-To-Day INJURY_STATUS_DAYTODAY Elbow,high
ESPN-CTX-f41ffdb0dfb3e324ad6e44d2,2026-09-29T14:30:29.538752-07:00,MLB,MLB,,Griffin Jax,,,,DAY-TO-DAY INJURY_STATUS_DAYTODAY BACK,SP,,,,INJURY_AVAILABILITY,ESPN_PUBLIC,Day-To-Day INJURY_STATUS_DAYTODAY Back,high
ESPN-CTX-16480891c0f5c0b0242be7fa,2026-09-29T14:30:29.538752-07:00,MLB,MLB,,Corey Seager,,,,OUT,SS,,,,INJURY_AVAILABILITY,ESPN_PUBLIC,Out INJURY_STATUS_OUT Elbow,high
ESPN-CTX-3c679934633c9b091e88025a,2026-09-29T14:30:29.538752-07:00,NFL,NFL,,Samson Ebukam,,,,QUESTIONABLE,DE,,,,INJURY_AVAILABILITY,ESPN_PUBLIC,Questionable INJURY_STATUS_QUESTIONABLE Hamstring,high
ESPN-CTX-a3155506fac5df72a97f62f5,2026-09-29T14:30:29.538752-07:00,NFL,NFL,,Ethan Pocic,,,,OUT,C,,,,INJURY_AVAILABILITY,ESPN_PUBLIC,Out INJURY_STATUS_OUT Knee,high
ESPN-CTX-03690a838e00368c1ad35c47,2026-09-29T14:30:29.538752-07:00,NFL,NFL,,Jovaughn Gwyn,,,,OUT,G,,,,INJURY_AVAILABILITY,ESPN_PUBLIC,Out INJURY_STATUS_OUT Ankle,high
ESPN-CTX-be1c8734e10b3a8f309f3f00,2026-09-29T14:30:29.538752-07:00,NFL,NFL,,T.J. Sanders,,,,DOUBTFUL,DT,,,,INJURY_AVAILABILITY,ESPN_PUBLIC,Doubtful INJURY_STATUS_DOUBTFUL,high
ESPN-CTX-3bf8030dfaa787cf7e635467,2026-09-29T14:30:29.538752-07:00,NFL,NFL,,Phidarian Mathis,,,,ACTIVE,DT,,,,INJURY_AVAILABILITY,ESPN_PUBLIC,Active INJURY_STATUS_ACTIVE,high
ESPN-CTX-833f5eb2166ea0250424b7fb,2026-09-29T14:30:29.538752-07:00,NFL,NFL,,Josh Allen,,,,QUESTIONABLE,QB,,,,INJURY_AVAILABILITY,ESPN_PUBLIC,Questionable INJURY_STATUS_QUESTIONABLE Knee,high
ESPN-CTX-3a5ba804d7f4ebce1ef616f3,2026-09-29T14:30:29.538752-07:00,NFL,NFL,,Damien Lewis,,,,DOUBTFUL,G,,,,INJURY_AVAILABILITY,ESPN_PUBLIC,Doubtful INJURY_STATUS_DOUBTFUL Elbow,high
ESPN-CTX-d3f697cf8d3a560b001b6591,2026-09-29T14:30:29.538752-07:00,NFL,NFL,,Cam Lewis,,,,QUESTIONABLE,CB,,,,INJURY_AVAILABILITY,ESPN_PUBLIC,Questionable INJURY_STATUS_QUESTIONABLE Leg,high
ESPN-CTX-cfb2806d5ff804141ce39b45,2026-09-29T14:30:29.538752-07:00,NFL,NFL,,Braxton Jones,,,,QUESTIONABLE,OT,,,,INJURY_AVAILABILITY,ESPN_PUBLIC,Questionable INJURY_STATUS_QUESTIONABLE Knee,high
ESPN-CTX-ead94a9270583e4626688695,2026-09-29T14:30:29.538752-07:00,NFL,NFL,,Isaiah Nwokobia,,,,ACTIVE,S,,,,INJURY_AVAILABILITY,ESPN_PUBLIC,Active INJURY_STATUS_ACTIVE,high
ESPN-CTX-1c52bce7abc888f310dcfb14,2026-09-29T14:30:29.538752-07:00,NFL,NFL,,Jalen Davis,,,,IR/IL,CB,,,,INJURY_AVAILABILITY,ESPN_PUBLIC,Injured Reserve INJURY_STATUS_IR Hamstring,high
ESPN-CTX-49c23cf14e660d1abb1c4651,2026-09-29T14:30:29.538752-07:00,NFL,NFL,,Colbie Young,,,,OUT,WR,,,,INJURY_AVAILABILITY,ESPN_PUBLIC,Out INJURY_STATUS_OUT Knee,high
ESPN-CTX-d67474f6cca61759f45d46f5,2026-09-29T14:30:29.538752-07:00,NFL,NFL,,Tyson Campbell,,,,QUESTIONABLE,CB,,,,INJURY_AVAILABILITY,ESPN_PUBLIC,Questionable INJURY_STATUS_QUESTIONABLE Knee,high
ESPN-CTX-e911415971d71fca973bc245,2026-09-29T14:30:29.538752-07:00,NFL,NFL,,Tylan Wallace,,,,QUESTIONABLE,WR,,,,INJURY_AVAILABILITY,ESPN_PUBLIC,Questionable INJURY_STATUS_QUESTIONABLE Knee,high
ESPN-CTX-524dd225c9aa9ab248e2351b,2026-09-29T14:30:29.538752-07:00,NFL,NFL,,Tytus Howard,,,,QUESTIONABLE,OT,,,,INJURY_AVAILABILITY,ESPN_PUBLIC,Questionable INJURY_STATUS_QUESTIONABLE Knee,high
ESPN-CTX-dd9ef9485ae7553d3d75eb63,2026-09-29T14:30:29.538752-07:00,NFL,NFL,,Elgton Jenkins,,,,QUESTIONABLE,C,,,,INJURY_AVAILABILITY,ESPN_PUBLIC,Questionable INJURY_STATUS_QUESTIONABLE Concussion,high
ESPN-CTX-26ed9797fc6032a07c9ff59e,2026-09-29T14:30:29.538752-07:00,NFL,NFL,,DeMarvion Overshown,,,,QUESTIONABLE,LB,,,,INJURY_AVAILABILITY,ESPN_PUBLIC,Questionable INJURY_STATUS_QUESTIONABLE Hamstring,high
ESPN-CTX-1329646f5c92819aac4c2ff4,2026-09-29T14:30:29.538752-07:00,NFL,NFL,,Cobie Durant,,,,DOUBTFUL,CB,,,,INJURY_AVAILABILITY,ESPN_PUBLIC,Doubtful INJURY_STATUS_DOUBTFUL Hamstring,high
ESPN-CTX-75810be05ec7d9179584ad36,2026-09-29T14:30:29.538752-07:00,NFL,NFL,,Malik Hooker,,,,QUESTIONABLE,S,,,,INJURY_AVAILABILITY,ESPN_PUBLIC,Questionable INJURY_STATUS_QUESTIONABLE Forearm,high
ESPN-CTX-c8110ddeae1593e746833d51,2026-09-29T14:30:29.538752-07:00,NFL,NFL,,Shavon Revel Jr.,,,,QUESTIONABLE,CB,,,,INJURY_AVAILABILITY,ESPN_PUBLIC,Questionable INJURY_STATUS_QUESTIONABLE Knee,high
ESPN-CTX-c5e8dede191fcc6728b3b4e9,2026-09-29T14:30:29.538752-07:00,NFL,NFL,,Jonathan Bullard,,,,OUT,DT,,,,INJURY_AVAILABILITY,ESPN_PUBLIC,Out INJURY_STATUS_OUT Calf,high
ESPN-CTX-1d218a109bf85715b2a018cf,2026-09-29T14:30:29.538752-07:00,NFL,NFL,,Jalen Thompson,,,,OUT,S,,,,INJURY_AVAILABILITY,ESPN_PUBLIC,Out INJURY_STATUS_OUT Hamstring,high
ESPN-CTX-2a615819a25aa8e98151f841,2026-09-29T14:30:29.538752-07:00,NFL,NFL,,Cade Mays,,,,IR/IL,C,,,,INJURY_AVAILABILITY,ESPN_PUBLIC,Injured Reserve INJURY_STATUS_IR Wrist,high
ESPN-CTX-226d8d838d68cb434b9a0b6d,2026-09-29T14:30:29.538752-07:00,NFL,NFL,,Aaron Banks,,,,QUESTIONABLE,G,,,,INJURY_AVAILABILITY,ESPN_PUBLIC,Questionable INJURY_STATUS_QUESTIONABLE Toe,high
ESPN-CTX-4ee04c9a77d7eb1983064d5b,2026-09-29T14:30:29.538752-07:00,NFL,NFL,,Warren Brinson,,,,QUESTIONABLE,DT,,,,INJURY_AVAILABILITY,ESPN_PUBLIC,Questionable INJURY_STATUS_QUESTIONABLE Calf,high
ESPN-CTX-b74622218e49cbf195604740,2026-09-29T14:30:29.538752-07:00,NFL,NFL,,Anthony Campbell,,,,QUESTIONABLE,DT,,,,INJURY_AVAILABILITY,ESPN_PUBLIC,Questionable INJURY_STATUS_QUESTIONABLE Ankle,high
ESPN-CTX-99bf01d4d64eb8700c4ab090,2026-09-29T14:30:29.538752-07:00,NFL,NFL,,Zach Bako-Bewele,,,,IR/IL,OT,,,,INJURY_AVAILABILITY,ESPN_PUBLIC,Injured Reserve INJURY_STATUS_IR Knee,high
ESPN-CTX-801eb35e939d28d235a1a188,2026-09-29T14:30:29.538752-07:00,NFL,NFL,,Jayden Reed,,,,DOUBTFUL,WR,,,,INJURY_AVAILABILITY,ESPN_PUBLIC,Doubtful INJURY_STATUS_DOUBTFUL Neck,high
ESPN-CTX-622c810b552be4e4790eb0ed,2026-09-29T14:30:29.538752-07:00,NFL,NFL,,Albert Regis,,,,QUESTIONABLE,DT,,,,INJURY_AVAILABILITY,ESPN_PUBLIC,Questionable INJURY_STATUS_QUESTIONABLE Elbow,high
ESPN-CTX-36101cde4509f9c516b07e0b,2026-09-29T14:30:29.538752-07:00,NFL,NFL,,Josh Simmons,,,,QUESTIONABLE,OT,,,,INJURY_AVAILABILITY,ESPN_PUBLIC,Questionable INJURY_STATUS_QUESTIONABLE Back,high
ESPN-CTX-a1da09d3ee7f6ac92cba6749,2026-09-29T14:30:29.538752-07:00,NFL,NFL,,Chamarri Conner,,,,QUESTIONABLE,S,,,,INJURY_AVAILABILITY,ESPN_PUBLIC,Questionable INJURY_STATUS_QUESTIONABLE Knee,high
ESPN-CTX-ff8dda4144c26b23b772bfd2,2026-09-29T14:30:29.538752-07:00,NFL,NFL,,Justin Shorter,,,,QUESTIONABLE,WR,,,,INJURY_AVAILABILITY,ESPN_PUBLIC,Questionable INJURY_STATUS_QUESTIONABLE Undisclosed,high
ESPN-CTX-15ee4ef0482d96f07052b75f,2026-09-29T14:30:29.538752-07:00,NFL,NFL,,Jack Bech,,,,IR/IL,WR,,,,INJURY_AVAILABILITY,ESPN_PUBLIC,Injured Reserve INJURY_STATUS_IR Forearm,high
ESPN-CTX-e90a90c86559f4779143290d,2026-09-29T14:30:29.538752-07:00,NFL,NFL,,Dalvin Tomlinson,,,,QUESTIONABLE,DT,,,,INJURY_AVAILABILITY,ESPN_PUBLIC,Questionable INJURY_STATUS_QUESTIONABLE Hamstring,high
ESPN-CTX-114032011be4ccb1fbb88315,2026-09-29T14:30:29.538752-07:00,NFL,NFL,,Charlie Kolar,,,,DOUBTFUL,TE,,,,INJURY_AVAILABILITY,ESPN_PUBLIC,Doubtful INJURY_STATUS_DOUBTFUL Forearm,high
ESPN-CTX-bf08398ee5388779fd156cca,2026-09-29T14:30:29.538752-07:00,NFL,NFL,,Kayode Awosika,,,,QUESTIONABLE,G,,,,INJURY_AVAILABILITY,ESPN_PUBLIC,Questionable INJURY_STATUS_QUESTIONABLE Lower Leg,high
ESPN-CTX-e1485417ae629cb443fb8cbd,2026-09-29T14:30:29.538752-07:00,NFL,NFL,,Jaylen Watson,,,,DOUBTFUL,CB,,,,INJURY_AVAILABILITY,ESPN_PUBLIC,Doubtful INJURY_STATUS_DOUBTFUL Shoulder,high
ESPN-CTX-f1c608bcaf4fe05f54301afd,2026-09-29T14:30:29.538752-07:00,NFL,NFL,,Colby Parkinson,,,,QUESTIONABLE,TE,,,,INJURY_AVAILABILITY,ESPN_PUBLIC,Questionable INJURY_STATUS_QUESTIONABLE Shoulder - AC Joint,high
ESPN-CTX-5674401bd998588638aa0c2a,2026-09-29T14:30:29.538752-07:00,NFL,NFL,,Terrance Ferguson,,,,DOUBTFUL,TE,,,,INJURY_AVAILABILITY,ESPN_PUBLIC,Doubtful INJURY_STATUS_DOUBTFUL Ankle,high
ESPN-CTX-bcd3b700c561c76d8b2d2da4,2026-09-29T14:30:29.538752-07:00,NFL,NFL,,James Ester,,,,ACTIVE,G,,,,INJURY_AVAILABILITY,ESPN_PUBLIC,Active INJURY_STATUS_ACTIVE,high
ESPN-CTX-d54383b86b0f68eea152a167,2026-09-29T14:30:29.538752-07:00,NFL,NFL,,De'Von Achane,,,,IR/IL,RB,,,,INJURY_AVAILABILITY,ESPN_PUBLIC,Injured Reserve INJURY_STATUS_IR Knee - ACL,high
ESPN-CTX-46d4275a0a3667762268b7cc,2026-09-29T14:30:29.538752-07:00,NFL,NFL,,Max Brosmer,,,,ACTIVE,QB,,,,INJURY_AVAILABILITY,ESPN_PUBLIC,Active INJURY_STATUS_ACTIVE,high
ESPN-CTX-32790e48eba7ea8dab0f5da6,2026-09-29T14:30:29.538752-07:00,NFL,NFL,,Charles Demmings,,,,OUT,CB,,,,INJURY_AVAILABILITY,ESPN_PUBLIC,Out INJURY_STATUS_OUT Hamstring,high
ESPN-CTX-99494e93b2adf68cd6d9336c,2026-09-29T14:30:29.538752-07:00,NFL,NFL,,Jeshaun Jones,,,,ACTIVE,WR,,,,INJURY_AVAILABILITY,ESPN_PUBLIC,Active INJURY_STATUS_ACTIVE,high
ESPN-CTX-e615c855b0e58c5b27039a2b,2026-09-29T14:30:29.538752-07:00,NFL,NFL,,Greg Van Roten,,,,IR/IL,G,,,,INJURY_AVAILABILITY,ESPN_PUBLIC,Injured Reserve INJURY_STATUS_IR Thigh,high
ESPN-CTX-a3bb5bad4c92f2627770eeef,2026-09-29T14:30:29.538752-07:00,NFL,NFL,,Brian Burns,,,,IR/IL,LB,,,,INJURY_AVAILABILITY,ESPN_PUBLIC,Injured Reserve INJURY_STATUS_IR Knee - ACL,high
ESPN-CTX-3e62f8a9cd01f01d6fd1f703,2026-09-29T14:30:29.538752-07:00,NFL,NFL,,Mason Taylor,,,,QUESTIONABLE,TE,,,,INJURY_AVAILABILITY,ESPN_PUBLIC,Questionable INJURY_STATUS_QUESTIONABLE Thumb,high
ESPN-CTX-4a5af602bab01658256a794b,2026-09-29T14:30:29.538752-07:00,NFL,NFL,,Fred Johnson,,,,QUESTIONABLE,OT,,,,INJURY_AVAILABILITY,ESPN_PUBLIC,Questionable INJURY_STATUS_QUESTIONABLE Knee,high
ESPN-CTX-a8c7456ced2958ba45e01ec7,2026-09-29T14:30:29.538752-07:00,NFL,NFL,,Tanner McKee,,,,OUT,QB,,,,INJURY_AVAILABILITY,ESPN_PUBLIC,Out INJURY_STATUS_OUT Coach's Decision,high
ESPN-CTX-400aa0cdd19d3a9246376feb,2026-09-29T14:30:29.538752-07:00,NFL,NFL,,Jonathan Greenard,,,,ACTIVE,LB,,,,INJURY_AVAILABILITY,ESPN_PUBLIC,Active INJURY_STATUS_ACTIVE,high
ESPN-CTX-0f3e8da9dd56f58eace0d85b,2026-09-29T14:30:29.538752-07:00,NFL,NFL,,Cole Payton,,,,OUT,QB,,,,INJURY_AVAILABILITY,ESPN_PUBLIC,Out INJURY_STATUS_OUT Coach's Decision,high
ESPN-CTX-d5eecf3de26dc88b0fc8548c,2026-09-29T14:30:29.538752-07:00,NFL,NFL,,AJ Epenesa,,,,OUT,DE,,,,INJURY_AVAILABILITY,ESPN_PUBLIC,Out INJURY_STATUS_OUT Coach's Decision,high
ESPN-CTX-4284c1d7d7ba4e08b0663c38,2026-09-29T14:30:29.538752-07:00,NFL,NFL,,Jalen Ramsey,,,,QUESTIONABLE,CB,,,,INJURY_AVAILABILITY,ESPN_PUBLIC,Questionable INJURY_STATUS_QUESTIONABLE Wrist,high
ESPN-CTX-1d38aab72d54ec747b7fa250,2026-09-29T14:30:29.538752-07:00,NFL,NFL,,Joey Porter Jr.,,,,ACTIVE,CB,,,,INJURY_AVAILABILITY,ESPN_PUBLIC,Active INJURY_STATUS_ACTIVE,high
ESPN-CTX-13fc38c318e7a0545289d3bc,2026-09-29T14:30:29.538752-07:00,NFL,NFL,,KhaDarel Hodge,,,,ACTIVE,WR,,,,INJURY_AVAILABILITY,ESPN_PUBLIC,Active INJURY_STATUS_ACTIVE,high
ESPN-CTX-20b6274181abc07d0a601a4d,2026-09-29T14:30:29.538752-07:00,NFL,NFL,,Jacob Cowing,,,,ACTIVE,WR,,,,INJURY_AVAILABILITY,ESPN_PUBLIC,Active INJURY_STATUS_ACTIVE,high
ESPN-CTX-17aee63407af58276d33ffce,2026-09-29T14:30:29.538752-07:00,NFL,NFL,,Jalen McMillan,,,,OUT,WR,,,,INJURY_AVAILABILITY,ESPN_PUBLIC,Out INJURY_STATUS_OUT Knee - PCL,high
ESPN-CTX-2ac95a28fbe5169c6c06516d,2026-09-29T14:30:29.538752-07:00,NFL,NFL,,Fernando Carmona,,,,IR/IL,G,,,,INJURY_AVAILABILITY,ESPN_PUBLIC,Injured Reserve INJURY_STATUS_IR Ankle,high
ESPN-CTX-d9320c67ef75b834e5aed49e,2026-09-29T14:30:29.538752-07:00,NFL,NFL,,Jackson Slater,,,,IR/IL,G,,,,INJURY_AVAILABILITY,ESPN_PUBLIC,Injured Reserve INJURY_STATUS_IR Foot,high
ESPN-CTX-01499fee6aa0b4483fcc4529,2026-09-29T14:30:29.538752-07:00,NFL,NFL,,Marvin Jones Jr.,,,,OUT,LB,,,,INJURY_AVAILABILITY,ESPN_PUBLIC,Out INJURY_STATUS_OUT Undisclosed,high
ESPN-CTX-ebe2024ee7c57fc0ee852168,2026-09-29T14:30:29.538752-07:00,NFL,NFL,,Leo Chenal,,,,IR/IL,LB,,,,INJURY_AVAILABILITY,ESPN_PUBLIC,Injured Reserve INJURY_STATUS_IR Neck,high
ESPN-CTX-4e5f472ae7f60b4df8c560cf,2026-09-29T14:30:29.538752-07:00,NFL,NFL,,Nick Cross,,,,DOUBTFUL,S,,,,INJURY_AVAILABILITY,ESPN_PUBLIC,Doubtful INJURY_STATUS_DOUBTFUL Illness,high
ESPN-CTX-97bbb933cd69e38e029d18b7,2026-09-29T14:30:29.538752-07:00,NFL,NFL,,Jayden Daniels,,,,QUESTIONABLE,QB,,,,INJURY_AVAILABILITY,ESPN_PUBLIC,Questionable INJURY_STATUS_QUESTIONABLE Elbow,high
ESPN-CTX-3c20374d925020a3c22d9025,2026-09-29T14:30:29.538752-07:00,NFL,NFL,,Stefon Diggs,,,,ACTIVE,WR,,,,INJURY_AVAILABILITY,ESPN_PUBLIC,Active INJURY_STATUS_ACTIVE,high
ESPN-CTX-c17031d9e0fac165851f7615,2026-09-29T14:30:29.538752-07:00,WNBA,WNBA,,Aliyah Boston,,,,DAY-TO-DAY INJURY_STATUS_DAYTODAY LOWER LEG,C,,,,INJURY_AVAILABILITY,ESPN_PUBLIC,Day-To-Day INJURY_STATUS_DAYTODAY Lower Leg,high
ESPN-CTX-eedb72f7cac9e218868ed936,2026-09-29T14:30:29.538752-07:00,WNBA,WNBA,,Caitlin Clark,,,,DAY-TO-DAY INJURY_STATUS_DAYTODAY BACK,G,,,,INJURY_AVAILABILITY,ESPN_PUBLIC,Day-To-Day INJURY_STATUS_DAYTODAY Back,high
ESPN-CTX-6f52eace7b020df58fc93831,2026-09-29T15:20:42.856118-07:00,NFL,NFL,,Keshawn Banks,,,,ACTIVE,DE,,,,INJURY_AVAILABILITY,ESPN_PUBLIC,Active INJURY_STATUS_ACTIVE,high
ESPN-CTX-c4e188562e3653b3c5ba8a53,2026-09-29T16:52:24.931708-07:00,NFL,NFL,,Mitchell Tinsley,,,,ACTIVE,WR,,,,INJURY_AVAILABILITY,ESPN_PUBLIC,Active INJURY_STATUS_ACTIVE,high
ESPN-CTX-c2a1ca59d754fed4cbd7c433,2026-09-29T16:52:24.931708-07:00,NFL,NFL,,Jaylen Waddle,,,,QUESTIONABLE,WR,,,,INJURY_AVAILABILITY,ESPN_PUBLIC,Questionable INJURY_STATUS_QUESTIONABLE Leg,high
ESPN-CTX-cf28ae550244b82d32090d4a,2026-09-29T16:52:24.931708-07:00,NFL,NFL,,Josh Oliver,,,,IR/IL,TE,,,,INJURY_AVAILABILITY,ESPN_PUBLIC,Injured Reserve INJURY_STATUS_IR Biceps,high
ESPN-CTX-421043490179433583718b29,2026-09-29T16:52:24.931708-07:00,NFL,NFL,,Kenny Moore II,,,,ACTIVE,CB,,,,INJURY_AVAILABILITY,ESPN_PUBLIC,Active INJURY_STATUS_ACTIVE,high
ESPN-CTX-78a67542e69e628db1a0c595,2026-09-29T16:52:24.931708-07:00,NFL,NFL,,Ben Skowronek,,,,ACTIVE,WR,,,,INJURY_AVAILABILITY,ESPN_PUBLIC,Active INJURY_STATUS_ACTIVE,high
ESPN-CTX-387d87c28b1a5be1f10ee11d,2026-09-29T16:52:24.931708-07:00,NFL,NFL,,Percy Butler,,,,QUESTIONABLE,S,,,,INJURY_AVAILABILITY,ESPN_PUBLIC,Questionable INJURY_STATUS_QUESTIONABLE Concussion,high
ESPN-CTX-aef6b13d61473a0bbb188657,2026-09-29T17:44:31.837482-07:00,NFL,NFL,,Charlie Jones,,,,ACTIVE,WR,,,,INJURY_AVAILABILITY,ESPN_PUBLIC,Active INJURY_STATUS_ACTIVE,high
ESPN-CTX-f25993af10dfd239e987eda7,2026-09-29T18:20:21.753091-07:00,NFL,NFL,,Ifeatu Melifonwu,,,,ACTIVE,S,,,,INJURY_AVAILABILITY,ESPN_PUBLIC,Active INJURY_STATUS_ACTIVE,high
ESPN-CTX-d3f2463ffb7621201b44f63d,2026-09-29T23:25:42.587322-07:00,MLB,MLB,,Roman Anthony,,,,DAY-TO-DAY INJURY_STATUS_DAYTODAY UNDISCLOSED,LF,,,,INJURY_AVAILABILITY,ESPN_PUBLIC,Day-To-Day INJURY_STATUS_DAYTODAY Undisclosed,high
ESPN-CTX-b02a9cdad8a8af3c324d9ea2,2026-09-29T23:25:42.587322-07:00,NFL,NFL,,Ronnie Hickman,,,,ACTIVE,S,,,,INJURY_AVAILABILITY,ESPN_PUBLIC,Active INJURY_STATUS_ACTIVE,high
ESPN-CTX-03c0046ca75897ff10f5c021,2026-09-29T23:25:42.587322-07:00,NFL,NFL,,Tyler Smith,,,,IR/IL,G,,,,INJURY_AVAILABILITY,ESPN_PUBLIC,Injured Reserve INJURY_STATUS_IR Thumb,high
ESPN-CTX-b2d55c4d7daa1f4c7e4e3ba8,2026-09-29T23:25:42.587322-07:00,NFL,NFL,,Christian Izien,,,,ACTIVE,S,,,,INJURY_AVAILABILITY,ESPN_PUBLIC,Active INJURY_STATUS_ACTIVE,high
ESPN-CTX-8d1ae83aaf0d0d28576cf076,2026-09-29T23:25:42.587322-07:00,NFL,NFL,,Dare Ogunbowale,,,,ACTIVE,RB,,,,INJURY_AVAILABILITY,ESPN_PUBLIC,Active INJURY_STATUS_ACTIVE,high
ESPN-CTX-d500f3e435b41eff7260e9b2,2026-09-29T23:25:42.587322-07:00,NFL,NFL,,Joshua Metellus,,,,ACTIVE,S,,,,INJURY_AVAILABILITY,ESPN_PUBLIC,Active INJURY_STATUS_ACTIVE,high
ESPN-CTX-a45e67faa6543e2d0bca47d2,2026-09-29T23:25:42.587322-07:00,NFL,NFL,,Isaiah Rodgers,,,,ACTIVE,CB,,,,INJURY_AVAILABILITY,ESPN_PUBLIC,Active INJURY_STATUS_ACTIVE,high
ESPN-CTX-f672689d513c50821016aca9,2026-09-29T23:25:42.587322-07:00,NFL,NFL,,Eric Wilson,,,,ACTIVE,LB,,,,INJURY_AVAILABILITY,ESPN_PUBLIC,Active INJURY_STATUS_ACTIVE,high
ESPN-CTX-c3d0c8698e7e95084d80d0e1,2026-09-29T23:25:42.587322-07:00,NFL,NFL,,Austin Ekeler,,,,ACTIVE,RB,,,,INJURY_AVAILABILITY,ESPN_PUBLIC,Active INJURY_STATUS_ACTIVE,high
ESPN-CTX-e4bf46f6ea944c27429d0ff3,2026-09-30T06:59:22.814284-07:00,MLB,MLB,,Roman Anthony,,,,DAY-TO-DAY INJURY_STATUS_DAYTODAY HAND,LF,,,,INJURY_AVAILABILITY,ESPN_PUBLIC,Day-To-Day INJURY_STATUS_DAYTODAY Hand,high
ESPN-CTX-689801a50173697cd8cef0c2,2026-09-30T06:59:22.814284-07:00,NFL,NFL,,Jovaughn Gwyn,,,,OUT,G,,,,INJURY_AVAILABILITY,ESPN_PUBLIC,Out INJURY_STATUS_OUT Lower Leg,high
ESPN-CTX-f7cbd77d61c9f7002a5c883c,2026-09-30T06:59:22.814284-07:00,NFL,NFL,,Rachaad White,,,,ACTIVE,RB,,,,INJURY_AVAILABILITY,ESPN_PUBLIC,Active INJURY_STATUS_ACTIVE Shoulder,high
ESPN-CTX-a03d551fbaceab7b57c0f575,2026-09-30T12:31:11.372448-07:00,NFL,NFL,,Mike Jackson,,,,IR/IL,CB,,,,INJURY_AVAILABILITY,ESPN_PUBLIC,Injured Reserve INJURY_STATUS_IR Groin,high
ESPN-CTX-4a61f6652ea58424f251b3b1,2026-09-30T12:31:11.372448-07:00,NFL,NFL,,Jaycee Horn,,,,IR/IL,CB,,,,INJURY_AVAILABILITY,ESPN_PUBLIC,Injured Reserve INJURY_STATUS_IR Quadriceps,high
ESPN-CTX-a27080b8f852338c0d6c974d,2026-09-30T12:31:11.372448-07:00,NFL,NFL,,Brycen Tremayne,,,,ACTIVE,WR,,,,INJURY_AVAILABILITY,ESPN_PUBLIC,Active INJURY_STATUS_ACTIVE,high
ESPN-CTX-ef70b0bd142d18f07db6e367,2026-09-30T12:31:11.372448-07:00,NFL,NFL,,Damien Lewis,,,,OUT,G,,,,INJURY_AVAILABILITY,ESPN_PUBLIC,Out INJURY_STATUS_OUT Elbow,high
ESPN-CTX-d8ff3dbf83ebc81350b64b4a,2026-09-30T12:31:11.372448-07:00,NFL,NFL,,Nick Scott,,,,QUESTIONABLE,S,,,,INJURY_AVAILABILITY,ESPN_PUBLIC,Questionable INJURY_STATUS_QUESTIONABLE,high
ESPN-CTX-54e71674035768c881e5654e,2026-09-30T12:31:11.372448-07:00,NFL,NFL,,Devin Lloyd,,,,QUESTIONABLE,LB,,,,INJURY_AVAILABILITY,ESPN_PUBLIC,Questionable INJURY_STATUS_QUESTIONABLE,high
ESPN-CTX-c4be2a99e3faa2e8f01a3ff7,2026-09-30T12:31:11.372448-07:00,NFL,NFL,,Jalen Thompson,,,,IR/IL,S,,,,INJURY_AVAILABILITY,ESPN_PUBLIC,Injured Reserve INJURY_STATUS_IR Hamstring,high
ESPN-CTX-0566826cfea97adf8c38eea5,2026-09-30T12:31:11.372448-07:00,NFL,NFL,,Jonathan Bullard,,,,IR/IL,DT,,,,INJURY_AVAILABILITY,ESPN_PUBLIC,Injured Reserve INJURY_STATUS_IR Calf,high
ESPN-CTX-2331621e3de042bff65ae6b7,2026-09-30T12:31:11.372448-07:00,NFL,NFL,,Mario Edwards Jr.,,,,OUT,DT,,,,INJURY_AVAILABILITY,ESPN_PUBLIC,Out INJURY_STATUS_OUT Knee - ACL,high
ESPN-CTX-454a7b2af5367c1f03549ab4,2026-09-30T12:31:11.372448-07:00,NFL,NFL,,Kenyon Sadiq,,,,QUESTIONABLE,TE,,,,INJURY_AVAILABILITY,ESPN_PUBLIC,Questionable INJURY_STATUS_QUESTIONABLE Undisclosed,high
ESPN-CTX-11750457b7bdc5a4c4e5078d,2026-09-30T12:31:11.372448-07:00,NFL,NFL,,Dylan Parham,,,,DOUBTFUL,G,,,,INJURY_AVAILABILITY,ESPN_PUBLIC,Doubtful INJURY_STATUS_DOUBTFUL Knee,high
ESPN-CTX-90abc34efa0172180f8c28c0,2026-09-30T12:31:11.372448-07:00,NFL,NFL,,Adonai Mitchell,,,,DOUBTFUL,WR,,,,INJURY_AVAILABILITY,ESPN_PUBLIC,Doubtful INJURY_STATUS_DOUBTFUL Finger,high
ESPN-CTX-ba36c8ca2b03b4b728c8d882,2026-09-30T12:31:11.372448-07:00,NFL,NFL,,Breece Hall,,,,DOUBTFUL,RB,,,,INJURY_AVAILABILITY,ESPN_PUBLIC,Doubtful INJURY_STATUS_DOUBTFUL Thigh,high
ESPN-CTX-786c6cebc170a01ce455b331,2026-09-30T12:31:11.372448-07:00,NFL,NFL,,Joey Porter Jr.,,,,OUT,CB,,,,INJURY_AVAILABILITY,ESPN_PUBLIC,Out INJURY_STATUS_OUT Back,high
ESPN-CTX-60316c65e5c53b1a655a386a,2026-09-30T12:31:11.372448-07:00,NFL,NFL,,Jalen McMillan,,,,IR/IL,WR,,,,INJURY_AVAILABILITY,ESPN_PUBLIC,Injured Reserve INJURY_STATUS_IR Knee - PCL,high
ESPN-CTX-c5c7544a938b427194a987ef,2026-09-30T12:31:11.372448-07:00,NFL,NFL,,Andre James,,,,ACTIVE,C,,,,INJURY_AVAILABILITY,ESPN_PUBLIC,Active INJURY_STATUS_ACTIVE,high
ESPN-CTX-b7c6b7df47c4c0709f253aaf,2026-09-30T12:31:11.372448-07:00,NFL,NFL,,Rachaad White,,,,QUESTIONABLE,RB,,,,INJURY_AVAILABILITY,ESPN_PUBLIC,Questionable INJURY_STATUS_QUESTIONABLE Shoulder,high
ESPN-CTX-0b254a93c0bccc0d1fe75ce7,2026-09-30T13:53:47.309922-07:00,MLB,MLB,,Roman Anthony,,,,OUT,LF,,,,INJURY_AVAILABILITY,ESPN_PUBLIC,Out INJURY_STATUS_OUT Hand,high
ESPN-CTX-bd4a1dbb0dee154dfbd39353,2026-09-30T14:28:29.875547-07:00,MLB,MLB,,Edmundo Sosa,,,,DAY-TO-DAY INJURY_STATUS_DAYTODAY GROIN,LF,,,,INJURY_AVAILABILITY,ESPN_PUBLIC,Day-To-Day INJURY_STATUS_DAYTODAY Groin,high
ESPN-CTX-7ca15f0be61e015dea8e84a0,2026-09-30T14:28:29.875547-07:00,NFL,NFL,,Durham Smythe,,,,QUESTIONABLE,TE,,,,INJURY_AVAILABILITY,ESPN_PUBLIC,Questionable INJURY_STATUS_QUESTIONABLE Heel,high
ESPN-CTX-73ac5a23525a3f8d93ee163d,2026-09-30T14:28:29.875547-07:00,NFL,NFL,,John Simpson,,,,QUESTIONABLE,G,,,,INJURY_AVAILABILITY,ESPN_PUBLIC,Questionable INJURY_STATUS_QUESTIONABLE Groin,high
ESPN-CTX-797e83800868cdd902d8fcfb,2026-09-30T14:28:29.875547-07:00,NFL,NFL,,Marlon Humphrey,,,,QUESTIONABLE,CB,,,,INJURY_AVAILABILITY,ESPN_PUBLIC,Questionable INJURY_STATUS_QUESTIONABLE Hamstring,high
ESPN-CTX-28ec871f5db1e6c24f1704e0,2026-09-30T14:28:29.875547-07:00,NFL,NFL,,Lamar Jackson,,,,QUESTIONABLE,QB,,,,INJURY_AVAILABILITY,ESPN_PUBLIC,Questionable INJURY_STATUS_QUESTIONABLE Back,high
ESPN-CTX-ee6d909b0eaf4e3ab6b87c8b,2026-09-30T14:28:29.875547-07:00,NFL,NFL,,Deone Walker,,,,QUESTIONABLE,DT,,,,INJURY_AVAILABILITY,ESPN_PUBLIC,Questionable INJURY_STATUS_QUESTIONABLE Quadriceps,high
ESPN-CTX-9ed4a6a740bda6147cffd9f3,2026-09-30T14:28:29.875547-07:00,NFL,NFL,,Ar'maj Reed-Adams,,,,ACTIVE,G,,,,INJURY_AVAILABILITY,ESPN_PUBLIC,Active INJURY_STATUS_ACTIVE,high
ESPN-CTX-3ea332f126b2fa22b0044ecb,2026-09-30T14:28:29.875547-07:00,NFL,NFL,,Damar Hamlin,,,,QUESTIONABLE,S,,,,INJURY_AVAILABILITY,ESPN_PUBLIC,Questionable INJURY_STATUS_QUESTIONABLE Ribs,high
ESPN-CTX-1e4d5442273978b9c157d99a,2026-09-30T14:28:29.875547-07:00,NFL,NFL,,Joe Andreessen,,,,QUESTIONABLE,LB,,,,INJURY_AVAILABILITY,ESPN_PUBLIC,Questionable INJURY_STATUS_QUESTIONABLE Knee,high
ESPN-CTX-6c4fbd97f1435140b68805eb,2026-09-30T14:28:29.875547-07:00,NFL,NFL,,DJ Moore,,,,QUESTIONABLE,WR,,,,INJURY_AVAILABILITY,ESPN_PUBLIC,Questionable INJURY_STATUS_QUESTIONABLE Shoulder,high
ESPN-CTX-5805a49a63f78c26cb343ba3,2026-09-30T14:28:29.875547-07:00,NFL,NFL,,Devin Lloyd,,,,ACTIVE,LB,,,,INJURY_AVAILABILITY,ESPN_PUBLIC,Active INJURY_STATUS_ACTIVE,high
ESPN-CTX-8b9e7beff9a91f42bd6a0cf0,2026-09-30T14:28:29.875547-07:00,NFL,NFL,,Nick Scott,,,,ACTIVE,S,,,,INJURY_AVAILABILITY,ESPN_PUBLIC,Active INJURY_STATUS_ACTIVE,high
ESPN-CTX-7bf8e018d54da789f427f3a5,2026-09-30T14:28:29.875547-07:00,NFL,NFL,,Monroe Freeling,,,,QUESTIONABLE,OT,,,,INJURY_AVAILABILITY,ESPN_PUBLIC,Questionable INJURY_STATUS_QUESTIONABLE Concussion,high
ESPN-CTX-1eedc0a321ad7e277156cda4,2026-09-30T14:28:29.875547-07:00,NFL,NFL,,Xavier Legette,,,,DOUBTFUL,WR,,,,INJURY_AVAILABILITY,ESPN_PUBLIC,Doubtful INJURY_STATUS_DOUBTFUL Knee,high
ESPN-CTX-44ff9b49ee1b9e72841f123c,2026-09-30T14:28:29.875547-07:00,NFL,NFL,,Princely Umanmielen,,,,QUESTIONABLE,LB,,,,INJURY_AVAILABILITY,ESPN_PUBLIC,Questionable INJURY_STATUS_QUESTIONABLE Ankle,high
ESPN-CTX-f967346d4b40c092411f8dba,2026-09-30T14:28:29.875547-07:00,NFL,NFL,,Braxton Jones,,,,DOUBTFUL,OT,,,,INJURY_AVAILABILITY,ESPN_PUBLIC,Doubtful INJURY_STATUS_DOUBTFUL Knee,high
ESPN-CTX-847319c88d1e929b80472665,2026-09-30T14:28:29.875547-07:00,NFL,NFL,,Dalton Risner,,,,QUESTIONABLE,G,,,,INJURY_AVAILABILITY,ESPN_PUBLIC,Questionable INJURY_STATUS_QUESTIONABLE Knee,high
ESPN-CTX-2a377faf2981529c1fa09921,2026-09-30T14:28:29.875547-07:00,NFL,NFL,,Bryan Cook,,,,QUESTIONABLE,S,,,,INJURY_AVAILABILITY,ESPN_PUBLIC,Questionable INJURY_STATUS_QUESTIONABLE Ankle,high
ESPN-CTX-741c956091312cae0239a55b,2026-09-30T14:28:29.875547-07:00,NFL,NFL,,Kyle Dugger,,,,QUESTIONABLE,S,,,,INJURY_AVAILABILITY,ESPN_PUBLIC,Questionable INJURY_STATUS_QUESTIONABLE Quadriceps,high
ESPN-CTX-3c005bc51bff45ba1ac20a4c,2026-09-30T14:28:29.875547-07:00,NFL,NFL,,Jordan Battle,,,,QUESTIONABLE,S,,,,INJURY_AVAILABILITY,ESPN_PUBLIC,Questionable INJURY_STATUS_QUESTIONABLE Hamstring,high
ESPN-CTX-30d4ededabbaaf0954e9fd58,2026-09-30T14:28:29.875547-07:00,NFL,NFL,,Elgton Jenkins,,,,OUT,C,,,,INJURY_AVAILABILITY,ESPN_PUBLIC,Out INJURY_STATUS_OUT Concussion,high
ESPN-CTX-a266b731e8857c8c8301bb3d,2026-09-30T14:28:29.875547-07:00,NFL,NFL,,Tyson Campbell,,,,ACTIVE,CB,,,,INJURY_AVAILABILITY,ESPN_PUBLIC,Active INJURY_STATUS_ACTIVE,high
ESPN-CTX-1c5e1ad28e850f4dab2ad3e5,2026-09-30T14:28:29.875547-07:00,NFL,NFL,,Tylan Wallace,,,,OUT,WR,,,,INJURY_AVAILABILITY,ESPN_PUBLIC,Out INJURY_STATUS_OUT Knee,high
ESPN-CTX-e238b63ccc7633ae1ea9169e,2026-09-30T14:28:29.875547-07:00,NFL,NFL,,Dondrea Tillman,,,,QUESTIONABLE,LB,,,,INJURY_AVAILABILITY,ESPN_PUBLIC,Questionable INJURY_STATUS_QUESTIONABLE Hamstring,high
ESPN-CTX-b67b3fe35e3a2c8ddf84efcb,2026-09-30T14:28:29.875547-07:00,NFL,NFL,,D.J. Reed,,,,QUESTIONABLE,CB,,,,INJURY_AVAILABILITY,ESPN_PUBLIC,Questionable INJURY_STATUS_QUESTIONABLE Ribs,high
ESPN-CTX-858fa1491f3e26d59662d19d,2026-09-30T14:28:29.875547-07:00,NFL,NFL,,DJ Wonnum,,,,QUESTIONABLE,LB,,,,INJURY_AVAILABILITY,ESPN_PUBLIC,Questionable INJURY_STATUS_QUESTIONABLE Back,high
ESPN-CTX-96a524ad8c00dc0cb12a6e5c,2026-09-30T14:28:29.875547-07:00,NFL,NFL,,Jayden Reed,,,,IR/IL,WR,,,,INJURY_AVAILABILITY,ESPN_PUBLIC,Injured Reserve INJURY_STATUS_IR Neck,high
ESPN-CTX-73cf1c79c8d0519d0b236dd2,2026-09-30T14:28:29.875547-07:00,NFL,NFL,,Lukas Van Ness,,,,QUESTIONABLE,DE,,,,INJURY_AVAILABILITY,ESPN_PUBLIC,Questionable INJURY_STATUS_QUESTIONABLE Shoulder,high
ESPN-CTX-dedb7f921382cf452dbf08b4,2026-09-30T14:28:29.875547-07:00,NFL,NFL,,Karl Brooks,,,,QUESTIONABLE,DT,,,,INJURY_AVAILABILITY,ESPN_PUBLIC,Questionable INJURY_STATUS_QUESTIONABLE Illness,high
ESPN-CTX-c38aa0d674e34eb28a764d31,2026-09-30T14:28:29.875547-07:00,NFL,NFL,,Jacob Monk,,,,QUESTIONABLE,C,,,,INJURY_AVAILABILITY,ESPN_PUBLIC,Questionable INJURY_STATUS_QUESTIONABLE Quadriceps,high
ESPN-CTX-562cb315865cbd797d578355,2026-09-30T14:28:29.875547-07:00,NFL,NFL,,Azeez Al-Shaair,,,,DOUBTFUL,LB,,,,INJURY_AVAILABILITY,ESPN_PUBLIC,Doubtful INJURY_STATUS_DOUBTFUL Groin,high
ESPN-CTX-9eb5afc77526e936cb862b90,2026-09-30T14:28:29.875547-07:00,NFL,NFL,,Akeem Davis-Gaither,,,,QUESTIONABLE,LB,,,,INJURY_AVAILABILITY,ESPN_PUBLIC,Questionable INJURY_STATUS_QUESTIONABLE Knee,high
ESPN-CTX-7f3770986f57429e3c610209,2026-09-30T14:28:29.875547-07:00,NFL,NFL,,Mo Alie-Cox,,,,QUESTIONABLE,TE,,,,INJURY_AVAILABILITY,ESPN_PUBLIC,Questionable INJURY_STATUS_QUESTIONABLE Illness,high
ESPN-CTX-f457ce52092e539e9b627d4e,2026-09-30T14:28:29.875547-07:00,NFL,NFL,,Christian Braswell,,,,QUESTIONABLE,CB,,,,INJURY_AVAILABILITY,ESPN_PUBLIC,Questionable INJURY_STATUS_QUESTIONABLE Knee,high
ESPN-CTX-3c6711155b107f111bd26928,2026-09-30T14:28:29.875547-07:00,NFL,NFL,,Montaric Brown,,,,QUESTIONABLE,CB,,,,INJURY_AVAILABILITY,ESPN_PUBLIC,Questionable INJURY_STATUS_QUESTIONABLE Hamstring,high
ESPN-CTX-414446697f5fb1aa02e09a17,2026-09-30T14:28:29.875547-07:00,NFL,NFL,,Chamarri Conner,,,,ACTIVE,S,,,,INJURY_AVAILABILITY,ESPN_PUBLIC,Active INJURY_STATUS_ACTIVE,high
ESPN-CTX-c46b99f0470db28157901017,2026-09-30T14:28:29.875547-07:00,NFL,NFL,,Christian Gonzalez,,,,QUESTIONABLE,CB,,,,INJURY_AVAILABILITY,ESPN_PUBLIC,Questionable INJURY_STATUS_QUESTIONABLE Shoulder,high
ESPN-CTX-f036c40606abdb9bbbf00f63,2026-09-30T14:28:29.875547-07:00,NFL,NFL,,Christian Elliss,,,,QUESTIONABLE,LB,,,,INJURY_AVAILABILITY,ESPN_PUBLIC,Questionable INJURY_STATUS_QUESTIONABLE Chest,high
ESPN-CTX-a46744c692f2f0686659ca86,2026-09-30T14:28:29.875547-07:00,NFL,NFL,,Tyrone Tracy Jr.,,,,QUESTIONABLE,RB,,,,INJURY_AVAILABILITY,ESPN_PUBLIC,Questionable INJURY_STATUS_QUESTIONABLE Knee,high
ESPN-CTX-249976e467a2fdf375ab2d7a,2026-09-30T14:28:29.875547-07:00,NFL,NFL,,KhaDarel Hodge,,,,QUESTIONABLE,WR,,,,INJURY_AVAILABILITY,ESPN_PUBLIC,Questionable INJURY_STATUS_QUESTIONABLE Knee,high
ESPN-CTX-665f5816a140c7837e572831,2026-09-30T14:28:29.875547-07:00,NFL,NFL,,Chris Godwin Jr.,,,,QUESTIONABLE,WR,,,,INJURY_AVAILABILITY,ESPN_PUBLIC,Questionable INJURY_STATUS_QUESTIONABLE Ankle,high
ESPN-CTX-ee69a9b583cf1369c8e04d46,2026-09-30T14:28:29.875547-07:00,NFL,NFL,,Bucky Irving,,,,QUESTIONABLE,RB,,,,INJURY_AVAILABILITY,ESPN_PUBLIC,Questionable INJURY_STATUS_QUESTIONABLE Lower Body,high
ESPN-CTX-bb478dceefda9ab2cc0fa1c7,2026-09-30T14:28:29.875547-07:00,NFL,NFL,,Tony Pollard,,,,QUESTIONABLE,RB,,,,INJURY_AVAILABILITY,ESPN_PUBLIC,Questionable INJURY_STATUS_QUESTIONABLE Foot,high
ESPN-CTX-db52814f12082b443b8a7003,2026-09-30T14:28:29.875547-07:00,NFL,NFL,,John Franklin-Myers,,,,QUESTIONABLE,DE,,,,INJURY_AVAILABILITY,ESPN_PUBLIC,Questionable INJURY_STATUS_QUESTIONABLE Back,high
ESPN-CTX-f4493c086ceeb57bc15485df,2026-09-30T14:28:29.875547-07:00,NFL,NFL,,Ben Sinnott,,,,QUESTIONABLE,TE,,,,INJURY_AVAILABILITY,ESPN_PUBLIC,Questionable INJURY_STATUS_QUESTIONABLE Ribs,high
ESPN-CTX-6e2d156ca173c5a05d228508,2026-09-30T14:28:29.875547-07:00,NFL,NFL,,Amik Robertson,,,,QUESTIONABLE,CB,,,,INJURY_AVAILABILITY,ESPN_PUBLIC,Questionable INJURY_STATUS_QUESTIONABLE Knee,high
ESPN-CTX-5638f86ff4d1b17b94f23f45,2026-09-30T14:28:29.875547-07:00,NFL,NFL,,Lucas Patrick,,,,QUESTIONABLE,G,,,,INJURY_AVAILABILITY,ESPN_PUBLIC,Questionable INJURY_STATUS_QUESTIONABLE Foot,high
ESPN-CTX-6827a8ef1d48e8f437d371a9,2026-09-30T14:28:29.875547-07:00,NFL,NFL,,Nick Allegretti,,,,QUESTIONABLE,G,,,,INJURY_AVAILABILITY,ESPN_PUBLIC,Questionable INJURY_STATUS_QUESTIONABLE Hip,high
ESPN-CTX-637b091b21b509e0d3ad1509,2026-09-30T16:12:18.590882-07:00,MLB,MLB,,Tyler Mahle,,,,DAY-TO-DAY INJURY_STATUS_DAYTODAY ABDOMEN,SP,,,,INJURY_AVAILABILITY,ESPN_PUBLIC,Day-To-Day INJURY_STATUS_DAYTODAY Abdomen,high
ESPN-CTX-fc7e404d36f456f7fba55820,2026-09-30T16:12:18.590882-07:00,NFL,NFL,,Marvin Mims Jr.,,,,ACTIVE,WR,,,,INJURY_AVAILABILITY,ESPN_PUBLIC,Active INJURY_STATUS_ACTIVE,high
ESPN-CTX-fb22bdd69d20875b6b520e85,2026-09-30T16:12:18.590882-07:00,NFL,NFL,,Mario Edwards Jr.,,,,IR/IL,DT,,,,INJURY_AVAILABILITY,ESPN_PUBLIC,Injured Reserve INJURY_STATUS_IR Knee - ACL,high
ESPN-CTX-6c98ea405dc4a9a92b686523,2026-09-30T16:12:18.590882-07:00,NFL,NFL,,Calen Bullock,,,,QUESTIONABLE,S,,,,INJURY_AVAILABILITY,ESPN_PUBLIC,Questionable INJURY_STATUS_QUESTIONABLE Quadriceps,high
ESPN-CTX-b2f788e67820d43be2952001,2026-09-30T16:12:18.590882-07:00,NFL,NFL,,Logan Hall,,,,QUESTIONABLE,DE,,,,INJURY_AVAILABILITY,ESPN_PUBLIC,Questionable INJURY_STATUS_QUESTIONABLE Knee,high
ESPN-CTX-26464f7916d7b0ff50085044,2026-09-30T16:12:18.590882-07:00,NFL,NFL,,Jake Hansen,,,,QUESTIONABLE,LB,,,,INJURY_AVAILABILITY,ESPN_PUBLIC,Questionable INJURY_STATUS_QUESTIONABLE Calf,high
ESPN-CTX-2fee6145d81a7ebf727ef8a3,2026-09-30T16:12:18.590882-07:00,NFL,NFL,,Will Anderson Jr.,,,,QUESTIONABLE,DE,,,,INJURY_AVAILABILITY,ESPN_PUBLIC,Questionable INJURY_STATUS_QUESTIONABLE Ankle,high
ESPN-CTX-35c7549f0198365796a23445,2026-09-30T16:12:18.590882-07:00,NFL,NFL,,British Brooks,,,,QUESTIONABLE,RB,,,,INJURY_AVAILABILITY,ESPN_PUBLIC,Questionable INJURY_STATUS_QUESTIONABLE Hamstring,high
ESPN-CTX-778ee9fcfa8e98cfb7ab7448,2026-09-30T16:12:18.590882-07:00,NFL,NFL,,Trent Brown,,,,QUESTIONABLE,OT,,,,INJURY_AVAILABILITY,ESPN_PUBLIC,Questionable INJURY_STATUS_QUESTIONABLE Illness,high
ESPN-CTX-e336f292725f6b6a8f5211e5,2026-09-30T16:12:18.590882-07:00,NFL,NFL,,Justin Eboigbe,,,,QUESTIONABLE,DT,,,,INJURY_AVAILABILITY,ESPN_PUBLIC,Questionable INJURY_STATUS_QUESTIONABLE Eye,high
ESPN-CTX-f1edca353566edd99194b9df,2026-09-30T16:12:18.590882-07:00,NFL,NFL,,Derwin James Jr.,,,,QUESTIONABLE,S,,,,INJURY_AVAILABILITY,ESPN_PUBLIC,Questionable INJURY_STATUS_QUESTIONABLE Hamstring,high
ESPN-CTX-89ce02e10c2e9b74d14fe6fb,2026-09-30T16:12:18.590882-07:00,NFL,NFL,,Ladd McConkey,,,,QUESTIONABLE,WR,,,,INJURY_AVAILABILITY,ESPN_PUBLIC,Questionable INJURY_STATUS_QUESTIONABLE Foot,high
ESPN-CTX-506ec755e9b5ef8be125d7ac,2026-09-30T16:12:18.590882-07:00,NFL,NFL,,Aaron Donald,,,,QUESTIONABLE,DT,,,,INJURY_AVAILABILITY,ESPN_PUBLIC,Questionable INJURY_STATUS_QUESTIONABLE Back,high
ESPN-CTX-44c9b5ba88bcce8065e8d3c5,2026-09-30T16:12:18.590882-07:00,NFL,NFL,,Blake Cashman,,,,QUESTIONABLE,LB,,,,INJURY_AVAILABILITY,ESPN_PUBLIC,Questionable INJURY_STATUS_QUESTIONABLE Elbow,high
ESPN-CTX-b5267520e78f7b1e9e94ca8f,2026-09-30T16:12:18.590882-07:00,NFL,NFL,,Keion White,,,,QUESTIONABLE,DE,,,,INJURY_AVAILABILITY,ESPN_PUBLIC,Questionable INJURY_STATUS_QUESTIONABLE Hamstring,high
ESPN-CTX-55a800908f1183716926e69b,2026-09-30T16:12:18.590882-07:00,NFL,NFL,,Gracen Halton,,,,ACTIVE,DT,,,,INJURY_AVAILABILITY,ESPN_PUBLIC,Active INJURY_STATUS_ACTIVE,high
ESPN-CTX-2bf01e46bc77b78f76f34e75,2026-09-30T16:12:18.590882-07:00,NFL,NFL,,Rakeem Nunez-Roches,,,,QUESTIONABLE,DT,,,,INJURY_AVAILABILITY,ESPN_PUBLIC,Questionable INJURY_STATUS_QUESTIONABLE Ankle,high
ESPN-CTX-b7bbc743ed89f2667cf65b36,2026-09-30T16:12:18.590882-07:00,NFL,NFL,,Keionte Scott,,,,QUESTIONABLE,CB,,,,INJURY_AVAILABILITY,ESPN_PUBLIC,Questionable INJURY_STATUS_QUESTIONABLE Toe,high
ESPN-CTX-f0b1e6bc4dadc7e4e977ff09,2026-09-30T16:12:18.590882-07:00,NFL,NFL,,Ko Kieft,,,,QUESTIONABLE,TE,,,,INJURY_AVAILABILITY,ESPN_PUBLIC,Questionable INJURY_STATUS_QUESTIONABLE Elbow,high
ESPN-CTX-30754d4c4d737e6e16d583f9,2026-09-30T16:12:18.590882-07:00,NFL,NFL,,SirVocea Dennis,,,,QUESTIONABLE,LB,,,,INJURY_AVAILABILITY,ESPN_PUBLIC,Questionable INJURY_STATUS_QUESTIONABLE Calf,high
ESPN-CTX-84917dcc4195edc62dd1eb97,2026-09-30T16:12:18.590882-07:00,NFL,NFL,,Yaya Diaby,,,,QUESTIONABLE,LB,,,,INJURY_AVAILABILITY,ESPN_PUBLIC,Questionable INJURY_STATUS_QUESTIONABLE Calf,high
ESPN-CTX-8d015720ac110fa77c0fc840,2026-09-30T17:04:47.527054-07:00,NFL,NFL,,Kyler Gordon,,,,OUT,CB,,,,INJURY_AVAILABILITY,ESPN_PUBLIC,Out INJURY_STATUS_OUT Calf,high
ESPN-CTX-3d3118b3c3a5cd6a6329c2bc,2026-09-30T17:04:47.527054-07:00,NFL,NFL,,Edgerrin Cooper,,,,QUESTIONABLE,LB,,,,INJURY_AVAILABILITY,ESPN_PUBLIC,Questionable INJURY_STATUS_QUESTIONABLE Concussion,high
ESPN-CTX-123445996be41da45bbf462a,2026-09-30T17:04:47.527054-07:00,NFL,NFL,,Keaton Mitchell,,,,QUESTIONABLE,RB,,,,INJURY_AVAILABILITY,ESPN_PUBLIC,Questionable INJURY_STATUS_QUESTIONABLE Ankle,high
ESPN-CTX-834a68e18192ad20e2f594a2,2026-09-30T17:04:47.527054-07:00,NFL,NFL,,Nate Landman,,,,ACTIVE,LB,,,,INJURY_AVAILABILITY,ESPN_PUBLIC,Active INJURY_STATUS_ACTIVE Shoulder,high
ESPN-CTX-6ebf9ce212e594f4f80fbd3d,2026-09-30T17:04:47.527054-07:00,NFL,NFL,,AJ Epenesa,,,,ACTIVE,DE,,,,INJURY_AVAILABILITY,ESPN_PUBLIC,Active INJURY_STATUS_ACTIVE,high
ESPN-CTX-0d84b3fcdba48881130d4574,2026-09-30T17:04:47.527054-07:00,NFL,NFL,,Moro Ojomo,,,,QUESTIONABLE,DT,,,,INJURY_AVAILABILITY,ESPN_PUBLIC,Questionable INJURY_STATUS_QUESTIONABLE Calf,high
ESPN-CTX-87370d13ef7fbd94451fde2d,2026-09-30T17:04:47.527054-07:00,NFL,NFL,,Zack Baun,,,,QUESTIONABLE,LB,,,,INJURY_AVAILABILITY,ESPN_PUBLIC,Questionable INJURY_STATUS_QUESTIONABLE Concussion,high
ESPN-CTX-47676e987951e76c10c5ab99,2026-09-30T17:04:47.527054-07:00,NFL,NFL,,Jihaad Campbell,,,,QUESTIONABLE,LB,,,,INJURY_AVAILABILITY,ESPN_PUBLIC,Questionable INJURY_STATUS_QUESTIONABLE Knee,high
ESPN-CTX-89096e2e97b273f90efd84f4,2026-09-30T17:04:47.527054-07:00,NFL,NFL,,Mykel Williams,,,,OUT,DE,,,,INJURY_AVAILABILITY,ESPN_PUBLIC,Out INJURY_STATUS_OUT Knee - ACL,high
ESPN-CTX-f4cd081c3ed66473fd5f0f41,2026-09-30T17:04:47.527054-07:00,NFL,NFL,,Grey Zabel,,,,QUESTIONABLE,G,,,,INJURY_AVAILABILITY,ESPN_PUBLIC,Questionable INJURY_STATUS_QUESTIONABLE Groin,high
ESPN-CTX-2107cfea8879838067f20e4d,2026-09-30T17:04:47.527054-07:00,NFL,NFL,,Jarran Reed,,,,QUESTIONABLE,DT,,,,INJURY_AVAILABILITY,ESPN_PUBLIC,Questionable INJURY_STATUS_QUESTIONABLE Foot,high
ESPN-CTX-acfbcfa4cd09af0299bc0708,2026-09-30T17:04:47.527054-07:00,NFL,NFL,,George Holani,,,,QUESTIONABLE,RB,,,,INJURY_AVAILABILITY,ESPN_PUBLIC,Questionable INJURY_STATUS_QUESTIONABLE Ribs,high
ESPN-CTX-f7e7e9ed796b8e7b5d4483f9,2026-09-30T18:29:22.302187-07:00,NFL,NFL,,Mack Wilson Sr.,,,,QUESTIONABLE,LB,,,,INJURY_AVAILABILITY,ESPN_PUBLIC,Questionable INJURY_STATUS_QUESTIONABLE Thumb,high
ESPN-CTX-a33b6d0c418937ce8f77b975,2026-09-30T18:29:22.302187-07:00,NFL,NFL,,Walter Nolen III,,,,QUESTIONABLE,DT,,,,INJURY_AVAILABILITY,ESPN_PUBLIC,Questionable INJURY_STATUS_QUESTIONABLE Shoulder,high
ESPN-CTX-b533db69a61d4bcf37c289cf,2026-09-30T18:29:22.302187-07:00,NFL,NFL,,Gervon Dexter Sr.,,,,ACTIVE,DT,,,,INJURY_AVAILABILITY,ESPN_PUBLIC,Active INJURY_STATUS_ACTIVE,high
ESPN-CTX-897041e95c3fe8ead5a6cbc9,2026-09-30T18:29:22.302187-07:00,NFL,NFL,,Kevin Zeitler,,,,ACTIVE,G,,,,INJURY_AVAILABILITY,ESPN_PUBLIC,Active INJURY_STATUS_ACTIVE,high
ESPN-CTX-65d8422d27ac25c3ea8c180c,2026-09-30T18:29:22.302187-07:00,NFL,NFL,,Chris Braswell,,,,ACTIVE,DE,,,,INJURY_AVAILABILITY,ESPN_PUBLIC,Active INJURY_STATUS_ACTIVE,high
ESPN-CTX-ef8ee9f06213397474772a20,2026-09-30T18:29:22.302187-07:00,NFL,NFL,,Josh Wallace,,,,QUESTIONABLE,CB,,,,INJURY_AVAILABILITY,ESPN_PUBLIC,Questionable INJURY_STATUS_QUESTIONABLE Shoulder,high
ESPN-CTX-dc72afd212336ebc51ef0a0e,2026-09-30T18:29:22.302187-07:00,NFL,NFL,,Jeremy Ruckert,,,,QUESTIONABLE,TE,,,,INJURY_AVAILABILITY,ESPN_PUBLIC,Questionable INJURY_STATUS_QUESTIONABLE Knee,high
ESPN-CTX-d048ea4eda98bbe09f4751f4,2026-09-30T18:29:22.302187-07:00,NFL,NFL,,Kene Nwangwu,,,,ACTIVE,RB,,,,INJURY_AVAILABILITY,ESPN_PUBLIC,Active INJURY_STATUS_ACTIVE,high
ESPN-CTX-f6fce47676b00c45bf6b5dc4,2026-09-30T18:29:22.302187-07:00,NFL,NFL,,Kenyon Sadiq,,,,QUESTIONABLE,TE,,,,INJURY_AVAILABILITY,ESPN_PUBLIC,Questionable INJURY_STATUS_QUESTIONABLE Back,high
ESPN-CTX-99b7b454d32dc447607fcbdf,2026-09-30T18:29:22.302187-07:00,NFL,NFL,,Kingsley Enagbare,,,,QUESTIONABLE,LB,,,,INJURY_AVAILABILITY,ESPN_PUBLIC,Questionable INJURY_STATUS_QUESTIONABLE Knee,high
ESPN-CTX-ab56997aafbacfb11341953d,2026-09-30T18:29:22.302187-07:00,NFL,NFL,,Breece Hall,,,,DOUBTFUL,RB,,,,INJURY_AVAILABILITY,ESPN_PUBLIC,Doubtful INJURY_STATUS_DOUBTFUL Quadriceps,high
ESPN-CTX-20538edb92cb981d25d0d2bb,2026-09-30T18:29:22.302187-07:00,WNBA,WNBA,,Aliyah Boston,,,,DAY-TO-DAY INJURY_STATUS_DAYTODAY LEG,C,,,,INJURY_AVAILABILITY,ESPN_PUBLIC,Day-To-Day INJURY_STATUS_DAYTODAY Leg,high
ESPN-CTX-cf256ff3d03055fc29a5d408,2026-09-30T19:24:18.317502-07:00,NFL,NFL,,C.J. Gardner-Johnson,,,,ACTIVE,S,,,,INJURY_AVAILABILITY,ESPN_PUBLIC,Active INJURY_STATUS_ACTIVE,high
ESPN-CTX-51cb3250f58214408b23811d,2026-09-30T19:24:18.317502-07:00,NFL,NFL,,Reed Blankenship,,,,ACTIVE,S,,,,INJURY_AVAILABILITY,ESPN_PUBLIC,Active INJURY_STATUS_ACTIVE,high
ESPN-CTX-e71484912e9f682a9461793c,2026-09-30T19:24:18.317502-07:00,NFL,NFL,,Jeremy Chinn,,,,ACTIVE,S,,,,INJURY_AVAILABILITY,ESPN_PUBLIC,Active INJURY_STATUS_ACTIVE,high
ESPN-CTX-1f119f1a887129e5bc9ecb0a,2026-09-30T19:24:18.317502-07:00,NFL,NFL,,Genesis Smith,,,,ACTIVE,S,,,,INJURY_AVAILABILITY,ESPN_PUBLIC,Active INJURY_STATUS_ACTIVE,high
ESPN-CTX-7888023a59177c4e6d857662,2026-09-30T19:24:18.317502-07:00,NFL,NFL,,Storm Duck,,,,OUT,CB,,,,INJURY_AVAILABILITY,ESPN_PUBLIC,Out INJURY_STATUS_OUT Knee,high
ESPN-CTX-fd54df99bce0035506c0659a,2026-09-30T19:24:18.317502-07:00,NFL,NFL,,Dru Phillips,,,,ACTIVE,CB,,,,INJURY_AVAILABILITY,ESPN_PUBLIC,Active INJURY_STATUS_ACTIVE,high
ESPN-CTX-57b1a64dc1b7f70d540872ff,2026-09-30T19:24:18.317502-07:00,NFL,NFL,,Arvell Reese,,,,ACTIVE,LB,,,,INJURY_AVAILABILITY,ESPN_PUBLIC,Active INJURY_STATUS_ACTIVE,high
ESPN-CTX-3f08725d71f4d178af66354c,2026-09-30T19:24:18.317502-07:00,NFL,NFL,,Jeffery Simmons,,,,ACTIVE,DT,,,,INJURY_AVAILABILITY,ESPN_PUBLIC,Active INJURY_STATUS_ACTIVE,high
ESPN-CTX-44995592623a0879eb2c9fe1,2026-10-01T00:22:33.002686-07:00,NFL,NFL,,Andrew Wingard,,,,ACTIVE,S,,,,INJURY_AVAILABILITY,ESPN_PUBLIC,Active INJURY_STATUS_ACTIVE,high
ESPN-CTX-a44f078dedcdcf0ed778c23f,2026-10-01T00:22:33.002686-07:00,NFL,NFL,,Dillon Thieneman,,,,ACTIVE,S,,,,INJURY_AVAILABILITY,ESPN_PUBLIC,Active INJURY_STATUS_ACTIVE,high
ESPN-CTX-daf5d0ccdfb0658af5f03c60,2026-10-01T00:22:33.002686-07:00,NFL,NFL,,Dexter Lawrence II,,,,ACTIVE,DT,,,,INJURY_AVAILABILITY,ESPN_PUBLIC,Active INJURY_STATUS_ACTIVE,high
ESPN-CTX-609ae5b51d19e2924e35ebf6,2026-10-01T00:22:33.002686-07:00,NFL,NFL,,DeForest Buckner,,,,ACTIVE,DT,,,,INJURY_AVAILABILITY,ESPN_PUBLIC,Active INJURY_STATUS_ACTIVE,high
ESPN-CTX-220e93375225d168ec929305,2026-10-01T00:22:33.002686-07:00,NFL,NFL,,Kain Medrano,,,,ACTIVE,LB,,,,INJURY_AVAILABILITY,ESPN_PUBLIC,Active INJURY_STATUS_ACTIVE,high
ESPN-CTX-b562cda448a0e9bc52c59fdf,2026-10-01T11:58:01.847476-07:00,MLB,MLB,,Walker Jenkins,,,,OUT,CF,,,,INJURY_AVAILABILITY,ESPN_PUBLIC,Out INJURY_STATUS_OUT Elbow,high
ESPN-CTX-7dfa0c26c50395f7226d3ca8,2026-10-01T11:58:01.847476-07:00,NFL,NFL,,Chance Campbell,,,,OUT,LB,,,,INJURY_AVAILABILITY,ESPN_PUBLIC,Out INJURY_STATUS_OUT Undisclosed,high
ESPN-CTX-211072eb6e13d807cb0f60bf,2026-10-01T11:58:01.847476-07:00,NFL,NFL,,Yahya Black,,,,QUESTIONABLE,DE,,,,INJURY_AVAILABILITY,ESPN_PUBLIC,Questionable INJURY_STATUS_QUESTIONABLE Personal,high
ESPN-CTX-6af439abe1072071e3c58df4,2026-10-01T12:41:11.957901-07:00,NFL,NFL,,Princely Umanmielen,,,,ACTIVE,LB,,,,INJURY_AVAILABILITY,ESPN_PUBLIC,Active INJURY_STATUS_ACTIVE,high
ESPN-CTX-553131184140cd74e1bc0866,2026-10-01T12:41:11.957901-07:00,NFL,NFL,,Lee Hunter,,,,QUESTIONABLE,DT,,,,INJURY_AVAILABILITY,ESPN_PUBLIC,Questionable INJURY_STATUS_QUESTIONABLE Foot,high
ESPN-CTX-26e2ac48e93dbd5f275cd452,2026-10-01T14:04:34.219192-07:00,MLB,MLB,,Jacob Melton,,,,IR/IL,LF,,,,INJURY_AVAILABILITY,ESPN_PUBLIC,60-Day-IL INJURY_STATUS_60DAYIL Hamstring,high
ESPN-CTX-dfaa991045a59f1bd26c96ca,2026-10-01T14:04:34.219192-07:00,NFL,NFL,,Durham Smythe,,,,ACTIVE,TE,,,,INJURY_AVAILABILITY,ESPN_PUBLIC,Active INJURY_STATUS_ACTIVE,high
ESPN-CTX-620859f9a0cf5dae4db6d969,2026-10-01T14:04:34.219192-07:00,NFL,NFL,,Marlon Humphrey,,,,ACTIVE,CB,,,,INJURY_AVAILABILITY,ESPN_PUBLIC,Active INJURY_STATUS_ACTIVE,high
ESPN-CTX-0a5c350a5160d04ed7f2bcb6,2026-10-01T14:04:34.219192-07:00,NFL,NFL,,Sam Franklin Jr.,,,,QUESTIONABLE,S,,,,INJURY_AVAILABILITY,ESPN_PUBLIC,Questionable INJURY_STATUS_QUESTIONABLE Personal,high
ESPN-CTX-0f9b4979fd3d8738a61842dc,2026-10-01T14:04:34.219192-07:00,NFL,NFL,,Deone Walker,,,,ACTIVE,DT,,,,INJURY_AVAILABILITY,ESPN_PUBLIC,Active INJURY_STATUS_ACTIVE,high
ESPN-CTX-329064acb8f9f0861b9e9278,2026-10-01T14:04:34.219192-07:00,NFL,NFL,,D'Andre Swift,,,,QUESTIONABLE,RB,,,,INJURY_AVAILABILITY,ESPN_PUBLIC,Questionable INJURY_STATUS_QUESTIONABLE Knee,high
ESPN-CTX-2485fe0ca29885cda70aafc0,2026-10-01T14:04:34.219192-07:00,NFL,NFL,,DJ Turner II,,,,QUESTIONABLE,CB,,,,INJURY_AVAILABILITY,ESPN_PUBLIC,Questionable INJURY_STATUS_QUESTIONABLE Ankle,high
ESPN-CTX-0ce2cbfe7c811af8c338a7c7,2026-10-01T14:04:34.219192-07:00,NFL,NFL,,Swayze Bozeman,,,,QUESTIONABLE,LB,,,,INJURY_AVAILABILITY,ESPN_PUBLIC,Questionable INJURY_STATUS_QUESTIONABLE Groin,high
ESPN-CTX-e961f1d197a04330cd459d9b,2026-10-01T14:04:34.219192-07:00,NFL,NFL,,Calen Bullock,,,,QUESTIONABLE,S,,,,INJURY_AVAILABILITY,ESPN_PUBLIC,Questionable INJURY_STATUS_QUESTIONABLE,high
ESPN-CTX-e652bb12395338ff709a7218,2026-10-01T14:04:34.219192-07:00,NFL,NFL,,Keenan Allen,,,,QUESTIONABLE,WR,,,,INJURY_AVAILABILITY,ESPN_PUBLIC,Questionable INJURY_STATUS_QUESTIONABLE Groin,high
ESPN-CTX-3c3bedb2e1b96d38ef03f030,2026-10-01T14:04:34.219192-07:00,NFL,NFL,,Ashton Dulin,,,,ACTIVE,WR,,,,INJURY_AVAILABILITY,ESPN_PUBLIC,Active INJURY_STATUS_ACTIVE,high
ESPN-CTX-8397b5fb9d70411d6f32ffad,2026-10-01T14:04:34.219192-07:00,NFL,NFL,,Nate Boerkircher,,,,QUESTIONABLE,TE,,,,INJURY_AVAILABILITY,ESPN_PUBLIC,Questionable INJURY_STATUS_QUESTIONABLE Illness,high
ESPN-CTX-6112f7c8ae0daf270c3060b8,2026-10-01T14:04:34.219192-07:00,NFL,NFL,,Channing Canada,,,,QUESTIONABLE,CB,,,,INJURY_AVAILABILITY,ESPN_PUBLIC,Questionable INJURY_STATUS_QUESTIONABLE Hamstring,high
ESPN-CTX-8dc225ee43f46fe19a1d5f06,2026-10-01T14:04:34.219192-07:00,NFL,NFL,,Travis Etienne Jr.,,,,IR/IL,RB,,,,INJURY_AVAILABILITY,ESPN_PUBLIC,Injured Reserve INJURY_STATUS_IR Hamstring,high
ESPN-CTX-e84eb02bedacfa2664dc722e,2026-10-01T14:04:34.219192-07:00,NFL,NFL,,Noah Fant,,,,ACTIVE,TE,,,,INJURY_AVAILABILITY,ESPN_PUBLIC,Active INJURY_STATUS_ACTIVE Abdomen,high
ESPN-CTX-41f3611738f30d305b6d8298,2026-10-01T14:04:34.219192-07:00,NFL,NFL,,Minkah Fitzpatrick,,,,ACTIVE,S,,,,INJURY_AVAILABILITY,ESPN_PUBLIC,Active INJURY_STATUS_ACTIVE,high
ESPN-CTX-0cc10487bc9019b9ec325d3e,2026-10-01T14:04:34.219192-07:00,NFL,NFL,,Brandin Cooks,,,,ACTIVE,WR,,,,INJURY_AVAILABILITY,ESPN_PUBLIC,Active INJURY_STATUS_ACTIVE,high
ESPN-CTX-99967e8b89160944c3d56767,2026-10-01T14:04:34.219192-07:00,NFL,NFL,,Amik Robertson,,,,ACTIVE,CB,,,,INJURY_AVAILABILITY,ESPN_PUBLIC,Active INJURY_STATUS_ACTIVE,high
ESPN-CTX-c4c69ae5b4b8919989a03e7a,2026-10-01T14:04:34.219192-07:00,WNBA,WNBA,,Stephanie Talbot,,,,DAY-TO-DAY INJURY_STATUS_DAYTODAY LEG,F,,,,INJURY_AVAILABILITY,ESPN_PUBLIC,Day-To-Day INJURY_STATUS_DAYTODAY Leg,high
ESPN-CTX-174f6dc29f8ad049029dc7e9,2026-10-01T14:51:14.564957-07:00,NFL,NFL,,Divine Deablo,,,,QUESTIONABLE,LB,,,,INJURY_AVAILABILITY,ESPN_PUBLIC,Questionable INJURY_STATUS_QUESTIONABLE Hamstring,high
ESPN-CTX-0772b3479f45cf123acaefe9,2026-10-01T14:51:14.564957-07:00,NFL,NFL,,DJ Wonnum,,,,ACTIVE,LB,,,,INJURY_AVAILABILITY,ESPN_PUBLIC,Active INJURY_STATUS_ACTIVE,high
ESPN-CTX-b9ffcc9fb358dc053fec1965,2026-10-01T14:51:14.564957-07:00,NFL,NFL,,Jager Burton,,,,QUESTIONABLE,C,,,,INJURY_AVAILABILITY,ESPN_PUBLIC,Questionable INJURY_STATUS_QUESTIONABLE Groin,high
ESPN-CTX-c1b9791cba6134fc7785f001,2026-10-01T14:51:14.564957-07:00,NFL,NFL,,Noah Whittington,,,,OUT,RB,,,,INJURY_AVAILABILITY,ESPN_PUBLIC,Out INJURY_STATUS_OUT Quadriceps,high
ESPN-CTX-0604e59a1059cc743c70b786,2026-10-01T14:51:14.564957-07:00,NFL,NFL,,Calen Bullock,,,,ACTIVE,S,,,,INJURY_AVAILABILITY,ESPN_PUBLIC,Active INJURY_STATUS_ACTIVE,high
ESPN-CTX-c2d764ac80c2a3f341d9d693,2026-10-01T14:51:14.564957-07:00,NFL,NFL,,Treydan Stukes,,,,ACTIVE,S,,,,INJURY_AVAILABILITY,ESPN_PUBLIC,Active INJURY_STATUS_ACTIVE,high
ESPN-CTX-7cb762bf98b873822f5b7113,2026-10-01T14:51:14.564957-07:00,NFL,NFL,,Jaylen Wright,,,,ACTIVE,RB,,,,INJURY_AVAILABILITY,ESPN_PUBLIC,Active INJURY_STATUS_ACTIVE,high
ESPN-CTX-b3696a9dec80b83cc8a7a4f9,2026-10-01T14:51:14.564957-07:00,NFL,NFL,,Aaron Brewer,,,,QUESTIONABLE,C,,,,INJURY_AVAILABILITY,ESPN_PUBLIC,Questionable INJURY_STATUS_QUESTIONABLE Hand,high
ESPN-CTX-8a9e7da096be882c54a52649,2026-10-01T14:51:14.564957-07:00,NFL,NFL,,Kaden Elliss,,,,QUESTIONABLE,LB,,,,INJURY_AVAILABILITY,ESPN_PUBLIC,Questionable INJURY_STATUS_QUESTIONABLE Calf,high
ESPN-CTX-661e0bb336e0e53830b5530a,2026-10-01T14:51:14.564957-07:00,NFL,NFL,,Carl Granderson,,,,QUESTIONABLE,DE,,,,INJURY_AVAILABILITY,ESPN_PUBLIC,Questionable INJURY_STATUS_QUESTIONABLE Ankle,high
ESPN-CTX-e95e80cde230f9e54ed68f84,2026-10-01T14:51:14.564957-07:00,NFL,NFL,,Martin Emerson Jr.,,,,ACTIVE,CB,,,,INJURY_AVAILABILITY,ESPN_PUBLIC,Active INJURY_STATUS_ACTIVE,high
ESPN-CTX-bc3ff02237c425ff17427052,2026-10-01T14:51:14.564957-07:00,NFL,NFL,,Julian Blackmon,,,,QUESTIONABLE,S,,,,INJURY_AVAILABILITY,ESPN_PUBLIC,Questionable INJURY_STATUS_QUESTIONABLE Calf,high
ESPN-CTX-88c3aec85939cda55b55cedf,2026-10-01T14:51:14.564957-07:00,NFL,NFL,,Noah Fant,,,,QUESTIONABLE,TE,,,,INJURY_AVAILABILITY,ESPN_PUBLIC,Questionable INJURY_STATUS_QUESTIONABLE Abdomen,high
ESPN-CTX-da626cf0cadd5309f6cad911,2026-10-01T14:51:14.564957-07:00,NFL,NFL,,Jordyn Tyson,,,,IR/IL,WR,,,,INJURY_AVAILABILITY,ESPN_PUBLIC,Injured Reserve INJURY_STATUS_IR Hamstring,high
ESPN-CTX-e3ba16810fe26e9d923ca3e0,2026-10-01T14:51:14.564957-07:00,NFL,NFL,,Benjamin Morrison,,,,QUESTIONABLE,CB,,,,INJURY_AVAILABILITY,ESPN_PUBLIC,Questionable INJURY_STATUS_QUESTIONABLE Quadriceps,high
ESPN-CTX-3b6baa7202bedc4d198b5862,2026-10-01T14:51:14.564957-07:00,NFL,NFL,,Josiah Trotter,,,,ACTIVE,LB,,,,INJURY_AVAILABILITY,ESPN_PUBLIC,Active INJURY_STATUS_ACTIVE,high
ESPN-CTX-873902ec2efba7969987de92,2026-10-01T16:13:01.028751-07:00,NFL,NFL,,Taylen Green,,,,OUT,QB,,,,INJURY_AVAILABILITY,ESPN_PUBLIC,Out INJURY_STATUS_OUT Coach's Decision,high
ESPN-CTX-0cd612d3721e144385b81b91,2026-10-01T16:13:01.028751-07:00,NFL,NFL,,Justin Jefferson,,,,OUT,LB,,,,INJURY_AVAILABILITY,ESPN_PUBLIC,Out INJURY_STATUS_OUT Coach's Decision,high
ESPN-CTX-bd42135875a3e11661ca40ee,2026-10-01T16:13:01.028751-07:00,NFL,NFL,,Joey Porter Jr.,,,,QUESTIONABLE,CB,,,,INJURY_AVAILABILITY,ESPN_PUBLIC,Questionable INJURY_STATUS_QUESTIONABLE Back,high
ESPN-CTX-5b956a8963bad4610d4771d4,2026-10-01T16:13:01.028751-07:00,NFL,NFL,,Alec Ingold,,,,ACTIVE,FB,,,,INJURY_AVAILABILITY,ESPN_PUBLIC,Active INJURY_STATUS_ACTIVE,high
ESPN-CTX-9a1a07332382bac1d608b671,2026-10-01T16:13:01.028751-07:00,NFL,NFL,,Marcus Epps,,,,QUESTIONABLE,S,,,,INJURY_AVAILABILITY,ESPN_PUBLIC,Questionable INJURY_STATUS_QUESTIONABLE Groin,high
ESPN-CTX-abc6b6a01d3d10d9f4a28cc0,2026-10-01T16:13:01.028751-07:00,NFL,NFL,,Will Howard,,,,OUT,QB,,,,INJURY_AVAILABILITY,ESPN_PUBLIC,Out INJURY_STATUS_OUT Coach's Decision,high
ESPN-CTX-df5162617051976b34b12d8a,2026-10-01T16:13:01.028751-07:00,NFL,NFL,,Gabriel Rubio,,,,OUT,DE,,,,INJURY_AVAILABILITY,ESPN_PUBLIC,Out INJURY_STATUS_OUT Coach's Decision,high
ESPN-CTX-2e119740acf7c30cd5ba71d5,2026-10-01T16:13:01.028751-07:00,NFL,NFL,,Kevin Jobity Jr.,,,,OUT,DT,,,,INJURY_AVAILABILITY,ESPN_PUBLIC,Out INJURY_STATUS_OUT Coach's Decision,high
ESPN-CTX-3422f36c27f17ebaaeb522cf,2026-10-01T16:13:01.028751-07:00,NFL,NFL,,Eli Heidenreich,,,,OUT,RB,,,,INJURY_AVAILABILITY,ESPN_PUBLIC,Out INJURY_STATUS_OUT Coach's Decision,high
ESPN-CTX-80b3b7563bcc662b32dd678c,2026-10-01T16:13:01.028751-07:00,NFL,NFL,,Drew Allar,,,,OUT,QB,,,,INJURY_AVAILABILITY,ESPN_PUBLIC,Out INJURY_STATUS_OUT Coach's Decision,high
ESPN-CTX-e0eebf5a5d457604e002613c,2026-10-01T16:13:01.028751-07:00,NFL,NFL,,Jalen Ramsey,,,,ACTIVE,CB,,,,INJURY_AVAILABILITY,ESPN_PUBLIC,Active INJURY_STATUS_ACTIVE,high
ESPN-CTX-b1694e1afeaf5e2f1e72403a,2026-10-01T16:13:01.028751-07:00,NFL,NFL,,Yahya Black,,,,ACTIVE,DE,,,,INJURY_AVAILABILITY,ESPN_PUBLIC,Active INJURY_STATUS_ACTIVE,high
ESPN-CTX-0d3e0fe10d40615827d32c57,2026-10-01T16:56:35.266726-07:00,NFL,NFL,,Grey Zabel,,,,ACTIVE,G,,,,INJURY_AVAILABILITY,ESPN_PUBLIC,Active INJURY_STATUS_ACTIVE,high
ESPN-CTX-59b9590c3cc554c0f4bdb9ad,2026-10-01T16:56:35.266726-07:00,NFL,NFL,,Jarran Reed,,,,ACTIVE,DT,,,,INJURY_AVAILABILITY,ESPN_PUBLIC,Active INJURY_STATUS_ACTIVE,high
ESPN-CTX-e76f6d3616eac5e4cb7e964d,2026-10-01T16:56:35.266726-07:00,NFL,NFL,,Brandon Pili,,,,ACTIVE,DT,,,,INJURY_AVAILABILITY,ESPN_PUBLIC,Active INJURY_STATUS_ACTIVE,high
ESPN-CTX-c8da79b05b1dc61c0f29ee35,2026-10-01T16:56:35.266726-07:00,WNBA,WNBA,,Awak Kuier,,,,DAY-TO-DAY INJURY_STATUS_DAYTODAY WRIST,F,,,,INJURY_AVAILABILITY,ESPN_PUBLIC,Day-To-Day INJURY_STATUS_DAYTODAY Wrist,high
ESPN-CTX-326f9bfab3be9142adbee41f,2026-10-01T18:44:18.629804-07:00,NFL,NFL,,Mason Graham,,,,QUESTIONABLE,DT,,,,INJURY_AVAILABILITY,ESPN_PUBLIC,Questionable INJURY_STATUS_QUESTIONABLE Knee,high
ESPN-CTX-7666e820207d25372bdf888f,2026-10-01T18:44:18.629804-07:00,NFL,NFL,,Jihad Ward,,,,ACTIVE,LB,,,,INJURY_AVAILABILITY,ESPN_PUBLIC,Active INJURY_STATUS_ACTIVE,high
ESPN-CTX-ec62eaeda7e04a6d4663d192,2026-10-01T18:44:18.629804-07:00,NFL,NFL,,Derrick Harmon,,,,ACTIVE,DT,,,,INJURY_AVAILABILITY,ESPN_PUBLIC,Active INJURY_STATUS_ACTIVE Foot,high
ESPN-CTX-2a6ad44e2a7b4183f476003d,2026-10-01T18:44:18.629804-07:00,NFL,NFL,,Jamel Dean,,,,ACTIVE,CB,,,,INJURY_AVAILABILITY,ESPN_PUBLIC,Active INJURY_STATUS_ACTIVE Ankle,high
ESPN-CTX-60a0b4d2405409dd79d0f0f2,2026-10-01T18:44:18.629804-07:00,WNBA,WNBA,,Stephanie Talbot,,,,OUT,F,,,,INJURY_AVAILABILITY,ESPN_PUBLIC,Out INJURY_STATUS_OUT Leg,high
ESPN-CTX-7ef8ff6dae31763b0402e8b1,2026-10-01T19:20:50.725452-07:00,NFL,NFL,,Mike Hall Jr.,,,,QUESTIONABLE,DT,,,,INJURY_AVAILABILITY,ESPN_PUBLIC,Questionable INJURY_STATUS_QUESTIONABLE Ankle,high
ESPN-CTX-1b891626b52ccb97fddc9fbe,2026-10-01T19:20:50.725452-07:00,NFL,NFL,,Derrick Harmon,,,,QUESTIONABLE,DT,,,,INJURY_AVAILABILITY,ESPN_PUBLIC,Questionable INJURY_STATUS_QUESTIONABLE Foot,high
ESPN-CTX-9a0b12ed361246eb114b7631,2026-10-02T00:02:32.797071-07:00,NFL,NFL,,Mike Hall Jr.,,,,ACTIVE,DT,,,,INJURY_AVAILABILITY,ESPN_PUBLIC,Active INJURY_STATUS_ACTIVE,high
ESPN-CTX-b847ed2516cd03350f498b7f,2026-10-02T11:30:15.697626-07:00,MLB,MLB,,Dane Myers,,,,OUT,CF,,,,INJURY_AVAILABILITY,ESPN_PUBLIC,Out INJURY_STATUS_OUT Shoulder,high
ESPN-CTX-2880bc362a97b40e3f0bb0e7,2026-10-02T11:30:15.697626-07:00,NFL,NFL,,Trey Hendrickson,,,,OUT,LB,,,,INJURY_AVAILABILITY,ESPN_PUBLIC,Out INJURY_STATUS_OUT Finger,high
ESPN-CTX-1cd32b10b11c55fde25cc90e,2026-10-02T11:30:15.697626-07:00,NFL,NFL,,Ray Davis,,,,ACTIVE,RB,,,,INJURY_AVAILABILITY,ESPN_PUBLIC,Active INJURY_STATUS_ACTIVE Hamstring,high
ESPN-CTX-3750b97409031449ceec30aa,2026-10-02T11:30:15.697626-07:00,NFL,NFL,,Cam Jackson,,,,QUESTIONABLE,DT,,,,INJURY_AVAILABILITY,ESPN_PUBLIC,Questionable INJURY_STATUS_QUESTIONABLE Knee,high
ESPN-CTX-73e305dc2d1aa0b24df38e53,2026-10-02T11:30:15.697626-07:00,NFL,NFL,,Kyle Dugger,,,,OUT,S,,,,INJURY_AVAILABILITY,ESPN_PUBLIC,Out INJURY_STATUS_OUT Quadriceps,high
ESPN-CTX-0e04d3d6e75c8378c1e80a8d,2026-10-02T11:30:15.697626-07:00,NFL,NFL,,Brian Branch,,,,OUT,S,,,,INJURY_AVAILABILITY,ESPN_PUBLIC,Out INJURY_STATUS_OUT Achilles,high
ESPN-CTX-c5e3d49b47aa1eb500441289,2026-10-02T11:30:15.697626-07:00,NFL,NFL,,British Brooks,,,,OUT,RB,,,,INJURY_AVAILABILITY,ESPN_PUBLIC,Out INJURY_STATUS_OUT Hamstring,high
ESPN-CTX-31afa4a628258ceef6114bc2,2026-10-02T11:30:15.697626-07:00,NFL,NFL,,Kenneth Grant,,,,IR/IL,DT,,,,INJURY_AVAILABILITY,ESPN_PUBLIC,Injured Reserve INJURY_STATUS_IR Leg,high
ESPN-CTX-4ed39bf819c035157e569c4a,2026-10-02T11:30:15.697626-07:00,NFL,NFL,,Christian Gonzalez,,,,OUT,CB,,,,INJURY_AVAILABILITY,ESPN_PUBLIC,Out INJURY_STATUS_OUT Shoulder,high
ESPN-CTX-7e582cb6b227c7a38b9a2c0a,2026-10-02T11:30:15.697626-07:00,NFL,NFL,,Christian Barmore,,,,OUT,DT,,,,INJURY_AVAILABILITY,ESPN_PUBLIC,Out INJURY_STATUS_OUT Shoulder,high
ESPN-CTX-4b4d106f875e583780859d14,2026-10-02T11:30:15.697626-07:00,NFL,NFL,,Breece Hall,,,,OUT,RB,,,,INJURY_AVAILABILITY,ESPN_PUBLIC,Out INJURY_STATUS_OUT Quadriceps,high
ESPN-CTX-4d29e1984f3860f5698a1b1d,2026-10-02T11:30:15.697626-07:00,NFL,NFL,,Dylan Parham,,,,OUT,G,,,,INJURY_AVAILABILITY,ESPN_PUBLIC,Out INJURY_STATUS_OUT Knee,high
ESPN-CTX-c532adf805a4eb805f2e4b7d,2026-10-02T11:30:15.697626-07:00,NFL,NFL,,Ko Kieft,,,,OUT,TE,,,,INJURY_AVAILABILITY,ESPN_PUBLIC,Out INJURY_STATUS_OUT Elbow,high
ESPN-CTX-7f0d3d76522a346a4cea2731,2026-10-02T11:30:15.697626-07:00,NFL,NFL,,Benjamin Morrison,,,,OUT,CB,,,,INJURY_AVAILABILITY,ESPN_PUBLIC,Out INJURY_STATUS_OUT Quadriceps,high
ESPN-CTX-7bbc7d31cf34600a30455322,2026-10-02T11:30:15.697626-07:00,NFL,NFL,,Chig Okonkwo,,,,ACTIVE,TE,,,,INJURY_AVAILABILITY,ESPN_PUBLIC,Active INJURY_STATUS_ACTIVE,high
ESPN-CTX-fd59927d894edaa22070781f,2026-10-02T11:30:15.697626-07:00,NFL,NFL,,Rachaad White,,,,OUT,RB,,,,INJURY_AVAILABILITY,ESPN_PUBLIC,Out INJURY_STATUS_OUT Shoulder,high
ESPN-CTX-128098fa10686a69c9cac958,2026-10-02T11:30:15.697626-07:00,NFL,NFL,,Nick Allegretti,,,,ACTIVE,G,,,,INJURY_AVAILABILITY,ESPN_PUBLIC,Active INJURY_STATUS_ACTIVE,high
ESPN-CTX-70339cee59fb8c8fb3508b31,2026-10-02T11:30:15.697626-07:00,NFL,NFL,,Frankie Luvu,,,,ACTIVE,LB,,,,INJURY_AVAILABILITY,ESPN_PUBLIC,Active INJURY_STATUS_ACTIVE,high
ESPN-CTX-6544fb1ae250d3d455621bea,2026-10-02T11:30:15.697626-07:00,NFL,NFL,,Lucas Patrick,,,,ACTIVE,G,,,,INJURY_AVAILABILITY,ESPN_PUBLIC,Active INJURY_STATUS_ACTIVE,high
ESPN-CTX-56fb82b52abeaf0c8189fb8a,2026-10-02T11:30:15.697626-07:00,NFL,NFL,,Terry McLaurin,,,,QUESTIONABLE,WR,,,,INJURY_AVAILABILITY,ESPN_PUBLIC,Questionable INJURY_STATUS_QUESTIONABLE Hamstring,high
ESPN-CTX-fe5702fb7c244632dfce56ff,2026-10-02T12:20:31.439645-07:00,MLB,MLB,,Michael Toglia,,,,OUT,1B,,,,INJURY_AVAILABILITY,ESPN_PUBLIC,Out INJURY_STATUS_OUT Shoulder,high
ESPN-CTX-a60faf7fb44556affe2369ee,2026-10-02T12:20:31.439645-07:00,NFL,NFL,,Chris Moore,,,,ACTIVE,WR,,,,INJURY_AVAILABILITY,ESPN_PUBLIC,Active INJURY_STATUS_ACTIVE Ankle,high
ESPN-CTX-dc78c5f7ad594bb5b2480095,2026-10-02T12:20:31.439645-07:00,NFL,NFL,,Joe Andreessen,,,,ACTIVE,LB,,,,INJURY_AVAILABILITY,ESPN_PUBLIC,Active INJURY_STATUS_ACTIVE,high
ESPN-CTX-c3d5bb292cf5036642a58bcc,2026-10-02T12:20:31.439645-07:00,NFL,NFL,,Damar Hamlin,,,,ACTIVE,S,,,,INJURY_AVAILABILITY,ESPN_PUBLIC,Active INJURY_STATUS_ACTIVE,high
ESPN-CTX-2bcaf374b8f78102a029e3ca,2026-10-02T12:20:31.439645-07:00,NFL,NFL,,Ray Davis,,,,QUESTIONABLE,RB,,,,INJURY_AVAILABILITY,ESPN_PUBLIC,Questionable INJURY_STATUS_QUESTIONABLE Hamstring,high
ESPN-CTX-fda9116f929728387cdb563d,2026-10-02T12:20:31.439645-07:00,NFL,NFL,,Braxton Jones,,,,OUT,OT,,,,INJURY_AVAILABILITY,ESPN_PUBLIC,Out INJURY_STATUS_OUT Knee,high
ESPN-CTX-14f4033c9c90b900cc65d505,2026-10-02T12:20:31.439645-07:00,NFL,NFL,,Cam Lewis,,,,DOUBTFUL,CB,,,,INJURY_AVAILABILITY,ESPN_PUBLIC,Doubtful INJURY_STATUS_DOUBTFUL Leg,high
ESPN-CTX-f8c17705e99c322030cb7276,2026-10-02T12:20:31.439645-07:00,NFL,NFL,,Puka Nacua,,,,ACTIVE,WR,,,,INJURY_AVAILABILITY,ESPN_PUBLIC,Active INJURY_STATUS_ACTIVE,high
ESPN-CTX-a9204f72ec90f8de52fce79d,2026-10-02T12:20:31.439645-07:00,NFL,NFL,,Terrance Ferguson,,,,OUT,TE,,,,INJURY_AVAILABILITY,ESPN_PUBLIC,Out INJURY_STATUS_OUT Ankle,high
ESPN-CTX-039a63c247b6f3fe2d711400,2026-10-02T12:20:31.439645-07:00,NFL,NFL,,Aaron Donald,,,,OUT,DT,,,,INJURY_AVAILABILITY,ESPN_PUBLIC,Out INJURY_STATUS_OUT Back,high
ESPN-CTX-e06d2619807e94c43f547471,2026-10-02T12:20:31.439645-07:00,NFL,NFL,,Jaylen Watson,,,,OUT,CB,,,,INJURY_AVAILABILITY,ESPN_PUBLIC,Out INJURY_STATUS_OUT Shoulder,high
ESPN-CTX-b173f77a449d8d84ff4beb82,2026-10-02T12:20:31.439645-07:00,NFL,NFL,,Justin Jefferson,,,,OUT,WR,,,,INJURY_AVAILABILITY,ESPN_PUBLIC,Out INJURY_STATUS_OUT Ankle,high
ESPN-CTX-8ca0b95c3c11a8d0df688244,2026-10-02T13:45:19.733499-07:00,MLB,MLB,,Shane McClanahan,,,,OUT,SP,,,,INJURY_AVAILABILITY,ESPN_PUBLIC,Out INJURY_STATUS_OUT Forearm,high
ESPN-CTX-b7177a586961215289f3dc0e,2026-10-02T13:45:19.733499-07:00,NFL,NFL,,Jordan Battle,,,,ACTIVE,S,,,,INJURY_AVAILABILITY,ESPN_PUBLIC,Active INJURY_STATUS_ACTIVE,high
ESPN-CTX-59f56f82b5f8558c9750efcb,2026-10-02T13:45:19.733499-07:00,NFL,NFL,,Jacob Monk,,,,OUT,C,,,,INJURY_AVAILABILITY,ESPN_PUBLIC,Out INJURY_STATUS_OUT Quadriceps,high
ESPN-CTX-ca78442378a55e080e0eefa7,2026-10-02T13:45:19.733499-07:00,NFL,NFL,,Karl Brooks,,,,ACTIVE,DT,,,,INJURY_AVAILABILITY,ESPN_PUBLIC,Active INJURY_STATUS_ACTIVE,high
ESPN-CTX-ca9d17fb4f2a43138aabcaac,2026-10-02T13:45:19.733499-07:00,NFL,NFL,,Azeez Al-Shaair,,,,OUT,LB,,,,INJURY_AVAILABILITY,ESPN_PUBLIC,Out INJURY_STATUS_OUT Groin,high
ESPN-CTX-353cdb500dd9e11c1cd3d40e,2026-10-02T13:45:19.733499-07:00,NFL,NFL,,Nico Collins,,,,ACTIVE,WR,,,,INJURY_AVAILABILITY,ESPN_PUBLIC,Active INJURY_STATUS_ACTIVE,high
ESPN-CTX-a1051f6f1747c8009f6ce9c5,2026-10-02T13:45:19.733499-07:00,NFL,NFL,,Nate Boerkircher,,,,ACTIVE,TE,,,,INJURY_AVAILABILITY,ESPN_PUBLIC,Active INJURY_STATUS_ACTIVE,high
ESPN-CTX-46700b06afd73d8d0bfad8c8,2026-10-02T13:45:19.733499-07:00,NFL,NFL,,Jackson Powers-Johnson,,,,OUT,G,,,,INJURY_AVAILABILITY,ESPN_PUBLIC,Out INJURY_STATUS_OUT Groin,high
ESPN-CTX-90745f987cfc92aff17dc638,2026-10-02T13:45:19.733499-07:00,NFL,NFL,,Justin Eboigbe,,,,ACTIVE,DT,,,,INJURY_AVAILABILITY,ESPN_PUBLIC,Active INJURY_STATUS_ACTIVE,high
ESPN-CTX-4c4c73368f45930b7df79977,2026-10-02T13:45:19.733499-07:00,NFL,NFL,,Aaron Brewer,,,,ACTIVE,C,,,,INJURY_AVAILABILITY,ESPN_PUBLIC,Active INJURY_STATUS_ACTIVE,high
ESPN-CTX-4614507d8e41543b14affadd,2026-10-02T13:45:19.733499-07:00,NFL,NFL,,Jeremy Ruckert,,,,ACTIVE,TE,,,,INJURY_AVAILABILITY,ESPN_PUBLIC,Active INJURY_STATUS_ACTIVE,high
ESPN-CTX-25fcd904fb32484818f4ffbf,2026-10-02T13:45:19.733499-07:00,NFL,NFL,,DeVonta Smith,,,,OUT,WR,,,,INJURY_AVAILABILITY,ESPN_PUBLIC,Out INJURY_STATUS_OUT Hamstring,high
ESPN-CTX-99d01c5bcfcdf2804934087b,2026-10-02T13:45:19.733499-07:00,NFL,NFL,,Kevin Winston Jr.,,,,QUESTIONABLE,S,,,,INJURY_AVAILABILITY,ESPN_PUBLIC,Questionable INJURY_STATUS_QUESTIONABLE Shoulder,high
ESPN-CTX-7711ff79249793bb541ac391,2026-10-02T13:45:19.733499-07:00,NFL,NFL,,John Franklin-Myers,,,,ACTIVE,DE,,,,INJURY_AVAILABILITY,ESPN_PUBLIC,Active INJURY_STATUS_ACTIVE,high
ESPN-CTX-fc42f189a7244643745768e2,2026-10-02T14:21:22.531791-07:00,NFL,NFL,,Terrance Ferguson,,,,IR/IL,TE,,,,INJURY_AVAILABILITY,ESPN_PUBLIC,Injured Reserve INJURY_STATUS_IR Ankle,high
ESPN-CTX-ab6b74abc7f7e6f4ba2f72a4,2026-10-02T14:21:22.531791-07:00,NFL,NFL,,Marcus Epps,,,,OUT,S,,,,INJURY_AVAILABILITY,ESPN_PUBLIC,Out INJURY_STATUS_OUT Groin,high
ESPN-CTX-5c6828f3f9237b589ea41b08,2026-10-02T14:21:22.531791-07:00,NFL,NFL,,Moro Ojomo,,,,ACTIVE,DT,,,,INJURY_AVAILABILITY,ESPN_PUBLIC,Active INJURY_STATUS_ACTIVE,high
ESPN-CTX-f6098f97bea377948287e8d4,2026-10-02T14:21:22.531791-07:00,NFL,NFL,,Zack Baun,,,,OUT,LB,,,,INJURY_AVAILABILITY,ESPN_PUBLIC,Out INJURY_STATUS_OUT Concussion,high
ESPN-CTX-dc1f29cba5da58dd3b2a0a42,2026-10-02T14:21:22.531791-07:00,NFL,NFL,,Christian Kirk,,,,IR/IL,WR,,,,INJURY_AVAILABILITY,ESPN_PUBLIC,Injured Reserve INJURY_STATUS_IR Calf,high
ESPN-CTX-1d16e2b805def79ab53f1cec,2026-10-02T14:21:22.531791-07:00,NFL,NFL,,Jadarian Price,,,,OUT,RB,,,,INJURY_AVAILABILITY,ESPN_PUBLIC,Out INJURY_STATUS_OUT Chest,high
ESPN-CTX-b26be2a7f5a5ab12f933be16,2026-10-02T14:21:22.531791-07:00,NFL,NFL,,Keionte Scott,,,,ACTIVE,CB,,,,INJURY_AVAILABILITY,ESPN_PUBLIC,Active INJURY_STATUS_ACTIVE,high
ESPN-CTX-e01f166dc0def979085de039,2026-10-02T14:21:22.531791-07:00,NFL,NFL,,Yaya Diaby,,,,ACTIVE,LB,,,,INJURY_AVAILABILITY,ESPN_PUBLIC,Active INJURY_STATUS_ACTIVE,high
ESPN-CTX-39ae73996820e4b5391ca91f,2026-10-02T16:00:58.332644-07:00,MLB,MLB,,Tyron Guerrero,,,,OUT,RP,,,,INJURY_AVAILABILITY,ESPN_PUBLIC,Out INJURY_STATUS_OUT Shoulder,high
ESPN-CTX-d4d57b7e0609d49549fe3db7,2026-10-02T16:00:58.332644-07:00,MLB,MLB,,Masataka Yoshida,,,,OUT,DH,,,,INJURY_AVAILABILITY,ESPN_PUBLIC,Out INJURY_STATUS_OUT Hamstring,high
ESPN-CTX-36cbb3b762c855b1165bdcf7,2026-10-02T16:00:58.332644-07:00,MLB,MLB,,Enyel De Los Santos,,,,OUT,RP,,,,INJURY_AVAILABILITY,ESPN_PUBLIC,Out INJURY_STATUS_OUT Knee,high
ESPN-CTX-d29c8d84b4f44a5ec272e8e7,2026-10-02T16:00:58.332644-07:00,MLB,MLB,,Cristian Javier,,,,OUT,SP,,,,INJURY_AVAILABILITY,ESPN_PUBLIC,Out INJURY_STATUS_OUT Groin,high
ESPN-CTX-1eebf76f49576152470e0611,2026-10-02T16:00:58.332644-07:00,MLB,MLB,,Brice Matthews,,,,OUT,CF,,,,INJURY_AVAILABILITY,ESPN_PUBLIC,Out INJURY_STATUS_OUT Knee,high
ESPN-CTX-385d40092e8cf0d244b3e121,2026-10-02T16:00:58.332644-07:00,MLB,MLB,,Daulton Varsho,,,,OUT,CF,,,,INJURY_AVAILABILITY,ESPN_PUBLIC,Out INJURY_STATUS_OUT Wrist,high
ESPN-CTX-d60707d56fd12cbc884c3a3e,2026-10-02T16:00:58.332644-07:00,NFL,NFL,,Josh Sweat,,,,QUESTIONABLE,LB,,,,INJURY_AVAILABILITY,ESPN_PUBLIC,Questionable INJURY_STATUS_QUESTIONABLE Groin,high
ESPN-CTX-07766a5c32a2a9c68e8d4cd2,2026-10-02T16:00:58.332644-07:00,NFL,NFL,,Walter Nolen III,,,,ACTIVE,DT,,,,INJURY_AVAILABILITY,ESPN_PUBLIC,Active INJURY_STATUS_ACTIVE,high
ESPN-CTX-8cf6ac4d37c08d2623817695,2026-10-02T16:00:58.332644-07:00,NFL,NFL,,Kendal Daniels,,,,QUESTIONABLE,LB,,,,INJURY_AVAILABILITY,ESPN_PUBLIC,Questionable INJURY_STATUS_QUESTIONABLE Achilles,high
ESPN-CTX-339b682036b8de1a7abfe6a2,2026-10-02T16:00:58.332644-07:00,NFL,NFL,,Malik Hooker,,,,ACTIVE,S,,,,INJURY_AVAILABILITY,ESPN_PUBLIC,Active INJURY_STATUS_ACTIVE,high
ESPN-CTX-b683edbd7b1b50af708a4d59,2026-10-02T16:00:58.332644-07:00,NFL,NFL,,Shavon Revel Jr.,,,,ACTIVE,CB,,,,INJURY_AVAILABILITY,ESPN_PUBLIC,Active INJURY_STATUS_ACTIVE,high
ESPN-CTX-8f982e4ec9b01bc629325e76,2026-10-02T16:00:58.332644-07:00,NFL,NFL,,Dondrea Tillman,,,,OUT,LB,,,,INJURY_AVAILABILITY,ESPN_PUBLIC,Out INJURY_STATUS_OUT Hamstring,high
ESPN-CTX-2b3e54a7bddafff0c03c56de,2026-10-02T16:00:58.332644-07:00,NFL,NFL,,British Brooks,,,,IR/IL,RB,,,,INJURY_AVAILABILITY,ESPN_PUBLIC,Injured Reserve INJURY_STATUS_IR Hamstring,high
ESPN-CTX-171663ce35662b6b949a1d12,2026-10-02T16:00:58.332644-07:00,NFL,NFL,,Dont'e Thornton Jr.,,,,IR/IL,WR,,,,INJURY_AVAILABILITY,ESPN_PUBLIC,Injured Reserve INJURY_STATUS_IR Undisclosed,high
ESPN-CTX-cbd8badc218efbf72bbf88c0,2026-10-02T16:00:58.332644-07:00,NFL,NFL,,Kamren Kinchens,,,,ACTIVE,S,,,,INJURY_AVAILABILITY,ESPN_PUBLIC,Active INJURY_STATUS_ACTIVE,high
ESPN-CTX-542fb123d8cec9a5d5565c28,2026-10-02T16:00:58.332644-07:00,NFL,NFL,,Josh Wallace,,,,ACTIVE,CB,,,,INJURY_AVAILABILITY,ESPN_PUBLIC,Active INJURY_STATUS_ACTIVE,high
ESPN-CTX-922bb84fc387b51a6b2b1594,2026-10-02T16:00:58.332644-07:00,NFL,NFL,,Julian Blackmon,,,,ACTIVE,S,,,,INJURY_AVAILABILITY,ESPN_PUBLIC,Active INJURY_STATUS_ACTIVE,high
ESPN-CTX-c3759ca4b9d70586c528e247,2026-10-02T16:00:58.332644-07:00,NFL,NFL,,Deonte Banks,,,,ACTIVE,CB,,,,INJURY_AVAILABILITY,ESPN_PUBLIC,Active INJURY_STATUS_ACTIVE,high
ESPN-CTX-488b3e6e4a44523ee7fb3016,2026-10-02T16:00:58.332644-07:00,NFL,NFL,,Tyler Nubin,,,,ACTIVE,S,,,,INJURY_AVAILABILITY,ESPN_PUBLIC,Active INJURY_STATUS_ACTIVE,high
ESPN-CTX-0b4ed44faf753357244a7f3d,2026-10-02T16:00:58.332644-07:00,NFL,NFL,,Trent Williams,,,,ACTIVE,OT,,,,INJURY_AVAILABILITY,ESPN_PUBLIC,Active INJURY_STATUS_ACTIVE,high
ESPN-CTX-782f71ffd2b8a33c6d6be091,2026-10-02T16:00:58.332644-07:00,NFL,NFL,,Jaden Dugger,,,,QUESTIONABLE,LB,,,,INJURY_AVAILABILITY,ESPN_PUBLIC,Questionable INJURY_STATUS_QUESTIONABLE Shoulder,high
ESPN-CTX-b2364f989906eafcc30df42c,2026-10-02T16:00:58.332644-07:00,NFL,NFL,,Romello Height,,,,ACTIVE,DE,,,,INJURY_AVAILABILITY,ESPN_PUBLIC,Active INJURY_STATUS_ACTIVE,high
ESPN-CTX-230dbb7b02b5ebad18afbc8c,2026-10-02T16:00:58.332644-07:00,NFL,NFL,,Chazz Surratt,,,,QUESTIONABLE,LB,,,,INJURY_AVAILABILITY,ESPN_PUBLIC,Questionable INJURY_STATUS_QUESTIONABLE Calf,high
ESPN-CTX-7a3fe2396107fccc67ce7c73,2026-10-02T16:00:58.332644-07:00,NFL,NFL,,Julian Love,,,,ACTIVE,S,,,,INJURY_AVAILABILITY,ESPN_PUBLIC,Active INJURY_STATUS_ACTIVE,high
ESPN-CTX-403cbea0b80d917ceef1844b,2026-10-02T19:02:33.164108-07:00,NFL,NFL,,Robert Spears-Jennings,,,,ACTIVE,S,,,,INJURY_AVAILABILITY,ESPN_PUBLIC,Active INJURY_STATUS_ACTIVE,high
ESPN-CTX-9b6cacb1682abdacfc3f7058,2026-10-02T23:33:34.773521-07:00,NFL,NFL,,Denzel Ward,,,,ACTIVE,CB,,,,INJURY_AVAILABILITY,ESPN_PUBLIC,Active INJURY_STATUS_ACTIVE,high
ESPN-CTX-b75666814a932af588df4989,2026-10-03T10:22:21.959710-07:00,MLB,MLB,,Walker Buehler,,,,PATERNITY INJURY_STATUS_PATERNITY PERSONAL,SP,,,,INJURY_AVAILABILITY,ESPN_PUBLIC,paternity INJURY_STATUS_PATERNITY Personal,high
ESPN-CTX-3908c54320b626ef41fe2c23,2026-10-03T10:22:21.959710-07:00,NFL,NFL,,Kendal Daniels,,,,ACTIVE,LB,,,,INJURY_AVAILABILITY,ESPN_PUBLIC,Active INJURY_STATUS_ACTIVE,high
ESPN-CTX-90d2ffe27f90da87f8138666,2026-10-03T10:22:21.959710-07:00,NFL,NFL,,Keenan Allen,,,,OUT,WR,,,,INJURY_AVAILABILITY,ESPN_PUBLIC,Out INJURY_STATUS_OUT Groin,high
ESPN-CTX-f9953361f2283268357f14ad,2026-10-03T10:22:21.959710-07:00,NFL,NFL,,Carlos Washington Jr.,,,,ACTIVE,RB,,,,INJURY_AVAILABILITY,ESPN_PUBLIC,Active INJURY_STATUS_ACTIVE,high
ESPN-CTX-7540903950efe2533420e1f9,2026-10-03T10:22:21.959710-07:00,NFL,NFL,,Craig Reynolds,,,,ACTIVE,RB,,,,INJURY_AVAILABILITY,ESPN_PUBLIC,Active INJURY_STATUS_ACTIVE,high
ESPN-CTX-db1630c34501beb8c700eee4,2026-10-03T10:22:21.959710-07:00,NFL,NFL,,Terry McLaurin,,,,DOUBTFUL,WR,,,,INJURY_AVAILABILITY,ESPN_PUBLIC,Doubtful INJURY_STATUS_DOUBTFUL Hamstring,high
ESPN-CTX-4039c2899152ae2ab0e4f9d2,2026-10-03T10:59:25.070660-07:00,NFL,NFL,,Garrett Dellinger,,,,QUESTIONABLE,G,,,,INJURY_AVAILABILITY,ESPN_PUBLIC,Questionable INJURY_STATUS_QUESTIONABLE Achilles,high
ESPN-CTX-67cdc5e6e19d5a766d75fdf0,2026-10-03T12:16:52.266783-07:00,NFL,NFL,,Yasir Abdullah,,,,QUESTIONABLE,LB,,,,INJURY_AVAILABILITY,ESPN_PUBLIC,Questionable INJURY_STATUS_QUESTIONABLE Illness,high
ESPN-CTX-113c4e742563b2c33db56ec7,2026-10-03T12:16:52.266783-07:00,NFL,NFL,,Warren Brinson,,,,IR/IL,DT,,,,INJURY_AVAILABILITY,ESPN_PUBLIC,Injured Reserve INJURY_STATUS_IR Calf,high
ESPN-CTX-9828e420031e10d2257158fe,2026-10-03T12:16:52.266783-07:00,NFL,NFL,,Carl Granderson,,,,OUT,DE,,,,INJURY_AVAILABILITY,ESPN_PUBLIC,Out INJURY_STATUS_OUT Ankle,high
ESPN-CTX-7d4579c314c997b3f2748b37,2026-10-03T12:16:52.266783-07:00,NFL,NFL,,Kaden Elliss,,,,OUT,LB,,,,INJURY_AVAILABILITY,ESPN_PUBLIC,Out INJURY_STATUS_OUT Calf,high
ESPN-CTX-2b7ebf738749cdb67258ceaa,2026-10-03T12:16:52.266783-07:00,NFL,NFL,,Anfernee Jennings,,,,OUT,LB,,,,INJURY_AVAILABILITY,ESPN_PUBLIC,Out INJURY_STATUS_OUT Knee,high
ESPN-CTX-b6756653d268eb458bbc0971,2026-10-03T12:16:52.266783-07:00,NFL,NFL,,Garrett Dellinger,,,,QUESTIONABLE,G,,,,INJURY_AVAILABILITY,ESPN_PUBLIC,Questionable INJURY_STATUS_QUESTIONABLE Illness,high
ESPN-CTX-9250ede43c2f135d9f08c702,2026-10-03T12:52:53.177370-07:00,NFL,NFL,,Aidan O'Connell,,,,ACTIVE,QB,,,,INJURY_AVAILABILITY,ESPN_PUBLIC,Active INJURY_STATUS_ACTIVE,high
ESPN-CTX-fb571f8613070d8e9c25c069,2026-10-03T12:52:53.177370-07:00,NFL,NFL,,Christen Miller,,,,ACTIVE,DT,,,,INJURY_AVAILABILITY,ESPN_PUBLIC,Active INJURY_STATUS_ACTIVE,high
ESPN-CTX-0d2a8ce731e2c7c698023e94,2026-10-03T12:52:53.177370-07:00,NFL,NFL,,Barion Brown,,,,ACTIVE,WR,,,,INJURY_AVAILABILITY,ESPN_PUBLIC,Active INJURY_STATUS_ACTIVE,high
ESPN-CTX-d76ea0798b40419ea1b9cddb,2026-10-03T15:09:07.431199-07:00,NFL,NFL,,Ethan Pocic,,,,IR/IL,C,,,,INJURY_AVAILABILITY,ESPN_PUBLIC,Injured Reserve INJURY_STATUS_IR Knee,high
ESPN-CTX-931f6e606f233224904c96a6,2026-10-03T15:09:07.431199-07:00,NFL,NFL,,Jovaughn Gwyn,,,,IR/IL,G,,,,INJURY_AVAILABILITY,ESPN_PUBLIC,Injured Reserve INJURY_STATUS_IR Lower Leg,high
ESPN-CTX-e4dc3875bf854404f015e72a,2026-10-03T15:09:07.431199-07:00,NFL,NFL,,Xavier Legette,,,,IR/IL,WR,,,,INJURY_AVAILABILITY,ESPN_PUBLIC,Injured Reserve INJURY_STATUS_IR Knee,high
ESPN-CTX-a9b892a1f131e956331d80a6,2026-10-03T15:09:07.431199-07:00,NFL,NFL,,Monroe Freeling,,,,ACTIVE,OT,,,,INJURY_AVAILABILITY,ESPN_PUBLIC,Active INJURY_STATUS_ACTIVE,high
ESPN-CTX-e1772b48a00aee3e87a7aa65,2026-10-03T15:09:07.431199-07:00,NFL,NFL,,Braxton Jones,,,,IR/IL,OT,,,,INJURY_AVAILABILITY,ESPN_PUBLIC,Injured Reserve INJURY_STATUS_IR Knee,high
ESPN-CTX-5a89a9a78bc3d86ee646abec,2026-10-03T15:09:07.431199-07:00,NFL,NFL,,Channing Canada,,,,OUT,CB,,,,INJURY_AVAILABILITY,ESPN_PUBLIC,Out INJURY_STATUS_OUT Hamstring,high
ESPN-CTX-f1daf74d041bde6c740fe07e,2026-10-03T15:09:07.431199-07:00,NFL,NFL,,Jadarian Price,,,,IR/IL,RB,,,,INJURY_AVAILABILITY,ESPN_PUBLIC,Injured Reserve INJURY_STATUS_IR Chest,high
ESPN-CTX-b065d0cbadaccad13397cb26,2026-10-03T15:09:07.431199-07:00,WNBA,WNBA,,Han Xu,,,,DAY-TO-DAY INJURY_STATUS_DAYTODAY ILLNESS,C,,,,INJURY_AVAILABILITY,ESPN_PUBLIC,Day-To-Day INJURY_STATUS_DAYTODAY Illness,high
ESPN-CTX-9dbfb04ff333e1d20bba6f61,2026-10-03T16:09:27.134785-07:00,NFL,NFL,,Ja'seem Reed,,,,ACTIVE,WR,,,,INJURY_AVAILABILITY,ESPN_PUBLIC,Active INJURY_STATUS_ACTIVE,high
ESPN-CTX-9a3f52640b865513ba739a1b,2026-10-03T16:09:27.134785-07:00,NFL,NFL,,Adam Prentice,,,,ACTIVE,FB,,,,INJURY_AVAILABILITY,ESPN_PUBLIC,Active INJURY_STATUS_ACTIVE,high
ESPN-CTX-e1559aa0939dd040a4f85e1a,2026-10-03T16:09:27.134785-07:00,NFL,NFL,,Jake Hansen,,,,QUESTIONABLE,LB,,,,INJURY_AVAILABILITY,ESPN_PUBLIC,Questionable INJURY_STATUS_QUESTIONABLE Knee,high
ESPN-CTX-63fb46e75236c3c6545c0a7b,2026-10-03T16:09:27.134785-07:00,NFL,NFL,,Josiah Deguara,,,,ACTIVE,TE,,,,INJURY_AVAILABILITY,ESPN_PUBLIC,Active INJURY_STATUS_ACTIVE,high
ESPN-CTX-017b62c11bc25588cbd8f500,2026-10-03T16:09:27.134785-07:00,NFL,NFL,,Easton Stick,,,,ACTIVE,QB,,,,INJURY_AVAILABILITY,ESPN_PUBLIC,Active INJURY_STATUS_ACTIVE,high
ESPN-CTX-d9d7381a50f37da6c7125492,2026-10-03T17:40:01.827346-07:00,NFL,NFL,,Alex Bachman,,,,ACTIVE,WR,,,,INJURY_AVAILABILITY,ESPN_PUBLIC,Active INJURY_STATUS_ACTIVE,high
ESPN-CTX-bf69ee61e4e91b1aeb0556f4,2026-10-03T17:40:01.827346-07:00,NFL,NFL,,Malik Turner,,,,ACTIVE,WR,,,,INJURY_AVAILABILITY,ESPN_PUBLIC,Active INJURY_STATUS_ACTIVE,high
ESPN-CTX-8b7ae7e2b5de67065cbf3062,2026-10-03T19:42:09.821383-07:00,NFL,NFL,,Wade Woodaz,,,,ACTIVE,LB,,,,INJURY_AVAILABILITY,ESPN_PUBLIC,Active INJURY_STATUS_ACTIVE,high
ESPN-CTX-6f45465573c72d5870cdc7f6,2026-10-03T23:51:15.689083-07:00,NFL,NFL,,Mo Alie-Cox,,,,ACTIVE,TE,,,,INJURY_AVAILABILITY,ESPN_PUBLIC,Active INJURY_STATUS_ACTIVE,high
ESPN-CTX-2149cf2c22882bc335676c02,2026-10-03T23:51:15.689083-07:00,NFL,NFL,,Jacob Parrish,,,,QUESTIONABLE,CB,,,,INJURY_AVAILABILITY,ESPN_PUBLIC,Questionable INJURY_STATUS_QUESTIONABLE Personal,high
ESPN-CTX-5216a6e31b494a0c25140a3d,2026-10-04T01:28:01.998423-07:00,NFL,NFL,,Jovaughn Gwyn,,,,IR/IL,G,,,,INJURY_AVAILABILITY,ESPN_PUBLIC,Injured Reserve INJURY_STATUS_IR Ankle,high
ESPN-CTX-ad0d51ee2052133745180234,2026-10-04T01:28:01.998423-07:00,NFL,NFL,,Sam Franklin Jr.,,,,ACTIVE,S,,,,INJURY_AVAILABILITY,ESPN_PUBLIC,Active INJURY_STATUS_ACTIVE,high
ESPN-CTX-86754be3f3329dd3466ec140,2026-10-04T01:28:01.998423-07:00,NFL,NFL,,Cam Lewis,,,,DOUBTFUL,CB,,,,INJURY_AVAILABILITY,ESPN_PUBLIC,Doubtful INJURY_STATUS_DOUBTFUL Hip,high
ESPN-CTX-1426ad3e4ed47f76e8066871,2026-10-04T01:28:01.998423-07:00,NFL,NFL,,Josaiah Stewart,,,,QUESTIONABLE,LB,,,,INJURY_AVAILABILITY,ESPN_PUBLIC,Questionable INJURY_STATUS_QUESTIONABLE Groin,high
ESPN-CTX-f4c3b36fdb0d8c2db7dc6810,2026-10-04T03:39:06.308837-07:00,NFL,NFL,,Pete Werner,,,,QUESTIONABLE,LB,,,,INJURY_AVAILABILITY,ESPN_PUBLIC,Questionable INJURY_STATUS_QUESTIONABLE Shoulder,high
ESPN-CTX-4d58da757591c8026251f30f,2026-10-04T10:39:39.549982-07:00,NFL,NFL,,Reggie Virgil,,,,OUT,WR,,,,INJURY_AVAILABILITY,ESPN_PUBLIC,Out INJURY_STATUS_OUT Coach's Decision,high
ESPN-CTX-f3884f64621a6c22cc5e1b7a,2026-10-04T10:39:39.549982-07:00,NFL,NFL,,Carson Beck,,,,OUT,QB,,,,INJURY_AVAILABILITY,ESPN_PUBLIC,Out INJURY_STATUS_OUT Coach's Decision,high
ESPN-CTX-cd811a29779e2bfd783a4be9,2026-10-04T10:39:39.549982-07:00,NFL,NFL,,Josh Sweat,,,,ACTIVE,LB,,,,INJURY_AVAILABILITY,ESPN_PUBLIC,Active INJURY_STATUS_ACTIVE,high
ESPN-CTX-f59589ae3f66e9b539735c44,2026-10-04T10:39:39.549982-07:00,NFL,NFL,,Cameron Robertson,,,,OUT,LB,,,,INJURY_AVAILABILITY,ESPN_PUBLIC,Out INJURY_STATUS_OUT Coach's Decision,high
ESPN-CTX-4a69f270d85b1d08ff844d10,2026-10-04T10:39:39.549982-07:00,NFL,NFL,,Starling Thomas V,,,,OUT,CB,,,,INJURY_AVAILABILITY,ESPN_PUBLIC,Out INJURY_STATUS_OUT Coach's Decision,high
ESPN-CTX-62ee7b42d4d78722942924e0,2026-10-04T10:39:39.549982-07:00,NFL,NFL,,Josh Fryar,,,,OUT,OT,,,,INJURY_AVAILABILITY,ESPN_PUBLIC,Out INJURY_STATUS_OUT Coach's Decision,high
ESPN-CTX-361ed87d47df17ad4471841b,2026-10-04T10:39:39.549982-07:00,NFL,NFL,,Andrew Wingard,,,,ACTIVE,S,,,,INJURY_AVAILABILITY,ESPN_PUBLIC,Active INJURY_STATUS_ACTIVE Knee,high
ESPN-CTX-a0ed33a8beb3aa2f07dcc1ae,2026-10-04T10:39:39.549982-07:00,NFL,NFL,,Chris Moore,,,,OUT,WR,,,,INJURY_AVAILABILITY,ESPN_PUBLIC,Out INJURY_STATUS_OUT Ankle,high
ESPN-CTX-f11585bfc9056033bf5ca407,2026-10-04T10:39:39.549982-07:00,NFL,NFL,,Ronnie Stanley,,,,ACTIVE,OT,,,,INJURY_AVAILABILITY,ESPN_PUBLIC,Active INJURY_STATUS_ACTIVE,high
ESPN-CTX-93224b100e02e213e7a788b9,2026-10-04T10:39:39.549982-07:00,NFL,NFL,,Joe Fagnano,,,,OUT,QB,,,,INJURY_AVAILABILITY,ESPN_PUBLIC,Out INJURY_STATUS_OUT Coach's Decision,high
ESPN-CTX-c2422b9b0b4516f46658ca2e,2026-10-04T10:39:39.549982-07:00,NFL,NFL,,Aeneas Peebles,,,,OUT,DT,,,,INJURY_AVAILABILITY,ESPN_PUBLIC,Out INJURY_STATUS_OUT Coach's Decision,high
ESPN-CTX-0cc21d39f5172e37e9adaf7c,2026-10-04T10:39:39.549982-07:00,NFL,NFL,,Davison Igbinosun,,,,ACTIVE,CB,,,,INJURY_AVAILABILITY,ESPN_PUBLIC,Active INJURY_STATUS_ACTIVE,high
ESPN-CTX-dbbdf72a42fe96d292f2fdf3,2026-10-04T10:39:39.549982-07:00,NFL,NFL,,Christian Benford,,,,OUT,CB,,,,INJURY_AVAILABILITY,ESPN_PUBLIC,Out INJURY_STATUS_OUT Toe,high
ESPN-CTX-09e23c75702c801044e9fca1,2026-10-04T10:39:39.549982-07:00,NFL,NFL,,Ar'maj Reed-Adams,,,,OUT,G,,,,INJURY_AVAILABILITY,ESPN_PUBLIC,Out INJURY_STATUS_OUT Coach's Decision,high
ESPN-CTX-51369ea1e2a0205a8b4887bb,2026-10-04T10:39:39.549982-07:00,NFL,NFL,,Jalon Kilgore,,,,OUT,S,,,,INJURY_AVAILABILITY,ESPN_PUBLIC,Out INJURY_STATUS_OUT Coach's Decision,high
ESPN-CTX-f9aa168e7bae191a1f38caa5,2026-10-04T10:39:39.549982-07:00,NFL,NFL,,Skyler Bell,,,,OUT,WR,,,,INJURY_AVAILABILITY,ESPN_PUBLIC,Out INJURY_STATUS_OUT Coach's Decision,high
ESPN-CTX-72c16dc3f6d12c2b20b2ed4f,2026-10-04T10:39:39.549982-07:00,NFL,NFL,,Jude Bowry,,,,OUT,OT,,,,INJURY_AVAILABILITY,ESPN_PUBLIC,Out INJURY_STATUS_OUT Coach's Decision,high
ESPN-CTX-ca011b75e416878de52496b0,2026-10-04T10:39:39.549982-07:00,NFL,NFL,,Mike Danna,,,,OUT,DE,,,,INJURY_AVAILABILITY,ESPN_PUBLIC,Out INJURY_STATUS_OUT Coach's Decision,high
ESPN-CTX-1c46c8d9140029a7ed1373d2,2026-10-04T10:39:39.549982-07:00,NFL,NFL,,Cam Lewis,,,,OUT,CB,,,,INJURY_AVAILABILITY,ESPN_PUBLIC,Out INJURY_STATUS_OUT Hip,high
ESPN-CTX-51f6a2f940e1b1ab86124dba,2026-10-04T10:39:39.549982-07:00,NFL,NFL,,Ozzy Trapilo,,,,OUT,OT,,,,INJURY_AVAILABILITY,ESPN_PUBLIC,Out INJURY_STATUS_OUT Coach's Decision,high
ESPN-CTX-313ebf122c81a508a62b4c8c,2026-10-04T10:39:39.549982-07:00,NFL,NFL,,Jamree Kromah,,,,OUT,DE,,,,INJURY_AVAILABILITY,ESPN_PUBLIC,Out INJURY_STATUS_OUT Coach's Decision,high
ESPN-CTX-f6b97276e38703cb338d0206,2026-10-04T10:39:39.549982-07:00,NFL,NFL,,Jayden Loving,,,,OUT,DT,,,,INJURY_AVAILABILITY,ESPN_PUBLIC,Out INJURY_STATUS_OUT Coach's Decision,high
ESPN-CTX-5f72fdd2de10df3e49dccfc9,2026-10-04T10:39:39.549982-07:00,NFL,NFL,,James Lynch,,,,OUT,DT,,,,INJURY_AVAILABILITY,ESPN_PUBLIC,Out INJURY_STATUS_OUT Coach's Decision,high
ESPN-CTX-949a0f591bde3835ab1752e7,2026-10-04T10:39:39.549982-07:00,NFL,NFL,,Swayze Bozeman,,,,OUT,LB,,,,INJURY_AVAILABILITY,ESPN_PUBLIC,Out INJURY_STATUS_OUT Groin,high
ESPN-CTX-6049e45b0ddc764f232a518a,2026-10-04T10:39:39.549982-07:00,NFL,NFL,,Bryan Cook,,,,OUT,S,,,,INJURY_AVAILABILITY,ESPN_PUBLIC,Out INJURY_STATUS_OUT Ankle,high
ESPN-CTX-d406c7ee6e1e060487d43f1a,2026-10-04T10:39:39.549982-07:00,NFL,NFL,,Landon Robinson,,,,OUT,DT,,,,INJURY_AVAILABILITY,ESPN_PUBLIC,Out INJURY_STATUS_OUT Coach's Decision,high
ESPN-CTX-7cc2cad35ba1baa686ee615b,2026-10-04T10:39:39.549982-07:00,NFL,NFL,,Myles Hinton,,,,OUT,OT,,,,INJURY_AVAILABILITY,ESPN_PUBLIC,Out INJURY_STATUS_OUT Coach's Decision,high
ESPN-CTX-2e3a4202e34cf55694bb1d81,2026-10-04T10:39:39.549982-07:00,NFL,NFL,,Dalton Risner,,,,ACTIVE,G,,,,INJURY_AVAILABILITY,ESPN_PUBLIC,Active INJURY_STATUS_ACTIVE,high
ESPN-CTX-7076ebe465523948a1739e37,2026-10-04T10:39:39.549982-07:00,NFL,NFL,,Camden Brown,,,,OUT,WR,,,,INJURY_AVAILABILITY,ESPN_PUBLIC,Out INJURY_STATUS_OUT Coach's Decision,high
ESPN-CTX-9623c5dbf3e025caf8aa05c3,2026-10-04T10:39:39.549982-07:00,NFL,NFL,,Emari Demercado,,,,OUT,RB,,,,INJURY_AVAILABILITY,ESPN_PUBLIC,Out INJURY_STATUS_OUT Coach's Decision,high
ESPN-CTX-90c2a1d36cfc264b1316baa9,2026-10-04T10:39:39.549982-07:00,NFL,NFL,,Ajani Cornelius,,,,OUT,OT,,,,INJURY_AVAILABILITY,ESPN_PUBLIC,Out INJURY_STATUS_OUT Coach's Decision,high
ESPN-CTX-6fefdebf533a952d109eb5d7,2026-10-04T10:39:39.549982-07:00,NFL,NFL,,James Houston,,,,OUT,LB,,,,INJURY_AVAILABILITY,ESPN_PUBLIC,Out INJURY_STATUS_OUT Coach's Decision,high
ESPN-CTX-6c5b10ebc2d6892beca42b34,2026-10-04T10:39:39.549982-07:00,NFL,NFL,,Caelen Carson,,,,OUT,CB,,,,INJURY_AVAILABILITY,ESPN_PUBLIC,Out INJURY_STATUS_OUT Coach's Decision,high
ESPN-CTX-1ad81e0013da369e2c193b21,2026-10-04T10:39:39.549982-07:00,NFL,NFL,,Kevin Zeitler,,,,OUT,G,,,,INJURY_AVAILABILITY,ESPN_PUBLIC,Out INJURY_STATUS_OUT Coach's Decision,high
ESPN-CTX-ee5e7da9da4e7ded6f34d417,2026-10-04T10:39:39.549982-07:00,NFL,NFL,,Ed Ingram,,,,ACTIVE,G,,,,INJURY_AVAILABILITY,ESPN_PUBLIC,Active INJURY_STATUS_ACTIVE,high
ESPN-CTX-d9630acbadf0cfce40a1ed43,2026-10-04T10:39:39.549982-07:00,NFL,NFL,,Jake Hansen,,,,ACTIVE,LB,,,,INJURY_AVAILABILITY,ESPN_PUBLIC,Active INJURY_STATUS_ACTIVE,high
ESPN-CTX-d93b894a33ef68b1855cee34,2026-10-04T10:39:39.549982-07:00,NFL,NFL,,Jadeveon Clowney,,,,ACTIVE,DE,,,,INJURY_AVAILABILITY,ESPN_PUBLIC,Active INJURY_STATUS_ACTIVE,high
ESPN-CTX-e77665f7c58bba69567e2c4c,2026-10-04T10:39:39.549982-07:00,NFL,NFL,,Marlin Klein,,,,OUT,TE,,,,INJURY_AVAILABILITY,ESPN_PUBLIC,Out INJURY_STATUS_OUT Coach's Decision,high
ESPN-CTX-7c3bda2b23704d19c583a60b,2026-10-04T10:39:39.549982-07:00,NFL,NFL,,Nate Thomas,,,,OUT,OT,,,,INJURY_AVAILABILITY,ESPN_PUBLIC,Out INJURY_STATUS_OUT Coach's Decision,high
ESPN-CTX-9ebb0282e0fbb57900d907b1,2026-10-04T10:39:39.549982-07:00,NFL,NFL,,Febechi Nwaiwu,,,,OUT,G,,,,INJURY_AVAILABILITY,ESPN_PUBLIC,Out INJURY_STATUS_OUT Coach's Decision,high
ESPN-CTX-2988074f985ad5a791d531c3,2026-10-04T10:39:39.549982-07:00,NFL,NFL,,Chris Braswell,,,,OUT,DE,,,,INJURY_AVAILABILITY,ESPN_PUBLIC,Out INJURY_STATUS_OUT Coach's Decision,high
ESPN-CTX-a7cd2733fafe2dab70ed25c4,2026-10-04T10:39:39.549982-07:00,NFL,NFL,,Riley Leonard,,,,OUT,QB,,,,INJURY_AVAILABILITY,ESPN_PUBLIC,Out INJURY_STATUS_OUT Coach's Decision,high
ESPN-CTX-85d01d380ec4fb02ab3a2dd4,2026-10-04T10:39:39.549982-07:00,NFL,NFL,,Darius Slayton,,,,OUT,WR,,,,INJURY_AVAILABILITY,ESPN_PUBLIC,Out INJURY_STATUS_OUT Coach's Decision,high
ESPN-CTX-572e7b689e2bfa2f7f7bc656,2026-10-04T10:39:39.549982-07:00,NFL,NFL,,Dalton Tucker,,,,OUT,G,,,,INJURY_AVAILABILITY,ESPN_PUBLIC,Out INJURY_STATUS_OUT Coach's Decision,high
ESPN-CTX-a3d99ee3cf2c43cd006245b9,2026-10-04T10:39:39.549982-07:00,NFL,NFL,,DJ Giddens,,,,OUT,RB,,,,INJURY_AVAILABILITY,ESPN_PUBLIC,Out INJURY_STATUS_OUT Coach's Decision,high
ESPN-CTX-b642d60b2e567f7a7a6fe1f9,2026-10-04T10:39:39.549982-07:00,NFL,NFL,,George Gumbs Jr.,,,,OUT,LB,,,,INJURY_AVAILABILITY,ESPN_PUBLIC,Out INJURY_STATUS_OUT Coach's Decision,high
ESPN-CTX-b9e924933b7b93adb6478dae,2026-10-04T10:39:39.549982-07:00,NFL,NFL,,Caleb Ransaw,,,,QUESTIONABLE,S,,,,INJURY_AVAILABILITY,ESPN_PUBLIC,Questionable INJURY_STATUS_QUESTIONABLE Knee,high
ESPN-CTX-fd3f3bf5c48e57a5cb3716b2,2026-10-04T10:39:39.549982-07:00,NFL,NFL,,Albert Regis,,,,ACTIVE,DT,,,,INJURY_AVAILABILITY,ESPN_PUBLIC,Active INJURY_STATUS_ACTIVE,high
ESPN-CTX-5849ccb113b693a3faf34a5b,2026-10-04T10:39:39.549982-07:00,NFL,NFL,,Christian Braswell,,,,OUT,CB,,,,INJURY_AVAILABILITY,ESPN_PUBLIC,Out INJURY_STATUS_OUT Knee,high
ESPN-CTX-1d4676f9a7667e0df7a7c3b7,2026-10-04T10:39:39.549982-07:00,NFL,NFL,,Montaric Brown,,,,OUT,CB,,,,INJURY_AVAILABILITY,ESPN_PUBLIC,Out INJURY_STATUS_OUT Hamstring,high
ESPN-CTX-2d3672151db4940f90379097,2026-10-04T10:39:39.549982-07:00,NFL,NFL,,CJ Williams,,,,OUT,WR,,,,INJURY_AVAILABILITY,ESPN_PUBLIC,Out INJURY_STATUS_OUT Coach's Decision,high
ESPN-CTX-cbcabd511e478f51d1abe64b,2026-10-04T10:39:39.549982-07:00,NFL,NFL,,Wesley Williams,,,,OUT,DE,,,,INJURY_AVAILABILITY,ESPN_PUBLIC,Out INJURY_STATUS_OUT Coach's Decision,high
ESPN-CTX-5654dd1f4580dddf4a7f7d22,2026-10-04T10:39:39.549982-07:00,NFL,NFL,,Jack Kiser,,,,OUT,LB,,,,INJURY_AVAILABILITY,ESPN_PUBLIC,Out INJURY_STATUS_OUT Coach's Decision,high
ESPN-CTX-41df547d05da296419dc9312,2026-10-04T10:39:39.549982-07:00,NFL,NFL,,Daniel Faalele,,,,OUT,G,,,,INJURY_AVAILABILITY,ESPN_PUBLIC,Out INJURY_STATUS_OUT Coach's Decision,high
ESPN-CTX-5963c200f80389d2f587a756,2026-10-04T10:39:39.549982-07:00,NFL,NFL,,Jalen Huskey,,,,OUT,S,,,,INJURY_AVAILABILITY,ESPN_PUBLIC,Out INJURY_STATUS_OUT Coach's Decision,high
ESPN-CTX-c0ce5fa5dc6feac9bc396946,2026-10-04T10:39:39.549982-07:00,NFL,NFL,,Ty Simpson,,,,OUT,QB,,,,INJURY_AVAILABILITY,ESPN_PUBLIC,Out INJURY_STATUS_OUT Coach's Decision,high
ESPN-CTX-683e556e8027b5919320d77c,2026-10-04T10:39:39.549982-07:00,NFL,NFL,,Colby Parkinson,,,,OUT,TE,,,,INJURY_AVAILABILITY,ESPN_PUBLIC,Out INJURY_STATUS_OUT Shoulder - AC Joint,high
ESPN-CTX-0660fc17cb2327dc060abeab,2026-10-04T10:39:39.549982-07:00,NFL,NFL,,Cam Lampkin,,,,OUT,CB,,,,INJURY_AVAILABILITY,ESPN_PUBLIC,Out INJURY_STATUS_OUT Coach's Decision,high
ESPN-CTX-6bc1bdaf775b7eaa88e3ff9c,2026-10-04T10:39:39.549982-07:00,NFL,NFL,,Bill Murray,,,,OUT,G,,,,INJURY_AVAILABILITY,ESPN_PUBLIC,Out INJURY_STATUS_OUT Coach's Decision,high
ESPN-CTX-e9834da045c16c33d7738aa6,2026-10-04T10:39:39.549982-07:00,NFL,NFL,,CJ Daniels,,,,OUT,WR,,,,INJURY_AVAILABILITY,ESPN_PUBLIC,Out INJURY_STATUS_OUT Coach's Decision,high
ESPN-CTX-57ad5b0ec05eae17fe9db6bd,2026-10-04T10:39:39.549982-07:00,NFL,NFL,,Josaiah Stewart,,,,ACTIVE,LB,,,,INJURY_AVAILABILITY,ESPN_PUBLIC,Active INJURY_STATUS_ACTIVE,high
ESPN-CTX-a73c09c8bebc4317a325d1ba,2026-10-04T10:39:39.549982-07:00,NFL,NFL,,Craig Woodson,,,,ACTIVE,S,,,,INJURY_AVAILABILITY,ESPN_PUBLIC,Active INJURY_STATUS_ACTIVE,high
ESPN-CTX-aeefc89885b4da28b9241609,2026-10-04T10:39:39.549982-07:00,NFL,NFL,,Dre'Mont Jones,,,,ACTIVE,DE,,,,INJURY_AVAILABILITY,ESPN_PUBLIC,Active INJURY_STATUS_ACTIVE,high
ESPN-CTX-e86f3878b56c8bd57812d8b2,2026-10-04T10:39:39.549982-07:00,NFL,NFL,,Behren Morton,,,,OUT,QB,,,,INJURY_AVAILABILITY,ESPN_PUBLIC,Out INJURY_STATUS_OUT Coach's Decision,high
ESPN-CTX-f834a69718d8f74d86f56f1f,2026-10-04T10:39:39.549982-07:00,NFL,NFL,,Eli Raridon,,,,ACTIVE,TE,,,,INJURY_AVAILABILITY,ESPN_PUBLIC,Active INJURY_STATUS_ACTIVE,high
ESPN-CTX-defe8e7b706990ee4a408a8e,2026-10-04T10:39:39.549982-07:00,NFL,NFL,,Dametrious Crownover,,,,OUT,OT,,,,INJURY_AVAILABILITY,ESPN_PUBLIC,Out INJURY_STATUS_OUT Coach's Decision,high
ESPN-CTX-acbf18bbbb51e5257839173e,2026-10-04T10:39:39.549982-07:00,NFL,NFL,,Tanner Arkin,,,,OUT,TE,,,,INJURY_AVAILABILITY,ESPN_PUBLIC,Out INJURY_STATUS_OUT Coach's Decision,high
ESPN-CTX-53210863603e97d02971d0b1,2026-10-04T10:39:39.549982-07:00,NFL,NFL,,Ar'Darius Washington,,,,OUT,S,,,,INJURY_AVAILABILITY,ESPN_PUBLIC,Out INJURY_STATUS_OUT Coach's Decision,high
ESPN-CTX-5215cc36edc51a580b1ddcac,2026-10-04T10:39:39.549982-07:00,NFL,NFL,,Thomas Fidone II,,,,OUT,TE,,,,INJURY_AVAILABILITY,ESPN_PUBLIC,Out INJURY_STATUS_OUT Coach's Decision,high
ESPN-CTX-abf3cd1df9ecbf42f09b4b56,2026-10-04T10:39:39.549982-07:00,NFL,NFL,,Devin Singletary,,,,OUT,RB,,,,INJURY_AVAILABILITY,ESPN_PUBLIC,Out INJURY_STATUS_OUT Coach's Decision,high
ESPN-CTX-9adbfb11c7d33008f9fb7cb7,2026-10-04T10:39:39.549982-07:00,NFL,NFL,,Jihad Ward,,,,OUT,LB,,,,INJURY_AVAILABILITY,ESPN_PUBLIC,Out INJURY_STATUS_OUT Coach's Decision,high
ESPN-CTX-96a1268724a559c76434f523,2026-10-04T10:39:39.549982-07:00,NFL,NFL,,Nikko Reed,,,,OUT,CB,,,,INJURY_AVAILABILITY,ESPN_PUBLIC,Out INJURY_STATUS_OUT Coach's Decision,high
ESPN-CTX-6f689b8f5accc2cae5b35561,2026-10-04T10:39:39.549982-07:00,NFL,NFL,,J.C. Davis,,,,OUT,OT,,,,INJURY_AVAILABILITY,ESPN_PUBLIC,Out INJURY_STATUS_OUT Coach's Decision,high
ESPN-CTX-4de33387e6f3198723ef6c77,2026-10-04T10:39:39.549982-07:00,NFL,NFL,,Bobby Jamison-Travis,,,,OUT,DT,,,,INJURY_AVAILABILITY,ESPN_PUBLIC,Out INJURY_STATUS_OUT Coach's Decision,high
ESPN-CTX-5d065299e40d744bf6ed3874,2026-10-04T10:39:39.549982-07:00,NFL,NFL,,Kingsley Enagbare,,,,OUT,LB,,,,INJURY_AVAILABILITY,ESPN_PUBLIC,Out INJURY_STATUS_OUT Knee,high
ESPN-CTX-228896b4d7fbdc30a3b75126,2026-10-04T10:39:39.549982-07:00,NFL,NFL,,Nahshon Wright,,,,OUT,CB,,,,INJURY_AVAILABILITY,ESPN_PUBLIC,Out INJURY_STATUS_OUT Coach's Decision,high
ESPN-CTX-70a17893f6dee50ab677ad4f,2026-10-04T10:39:39.549982-07:00,NFL,NFL,,Saquon Barkley,,,,QUESTIONABLE,RB,,,,INJURY_AVAILABILITY,ESPN_PUBLIC,Questionable INJURY_STATUS_QUESTIONABLE Hamstring,high
ESPN-CTX-2594bd872ee8a1a96fda91c6,2026-10-04T10:39:39.549982-07:00,NFL,NFL,,Lane Johnson,,,,OUT,OT,,,,INJURY_AVAILABILITY,ESPN_PUBLIC,Out INJURY_STATUS_OUT Personal,high
ESPN-CTX-0de3927956cd066df40cd5e2,2026-10-04T10:39:39.549982-07:00,NFL,NFL,,Jamel Dean,,,,DOUBTFUL,CB,,,,INJURY_AVAILABILITY,ESPN_PUBLIC,Doubtful INJURY_STATUS_DOUBTFUL Ankle,high
ESPN-CTX-b3c85e16e2e222b0e6550cc8,2026-10-04T10:39:39.549982-07:00,NFL,NFL,,Derrick Harmon,,,,DOUBTFUL,DT,,,,INJURY_AVAILABILITY,ESPN_PUBLIC,Doubtful INJURY_STATUS_DOUBTFUL Foot,high
ESPN-CTX-574ce5a13c28160267df97c5,2026-10-04T10:39:39.549982-07:00,NFL,NFL,,Billy Schrauth,,,,OUT,G,,,,INJURY_AVAILABILITY,ESPN_PUBLIC,Out INJURY_STATUS_OUT Coach's Decision,high
ESPN-CTX-9a4d12ee1143118d665c6d6e,2026-10-04T10:39:39.549982-07:00,NFL,NFL,,Luke Haggard,,,,OUT,G,,,,INJURY_AVAILABILITY,ESPN_PUBLIC,Out INJURY_STATUS_OUT Coach's Decision,high
ESPN-CTX-e6413e87b7703e953eb48e60,2026-10-04T10:39:39.549982-07:00,NFL,NFL,,DeMonte Capehart,,,,OUT,DT,,,,INJURY_AVAILABILITY,ESPN_PUBLIC,Out INJURY_STATUS_OUT Coach's Decision,high
ESPN-CTX-71500babfbc528d1f31336d7,2026-10-04T10:39:39.549982-07:00,NFL,NFL,,Garrett Dellinger,,,,ACTIVE,G,,,,INJURY_AVAILABILITY,ESPN_PUBLIC,Active INJURY_STATUS_ACTIVE,high
ESPN-CTX-ef15a68a5cf255faa24039fa,2026-10-04T10:39:39.549982-07:00,NFL,NFL,,Michael Carter,,,,OUT,RB,,,,INJURY_AVAILABILITY,ESPN_PUBLIC,Out INJURY_STATUS_OUT Coach's Decision,high
ESPN-CTX-5a2192afb1b06838c8e4ae90,2026-10-04T10:39:39.549982-07:00,NFL,NFL,,Jaylon Jones,,,,OUT,CB,,,,INJURY_AVAILABILITY,ESPN_PUBLIC,Out INJURY_STATUS_OUT Coach's Decision,high
ESPN-CTX-d53f5af452c815eb9646ae56,2026-10-04T10:39:39.549982-07:00,NFL,NFL,,Jackie Marshall,,,,OUT,DT,,,,INJURY_AVAILABILITY,ESPN_PUBLIC,Out INJURY_STATUS_OUT Coach's Decision,high
ESPN-CTX-289c04eb1b816430ff88ca5c,2026-10-04T10:39:39.549982-07:00,NFL,NFL,,Drew Moss,,,,OUT,G,,,,INJURY_AVAILABILITY,ESPN_PUBLIC,Out INJURY_STATUS_OUT Coach's Decision,high
ESPN-CTX-4f33e51a2b884c05fe2a3328,2026-10-04T10:39:39.549982-07:00,NFL,NFL,,Kylen Granson,,,,OUT,TE,,,,INJURY_AVAILABILITY,ESPN_PUBLIC,Out INJURY_STATUS_OUT Coach's Decision,high
ESPN-CTX-cba3d03d2b3bc0be6e7285de,2026-10-04T10:39:39.549982-07:00,NFL,NFL,,Brandon Crenshaw-Dickson,,,,OUT,OT,,,,INJURY_AVAILABILITY,ESPN_PUBLIC,Out INJURY_STATUS_OUT Coach's Decision,high
ESPN-CTX-4f0ce6f4da851dcef10ce083,2026-10-04T10:39:39.549982-07:00,NFL,NFL,,Jaylin Lane,,,,DOUBTFUL,WR,,,,INJURY_AVAILABILITY,ESPN_PUBLIC,Doubtful INJURY_STATUS_DOUBTFUL Ankle,high
ESPN-CTX-06ae081693623160f9d129f9,2026-10-04T10:39:39.549982-07:00,NFL,NFL,,Marcus Mariota,,,,DOUBTFUL,QB,,,,INJURY_AVAILABILITY,ESPN_PUBLIC,Doubtful INJURY_STATUS_DOUBTFUL Knee - MCL,high
ESPN-CTX-44af32a411d668da5df90df9,2026-10-04T10:39:39.549982-07:00,NFL,NFL,,Jeremy Reaves,,,,QUESTIONABLE,S,,,,INJURY_AVAILABILITY,ESPN_PUBLIC,Questionable INJURY_STATUS_QUESTIONABLE Finger,high
ESPN-CTX-37a566a69d851b314c53996c,2026-10-04T10:39:39.549982-07:00,NFL,NFL,,Charles Omenihu,,,,QUESTIONABLE,DE,,,,INJURY_AVAILABILITY,ESPN_PUBLIC,Questionable INJURY_STATUS_QUESTIONABLE Groin,high
ESPN-CTX-8435cab189abb9272769a14d,2026-10-04T10:39:39.549982-07:00,NFL,NFL,,Luke McCaffrey,,,,OUT,WR,,,,INJURY_AVAILABILITY,ESPN_PUBLIC,Out INJURY_STATUS_OUT Coach's Decision,high
ESPN-CTX-acb7c8dc162f848441a2a039,2026-10-04T10:39:39.549982-07:00,NFL,NFL,,Javontae Jean-Baptiste,,,,OUT,LB,,,,INJURY_AVAILABILITY,ESPN_PUBLIC,Out INJURY_STATUS_OUT Coach's Decision,high
ESPN-CTX-d889ef41ed0f0b430107fb86,2026-10-04T10:39:39.549982-07:00,NFL,NFL,,Terry McLaurin,,,,OUT,WR,,,,INJURY_AVAILABILITY,ESPN_PUBLIC,Out INJURY_STATUS_OUT Hamstring,high
ESPN-CTX-efb11ba3582895d05663c205,2026-10-04T11:12:45.291628-07:00,NFL,NFL,,Andrew Wingard,,,,QUESTIONABLE,S,,,,INJURY_AVAILABILITY,ESPN_PUBLIC,Questionable INJURY_STATUS_QUESTIONABLE Knee,high
ESPN-CTX-1dd8c1d7be43b5a6af2378be,2026-10-04T11:12:45.291628-07:00,NFL,NFL,,Marlon Humphrey,,,,QUESTIONABLE,CB,,,,INJURY_AVAILABILITY,ESPN_PUBLIC,Questionable INJURY_STATUS_QUESTIONABLE Calf,high
ESPN-CTX-0386aae417b8c2b617467d75,2026-10-04T11:12:45.291628-07:00,NFL,NFL,,Ja'Marr Chase,,,,QUESTIONABLE,WR,,,,INJURY_AVAILABILITY,ESPN_PUBLIC,Questionable INJURY_STATUS_QUESTIONABLE Head,high
ESPN-CTX-ee7bdbc085903f30aeb4b8ef,2026-10-04T11:12:45.291628-07:00,NFL,NFL,,Chris Brooks,,,,QUESTIONABLE,RB,,,,INJURY_AVAILABILITY,ESPN_PUBLIC,Questionable INJURY_STATUS_QUESTIONABLE Ankle,high
ESPN-CTX-ce72f284f2a128389165b931,2026-10-04T12:38:54.224464-07:00,NFL,NFL,,Isaiah Adams,,,,QUESTIONABLE,G,,,,INJURY_AVAILABILITY,ESPN_PUBLIC,Questionable INJURY_STATUS_QUESTIONABLE Ankle,high
ESPN-CTX-4b1775b668c54b9728be832c,2026-10-04T12:38:54.224464-07:00,NFL,NFL,,Durham Smythe,,,,QUESTIONABLE,TE,,,,INJURY_AVAILABILITY,ESPN_PUBLIC,Questionable INJURY_STATUS_QUESTIONABLE Achilles,high
ESPN-CTX-5f4432f6c3027b68e75c31b2,2026-10-04T12:38:54.224464-07:00,NFL,NFL,,Andrew Vorhees,,,,QUESTIONABLE,G,,,,INJURY_AVAILABILITY,ESPN_PUBLIC,Questionable INJURY_STATUS_QUESTIONABLE Foot,high
ESPN-CTX-27b5fad0f3fe412da11ba178,2026-10-04T12:38:54.224464-07:00,NFL,NFL,,Lamar Jackson,,,,QUESTIONABLE,QB,,,,INJURY_AVAILABILITY,ESPN_PUBLIC,Questionable INJURY_STATUS_QUESTIONABLE Ankle,high
ESPN-CTX-d82c9f15ed7ee3be2129d675,2026-10-04T12:38:54.224464-07:00,NFL,NFL,,Dee Alford,,,,QUESTIONABLE,CB,,,,INJURY_AVAILABILITY,ESPN_PUBLIC,Questionable INJURY_STATUS_QUESTIONABLE Ankle,high
ESPN-CTX-a5e6c7485c1fedcd616c3425,2026-10-04T12:38:54.224464-07:00,NFL,NFL,,Ed Oliver,,,,QUESTIONABLE,DT,,,,INJURY_AVAILABILITY,ESPN_PUBLIC,Questionable INJURY_STATUS_QUESTIONABLE Knee,high
ESPN-CTX-8b1b95e44161d8945ff9369b,2026-10-04T12:38:54.224464-07:00,NFL,NFL,,Te'Cory Couch,,,,QUESTIONABLE,CB,,,,INJURY_AVAILABILITY,ESPN_PUBLIC,Questionable INJURY_STATUS_QUESTIONABLE Hamstring,high
ESPN-CTX-ac1d9bcf0b6399c5818bf399,2026-10-04T12:38:54.224464-07:00,NFL,NFL,,DJ Moore,,,,DOUBTFUL,WR,,,,INJURY_AVAILABILITY,ESPN_PUBLIC,Doubtful INJURY_STATUS_DOUBTFUL Shoulder,high
ESPN-CTX-9880443d4e89c9d5bda6722f,2026-10-04T12:38:54.224464-07:00,NFL,NFL,,Ja'Marr Chase,,,,OUT,WR,,,,INJURY_AVAILABILITY,ESPN_PUBLIC,Out INJURY_STATUS_OUT Concussion,high
ESPN-CTX-eede89e78b46d33f9a0521b5,2026-10-04T12:38:54.224464-07:00,NFL,NFL,,Alijah Clark,,,,QUESTIONABLE,S,,,,INJURY_AVAILABILITY,ESPN_PUBLIC,Questionable INJURY_STATUS_QUESTIONABLE Ankle,high
ESPN-CTX-d4d9d86820d75e68dd9facff,2026-10-04T12:38:54.224464-07:00,NFL,NFL,,Dallen Bentley,,,,OUT,TE,,,,INJURY_AVAILABILITY,ESPN_PUBLIC,Out INJURY_STATUS_OUT Coach's Decision,high
ESPN-CTX-f50a8fd398bc0264fbb56c6e,2026-10-04T12:38:54.224464-07:00,NFL,NFL,,Tyler Onyedim,,,,OUT,DT,,,,INJURY_AVAILABILITY,ESPN_PUBLIC,Out INJURY_STATUS_OUT Coach's Decision,high
ESPN-CTX-56639d384ccf13bca437d2e1,2026-10-04T12:38:54.224464-07:00,NFL,NFL,,Kage Casey,,,,OUT,OT,,,,INJURY_AVAILABILITY,ESPN_PUBLIC,Out INJURY_STATUS_OUT Coach's Decision,high
ESPN-CTX-42cad5e512a81e4d6c22da44,2026-10-04T12:38:54.224464-07:00,NFL,NFL,,Sam Ehlinger,,,,OUT,QB,,,,INJURY_AVAILABILITY,ESPN_PUBLIC,Out INJURY_STATUS_OUT Coach's Decision,high
ESPN-CTX-6a07b9adb955b9f79dcff253,2026-10-04T12:38:54.224464-07:00,NFL,NFL,,Edgerrin Cooper,,,,QUESTIONABLE,LB,,,,INJURY_AVAILABILITY,ESPN_PUBLIC,Questionable INJURY_STATUS_QUESTIONABLE Achilles,high
ESPN-CTX-2cdbd35ff09e7f16082cab72,2026-10-04T12:38:54.224464-07:00,NFL,NFL,,Devonte Wyatt,,,,ACTIVE,DT,,,,INJURY_AVAILABILITY,ESPN_PUBLIC,Active INJURY_STATUS_ACTIVE,high
ESPN-CTX-a534311262b2759785a06d23,2026-10-04T12:38:54.224464-07:00,NFL,NFL,,Jaden Crumedy,,,,QUESTIONABLE,DT,,,,INJURY_AVAILABILITY,ESPN_PUBLIC,Questionable INJURY_STATUS_QUESTIONABLE Shoulder,high
ESPN-CTX-039bfa0f34ad16aa186a3fd3,2026-10-04T12:38:54.224464-07:00,NFL,NFL,,Jaylin Smith,,,,QUESTIONABLE,CB,,,,INJURY_AVAILABILITY,ESPN_PUBLIC,Questionable INJURY_STATUS_QUESTIONABLE Hamstring,high
ESPN-CTX-cfdbd76bb7814a10791545d6,2026-10-04T12:38:54.224464-07:00,NFL,NFL,,Eric Murray,,,,QUESTIONABLE,S,,,,INJURY_AVAILABILITY,ESPN_PUBLIC,Questionable INJURY_STATUS_QUESTIONABLE Concussion,high
ESPN-CTX-f39fcf851f100be8ca8dddaa,2026-10-04T12:38:54.224464-07:00,NFL,NFL,,Jared Wiley,,,,OUT,TE,,,,INJURY_AVAILABILITY,ESPN_PUBLIC,Out INJURY_STATUS_OUT Coach's Decision,high
ESPN-CTX-44b0ca272ffd76a132850703,2026-10-04T12:38:54.224464-07:00,NFL,NFL,,Garrett Nussmeier,,,,OUT,QB,,,,INJURY_AVAILABILITY,ESPN_PUBLIC,Out INJURY_STATUS_OUT Coach's Decision,high
ESPN-CTX-e7150269e24c42f8aeeea949,2026-10-04T12:38:54.224464-07:00,NFL,NFL,,Diego Pounds,,,,OUT,OT,,,,INJURY_AVAILABILITY,ESPN_PUBLIC,Out INJURY_STATUS_OUT Coach's Decision,high
ESPN-CTX-34e703f0180239da7ed02d7a,2026-10-04T12:38:54.224464-07:00,NFL,NFL,,Jack Pyburn,,,,OUT,LB,,,,INJURY_AVAILABILITY,ESPN_PUBLIC,Out INJURY_STATUS_OUT Coach's Decision,high
ESPN-CTX-d11b4c91df3f6a1d4ba8f63b,2026-10-04T12:38:54.224464-07:00,NFL,NFL,,Jadon Canady,,,,OUT,CB,,,,INJURY_AVAILABILITY,ESPN_PUBLIC,Out INJURY_STATUS_OUT Coach's Decision,high
ESPN-CTX-978132212f2f51aaf067c031,2026-10-04T12:38:54.224464-07:00,NFL,NFL,,Aidan O'Connell,,,,OUT,QB,,,,INJURY_AVAILABILITY,ESPN_PUBLIC,Out INJURY_STATUS_OUT Coach's Decision,high
ESPN-CTX-12ceedec7a11af37b4888ac0,2026-10-04T12:38:54.224464-07:00,NFL,NFL,,Jonah Laulu,,,,OUT,DT,,,,INJURY_AVAILABILITY,ESPN_PUBLIC,Out INJURY_STATUS_OUT Coach's Decision,high
ESPN-CTX-725e6a156a47e08a4efe043c,2026-10-04T12:38:54.224464-07:00,NFL,NFL,,Darrell Luter Jr.,,,,OUT,CB,,,,INJURY_AVAILABILITY,ESPN_PUBLIC,Out INJURY_STATUS_OUT Coach's Decision,high
ESPN-CTX-b42ce642c4755aea1e1987e5,2026-10-04T12:38:54.224464-07:00,NFL,NFL,,Tristin McCollum,,,,OUT,S,,,,INJURY_AVAILABILITY,ESPN_PUBLIC,Out INJURY_STATUS_OUT Coach's Decision,high
ESPN-CTX-2ddea27a6c686649c5a09345,2026-10-04T12:38:54.224464-07:00,NFL,NFL,,Derwin James Jr.,,,,OUT,S,,,,INJURY_AVAILABILITY,ESPN_PUBLIC,Out INJURY_STATUS_OUT Hamstring,high
ESPN-CTX-604431ee953ec2fee92b08f7,2026-10-04T12:38:54.224464-07:00,NFL,NFL,,DJ Uiagalelei,,,,OUT,QB,,,,INJURY_AVAILABILITY,ESPN_PUBLIC,Out INJURY_STATUS_OUT Coach's Decision,high
ESPN-CTX-66c98fcda3068a58c09161e5,2026-10-04T12:38:54.224464-07:00,NFL,NFL,,Alex Harkey,,,,OUT,G,,,,INJURY_AVAILABILITY,ESPN_PUBLIC,Out INJURY_STATUS_OUT Coach's Decision,high
ESPN-CTX-b7a8efb2e23b48062740bbb8,2026-10-04T12:38:54.224464-07:00,NFL,NFL,,Donte Jackson,,,,ACTIVE,CB,,,,INJURY_AVAILABILITY,ESPN_PUBLIC,Active INJURY_STATUS_ACTIVE,high
ESPN-CTX-2b09183e6d0a7aea8e436891,2026-10-04T12:38:54.224464-07:00,NFL,NFL,,Elijah Molden,,,,ACTIVE,CB,,,,INJURY_AVAILABILITY,ESPN_PUBLIC,Active INJURY_STATUS_ACTIVE,high
ESPN-CTX-6499ff25d83468f3a6b82918,2026-10-04T12:38:54.224464-07:00,NFL,NFL,,Brady Cook,,,,OUT,QB,,,,INJURY_AVAILABILITY,ESPN_PUBLIC,Out INJURY_STATUS_OUT Coach's Decision,high
ESPN-CTX-5cf48bb7c54129b12bd9b0a9,2026-10-04T12:38:54.224464-07:00,NFL,NFL,,Justin Joly,,,,OUT,TE,,,,INJURY_AVAILABILITY,ESPN_PUBLIC,Out INJURY_STATUS_OUT Coach's Decision,high
ESPN-CTX-7131815a7923a81c934191ff,2026-10-04T12:38:54.224464-07:00,NFL,NFL,,Marcellas Dial Jr.,,,,OUT,CB,,,,INJURY_AVAILABILITY,ESPN_PUBLIC,Out INJURY_STATUS_OUT Coach's Decision,high
ESPN-CTX-f15caa8fee9d8e2ed50c2892,2026-10-04T12:38:54.224464-07:00,NFL,NFL,,Chukwuebuka Godrick,,,,OUT,OT,,,,INJURY_AVAILABILITY,ESPN_PUBLIC,Out INJURY_STATUS_OUT Coach's Decision,high
ESPN-CTX-a3dd86b54386f56b4793c606,2026-10-04T12:38:54.224464-07:00,NFL,NFL,,DJ Campbell,,,,OUT,G,,,,INJURY_AVAILABILITY,ESPN_PUBLIC,Out INJURY_STATUS_OUT Coach's Decision,high
ESPN-CTX-cc58248ca7b98c6be67502e1,2026-10-04T12:38:54.224464-07:00,NFL,NFL,,Max Brosmer,,,,OUT,QB,,,,INJURY_AVAILABILITY,ESPN_PUBLIC,Out INJURY_STATUS_OUT Coach's Decision,high
ESPN-CTX-fa16aa475159ca1b7aef295c,2026-10-04T12:38:54.224464-07:00,NFL,NFL,,Jakobe Thomas,,,,OUT,S,,,,INJURY_AVAILABILITY,ESPN_PUBLIC,Out INJURY_STATUS_OUT Coach's Decision,high
ESPN-CTX-caf269b997e910d5c6c67d0d,2026-10-04T12:38:54.224464-07:00,NFL,NFL,,Elijah Williams,,,,OUT,DE,,,,INJURY_AVAILABILITY,ESPN_PUBLIC,Out INJURY_STATUS_OUT Coach's Decision,high
ESPN-CTX-8cc2ac99b793ce86a3974632,2026-10-04T12:38:54.224464-07:00,NFL,NFL,,Mack Hollins,,,,QUESTIONABLE,WR,,,,INJURY_AVAILABILITY,ESPN_PUBLIC,Questionable INJURY_STATUS_QUESTIONABLE Calf,high
ESPN-CTX-6010a3d0acf7925f043be89c,2026-10-04T12:38:54.224464-07:00,NFL,NFL,,Chauncey Golston,,,,QUESTIONABLE,DE,,,,INJURY_AVAILABILITY,ESPN_PUBLIC,Questionable INJURY_STATUS_QUESTIONABLE Neck,high
ESPN-CTX-d207ff111f7573192942df24,2026-10-04T12:38:54.224464-07:00,NFL,NFL,,Braxton Berrios,,,,QUESTIONABLE,WR,,,,INJURY_AVAILABILITY,ESPN_PUBLIC,Questionable INJURY_STATUS_QUESTIONABLE Foot,high
ESPN-CTX-0b04ce0d343299ca9f8d0b39,2026-10-04T12:38:54.224464-07:00,NFL,NFL,,Jason Pinnock,,,,QUESTIONABLE,S,,,,INJURY_AVAILABILITY,ESPN_PUBLIC,Questionable INJURY_STATUS_QUESTIONABLE Concussion,high
ESPN-CTX-1ec9bbf0f03ec883fe562c89,2026-10-04T12:38:54.224464-07:00,NFL,NFL,,Jarvis Brownlee Jr.,,,,QUESTIONABLE,CB,,,,INJURY_AVAILABILITY,ESPN_PUBLIC,Questionable INJURY_STATUS_QUESTIONABLE Head,high
ESPN-CTX-f4e390e260aed9f51cf21e62,2026-10-04T12:38:54.224464-07:00,NFL,NFL,,Braiden McGregor,,,,QUESTIONABLE,DE,,,,INJURY_AVAILABILITY,ESPN_PUBLIC,Questionable INJURY_STATUS_QUESTIONABLE Chest,high
ESPN-CTX-2ebfecbddf950f3740afb30b,2026-10-04T12:38:54.224464-07:00,NFL,NFL,,Jonathan Greenard,,,,QUESTIONABLE,LB,,,,INJURY_AVAILABILITY,ESPN_PUBLIC,Questionable INJURY_STATUS_QUESTIONABLE Ankle,high
ESPN-CTX-b5339f75185fa5cf1a2d78c5,2026-10-04T12:38:54.224464-07:00,NFL,NFL,,Quinyon Mitchell,,,,QUESTIONABLE,CB,,,,INJURY_AVAILABILITY,ESPN_PUBLIC,Questionable INJURY_STATUS_QUESTIONABLE Knee,high
ESPN-CTX-3f25b5b81f78e4f14c15d0a6,2026-10-04T12:38:54.224464-07:00,NFL,NFL,,Saquon Barkley,,,,OUT,RB,,,,INJURY_AVAILABILITY,ESPN_PUBLIC,Out INJURY_STATUS_OUT Hamstring,high
ESPN-CTX-6e09abd2a3c3339dcb8821b0,2026-10-04T12:38:54.224464-07:00,NFL,NFL,,Dre Greenlaw,,,,ACTIVE,LB,,,,INJURY_AVAILABILITY,ESPN_PUBLIC,Active INJURY_STATUS_ACTIVE,high
ESPN-CTX-bba8f77183794cfd6b6ddbb4,2026-10-04T12:38:54.224464-07:00,NFL,NFL,,Jordan James,,,,OUT,RB,,,,INJURY_AVAILABILITY,ESPN_PUBLIC,Out INJURY_STATUS_OUT Coach's Decision,high
ESPN-CTX-bb83ff5c54c9034f1e8e73fa,2026-10-04T12:38:54.224464-07:00,NFL,NFL,,Mike Evans,,,,ACTIVE,WR,,,,INJURY_AVAILABILITY,ESPN_PUBLIC,Active INJURY_STATUS_ACTIVE,high
ESPN-CTX-6a03714f5b50489d59a4efab,2026-10-04T12:38:54.224464-07:00,NFL,NFL,,Ephesians Prysock,,,,OUT,CB,,,,INJURY_AVAILABILITY,ESPN_PUBLIC,Out INJURY_STATUS_OUT Coach's Decision,high
ESPN-CTX-5cb45742bab8cf0729df1889,2026-10-04T12:38:54.224464-07:00,NFL,NFL,,Kurtis Rourke,,,,OUT,QB,,,,INJURY_AVAILABILITY,ESPN_PUBLIC,Out INJURY_STATUS_OUT Coach's Decision,high
ESPN-CTX-422c836a9bd8428d6b2d683b,2026-10-04T12:38:54.224464-07:00,NFL,NFL,,Enrique Cruz Jr.,,,,OUT,OT,,,,INJURY_AVAILABILITY,ESPN_PUBLIC,Out INJURY_STATUS_OUT Coach's Decision,high
ESPN-CTX-f6843ce2529518e052e9d2e0,2026-10-04T12:38:54.224464-07:00,NFL,NFL,,Keion White,,,,ACTIVE,DE,,,,INJURY_AVAILABILITY,ESPN_PUBLIC,Active INJURY_STATUS_ACTIVE,high
ESPN-CTX-1e45de6507ef1f391c74e565,2026-10-04T12:38:54.224464-07:00,NFL,NFL,,Jaden Dugger,,,,ACTIVE,LB,,,,INJURY_AVAILABILITY,ESPN_PUBLIC,Active INJURY_STATUS_ACTIVE,high
ESPN-CTX-d210ab4385cd2d86a6f4098d,2026-10-04T12:38:54.224464-07:00,NFL,NFL,,Tatum Bethune,,,,OUT,LB,,,,INJURY_AVAILABILITY,ESPN_PUBLIC,Out INJURY_STATUS_OUT Coach's Decision,high
ESPN-CTX-e0d772e54b001f4c850824c1,2026-10-04T12:38:54.224464-07:00,NFL,NFL,,Jalen Milroe,,,,OUT,QB,,,,INJURY_AVAILABILITY,ESPN_PUBLIC,Out INJURY_STATUS_OUT Coach's Decision,high
ESPN-CTX-9e4756bec0c7be85fb58069b,2026-10-04T12:38:54.224464-07:00,NFL,NFL,,Avery Smith,,,,OUT,CB,,,,INJURY_AVAILABILITY,ESPN_PUBLIC,Out INJURY_STATUS_OUT Coach's Decision,high
ESPN-CTX-514fb87e1ba2fa37c597a531,2026-10-04T12:38:54.224464-07:00,NFL,NFL,,Chazz Surratt,,,,OUT,LB,,,,INJURY_AVAILABILITY,ESPN_PUBLIC,Out INJURY_STATUS_OUT Calf,high
ESPN-CTX-e854aa590993f2ed81e4d359,2026-10-04T12:38:54.224464-07:00,NFL,NFL,,Brandon Pili,,,,OUT,DT,,,,INJURY_AVAILABILITY,ESPN_PUBLIC,Out INJURY_STATUS_OUT Coach's Decision,high
ESPN-CTX-2bde353aee3fb5077809bb74,2026-10-04T12:38:54.224464-07:00,NFL,NFL,,Nick Kallerup,,,,OUT,TE,,,,INJURY_AVAILABILITY,ESPN_PUBLIC,Out INJURY_STATUS_OUT Coach's Decision,high
ESPN-CTX-4e3c7ec3ff96656f923af7d2,2026-10-04T12:38:54.224464-07:00,NFL,NFL,,Montorie Foster Jr.,,,,OUT,WR,,,,INJURY_AVAILABILITY,ESPN_PUBLIC,Out INJURY_STATUS_OUT Coach's Decision,high
ESPN-CTX-afa8acb5bdc5778fdcf89e63,2026-10-04T12:38:54.224464-07:00,NFL,NFL,,SirVocea Dennis,,,,QUESTIONABLE,LB,,,,INJURY_AVAILABILITY,ESPN_PUBLIC,Questionable INJURY_STATUS_QUESTIONABLE Ankle,high
ESPN-CTX-e72a84892b95b60f330ea7a0,2026-10-04T12:38:54.224464-07:00,NFL,NFL,,Athan Kaliakmanis,,,,ACTIVE,QB,,,,INJURY_AVAILABILITY,ESPN_PUBLIC,Active INJURY_STATUS_ACTIVE,high
ESPN-CTX-2c417a1fcb49934b36168f8f,2026-10-04T12:38:54.224464-07:00,WNBA,WNBA,,Allisha Gray,,,,OUT,G,,,,INJURY_AVAILABILITY,ESPN_PUBLIC,Out INJURY_STATUS_OUT Hand,high
ESPN-CTX-0c11550b1d9667646ce2e76f,2026-10-04T12:55:43.962994-07:00,NBA,NBA,,Henri Veesaar,,,,OUT,C,,,,INJURY_AVAILABILITY,ESPN_PUBLIC,Out INJURY_STATUS_OUT Knee,high
ESPN-CTX-604bd2086647d70bce62f9a1,2026-10-04T12:55:43.962994-07:00,NBA,NBA,,Mouhamed Gueye,,,,DAY-TO-DAY INJURY_STATUS_DAYTODAY FOOT,F,,,,INJURY_AVAILABILITY,ESPN_PUBLIC,Day-To-Day INJURY_STATUS_DAYTODAY Foot,high
ESPN-CTX-e8264e52e830cfb7c25bbb72,2026-10-04T12:55:43.962994-07:00,NBA,NBA,,Keshon Gilbert,,,,DAY-TO-DAY INJURY_STATUS_DAYTODAY HIP,G,,,,INJURY_AVAILABILITY,ESPN_PUBLIC,Day-To-Day INJURY_STATUS_DAYTODAY Hip,high
ESPN-CTX-62745e5695b3a7b10e928719,2026-10-04T12:55:43.962994-07:00,NBA,NBA,,RayJ Dennis,,,,DAY-TO-DAY INJURY_STATUS_DAYTODAY ACHILLES,G,,,,INJURY_AVAILABILITY,ESPN_PUBLIC,Day-To-Day INJURY_STATUS_DAYTODAY Achilles,high
ESPN-CTX-324275fa7c5a4e99f47f4af5,2026-10-04T12:55:43.962994-07:00,NBA,NBA,,Mikel Brown Jr.,,,,DAY-TO-DAY INJURY_STATUS_DAYTODAY ANKLE,G,,,,INJURY_AVAILABILITY,ESPN_PUBLIC,Day-To-Day INJURY_STATUS_DAYTODAY Ankle,high
ESPN-CTX-cef3b83a7af5527041a2b67c,2026-10-04T12:55:43.962994-07:00,NBA,NBA,,Kon Knueppel,,,,DAY-TO-DAY INJURY_STATUS_DAYTODAY HAMSTRING,G,,,,INJURY_AVAILABILITY,ESPN_PUBLIC,Day-To-Day INJURY_STATUS_DAYTODAY Hamstring,high
ESPN-CTX-a6b9595e97b621510b75599c,2026-10-04T12:55:43.962994-07:00,NBA,NBA,,Grant Williams,,,,DAY-TO-DAY INJURY_STATUS_DAYTODAY HAMSTRING,F,,,,INJURY_AVAILABILITY,ESPN_PUBLIC,Day-To-Day INJURY_STATUS_DAYTODAY Hamstring,high
ESPN-CTX-215365d131a1a15901f8a0f7,2026-10-04T12:55:43.962994-07:00,NBA,NBA,,PJ Hall,,,,DAY-TO-DAY INJURY_STATUS_DAYTODAY ANKLE,C,,,,INJURY_AVAILABILITY,ESPN_PUBLIC,Day-To-Day INJURY_STATUS_DAYTODAY Ankle,high
ESPN-CTX-52f8d86b82e2b3137a4adab2,2026-10-04T12:55:43.962994-07:00,NBA,NBA,,Zach Collins,,,,DAY-TO-DAY INJURY_STATUS_DAYTODAY TOE,F,,,,INJURY_AVAILABILITY,ESPN_PUBLIC,Day-To-Day INJURY_STATUS_DAYTODAY Toe,high
ESPN-CTX-48a6a481e6279c9b6a4f3088,2026-10-04T12:55:43.962994-07:00,NBA,NBA,,Peyton Watson,,,,DAY-TO-DAY INJURY_STATUS_DAYTODAY HAMSTRING,G,,,,INJURY_AVAILABILITY,ESPN_PUBLIC,Day-To-Day INJURY_STATUS_DAYTODAY Hamstring,high
ESPN-CTX-f05197d0f2e2c741678c38c2,2026-10-04T12:55:43.962994-07:00,NBA,NBA,,Morez Johnson Jr.,,,,DAY-TO-DAY INJURY_STATUS_DAYTODAY LOWER LEG,F,,,,INJURY_AVAILABILITY,ESPN_PUBLIC,Day-To-Day INJURY_STATUS_DAYTODAY Lower Leg,high
ESPN-CTX-514e9b34404cc5389b3b0952,2026-10-04T12:55:43.962994-07:00,NBA,NBA,,Santi Aldama,,,,DAY-TO-DAY INJURY_STATUS_DAYTODAY UNDISCLOSED,F,,,,INJURY_AVAILABILITY,ESPN_PUBLIC,Day-To-Day INJURY_STATUS_DAYTODAY Undisclosed,high
ESPN-CTX-f8671c96a5dbf8075065df61,2026-10-04T12:55:43.962994-07:00,NBA,NBA,,Kyrie Irving,,,,DAY-TO-DAY INJURY_STATUS_DAYTODAY KNEE,G,,,,INJURY_AVAILABILITY,ESPN_PUBLIC,Day-To-Day INJURY_STATUS_DAYTODAY Knee,high
ESPN-CTX-5a10696047b0bd9e218dabe8,2026-10-04T12:55:43.962994-07:00,NBA,NBA,,Dereck Lively II,,,,DAY-TO-DAY INJURY_STATUS_DAYTODAY FOOT,C,,,,INJURY_AVAILABILITY,ESPN_PUBLIC,Day-To-Day INJURY_STATUS_DAYTODAY Foot,high
ESPN-CTX-ec1e272cf2c2b63795a9ff28,2026-10-04T12:55:43.962994-07:00,NBA,NBA,,Spencer Jones,,,,DAY-TO-DAY INJURY_STATUS_DAYTODAY HAMSTRING,F,,,,INJURY_AVAILABILITY,ESPN_PUBLIC,Day-To-Day INJURY_STATUS_DAYTODAY Hamstring,high
ESPN-CTX-42d0e6ead41ada9849bc8537,2026-10-04T12:55:43.962994-07:00,NBA,NBA,,Trevon Brazile,,,,DAY-TO-DAY INJURY_STATUS_DAYTODAY UNDISCLOSED,F,,,,INJURY_AVAILABILITY,ESPN_PUBLIC,Day-To-Day INJURY_STATUS_DAYTODAY Undisclosed,high
ESPN-CTX-87416e1418124fb7336a7026,2026-10-04T12:55:43.962994-07:00,NBA,NBA,,Jalen Duren,,,,DAY-TO-DAY INJURY_STATUS_DAYTODAY UNDISCLOSED,C,,,,INJURY_AVAILABILITY,ESPN_PUBLIC,Day-To-Day INJURY_STATUS_DAYTODAY Undisclosed,high
ESPN-CTX-9ac76ec58c38e34ac6b6a1e9,2026-10-04T12:55:43.962994-07:00,NBA,NBA,,Jimmy Butler III,,,,OUT,F,,,,INJURY_AVAILABILITY,ESPN_PUBLIC,Out INJURY_STATUS_OUT Knee,high
ESPN-CTX-0fe87fca1b9583af243ab64d,2026-10-04T12:55:43.962994-07:00,NBA,NBA,,Kristaps Porzingis,,,,DAY-TO-DAY INJURY_STATUS_DAYTODAY UNDISCLOSED,C,,,,INJURY_AVAILABILITY,ESPN_PUBLIC,Day-To-Day INJURY_STATUS_DAYTODAY Undisclosed,high
ESPN-CTX-b8821c4cfc65dd1584becd38,2026-10-04T12:55:43.962994-07:00,NBA,NBA,,Moses Moody,,,,OUT,G,,,,INJURY_AVAILABILITY,ESPN_PUBLIC,Out INJURY_STATUS_OUT Knee,high
ESPN-CTX-4ce8b7fa10f2524b99be0bcd,2026-10-04T12:55:43.962994-07:00,NBA,NBA,,Alex Toohey,,,,DAY-TO-DAY INJURY_STATUS_DAYTODAY KNEE,F,,,,INJURY_AVAILABILITY,ESPN_PUBLIC,Day-To-Day INJURY_STATUS_DAYTODAY Knee,high
ESPN-CTX-dcdfb991053f1c1b189a12b2,2026-10-04T12:55:43.962994-07:00,NBA,NBA,,Quenton Jackson,,,,DAY-TO-DAY INJURY_STATUS_DAYTODAY UNDISCLOSED,G,,,,INJURY_AVAILABILITY,ESPN_PUBLIC,Day-To-Day INJURY_STATUS_DAYTODAY Undisclosed,high
ESPN-CTX-768697b9021c2250ebe94dc9,2026-10-04T12:55:43.962994-07:00,NBA,NBA,,T.J. McConnell,,,,DAY-TO-DAY INJURY_STATUS_DAYTODAY UNDISCLOSED,G,,,,INJURY_AVAILABILITY,ESPN_PUBLIC,Day-To-Day INJURY_STATUS_DAYTODAY Undisclosed,high
ESPN-CTX-da2fd93fa00df9d2c30c2eea,2026-10-04T12:55:43.962994-07:00,NBA,NBA,,Larry Nance Jr.,,,,DAY-TO-DAY INJURY_STATUS_DAYTODAY HAMSTRING,F,,,,INJURY_AVAILABILITY,ESPN_PUBLIC,Day-To-Day INJURY_STATUS_DAYTODAY Hamstring,high
ESPN-CTX-b8ca1cc140060ced9f99336d,2026-10-04T12:55:43.962994-07:00,NBA,NBA,,Johnny Furphy,,,,OUT,G,,,,INJURY_AVAILABILITY,ESPN_PUBLIC,Out INJURY_STATUS_OUT Knee,high
ESPN-CTX-c2fe6a9455f30249ea417980,2026-10-04T12:55:43.962994-07:00,NBA,NBA,,Kobe Sanders,,,,DAY-TO-DAY INJURY_STATUS_DAYTODAY HIP,G,,,,INJURY_AVAILABILITY,ESPN_PUBLIC,Day-To-Day INJURY_STATUS_DAYTODAY Hip,high
ESPN-CTX-8831a7bf58470a5dce527ed3,2026-10-04T12:55:43.962994-07:00,NBA,NBA,,Bradley Beal,,,,DAY-TO-DAY INJURY_STATUS_DAYTODAY KNEE,G,,,,INJURY_AVAILABILITY,ESPN_PUBLIC,Day-To-Day INJURY_STATUS_DAYTODAY Knee,high
ESPN-CTX-ad03f233b3d453bc5ec12930,2026-10-04T12:55:43.962994-07:00,NBA,NBA,,Yanic Konan Niederhauser,,,,OUT,C,,,,INJURY_AVAILABILITY,ESPN_PUBLIC,Out INJURY_STATUS_OUT Foot,high
ESPN-CTX-8d4c4aa667938a379a41a5f9,2026-10-04T12:55:43.962994-07:00,NBA,NBA,,Brandon Ingram,,,,OUT,F,,,,INJURY_AVAILABILITY,ESPN_PUBLIC,Out INJURY_STATUS_OUT Achilles,high
ESPN-CTX-c8628d939d95c8851bedf195,2026-10-04T12:55:43.962994-07:00,NBA,NBA,,Jordan Miller,,,,OUT,G,,,,INJURY_AVAILABILITY,ESPN_PUBLIC,Out INJURY_STATUS_OUT Shoulder,high
ESPN-CTX-3af35bce507aee04caec07b6,2026-10-04T12:55:43.962994-07:00,NBA,NBA,,Zach Edey,,,,DAY-TO-DAY INJURY_STATUS_DAYTODAY ANKLE,C,,,,INJURY_AVAILABILITY,ESPN_PUBLIC,Day-To-Day INJURY_STATUS_DAYTODAY Ankle,high
ESPN-CTX-474659376a776111fd325f09,2026-10-04T12:55:43.962994-07:00,NBA,NBA,,Micah Peavy,,,,DAY-TO-DAY INJURY_STATUS_DAYTODAY ANKLE,G,,,,INJURY_AVAILABILITY,ESPN_PUBLIC,Day-To-Day INJURY_STATUS_DAYTODAY Ankle,high
ESPN-CTX-43fa336950ea8e48d8359444,2026-10-04T12:55:43.962994-07:00,NBA,NBA,,Karim Lopez,,,,DAY-TO-DAY INJURY_STATUS_DAYTODAY UNDISCLOSED,F,,,,INJURY_AVAILABILITY,ESPN_PUBLIC,Day-To-Day INJURY_STATUS_DAYTODAY Undisclosed,high
ESPN-CTX-76f4360364242370a558c56d,2026-10-04T12:55:43.962994-07:00,NBA,NBA,,Keshad Johnson,,,,OUT,F,,,,INJURY_AVAILABILITY,ESPN_PUBLIC,Out INJURY_STATUS_OUT Hamstring,high
ESPN-CTX-e76d773d8359315983e39a72,2026-10-04T12:55:43.962994-07:00,NBA,NBA,,Dru Smith,,,,DAY-TO-DAY INJURY_STATUS_DAYTODAY CALF,G,,,,INJURY_AVAILABILITY,ESPN_PUBLIC,Day-To-Day INJURY_STATUS_DAYTODAY Calf,high
ESPN-CTX-d0a918d612e677d9359350fe,2026-10-04T12:55:43.962994-07:00,NBA,NBA,,Donte DiVincenzo,,,,OUT,G,,,,INJURY_AVAILABILITY,ESPN_PUBLIC,Out INJURY_STATUS_OUT Achilles,high
ESPN-CTX-da22db29dd4d53b273a19a11,2026-10-04T12:55:43.962994-07:00,NBA,NBA,,Bryce McGowens,,,,DAY-TO-DAY INJURY_STATUS_DAYTODAY TOE,G,,,,INJURY_AVAILABILITY,ESPN_PUBLIC,Day-To-Day INJURY_STATUS_DAYTODAY Toe,high
ESPN-CTX-2241794146fb8f940cfe0ec2,2026-10-04T12:55:43.962994-07:00,NBA,NBA,,Drew Eubanks,,,,DAY-TO-DAY INJURY_STATUS_DAYTODAY THUMB,F,,,,INJURY_AVAILABILITY,ESPN_PUBLIC,Day-To-Day INJURY_STATUS_DAYTODAY Thumb,high
ESPN-CTX-294f61b59f0b7930e08e4fdc,2026-10-04T12:55:43.962994-07:00,NBA,NBA,,Thomas Sorber,,,,DAY-TO-DAY INJURY_STATUS_DAYTODAY KNEE,C,,,,INJURY_AVAILABILITY,ESPN_PUBLIC,Day-To-Day INJURY_STATUS_DAYTODAY Knee,high
ESPN-CTX-97f6ab76a0bf05db6e8c1977,2026-10-04T12:55:43.962994-07:00,NBA,NBA,,Nikola Topic,,,,DAY-TO-DAY INJURY_STATUS_DAYTODAY BACK,G,,,,INJURY_AVAILABILITY,ESPN_PUBLIC,Day-To-Day INJURY_STATUS_DAYTODAY Back,high
ESPN-CTX-18788da77d07862410d14f8e,2026-10-04T12:55:43.962994-07:00,NBA,NBA,,Otega Oweh,,,,DAY-TO-DAY INJURY_STATUS_DAYTODAY LOWER LEG,G,,,,INJURY_AVAILABILITY,ESPN_PUBLIC,Day-To-Day INJURY_STATUS_DAYTODAY Lower Leg,high
ESPN-CTX-c77ccdafd02e93ccb94ff660,2026-10-04T12:55:43.962994-07:00,NBA,NBA,,Noah Penda,,,,DAY-TO-DAY INJURY_STATUS_DAYTODAY HAMSTRING,F,,,,INJURY_AVAILABILITY,ESPN_PUBLIC,Day-To-Day INJURY_STATUS_DAYTODAY Hamstring,high
ESPN-CTX-9e46d4d649ca3b33676f9d3a,2026-10-04T12:55:43.962994-07:00,NBA,NBA,,Anthony Black,,,,DAY-TO-DAY INJURY_STATUS_DAYTODAY ANKLE,G,,,,INJURY_AVAILABILITY,ESPN_PUBLIC,Day-To-Day INJURY_STATUS_DAYTODAY Ankle,high
ESPN-CTX-ed6dc5572b3c2adf9ebb4228,2026-10-04T12:55:43.962994-07:00,NBA,NBA,,Izaiyah Nelson,,,,OUT,F,,,,INJURY_AVAILABILITY,ESPN_PUBLIC,Out INJURY_STATUS_OUT Ankle,high
ESPN-CTX-570f34cde4e0a84813dcaa54,2026-10-04T12:55:43.962994-07:00,NBA,NBA,,Jonathan Isaac,,,,DAY-TO-DAY INJURY_STATUS_DAYTODAY KNEE,F,,,,INJURY_AVAILABILITY,ESPN_PUBLIC,Day-To-Day INJURY_STATUS_DAYTODAY Knee,high
ESPN-CTX-8ca46b46a1194102e9b6e140,2026-10-04T12:55:43.962994-07:00,NBA,NBA,,Tacko Fall,,,,DAY-TO-DAY INJURY_STATUS_DAYTODAY HIP,C,,,,INJURY_AVAILABILITY,ESPN_PUBLIC,Day-To-Day INJURY_STATUS_DAYTODAY Hip,high
ESPN-CTX-aecb2b575c83631c160f1e89,2026-10-04T12:55:43.962994-07:00,NBA,NBA,,Adem Bona,,,,DAY-TO-DAY INJURY_STATUS_DAYTODAY FOOT,C,,,,INJURY_AVAILABILITY,ESPN_PUBLIC,Day-To-Day INJURY_STATUS_DAYTODAY Foot,high
ESPN-CTX-3130beceaf652bb8d8683468,2026-10-04T12:55:43.962994-07:00,NBA,NBA,,Mark Williams,,,,OUT,C,,,,INJURY_AVAILABILITY,ESPN_PUBLIC,Out INJURY_STATUS_OUT Shoulder,high
ESPN-CTX-50a189db8db0ba36d0c02235,2026-10-04T12:55:43.962994-07:00,NBA,NBA,,Shaedon Sharpe,,,,OUT,G,,,,INJURY_AVAILABILITY,ESPN_PUBLIC,Out INJURY_STATUS_OUT Knee,high
ESPN-CTX-718f2fb00ab4da6f2939ee41,2026-10-04T12:55:43.962994-07:00,NBA,NBA,,David Jones Garcia,,,,DAY-TO-DAY INJURY_STATUS_DAYTODAY ANKLE,F,,,,INJURY_AVAILABILITY,ESPN_PUBLIC,Day-To-Day INJURY_STATUS_DAYTODAY Ankle,high
ESPN-CTX-01f39a4553673ac318e032ce,2026-10-04T12:55:43.962994-07:00,NBA,NBA,,Jayden Quaintance,,,,OUT,F,,,,INJURY_AVAILABILITY,ESPN_PUBLIC,Out INJURY_STATUS_OUT Knee,high
ESPN-CTX-cebbb3405d44d25da127f110,2026-10-04T12:55:43.962994-07:00,NBA,NBA,,Nate Bittle,,,,DAY-TO-DAY INJURY_STATUS_DAYTODAY FOOT,C,,,,INJURY_AVAILABILITY,ESPN_PUBLIC,Day-To-Day INJURY_STATUS_DAYTODAY Foot,high
ESPN-CTX-7093e1602de2ea2a4b0ab6ba,2026-10-04T12:55:43.962994-07:00,NBA,NBA,,Alijah Martin,,,,DAY-TO-DAY INJURY_STATUS_DAYTODAY KNEE,G,,,,INJURY_AVAILABILITY,ESPN_PUBLIC,Day-To-Day INJURY_STATUS_DAYTODAY Knee,high
ESPN-CTX-f396bcd21e4b4754a4b04470,2026-10-04T12:55:43.962994-07:00,NBA,NBA,,Trayce Jackson-Davis,,,,DAY-TO-DAY INJURY_STATUS_DAYTODAY UNDISCLOSED,F,,,,INJURY_AVAILABILITY,ESPN_PUBLIC,Day-To-Day INJURY_STATUS_DAYTODAY Undisclosed,high
ESPN-CTX-5930b69a23d469cf36543f90,2026-10-04T12:55:43.962994-07:00,NBA,NBA,,Jamison Battle,,,,DAY-TO-DAY INJURY_STATUS_DAYTODAY BACK,F,,,,INJURY_AVAILABILITY,ESPN_PUBLIC,Day-To-Day INJURY_STATUS_DAYTODAY Back,high
ESPN-CTX-2336658b2015106243c6a3a3,2026-10-04T12:55:43.962994-07:00,NBA,NBA,,Kyle Anderson,,,,DAY-TO-DAY INJURY_STATUS_DAYTODAY KNEE,F,,,,INJURY_AVAILABILITY,ESPN_PUBLIC,Day-To-Day INJURY_STATUS_DAYTODAY Knee,high
ESPN-CTX-1c78d249ff5c9d350ff9adb6,2026-10-04T12:55:43.962994-07:00,NBA,NBA,,Allen Graves,,,,DAY-TO-DAY INJURY_STATUS_DAYTODAY GROIN,F,,,,INJURY_AVAILABILITY,ESPN_PUBLIC,Day-To-Day INJURY_STATUS_DAYTODAY Groin,high
ESPN-CTX-fd34daba011ebdfda2e39375,2026-10-04T12:55:43.962994-07:00,NBA,NBA,,Kawhi Leonard,,,,DAY-TO-DAY INJURY_STATUS_DAYTODAY NOT INJURY RELATED,F,,,,INJURY_AVAILABILITY,ESPN_PUBLIC,Day-To-Day INJURY_STATUS_DAYTODAY Not Injury Related,high
ESPN-CTX-57e5084aabcacf577b1b038b,2026-10-04T12:55:43.962994-07:00,NBA,NBA,,Trey Alexander,,,,DAY-TO-DAY INJURY_STATUS_DAYTODAY RIBS,G,,,,INJURY_AVAILABILITY,ESPN_PUBLIC,Day-To-Day INJURY_STATUS_DAYTODAY Ribs,high
ESPN-CTX-45c5d29df7f6a0a1126956d0,2026-10-04T12:55:43.962994-07:00,NBA,NBA,,Alex Sarr,,,,DAY-TO-DAY INJURY_STATUS_DAYTODAY FOOT,C,,,,INJURY_AVAILABILITY,ESPN_PUBLIC,Day-To-Day INJURY_STATUS_DAYTODAY Foot,high
ESPN-CTX-c771a38c8f495878064ce80f,2026-10-04T12:55:43.962994-07:00,NBA,NBA,,Tristan Vukcevic,,,,OUT,F,,,,INJURY_AVAILABILITY,ESPN_PUBLIC,Out INJURY_STATUS_OUT Hip,high
ESPN-CTX-f498dd02502433087452856e,2026-10-04T12:55:43.962994-07:00,NBA,NBA,,Jamir Watkins,,,,OUT,G,,,,INJURY_AVAILABILITY,ESPN_PUBLIC,Out INJURY_STATUS_OUT Knee,high
ESPN-CTX-2703c94197c78a05ff1a7239,2026-10-04T12:55:43.962994-07:00,NFL,NFL,,Alijah Clark,,,,QUESTIONABLE,S,,,,INJURY_AVAILABILITY,ESPN_PUBLIC,Questionable INJURY_STATUS_QUESTIONABLE,high
ESPN-CTX-30ffb1d70fec89ab68a57852,2026-10-04T12:55:43.962994-07:00,NFL,NFL,,Kenneth Murray Jr.,,,,QUESTIONABLE,LB,,,,INJURY_AVAILABILITY,ESPN_PUBLIC,Questionable INJURY_STATUS_QUESTIONABLE Head,high
ESPN-CTX-3ee854963409db07116c1142,2026-10-04T12:55:43.962994-07:00,NFL,NFL,,Charles Woods,,,,QUESTIONABLE,CB,,,,INJURY_AVAILABILITY,ESPN_PUBLIC,Questionable INJURY_STATUS_QUESTIONABLE Shoulder,high
ESPN-CTX-1b0e887be5a5797ee0766e10,2026-10-04T12:55:43.962994-07:00,NFL,NFL,,Eli Raridon,,,,QUESTIONABLE,TE,,,,INJURY_AVAILABILITY,ESPN_PUBLIC,Questionable INJURY_STATUS_QUESTIONABLE Ankle,high
ESPN-CTX-e56cccc8ee737a610261adf8,2026-10-04T12:55:43.962994-07:00,NFL,NFL,,Antoine Winfield Jr.,,,,QUESTIONABLE,S,,,,INJURY_AVAILABILITY,ESPN_PUBLIC,Questionable INJURY_STATUS_QUESTIONABLE Ribs,high
ESPN-CTX-c1d86f263e701552b40f47b9,2026-10-04T12:55:43.962994-07:00,NHL,NHL,,Drew Helleson,,,,IR/IL,D,,,,INJURY_AVAILABILITY,ESPN_PUBLIC,Injured Reserve INJURY_STATUS_IR Lower Body,high
ESPN-CTX-9d2935adbcc082c2e5069e92,2026-10-04T12:55:43.962994-07:00,NHL,NHL,,Troy Terry,,,,IR/IL,RW,,,,INJURY_AVAILABILITY,ESPN_PUBLIC,Injured Reserve INJURY_STATUS_IR Hip,high
ESPN-CTX-62a9bbc63e88105ee282def0,2026-10-04T12:55:43.962994-07:00,NHL,NHL,,Ian Moore,,,,IR/IL,D,,,,INJURY_AVAILABILITY,ESPN_PUBLIC,Injured Reserve INJURY_STATUS_IR Lower Body,high
ESPN-CTX-f2dc20efa61ace7d7a6329bd,2026-10-04T12:55:43.962994-07:00,NHL,NHL,,Matthew Poitras,,,,IR/IL,C,,,,INJURY_AVAILABILITY,ESPN_PUBLIC,Injured Reserve INJURY_STATUS_IR Lower Body,high
ESPN-CTX-5d19e297bae316dd17fd927f,2026-10-04T12:55:43.962994-07:00,NHL,NHL,,Alex Lyon,,,,IR/IL,G,,,,INJURY_AVAILABILITY,ESPN_PUBLIC,Injured Reserve INJURY_STATUS_IR Upper Body,high
ESPN-CTX-bd68163e2f83d3dd70c3bdf0,2026-10-04T12:55:43.962994-07:00,NHL,NHL,,Conor Timmins,,,,IR/IL,D,,,,INJURY_AVAILABILITY,ESPN_PUBLIC,Injured Reserve INJURY_STATUS_IR Lower Body,high
ESPN-CTX-7cfa7c4e4932208e52485730,2026-10-04T12:55:43.962994-07:00,NHL,NHL,,Topias Leinonen,,,,IR/IL,G,,,,INJURY_AVAILABILITY,ESPN_PUBLIC,Injured Reserve INJURY_STATUS_IR Lower Body,high
ESPN-CTX-fa8d5ffbce3d8cae8fdb3de4,2026-10-04T12:55:43.962994-07:00,NHL,NHL,,Jack Rathbone,,,,IR/IL,D,,,,INJURY_AVAILABILITY,ESPN_PUBLIC,Injured Reserve INJURY_STATUS_IR Undisclosed,high
ESPN-CTX-b87002bba8a26efcad89e512,2026-10-04T12:55:43.962994-07:00,NHL,NHL,,Jason Zucker,,,,IR/IL,LW,,,,INJURY_AVAILABILITY,ESPN_PUBLIC,Injured Reserve INJURY_STATUS_IR Abdomen,high
ESPN-CTX-9316715347f11609ba3b9b55,2026-10-04T12:55:43.962994-07:00,NHL,NHL,,Seth Jarvis,,,,IR/IL,C,,,,INJURY_AVAILABILITY,ESPN_PUBLIC,Injured Reserve INJURY_STATUS_IR Shoulder,high
ESPN-CTX-48ce09e069dbd86d967bac88,2026-10-04T12:55:43.962994-07:00,NHL,NHL,,Andrew Mangiapane,,,,DAY-TO-DAY INJURY_STATUS_DAYTODAY LOWER BODY,LW,,,,INJURY_AVAILABILITY,ESPN_PUBLIC,Day-To-Day INJURY_STATUS_DAYTODAY Lower Body,high
ESPN-CTX-ba982c4c8ff772460917f7ee,2026-10-04T12:55:43.962994-07:00,NHL,NHL,,Bowen Byram,,,,DAY-TO-DAY INJURY_STATUS_DAYTODAY PERSONAL,D,,,,INJURY_AVAILABILITY,ESPN_PUBLIC,Day-To-Day INJURY_STATUS_DAYTODAY Personal,high
ESPN-CTX-5112e0c10931131a6b848351,2026-10-04T12:55:43.962994-07:00,NHL,NHL,,Connor Bedard,,,,IR/IL,C,,,,INJURY_AVAILABILITY,ESPN_PUBLIC,Injured Reserve INJURY_STATUS_IR Shoulder,high
ESPN-CTX-309dec65b3d733fa139923be,2026-10-04T12:55:43.962994-07:00,NHL,NHL,,Zachary L'Heureux,,,,IR/IL,LW,,,,INJURY_AVAILABILITY,ESPN_PUBLIC,Injured Reserve INJURY_STATUS_IR Lower Body,high
ESPN-CTX-f08ccd4e13134952b0493efd,2026-10-04T12:55:43.962994-07:00,NHL,NHL,,Logan O'Connor,,,,IR/IL,RW,,,,INJURY_AVAILABILITY,ESPN_PUBLIC,Injured Reserve INJURY_STATUS_IR Lower Body,high
ESPN-CTX-c67c43fa2da6b6feed3b534d,2026-10-04T12:55:43.962994-07:00,NHL,NHL,,Trent Miner,,,,IR/IL,G,,,,INJURY_AVAILABILITY,ESPN_PUBLIC,Injured Reserve INJURY_STATUS_IR Undisclosed,high
ESPN-CTX-e98dcc6d289a93ce58c8f482,2026-10-04T12:55:43.962994-07:00,NHL,NHL,,Georgii Merkulov,,,,IR/IL,C,,,,INJURY_AVAILABILITY,ESPN_PUBLIC,Injured Reserve INJURY_STATUS_IR Undisclosed,high
ESPN-CTX-97f3e334d21c6f538ae22070,2026-10-04T12:55:43.962994-07:00,NHL,NHL,,Matt Duchene,,,,IR/IL,C,,,,INJURY_AVAILABILITY,ESPN_PUBLIC,Injured Reserve INJURY_STATUS_IR Lower Body,high
ESPN-CTX-15a8d9a4bed388c5180b7aac,2026-10-04T12:55:43.962994-07:00,NHL,NHL,,Harrison Scott,,,,IR/IL,C,,,,INJURY_AVAILABILITY,ESPN_PUBLIC,Injured Reserve INJURY_STATUS_IR Undisclosed,high
ESPN-CTX-37de94dfbc78459f5e3c4050,2026-10-04T12:55:43.962994-07:00,NHL,NHL,,Luke Krys,,,,IR/IL,D,,,,INJURY_AVAILABILITY,ESPN_PUBLIC,Injured Reserve INJURY_STATUS_IR Undisclosed,high
ESPN-CTX-017cf8a963c70974f35bd5d8,2026-10-04T12:55:43.962994-07:00,NHL,NHL,,Cameron Hughes,,,,IR/IL,C,,,,INJURY_AVAILABILITY,ESPN_PUBLIC,Injured Reserve INJURY_STATUS_IR Upper Body,high
ESPN-CTX-932418ed1afd0e6490692e1c,2026-10-04T12:55:43.962994-07:00,NHL,NHL,,Tristan Bertucci,,,,IR/IL,D,,,,INJURY_AVAILABILITY,ESPN_PUBLIC,Injured Reserve INJURY_STATUS_IR Undisclosed,high
ESPN-CTX-a0294e21357685032c8cf9ba,2026-10-04T12:55:43.962994-07:00,NHL,NHL,,Jaxon Fuder,,,,IR/IL,C,,,,INJURY_AVAILABILITY,ESPN_PUBLIC,Injured Reserve INJURY_STATUS_IR Undisclosed,high
ESPN-CTX-c68b1e33361c7aae39ee6cdd,2026-10-04T12:55:43.962994-07:00,NHL,NHL,,Marco Kasper,,,,OUT,C,,,,INJURY_AVAILABILITY,ESPN_PUBLIC,Out INJURY_STATUS_OUT Upper Body,high
ESPN-CTX-81190e08735b98c6dbe65fa1,2026-10-04T12:55:43.962994-07:00,NHL,NHL,,Dylan Larkin,,,,IR/IL,C,,,,INJURY_AVAILABILITY,ESPN_PUBLIC,Injured Reserve INJURY_STATUS_IR Upper Body,high
ESPN-CTX-0bb777395c2b466697f2db47,2026-10-04T12:55:43.962994-07:00,NHL,NHL,,Simon Edvinsson,,,,OUT,D,,,,INJURY_AVAILABILITY,ESPN_PUBLIC,Out INJURY_STATUS_OUT Contract Dispute,high
ESPN-CTX-8710a66d986feeadc628e173,2026-10-04T12:55:43.962994-07:00,NHL,NHL,,Chase Stillman,,,,IR/IL,RW,,,,INJURY_AVAILABILITY,ESPN_PUBLIC,Injured Reserve INJURY_STATUS_IR Undisclosed,high
ESPN-CTX-6b194bfaa45d12aed6adfa99,2026-10-04T12:55:43.962994-07:00,NHL,NHL,,Carter Bear,,,,IR/IL,LW,,,,INJURY_AVAILABILITY,ESPN_PUBLIC,Injured Reserve INJURY_STATUS_IR Upper Body,high
ESPN-CTX-181c364109f8e7a009bae272,2026-10-04T12:55:43.962994-07:00,NHL,NHL,,Jacob Bernard-Docker,,,,IR/IL,D,,,,INJURY_AVAILABILITY,ESPN_PUBLIC,Injured Reserve INJURY_STATUS_IR Upper Body,high
ESPN-CTX-9c795a00e06843dfe034ad4b,2026-10-04T12:55:43.962994-07:00,NHL,NHL,,Zach Hyman,,,,OUT,LW,,,,INJURY_AVAILABILITY,ESPN_PUBLIC,Out INJURY_STATUS_OUT Undisclosed,high
ESPN-CTX-7fc11e9bcd6cf20a8a3511ab,2026-10-04T12:55:43.962994-07:00,NHL,NHL,,Alec Regula,,,,IR/IL,D,,,,INJURY_AVAILABILITY,ESPN_PUBLIC,Injured Reserve INJURY_STATUS_IR Undisclosed,high
ESPN-CTX-2b041ba27d5c63b25376e9ea,2026-10-04T12:55:43.962994-07:00,NHL,NHL,,Ryan Nugent-Hopkins,,,,IR/IL,C,,,,INJURY_AVAILABILITY,ESPN_PUBLIC,Injured Reserve INJURY_STATUS_IR Lower Body,high
ESPN-CTX-73f8ccbb3dc5ba634057e705,2026-10-04T12:55:43.962994-07:00,NHL,NHL,,Matt Savoie,,,,IR/IL,C,,,,INJURY_AVAILABILITY,ESPN_PUBLIC,Injured Reserve INJURY_STATUS_IR Lower Body,high
ESPN-CTX-b8e37cab46cdda29c77e6b80,2026-10-04T12:55:43.962994-07:00,NHL,NHL,,Jason Dickinson,,,,IR/IL,C,,,,INJURY_AVAILABILITY,ESPN_PUBLIC,Injured Reserve INJURY_STATUS_IR Foot,high
ESPN-CTX-9f125d4ae45523cbb22b714d,2026-10-04T12:55:43.962994-07:00,NHL,NHL,,Frederik Andersen,,,,IR/IL,G,,,,INJURY_AVAILABILITY,ESPN_PUBLIC,Injured Reserve INJURY_STATUS_IR Knee,high
ESPN-CTX-4d8df386de9fc0700a357439,2026-10-04T12:55:43.962994-07:00,NHL,NHL,,James Stefan,,,,IR/IL,RW,,,,INJURY_AVAILABILITY,ESPN_PUBLIC,Injured Reserve INJURY_STATUS_IR Undisclosed,high
ESPN-CTX-312787874c8fb79edd3ef548,2026-10-04T12:55:43.962994-07:00,NHL,NHL,,Atro Leppanen,,,,IR/IL,D,,,,INJURY_AVAILABILITY,ESPN_PUBLIC,Injured Reserve INJURY_STATUS_IR Undisclosed,high
ESPN-CTX-a62f8382d73f9675038257bd,2026-10-04T12:55:43.962994-07:00,NHL,NHL,,Gustav Forsling,,,,DAY-TO-DAY INJURY_STATUS_DAYTODAY UPPER BODY,D,,,,INJURY_AVAILABILITY,ESPN_PUBLIC,Day-To-Day INJURY_STATUS_DAYTODAY Upper Body,high
ESPN-CTX-2e9918bff2862029cd3f7986,2026-10-04T12:55:43.962994-07:00,NHL,NHL,,Aleksander Barkov,,,,IR/IL,C,,,,INJURY_AVAILABILITY,ESPN_PUBLIC,Injured Reserve INJURY_STATUS_IR Knee,high
ESPN-CTX-2c50bd520f3a7e41b4e0fa8b,2026-10-04T12:55:43.962994-07:00,NHL,NHL,,MacKenzie Entwistle,,,,IR/IL,RW,,,,INJURY_AVAILABILITY,ESPN_PUBLIC,Injured Reserve INJURY_STATUS_IR Undisclosed,high
ESPN-CTX-1973953ffaa80ce944d97b2b,2026-10-04T12:55:43.962994-07:00,NHL,NHL,,Otto Salin,,,,IR/IL,D,,,,INJURY_AVAILABILITY,ESPN_PUBLIC,Injured Reserve INJURY_STATUS_IR Undisclosed,high
ESPN-CTX-ed306165d9fb25e8c9730029,2026-10-04T12:55:43.962994-07:00,NHL,NHL,,Brock Faber,,,,IR/IL,D,,,,INJURY_AVAILABILITY,ESPN_PUBLIC,Injured Reserve INJURY_STATUS_IR Skull,high
ESPN-CTX-14dd061a5c393d65048e65cb,2026-10-04T12:55:43.962994-07:00,NHL,NHL,,Filip Gustavsson,,,,IR/IL,G,,,,INJURY_AVAILABILITY,ESPN_PUBLIC,Injured Reserve INJURY_STATUS_IR Hip,high
ESPN-CTX-b25e76a57da2c621ca58a365,2026-10-04T12:55:43.962994-07:00,NHL,NHL,,Oliver Kapanen,,,,DAY-TO-DAY INJURY_STATUS_DAYTODAY LOWER BODY,C,,,,INJURY_AVAILABILITY,ESPN_PUBLIC,Day-To-Day INJURY_STATUS_DAYTODAY Lower Body,high
ESPN-CTX-cfb05689920feccef856832e,2026-10-04T12:55:43.962994-07:00,NHL,NHL,,Alexandre Carrier,,,,DAY-TO-DAY INJURY_STATUS_DAYTODAY UNDISCLOSED,D,,,,INJURY_AVAILABILITY,ESPN_PUBLIC,Day-To-Day INJURY_STATUS_DAYTODAY Undisclosed,high
ESPN-CTX-e030ee13d6d43ebc5767208c,2026-10-04T12:55:43.962994-07:00,NHL,NHL,,Bryce Pickford,,,,IR/IL,D,,,,INJURY_AVAILABILITY,ESPN_PUBLIC,Injured Reserve INJURY_STATUS_IR Undisclosed,high
ESPN-CTX-9c09532801555936d235be92,2026-10-04T12:55:43.962994-07:00,NHL,NHL,,Lucas Condotta,,,,IR/IL,LW,,,,INJURY_AVAILABILITY,ESPN_PUBLIC,Injured Reserve INJURY_STATUS_IR Undisclosed,high
ESPN-CTX-4a829c4d8ede4678f21adde1,2026-10-04T12:55:43.962994-07:00,NHL,NHL,,Kaiden Guhle,,,,IR/IL,D,,,,INJURY_AVAILABILITY,ESPN_PUBLIC,Injured Reserve INJURY_STATUS_IR Groin,high
ESPN-CTX-a8d4a72090c9bf0c877a1760,2026-10-04T12:55:43.962994-07:00,NHL,NHL,,Justus Annunen,,,,DAY-TO-DAY INJURY_STATUS_DAYTODAY UNDISCLOSED,G,,,,INJURY_AVAILABILITY,ESPN_PUBLIC,Day-To-Day INJURY_STATUS_DAYTODAY Undisclosed,high
ESPN-CTX-98ce7da5c71dc080fd475e66,2026-10-04T12:55:43.962994-07:00,NHL,NHL,,Connor Brown,,,,DAY-TO-DAY INJURY_STATUS_DAYTODAY LOWER BODY,RW,,,,INJURY_AVAILABILITY,ESPN_PUBLIC,Day-To-Day INJURY_STATUS_DAYTODAY Lower Body,high
ESPN-CTX-1bf68de3ce047cb6c5f1323f,2026-10-04T12:55:43.962994-07:00,NHL,NHL,,Seamus Casey,,,,IR/IL,D,,,,INJURY_AVAILABILITY,ESPN_PUBLIC,Injured Reserve INJURY_STATUS_IR Knee,high
ESPN-CTX-a4f6d789fa129193a750d90b,2026-10-04T12:55:43.962994-07:00,NHL,NHL,,Johnathan Kovacevic,,,,IR/IL,D,,,,INJURY_AVAILABILITY,ESPN_PUBLIC,Injured Reserve INJURY_STATUS_IR Knee,high
ESPN-CTX-82bcb819df5aa5c77bfe541e,2026-10-04T12:55:43.962994-07:00,NHL,NHL,,Nick Bjugstad,,,,IR/IL,C,,,,INJURY_AVAILABILITY,ESPN_PUBLIC,Injured Reserve INJURY_STATUS_IR Pectoral,high
ESPN-CTX-3f5d988f650b021a1bbcb033,2026-10-04T12:55:43.962994-07:00,NHL,NHL,,Mathew Barzal,,,,IR/IL,C,,,,INJURY_AVAILABILITY,ESPN_PUBLIC,Injured Reserve INJURY_STATUS_IR Knee,high
ESPN-CTX-3bdd5d078d61917a8ae166c0,2026-10-04T12:55:43.962994-07:00,NHL,NHL,,Joonas Korpisalo,,,,IR/IL,G,,,,INJURY_AVAILABILITY,ESPN_PUBLIC,Injured Reserve INJURY_STATUS_IR Lower Body,high
ESPN-CTX-8f2164167c80e6fd6bcdc4e5,2026-10-04T12:55:43.962994-07:00,NHL,NHL,,Aidan Thompson,,,,IR/IL,C,,,,INJURY_AVAILABILITY,ESPN_PUBLIC,Injured Reserve INJURY_STATUS_IR Undisclosed,high
ESPN-CTX-a0e45ceb6b142a90f8ac1173,2026-10-04T12:55:43.962994-07:00,NHL,NHL,,Adam Sykora,,,,IR/IL,LW,,,,INJURY_AVAILABILITY,ESPN_PUBLIC,Injured Reserve INJURY_STATUS_IR Lower Body,high
ESPN-CTX-32e31a2e3a653d36b48a1fce,2026-10-04T12:55:43.962994-07:00,NHL,NHL,,Andre Burakovsky,,,,DAY-TO-DAY INJURY_STATUS_DAYTODAY UPPER BODY,LW,,,,INJURY_AVAILABILITY,ESPN_PUBLIC,Day-To-Day INJURY_STATUS_DAYTODAY Upper Body,high
ESPN-CTX-e7c0943f33e132cb7d96bc41,2026-10-04T12:55:43.962994-07:00,NHL,NHL,,Jake Sanderson,,,,DAY-TO-DAY INJURY_STATUS_DAYTODAY LOWER BODY,D,,,,INJURY_AVAILABILITY,ESPN_PUBLIC,Day-To-Day INJURY_STATUS_DAYTODAY Lower Body,high
ESPN-CTX-62b5475b3ef2884f99ce1304,2026-10-04T12:55:43.962994-07:00,NHL,NHL,,Blake Montgomery,,,,IR/IL,LW,,,,INJURY_AVAILABILITY,ESPN_PUBLIC,Injured Reserve INJURY_STATUS_IR Undisclosed,high
ESPN-CTX-f609f32f042082da8d43211d,2026-10-04T12:55:43.962994-07:00,NHL,NHL,,Kurtis MacDermid,,,,IR/IL,LW,,,,INJURY_AVAILABILITY,ESPN_PUBLIC,Injured Reserve INJURY_STATUS_IR Upper Body,high
ESPN-CTX-f23fd1fc10512bb07b9060f0,2026-10-04T12:55:43.962994-07:00,NHL,NHL,,Artem Zub,,,,IR/IL,D,,,,INJURY_AVAILABILITY,ESPN_PUBLIC,Injured Reserve INJURY_STATUS_IR Knee,high
ESPN-CTX-5ca9a2ceeb7239dde6fd3005,2026-10-04T12:55:43.962994-07:00,NHL,NHL,,Nikita Grebenkin,,,,DAY-TO-DAY INJURY_STATUS_DAYTODAY UPPER BODY,RW,,,,INJURY_AVAILABILITY,ESPN_PUBLIC,Day-To-Day INJURY_STATUS_DAYTODAY Upper Body,high
ESPN-CTX-e178081caa695f92e82af618,2026-10-04T12:55:43.962994-07:00,NHL,NHL,,Rasmus Ristolainen,,,,DAY-TO-DAY INJURY_STATUS_DAYTODAY UNDISCLOSED,D,,,,INJURY_AVAILABILITY,ESPN_PUBLIC,Day-To-Day INJURY_STATUS_DAYTODAY Undisclosed,high
ESPN-CTX-09abfea71fb6272a3d471811,2026-10-04T12:55:43.962994-07:00,NHL,NHL,,Helge Grans,,,,IR/IL,D,,,,INJURY_AVAILABILITY,ESPN_PUBLIC,Injured Reserve INJURY_STATUS_IR Lower Body,high
ESPN-CTX-dab5eafc92584b5d1fa04543,2026-10-04T12:55:43.962994-07:00,NHL,NHL,,Denver Barkey,,,,IR/IL,C,,,,INJURY_AVAILABILITY,ESPN_PUBLIC,Injured Reserve INJURY_STATUS_IR Lower Body,high
ESPN-CTX-aa4f1e982f6ad6797c555165,2026-10-04T12:55:43.962994-07:00,NHL,NHL,,Bryan Rust,,,,IR/IL,RW,,,,INJURY_AVAILABILITY,ESPN_PUBLIC,Injured Reserve INJURY_STATUS_IR Upper Body,high
ESPN-CTX-3ddc55a5daf819fb98f25f43,2026-10-04T12:55:43.962994-07:00,NHL,NHL,,Justin Brazeau,,,,IR/IL,RW,,,,INJURY_AVAILABILITY,ESPN_PUBLIC,Injured Reserve INJURY_STATUS_IR Lower Body,high
ESPN-CTX-7cac39d08392af998bbd9008,2026-10-04T12:55:43.962994-07:00,NHL,NHL,,Ryan Graves,,,,IR/IL,D,,,,INJURY_AVAILABILITY,ESPN_PUBLIC,Injured Reserve INJURY_STATUS_IR Knee,high
ESPN-CTX-f9de5afded0ceea6f4e9ca2a,2026-10-04T12:55:43.962994-07:00,NHL,NHL,,Adam Gaudette,,,,IR/IL,RW,,,,INJURY_AVAILABILITY,ESPN_PUBLIC,Injured Reserve INJURY_STATUS_IR Upper Body,high
ESPN-CTX-c788df19d557a1904d37bd6e,2026-10-04T12:55:43.962994-07:00,NHL,NHL,,Alex Barre-Boulet,,,,IR/IL,C,,,,INJURY_AVAILABILITY,ESPN_PUBLIC,Injured Reserve INJURY_STATUS_IR Undisclosed,high
ESPN-CTX-9c5716a062a30eb0123686f0,2026-10-04T12:55:43.962994-07:00,NHL,NHL,,Quentin Musty,,,,IR/IL,LW,,,,INJURY_AVAILABILITY,ESPN_PUBLIC,Injured Reserve INJURY_STATUS_IR Upper Body,high
ESPN-CTX-96cd0b4a5d1804be64b23c5c,2026-10-04T12:55:43.962994-07:00,NHL,NHL,,Cam Lund,,,,IR/IL,C,,,,INJURY_AVAILABILITY,ESPN_PUBLIC,Injured Reserve INJURY_STATUS_IR Upper Body,high
ESPN-CTX-e28747864109b0956bdd76fa,2026-10-04T12:55:43.962994-07:00,NHL,NHL,,Kyle Keyser,,,,IR/IL,G,,,,INJURY_AVAILABILITY,ESPN_PUBLIC,Injured Reserve INJURY_STATUS_IR Upper Body,high
ESPN-CTX-a4f67c3e3ead053ebbe09476,2026-10-04T12:55:43.962994-07:00,NHL,NHL,,Jacob Melanson,,,,IR/IL,RW,,,,INJURY_AVAILABILITY,ESPN_PUBLIC,Injured Reserve INJURY_STATUS_IR Upper Body,high
ESPN-CTX-b1d4c79a5ddc069151806ecd,2026-10-04T12:55:43.962994-07:00,NHL,NHL,,Jake O'Brien,,,,IR/IL,C,,,,INJURY_AVAILABILITY,ESPN_PUBLIC,Injured Reserve INJURY_STATUS_IR Lower Body,high
ESPN-CTX-b40afc45dc7fbc08b81f512b,2026-10-04T12:55:43.962994-07:00,NHL,NHL,,Alexey Toropchenko,,,,OUT,RW,,,,INJURY_AVAILABILITY,ESPN_PUBLIC,Out INJURY_STATUS_OUT Upper Body,high
ESPN-CTX-3d59c0322de1ccb92eec8903,2026-10-04T12:55:43.962994-07:00,NHL,NHL,,Tyler Tucker,,,,IR/IL,D,,,,INJURY_AVAILABILITY,ESPN_PUBLIC,Injured Reserve INJURY_STATUS_IR Knee,high
ESPN-CTX-627e3ace8bcb60a9f92f0328,2026-10-04T12:55:43.962994-07:00,NHL,NHL,,Felix Trudeau,,,,IR/IL,LW,,,,INJURY_AVAILABILITY,ESPN_PUBLIC,Injured Reserve INJURY_STATUS_IR Undisclosed,high
ESPN-CTX-c5249b24ffa26cfb8a8d69ef,2026-10-04T12:55:43.962994-07:00,NHL,NHL,,Logan Mailloux,,,,IR/IL,D,,,,INJURY_AVAILABILITY,ESPN_PUBLIC,Injured Reserve INJURY_STATUS_IR Hand,high
ESPN-CTX-7249219c5f0b575bee144c94,2026-10-04T12:55:43.962994-07:00,NHL,NHL,,Emil Lilleberg,,,,DAY-TO-DAY INJURY_STATUS_DAYTODAY UNDISCLOSED,D,,,,INJURY_AVAILABILITY,ESPN_PUBLIC,Day-To-Day INJURY_STATUS_DAYTODAY Undisclosed,high
ESPN-CTX-8311fc9ddbf430c08fcd7fea,2026-10-04T12:55:43.962994-07:00,NHL,NHL,,Yanni Gourde,,,,IR/IL,C,,,,INJURY_AVAILABILITY,ESPN_PUBLIC,Injured Reserve INJURY_STATUS_IR Hip,high
ESPN-CTX-6b8ce83098c3048ef4365881,2026-10-04T12:55:43.962994-07:00,NHL,NHL,,Dominic James,,,,IR/IL,C,,,,INJURY_AVAILABILITY,ESPN_PUBLIC,Injured Reserve INJURY_STATUS_IR Hand,high
ESPN-CTX-7b09c48b299dffc160d70538,2026-10-04T12:55:43.962994-07:00,NHL,NHL,,Dakota Joshua,,,,IR/IL,C,,,,INJURY_AVAILABILITY,ESPN_PUBLIC,Injured Reserve INJURY_STATUS_IR Abdomen,high
ESPN-CTX-5bb57a832bc2278861c2d0f8,2026-10-04T12:55:43.962994-07:00,NHL,NHL,,Max Domi,,,,IR/IL,C,,,,INJURY_AVAILABILITY,ESPN_PUBLIC,Injured Reserve INJURY_STATUS_IR Back,high
ESPN-CTX-5be8ca403489ff209e884f36,2026-10-04T12:55:43.962994-07:00,NHL,NHL,,Cade Webber,,,,IR/IL,D,,,,INJURY_AVAILABILITY,ESPN_PUBLIC,Injured Reserve INJURY_STATUS_IR Elbow,high
ESPN-CTX-877c0333708d37e3b6a3aced,2026-10-04T12:55:43.962994-07:00,NHL,NHL,,Elvis Merzlikins,,,,IR/IL,G,,,,INJURY_AVAILABILITY,ESPN_PUBLIC,Injured Reserve INJURY_STATUS_IR Shoulder,high
ESPN-CTX-987daec773486122c949dc68,2026-10-04T12:55:43.962994-07:00,NHL,NHL,,William Villeneuve,,,,IR/IL,D,,,,INJURY_AVAILABILITY,ESPN_PUBLIC,Injured Reserve INJURY_STATUS_IR Knee,high
ESPN-CTX-acc22fe2af54200645256107,2026-10-04T12:55:43.962994-07:00,NHL,NHL,,Maveric Lamoureux,,,,IR/IL,D,,,,INJURY_AVAILABILITY,ESPN_PUBLIC,Injured Reserve INJURY_STATUS_IR Shoulder,high
ESPN-CTX-796553a970de1e685707028f,2026-10-04T12:55:43.962994-07:00,NHL,NHL,,Jake DeBrusk,,,,DAY-TO-DAY INJURY_STATUS_DAYTODAY ILLNESS,LW,,,,INJURY_AVAILABILITY,ESPN_PUBLIC,Day-To-Day INJURY_STATUS_DAYTODAY Illness,high
ESPN-CTX-1cc6ab81c2f9522cd7a505f8,2026-10-04T12:55:43.962994-07:00,NHL,NHL,,Jack Thompson,,,,IR/IL,D,,,,INJURY_AVAILABILITY,ESPN_PUBLIC,Injured Reserve INJURY_STATUS_IR Undisclosed,high
ESPN-CTX-27ccf30a6f5927afa5f50f78,2026-10-04T12:55:43.962994-07:00,NHL,NHL,,Akil Thomas,,,,IR/IL,C,,,,INJURY_AVAILABILITY,ESPN_PUBLIC,Injured Reserve INJURY_STATUS_IR Undisclosed,high
ESPN-CTX-af07b3c7ffcd3c4f5f741a5f,2026-10-04T12:55:43.962994-07:00,NHL,NHL,,Mackenzie MacEachern,,,,IR/IL,LW,,,,INJURY_AVAILABILITY,ESPN_PUBLIC,Injured Reserve INJURY_STATUS_IR Undisclosed,high
ESPN-CTX-157aff98846650323af3c50d,2026-10-04T12:55:43.962994-07:00,NHL,NHL,,Filip Chytil,,,,IR/IL,C,,,,INJURY_AVAILABILITY,ESPN_PUBLIC,Injured Reserve INJURY_STATUS_IR Shoulder,high
ESPN-CTX-7e60616e67fdfb92a8b96e6a,2026-10-04T12:55:43.962994-07:00,NHL,NHL,,Lukas Cormier,,,,IR/IL,D,,,,INJURY_AVAILABILITY,ESPN_PUBLIC,Injured Reserve INJURY_STATUS_IR Undisclosed,high
ESPN-CTX-47dc62c586eebe213fe0d527,2026-10-04T12:55:43.962994-07:00,NHL,NHL,,Matt Roy,,,,DAY-TO-DAY INJURY_STATUS_DAYTODAY LOWER BODY,D,,,,INJURY_AVAILABILITY,ESPN_PUBLIC,Day-To-Day INJURY_STATUS_DAYTODAY Lower Body,high
ESPN-CTX-357c8d3c72fabc794e56e269,2026-10-04T12:55:43.962994-07:00,NHL,NHL,,Patrick Thomas,,,,IR/IL,C,,,,INJURY_AVAILABILITY,ESPN_PUBLIC,Injured Reserve INJURY_STATUS_IR Upper Body,high
ESPN-CTX-9e49f3143f0647282162d4dc,2026-10-04T12:55:43.962994-07:00,NHL,NHL,,Rasmus Sandin,,,,IR/IL,D,,,,INJURY_AVAILABILITY,ESPN_PUBLIC,Injured Reserve INJURY_STATUS_IR Knee,high
ESPN-CTX-94d772325d9e8922cc6ce683,2026-10-04T12:55:43.962994-07:00,NHL,NHL,,Connor Hellebuyck,,,,IR/IL,G,,,,INJURY_AVAILABILITY,ESPN_PUBLIC,Injured Reserve INJURY_STATUS_IR Suspension,high
ESPN-CTX-3c3265b2781c9700acda7bc1,2026-10-04T12:55:43.962994-07:00,NHL,NHL,,Garrett Brown,,,,IR/IL,C,,,,INJURY_AVAILABILITY,ESPN_PUBLIC,Injured Reserve INJURY_STATUS_IR Lower Body,high
ESPN-CTX-83729365c874fef0e4f68db5,2026-10-04T12:55:43.962994-07:00,NHL,NHL,,Walker Duehr,,,,IR/IL,RW,,,,INJURY_AVAILABILITY,ESPN_PUBLIC,Injured Reserve INJURY_STATUS_IR Lower Body,high
ESPN-CTX-69eff6b16854820465ccab93,2026-10-04T12:55:43.962994-07:00,NHL,NHL,,Elias Salomonsson,,,,IR/IL,D,,,,INJURY_AVAILABILITY,ESPN_PUBLIC,Injured Reserve INJURY_STATUS_IR Shoulder,high
ESPN-CTX-602acd8e718248c4072db42f,2026-10-04T14:45:53.908079-07:00,NFL,NFL,,Paris Johnson Jr.,,,,QUESTIONABLE,OT,,,,INJURY_AVAILABILITY,ESPN_PUBLIC,Questionable INJURY_STATUS_QUESTIONABLE Biceps,high
ESPN-CTX-68c4d3f84be0c89e1d7914b5,2026-10-04T14:45:53.908079-07:00,NFL,NFL,,Hunter Long,,,,QUESTIONABLE,TE,,,,INJURY_AVAILABILITY,ESPN_PUBLIC,Questionable INJURY_STATUS_QUESTIONABLE Knee,high
ESPN-CTX-e82621b5ffa6af67c1e78110,2026-10-04T14:45:53.908079-07:00,NFL,NFL,,Durham Smythe,,,,OUT,TE,,,,INJURY_AVAILABILITY,ESPN_PUBLIC,Out INJURY_STATUS_OUT Achilles,high
ESPN-CTX-f1694c074d30d63f87d24b20,2026-10-04T14:45:53.908079-07:00,NFL,NFL,,Kyle Monangai,,,,QUESTIONABLE,RB,,,,INJURY_AVAILABILITY,ESPN_PUBLIC,Questionable INJURY_STATUS_QUESTIONABLE Thumb,high
ESPN-CTX-a86d52adf6e914cfef66599f,2026-10-04T14:45:53.908079-07:00,NFL,NFL,,Tee Higgins,,,,QUESTIONABLE,WR,,,,INJURY_AVAILABILITY,ESPN_PUBLIC,Questionable INJURY_STATUS_QUESTIONABLE Groin,high
ESPN-CTX-9e2e9317237405889caa5b9d,2026-10-04T14:45:53.908079-07:00,NFL,NFL,,Ja'Marr Chase,,,,QUESTIONABLE,WR,,,,INJURY_AVAILABILITY,ESPN_PUBLIC,Questionable INJURY_STATUS_QUESTIONABLE Concussion,high
ESPN-CTX-712a89b95ac2593d4d0ddbdd,2026-10-04T14:45:53.908079-07:00,NFL,NFL,,Alijah Clark,,,,ACTIVE,S,,,,INJURY_AVAILABILITY,ESPN_PUBLIC,Active INJURY_STATUS_ACTIVE,high
ESPN-CTX-135d12aacd599e7e16e3907d,2026-10-04T14:45:53.908079-07:00,NFL,NFL,,Brandon Cisse,,,,QUESTIONABLE,CB,,,,INJURY_AVAILABILITY,ESPN_PUBLIC,Questionable INJURY_STATUS_QUESTIONABLE Neck,high
ESPN-CTX-4c80e4ca41e0d06d17e12067,2026-10-04T14:45:53.908079-07:00,NFL,NFL,,Rashee Rice,,,,QUESTIONABLE,WR,,,,INJURY_AVAILABILITY,ESPN_PUBLIC,Questionable INJURY_STATUS_QUESTIONABLE Hamstring,high
ESPN-CTX-dd94a68f9ad44d64cc168ad1,2026-10-04T14:45:53.908079-07:00,NFL,NFL,,Trey Zuhn III,,,,QUESTIONABLE,C,,,,INJURY_AVAILABILITY,ESPN_PUBLIC,Questionable INJURY_STATUS_QUESTIONABLE Knee,high
ESPN-CTX-22b895be6953147075e238a9,2026-10-04T14:45:53.908079-07:00,NFL,NFL,,Donte Jackson,,,,QUESTIONABLE,CB,,,,INJURY_AVAILABILITY,ESPN_PUBLIC,Questionable INJURY_STATUS_QUESTIONABLE Hamstring,high
ESPN-CTX-08fcee27a9c3cc83acd22f3f,2026-10-04T14:45:53.908079-07:00,NFL,NFL,,Dante Trader Jr.,,,,QUESTIONABLE,S,,,,INJURY_AVAILABILITY,ESPN_PUBLIC,Questionable INJURY_STATUS_QUESTIONABLE Knee,high
ESPN-CTX-c9956e7dca42587de40053eb,2026-10-04T14:45:53.908079-07:00,NFL,NFL,,Jackson Woodard,,,,QUESTIONABLE,LB,,,,INJURY_AVAILABILITY,ESPN_PUBLIC,Questionable INJURY_STATUS_QUESTIONABLE Ankle,high
ESPN-CTX-727f8d8e2ae473aa2c20e60f,2026-10-04T14:45:53.908079-07:00,NFL,NFL,,Christian Darrisaw,,,,QUESTIONABLE,OT,,,,INJURY_AVAILABILITY,ESPN_PUBLIC,Questionable INJURY_STATUS_QUESTIONABLE Neck,high
ESPN-CTX-355d2b657c287b12c9347375,2026-10-04T14:45:53.908079-07:00,NFL,NFL,,Donovan Jackson,,,,QUESTIONABLE,G,,,,INJURY_AVAILABILITY,ESPN_PUBLIC,Questionable INJURY_STATUS_QUESTIONABLE Knee,high
ESPN-CTX-0863a7fab7699c626e35d87e,2026-10-04T14:45:53.908079-07:00,NFL,NFL,,Jarvis Brownlee Jr.,,,,OUT,CB,,,,INJURY_AVAILABILITY,ESPN_PUBLIC,Out INJURY_STATUS_OUT Head,high
ESPN-CTX-6c7e29be778e17d08d4b5b86,2026-10-04T14:45:53.908079-07:00,NFL,NFL,,Jonathan Greenard,,,,OUT,LB,,,,INJURY_AVAILABILITY,ESPN_PUBLIC,Out INJURY_STATUS_OUT Ankle,high
ESPN-CTX-f3f681a05b7995b402c9f37c,2026-10-04T14:45:53.908079-07:00,NFL,NFL,,Tank Bigsby,,,,QUESTIONABLE,RB,,,,INJURY_AVAILABILITY,ESPN_PUBLIC,Questionable INJURY_STATUS_QUESTIONABLE Undisclosed,high
ESPN-CTX-8b37164016708e751041f121,2026-10-04T15:15:52.088805-07:00,NFL,NFL,,Pat Surtain II,,,,QUESTIONABLE,CB,,,,INJURY_AVAILABILITY,ESPN_PUBLIC,Questionable INJURY_STATUS_QUESTIONABLE Knee,high
ESPN-CTX-6001f61528f6661e464e685f,2026-10-04T15:15:52.088805-07:00,NFL,NFL,,Jalen Nailor,,,,QUESTIONABLE,WR,,,,INJURY_AVAILABILITY,ESPN_PUBLIC,Questionable INJURY_STATUS_QUESTIONABLE Head,high
ESPN-CTX-a780d9af386d1296eb4b0d6c,2026-10-04T15:15:52.088805-07:00,NFL,NFL,,Joe Alt,,,,QUESTIONABLE,OT,,,,INJURY_AVAILABILITY,ESPN_PUBLIC,Questionable INJURY_STATUS_QUESTIONABLE Neck,high
ESPN-CTX-e7ab1b23433e8c2a0069efba,2026-10-04T15:15:52.088805-07:00,NFL,NFL,,Reese Taylor,,,,QUESTIONABLE,CB,,,,INJURY_AVAILABILITY,ESPN_PUBLIC,Questionable INJURY_STATUS_QUESTIONABLE Quadriceps,high
ESPN-CTX-a9d4afc8d9aafaf4692c33ac,2026-10-04T15:15:52.088805-07:00,NFL,NFL,,Christian Darrisaw,,,,ACTIVE,OT,,,,INJURY_AVAILABILITY,ESPN_PUBLIC,Active INJURY_STATUS_ACTIVE,high
ESPN-CTX-4d7969647b1d1530de6304e0,2026-10-04T15:15:52.088805-07:00,NHL,NHL,,Jake DeBrusk,,,,OUT,LW,,,,INJURY_AVAILABILITY,ESPN_PUBLIC,Out INJURY_STATUS_OUT Illness,high
ESPN-CTX-ab51169dcc0e5f9f84f6fac3,2026-10-04T16:17:12.770891-07:00,NBA,NBA,,Jamal Murray,,,,DAY-TO-DAY INJURY_STATUS_DAYTODAY PERSONAL,G,,,,INJURY_AVAILABILITY,ESPN_PUBLIC,Day-To-Day INJURY_STATUS_DAYTODAY Personal,high
ESPN-CTX-3336f5cec648834f42269da9,2026-10-04T16:17:12.770891-07:00,NBA,NBA,,Tobias Harris,,,,DAY-TO-DAY INJURY_STATUS_DAYTODAY CALF,F,,,,INJURY_AVAILABILITY,ESPN_PUBLIC,Day-To-Day INJURY_STATUS_DAYTODAY Calf,high
ESPN-CTX-994898af22b0949e16e05c56,2026-10-04T16:17:12.770891-07:00,NBA,NBA,,Josh Green,,,,DAY-TO-DAY INJURY_STATUS_DAYTODAY KNEE,G,,,,INJURY_AVAILABILITY,ESPN_PUBLIC,Day-To-Day INJURY_STATUS_DAYTODAY Knee,high
ESPN-CTX-6d2846d8092e9cdedd6a4ab9,2026-10-04T16:17:12.770891-07:00,NBA,NBA,,Brice Sensabaugh,,,,DAY-TO-DAY INJURY_STATUS_DAYTODAY HIP,F,,,,INJURY_AVAILABILITY,ESPN_PUBLIC,Day-To-Day INJURY_STATUS_DAYTODAY Hip,high
ESPN-CTX-719a8f1639e1ebb6eeabfa9e,2026-10-04T16:17:12.770891-07:00,NBA,NBA,,Kyle Filipowski,,,,DAY-TO-DAY INJURY_STATUS_DAYTODAY BACK,F,,,,INJURY_AVAILABILITY,ESPN_PUBLIC,Day-To-Day INJURY_STATUS_DAYTODAY Back,high
ESPN-CTX-66c46c071395ac30bde239cd,2026-10-04T16:17:12.770891-07:00,NFL,NFL,,Tyler Huntley,,,,ACTIVE,QB,,,,INJURY_AVAILABILITY,ESPN_PUBLIC,Active INJURY_STATUS_ACTIVE,high
ESPN-CTX-6d901b6126e62087af39f200,2026-10-04T16:17:12.770891-07:00,NFL,NFL,,Albert Reese IV,,,,OUT,OT,,,,INJURY_AVAILABILITY,ESPN_PUBLIC,Out INJURY_STATUS_OUT Coach's Decision,high
ESPN-CTX-762da5ed33386d7021225581,2026-10-04T16:17:12.770891-07:00,NFL,NFL,,Ja'Tavion Sanders,,,,OUT,TE,,,,INJURY_AVAILABILITY,ESPN_PUBLIC,Out INJURY_STATUS_OUT Coach's Decision,high
ESPN-CTX-8af4f0f24a0a8e6877b6fdb1,2026-10-04T16:17:12.770891-07:00,NFL,NFL,,Cam Jackson,,,,OUT,DT,,,,INJURY_AVAILABILITY,ESPN_PUBLIC,Out INJURY_STATUS_OUT Knee,high
ESPN-CTX-a2621017305a500daffbc929,2026-10-04T16:17:12.770891-07:00,NFL,NFL,,Haynes King,,,,OUT,QB,,,,INJURY_AVAILABILITY,ESPN_PUBLIC,Out INJURY_STATUS_OUT Coach's Decision,high
ESPN-CTX-b2db5f8720ef943d16353aad,2026-10-04T16:17:12.770891-07:00,NFL,NFL,,Lee Hunter,,,,ACTIVE,DT,,,,INJURY_AVAILABILITY,ESPN_PUBLIC,Active INJURY_STATUS_ACTIVE,high
ESPN-CTX-9814e36de87febf517d46688,2026-10-04T16:17:12.770891-07:00,NFL,NFL,,Jalen Coker,,,,OUT,WR,,,,INJURY_AVAILABILITY,ESPN_PUBLIC,Out INJURY_STATUS_OUT Quadriceps,high
ESPN-CTX-eabc57d4f89527e2dc3691d8,2026-10-04T16:17:12.770891-07:00,NFL,NFL,,Dohnte Meyers,,,,ACTIVE,WR,,,,INJURY_AVAILABILITY,ESPN_PUBLIC,Active INJURY_STATUS_ACTIVE,high
ESPN-CTX-b24f5f7f55059cabefdf5756,2026-10-04T16:17:12.770891-07:00,NFL,NFL,,Riley Moss,,,,OUT,CB,,,,INJURY_AVAILABILITY,ESPN_PUBLIC,Out INJURY_STATUS_OUT Ribs,high
ESPN-CTX-288136a1e9ed77570ca0ba06,2026-10-04T16:17:12.770891-07:00,NFL,NFL,,Pat Bryant,,,,QUESTIONABLE,WR,,,,INJURY_AVAILABILITY,ESPN_PUBLIC,Questionable INJURY_STATUS_QUESTIONABLE Leg,high
ESPN-CTX-01d3ceb8fcea6c3078c43056,2026-10-04T16:17:12.770891-07:00,NFL,NFL,,Pat Surtain II,,,,OUT,CB,,,,INJURY_AVAILABILITY,ESPN_PUBLIC,Out INJURY_STATUS_OUT Ankle,high
ESPN-CTX-871205aa290a1bb5cd0f5b66,2026-10-04T16:17:12.770891-07:00,NFL,NFL,,Mekhi Wingo,,,,OUT,DT,,,,INJURY_AVAILABILITY,ESPN_PUBLIC,Out INJURY_STATUS_OUT Coach's Decision,high
ESPN-CTX-2092f3d271e44263c47a0f14,2026-10-04T16:17:12.770891-07:00,NFL,NFL,,Devin White,,,,OUT,LB,,,,INJURY_AVAILABILITY,ESPN_PUBLIC,Out INJURY_STATUS_OUT Coach's Decision,high
ESPN-CTX-d89472f58157c4a9088deb41,2026-10-04T16:17:12.770891-07:00,NFL,NFL,,Tyler Conklin,,,,OUT,TE,,,,INJURY_AVAILABILITY,ESPN_PUBLIC,Out INJURY_STATUS_OUT Coach's Decision,high
ESPN-CTX-eda8a7a27452b69792dfbf7a,2026-10-04T16:17:12.770891-07:00,NFL,NFL,,Bishop Fitzgerald,,,,OUT,S,,,,INJURY_AVAILABILITY,ESPN_PUBLIC,Out INJURY_STATUS_OUT Coach's Decision,high
ESPN-CTX-79a00afe90c672e83da5c2e6,2026-10-04T16:17:12.770891-07:00,NFL,NFL,,Ahmed Hassanein,,,,OUT,DE,,,,INJURY_AVAILABILITY,ESPN_PUBLIC,Out INJURY_STATUS_OUT Coach's Decision,high
ESPN-CTX-d5b2364aabbc6b87dee0a795,2026-10-04T16:17:12.770891-07:00,NFL,NFL,,D.J. Reed,,,,ACTIVE,CB,,,,INJURY_AVAILABILITY,ESPN_PUBLIC,Active INJURY_STATUS_ACTIVE,high
ESPN-CTX-90d0ee64653104f6fa934bc8,2026-10-04T16:17:12.770891-07:00,NFL,NFL,,Jalen Nailor,,,,QUESTIONABLE,WR,,,,INJURY_AVAILABILITY,ESPN_PUBLIC,Questionable INJURY_STATUS_QUESTIONABLE Concussion,high
ESPN-CTX-9a9523694035bb63dbd8320e,2026-10-04T16:17:12.770891-07:00,NFL,NFL,,Trevor Penning,,,,QUESTIONABLE,G,,,,INJURY_AVAILABILITY,ESPN_PUBLIC,Questionable INJURY_STATUS_QUESTIONABLE Head,high
ESPN-CTX-35ee29153bfe13f94d079942,2026-10-04T16:17:12.770891-07:00,NFL,NFL,,Ladd McConkey,,,,OUT,WR,,,,INJURY_AVAILABILITY,ESPN_PUBLIC,Out INJURY_STATUS_OUT Foot,high
ESPN-CTX-ba6c25a92eb0c6fcb8c55971,2026-10-04T16:17:12.770891-07:00,NFL,NFL,,Christian Darrisaw,,,,QUESTIONABLE,OT,,,,INJURY_AVAILABILITY,ESPN_PUBLIC,Questionable INJURY_STATUS_QUESTIONABLE Head,high
ESPN-CTX-a028d52e5622cec3a650b78b,2026-10-04T16:17:12.770891-07:00,NFL,NFL,,Kyle Juszczyk,,,,OUT,FB,,,,INJURY_AVAILABILITY,ESPN_PUBLIC,Out INJURY_STATUS_OUT Knee,high
ESPN-CTX-72c6501dd02b56e7354d7a72,2026-10-04T16:17:12.770891-07:00,NHL,NHL,,Joe Veleno,,,,OUT,C,,,,INJURY_AVAILABILITY,ESPN_PUBLIC,Out INJURY_STATUS_OUT Lower Body,high
ESPN-CTX-0d34db443d85348aaefad969,2026-10-04T16:17:12.770891-07:00,WNBA,WNBA,,Jewell Loyd,,,,OUT,G,,,,INJURY_AVAILABILITY,ESPN_PUBLIC,Out INJURY_STATUS_OUT Leg,high
ESPN-CTX-e85ad4f1a390204133e1fbf5,2026-10-04T17:24:41.129724-07:00,NFL,NFL,,Pat Bryant,,,,QUESTIONABLE,WR,,,,INJURY_AVAILABILITY,ESPN_PUBLIC,Questionable INJURY_STATUS_QUESTIONABLE Ankle,high
ESPN-CTX-9c720a286a087856dc589ad6,2026-10-04T17:24:41.129724-07:00,NFL,NFL,,Tyquan Thornton,,,,DOUBTFUL,WR,,,,INJURY_AVAILABILITY,ESPN_PUBLIC,Doubtful INJURY_STATUS_DOUBTFUL Ankle,high
ESPN-CTX-34471c3c9707549a9ef03379,2026-10-04T17:24:41.129724-07:00,NFL,NFL,,Rashawn Slater,,,,QUESTIONABLE,OT,,,,INJURY_AVAILABILITY,ESPN_PUBLIC,Questionable INJURY_STATUS_QUESTIONABLE Ankle,high
ESPN-CTX-322f665a66e1bf262791123d,2026-10-04T17:24:41.129724-07:00,NFL,NFL,,Marques Sigle,,,,QUESTIONABLE,S,,,,INJURY_AVAILABILITY,ESPN_PUBLIC,Questionable INJURY_STATUS_QUESTIONABLE Ankle,high
ESPN-CTX-5ecc7138de6f389186ea6bcd,2026-10-04T17:24:41.129724-07:00,NFL,NFL,,Upton Stout,,,,ACTIVE,CB,,,,INJURY_AVAILABILITY,ESPN_PUBLIC,Active INJURY_STATUS_ACTIVE,high
ESPN-CTX-ea73cda6affa98ec95d12e90,2026-10-04T17:24:41.129724-07:00,NFL,NFL,,Leonard Williams,,,,QUESTIONABLE,DT,,,,INJURY_AVAILABILITY,ESPN_PUBLIC,Questionable INJURY_STATUS_QUESTIONABLE Ankle,high
ESPN-CTX-41dfe0eb41355c615079e965,2026-10-04T18:00:36.751396-07:00,NBA,NBA,,Max Strus,,,,DAY-TO-DAY INJURY_STATUS_DAYTODAY ANKLE,G,,,,INJURY_AVAILABILITY,ESPN_PUBLIC,Day-To-Day INJURY_STATUS_DAYTODAY Ankle,high
ESPN-CTX-8a6c3b54f391cdfefd474fcb,2026-10-04T18:00:36.751396-07:00,NFL,NFL,,Kyle Juszczyk,,,,QUESTIONABLE,FB,,,,INJURY_AVAILABILITY,ESPN_PUBLIC,Questionable INJURY_STATUS_QUESTIONABLE Knee,high
ESPN-CTX-f7bf5fe38d79e9ce33dbea4e,2026-10-04T18:00:36.751396-07:00,NHL,NHL,,Aaron Ekblad,,,,OUT,D,,,,INJURY_AVAILABILITY,ESPN_PUBLIC,Out INJURY_STATUS_OUT Personal,high
ESPN-CTX-4260918d3abbb5152cfed48b,2026-10-04T19:04:48.589950-07:00,NBA,NBA,,Alex Toohey,,,,DAY-TO-DAY INJURY_STATUS_DAYTODAY,F,,,,INJURY_AVAILABILITY,ESPN_PUBLIC,Day-To-Day INJURY_STATUS_DAYTODAY,high
ESPN-CTX-60d7bb6654018e55fa4f1ffe,2026-10-04T23:42:00.234328-07:00,NFL,NFL,,Jaelan Phillips,,,,QUESTIONABLE,LB,,,,INJURY_AVAILABILITY,ESPN_PUBLIC,Questionable INJURY_STATUS_QUESTIONABLE Hamstring,high
ESPN-CTX-67a4906284c8e1f7360a62ac,2026-10-04T23:42:00.234328-07:00,NFL,NFL,,Monroe Freeling,,,,QUESTIONABLE,OT,,,,INJURY_AVAILABILITY,ESPN_PUBLIC,Questionable INJURY_STATUS_QUESTIONABLE Knee,high
ESPN-CTX-8da26a9547742c1d3dcde300,2026-10-04T23:42:00.234328-07:00,NFL,NFL,,Pat Surtain II,,,,QUESTIONABLE,CB,,,,INJURY_AVAILABILITY,ESPN_PUBLIC,Questionable INJURY_STATUS_QUESTIONABLE Ankle,high
ESPN-CTX-4edb9ea5dbf904ec7abdbbeb,2026-10-04T23:42:00.234328-07:00,NFL,NFL,,Riley Moss,,,,QUESTIONABLE,CB,,,,INJURY_AVAILABILITY,ESPN_PUBLIC,Questionable INJURY_STATUS_QUESTIONABLE Ribs,high
ESPN-CTX-c5cf06e7aa0359ced8a01935,2026-10-04T23:42:00.234328-07:00,NFL,NFL,,Rock Ya-Sin,,,,QUESTIONABLE,CB,,,,INJURY_AVAILABILITY,ESPN_PUBLIC,Questionable INJURY_STATUS_QUESTIONABLE Hamstring,high
ESPN-CTX-ed359c28e484749a675f094d,2026-10-04T23:42:00.234328-07:00,NFL,NFL,,Edgerrin Cooper,,,,DOUBTFUL,LB,,,,INJURY_AVAILABILITY,ESPN_PUBLIC,Doubtful INJURY_STATUS_DOUBTFUL Achilles,high
ESPN-CTX-5b12a95bfab49530f61eab7f,2026-10-04T23:42:00.234328-07:00,NFL,NFL,,Tyquan Thornton,,,,OUT,WR,,,,INJURY_AVAILABILITY,ESPN_PUBLIC,Out INJURY_STATUS_OUT Ankle,high
ESPN-CTX-a0a02c72246a843601c32a9e,2026-10-04T23:42:00.234328-07:00,NFL,NFL,,Ian Thomas,,,,ACTIVE,TE,,,,INJURY_AVAILABILITY,ESPN_PUBLIC,Active INJURY_STATUS_ACTIVE,high
ESPN-CTX-dcd140d73bc842a6902a9832,2026-10-04T23:42:00.234328-07:00,NFL,NFL,,Efton Chism III,,,,ACTIVE,WR,,,,INJURY_AVAILABILITY,ESPN_PUBLIC,Active INJURY_STATUS_ACTIVE,high
ESPN-CTX-e202b42e2fecb2da573b4003,2026-10-05T00:03:39.506981-07:00,NHL,NHL,,Aaron Ekblad,,,,DAY-TO-DAY INJURY_STATUS_DAYTODAY PERSONAL,D,,,,INJURY_AVAILABILITY,ESPN_PUBLIC,Day-To-Day INJURY_STATUS_DAYTODAY Personal,high
ESPN-CTX-9fafd77ca716bbabb2a9fca3,2026-10-05T09:15:13.240411-07:00,NFL,NFL,,Pat Surtain II,,,,DOUBTFUL,CB,,,,INJURY_AVAILABILITY,ESPN_PUBLIC,Doubtful INJURY_STATUS_DOUBTFUL Ankle,high
ESPN-CTX-94ca06a3e7ac6d033823c273,2026-10-05T09:15:13.240411-07:00,NFL,NFL,,Trevor Penning,,,,QUESTIONABLE,G,,,,INJURY_AVAILABILITY,ESPN_PUBLIC,Questionable INJURY_STATUS_QUESTIONABLE Concussion,high
ESPN-CTX-f0dd7837345232fab26cd164,2026-10-05T09:15:13.240411-07:00,NFL,NFL,,Jarvis Brownlee Jr.,,,,QUESTIONABLE,CB,,,,INJURY_AVAILABILITY,ESPN_PUBLIC,Questionable INJURY_STATUS_QUESTIONABLE Concussion,high
ESPN-CTX-2e0a5ca87ee695a4a968a55f,2026-10-05T09:15:13.240411-07:00,NFL,NFL,,Tank Bigsby,,,,QUESTIONABLE,RB,,,,INJURY_AVAILABILITY,ESPN_PUBLIC,Questionable INJURY_STATUS_QUESTIONABLE Lower Body,high
ESPN-CTX-827c5be412260a8af47e2708,2026-10-05T09:15:13.240411-07:00,NFL,NFL,,Kyle Juszczyk,,,,DOUBTFUL,FB,,,,INJURY_AVAILABILITY,ESPN_PUBLIC,Doubtful INJURY_STATUS_DOUBTFUL Knee,high
ESPN-CTX-7bad6bd17afc1f5ff4dd9c48,2026-10-05T09:15:13.240411-07:00,NFL,NFL,,Jaylin Lane,,,,OUT,WR,,,,INJURY_AVAILABILITY,ESPN_PUBLIC,Out INJURY_STATUS_OUT Ankle,high
ESPN-CTX-92e35cc7ff2a937494ecef06,2026-10-05T09:15:13.240411-07:00,NHL,NHL,,Marco Kasper,,,,DAY-TO-DAY INJURY_STATUS_DAYTODAY UPPER BODY,C,,,,INJURY_AVAILABILITY,ESPN_PUBLIC,Day-To-Day INJURY_STATUS_DAYTODAY Upper Body,high
ESPN-CTX-838bf8b762b9d6485209d18b,2026-10-05T09:15:13.240411-07:00,NHL,NHL,,Danila Yurov,,,,DAY-TO-DAY INJURY_STATUS_DAYTODAY UNDISCLOSED,RW,,,,INJURY_AVAILABILITY,ESPN_PUBLIC,Day-To-Day INJURY_STATUS_DAYTODAY Undisclosed,high
ESPN-CTX-d3f1667d61e9853c8c4ad9f1,2026-10-05T09:15:13.240411-07:00,NHL,NHL,,Joe Veleno,,,,DAY-TO-DAY INJURY_STATUS_DAYTODAY LOWER BODY,C,,,,INJURY_AVAILABILITY,ESPN_PUBLIC,Day-To-Day INJURY_STATUS_DAYTODAY Lower Body,high
ESPN-CTX-924c3366dd356e5f75b05a4f,2026-10-05T09:15:13.240411-07:00,NHL,NHL,,Andre Burakovsky,,,,IR/IL,LW,,,,INJURY_AVAILABILITY,ESPN_PUBLIC,Injured Reserve INJURY_STATUS_IR Upper Body,high
ESPN-CTX-f703caae2430a918daff9fd4,2026-10-05T09:15:13.240411-07:00,NHL,NHL,,Emil Lilleberg,,,,OUT,D,,,,INJURY_AVAILABILITY,ESPN_PUBLIC,Out INJURY_STATUS_OUT Undisclosed,high
ESPN-CTX-518a23c7072cc41eb2be99d8,2026-10-05T14:21:02.962604-07:00,MLB,MLB,,Seth Johnson,,,,OUT,RP,,,,INJURY_AVAILABILITY,ESPN_PUBLIC,Out INJURY_STATUS_OUT Knee,high
ESPN-CTX-01be2f6e0bddbdd129d66f0d,2026-10-05T14:21:02.962604-07:00,MLB,MLB,,Josh Naylor,,,,OUT,1B,,,,INJURY_AVAILABILITY,ESPN_PUBLIC,Out INJURY_STATUS_OUT Wrist,high
ESPN-CTX-46e035156d89a33fc1da3659,2026-10-05T14:21:02.962604-07:00,MLB,MLB,,Cal Raleigh,,,,OUT,C,,,,INJURY_AVAILABILITY,ESPN_PUBLIC,Out INJURY_STATUS_OUT Shoulder,high
ESPN-CTX-4ceae85b9a44c60b661ac86c,2026-10-05T14:21:02.962604-07:00,NBA,NBA,,Joshua Jefferson,,,,DAY-TO-DAY INJURY_STATUS_DAYTODAY BACK,F,,,,INJURY_AVAILABILITY,ESPN_PUBLIC,Day-To-Day INJURY_STATUS_DAYTODAY Back,high
ESPN-CTX-12c4ed202bc3a213e12da358,2026-10-05T14:21:02.962604-07:00,NBA,NBA,,Coby White,,,,DAY-TO-DAY INJURY_STATUS_DAYTODAY CALF,G,,,,INJURY_AVAILABILITY,ESPN_PUBLIC,Day-To-Day INJURY_STATUS_DAYTODAY Calf,high
ESPN-CTX-0a647ccb26fb3acda312162e,2026-10-05T14:21:02.962604-07:00,NBA,NBA,,Nic Claxton,,,,DAY-TO-DAY INJURY_STATUS_DAYTODAY HAMSTRING,C,,,,INJURY_AVAILABILITY,ESPN_PUBLIC,Day-To-Day INJURY_STATUS_DAYTODAY Hamstring,high
ESPN-CTX-bea0c18caa008e9e56eab127,2026-10-05T14:21:02.962604-07:00,NBA,NBA,,Kyrie Irving,,,,DAY-TO-DAY INJURY_STATUS_DAYTODAY,G,,,,INJURY_AVAILABILITY,ESPN_PUBLIC,Day-To-Day INJURY_STATUS_DAYTODAY,high
ESPN-CTX-f81ef5878653ecbebd433f7d,2026-10-05T14:21:02.962604-07:00,NBA,NBA,,Cason Wallace,,,,DAY-TO-DAY INJURY_STATUS_DAYTODAY REST,G,,,,INJURY_AVAILABILITY,ESPN_PUBLIC,Day-To-Day INJURY_STATUS_DAYTODAY Rest,high
ESPN-CTX-84cf2fab9f45ceb738a90bd3,2026-10-05T14:21:02.962604-07:00,NBA,NBA,,Alex Caruso,,,,DAY-TO-DAY INJURY_STATUS_DAYTODAY REST,G,,,,INJURY_AVAILABILITY,ESPN_PUBLIC,Day-To-Day INJURY_STATUS_DAYTODAY Rest,high
ESPN-CTX-23d1c9dc5180947bb00d3569,2026-10-05T14:21:02.962604-07:00,NBA,NBA,,Chet Holmgren,,,,DAY-TO-DAY INJURY_STATUS_DAYTODAY REST,C,,,,INJURY_AVAILABILITY,ESPN_PUBLIC,Day-To-Day INJURY_STATUS_DAYTODAY Rest,high
ESPN-CTX-26db70cee751b8f4ad275ec2,2026-10-05T14:21:02.962604-07:00,NBA,NBA,,Isaiah Hartenstein,,,,DAY-TO-DAY INJURY_STATUS_DAYTODAY REST,C,,,,INJURY_AVAILABILITY,ESPN_PUBLIC,Day-To-Day INJURY_STATUS_DAYTODAY Rest,high
ESPN-CTX-a580d1ba05b0f26c414a9f0f,2026-10-05T14:21:02.962604-07:00,NBA,NBA,,Jalen Williams,,,,DAY-TO-DAY INJURY_STATUS_DAYTODAY NOT INJURY RELATED,G,,,,INJURY_AVAILABILITY,ESPN_PUBLIC,Day-To-Day INJURY_STATUS_DAYTODAY Not Injury Related,high
ESPN-CTX-600798a3f0247957e66ebab6,2026-10-05T14:21:02.962604-07:00,NBA,NBA,,Shai Gilgeous-Alexander,,,,DAY-TO-DAY INJURY_STATUS_DAYTODAY NOT INJURY RELATED,G,,,,INJURY_AVAILABILITY,ESPN_PUBLIC,Day-To-Day INJURY_STATUS_DAYTODAY Not Injury Related,high
ESPN-CTX-1ef01a373cf992dccbb63bcc,2026-10-05T14:21:02.962604-07:00,NBA,NBA,,Jalen Suggs,,,,DAY-TO-DAY INJURY_STATUS_DAYTODAY ILLNESS,G,,,,INJURY_AVAILABILITY,ESPN_PUBLIC,Day-To-Day INJURY_STATUS_DAYTODAY Illness,high
ESPN-CTX-9f7fc7f332a9a5efc0de7190,2026-10-05T14:21:02.962604-07:00,NBA,NBA,,Anfernee Simons,,,,DAY-TO-DAY INJURY_STATUS_DAYTODAY REST,G,,,,INJURY_AVAILABILITY,ESPN_PUBLIC,Day-To-Day INJURY_STATUS_DAYTODAY Rest,high
ESPN-CTX-aa844db6eaf4cbfd9e38fbc3,2026-10-05T14:21:02.962604-07:00,NBA,NBA,,Dominick Barlow,,,,DAY-TO-DAY INJURY_STATUS_DAYTODAY REST,F,,,,INJURY_AVAILABILITY,ESPN_PUBLIC,Day-To-Day INJURY_STATUS_DAYTODAY Rest,high
ESPN-CTX-662469cb5f0f2d18c17b99e8,2026-10-05T14:21:02.962604-07:00,NBA,NBA,,Tyrese Maxey,,,,DAY-TO-DAY INJURY_STATUS_DAYTODAY REST,G,,,,INJURY_AVAILABILITY,ESPN_PUBLIC,Day-To-Day INJURY_STATUS_DAYTODAY Rest,high
ESPN-CTX-3e9d4a767f6f1eaeaa5e9273,2026-10-05T14:21:02.962604-07:00,NBA,NBA,,LeBron James,,,,DAY-TO-DAY INJURY_STATUS_DAYTODAY REST,F,,,,INJURY_AVAILABILITY,ESPN_PUBLIC,Day-To-Day INJURY_STATUS_DAYTODAY Rest,high
ESPN-CTX-9b9ca05c6e0d7552afff2bc3,2026-10-05T14:21:02.962604-07:00,NBA,NBA,,Joel Embiid,,,,DAY-TO-DAY INJURY_STATUS_DAYTODAY REST,C,,,,INJURY_AVAILABILITY,ESPN_PUBLIC,Day-To-Day INJURY_STATUS_DAYTODAY Rest,high
ESPN-CTX-b811838724012fa6381eb209,2026-10-05T14:21:02.962604-07:00,NBA,NBA,,Ben Simmons,,,,DAY-TO-DAY INJURY_STATUS_DAYTODAY UNDISCLOSED,G,,,,INJURY_AVAILABILITY,ESPN_PUBLIC,Day-To-Day INJURY_STATUS_DAYTODAY Undisclosed,high
ESPN-CTX-ed3b80ecde9033fc3b2e8f85,2026-10-05T14:21:02.962604-07:00,NBA,NBA,,Scottie Barnes,,,,DAY-TO-DAY INJURY_STATUS_DAYTODAY KNEE,F,,,,INJURY_AVAILABILITY,ESPN_PUBLIC,Day-To-Day INJURY_STATUS_DAYTODAY Knee,high
ESPN-CTX-33bfe30918547e50a2f6eadf,2026-10-05T14:21:02.962604-07:00,NFL,NFL,,Cameron Robertson,,,,ACTIVE,LB,,,,INJURY_AVAILABILITY,ESPN_PUBLIC,Active INJURY_STATUS_ACTIVE,high
ESPN-CTX-355e0e3f897e0d3b99690248,2026-10-05T14:21:02.962604-07:00,NFL,NFL,,James Lynch,,,,ACTIVE,DT,,,,INJURY_AVAILABILITY,ESPN_PUBLIC,Active INJURY_STATUS_ACTIVE,high
ESPN-CTX-b46a44705916cf8235364a77,2026-10-05T14:21:02.962604-07:00,NFL,NFL,,Pat Bryant,,,,DOUBTFUL,WR,,,,INJURY_AVAILABILITY,ESPN_PUBLIC,Doubtful INJURY_STATUS_DOUBTFUL Ankle,high
ESPN-CTX-0fe835941b66448873ffb8e1,2026-10-05T14:21:02.962604-07:00,NFL,NFL,,Edgerrin Cooper,,,,OUT,LB,,,,INJURY_AVAILABILITY,ESPN_PUBLIC,Out INJURY_STATUS_OUT Achilles,high
ESPN-CTX-296aecd1b337210bdf96b1a2,2026-10-05T14:21:02.962604-07:00,NFL,NFL,,Marlin Klein,,,,ACTIVE,TE,,,,INJURY_AVAILABILITY,ESPN_PUBLIC,Active INJURY_STATUS_ACTIVE,high
ESPN-CTX-8a8705e1a2def17c1b875ee5,2026-10-05T14:21:02.962604-07:00,NFL,NFL,,Tank Dell,,,,IR/IL,WR,,,,INJURY_AVAILABILITY,ESPN_PUBLIC,Injured Reserve INJURY_STATUS_IR Knee - ACL + MCL,high
ESPN-CTX-aaa2c7a0f62c9b8a76d54029,2026-10-05T14:21:02.962604-07:00,NFL,NFL,,Jadon Canady,,,,ACTIVE,CB,,,,INJURY_AVAILABILITY,ESPN_PUBLIC,Active INJURY_STATUS_ACTIVE,high
ESPN-CTX-8b4709b862c3230aa3582587,2026-10-05T14:21:02.962604-07:00,NFL,NFL,,Jonah Laulu,,,,ACTIVE,DT,,,,INJURY_AVAILABILITY,ESPN_PUBLIC,Active INJURY_STATUS_ACTIVE,high
ESPN-CTX-9f17bf49fb7f514680f51cb4,2026-10-05T14:21:02.962604-07:00,NFL,NFL,,Rashawn Slater,,,,DOUBTFUL,OT,,,,INJURY_AVAILABILITY,ESPN_PUBLIC,Doubtful INJURY_STATUS_DOUBTFUL Ankle,high
ESPN-CTX-f34fc2f2c00d822af7cec567,2026-10-05T14:21:02.962604-07:00,NFL,NFL,,Cam Lampkin,,,,ACTIVE,CB,,,,INJURY_AVAILABILITY,ESPN_PUBLIC,Active INJURY_STATUS_ACTIVE,high
ESPN-CTX-18c9dfe46bb9068eea1f61f7,2026-10-05T14:21:02.962604-07:00,NFL,NFL,,Christian Darrisaw,,,,QUESTIONABLE,OT,,,,INJURY_AVAILABILITY,ESPN_PUBLIC,Questionable INJURY_STATUS_QUESTIONABLE Concussion,high
ESPN-CTX-1dd01ee842dfd9a5f26fe59a,2026-10-05T14:21:02.962604-07:00,NFL,NFL,,Donovan Jackson,,,,OUT,G,,,,INJURY_AVAILABILITY,ESPN_PUBLIC,Out INJURY_STATUS_OUT Knee - Meniscus,high
ESPN-CTX-2cdb20f8a194368b4d88bd62,2026-10-05T14:21:02.962604-07:00,NFL,NFL,,Nikko Reed,,,,ACTIVE,CB,,,,INJURY_AVAILABILITY,ESPN_PUBLIC,Active INJURY_STATUS_ACTIVE,high
ESPN-CTX-7dd08ec99c4cc43c0cbabbeb,2026-10-05T14:21:02.962604-07:00,NFL,NFL,,Braxton Berrios,,,,OUT,WR,,,,INJURY_AVAILABILITY,ESPN_PUBLIC,Out INJURY_STATUS_OUT Foot,high
ESPN-CTX-e71c423ec4d194e12aba940c,2026-10-05T14:21:02.962604-07:00,NFL,NFL,,Braiden McGregor,,,,OUT,DE,,,,INJURY_AVAILABILITY,ESPN_PUBLIC,Out INJURY_STATUS_OUT Pectoral,high
ESPN-CTX-67f7e068c112b8d1432c2ba6,2026-10-05T14:21:02.962604-07:00,NFL,NFL,,Tank Bigsby,,,,OUT,RB,,,,INJURY_AVAILABILITY,ESPN_PUBLIC,Out INJURY_STATUS_OUT Lower Body,high
ESPN-CTX-3a46bc047bd93934d3c8d377,2026-10-05T14:21:02.962604-07:00,NFL,NFL,,Derrick Harmon,,,,OUT,DT,,,,INJURY_AVAILABILITY,ESPN_PUBLIC,Out INJURY_STATUS_OUT Foot,high
ESPN-CTX-85b67f1bdd0e1396c372f27a,2026-10-05T14:21:02.962604-07:00,NFL,NFL,,Nick Kallerup,,,,ACTIVE,TE,,,,INJURY_AVAILABILITY,ESPN_PUBLIC,Active INJURY_STATUS_ACTIVE,high
ESPN-CTX-86c855e9a6faba0f1d53c8f5,2026-10-05T14:21:02.962604-07:00,NFL,NFL,,Antoine Winfield Jr.,,,,OUT,S,,,,INJURY_AVAILABILITY,ESPN_PUBLIC,Out INJURY_STATUS_OUT Ribs,high
ESPN-CTX-a68cadc43c766c2b545cf625,2026-10-05T14:21:02.962604-07:00,NFL,NFL,,Drew Moss,,,,ACTIVE,G,,,,INJURY_AVAILABILITY,ESPN_PUBLIC,Active INJURY_STATUS_ACTIVE,high
ESPN-CTX-67cd0e3087a1117956576171,2026-10-05T14:21:02.962604-07:00,NFL,NFL,,Luke McCaffrey,,,,ACTIVE,WR,,,,INJURY_AVAILABILITY,ESPN_PUBLIC,Active INJURY_STATUS_ACTIVE,high
ESPN-CTX-b422b42c60bfc0819f96fdf8,2026-10-05T14:21:02.962604-07:00,NHL,NHL,,Andrew Mangiapane,,,,OUT,LW,,,,INJURY_AVAILABILITY,ESPN_PUBLIC,Out INJURY_STATUS_OUT Lower Body,high
ESPN-CTX-6a1cd9afc2446084227cd89c,2026-10-05T14:21:02.962604-07:00,NHL,NHL,,Danila Yurov,,,,DAY-TO-DAY INJURY_STATUS_DAYTODAY UPPER BODY,RW,,,,INJURY_AVAILABILITY,ESPN_PUBLIC,Day-To-Day INJURY_STATUS_DAYTODAY Upper Body,high
ESPN-CTX-50d38858f77fbc3a46a69fb8,2026-10-05T14:21:02.962604-07:00,NHL,NHL,,Connor Brown,,,,OUT,RW,,,,INJURY_AVAILABILITY,ESPN_PUBLIC,Out INJURY_STATUS_OUT Lower Body,high
ESPN-CTX-7d772a80982a2f6a228dbf29,2026-10-05T14:21:02.962604-07:00,NHL,NHL,,Jake Sanderson,,,,OUT,D,,,,INJURY_AVAILABILITY,ESPN_PUBLIC,Out INJURY_STATUS_OUT Lower Body,high
ESPN-CTX-6a9a3b6ef095c199604b5945,2026-10-05T14:21:02.962604-07:00,NHL,NHL,,Nikita Grebenkin,,,,IR/IL,RW,,,,INJURY_AVAILABILITY,ESPN_PUBLIC,Injured Reserve INJURY_STATUS_IR Upper Body,high
ESPN-CTX-e632534c00435f574dc809ff,2026-10-05T15:40:09.876899-07:00,NBA,NBA,,Luguentz Dort,,,,DAY-TO-DAY INJURY_STATUS_DAYTODAY KNEE,G,,,,INJURY_AVAILABILITY,ESPN_PUBLIC,Day-To-Day INJURY_STATUS_DAYTODAY Knee,high
ESPN-CTX-15aec4edbe6444a5dd487a22,2026-10-05T15:40:09.876899-07:00,NBA,NBA,,CJ McCollum,,,,DAY-TO-DAY INJURY_STATUS_DAYTODAY NOSE,G,,,,INJURY_AVAILABILITY,ESPN_PUBLIC,Day-To-Day INJURY_STATUS_DAYTODAY Nose,high
ESPN-CTX-ff99810eb0d8b9ea539e24dd,2026-10-05T15:40:09.876899-07:00,NBA,NBA,,Kylan Boswell,,,,DAY-TO-DAY INJURY_STATUS_DAYTODAY KNEE,G,,,,INJURY_AVAILABILITY,ESPN_PUBLIC,Day-To-Day INJURY_STATUS_DAYTODAY Knee,high
ESPN-CTX-ddd6df04a7dbfd4abdeaf52f,2026-10-05T15:40:09.876899-07:00,NBA,NBA,,Jalen Duren,,,,DAY-TO-DAY INJURY_STATUS_DAYTODAY REST,C,,,,INJURY_AVAILABILITY,ESPN_PUBLIC,Day-To-Day INJURY_STATUS_DAYTODAY Rest,high
ESPN-CTX-5de40fbef17cbac1a9f1cd93,2026-10-05T15:40:09.876899-07:00,NBA,NBA,,Max Strus,,,,OUT,G,,,,INJURY_AVAILABILITY,ESPN_PUBLIC,Out INJURY_STATUS_OUT Foot,high
ESPN-CTX-6f31adcca28e87db1a8515fa,2026-10-05T15:40:09.876899-07:00,NBA,NBA,,Jose Alvarado,,,,DAY-TO-DAY INJURY_STATUS_DAYTODAY KNEE,G,,,,INJURY_AVAILABILITY,ESPN_PUBLIC,Day-To-Day INJURY_STATUS_DAYTODAY Knee,high
ESPN-CTX-2dd86cd07d0ebacb21b17563,2026-10-05T15:40:09.876899-07:00,NBA,NBA,,Anfernee Simons,,,,DAY-TO-DAY INJURY_STATUS_DAYTODAY UNDISCLOSED,G,,,,INJURY_AVAILABILITY,ESPN_PUBLIC,Day-To-Day INJURY_STATUS_DAYTODAY Undisclosed,high
ESPN-CTX-f4342dec85641177deb9011e,2026-10-05T15:40:09.876899-07:00,NBA,NBA,,Dominick Barlow,,,,DAY-TO-DAY INJURY_STATUS_DAYTODAY BACK,F,,,,INJURY_AVAILABILITY,ESPN_PUBLIC,Day-To-Day INJURY_STATUS_DAYTODAY Back,high
ESPN-CTX-d970a009e42c5c812b1220da,2026-10-05T15:40:09.876899-07:00,NFL,NFL,,Jeremiyah Love,,,,QUESTIONABLE,RB,,,,INJURY_AVAILABILITY,ESPN_PUBLIC,Questionable INJURY_STATUS_QUESTIONABLE Ankle,high
ESPN-CTX-cac548d4770a6e330dedc6ef,2026-10-05T15:40:09.876899-07:00,NFL,NFL,,Paris Johnson Jr.,,,,OUT,OT,,,,INJURY_AVAILABILITY,ESPN_PUBLIC,Out INJURY_STATUS_OUT Biceps,high
ESPN-CTX-73acc027ed2e4c86f35c689a,2026-10-05T15:40:09.876899-07:00,NFL,NFL,,Drew Shelton,,,,QUESTIONABLE,OT,,,,INJURY_AVAILABILITY,ESPN_PUBLIC,Questionable INJURY_STATUS_QUESTIONABLE Hamstring,high
ESPN-CTX-bee4ff571b7289e2b6830f04,2026-10-05T15:40:09.876899-07:00,NFL,NFL,,Rock Ya-Sin,,,,DOUBTFUL,CB,,,,INJURY_AVAILABILITY,ESPN_PUBLIC,Doubtful INJURY_STATUS_DOUBTFUL Hamstring,high
ESPN-CTX-41fc710afc7fe7482a98c54f,2026-10-05T15:40:09.876899-07:00,NFL,NFL,,Rashawn Slater,,,,OUT,OT,,,,INJURY_AVAILABILITY,ESPN_PUBLIC,Out INJURY_STATUS_OUT Ankle,high
ESPN-CTX-9f3e28932402c6fa98905775,2026-10-05T15:40:09.876899-07:00,NFL,NFL,,Konata Mumpfield,,,,QUESTIONABLE,WR,,,,INJURY_AVAILABILITY,ESPN_PUBLIC,Questionable INJURY_STATUS_QUESTIONABLE Shoulder,high
ESPN-CTX-a1389af2a6e52e4243aded31,2026-10-05T15:40:09.876899-07:00,NFL,NFL,,Reese Taylor,,,,OUT,CB,,,,INJURY_AVAILABILITY,ESPN_PUBLIC,Out INJURY_STATUS_OUT Quadriceps,high
ESPN-CTX-91dd887f3515d99d5d6c075b,2026-10-05T15:40:09.876899-07:00,NFL,NFL,,Braxton Berrios,,,,DOUBTFUL,WR,,,,INJURY_AVAILABILITY,ESPN_PUBLIC,Doubtful INJURY_STATUS_DOUBTFUL Foot,high
ESPN-CTX-6651199ffd2030842657ec9b,2026-10-05T15:40:09.876899-07:00,NFL,NFL,,Derrick Harmon,,,,IR/IL,DT,,,,INJURY_AVAILABILITY,ESPN_PUBLIC,Injured Reserve INJURY_STATUS_IR Foot,high
ESPN-CTX-746b5e7a0d13dc052acf8a0c,2026-10-05T15:40:09.876899-07:00,NFL,NFL,,Marques Sigle,,,,DOUBTFUL,S,,,,INJURY_AVAILABILITY,ESPN_PUBLIC,Doubtful INJURY_STATUS_DOUBTFUL Ankle,high
ESPN-CTX-da4de08db36cf5b4492ae1a7,2026-10-05T15:40:09.876899-07:00,NFL,NFL,,Rueben Bain Jr.,,,,ACTIVE,LB,,,,INJURY_AVAILABILITY,ESPN_PUBLIC,Active INJURY_STATUS_ACTIVE,high
ESPN-CTX-b42d0d727e30083a2088e747,2026-10-05T15:40:09.876899-07:00,NFL,NFL,,Josiah Trotter,,,,QUESTIONABLE,LB,,,,INJURY_AVAILABILITY,ESPN_PUBLIC,Questionable INJURY_STATUS_QUESTIONABLE Knee,high
ESPN-CTX-7e0f54337377c6df0406acea,2026-10-05T15:40:09.876899-07:00,NHL,NHL,,Alexey Toropchenko,,,,IR/IL,RW,,,,INJURY_AVAILABILITY,ESPN_PUBLIC,Injured Reserve INJURY_STATUS_IR Upper Body,high
ESPN-CTX-632f14b8313a1754bde65535,2026-10-05T15:51:04.993243-07:00,NFL,NFL,,Zach Wilson,,,,OUT,QB,,,,INJURY_AVAILABILITY,ESPN_PUBLIC,Out INJURY_STATUS_OUT Coach's Decision,high
ESPN-CTX-36b323bc207243755dd13c4b,2026-10-05T15:51:04.993243-07:00,NFL,NFL,,Decamerion Richardson,,,,OUT,CB,,,,INJURY_AVAILABILITY,ESPN_PUBLIC,Out INJURY_STATUS_OUT Coach's Decision,high
ESPN-CTX-26656cb142834cba59e307e0,2026-10-05T15:51:04.993243-07:00,NFL,NFL,,Christen Miller,,,,OUT,DT,,,,INJURY_AVAILABILITY,ESPN_PUBLIC,Out INJURY_STATUS_OUT Coach's Decision,high
ESPN-CTX-0d5abc4c72782c54ff282b01,2026-10-05T15:51:04.993243-07:00,NFL,NFL,,Noah Fant,,,,OUT,TE,,,,INJURY_AVAILABILITY,ESPN_PUBLIC,Out INJURY_STATUS_OUT Abdomen,high
ESPN-CTX-d9319ca37703f1c3f305d979,2026-10-05T15:51:04.993243-07:00,NHL,NHL,,Rasmus Ristolainen,,,,OUT,D,,,,INJURY_AVAILABILITY,ESPN_PUBLIC,Out INJURY_STATUS_OUT Undisclosed,high
ESPN-CTX-162b7469318d3fb558610fd9,2026-10-05T16:13:05.192972-07:00,NFL,NFL,,Jared Ivey,,,,OUT,LB,,,,INJURY_AVAILABILITY,ESPN_PUBLIC,Out INJURY_STATUS_OUT Coach's Decision,high
ESPN-CTX-c41199a1dd294e5a57050eac,2026-10-05T16:13:05.192972-07:00,NFL,NFL,,Yasir Abdullah,,,,ACTIVE,LB,,,,INJURY_AVAILABILITY,ESPN_PUBLIC,Active INJURY_STATUS_ACTIVE,high
ESPN-CTX-1d4d317ff7a045533cbfa6c3,2026-10-05T16:13:05.192972-07:00,NFL,NFL,,Samson Ebukam,,,,ACTIVE,DE,,,,INJURY_AVAILABILITY,ESPN_PUBLIC,Active INJURY_STATUS_ACTIVE,high
ESPN-CTX-29f2b9f9ab081ee552ec7c20,2026-10-05T16:13:05.192972-07:00,NFL,NFL,,Divine Deablo,,,,ACTIVE,LB,,,,INJURY_AVAILABILITY,ESPN_PUBLIC,Active INJURY_STATUS_ACTIVE,high
ESPN-CTX-471cb9280c7554dd9ce49072,2026-10-05T17:41:47.295752-07:00,NBA,NBA,,Aaron Wiggins,,,,DAY-TO-DAY INJURY_STATUS_DAYTODAY LIPS,G,,,,INJURY_AVAILABILITY,ESPN_PUBLIC,Day-To-Day INJURY_STATUS_DAYTODAY Lips,high
ESPN-CTX-5d503b225ea5c53afe9994bd,2026-10-05T17:41:47.295752-07:00,NBA,NBA,,Arthur Kaluma,,,,DAY-TO-DAY INJURY_STATUS_DAYTODAY UNDISCLOSED,F,,,,INJURY_AVAILABILITY,ESPN_PUBLIC,Day-To-Day INJURY_STATUS_DAYTODAY Undisclosed,high
ESPN-CTX-18d5d5d619103c3200bfda20,2026-10-05T17:41:47.295752-07:00,NBA,NBA,,Collin Sexton,,,,DAY-TO-DAY INJURY_STATUS_DAYTODAY UNDISCLOSED,G,,,,INJURY_AVAILABILITY,ESPN_PUBLIC,Day-To-Day INJURY_STATUS_DAYTODAY Undisclosed,high
ESPN-CTX-8b6143621106d41e8c97f609,2026-10-05T17:41:47.295752-07:00,NBA,NBA,,Austin Reaves,,,,DAY-TO-DAY INJURY_STATUS_DAYTODAY ANKLE,G,,,,INJURY_AVAILABILITY,ESPN_PUBLIC,Day-To-Day INJURY_STATUS_DAYTODAY Ankle,high
ESPN-CTX-39e77667e293fc447b02613f,2026-10-05T17:41:47.295752-07:00,NBA,NBA,,Walker Kessler,,,,DAY-TO-DAY INJURY_STATUS_DAYTODAY FINGER,C,,,,INJURY_AVAILABILITY,ESPN_PUBLIC,Day-To-Day INJURY_STATUS_DAYTODAY Finger,high
ESPN-CTX-4b006e445eb55b29db4b10b1,2026-10-05T17:41:47.295752-07:00,NBA,NBA,,Isaiah Stewart,,,,DAY-TO-DAY INJURY_STATUS_DAYTODAY ANKLE,C,,,,INJURY_AVAILABILITY,ESPN_PUBLIC,Day-To-Day INJURY_STATUS_DAYTODAY Ankle,high
ESPN-CTX-a09ebdca30dd7abfbcae1a70,2026-10-05T17:41:47.295752-07:00,NBA,NBA,,Ariel Hukporti,,,,DAY-TO-DAY INJURY_STATUS_DAYTODAY CALF,C,,,,INJURY_AVAILABILITY,ESPN_PUBLIC,Day-To-Day INJURY_STATUS_DAYTODAY Calf,high
ESPN-CTX-1aabd191538ca56979baa208,2026-10-05T17:41:47.295752-07:00,NBA,NBA,,Jusuf Nurkic,,,,DAY-TO-DAY INJURY_STATUS_DAYTODAY FOOT,C,,,,INJURY_AVAILABILITY,ESPN_PUBLIC,Day-To-Day INJURY_STATUS_DAYTODAY Foot,high
ESPN-CTX-8cc78113e426a276c7a063a7,2026-10-05T17:41:47.295752-07:00,NHL,NHL,,Macklin Celebrini,,,,OUT,C,,,,INJURY_AVAILABILITY,ESPN_PUBLIC,Out INJURY_STATUS_OUT Lower Body,high
ESPN-CTX-3060c333a5fb1ac662664a56,2026-10-05T18:23:18.420748-07:00,NBA,NBA,,Arthur Kaluma,,,,DAY-TO-DAY INJURY_STATUS_DAYTODAY LOWER BODY,F,,,,INJURY_AVAILABILITY,ESPN_PUBLIC,Day-To-Day INJURY_STATUS_DAYTODAY Lower Body,high
ESPN-CTX-91e73f31048f8bf9262fda44,2026-10-05T18:23:18.420748-07:00,NBA,NBA,,Collin Sexton,,,,DAY-TO-DAY INJURY_STATUS_DAYTODAY LOWER BODY,G,,,,INJURY_AVAILABILITY,ESPN_PUBLIC,Day-To-Day INJURY_STATUS_DAYTODAY Lower Body,high
ESPN-CTX-69dd82b14fd3e476725f14cf,2026-10-05T18:23:18.420748-07:00,NBA,NBA,,Keegan Murray,,,,DAY-TO-DAY INJURY_STATUS_DAYTODAY UNDISCLOSED,F,,,,INJURY_AVAILABILITY,ESPN_PUBLIC,Day-To-Day INJURY_STATUS_DAYTODAY Undisclosed,high
ESPN-CTX-82796622996336a4b30daf1e,2026-10-05T18:23:18.420748-07:00,NBA,NBA,,Malik Monk,,,,DAY-TO-DAY INJURY_STATUS_DAYTODAY REST,G,,,,INJURY_AVAILABILITY,ESPN_PUBLIC,Day-To-Day INJURY_STATUS_DAYTODAY Rest,high
ESPN-CTX-14b1022d77157b0891a75c7a,2026-10-05T18:23:18.420748-07:00,NFL,NFL,,Jake Matthews,,,,QUESTIONABLE,OT,,,,INJURY_AVAILABILITY,ESPN_PUBLIC,Questionable INJURY_STATUS_QUESTIONABLE Groin,high
ESPN-CTX-1f6262640293a195fe6ebd1f,2026-10-05T18:23:18.420748-07:00,NFL,NFL,,Za'Darius Smith,,,,OUT,DE,,,,INJURY_AVAILABILITY,ESPN_PUBLIC,Out INJURY_STATUS_OUT Concussion,high
ESPN-CTX-dbbf6360ff6260583e10750c,2026-10-05T18:23:18.420748-07:00,NFL,NFL,,Ikem Ekwonu,,,,OUT,OT,,,,INJURY_AVAILABILITY,ESPN_PUBLIC,Out INJURY_STATUS_OUT Knee,high
ESPN-CTX-42ec57f39d1cb24762e7955b,2026-10-05T18:23:18.420748-07:00,NFL,NFL,,Trevor Etienne,,,,IR/IL,RB,,,,INJURY_AVAILABILITY,ESPN_PUBLIC,Injured Reserve INJURY_STATUS_IR Ankle,high
ESPN-CTX-f8ef932cce91c21da9708686,2026-10-05T18:23:18.420748-07:00,NFL,NFL,,Arden Key,,,,OUT,DE,,,,INJURY_AVAILABILITY,ESPN_PUBLIC,Out INJURY_STATUS_OUT Hamstring,high
ESPN-CTX-0f4957ddb4915dbb3a5f2acf,2026-10-05T18:23:18.420748-07:00,NFL,NFL,,Scott Matlock,,,,IR/IL,FB,,,,INJURY_AVAILABILITY,ESPN_PUBLIC,Injured Reserve INJURY_STATUS_IR Undisclosed,high
ESPN-CTX-8b5023d2afee50757827aae8,2026-10-05T18:23:18.420748-07:00,NFL,NFL,,Cam Jurgens,,,,QUESTIONABLE,C,,,,INJURY_AVAILABILITY,ESPN_PUBLIC,Questionable INJURY_STATUS_QUESTIONABLE Concussion,high
ESPN-CTX-727bc5e045cf3d1142f8ea1a,2026-10-05T18:23:18.420748-07:00,NFL,NFL,,Tank Bigsby,,,,OUT,RB,,,,INJURY_AVAILABILITY,ESPN_PUBLIC,Out INJURY_STATUS_OUT Abdomen,high
ESPN-CTX-56d0b3562f9619c9e67dee2c,2026-10-05T20:05:27.051567-07:00,NBA,NBA,,Ariel Hukporti,,,,DAY-TO-DAY INJURY_STATUS_DAYTODAY LOWER LEG,C,,,,INJURY_AVAILABILITY,ESPN_PUBLIC,Day-To-Day INJURY_STATUS_DAYTODAY Lower Leg,high
ESPN-CTX-9b80801d2a9d82a203addb13,2026-10-05T20:05:27.051567-07:00,NFL,NFL,,Za'Darius Smith,,,,QUESTIONABLE,DE,,,,INJURY_AVAILABILITY,ESPN_PUBLIC,Questionable INJURY_STATUS_QUESTIONABLE Concussion,high
ESPN-CTX-0e8b0324ea2fa41f1453beab,2026-10-05T20:05:27.051567-07:00,NFL,NFL,,Matthew Hibner,,,,ACTIVE,TE,,,,INJURY_AVAILABILITY,ESPN_PUBLIC,Active INJURY_STATUS_ACTIVE,high
ESPN-CTX-516b4e9c26c4cff63d3de608,2026-10-06T00:37:02.584424-07:00,MLB,MLB,,Zach Eflin,,,,IR/IL,SP,,,,INJURY_AVAILABILITY,ESPN_PUBLIC,60-Day-IL INJURY_STATUS_60DAYIL Elbow,high
ESPN-CTX-95f5e3c6fb22689e91a662a7,2026-10-06T00:37:02.584424-07:00,NFL,NFL,,Elijah Higgins,,,,ACTIVE,TE,,,,INJURY_AVAILABILITY,ESPN_PUBLIC,Active INJURY_STATUS_ACTIVE,high
ESPN-CTX-f00af0c5accd9d28ebe639a8,2026-10-06T00:37:02.584424-07:00,NFL,NFL,,Tommy Tremble,,,,ACTIVE,TE,,,,INJURY_AVAILABILITY,ESPN_PUBLIC,Active INJURY_STATUS_ACTIVE,high
ESPN-CTX-98b85f3229ada06e766fd804,2026-10-06T00:37:02.584424-07:00,NFL,NFL,,Roschon Johnson,,,,ACTIVE,RB,,,,INJURY_AVAILABILITY,ESPN_PUBLIC,Active INJURY_STATUS_ACTIVE,high
ESPN-CTX-34271ed4d0389214f47655be,2026-10-06T00:37:02.584424-07:00,NFL,NFL,,Davon Godchaux,,,,QUESTIONABLE,DT,,,,INJURY_AVAILABILITY,ESPN_PUBLIC,Questionable INJURY_STATUS_QUESTIONABLE Groin,high
ESPN-CTX-64a0cb7b87f634d3ba205523,2026-10-06T00:37:02.584424-07:00,NFL,NFL,,Sean Murphy-Bunting,,,,ACTIVE,CB,,,,INJURY_AVAILABILITY,ESPN_PUBLIC,Active INJURY_STATUS_ACTIVE,high
ESPN-CTX-c82cbe8be06d2f849d2a2add,2026-10-06T00:37:02.584424-07:00,NHL,NHL,,Linus Ullmark,,,,DAY-TO-DAY INJURY_STATUS_DAYTODAY UNDISCLOSED,G,,,,INJURY_AVAILABILITY,ESPN_PUBLIC,Day-To-Day INJURY_STATUS_DAYTODAY Undisclosed,high
ESPN-CTX-c750f33515c21bad2114a412,2026-10-06T10:30:50.340948-07:00,NBA,NBA,,Trayce Jackson-Davis,,,,DAY-TO-DAY INJURY_STATUS_DAYTODAY HEAD,F,,,,INJURY_AVAILABILITY,ESPN_PUBLIC,Day-To-Day INJURY_STATUS_DAYTODAY Head,high
ESPN-CTX-2c24a82c74a0e7b4e94d8628,2026-10-06T10:30:50.340948-07:00,NHL,NHL,,J.T. Compher,,,,OUT,LW,,,,INJURY_AVAILABILITY,ESPN_PUBLIC,Out INJURY_STATUS_OUT Undisclosed,high
ESPN-CTX-67a20b1d6cc5e072d0558225,2026-10-06T10:30:50.340948-07:00,NHL,NHL,,Marco Kasper,,,,IR/IL,C,,,,INJURY_AVAILABILITY,ESPN_PUBLIC,Injured Reserve INJURY_STATUS_IR Upper Body,high
ESPN-CTX-f6355437367271362b2c01c1,2026-10-06T10:30:50.340948-07:00,NHL,NHL,,Mason Appleton,,,,OUT,C,,,,INJURY_AVAILABILITY,ESPN_PUBLIC,Out INJURY_STATUS_OUT Undisclosed,high
ESPN-CTX-672216b72651c5e7f46e4ab4,2026-10-06T10:30:50.340948-07:00,NHL,NHL,,Oliver Kapanen,,,,OUT,C,,,,INJURY_AVAILABILITY,ESPN_PUBLIC,Out INJURY_STATUS_OUT Lower Body,high
ESPN-CTX-bfb2e3758a9f34a914ad1459,2026-10-06T10:30:50.340948-07:00,NHL,NHL,,Ivan Demidov,,,,OUT,RW,,,,INJURY_AVAILABILITY,ESPN_PUBLIC,Out INJURY_STATUS_OUT Lower Body,high
ESPN-CTX-15458ade77144065a952670a,2026-10-06T10:30:50.340948-07:00,NHL,NHL,,Justus Annunen,,,,IR/IL,G,,,,INJURY_AVAILABILITY,ESPN_PUBLIC,Injured Reserve INJURY_STATUS_IR Undisclosed,high
ESPN-CTX-ab0971c23ed8a418132486cb,2026-10-06T10:30:50.340948-07:00,NHL,NHL,,Joe Veleno,,,,IR/IL,C,,,,INJURY_AVAILABILITY,ESPN_PUBLIC,Injured Reserve INJURY_STATUS_IR Lower Body,high
ESPN-CTX-3a6290f175fc16aadd8b5be6,2026-10-06T10:30:50.340948-07:00,NHL,NHL,,Macklin Celebrini,,,,DAY-TO-DAY INJURY_STATUS_DAYTODAY LOWER BODY,C,,,,INJURY_AVAILABILITY,ESPN_PUBLIC,Day-To-Day INJURY_STATUS_DAYTODAY Lower Body,high
ESPN-CTX-143d6461c45bcaa55a6587f6,2026-10-06T11:59:03.946503-07:00,NFL,NFL,,Jared Ivey,,,,ACTIVE,LB,,,,INJURY_AVAILABILITY,ESPN_PUBLIC,Active INJURY_STATUS_ACTIVE,high
ESPN-CTX-67dd462c2ebfacff4d577db3,2026-10-06T11:59:03.946503-07:00,NFL,NFL,,Cam Lewis,,,,QUESTIONABLE,CB,,,,INJURY_AVAILABILITY,ESPN_PUBLIC,Questionable INJURY_STATUS_QUESTIONABLE Hip,high
ESPN-CTX-7cd217680a277d854df8b651,2026-10-06T11:59:03.946503-07:00,NFL,NFL,,DeMarvion Overshown,,,,DOUBTFUL,LB,,,,INJURY_AVAILABILITY,ESPN_PUBLIC,Doubtful INJURY_STATUS_DOUBTFUL Hamstring,high
ESPN-CTX-8b00ba16ae1918f18262cd7f,2026-10-06T11:59:03.946503-07:00,NFL,NFL,,Drew Shelton,,,,DOUBTFUL,OT,,,,INJURY_AVAILABILITY,ESPN_PUBLIC,Doubtful INJURY_STATUS_DOUBTFUL Hamstring,high
ESPN-CTX-6a0c4e381a5a5af55b42e5cf,2026-10-06T11:59:03.946503-07:00,NFL,NFL,,Azeez Al-Shaair,,,,QUESTIONABLE,LB,,,,INJURY_AVAILABILITY,ESPN_PUBLIC,Questionable INJURY_STATUS_QUESTIONABLE Groin,high
ESPN-CTX-b2687837a7fe657bef11efaf,2026-10-06T11:59:03.946503-07:00,NFL,NFL,,Charlie Kolar,,,,QUESTIONABLE,TE,,,,INJURY_AVAILABILITY,ESPN_PUBLIC,Questionable INJURY_STATUS_QUESTIONABLE Forearm,high
ESPN-CTX-4792faf9cda240438337beaa,2026-10-06T11:59:03.946503-07:00,NFL,NFL,,Lane Johnson,,,,QUESTIONABLE,OT,,,,INJURY_AVAILABILITY,ESPN_PUBLIC,Questionable INJURY_STATUS_QUESTIONABLE Personal,high
ESPN-CTX-851528d4b8148748b6480438,2026-10-06T11:59:03.946503-07:00,NFL,NFL,,Nick Cross,,,,QUESTIONABLE,S,,,,INJURY_AVAILABILITY,ESPN_PUBLIC,Questionable INJURY_STATUS_QUESTIONABLE Illness,high
ESPN-CTX-b822f4a55535d35e9f0decd8,2026-10-06T11:59:03.946503-07:00,NHL,NHL,,Aleksander Barkov,,,,IR/IL,C,,,,INJURY_AVAILABILITY,ESPN_PUBLIC,Injured Reserve INJURY_STATUS_IR Lower Body,high
ESPN-CTX-d36f163f7ea53ca85ef5ebe9,2026-10-06T12:39:09.672175-07:00,NBA,NBA,,Ariel Hukporti,,,,OUT,C,,,,INJURY_AVAILABILITY,ESPN_PUBLIC,Out INJURY_STATUS_OUT Achilles,high
ESPN-CTX-551e294be715d942f1287ba5,2026-10-06T14:04:19.990196-07:00,NFL,NFL,,Kenny Yeboah,,,,ACTIVE,TE,,,,INJURY_AVAILABILITY,ESPN_PUBLIC,Active INJURY_STATUS_ACTIVE,high
ESPN-CTX-397b2be2bf658be6222dd27b,2026-10-06T14:04:19.990196-07:00,NFL,NFL,,Hunter Long,,,,IR/IL,TE,,,,INJURY_AVAILABILITY,ESPN_PUBLIC,Injured Reserve INJURY_STATUS_IR Knee,high
ESPN-CTX-00e59393ba040999df0452a7,2026-10-06T14:04:19.990196-07:00,NFL,NFL,,Paris Johnson Jr.,,,,IR/IL,OT,,,,INJURY_AVAILABILITY,ESPN_PUBLIC,Injured Reserve INJURY_STATUS_IR Biceps,high
ESPN-CTX-f6e7f926d705820749aa421a,2026-10-06T14:04:19.990196-07:00,NFL,NFL,,Dillon Gabriel,,,,IR/IL,QB,,,,INJURY_AVAILABILITY,ESPN_PUBLIC,Injured Reserve INJURY_STATUS_IR Back,high
ESPN-CTX-59565e3a010a47c5332b26e7,2026-10-06T14:04:19.990196-07:00,NFL,NFL,,Edgerrin Cooper,,,,IR/IL,LB,,,,INJURY_AVAILABILITY,ESPN_PUBLIC,Injured Reserve INJURY_STATUS_IR Achilles,high
ESPN-CTX-de9da1950d83c6eac4ea37d3,2026-10-06T14:04:19.990196-07:00,NFL,NFL,,Caleb Ransaw,,,,IR/IL,S,,,,INJURY_AVAILABILITY,ESPN_PUBLIC,Injured Reserve INJURY_STATUS_IR Knee,high
ESPN-CTX-b0799e97f839189008b6912c,2026-10-06T14:04:19.990196-07:00,NFL,NFL,,Lane Johnson,,,,RESERVE-RET INJURY_STATUS_RESERVE_RET PERSONAL,OT,,,,INJURY_AVAILABILITY,ESPN_PUBLIC,Reserve-Ret INJURY_STATUS_RESERVE_RET Personal,high
ESPN-CTX-7404cfd4fbb4d8d8508a6196,2026-10-06T14:04:19.990196-07:00,NFL,NFL,,Jacardia Wright,,,,OUT,RB,,,,INJURY_AVAILABILITY,ESPN_PUBLIC,Out INJURY_STATUS_OUT Foot,high
ESPN-CTX-0c3894a7cf6b847d110b3107,2026-10-06T14:04:19.990196-07:00,NFL,NFL,,Chase McLaughlin,,,,QUESTIONABLE,PK,,,,INJURY_AVAILABILITY,ESPN_PUBLIC,Questionable INJURY_STATUS_QUESTIONABLE Groin,high
ESPN-CTX-6ace6e3f019f6e1f7a591cd1,2026-10-06T14:04:19.990196-07:00,NFL,NFL,,Anthony Nelson,,,,QUESTIONABLE,LB,,,,INJURY_AVAILABILITY,ESPN_PUBLIC,Questionable INJURY_STATUS_QUESTIONABLE Illness,high
ESPN-CTX-18495d7dc04e52df046c5615,2026-10-06T14:04:19.990196-07:00,NFL,NFL,,Jaylin Lane,,,,IR/IL,WR,,,,INJURY_AVAILABILITY,ESPN_PUBLIC,Injured Reserve INJURY_STATUS_IR Ankle,high
ESPN-CTX-921e0fccddaf2047627f72a4,2026-10-06T14:45:41.147253-07:00,NBA,NBA,,Brandon Miller,,,,DAY-TO-DAY INJURY_STATUS_DAYTODAY LEG,F,,,,INJURY_AVAILABILITY,ESPN_PUBLIC,Day-To-Day INJURY_STATUS_DAYTODAY Leg,high
ESPN-CTX-0f7a0b755531d2396d29986e,2026-10-06T14:45:41.147253-07:00,NBA,NBA,,Christian Anderson,,,,DAY-TO-DAY INJURY_STATUS_DAYTODAY ANKLE,G,,,,INJURY_AVAILABILITY,ESPN_PUBLIC,Day-To-Day INJURY_STATUS_DAYTODAY Ankle,high
ESPN-CTX-12e8a76e66e7101a97e6a4e1,2026-10-06T14:45:41.147253-07:00,NFL,NFL,,Jaylin Smith,,,,IR/IL,CB,,,,INJURY_AVAILABILITY,ESPN_PUBLIC,Injured Reserve INJURY_STATUS_IR Hamstring,high
ESPN-CTX-5408dc81d8ea5171f1ecbf63,2026-10-06T14:45:41.147253-07:00,NFL,NFL,,Donovan Jackson,,,,IR/IL,G,,,,INJURY_AVAILABILITY,ESPN_PUBLIC,Injured Reserve INJURY_STATUS_IR Knee - Meniscus,high
ESPN-CTX-c0149a19188c0d83517683f1,2026-10-06T14:45:41.147253-07:00,NHL,NHL,,Mason Appleton,,,,IR/IL,C,,,,INJURY_AVAILABILITY,ESPN_PUBLIC,Injured Reserve INJURY_STATUS_IR Undisclosed,high
ESPN-CTX-10b405a975d426d1864e7512,2026-10-06T14:45:41.147253-07:00,NHL,NHL,,Ivan Demidov,,,,IR/IL,RW,,,,INJURY_AVAILABILITY,ESPN_PUBLIC,Injured Reserve INJURY_STATUS_IR Lower Body,high
ESPN-CTX-436646b921b847d37941a3b6,2026-10-06T14:45:41.147253-07:00,NHL,NHL,,Linus Ullmark,,,,OUT,G,,,,INJURY_AVAILABILITY,ESPN_PUBLIC,Out INJURY_STATUS_OUT Undisclosed,high
ESPN-CTX-5c9772e24c423353733c8571,2026-10-06T16:08:49.989617-07:00,NBA,NBA,,Jaylin Williams,,,,DAY-TO-DAY INJURY_STATUS_DAYTODAY HEEL,F,,,,INJURY_AVAILABILITY,ESPN_PUBLIC,Day-To-Day INJURY_STATUS_DAYTODAY Heel,high
ESPN-CTX-e539a8bcbe1a4299fef81626,2026-10-06T16:08:49.989617-07:00,NFL,NFL,,Tank Bigsby,,,,IR/IL,RB,,,,INJURY_AVAILABILITY,ESPN_PUBLIC,Injured Reserve INJURY_STATUS_IR Abdomen,high
ESPN-CTX-ccb4137ae879442a74298c42,2026-10-06T16:57:26.460346-07:00,MLB,MLB,,Gavin Sheets,,,,DAY-TO-DAY INJURY_STATUS_DAYTODAY NECK,1B,,,,INJURY_AVAILABILITY,ESPN_PUBLIC,Day-To-Day INJURY_STATUS_DAYTODAY Neck,high
ESPN-CTX-160a3283f0a408e6892b86eb,2026-10-06T16:57:26.460346-07:00,NFL,NFL,,Teagan Quitoriano,,,,ACTIVE,TE,,,,INJURY_AVAILABILITY,ESPN_PUBLIC,Active INJURY_STATUS_ACTIVE,high
ESPN-CTX-af8f19444181f50d63eaae91,2026-10-06T18:36:32.265878-07:00,MLB,MLB,,Miguel Rojas,,,,DAY-TO-DAY INJURY_STATUS_DAYTODAY BACK,2B,,,,INJURY_AVAILABILITY,ESPN_PUBLIC,Day-To-Day INJURY_STATUS_DAYTODAY Back,high
ESPN-CTX-a742684ad9e01a1900a8fb20,2026-10-06T18:36:32.265878-07:00,MLB,MLB,,Mason Miller,,,,PATERNITY INJURY_STATUS_PATERNITY PERSONAL,RP,,,,INJURY_AVAILABILITY,ESPN_PUBLIC,paternity INJURY_STATUS_PATERNITY Personal,high
ESPN-CTX-60b2e04fce5aa3ace4eb1053,2026-10-06T18:36:32.265878-07:00,NBA,NBA,,Ziaire Williams,,,,DAY-TO-DAY INJURY_STATUS_DAYTODAY REST,F,,,,INJURY_AVAILABILITY,ESPN_PUBLIC,Day-To-Day INJURY_STATUS_DAYTODAY Rest,high
ESPN-CTX-b2006062f20d15ceb2072201,2026-10-06T18:36:32.265878-07:00,NBA,NBA,,Luka Doncic,,,,DAY-TO-DAY INJURY_STATUS_DAYTODAY UNDISCLOSED,G,,,,INJURY_AVAILABILITY,ESPN_PUBLIC,Day-To-Day INJURY_STATUS_DAYTODAY Undisclosed,high
ESPN-CTX-c31c92dea774975f2dbadd73,2026-10-06T18:36:32.265878-07:00,NBA,NBA,,Matisse Thybulle,,,,DAY-TO-DAY INJURY_STATUS_DAYTODAY REST,G,,,,INJURY_AVAILABILITY,ESPN_PUBLIC,Day-To-Day INJURY_STATUS_DAYTODAY Rest,high
ESPN-CTX-2cbf1eb18a8b23fbe990c92f,2026-10-06T18:36:32.265878-07:00,NBA,NBA,,Lauri Markkanen,,,,DAY-TO-DAY INJURY_STATUS_DAYTODAY NECK,F,,,,INJURY_AVAILABILITY,ESPN_PUBLIC,Day-To-Day INJURY_STATUS_DAYTODAY Neck,high
ESPN-CTX-4455888ece90199e935d0bae,2026-10-06T18:36:32.265878-07:00,NFL,NFL,,Trenton Simpson,,,,ACTIVE,LB,,,,INJURY_AVAILABILITY,ESPN_PUBLIC,Active INJURY_STATUS_ACTIVE,high
ESPN-CTX-46230f385121ad18d4cc24b5,2026-10-06T18:36:32.265878-07:00,NFL,NFL,,Kalia Davis,,,,IR/IL,DT,,,,INJURY_AVAILABILITY,ESPN_PUBLIC,Injured Reserve INJURY_STATUS_IR Quadriceps,high
ESPN-CTX-e7b8f67e851987fba7727cd9,2026-10-06T18:36:32.265878-07:00,NFL,NFL,,Branson Taylor,,,,IR/IL,G,,,,INJURY_AVAILABILITY,ESPN_PUBLIC,Injured Reserve INJURY_STATUS_IR Undisclosed,high
ESPN-CTX-7952bd1bc326da518173b256,2026-10-06T18:36:32.265878-07:00,NFL,NFL,,CJ Donaldson,,,,ACTIVE,RB,,,,INJURY_AVAILABILITY,ESPN_PUBLIC,Active INJURY_STATUS_ACTIVE,high
ESPN-CTX-7c5df936e967c8befcf28757,2026-10-06T18:36:32.265878-07:00,NHL,NHL,,Nick Foligno,,,,DAY-TO-DAY INJURY_STATUS_DAYTODAY UPPER BODY,LW,,,,INJURY_AVAILABILITY,ESPN_PUBLIC,Day-To-Day INJURY_STATUS_DAYTODAY Upper Body,high
ESPN-CTX-023c7aa0551284d419e9e5e8,2026-10-06T18:36:32.265878-07:00,WNBA,WNBA,,Jewell Loyd,,,,DAY-TO-DAY INJURY_STATUS_DAYTODAY LEG,G,,,,INJURY_AVAILABILITY,ESPN_PUBLIC,Day-To-Day INJURY_STATUS_DAYTODAY Leg,high
ESPN-CTX-142e275a23fe9155651c2f28,2026-10-06T18:46:15.174121-07:00,NFL,NFL,,Drake Thomas,,,,ACTIVE,LB,,,,INJURY_AVAILABILITY,ESPN_PUBLIC,Active INJURY_STATUS_ACTIVE,high
ESPN-CTX-7f02808f87cf8237ce36f8c6,2026-10-06T18:46:15.174121-07:00,NHL,NHL,,Mikhail Sergachev,,,,DAY-TO-DAY INJURY_STATUS_DAYTODAY UPPER BODY,D,,,,INJURY_AVAILABILITY,ESPN_PUBLIC,Day-To-Day INJURY_STATUS_DAYTODAY Upper Body,high
ESPN-CTX-7e7a3d9c71e90d25a2b8892f,2026-10-06T18:46:15.174121-07:00,NHL,NHL,,Raphael Lavoie,,,,OUT,C,,,,INJURY_AVAILABILITY,ESPN_PUBLIC,Out INJURY_STATUS_OUT Undisclosed,high
ESPN-CTX-c4d048a98b4db0844470c5d4,2026-10-06T19:28:35.113522-07:00,NFL,NFL,,Jourdan Lewis,,,,ACTIVE,CB,,,,INJURY_AVAILABILITY,ESPN_PUBLIC,Active INJURY_STATUS_ACTIVE,high
ESPN-CTX-bf3b9aa327c167ce8aeb1706,2026-10-06T19:28:35.113522-07:00,NFL,NFL,,Greg Newsome II,,,,ACTIVE,CB,,,,INJURY_AVAILABILITY,ESPN_PUBLIC,Active INJURY_STATUS_ACTIVE,high
ESPN-CTX-cbd6d320447cd18df23a0cdb,2026-10-06T19:28:35.113522-07:00,NFL,NFL,,Jeremiah Trotter Jr.,,,,ACTIVE,LB,,,,INJURY_AVAILABILITY,ESPN_PUBLIC,Active INJURY_STATUS_ACTIVE,high
ESPN-CTX-c24c7385bc57d2458fff754f,2026-10-07T00:16:30.419115-07:00,NBA,NBA,,Draymond Green,,,,DAY-TO-DAY INJURY_STATUS_DAYTODAY REST,F,,,,INJURY_AVAILABILITY,ESPN_PUBLIC,Day-To-Day INJURY_STATUS_DAYTODAY Rest,high
ESPN-CTX-cb4750741093e2f93b5e8d54,2026-10-07T00:16:30.419115-07:00,NBA,NBA,,Al Horford,,,,DAY-TO-DAY INJURY_STATUS_DAYTODAY REST,C,,,,INJURY_AVAILABILITY,ESPN_PUBLIC,Day-To-Day INJURY_STATUS_DAYTODAY Rest,high
ESPN-CTX-d788eaf0c100e3501e02246a,2026-10-07T00:16:30.419115-07:00,NBA,NBA,,Stephen Curry,,,,DAY-TO-DAY INJURY_STATUS_DAYTODAY REST,G,,,,INJURY_AVAILABILITY,ESPN_PUBLIC,Day-To-Day INJURY_STATUS_DAYTODAY Rest,high
ESPN-CTX-697e4a4ebe2ad72e7216b0a8,2026-10-07T00:16:30.419115-07:00,NFL,NFL,,Akayleb Evans,,,,ACTIVE,CB,,,,INJURY_AVAILABILITY,ESPN_PUBLIC,Active INJURY_STATUS_ACTIVE,high
ESPN-CTX-ae9d73097867d7a5f23ccbaa,2026-10-07T00:16:30.419115-07:00,NFL,NFL,,Jaylon Carlies,,,,QUESTIONABLE,LB,,,,INJURY_AVAILABILITY,ESPN_PUBLIC,Questionable INJURY_STATUS_QUESTIONABLE Undisclosed,high
ESPN-CTX-a1f0303896f427ac700c2c82,2026-10-07T00:16:30.419115-07:00,NFL,NFL,,Justin Walley,,,,ACTIVE,CB,,,,INJURY_AVAILABILITY,ESPN_PUBLIC,Active INJURY_STATUS_ACTIVE,high
ESPN-CTX-9a317f2d4d5d68a1d8d44ae1,2026-10-07T00:16:30.419115-07:00,NFL,NFL,,Alijah Huzzie,,,,ACTIVE,CB,,,,INJURY_AVAILABILITY,ESPN_PUBLIC,Active INJURY_STATUS_ACTIVE,high
ESPN-CTX-2864a4f11fdeaccd287c8f09,2026-10-07T00:16:30.419115-07:00,NFL,NFL,,Terell Smith,,,,ACTIVE,CB,,,,INJURY_AVAILABILITY,ESPN_PUBLIC,Active INJURY_STATUS_ACTIVE,high
ESPN-CTX-bbf097153564b46efd2392dc,2026-10-07T00:16:30.419115-07:00,NFL,NFL,,Robert Henry Jr.,,,,ACTIVE,RB,,,,INJURY_AVAILABILITY,ESPN_PUBLIC,Active INJURY_STATUS_ACTIVE,high
ESPN-CTX-b764256164f37adb9876240b,2026-10-07T00:16:30.419115-07:00,NFL,NFL,,Rasul Douglas,,,,ACTIVE,CB,,,,INJURY_AVAILABILITY,ESPN_PUBLIC,Active INJURY_STATUS_ACTIVE,high
ESPN-CTX-598b9b84643a0e0f63eea282,2026-10-07T00:16:30.419115-07:00,NHL,NHL,,Josh Doan,,,,DAY-TO-DAY INJURY_STATUS_DAYTODAY LOWER BODY,RW,,,,INJURY_AVAILABILITY,ESPN_PUBLIC,Day-To-Day INJURY_STATUS_DAYTODAY Lower Body,high
ESPN-CTX-fdffe1cc51132745b7b3c3fd,2026-10-07T00:16:30.419115-07:00,NHL,NHL,,Teuvo Teravainen,,,,OUT,C,,,,INJURY_AVAILABILITY,ESPN_PUBLIC,Out INJURY_STATUS_OUT Undisclosed,high
ESPN-CTX-586669509426500651b478c9,2026-10-07T00:16:30.419115-07:00,NHL,NHL,,Brad Marchand,,,,DAY-TO-DAY INJURY_STATUS_DAYTODAY LEG,LW,,,,INJURY_AVAILABILITY,ESPN_PUBLIC,Day-To-Day INJURY_STATUS_DAYTODAY Leg,high
ESPN-CTX-fb90157fb56f97689aa87942,2026-10-07T00:16:30.419115-07:00,NHL,NHL,,Jonas Siegenthaler,,,,DAY-TO-DAY INJURY_STATUS_DAYTODAY UNDISCLOSED,D,,,,INJURY_AVAILABILITY,ESPN_PUBLIC,Day-To-Day INJURY_STATUS_DAYTODAY Undisclosed,high
ESPN-CTX-f78e595421eee9ac66ae61d0,2026-10-07T00:16:30.419115-07:00,NHL,NHL,,Alexander Romanov,,,,DAY-TO-DAY INJURY_STATUS_DAYTODAY UNDISCLOSED,D,,,,INJURY_AVAILABILITY,ESPN_PUBLIC,Day-To-Day INJURY_STATUS_DAYTODAY Undisclosed,high
ESPN-CTX-1681c9578b0760e6c51e2183,2026-10-07T00:16:30.419115-07:00,NHL,NHL,,Ryan Lindgren,,,,DAY-TO-DAY INJURY_STATUS_DAYTODAY UPPER BODY,D,,,,INJURY_AVAILABILITY,ESPN_PUBLIC,Day-To-Day INJURY_STATUS_DAYTODAY Upper Body,high
ESPN-CTX-3171ea8908c847350069b01c,2026-10-07T00:16:30.419115-07:00,NHL,NHL,,Victor Olofsson,,,,DAY-TO-DAY INJURY_STATUS_DAYTODAY UNDISCLOSED,LW,,,,INJURY_AVAILABILITY,ESPN_PUBLIC,Day-To-Day INJURY_STATUS_DAYTODAY Undisclosed,high
ESPN-CTX-7348dd7b0dbf6ccd3a855011,2026-10-07T12:25:28.574481-07:00,MLB,MLB,,Adrian Morejon,,,,DAY-TO-DAY INJURY_STATUS_DAYTODAY SHOULDER,RP,,,,INJURY_AVAILABILITY,ESPN_PUBLIC,Day-To-Day INJURY_STATUS_DAYTODAY Shoulder,high
ESPN-CTX-60e09f8d961dad61c859a0b8,2026-10-07T12:25:28.574481-07:00,NBA,NBA,,Gui Santos,,,,DAY-TO-DAY INJURY_STATUS_DAYTODAY REST,F,,,,INJURY_AVAILABILITY,ESPN_PUBLIC,Day-To-Day INJURY_STATUS_DAYTODAY Rest,high
ESPN-CTX-a78642e6bb5ce98179835911,2026-10-07T12:25:28.574481-07:00,NBA,NBA,,Brandin Podziemski,,,,DAY-TO-DAY INJURY_STATUS_DAYTODAY REST,G,,,,INJURY_AVAILABILITY,ESPN_PUBLIC,Day-To-Day INJURY_STATUS_DAYTODAY Rest,high
ESPN-CTX-fa52a0f6dda2223fde14d922,2026-10-07T12:25:28.574481-07:00,NBA,NBA,,Gary Payton II,,,,DAY-TO-DAY INJURY_STATUS_DAYTODAY REST,G,,,,INJURY_AVAILABILITY,ESPN_PUBLIC,Day-To-Day INJURY_STATUS_DAYTODAY Rest,high
ESPN-CTX-5cfabb8b0bf9c5c1843b3cb4,2026-10-07T12:25:28.574481-07:00,NBA,NBA,,Georges Niang,,,,DAY-TO-DAY INJURY_STATUS_DAYTODAY REST,F,,,,INJURY_AVAILABILITY,ESPN_PUBLIC,Day-To-Day INJURY_STATUS_DAYTODAY Rest,high
ESPN-CTX-ba551fd5c3a38cbb136c0a9a,2026-10-07T12:25:28.574481-07:00,NBA,NBA,,De'Anthony Melton,,,,DAY-TO-DAY INJURY_STATUS_DAYTODAY REST,G,,,,INJURY_AVAILABILITY,ESPN_PUBLIC,Day-To-Day INJURY_STATUS_DAYTODAY Rest,high
ESPN-CTX-2cde85a4b5e9cb227ac453a6,2026-10-07T12:25:28.574481-07:00,NBA,NBA,,Yaxel Lendeborg,,,,DAY-TO-DAY INJURY_STATUS_DAYTODAY REST,F,,,,INJURY_AVAILABILITY,ESPN_PUBLIC,Day-To-Day INJURY_STATUS_DAYTODAY Rest,high
ESPN-CTX-9f8f91c6ab3dcaeb1789786b,2026-10-07T12:25:28.574481-07:00,NBA,NBA,,Pelle Larsson,,,,DAY-TO-DAY INJURY_STATUS_DAYTODAY ILLNESS,G,,,,INJURY_AVAILABILITY,ESPN_PUBLIC,Day-To-Day INJURY_STATUS_DAYTODAY Illness,high
ESPN-CTX-160f8d5ea1f66fed81cf74d7,2026-10-07T12:25:28.574481-07:00,NBA,NBA,,Andrew Wiggins,,,,DAY-TO-DAY INJURY_STATUS_DAYTODAY ILLNESS,F,,,,INJURY_AVAILABILITY,ESPN_PUBLIC,Day-To-Day INJURY_STATUS_DAYTODAY Illness,high
ESPN-CTX-25f009972682b4f70b776299,2026-10-07T12:25:28.574481-07:00,NHL,NHL,,Andrew Mangiapane,,,,IR/IL,LW,,,,INJURY_AVAILABILITY,ESPN_PUBLIC,Injured Reserve INJURY_STATUS_IR Lower Body,high
ESPN-CTX-df10ea6194d6dac2fbede63c,2026-10-07T12:25:28.574481-07:00,NHL,NHL,,Joel Kiviranta,,,,OUT,LW,,,,INJURY_AVAILABILITY,ESPN_PUBLIC,Out INJURY_STATUS_OUT Lower Body,high
ESPN-CTX-1ac5364f3d61df6f86090559,2026-10-07T12:25:28.574481-07:00,NHL,NHL,,J.T. Compher,,,,DAY-TO-DAY INJURY_STATUS_DAYTODAY UNDISCLOSED,LW,,,,INJURY_AVAILABILITY,ESPN_PUBLIC,Day-To-Day INJURY_STATUS_DAYTODAY Undisclosed,high
ESPN-CTX-5b8ea8b13f2acfeef210ff6a,2026-10-07T12:25:28.574481-07:00,NHL,NHL,,Sam Montembeault,,,,DAY-TO-DAY INJURY_STATUS_DAYTODAY UNDISCLOSED,G,,,,INJURY_AVAILABILITY,ESPN_PUBLIC,Day-To-Day INJURY_STATUS_DAYTODAY Undisclosed,high
ESPN-CTX-473e15d8eaee9a99a7ffb0e5,2026-10-07T12:25:28.574481-07:00,NHL,NHL,,Alexander Romanov,,,,OUT,D,,,,INJURY_AVAILABILITY,ESPN_PUBLIC,Out INJURY_STATUS_OUT Knee,high
ESPN-CTX-daa088d0d254fa6f973bf969,2026-10-07T12:25:28.574481-07:00,NHL,NHL,,Andrei Kuzmenko,,,,IR/IL,LW,,,,INJURY_AVAILABILITY,ESPN_PUBLIC,Injured Reserve INJURY_STATUS_IR Personal,high
ESPN-CTX-2a22f07be7b46caa8e64b0a1,2026-10-07T12:25:28.574481-07:00,NHL,NHL,,Matt Roy,,,,OUT,D,,,,INJURY_AVAILABILITY,ESPN_PUBLIC,Out INJURY_STATUS_OUT Lower Body,high
ESPN-CTX-9e44e9ea55798fe72bad9cdd,2026-10-07T13:06:14.937186-07:00,NFL,NFL,,D'Andre Swift,,,,QUESTIONABLE,RB,,,,INJURY_AVAILABILITY,ESPN_PUBLIC,Questionable INJURY_STATUS_QUESTIONABLE Hip,high
ESPN-CTX-349091a8d00501a2158bde57,2026-10-07T13:06:14.937186-07:00,NFL,NFL,,Mason Graham,,,,DOUBTFUL,DT,,,,INJURY_AVAILABILITY,ESPN_PUBLIC,Doubtful INJURY_STATUS_DOUBTFUL Knee - MCL,high
ESPN-CTX-ebeb068f04ac67c85d1592bc,2026-10-07T13:06:14.937186-07:00,NFL,NFL,,Jonathan Mingo,,,,QUESTIONABLE,WR,,,,INJURY_AVAILABILITY,ESPN_PUBLIC,Questionable INJURY_STATUS_QUESTIONABLE Illness,high
ESPN-CTX-2127fbcda5e1689acd33d0dd,2026-10-07T13:06:14.937186-07:00,NFL,NFL,,Drew Shelton,,,,OUT,OT,,,,INJURY_AVAILABILITY,ESPN_PUBLIC,Out INJURY_STATUS_OUT Hamstring,high
ESPN-CTX-488f37e25883f582820a8fb4,2026-10-07T13:06:14.937186-07:00,NFL,NFL,,Will Mallory,,,,IR/IL,TE,,,,INJURY_AVAILABILITY,ESPN_PUBLIC,Injured Reserve INJURY_STATUS_IR Thumb,high
ESPN-CTX-adc0f4810dca93dd462ed670,2026-10-07T13:06:14.937186-07:00,NFL,NFL,,Dont'e Thornton Jr.,,,,IR/IL,WR,,,,INJURY_AVAILABILITY,ESPN_PUBLIC,Injured Reserve INJURY_STATUS_IR Hamstring,high
ESPN-CTX-76c9449350dbdb72f71fc757,2026-10-07T13:06:14.937186-07:00,NFL,NFL,,Jordan Addison,,,,QUESTIONABLE,WR,,,,INJURY_AVAILABILITY,ESPN_PUBLIC,Questionable INJURY_STATUS_QUESTIONABLE Hamstring,high
ESPN-CTX-fa979d71198c1f0a0961c480,2026-10-07T13:06:14.937186-07:00,NFL,NFL,,Rhamondre Stevenson,,,,QUESTIONABLE,RB,,,,INJURY_AVAILABILITY,ESPN_PUBLIC,Questionable INJURY_STATUS_QUESTIONABLE Undisclosed,high
ESPN-CTX-57c527d6a30c4eca6954ac0c,2026-10-07T13:06:14.937186-07:00,NFL,NFL,,Malik Nabers,,,,QUESTIONABLE,WR,,,,INJURY_AVAILABILITY,ESPN_PUBLIC,Questionable INJURY_STATUS_QUESTIONABLE Undisclosed,high
ESPN-CTX-f427ac8601268449db4d2d14,2026-10-07T13:06:14.937186-07:00,NFL,NFL,,Kiko Mauigoa,,,,DOUBTFUL,LB,,,,INJURY_AVAILABILITY,ESPN_PUBLIC,Doubtful INJURY_STATUS_DOUBTFUL Quadriceps,high
ESPN-CTX-da79a378cb5216f15e628be6,2026-10-07T13:06:14.937186-07:00,NFL,NFL,,Tim Patrick,,,,IR/IL,WR,,,,INJURY_AVAILABILITY,ESPN_PUBLIC,Injured Reserve INJURY_STATUS_IR Groin,high
ESPN-CTX-266e642a0ed316c476564bd1,2026-10-07T13:06:14.937186-07:00,NFL,NFL,,Braiden McGregor,,,,IR/IL,DE,,,,INJURY_AVAILABILITY,ESPN_PUBLIC,Injured Reserve INJURY_STATUS_IR Pectoral,high
ESPN-CTX-422e433033e4be55b0bbff36,2026-10-07T13:06:14.937186-07:00,NFL,NFL,,Dallas Goedert,,,,QUESTIONABLE,TE,,,,INJURY_AVAILABILITY,ESPN_PUBLIC,Questionable INJURY_STATUS_QUESTIONABLE Knee - MCL,high
ESPN-CTX-b2cd90c99be0b576750a0a32,2026-10-07T13:06:14.937186-07:00,NFL,NFL,,Dameon Pierce,,,,ACTIVE,RB,,,,INJURY_AVAILABILITY,ESPN_PUBLIC,Active INJURY_STATUS_ACTIVE,high
ESPN-CTX-1834a08cc4f06c429dcf6a25,2026-10-07T13:06:14.937186-07:00,NFL,NFL,,Dante Pettis,,,,OUT,WR,,,,INJURY_AVAILABILITY,ESPN_PUBLIC,Out INJURY_STATUS_OUT Undisclosed,high
ESPN-CTX-629542e7c8965eb22196aa7d,2026-10-07T13:06:14.937186-07:00,NFL,NFL,,Marques Sigle,,,,OUT,S,,,,INJURY_AVAILABILITY,ESPN_PUBLIC,Out INJURY_STATUS_OUT Ankle,high
ESPN-CTX-d3eb62fbe559574a2ff5b108,2026-10-07T13:06:14.937186-07:00,NFL,NFL,,Upton Stout,,,,QUESTIONABLE,CB,,,,INJURY_AVAILABILITY,ESPN_PUBLIC,Questionable INJURY_STATUS_QUESTIONABLE Shoulder - AC Joint,high
ESPN-CTX-4d2c65dbe295dec807581cec,2026-10-07T13:06:14.937186-07:00,NFL,NFL,,SirVocea Dennis,,,,OUT,LB,,,,INJURY_AVAILABILITY,ESPN_PUBLIC,Out INJURY_STATUS_OUT Ankle,high
ESPN-CTX-2c4286f4ffdd05016c4b1a72,2026-10-07T13:06:14.937186-07:00,NFL,NFL,,Ko Kieft,,,,ACTIVE,TE,,,,INJURY_AVAILABILITY,ESPN_PUBLIC,Active INJURY_STATUS_ACTIVE,high
ESPN-CTX-fd7c14fbc7ca74fb81bf4fdb,2026-10-07T13:06:14.937186-07:00,NFL,NFL,,Amani Hooker,,,,QUESTIONABLE,S,,,,INJURY_AVAILABILITY,ESPN_PUBLIC,Questionable INJURY_STATUS_QUESTIONABLE Concussion,high
ESPN-CTX-f92e44529d61f5490bed3eb8,2026-10-07T13:06:14.937186-07:00,NFL,NFL,,Stefon Diggs,,,,QUESTIONABLE,WR,,,,INJURY_AVAILABILITY,ESPN_PUBLIC,Questionable INJURY_STATUS_QUESTIONABLE Undisclosed,high
ESPN-CTX-bbf77633ff3dcc4722acaefa,2026-10-07T13:06:14.937186-07:00,NFL,NFL,,Jacory Croskey-Merritt,,,,ACTIVE,RB,,,,INJURY_AVAILABILITY,ESPN_PUBLIC,Active INJURY_STATUS_ACTIVE Groin,high
ESPN-CTX-b4e9dae9dffccf558625ad3b,2026-10-07T14:28:26.369082-07:00,MLB,MLB,,Mason Miller,,,,PATERNITY INJURY_STATUS_PATERNITY PERSONAL,RP,,,,INJURY_AVAILABILITY,ESPN_PUBLIC,Paternity INJURY_STATUS_PATERNITY Personal,high
ESPN-CTX-47b92b88819b6d13190f1416,2026-10-07T14:28:26.369082-07:00,NFL,NFL,,Zay Flowers,,,,QUESTIONABLE,WR,,,,INJURY_AVAILABILITY,ESPN_PUBLIC,Questionable INJURY_STATUS_QUESTIONABLE Foot,high
ESPN-CTX-24aa7219ed886c43f85fc920,2026-10-07T14:28:26.369082-07:00,NFL,NFL,,Rashod Bateman,,,,ACTIVE,WR,,,,INJURY_AVAILABILITY,ESPN_PUBLIC,Active INJURY_STATUS_ACTIVE Shoulder,high
ESPN-CTX-b11162f64f36597ecf3eddb4,2026-10-07T14:28:26.369082-07:00,NFL,NFL,,John Simpson,,,,ACTIVE,G,,,,INJURY_AVAILABILITY,ESPN_PUBLIC,Active INJURY_STATUS_ACTIVE Groin,high
ESPN-CTX-55bfd48f7da91d52074cc039,2026-10-07T14:28:26.369082-07:00,NFL,NFL,,Cam Lewis,,,,ACTIVE,CB,,,,INJURY_AVAILABILITY,ESPN_PUBLIC,Active INJURY_STATUS_ACTIVE,high
ESPN-CTX-80fa37af32de5f2004837a64,2026-10-07T14:28:26.369082-07:00,NFL,NFL,,Joe Thuney,,,,QUESTIONABLE,G,,,,INJURY_AVAILABILITY,ESPN_PUBLIC,Questionable INJURY_STATUS_QUESTIONABLE Pectoral,high
ESPN-CTX-defcc44ecaf9ca7ab982fa74,2026-10-07T14:28:26.369082-07:00,NFL,NFL,,Darnell Wright,,,,QUESTIONABLE,OT,,,,INJURY_AVAILABILITY,ESPN_PUBLIC,Questionable INJURY_STATUS_QUESTIONABLE Ankle,high
ESPN-CTX-a10c4d54226f22a33eca858d,2026-10-07T14:28:26.369082-07:00,NFL,NFL,,Keyshaun Elliott,,,,QUESTIONABLE,LB,,,,INJURY_AVAILABILITY,ESPN_PUBLIC,Questionable INJURY_STATUS_QUESTIONABLE Quadriceps,high
ESPN-CTX-402004382b99ef1de4632fe0,2026-10-07T14:28:26.369082-07:00,NFL,NFL,,Jonah Jackson,,,,QUESTIONABLE,G,,,,INJURY_AVAILABILITY,ESPN_PUBLIC,Questionable INJURY_STATUS_QUESTIONABLE Ankle,high
ESPN-CTX-d7dd1ab0939e9e81fbb1c48f,2026-10-07T14:28:26.369082-07:00,NFL,NFL,,B.J. Hill,,,,ACTIVE,DT,,,,INJURY_AVAILABILITY,ESPN_PUBLIC,Active INJURY_STATUS_ACTIVE,high
ESPN-CTX-77d3993589711721ad676023,2026-10-07T14:28:26.369082-07:00,NFL,NFL,,Dexter Lawrence II,,,,QUESTIONABLE,DT,,,,INJURY_AVAILABILITY,ESPN_PUBLIC,Questionable INJURY_STATUS_QUESTIONABLE Wrist,high
ESPN-CTX-521a8423eec45f4384915f47,2026-10-07T14:28:26.369082-07:00,NFL,NFL,,Barrett Carter,,,,QUESTIONABLE,LB,,,,INJURY_AVAILABILITY,ESPN_PUBLIC,Questionable INJURY_STATUS_QUESTIONABLE Ankle,high
ESPN-CTX-542d6258b2b1386d0fff0ff8,2026-10-07T14:28:26.369082-07:00,NFL,NFL,,Derek Barnett,,,,QUESTIONABLE,DE,,,,INJURY_AVAILABILITY,ESPN_PUBLIC,Questionable INJURY_STATUS_QUESTIONABLE Ankle,high
ESPN-CTX-d1578e2ddb50ee2c62befca8,2026-10-07T14:28:26.369082-07:00,NFL,NFL,,Ashton Dulin,,,,QUESTIONABLE,WR,,,,INJURY_AVAILABILITY,ESPN_PUBLIC,Questionable INJURY_STATUS_QUESTIONABLE Hamstring,high
ESPN-CTX-28179740ba0435c250a3556a,2026-10-07T14:28:26.369082-07:00,NFL,NFL,,Tanor Bortolini,,,,QUESTIONABLE,C,,,,INJURY_AVAILABILITY,ESPN_PUBLIC,Questionable INJURY_STATUS_QUESTIONABLE Ankle,high
ESPN-CTX-0900d3d47639144bcda4e610,2026-10-07T14:28:26.369082-07:00,NFL,NFL,,Jaylon Carlies,,,,QUESTIONABLE,LB,,,,INJURY_AVAILABILITY,ESPN_PUBLIC,Questionable INJURY_STATUS_QUESTIONABLE Ribs,high
ESPN-CTX-1bf29c687827493ab15df513,2026-10-07T14:28:26.369082-07:00,NFL,NFL,,Austin Jackson,,,,QUESTIONABLE,OT,,,,INJURY_AVAILABILITY,ESPN_PUBLIC,Questionable INJURY_STATUS_QUESTIONABLE Knee,high
ESPN-CTX-c7f843d6492152de91abd7e1,2026-10-07T14:28:26.369082-07:00,NFL,NFL,,JuJu Brents,,,,QUESTIONABLE,CB,,,,INJURY_AVAILABILITY,ESPN_PUBLIC,Questionable INJURY_STATUS_QUESTIONABLE Heel,high
ESPN-CTX-6cb409b319e683996a2792b1,2026-10-07T14:28:26.369082-07:00,NFL,NFL,,Kenneth Grant,,,,IR/IL,DT,,,,INJURY_AVAILABILITY,ESPN_PUBLIC,Injured Reserve INJURY_STATUS_IR Toe,high
ESPN-CTX-b8de8bce3298803f2124514b,2026-10-07T14:28:26.369082-07:00,NFL,NFL,,Tyler Shough,,,,QUESTIONABLE,QB,,,,INJURY_AVAILABILITY,ESPN_PUBLIC,Questionable INJURY_STATUS_QUESTIONABLE Hand,high
ESPN-CTX-85e302cceb5c9023ef59dbff,2026-10-07T14:28:26.369082-07:00,NFL,NFL,,Alvin Kamara,,,,QUESTIONABLE,RB,,,,INJURY_AVAILABILITY,ESPN_PUBLIC,Questionable INJURY_STATUS_QUESTIONABLE Back,high
ESPN-CTX-68b504a1441bc626c23824d1,2026-10-07T14:28:26.369082-07:00,NFL,NFL,,Isaiah Likely,,,,QUESTIONABLE,TE,,,,INJURY_AVAILABILITY,ESPN_PUBLIC,Questionable INJURY_STATUS_QUESTIONABLE Knee,high
ESPN-CTX-d712116f6ac6824193944cd4,2026-10-07T14:28:26.369082-07:00,NFL,NFL,,Cam Skattebo,,,,QUESTIONABLE,RB,,,,INJURY_AVAILABILITY,ESPN_PUBLIC,Questionable INJURY_STATUS_QUESTIONABLE Shoulder,high
ESPN-CTX-2accf49888dd0a4b541d385e,2026-10-07T14:28:26.369082-07:00,NFL,NFL,,Malik Nabers,,,,QUESTIONABLE,WR,,,,INJURY_AVAILABILITY,ESPN_PUBLIC,Questionable INJURY_STATUS_QUESTIONABLE Knee,high
ESPN-CTX-fc64935a1fef96e8477543be,2026-10-07T14:28:26.369082-07:00,NFL,NFL,,Mason Taylor,,,,ACTIVE,TE,,,,INJURY_AVAILABILITY,ESPN_PUBLIC,Active INJURY_STATUS_ACTIVE,high
ESPN-CTX-ae0ff1c7e6bf7b3ba87b1802,2026-10-07T14:28:26.369082-07:00,NFL,NFL,,Jeffery Simmons,,,,QUESTIONABLE,DT,,,,INJURY_AVAILABILITY,ESPN_PUBLIC,Questionable INJURY_STATUS_QUESTIONABLE Back,high
ESPN-CTX-4941c10e0c489ef207a8c297,2026-10-07T14:28:26.369082-07:00,NFL,NFL,,Marcus Harris,,,,QUESTIONABLE,CB,,,,INJURY_AVAILABILITY,ESPN_PUBLIC,Questionable INJURY_STATUS_QUESTIONABLE Knee,high
ESPN-CTX-ac0db55139f1e1bdfac314d1,2026-10-07T14:28:26.369082-07:00,NFL,NFL,,Nick Cross,,,,ACTIVE,S,,,,INJURY_AVAILABILITY,ESPN_PUBLIC,Active INJURY_STATUS_ACTIVE,high
ESPN-CTX-3f7faaec939f813395c37c3d,2026-10-07T14:28:26.369082-07:00,NFL,NFL,,Sonny Styles,,,,QUESTIONABLE,LB,,,,INJURY_AVAILABILITY,ESPN_PUBLIC,Questionable INJURY_STATUS_QUESTIONABLE Groin,high
ESPN-CTX-988ff306b02eb7464b5784b5,2026-10-07T14:28:26.369082-07:00,NFL,NFL,,Percy Butler,,,,QUESTIONABLE,S,,,,INJURY_AVAILABILITY,ESPN_PUBLIC,Questionable INJURY_STATUS_QUESTIONABLE Hamstring,high
ESPN-CTX-6980d7dfa088fce3257edf52,2026-10-07T14:28:26.369082-07:00,NFL,NFL,,Stefon Diggs,,,,QUESTIONABLE,WR,,,,INJURY_AVAILABILITY,ESPN_PUBLIC,Questionable INJURY_STATUS_QUESTIONABLE Hamstring,high
ESPN-CTX-ab45a2acc245851e716b7743,2026-10-07T14:28:26.369082-07:00,NFL,NFL,,Jayden Daniels,,,,ACTIVE,QB,,,,INJURY_AVAILABILITY,ESPN_PUBLIC,Active INJURY_STATUS_ACTIVE,high
ESPN-CTX-eafa66fe66c06235ccf4a1d6,2026-10-07T14:28:26.369082-07:00,NFL,NFL,,Jacory Croskey-Merritt,,,,QUESTIONABLE,RB,,,,INJURY_AVAILABILITY,ESPN_PUBLIC,Questionable INJURY_STATUS_QUESTIONABLE Groin,high
ESPN-CTX-985c204a4175ce20085d4e4c,2026-10-07T14:28:26.369082-07:00,NHL,NHL,,Colton Dach,,,,IR/IL,C,,,,INJURY_AVAILABILITY,ESPN_PUBLIC,Injured Reserve INJURY_STATUS_IR Undisclosed,high
ESPN-CTX-ba9066d78b98199a892a1fa0,2026-10-07T15:06:59.152097-07:00,NFL,NFL,,Yasir Abdullah,,,,ACTIVE,LB,,,,INJURY_AVAILABILITY,ESPN_PUBLIC,Active INJURY_STATUS_ACTIVE Hamstring,high
ESPN-CTX-0ec22a92e40a82b2da27e3f6,2026-10-07T15:06:59.152097-07:00,NFL,NFL,,Rashod Bateman,,,,QUESTIONABLE,WR,,,,INJURY_AVAILABILITY,ESPN_PUBLIC,Questionable INJURY_STATUS_QUESTIONABLE Shoulder,high
ESPN-CTX-4b345653153d95eb66c37c31,2026-10-07T15:06:59.152097-07:00,NFL,NFL,,Durham Smythe,,,,IR/IL,TE,,,,INJURY_AVAILABILITY,ESPN_PUBLIC,Injured Reserve INJURY_STATUS_IR Achilles,high
ESPN-CTX-d88e0c8584331b60752cd02f,2026-10-07T15:06:59.152097-07:00,NFL,NFL,,Kyle Hamilton,,,,QUESTIONABLE,S,,,,INJURY_AVAILABILITY,ESPN_PUBLIC,Questionable INJURY_STATUS_QUESTIONABLE Groin,high
ESPN-CTX-8bc4a9aaf97a319b4ff7d7db,2026-10-07T15:06:59.152097-07:00,NFL,NFL,,Tyleik Williams,,,,QUESTIONABLE,DT,,,,INJURY_AVAILABILITY,ESPN_PUBLIC,Questionable INJURY_STATUS_QUESTIONABLE Foot,high
ESPN-CTX-85311b4ab518e97b73518692,2026-10-07T15:06:59.152097-07:00,NFL,NFL,,Devonte Wyatt,,,,QUESTIONABLE,DT,,,,INJURY_AVAILABILITY,ESPN_PUBLIC,Questionable INJURY_STATUS_QUESTIONABLE Ankle,high
ESPN-CTX-7081411868280749b6cb569d,2026-10-07T15:06:59.152097-07:00,NFL,NFL,,Anthony Belton,,,,QUESTIONABLE,OT,,,,INJURY_AVAILABILITY,ESPN_PUBLIC,Questionable INJURY_STATUS_QUESTIONABLE Knee,high
ESPN-CTX-146818b1d45b4d99f20a6143,2026-10-07T15:06:59.152097-07:00,NFL,NFL,,Jager Burton,,,,QUESTIONABLE,C,,,,INJURY_AVAILABILITY,ESPN_PUBLIC,Questionable INJURY_STATUS_QUESTIONABLE Back,high
ESPN-CTX-ebf88a4f28f4b48961613378,2026-10-07T15:06:59.152097-07:00,NFL,NFL,,Nate Thomas,,,,QUESTIONABLE,OT,,,,INJURY_AVAILABILITY,ESPN_PUBLIC,Questionable INJURY_STATUS_QUESTIONABLE Illness,high
ESPN-CTX-d3c82e941247dc406ab4cdb7,2026-10-07T15:06:59.152097-07:00,NFL,NFL,,Jamal Hill,,,,QUESTIONABLE,LB,,,,INJURY_AVAILABILITY,ESPN_PUBLIC,Questionable INJURY_STATUS_QUESTIONABLE Knee,high
ESPN-CTX-cf60bafcd35077a86a0c72fd,2026-10-07T15:06:59.152097-07:00,NFL,NFL,,Brian O'Neill,,,,QUESTIONABLE,OT,,,,INJURY_AVAILABILITY,ESPN_PUBLIC,Questionable INJURY_STATUS_QUESTIONABLE Knee,high
ESPN-CTX-78066b2a32009d5c5213f2b6,2026-10-07T15:06:59.152097-07:00,NFL,NFL,,Ben Yurosek,,,,IR/IL,TE,,,,INJURY_AVAILABILITY,ESPN_PUBLIC,Injured Reserve INJURY_STATUS_IR Undisclosed,high
ESPN-CTX-1762c5319a5479eb3ae36a5e,2026-10-07T15:06:59.152097-07:00,NFL,NFL,,Reggie Gilliam,,,,QUESTIONABLE,FB,,,,INJURY_AVAILABILITY,ESPN_PUBLIC,Questionable INJURY_STATUS_QUESTIONABLE Ankle,high
ESPN-CTX-eb1b4684f774701d54875c6c,2026-10-07T15:06:59.152097-07:00,NFL,NFL,,Karon Prunty,,,,QUESTIONABLE,CB,,,,INJURY_AVAILABILITY,ESPN_PUBLIC,Questionable INJURY_STATUS_QUESTIONABLE Hamstring,high
ESPN-CTX-e9351065d94ce02f0a6a9f68,2026-10-07T15:06:59.152097-07:00,NFL,NFL,,Carlton Davis III,,,,QUESTIONABLE,CB,,,,INJURY_AVAILABILITY,ESPN_PUBLIC,Questionable INJURY_STATUS_QUESTIONABLE Neck,high
ESPN-CTX-15de56e53a0bdb88b132839f,2026-10-07T15:06:59.152097-07:00,NFL,NFL,,Rhamondre Stevenson,,,,QUESTIONABLE,RB,,,,INJURY_AVAILABILITY,ESPN_PUBLIC,Questionable INJURY_STATUS_QUESTIONABLE Knee,high
ESPN-CTX-2fe2def4ff26ac95d06888c4,2026-10-07T15:06:59.152097-07:00,NFL,NFL,,Mike Reid,,,,QUESTIONABLE,CB,,,,INJURY_AVAILABILITY,ESPN_PUBLIC,Questionable INJURY_STATUS_QUESTIONABLE Ankle,high
ESPN-CTX-6c1c252c75e4883888d3bece,2026-10-07T15:06:59.152097-07:00,NFL,NFL,,Davon Godchaux,,,,ACTIVE,DT,,,,INJURY_AVAILABILITY,ESPN_PUBLIC,Active INJURY_STATUS_ACTIVE,high
ESPN-CTX-daa3474ed9a227e2f0fe1781,2026-10-07T15:06:59.152097-07:00,NFL,NFL,,Julian Blackmon,,,,QUESTIONABLE,S,,,,INJURY_AVAILABILITY,ESPN_PUBLIC,Questionable INJURY_STATUS_QUESTIONABLE Shoulder,high
ESPN-CTX-b199ac0d4b0d1dc3cbe1ebf2,2026-10-07T15:06:59.152097-07:00,NFL,NFL,,Barion Brown,,,,QUESTIONABLE,WR,,,,INJURY_AVAILABILITY,ESPN_PUBLIC,Questionable INJURY_STATUS_QUESTIONABLE Thigh,high
ESPN-CTX-9edbfadf6ba3e07ae56d6d44,2026-10-07T15:06:59.152097-07:00,NFL,NFL,,Chris Manhertz,,,,QUESTIONABLE,TE,,,,INJURY_AVAILABILITY,ESPN_PUBLIC,Questionable INJURY_STATUS_QUESTIONABLE Shoulder,high
ESPN-CTX-23b08b8c1f015176f3b1664c,2026-10-07T15:06:59.152097-07:00,NFL,NFL,,Braxton Berrios,,,,IR/IL,WR,,,,INJURY_AVAILABILITY,ESPN_PUBLIC,Injured Reserve INJURY_STATUS_IR Foot,high
ESPN-CTX-407544db4da4c85658e28ce2,2026-10-07T16:33:07.713860-07:00,NBA,NBA,,Jaylin Sellers,,,,DAY-TO-DAY INJURY_STATUS_DAYTODAY BACK,G,,,,INJURY_AVAILABILITY,ESPN_PUBLIC,Day-To-Day INJURY_STATUS_DAYTODAY Back,high
ESPN-CTX-1beb356547e0f6ffd5def84f,2026-10-07T16:33:07.713860-07:00,NBA,NBA,,Tre Jones,,,,DAY-TO-DAY INJURY_STATUS_DAYTODAY HIP,G,,,,INJURY_AVAILABILITY,ESPN_PUBLIC,Day-To-Day INJURY_STATUS_DAYTODAY Hip,high
ESPN-CTX-9987b801b0faeab6ea11dc86,2026-10-07T16:33:07.713860-07:00,NBA,NBA,,Isaiah Hartenstein,,,,DAY-TO-DAY INJURY_STATUS_DAYTODAY ANKLE,C,,,,INJURY_AVAILABILITY,ESPN_PUBLIC,Day-To-Day INJURY_STATUS_DAYTODAY Ankle,high
ESPN-CTX-c4b5befccd930df97d2233ea,2026-10-07T16:33:07.713860-07:00,NBA,NBA,,Jusuf Nurkic,,,,OUT,C,,,,INJURY_AVAILABILITY,ESPN_PUBLIC,Out INJURY_STATUS_OUT Foot,high
ESPN-CTX-30e1a7433fcd7cde062728fe,2026-10-07T17:21:54.118163-07:00,NFL,NFL,,Isaiah Adams,,,,OUT,G,,,,INJURY_AVAILABILITY,ESPN_PUBLIC,Out INJURY_STATUS_OUT Ankle,high
ESPN-CTX-7e4d2ba0d6dbf63f0db82e11,2026-10-07T17:21:54.118163-07:00,NFL,NFL,,Cameron Thomas,,,,QUESTIONABLE,DE,,,,INJURY_AVAILABILITY,ESPN_PUBLIC,Questionable INJURY_STATUS_QUESTIONABLE Shoulder,high
ESPN-CTX-6e9b34964ceb5934dd490ba4,2026-10-07T17:21:54.118163-07:00,NFL,NFL,,Michael Jerrell,,,,QUESTIONABLE,OT,,,,INJURY_AVAILABILITY,ESPN_PUBLIC,Questionable INJURY_STATUS_QUESTIONABLE Ankle,high
ESPN-CTX-f675e611b50720b1a357839d,2026-10-07T17:21:54.118163-07:00,NFL,NFL,,Yasir Abdullah,,,,QUESTIONABLE,LB,,,,INJURY_AVAILABILITY,ESPN_PUBLIC,Questionable INJURY_STATUS_QUESTIONABLE Hamstring,high
ESPN-CTX-fcb77667147222b769670438,2026-10-07T17:21:54.118163-07:00,NFL,NFL,,Nick Vannett,,,,ACTIVE,TE,,,,INJURY_AVAILABILITY,ESPN_PUBLIC,Active INJURY_STATUS_ACTIVE,high
ESPN-CTX-9dd69bf1275b97407a89bd02,2026-10-07T17:21:54.118163-07:00,NFL,NFL,,Adam Trautman,,,,QUESTIONABLE,TE,,,,INJURY_AVAILABILITY,ESPN_PUBLIC,Questionable INJURY_STATUS_QUESTIONABLE Shoulder,high
ESPN-CTX-9389005429eb7b6f96707535,2026-10-07T17:21:54.118163-07:00,NFL,NFL,,Savion Williams,,,,IR/IL,WR,,,,INJURY_AVAILABILITY,ESPN_PUBLIC,Injured Reserve INJURY_STATUS_IR Ankle,high
ESPN-CTX-d807d6275ad6ecefe5ea14a3,2026-10-07T17:21:54.118163-07:00,NFL,NFL,,Kayden McDonald,,,,IR/IL,DT,,,,INJURY_AVAILABILITY,ESPN_PUBLIC,Injured Reserve INJURY_STATUS_IR Ankle,high
ESPN-CTX-4e5b27b13adc8dd30f8db767,2026-10-07T17:21:54.118163-07:00,NFL,NFL,,Mark Gronowski,,,,ACTIVE,QB,,,,INJURY_AVAILABILITY,ESPN_PUBLIC,Active INJURY_STATUS_ACTIVE,high
ESPN-CTX-6dfecd27504e2ca25ba51958,2026-10-07T17:21:54.118163-07:00,NFL,NFL,,Jarrian Jones,,,,QUESTIONABLE,CB,,,,INJURY_AVAILABILITY,ESPN_PUBLIC,Questionable INJURY_STATUS_QUESTIONABLE Foot,high
ESPN-CTX-4866c1319b9502347c269652,2026-10-07T17:21:54.118163-07:00,NFL,NFL,,Josh Hines-Allen,,,,QUESTIONABLE,DE,,,,INJURY_AVAILABILITY,ESPN_PUBLIC,Questionable INJURY_STATUS_QUESTIONABLE Groin,high
ESPN-CTX-e616ad6831a7e8fd6c56c70b,2026-10-07T17:21:54.118163-07:00,NFL,NFL,,DaVon Hamilton,,,,QUESTIONABLE,DT,,,,INJURY_AVAILABILITY,ESPN_PUBLIC,Questionable INJURY_STATUS_QUESTIONABLE Foot,high
ESPN-CTX-fad603ed9cd16cdc900bd5a5,2026-10-07T17:21:54.118163-07:00,NFL,NFL,,Anton Harrison,,,,QUESTIONABLE,OT,,,,INJURY_AVAILABILITY,ESPN_PUBLIC,Questionable INJURY_STATUS_QUESTIONABLE Elbow,high
ESPN-CTX-29305d19fe3487950036ab40,2026-10-07T17:21:54.118163-07:00,NFL,NFL,,Jourdan Lewis,,,,QUESTIONABLE,CB,,,,INJURY_AVAILABILITY,ESPN_PUBLIC,Questionable INJURY_STATUS_QUESTIONABLE Hamstring,high
ESPN-CTX-3ce14ef72d0cd6310eda99d9,2026-10-07T17:21:54.118163-07:00,NFL,NFL,,Cody White,,,,QUESTIONABLE,WR,,,,INJURY_AVAILABILITY,ESPN_PUBLIC,Questionable INJURY_STATUS_QUESTIONABLE Ankle,high
ESPN-CTX-c1628a545a92da6cfd4e2124,2026-10-07T17:21:54.118163-07:00,NFL,NFL,,Folorunso Fatukasi,,,,QUESTIONABLE,DT,,,,INJURY_AVAILABILITY,ESPN_PUBLIC,Questionable INJURY_STATUS_QUESTIONABLE Shoulder,high
ESPN-CTX-ce38f7218993f29d850de6e8,2026-10-07T17:21:54.118163-07:00,NFL,NFL,,Spencer Burford,,,,QUESTIONABLE,G,,,,INJURY_AVAILABILITY,ESPN_PUBLIC,Questionable INJURY_STATUS_QUESTIONABLE Knee,high
ESPN-CTX-4f21faf0a5673f748d1dcded,2026-10-07T17:21:54.118163-07:00,NFL,NFL,,Brock Bowers,,,,QUESTIONABLE,TE,,,,INJURY_AVAILABILITY,ESPN_PUBLIC,Questionable INJURY_STATUS_QUESTIONABLE Knee,high
ESPN-CTX-9245409e706800e8f79f9997,2026-10-07T17:21:54.118163-07:00,NFL,NFL,,Cam Hart,,,,QUESTIONABLE,CB,,,,INJURY_AVAILABILITY,ESPN_PUBLIC,Questionable INJURY_STATUS_QUESTIONABLE Knee,high
ESPN-CTX-a54db641a424355ada9cd965,2026-10-07T17:21:54.118163-07:00,NFL,NFL,,Alec Ingold,,,,QUESTIONABLE,FB,,,,INJURY_AVAILABILITY,ESPN_PUBLIC,Questionable INJURY_STATUS_QUESTIONABLE Shoulder,high
ESPN-CTX-7344a001b0bffc5425aa3787,2026-10-07T17:21:54.118163-07:00,NFL,NFL,,Quentin Johnston,,,,QUESTIONABLE,WR,,,,INJURY_AVAILABILITY,ESPN_PUBLIC,Questionable INJURY_STATUS_QUESTIONABLE Chest,high
ESPN-CTX-4d3d4e264778015b84297bb2,2026-10-07T17:21:54.118163-07:00,NFL,NFL,,Ben Yurosek,,,,IR/IL,TE,,,,INJURY_AVAILABILITY,ESPN_PUBLIC,Injured Reserve INJURY_STATUS_IR Ankle,high
ESPN-CTX-43e68583ba69933b1c84f9c6,2026-10-07T17:21:54.118163-07:00,NFL,NFL,,Drew Kendall,,,,QUESTIONABLE,C,,,,INJURY_AVAILABILITY,ESPN_PUBLIC,Questionable INJURY_STATUS_QUESTIONABLE Knee,high
ESPN-CTX-32a2bcd33d045aaa27c959f2,2026-10-07T17:21:54.118163-07:00,NFL,NFL,,Kaelon Black,,,,QUESTIONABLE,RB,,,,INJURY_AVAILABILITY,ESPN_PUBLIC,Questionable INJURY_STATUS_QUESTIONABLE Illness,high
ESPN-CTX-002c59952e779ad9112c5bb4,2026-10-07T17:21:54.118163-07:00,NFL,NFL,,Ty Okada,,,,ACTIVE,S,,,,INJURY_AVAILABILITY,ESPN_PUBLIC,Active INJURY_STATUS_ACTIVE,high
ESPN-CTX-55e284117fd016a6862b7c54,2026-10-07T17:21:54.118163-07:00,NFL,NFL,,Beau Stephens,,,,QUESTIONABLE,G,,,,INJURY_AVAILABILITY,ESPN_PUBLIC,Questionable INJURY_STATUS_QUESTIONABLE Knee,high
ESPN-CTX-58f3ee442af1cbd800ecd2bf,2026-10-07T17:21:54.118163-07:00,NFL,NFL,,Nehemiah Pritchett,,,,QUESTIONABLE,CB,,,,INJURY_AVAILABILITY,ESPN_PUBLIC,Questionable INJURY_STATUS_QUESTIONABLE Ankle,high
ESPN-CTX-31dab0bd45cca265d3cd5286,2026-10-07T17:21:54.118163-07:00,NFL,NFL,,Tyrice Knight,,,,QUESTIONABLE,LB,,,,INJURY_AVAILABILITY,ESPN_PUBLIC,Questionable INJURY_STATUS_QUESTIONABLE Ankle,high
ESPN-CTX-cdd58678dc4a958e453b11db,2026-10-07T17:21:54.118163-07:00,NFL,NFL,,Irv Charles,,,,IR/IL,WR,,,,INJURY_AVAILABILITY,ESPN_PUBLIC,Injured Reserve INJURY_STATUS_IR Undisclosed,high
ESPN-CTX-0aa14507d83f09bb8b447b45,2026-10-07T17:21:54.118163-07:00,NFL,NFL,,Joshua Williams,,,,IR/IL,CB,,,,INJURY_AVAILABILITY,ESPN_PUBLIC,Injured Reserve INJURY_STATUS_IR Pectoral,high
ESPN-CTX-52fb143711a3618a0c26b78a,2026-10-07T17:21:54.118163-07:00,NFL,NFL,,Jeremy McNichols,,,,IR/IL,RB,,,,INJURY_AVAILABILITY,ESPN_PUBLIC,Injured Reserve INJURY_STATUS_IR Quadriceps,high
ESPN-CTX-1f4bc220c1fb5d988e47df13,2026-10-07T17:21:54.118163-07:00,NFL,NFL,,Deatrich Wise Jr.,,,,OUT,DE,,,,INJURY_AVAILABILITY,ESPN_PUBLIC,Out INJURY_STATUS_OUT Quadriceps,high
ESPN-CTX-da44bc96bb235318f17f2fbf,2026-10-07T17:21:54.118163-07:00,NFL,NFL,,Trey Amos,,,,IR/IL,CB,,,,INJURY_AVAILABILITY,ESPN_PUBLIC,Injured Reserve INJURY_STATUS_IR Ankle,high
ESPN-CTX-bfaef5938588119178cb8645,2026-10-07T19:04:03.577670-07:00,NBA,NBA,,Nate Ament,,,,DAY-TO-DAY INJURY_STATUS_DAYTODAY ANKLE,F,,,,INJURY_AVAILABILITY,ESPN_PUBLIC,Day-To-Day INJURY_STATUS_DAYTODAY Ankle,high
ESPN-CTX-ba7b9d02a1d6252f1157a00a,2026-10-07T19:04:03.577670-07:00,NFL,NFL,,Harold Perkins Jr.,,,,ACTIVE,LB,,,,INJURY_AVAILABILITY,ESPN_PUBLIC,Active INJURY_STATUS_ACTIVE,high
ESPN-CTX-734c300601bd08f7122d1c1b,2026-10-07T19:04:03.577670-07:00,NFL,NFL,,Braden Smith,,,,IR/IL,OT,,,,INJURY_AVAILABILITY,ESPN_PUBLIC,Injured Reserve INJURY_STATUS_IR Foot,high
ESPN-CTX-35ab613b19ae801feee54553,2026-10-07T19:04:03.577670-07:00,NFL,NFL,,Christian Braswell,,,,IR/IL,CB,,,,INJURY_AVAILABILITY,ESPN_PUBLIC,Injured Reserve INJURY_STATUS_IR Knee,high
ESPN-CTX-cffbaef4329bc8d228eacb25,2026-10-07T19:04:03.577670-07:00,NFL,NFL,,Byron Young,,,,ACTIVE,LB,,,,INJURY_AVAILABILITY,ESPN_PUBLIC,Active INJURY_STATUS_ACTIVE,high
ESPN-CTX-147fa211527f68962b895a0d,2026-10-07T19:04:03.577670-07:00,NFL,NFL,,Michael Jurgens,,,,IR/IL,C,,,,INJURY_AVAILABILITY,ESPN_PUBLIC,Injured Reserve INJURY_STATUS_IR Elbow,high
ESPN-CTX-b246df1dc0bda53bf16c8fe0,2026-10-07T19:04:03.577670-07:00,NFL,NFL,,Jaylan Ford,,,,IR/IL,LB,,,,INJURY_AVAILABILITY,ESPN_PUBLIC,Injured Reserve INJURY_STATUS_IR Ankle,high
ESPN-CTX-d27a667e0e820d80be5be49b,2026-10-07T19:04:03.577670-07:00,NFL,NFL,,Lorenzo Styles Jr.,,,,IR/IL,S,,,,INJURY_AVAILABILITY,ESPN_PUBLIC,Injured Reserve INJURY_STATUS_IR Calf,high
ESPN-CTX-af7461c6a676419940df3aa8,2026-10-07T19:04:03.577670-07:00,NFL,NFL,,Chauncey Golston,,,,OUT,DE,,,,INJURY_AVAILABILITY,ESPN_PUBLIC,Out INJURY_STATUS_OUT Neck,high
ESPN-CTX-30fa4da6e6c71fb0e956e8d4,2026-10-07T19:04:03.577670-07:00,NFL,NFL,,Nate Lynn,,,,ACTIVE,DE,,,,INJURY_AVAILABILITY,ESPN_PUBLIC,Active INJURY_STATUS_ACTIVE,high
ESPN-CTX-a5aa17a15d2bb4f08c2f718b,2026-10-07T19:04:03.577670-07:00,NHL,NHL,,Josh Morrissey,,,,DAY-TO-DAY INJURY_STATUS_DAYTODAY UPPER BODY,D,,,,INJURY_AVAILABILITY,ESPN_PUBLIC,Day-To-Day INJURY_STATUS_DAYTODAY Upper Body,high
ESPN-CTX-06cf2a86f755476fb63300c9,2026-10-08T00:25:41.565540-07:00,NBA,NBA,,Miles Bridges,,,,DAY-TO-DAY INJURY_STATUS_DAYTODAY ANKLE,F,,,,INJURY_AVAILABILITY,ESPN_PUBLIC,Day-To-Day INJURY_STATUS_DAYTODAY Ankle,high
ESPN-CTX-63ecc08b4694ee3dcfae8589,2026-10-08T00:25:41.565540-07:00,NFL,NFL,,Dane Belton,,,,ACTIVE,S,,,,INJURY_AVAILABILITY,ESPN_PUBLIC,Active INJURY_STATUS_ACTIVE,high
ESPN-CTX-68c1a92165a515ae2423a3cc,2026-10-08T12:22:37.800727-07:00,NBA,NBA,,Day'Ron Sharpe,,,,DAY-TO-DAY INJURY_STATUS_DAYTODAY SHOULDER,C,,,,INJURY_AVAILABILITY,ESPN_PUBLIC,Day-To-Day INJURY_STATUS_DAYTODAY Shoulder,high
ESPN-CTX-cc88d843b8ba7d6a37229649,2026-10-08T12:22:37.800727-07:00,NBA,NBA,,Michael Porter Jr.,,,,DAY-TO-DAY INJURY_STATUS_DAYTODAY WRIST,F,,,,INJURY_AVAILABILITY,ESPN_PUBLIC,Day-To-Day INJURY_STATUS_DAYTODAY Wrist,high
ESPN-CTX-9b96316b6749038cb7f22548,2026-10-08T12:22:37.800727-07:00,NBA,NBA,,Maliq Brown,,,,DAY-TO-DAY INJURY_STATUS_DAYTODAY BACK,F,,,,INJURY_AVAILABILITY,ESPN_PUBLIC,Day-To-Day INJURY_STATUS_DAYTODAY Back,high
ESPN-CTX-73fbfa1745d47eff5b48eea6,2026-10-08T12:22:37.800727-07:00,NFL,NFL,,Tyler Smith,,,,QUESTIONABLE,G,,,,INJURY_AVAILABILITY,ESPN_PUBLIC,Questionable INJURY_STATUS_QUESTIONABLE Thumb,high
ESPN-CTX-255ac58baf4ed36e2be5eb3a,2026-10-08T12:22:37.800727-07:00,NFL,NFL,,Michael Pittman Jr.,,,,OUT,WR,,,,INJURY_AVAILABILITY,ESPN_PUBLIC,Out INJURY_STATUS_OUT Foot,high
ESPN-CTX-140b79be735de2868d0aa3f6,2026-10-08T12:22:37.800727-07:00,NHL,NHL,,J.T. Compher,,,,IR/IL,LW,,,,INJURY_AVAILABILITY,ESPN_PUBLIC,Injured Reserve INJURY_STATUS_IR Undisclosed,high
ESPN-CTX-c15d862e475d5d1cc810da73,2026-10-08T12:22:37.800727-07:00,NHL,NHL,,Nick Foligno,,,,OUT,LW,,,,INJURY_AVAILABILITY,ESPN_PUBLIC,Out INJURY_STATUS_OUT Upper Body,high
ESPN-CTX-e1963ca690c8ac925aa4941c,2026-10-08T12:22:37.800727-07:00,NHL,NHL,,Sam Montembeault,,,,OUT,G,,,,INJURY_AVAILABILITY,ESPN_PUBLIC,Out INJURY_STATUS_OUT Undisclosed,high
ESPN-CTX-01e48a212f9f503a69a87ada,2026-10-08T12:22:37.800727-07:00,NHL,NHL,,Ryan Lindgren,,,,IR/IL,D,,,,INJURY_AVAILABILITY,ESPN_PUBLIC,Injured Reserve INJURY_STATUS_IR Upper Body,high
ESPN-CTX-4b659e5b9cfa5112a6ba56a3,2026-10-08T12:22:37.800727-07:00,NHL,NHL,,Victor Olofsson,,,,OUT,LW,,,,INJURY_AVAILABILITY,ESPN_PUBLIC,Out INJURY_STATUS_OUT Undisclosed,high
ESPN-CTX-4c1c3ebad5f6939d1dd87752,2026-10-08T13:12:29.487529-07:00,NFL,NFL,,Cameron Thomas,,,,ACTIVE,DE,,,,INJURY_AVAILABILITY,ESPN_PUBLIC,Active INJURY_STATUS_ACTIVE,high
ESPN-CTX-63d9bfc55d9818841c3ad33b,2026-10-08T13:12:29.487529-07:00,NFL,NFL,,Michael Jerrell,,,,ACTIVE,OT,,,,INJURY_AVAILABILITY,ESPN_PUBLIC,Active INJURY_STATUS_ACTIVE,high
ESPN-CTX-f35f5327c8487b88118776cd,2026-10-08T13:12:29.487529-07:00,NFL,NFL,,Ronnie Stanley,,,,QUESTIONABLE,OT,,,,INJURY_AVAILABILITY,ESPN_PUBLIC,Questionable INJURY_STATUS_QUESTIONABLE,high
ESPN-CTX-2a595717cf71a0fb6cc8f32b,2026-10-08T14:26:37.347525-07:00,NFL,NFL,,Colbie Young,,,,ACTIVE,WR,,,,INJURY_AVAILABILITY,ESPN_PUBLIC,Active INJURY_STATUS_ACTIVE,high
ESPN-CTX-fda4acaedc80d57cc46fbea5,2026-10-08T14:26:37.347525-07:00,NFL,NFL,,Carsen Ryan,,,,QUESTIONABLE,TE,,,,INJURY_AVAILABILITY,ESPN_PUBLIC,Questionable INJURY_STATUS_QUESTIONABLE Calf,high
ESPN-CTX-f3dabd875af210b4276b721e,2026-10-08T14:26:37.347525-07:00,NFL,NFL,,Mekhi Blackmon,,,,QUESTIONABLE,CB,,,,INJURY_AVAILABILITY,ESPN_PUBLIC,Questionable INJURY_STATUS_QUESTIONABLE Back,high
ESPN-CTX-b01a134ee127dffac4a372d5,2026-10-08T14:26:37.347525-07:00,NFL,NFL,,Jackson Powers-Johnson,,,,ACTIVE,G,,,,INJURY_AVAILABILITY,ESPN_PUBLIC,Active INJURY_STATUS_ACTIVE,high
ESPN-CTX-b8acadd5214806ee0ca4b2e6,2026-10-08T14:26:37.347525-07:00,NFL,NFL,,Ashton Jeanty,,,,QUESTIONABLE,RB,,,,INJURY_AVAILABILITY,ESPN_PUBLIC,Questionable INJURY_STATUS_QUESTIONABLE Ankle,high
ESPN-CTX-2157781a6e0913926fffc00a,2026-10-08T14:26:37.347525-07:00,NFL,NFL,,Justin Joly,,,,QUESTIONABLE,TE,,,,INJURY_AVAILABILITY,ESPN_PUBLIC,Questionable INJURY_STATUS_QUESTIONABLE Concussion,high
ESPN-CTX-95902b567eb739df1b8776c5,2026-10-08T14:26:37.347525-07:00,NFL,NFL,,Dante Trader Jr.,,,,QUESTIONABLE,S,,,,INJURY_AVAILABILITY,ESPN_PUBLIC,Questionable INJURY_STATUS_QUESTIONABLE Shin,high
ESPN-CTX-cc99d56024e54a3ffc629f52,2026-10-08T14:26:37.347525-07:00,NFL,NFL,,Chris Olave,,,,QUESTIONABLE,WR,,,,INJURY_AVAILABILITY,ESPN_PUBLIC,Questionable INJURY_STATUS_QUESTIONABLE Foot,high
ESPN-CTX-a77b6ebb06f1527c764562dc,2026-10-08T14:26:37.347525-07:00,NFL,NFL,,Dontayvion Wicks,,,,QUESTIONABLE,WR,,,,INJURY_AVAILABILITY,ESPN_PUBLIC,Questionable INJURY_STATUS_QUESTIONABLE Hamstring,high
ESPN-CTX-f689dced64d74f6bad246e8d,2026-10-08T14:26:37.347525-07:00,NFL,NFL,,Carnell Tate,,,,QUESTIONABLE,WR,,,,INJURY_AVAILABILITY,ESPN_PUBLIC,Questionable INJURY_STATUS_QUESTIONABLE Back,high
ESPN-CTX-1380027010ef284d67e0e012,2026-10-08T14:26:37.347525-07:00,NFL,NFL,,Gunnar Helm,,,,QUESTIONABLE,TE,,,,INJURY_AVAILABILITY,ESPN_PUBLIC,Questionable INJURY_STATUS_QUESTIONABLE Knee,high
ESPN-CTX-eb935d96e02ae8290c958818,2026-10-08T14:26:37.347525-07:00,NFL,NFL,,David Martin-Robinson,,,,QUESTIONABLE,TE,,,,INJURY_AVAILABILITY,ESPN_PUBLIC,Questionable INJURY_STATUS_QUESTIONABLE Hamstring,high
ESPN-CTX-10d3aac74c7788b888ccd461,2026-10-08T14:26:37.347525-07:00,WNBA,WNBA,,Allisha Gray,,,,DAY-TO-DAY INJURY_STATUS_DAYTODAY HAND,G,,,,INJURY_AVAILABILITY,ESPN_PUBLIC,Day-To-Day INJURY_STATUS_DAYTODAY Hand,high
ESPN-CTX-1f33cce1f9f18e0e1900f2af,2026-10-08T15:14:06.201886-07:00,NFL,NFL,,Kyle Monangai,,,,QUESTIONABLE,RB,,,,INJURY_AVAILABILITY,ESPN_PUBLIC,Questionable INJURY_STATUS_QUESTIONABLE Toe,high
ESPN-CTX-a747f3be3ebd168067a35eac,2026-10-08T15:14:06.201886-07:00,NFL,NFL,,Aireontae Ersery,,,,QUESTIONABLE,OT,,,,INJURY_AVAILABILITY,ESPN_PUBLIC,Questionable INJURY_STATUS_QUESTIONABLE Illness,high
ESPN-CTX-88675b907c870b54f6dcc7f7,2026-10-08T15:14:06.201886-07:00,NFL,NFL,,Ed Ingram,,,,QUESTIONABLE,G,,,,INJURY_AVAILABILITY,ESPN_PUBLIC,Questionable INJURY_STATUS_QUESTIONABLE Illness,high
ESPN-CTX-ebcfec40a58a75ab8dcd7914,2026-10-08T15:14:06.201886-07:00,NFL,NFL,,Blake Fisher,,,,QUESTIONABLE,OT,,,,INJURY_AVAILABILITY,ESPN_PUBLIC,Questionable INJURY_STATUS_QUESTIONABLE Illness,high
ESPN-CTX-699a43872a80751aae41c53e,2026-10-08T15:14:06.201886-07:00,NFL,NFL,,Mike Reid,,,,ACTIVE,CB,,,,INJURY_AVAILABILITY,ESPN_PUBLIC,Active INJURY_STATUS_ACTIVE,high
ESPN-CTX-7fdca9967eecd82d40e1557d,2026-10-08T15:14:06.201886-07:00,NFL,NFL,,Jeremiah Wright,,,,QUESTIONABLE,G,,,,INJURY_AVAILABILITY,ESPN_PUBLIC,Questionable INJURY_STATUS_QUESTIONABLE Concussion,high
ESPN-CTX-e9b625c1276ffb3754f3c65e,2026-10-08T16:51:09.365275-07:00,NBA,NBA,,Jalen Johnson,,,,DAY-TO-DAY INJURY_STATUS_DAYTODAY REST,F,,,,INJURY_AVAILABILITY,ESPN_PUBLIC,Day-To-Day INJURY_STATUS_DAYTODAY Rest,high
ESPN-CTX-3bf4a30a389424a30af5a5bf,2026-10-08T16:51:09.365275-07:00,NBA,NBA,,Sam Hauser,,,,DAY-TO-DAY INJURY_STATUS_DAYTODAY REST,F,,,,INJURY_AVAILABILITY,ESPN_PUBLIC,Day-To-Day INJURY_STATUS_DAYTODAY Rest,high
ESPN-CTX-6bca215542fceecd79438375,2026-10-08T16:51:09.365275-07:00,NBA,NBA,,Ron Harper Jr.,,,,DAY-TO-DAY INJURY_STATUS_DAYTODAY SHOULDER,G,,,,INJURY_AVAILABILITY,ESPN_PUBLIC,Day-To-Day INJURY_STATUS_DAYTODAY Shoulder,high
ESPN-CTX-4c90b04088afad48ddad59f3,2026-10-08T16:51:09.365275-07:00,NBA,NBA,,Payton Pritchard,,,,DAY-TO-DAY INJURY_STATUS_DAYTODAY UNDISCLOSED,G,,,,INJURY_AVAILABILITY,ESPN_PUBLIC,Day-To-Day INJURY_STATUS_DAYTODAY Undisclosed,high
ESPN-CTX-c375f58093d42c403a38dd2c,2026-10-08T16:51:09.365275-07:00,NBA,NBA,,Mitchell Robinson,,,,DAY-TO-DAY INJURY_STATUS_DAYTODAY UNDISCLOSED,C,,,,INJURY_AVAILABILITY,ESPN_PUBLIC,Day-To-Day INJURY_STATUS_DAYTODAY Undisclosed,high
ESPN-CTX-97e370aa1caa7aeaeca8ca1b,2026-10-08T16:51:09.365275-07:00,NBA,NBA,,Neemias Queta,,,,DAY-TO-DAY INJURY_STATUS_DAYTODAY REST,C,,,,INJURY_AVAILABILITY,ESPN_PUBLIC,Day-To-Day INJURY_STATUS_DAYTODAY Rest,high
ESPN-CTX-d77cefc0ee774cdead456329,2026-10-08T16:51:09.365275-07:00,NBA,NBA,,Paul George,,,,DAY-TO-DAY INJURY_STATUS_DAYTODAY REST,F,,,,INJURY_AVAILABILITY,ESPN_PUBLIC,Day-To-Day INJURY_STATUS_DAYTODAY Rest,high
ESPN-CTX-5e14abcfac06c740f333508d,2026-10-08T16:51:09.365275-07:00,NBA,NBA,,Jayson Tatum,,,,DAY-TO-DAY INJURY_STATUS_DAYTODAY REST,F,,,,INJURY_AVAILABILITY,ESPN_PUBLIC,Day-To-Day INJURY_STATUS_DAYTODAY Rest,high
ESPN-CTX-f6892567d33ed6e59fb9c772,2026-10-08T16:51:09.365275-07:00,NBA,NBA,,Derrick White,,,,DAY-TO-DAY INJURY_STATUS_DAYTODAY REST,G,,,,INJURY_AVAILABILITY,ESPN_PUBLIC,Day-To-Day INJURY_STATUS_DAYTODAY Rest,high
ESPN-CTX-7bcc6bb5a7dd470e3118628b,2026-10-08T16:51:09.365275-07:00,NBA,NBA,,Khalifa Diop,,,,DAY-TO-DAY INJURY_STATUS_DAYTODAY UNDISCLOSED,C,,,,INJURY_AVAILABILITY,ESPN_PUBLIC,Day-To-Day INJURY_STATUS_DAYTODAY Undisclosed,high
ESPN-CTX-7c7dc2d98ff3c925191314fc,2026-10-08T16:51:09.365275-07:00,NBA,NBA,,Nae'Qwan Tomlin,,,,DAY-TO-DAY INJURY_STATUS_DAYTODAY BACK,F,,,,INJURY_AVAILABILITY,ESPN_PUBLIC,Day-To-Day INJURY_STATUS_DAYTODAY Back,high
ESPN-CTX-ea087a4c5fa8a3232348e30b,2026-10-08T16:51:09.365275-07:00,NBA,NBA,,James Harden,,,,DAY-TO-DAY INJURY_STATUS_DAYTODAY ANKLE,G,,,,INJURY_AVAILABILITY,ESPN_PUBLIC,Day-To-Day INJURY_STATUS_DAYTODAY Ankle,high
ESPN-CTX-94dd691f26d449ec6d59abea,2026-10-08T16:51:09.365275-07:00,NBA,NBA,,Dejounte Murray,,,,DAY-TO-DAY INJURY_STATUS_DAYTODAY TOE,G,,,,INJURY_AVAILABILITY,ESPN_PUBLIC,Day-To-Day INJURY_STATUS_DAYTODAY Toe,high
ESPN-CTX-23923a933297a7252d46aae7,2026-10-08T16:51:09.365275-07:00,NBA,NBA,,Kevin McCullar Jr.,,,,DAY-TO-DAY INJURY_STATUS_DAYTODAY COACH'S DECISION,G,,,,INJURY_AVAILABILITY,ESPN_PUBLIC,Day-To-Day INJURY_STATUS_DAYTODAY Coach's Decision,high
ESPN-CTX-43126d627f962c7f1a3fec17,2026-10-08T16:51:09.365275-07:00,NBA,NBA,,Tony Bradley,,,,DAY-TO-DAY INJURY_STATUS_DAYTODAY COACH'S DECISION,C,,,,INJURY_AVAILABILITY,ESPN_PUBLIC,Day-To-Day INJURY_STATUS_DAYTODAY Coach's Decision,high
ESPN-CTX-b878e8fd21cf3da162df61d2,2026-10-08T16:51:09.365275-07:00,NBA,NBA,,Ochai Agbaji,,,,DAY-TO-DAY INJURY_STATUS_DAYTODAY COACH'S DECISION,G,,,,INJURY_AVAILABILITY,ESPN_PUBLIC,Day-To-Day INJURY_STATUS_DAYTODAY Coach's Decision,high
ESPN-CTX-102a56e2fcbf508c1f8361c4,2026-10-08T16:51:09.365275-07:00,NBA,NBA,,Drew Eubanks,,,,DAY-TO-DAY INJURY_STATUS_DAYTODAY COACH'S DECISION,F,,,,INJURY_AVAILABILITY,ESPN_PUBLIC,Day-To-Day INJURY_STATUS_DAYTODAY Coach's Decision,high
ESPN-CTX-9587e7918bf3e626f485d4b1,2026-10-08T16:51:09.365275-07:00,NBA,NBA,,De'Aaron Fox,,,,DAY-TO-DAY INJURY_STATUS_DAYTODAY UNDISCLOSED,G,,,,INJURY_AVAILABILITY,ESPN_PUBLIC,Day-To-Day INJURY_STATUS_DAYTODAY Undisclosed,high
ESPN-CTX-fc7a9c08a0ddce2b7525f561,2026-10-08T16:51:09.365275-07:00,NBA,NBA,,Malik Williams,,,,OUT,C,,,,INJURY_AVAILABILITY,ESPN_PUBLIC,Out INJURY_STATUS_OUT Undisclosed,high
ESPN-CTX-f354ffa5a03648d5b0163079,2026-10-08T16:51:09.365275-07:00,NBA,NBA,,Khris Middleton,,,,DAY-TO-DAY INJURY_STATUS_DAYTODAY REST,F,,,,INJURY_AVAILABILITY,ESPN_PUBLIC,Day-To-Day INJURY_STATUS_DAYTODAY Rest,high
ESPN-CTX-3df00fd19c6800ec0a4e9b61,2026-10-08T16:51:09.365275-07:00,NFL,NFL,,Walter Nolen III,,,,QUESTIONABLE,DT,,,,INJURY_AVAILABILITY,ESPN_PUBLIC,Questionable INJURY_STATUS_QUESTIONABLE Calf,high
ESPN-CTX-017854108d65ac3fa39632dd,2026-10-08T16:51:09.365275-07:00,NFL,NFL,,Karson Sharar,,,,QUESTIONABLE,LB,,,,INJURY_AVAILABILITY,ESPN_PUBLIC,Questionable INJURY_STATUS_QUESTIONABLE Hamstring,high
ESPN-CTX-a94fd7f596e8d1ee4b2018c9,2026-10-08T16:51:09.365275-07:00,NFL,NFL,,Tyler Smith,,,,ACTIVE,G,,,,INJURY_AVAILABILITY,ESPN_PUBLIC,Active INJURY_STATUS_ACTIVE,high
ESPN-CTX-e81e85326eb19f15242e84a0,2026-10-08T16:51:09.365275-07:00,NFL,NFL,,Joey Porter Jr.,,,,OUT,CB,,,,INJURY_AVAILABILITY,ESPN_PUBLIC,Out INJURY_STATUS_OUT Illness,high
ESPN-CTX-1953b0cfa6d457c4719510a3,2026-10-08T16:51:09.365275-07:00,NFL,NFL,,Dondrea Tillman,,,,ACTIVE,LB,,,,INJURY_AVAILABILITY,ESPN_PUBLIC,Active INJURY_STATUS_ACTIVE,high
ESPN-CTX-86e3f808165e9f4e6573abe5,2026-10-08T16:51:09.365275-07:00,NFL,NFL,,Pierre Strong Jr.,,,,ACTIVE,RB,,,,INJURY_AVAILABILITY,ESPN_PUBLIC,Active INJURY_STATUS_ACTIVE,high
ESPN-CTX-ad2530db513db16378e7cc37,2026-10-08T16:51:09.365275-07:00,NFL,NFL,,Bryce Oliver,,,,ACTIVE,WR,,,,INJURY_AVAILABILITY,ESPN_PUBLIC,Active INJURY_STATUS_ACTIVE,high
ESPN-CTX-3f61946a34b7916e3460aa38,2026-10-08T16:51:09.365275-07:00,NFL,NFL,,Deane Leonard,,,,QUESTIONABLE,CB,,,,INJURY_AVAILABILITY,ESPN_PUBLIC,Questionable INJURY_STATUS_QUESTIONABLE Ribs,high
ESPN-CTX-18a7094a5278def11b33e606,2026-10-08T16:51:09.365275-07:00,NFL,NFL,,Brett Thorson,,,,ACTIVE,P,,,,INJURY_AVAILABILITY,ESPN_PUBLIC,Active INJURY_STATUS_ACTIVE,high
ESPN-CTX-22925012a6a1c652d52b1e25,2026-10-08T16:51:09.365275-07:00,NFL,NFL,,DeShon Elliott,,,,IR/IL,S,,,,INJURY_AVAILABILITY,ESPN_PUBLIC,Injured Reserve INJURY_STATUS_IR Knee,high
ESPN-CTX-ee1826e8825dd2c63d1eb0ab,2026-10-08T16:51:09.365275-07:00,NFL,NFL,,Beau Stephens,,,,ACTIVE,G,,,,INJURY_AVAILABILITY,ESPN_PUBLIC,Active INJURY_STATUS_ACTIVE,high
ESPN-CTX-eb551e179464eb57bfa96265,2026-10-08T16:51:09.365275-07:00,NFL,NFL,,Tyrice Knight,,,,ACTIVE,LB,,,,INJURY_AVAILABILITY,ESPN_PUBLIC,Active INJURY_STATUS_ACTIVE,high
ESPN-CTX-925e6eee6f81bdd4b9055fe5,2026-10-08T16:51:09.365275-07:00,NFL,NFL,,Julian Neal,,,,QUESTIONABLE,CB,,,,INJURY_AVAILABILITY,ESPN_PUBLIC,Questionable INJURY_STATUS_QUESTIONABLE Hamstring,high
ESPN-CTX-525d043bf55d435addc4a4cc,2026-10-08T16:51:09.365275-07:00,NHL,NHL,,Olli Maatta,,,,OUT,D,,,,INJURY_AVAILABILITY,ESPN_PUBLIC,Out INJURY_STATUS_OUT Lower Body,high
ESPN-CTX-f9b0280e6375a74a9fb2ab13,2026-10-08T16:51:09.365275-07:00,NHL,NHL,,Cameron Crotty,,,,OUT,D,,,,INJURY_AVAILABILITY,ESPN_PUBLIC,Out INJURY_STATUS_OUT Illness,high
ESPN-CTX-3c9d37e70249be26d3b04602,2026-10-08T17:38:27.055908-07:00,NFL,NFL,,Landon Jackson,,,,QUESTIONABLE,DE,,,,INJURY_AVAILABILITY,ESPN_PUBLIC,Questionable INJURY_STATUS_QUESTIONABLE Knee,high
ESPN-CTX-2291ae68dc056db56952bc03,2026-10-08T17:38:27.055908-07:00,NFL,NFL,,T.J. Sanders,,,,ACTIVE,DT,,,,INJURY_AVAILABILITY,ESPN_PUBLIC,Active INJURY_STATUS_ACTIVE,high
ESPN-CTX-436d002536a2eb5fdbd9dfb8,2026-10-08T17:38:27.055908-07:00,NFL,NFL,,Quentin Lake,,,,QUESTIONABLE,S,,,,INJURY_AVAILABILITY,ESPN_PUBLIC,Questionable INJURY_STATUS_QUESTIONABLE Hip,high
ESPN-CTX-cf4e646aaca5d8b8fb6cff9d,2026-10-08T17:38:27.055908-07:00,NFL,NFL,,Grant Stuard,,,,QUESTIONABLE,LB,,,,INJURY_AVAILABILITY,ESPN_PUBLIC,Questionable INJURY_STATUS_QUESTIONABLE Hamstring,high
ESPN-CTX-f398be98522257143d629c99,2026-10-08T17:38:27.055908-07:00,NHL,NHL,,William Eklund,,,,DAY-TO-DAY INJURY_STATUS_DAYTODAY LOWER BODY,LW,,,,INJURY_AVAILABILITY,ESPN_PUBLIC,Day-To-Day INJURY_STATUS_DAYTODAY Lower Body,high
