snapshot_id,collected_at_pt,sport,league,event_id,event_start_pt,away,home,venue,venue_city,venue_state,venue_indoor,source,status
ESPN-NFL-401872947-20260917T180156Z,2026-09-17T11:01:56.176663-07:00,NFL,NFL,401872947,2026-09-22T00:15Z,New York Giants,Los Angeles Rams,SoFi Stadium,Inglewood,CA,False,ESPN_PUBLIC,STATUS_SCHEDULED
ESPN-NFL-401872932-20260917T180156Z,2026-09-17T11:01:56.176663-07:00,NFL,NFL,401872932,2026-09-18T00:15Z,Detroit Lions,Buffalo Bills,Highmark Stadium,Orchard Park,NY,False,ESPN_PUBLIC,STATUS_SCHEDULED
ESPN-NFL-401872933-20260917T180156Z,2026-09-17T11:01:56.176663-07:00,NFL,NFL,401872933,2026-09-20T17:00Z,Carolina Panthers,Atlanta Falcons,Mercedes-Benz Stadium,Atlanta,GA,True,ESPN_PUBLIC,STATUS_SCHEDULED
ESPN-NFL-401872937-20260917T180156Z,2026-09-17T11:01:56.176663-07:00,NFL,NFL,401872937,2026-09-20T17:00Z,Minnesota Vikings,Chicago Bears,Soldier Field,Chicago,IL,False,ESPN_PUBLIC,STATUS_SCHEDULED
ESPN-NFL-401872939-20260917T180156Z,2026-09-17T11:01:56.176663-07:00,NFL,NFL,401872939,2026-09-20T17:00Z,Philadelphia Eagles,Tennessee Titans,Nissan Stadium,Nashville,TN,False,ESPN_PUBLIC,STATUS_SCHEDULED
ESPN-NFL-401872946-20260917T180156Z,2026-09-17T11:01:56.176663-07:00,NFL,NFL,401872946,2026-09-20T17:00Z,Pittsburgh Steelers,New England Patriots,Gillette Stadium,Foxborough,MA,False,ESPN_PUBLIC,STATUS_SCHEDULED
ESPN-NFL-401872936-20260917T180156Z,2026-09-17T11:01:56.176663-07:00,NFL,NFL,401872936,2026-09-20T17:00Z,Green Bay Packers,New York Jets,MetLife Stadium,East Rutherford,NJ,False,ESPN_PUBLIC,STATUS_SCHEDULED
ESPN-NFL-401872935-20260917T180156Z,2026-09-17T11:01:56.176663-07:00,NFL,NFL,401872935,2026-09-20T17:00Z,Cleveland Browns,Tampa Bay Buccaneers,Raymond James Stadium,Tampa,FL,False,ESPN_PUBLIC,STATUS_SCHEDULED
ESPN-NFL-401872938-20260917T180156Z,2026-09-17T11:01:56.176663-07:00,NFL,NFL,401872938,2026-09-20T17:00Z,New Orleans Saints,Baltimore Ravens,M&T Bank Stadium,Baltimore,MD,False,ESPN_PUBLIC,STATUS_SCHEDULED
ESPN-NFL-401872934-20260917T180156Z,2026-09-17T11:01:56.176663-07:00,NFL,NFL,401872934,2026-09-20T17:00Z,Cincinnati Bengals,Houston Texans,Reliant Stadium,Houston,TX,True,ESPN_PUBLIC,STATUS_SCHEDULED
ESPN-NFL-401872940-20260917T180156Z,2026-09-17T11:01:56.176663-07:00,NFL,NFL,401872940,2026-09-20T20:05Z,Jacksonville Jaguars,Denver Broncos,Empower Field at Mile High,Denver,CO,False,ESPN_PUBLIC,STATUS_SCHEDULED
ESPN-NFL-401872941-20260917T180156Z,2026-09-17T11:01:56.176663-07:00,NFL,NFL,401872941,2026-09-20T20:05Z,Las Vegas Raiders,Los Angeles Chargers,SoFi Stadium,Inglewood,CA,False,ESPN_PUBLIC,STATUS_SCHEDULED
ESPN-NFL-401872944-20260917T180156Z,2026-09-17T11:01:56.176663-07:00,NFL,NFL,401872944,2026-09-20T20:25Z,Washington Commanders,Dallas Cowboys,AT&T Stadium,Arlington,TX,True,ESPN_PUBLIC,STATUS_SCHEDULED
ESPN-NFL-401872943-20260917T180156Z,2026-09-17T11:01:56.176663-07:00,NFL,NFL,401872943,2026-09-20T20:25Z,Seattle Seahawks,Arizona Cardinals,State Farm Stadium,Glendale,AZ,True,ESPN_PUBLIC,STATUS_SCHEDULED
ESPN-NFL-401872942-20260917T180156Z,2026-09-17T11:01:56.176663-07:00,NFL,NFL,401872942,2026-09-20T20:25Z,Miami Dolphins,San Francisco 49ers,Levi's Stadium,Santa Clara,CA,False,ESPN_PUBLIC,STATUS_SCHEDULED
ESPN-NFL-401872945-20260917T180156Z,2026-09-17T11:01:56.176663-07:00,NFL,NFL,401872945,2026-09-21T00:20Z,Indianapolis Colts,Kansas City Chiefs,Arrowhead Stadium,Kansas City,MO,False,ESPN_PUBLIC,STATUS_SCHEDULED
ESPN-NFL-401872948-20260917T180156Z,2026-09-17T11:01:56.176663-07:00,NFL,NFL,401872948,2026-09-25T00:15Z,Atlanta Falcons,Green Bay Packers,Lambeau Field,Green Bay,WI,False,ESPN_PUBLIC,STATUS_SCHEDULED
ESPN-NCAA_Football-401858225-20260917T180156Z,2026-09-17T11:01:56.176663-07:00,NCAA_Football,NCAA_Football,401858225,2026-09-17T23:30Z,Syracuse Orange,Pittsburgh Panthers,Acrisure Stadium,Pittsburgh,PA,False,ESPN_PUBLIC,STATUS_SCHEDULED
ESPN-NCAA_Football-401858226-20260917T180156Z,2026-09-17T11:01:56.176663-07:00,NCAA_Football,NCAA_Football,401858226,2026-09-18T23:30Z,Miami Hurricanes,Wake Forest Demon Deacons,Allegacy Federal Credit Union Stadium,Winston-Salem,NC,False,ESPN_PUBLIC,STATUS_SCHEDULED
ESPN-NCAA_Football-401856811-20260917T180156Z,2026-09-17T11:01:56.176663-07:00,NCAA_Football,NCAA_Football,401856811,2026-09-19T00:00Z,Houston Cougars,Texas Tech Red Raiders,Galaxy Stadium,Lubbock,TX,False,ESPN_PUBLIC,STATUS_SCHEDULED
ESPN-NCAA_Football-401858455-20260917T180156Z,2026-09-17T11:01:56.176663-07:00,NCAA_Football,NCAA_Football,401858455,2026-09-19T02:30Z,Portland State Vikings,Oregon Ducks,Autzen Stadium,Eugene,OR,False,ESPN_PUBLIC,STATUS_SCHEDULED
ESPN-NCAA_Football-401869941-20260917T180156Z,2026-09-17T11:01:56.176663-07:00,NCAA_Football,NCAA_Football,401869941,2026-09-24T23:30Z,Liberty Flames,Coastal Carolina Chanticleers,Brooks Stadium (SC),Conway,SC,False,ESPN_PUBLIC,STATUS_SCHEDULED
ESPN-NCAA_Football-401869940-20260917T180156Z,2026-09-17T11:01:56.176663-07:00,NCAA_Football,NCAA_Football,401869940,2026-09-19T15:30Z,Coastal Carolina Chanticleers,Delaware Blue Hens,Delaware Stadium,Newark,DE,False,ESPN_PUBLIC,STATUS_SCHEDULED
ESPN-NCAA_Football-401856686-20260917T180156Z,2026-09-17T11:01:56.176663-07:00,NCAA_Football,NCAA_Football,401856686,2026-09-19T16:00Z,Georgia Bulldogs,Arkansas Razorbacks,Donald W. Reynolds Razorback Stadium,Fayetteville,AR,False,ESPN_PUBLIC,STATUS_SCHEDULED
ESPN-NCAA_Football-401858454-20260917T180156Z,2026-09-17T11:01:56.176663-07:00,NCAA_Football,NCAA_Football,401858454,2026-09-19T16:00Z,Kent State Golden Flashes,Ohio State Buckeyes,Ohio Stadium,Columbus,OH,False,ESPN_PUBLIC,STATUS_SCHEDULED
ESPN-NCAA_Football-401858456-20260917T180156Z,2026-09-17T11:01:56.176663-07:00,NCAA_Football,NCAA_Football,401858456,2026-09-19T16:00Z,Buffalo Bulls,Penn State Nittany Lions,Beaver Stadium,University Park,PA,False,ESPN_PUBLIC,STATUS_SCHEDULED
ESPN-NCAA_Football-401856792-20260917T180156Z,2026-09-17T11:01:56.176663-07:00,NCAA_Football,NCAA_Football,401856792,2026-09-19T16:00Z,Tulane Green Wave,Kansas State Wildcats,Bill Snyder Family Stadium,Manhattan,KS,False,ESPN_PUBLIC,STATUS_SCHEDULED
ESPN-NCAA_Football-401856798-20260917T180156Z,2026-09-17T11:01:56.176663-07:00,NCAA_Football,NCAA_Football,401856798,2026-09-19T16:00Z,Bowling Green Falcons,Iowa State Cyclones,Jack Trice Stadium,Ames,IA,False,ESPN_PUBLIC,STATUS_SCHEDULED
ESPN-NCAA_Football-401856812-20260917T180156Z,2026-09-17T11:01:56.176663-07:00,NCAA_Football,NCAA_Football,401856812,2026-09-19T16:00Z,Arizona State Sun Devils,Kansas Jayhawks,Wembley Stadium,London,,False,ESPN_PUBLIC,STATUS_SCHEDULED
ESPN-NCAA_Football-401858228-20260917T180156Z,2026-09-17T11:01:56.176663-07:00,NCAA_Football,NCAA_Football,401858228,2026-09-19T16:00Z,Mercer Bears,Georgia Tech Yellow Jackets,Bobby Dodd Stadium,Atlanta,GA,False,ESPN_PUBLIC,STATUS_SCHEDULED
ESPN-NCAA_Football-401858229-20260917T180156Z,2026-09-17T11:01:56.176663-07:00,NCAA_Football,NCAA_Football,401858229,2026-09-19T16:00Z,North Carolina Tar Heels,Clemson Tigers,"Memorial Stadium (Clemson, SC)",Clemson,SC,False,ESPN_PUBLIC,STATUS_SCHEDULED
ESPN-NCAA_Football-401858451-20260917T180156Z,2026-09-17T11:01:56.176663-07:00,NCAA_Football,NCAA_Football,401858451,2026-09-19T16:00Z,Akron Zips,Minnesota Golden Gophers,Huntington Bank Stadium,Minneapolis,MN,False,ESPN_PUBLIC,STATUS_SCHEDULED
ESPN-NCAA_Football-401860889-20260917T180156Z,2026-09-17T11:01:56.176663-07:00,NCAA_Football,NCAA_Football,401860889,2026-09-19T16:00Z,North Texas Mean Green,Texas State Bobcats,UFCU Stadium,San Marcos,TX,False,ESPN_PUBLIC,STATUS_SCHEDULED
ESPN-NCAA_Football-401858460-20260917T180156Z,2026-09-17T11:01:56.176663-07:00,NCAA_Football,NCAA_Football,401858460,2026-09-19T16:30Z,Eastern Michigan Eagles,Wisconsin Badgers,Camp Randall Stadium,Madison,WI,False,ESPN_PUBLIC,STATUS_SCHEDULED
ESPN-NCAA_Football-401856695-20260917T180156Z,2026-09-17T11:01:56.176663-07:00,NCAA_Football,NCAA_Football,401856695,2026-09-19T16:45Z,NC State Wolfpack,Vanderbilt Commodores,FirstBank Stadium,Nashville,TN,False,ESPN_PUBLIC,STATUS_SCHEDULED
ESPN-NCAA_Football-401864508-20260917T180156Z,2026-09-17T11:01:56.176663-07:00,NCAA_Football,NCAA_Football,401864508,2026-09-19T17:00Z,Wyoming Cowboys,Central Michigan Chippewas,Kelly/Shorts Stadium,Mount Pleasant,MI,False,ESPN_PUBLIC,STATUS_SCHEDULED
ESPN-NCAA_Football-401858227-20260917T180156Z,2026-09-17T11:01:56.176663-07:00,NCAA_Football,NCAA_Football,401858227,2026-09-19T18:00Z,Maine Black Bears,Boston College Eagles,"Alumni Stadium (Chestnut Hill, MA)",Chestnut Hill,MA,False,ESPN_PUBLIC,STATUS_SCHEDULED
ESPN-NCAA_Football-401858448-20260917T180156Z,2026-09-17T11:01:56.176663-07:00,NCAA_Football,NCAA_Football,401858448,2026-09-19T18:00Z,Southern Illinois Salukis,Illinois Fighting Illini,Gies Memorial Stadium,Champaign,IL,False,ESPN_PUBLIC,STATUS_SCHEDULED
ESPN-NCAA_Football-401862774-20260917T180156Z,2026-09-17T11:01:56.176663-07:00,NCAA_Football,NCAA_Football,401862774,2026-09-19T19:00Z,Temple Owls,Toledo Rockets,Glass Bowl,Toledo,OH,False,ESPN_PUBLIC,STATUS_SCHEDULED
ESPN-NCAA_Football-401856694-20260917T180156Z,2026-09-17T11:01:56.176663-07:00,NCAA_Football,NCAA_Football,401856694,2026-09-19T19:30Z,Kentucky Wildcats,Texas A&M Aggies,Kyle Field,College Station,TX,False,ESPN_PUBLIC,STATUS_SCHEDULED
ESPN-NCAA_Football-401856685-20260917T180156Z,2026-09-17T11:01:56.176663-07:00,NCAA_Football,NCAA_Football,401856685,2026-09-19T19:30Z,Florida State Seminoles,Alabama Crimson Tide,Bryant-Denny Stadium,Tuscaloosa,AL,False,ESPN_PUBLIC,STATUS_SCHEDULED
ESPN-NCAA_Football-401858457-20260917T180156Z,2026-09-17T11:01:56.176663-07:00,NCAA_Football,NCAA_Football,401858457,2026-09-19T19:30Z,USC Trojans,Rutgers Scarlet Knights,SHI Stadium,Piscataway,NJ,False,ESPN_PUBLIC,STATUS_SCHEDULED
ESPN-NCAA_Football-401858230-20260917T180156Z,2026-09-17T11:01:56.176663-07:00,NCAA_Football,NCAA_Football,401858230,2026-09-19T19:30Z,SMU Mustangs,Louisville Cardinals,L&N Federal Credit Union Stadium,Louisville,KY,False,ESPN_PUBLIC,STATUS_SCHEDULED
ESPN-NCAA_Football-401856801-20260917T180156Z,2026-09-17T11:01:56.176663-07:00,NCAA_Football,NCAA_Football,401856801,2026-09-19T19:30Z,Utah State Aggies,Utah Utes,Rice-Eccles Stadium,Salt Lake City,UT,False,ESPN_PUBLIC,STATUS_SCHEDULED
ESPN-NCAA_Football-401858450-20260917T180156Z,2026-09-17T11:01:56.176663-07:00,NCAA_Football,NCAA_Football,401858450,2026-09-19T19:30Z,UTEP Miners,Michigan Wolverines,Michigan Stadium,Ann Arbor,MI,False,ESPN_PUBLIC,STATUS_SCHEDULED
ESPN-NCAA_Football-401856797-20260917T180156Z,2026-09-17T11:01:56.176663-07:00,NCAA_Football,NCAA_Football,401856797,2026-09-19T19:30Z,Miami (OH) RedHawks,Cincinnati Bearcats,TQL Stadium,Cincinnati,OH,False,ESPN_PUBLIC,STATUS_SCHEDULED
ESPN-NCAA_Football-401858233-20260917T180156Z,2026-09-17T11:01:56.176663-07:00,NCAA_Football,NCAA_Football,401858233,2026-09-19T19:30Z,Wagner Seahawks,California Golden Bears,California Memorial Stadium,Berkeley,CA,False,ESPN_PUBLIC,STATUS_SCHEDULED
ESPN-NCAA_Football-401860890-20260917T180156Z,2026-09-17T11:01:56.176663-07:00,NCAA_Football,NCAA_Football,401860890,2026-09-19T19:30Z,Duquesne Dukes,Washington State Cougars,Martin Stadium,Pullman,WA,False,ESPN_PUBLIC,STATUS_SCHEDULED
ESPN-NCAA_Football-401866424-20260917T180156Z,2026-09-17T11:01:56.176663-07:00,NCAA_Football,NCAA_Football,401866424,2026-09-19T19:30Z,Stonehill Skyhawks,Massachusetts Minutemen,Warren McGuirk Alumni Stadium,Amherst,MA,False,ESPN_PUBLIC,STATUS_SCHEDULED
ESPN-NCAA_Football-401858449-20260917T180156Z,2026-09-17T11:01:56.176663-07:00,NCAA_Football,NCAA_Football,401858449,2026-09-19T20:00Z,Western Kentucky Hilltoppers,Indiana Hoosiers,"Memorial Stadium (Bloomington, IN)",Bloomington,IN,False,ESPN_PUBLIC,STATUS_SCHEDULED
ESPN-NCAA_Football-401858471-20260917T180156Z,2026-09-17T11:01:56.176663-07:00,NCAA_Football,NCAA_Football,401858471,2026-09-19T20:00Z,Northern Iowa Panthers,Iowa Hawkeyes,Kinnick Stadium,Iowa City,IA,False,ESPN_PUBLIC,STATUS_SCHEDULED
ESPN-NCAA_Football-401858231-20260917T180156Z,2026-09-17T11:01:56.176663-07:00,NCAA_Football,NCAA_Football,401858231,2026-09-19T20:00Z,Stanford Cardinal,Duke Blue Devils,Wallace Wade Stadium,Durham,NC,False,ESPN_PUBLIC,STATUS_SCHEDULED
ESPN-NCAA_Football-401866422-20260917T180156Z,2026-09-17T11:01:56.176663-07:00,NCAA_Football,NCAA_Football,401866422,2026-09-19T20:00Z,Ball State Cardinals,Liberty Flames,Williams Stadium (VA),Lynchburg,VA,False,ESPN_PUBLIC,STATUS_SCHEDULED
ESPN-NCAA_Football-401867804-20260917T180156Z,2026-09-17T11:01:56.176663-07:00,NCAA_Football,NCAA_Football,401867804,2026-09-19T20:00Z,Louisiana Tech Bulldogs,Baylor Bears,McLane Stadium,Waco,TX,False,ESPN_PUBLIC,STATUS_SCHEDULED
ESPN-NCAA_Football-401856691-20260917T180156Z,2026-09-17T11:01:56.176663-07:00,NCAA_Football,NCAA_Football,401856691,2026-09-19T20:15Z,Mississippi State Bulldogs,South Carolina Gamecocks,Williams-Brice Stadium,Columbia,SC,False,ESPN_PUBLIC,STATUS_SCHEDULED
ESPN-NCAA_Football-401868317-20260917T180156Z,2026-09-17T11:01:56.176663-07:00,NCAA_Football,NCAA_Football,401868317,2026-09-19T20:30Z,SE Louisiana Lions,UL Monroe Warhawks,Malone Stadium,Monroe,LA,False,ESPN_PUBLIC,STATUS_SCHEDULED
ESPN-NCAA_Football-401862710-20260917T180156Z,2026-09-17T11:01:56.176663-07:00,NCAA_Football,NCAA_Football,401862710,2026-09-19T22:00Z,East Carolina Pirates,Old Dominion Monarchs,S.B. Ballard Stadium,Norfolk,VA,False,ESPN_PUBLIC,STATUS_SCHEDULED
ESPN-NCAA_Football-401862771-20260917T180156Z,2026-09-17T11:01:56.176663-07:00,NCAA_Football,NCAA_Football,401862771,2026-09-19T22:00Z,Florida International Panthers,Florida Atlantic Owls,Flagler Credit Union Stadium,Boca Raton,FL,False,ESPN_PUBLIC,STATUS_SCHEDULED
ESPN-NCAA_Football-401864574-20260917T180156Z,2026-09-17T11:01:56.176663-07:00,NCAA_Football,NCAA_Football,401864574,2026-09-19T22:00Z,Charlotte 49ers,App State Mountaineers,Kidd Brewer Stadium,Boone,NC,False,ESPN_PUBLIC,STATUS_SCHEDULED
ESPN-NCAA_Football-401871047-20260917T180156Z,2026-09-17T11:01:56.176663-07:00,NCAA_Football,NCAA_Football,401871047,2026-09-19T22:30Z,Marshall Thundering Herd,Missouri State Bears,Robert W. Plaster Stadium,Springfield,MO,False,ESPN_PUBLIC,STATUS_SCHEDULED
ESPN-NCAA_Football-401856689-20260917T180156Z,2026-09-17T11:01:56.176663-07:00,NCAA_Football,NCAA_Football,401856689,2026-09-19T23:00Z,Troy Trojans,Missouri Tigers,Memorial Stadium,Columbia,MO,False,ESPN_PUBLIC,STATUS_SCHEDULED
ESPN-NCAA_Football-401856687-20260917T180156Z,2026-09-17T11:01:56.176663-07:00,NCAA_Football,NCAA_Football,401856687,2026-09-19T23:00Z,Florida Gators,Auburn Tigers,Jordan-Hare Stadium,Auburn,AL,False,ESPN_PUBLIC,STATUS_SCHEDULED
ESPN-NCAA_Football-401856800-20260917T180156Z,2026-09-17T11:01:56.176663-07:00,NCAA_Football,NCAA_Football,401856800,2026-09-19T23:00Z,Georgia State Panthers,UCF Knights,Acrisure Bounce House,Orlando,FL,False,ESPN_PUBLIC,STATUS_SCHEDULED
ESPN-NCAA_Football-401856803-20260917T180156Z,2026-09-17T11:01:56.176663-07:00,NCAA_Football,NCAA_Football,401856803,2026-09-19T23:00Z,Murray State Racers,Oklahoma State Cowboys,Boone Pickens Stadium,Stillwater,OK,False,ESPN_PUBLIC,STATUS_SCHEDULED
ESPN-NCAA_Football-401861963-20260917T180156Z,2026-09-17T11:01:56.176663-07:00,NCAA_Football,NCAA_Football,401861963,2026-09-19T23:00Z,UConn Huskies,Southern Miss Golden Eagles,M. M. Roberts Stadium,Hattiesburg,MS,False,ESPN_PUBLIC,STATUS_SCHEDULED
ESPN-NCAA_Football-401862772-20260917T180156Z,2026-09-17T11:01:56.176663-07:00,NCAA_Football,NCAA_Football,401862772,2026-09-19T23:00Z,UT Martin Skyhawks,Memphis Tigers,Simmons Bank Liberty Stadium,Memphis,TN,False,ESPN_PUBLIC,STATUS_SCHEDULED
ESPN-NCAA_Football-401862773-20260917T180156Z,2026-09-17T11:01:56.176663-07:00,NCAA_Football,NCAA_Football,401862773,2026-09-19T23:00Z,Western Michigan Broncos,Rice Owls,Rice Stadium,Houston,TX,False,ESPN_PUBLIC,STATUS_SCHEDULED
ESPN-NCAA_Football-401862777-20260917T180156Z,2026-09-17T11:01:56.176663-07:00,NCAA_Football,NCAA_Football,401862777,2026-09-19T23:00Z,Delaware State Hornets,South Florida Bulls,Raymond James Stadium,Tampa,FL,False,ESPN_PUBLIC,STATUS_SCHEDULED
ESPN-NCAA_Football-401864443-20260917T180156Z,2026-09-17T11:01:56.176663-07:00,NCAA_Football,NCAA_Football,401864443,2026-09-19T23:00Z,Nevada Wolf Pack,Middle Tennessee Blue Raiders,"Johnny ""Red"" Floyd Stadium",Murfreesboro,TN,False,ESPN_PUBLIC,STATUS_SCHEDULED
ESPN-NCAA_Football-401866423-20260917T180156Z,2026-09-17T11:01:56.176663-07:00,NCAA_Football,NCAA_Football,401866423,2026-09-19T23:00Z,Ohio Bobcats,South Alabama Jaguars,Hancock Whitney Stadium,Mobile,AL,False,ESPN_PUBLIC,STATUS_SCHEDULED
ESPN-NCAA_Football-401869948-20260917T180156Z,2026-09-17T11:01:56.176663-07:00,NCAA_Football,NCAA_Football,401869948,2026-09-19T23:00Z,Georgia Southern Eagles,Jacksonville State Gamecocks,AmFirst Stadium,Jacksonville,AL,False,ESPN_PUBLIC,STATUS_SCHEDULED
ESPN-NCAA_Football-401870764-20260917T180156Z,2026-09-17T11:01:56.176663-07:00,NCAA_Football,NCAA_Football,401870764,2026-09-19T23:00Z,Nicholls Colonels,Sam Houston Bearkats,Elliott T. Bowers Stadium,Huntsville,TX,False,ESPN_PUBLIC,STATUS_SCHEDULED
ESPN-NCAA_Football-401858452-20260917T180156Z,2026-09-17T11:01:56.176663-07:00,NCAA_Football,NCAA_Football,401858452,2026-09-19T23:15Z,North Dakota Fighting Hawks,Nebraska Cornhuskers,"Memorial Stadium (Lincoln, NE)",Lincoln,NE,False,ESPN_PUBLIC,STATUS_SCHEDULED
ESPN-NCAA_Football-401858459-20260917T180156Z,2026-09-17T11:01:56.176663-07:00,NCAA_Football,NCAA_Football,401858459,2026-09-19T23:15Z,Eastern Washington Eagles,Washington Huskies,Husky Stadium,Seattle,WA,False,ESPN_PUBLIC,STATUS_SCHEDULED
ESPN-NCAA_Football-401858453-20260917T180156Z,2026-09-17T11:01:56.176663-07:00,NCAA_Football,NCAA_Football,401858453,2026-09-19T23:30Z,Michigan State Spartans,Notre Dame Fighting Irish,Notre Dame Stadium,Notre Dame,IN,False,ESPN_PUBLIC,STATUS_SCHEDULED
ESPN-NCAA_Football-401856688-20260917T180156Z,2026-09-17T11:01:56.176663-07:00,NCAA_Football,NCAA_Football,401856688,2026-09-19T23:30Z,LSU Tigers,Ole Miss Rebels,Vaught-Hemingway Stadium,Oxford,MS,False,ESPN_PUBLIC,STATUS_SCHEDULED
ESPN-NCAA_Football-401856795-20260917T180156Z,2026-09-17T11:01:56.176663-07:00,NCAA_Football,NCAA_Football,401856795,2026-09-19T23:30Z,BYU Cougars,Colorado State Rams,Canvas Stadium,Fort Collins,CO,False,ESPN_PUBLIC,STATUS_SCHEDULED
ESPN-NCAA_Football-401856690-20260917T180156Z,2026-09-17T11:01:56.176663-07:00,NCAA_Football,NCAA_Football,401856690,2026-09-19T23:30Z,New Mexico Lobos,Oklahoma Sooners,"Memorial Stadium (Norman, OK)",Norman,OK,False,ESPN_PUBLIC,STATUS_SCHEDULED
ESPN-NCAA_Football-401856802-20260917T180156Z,2026-09-17T11:01:56.176663-07:00,NCAA_Football,NCAA_Football,401856802,2026-09-19T23:30Z,West Virginia Mountaineers,Virginia Cavaliers,Bank of America Stadium,Charlotte,NC,False,ESPN_PUBLIC,STATUS_SCHEDULED
ESPN-NCAA_Football-401856796-20260917T180156Z,2026-09-17T11:01:56.176663-07:00,NCAA_Football,NCAA_Football,401856796,2026-09-19T23:30Z,Colorado Buffaloes,Northwestern Wildcats,Northwestern Medicine Field at Martin Stadium,Evanston,IL,False,ESPN_PUBLIC,STATUS_SCHEDULED
ESPN-NCAA_Football-401858232-20260917T180156Z,2026-09-17T11:01:56.176663-07:00,NCAA_Football,NCAA_Football,401858232,2026-09-19T23:30Z,Virginia Tech Hokies,Maryland Terrapins,SECU Stadium,College Park,MD,False,ESPN_PUBLIC,STATUS_SCHEDULED
ESPN-NCAA_Football-401856692-20260917T180156Z,2026-09-17T11:01:56.176663-07:00,NCAA_Football,NCAA_Football,401856692,2026-09-19T23:45Z,Kennesaw State Owls,Tennessee Volunteers,Neyland Stadium,Knoxville,TN,False,ESPN_PUBLIC,STATUS_SCHEDULED
ESPN-NCAA_Football-401856693-20260917T180156Z,2026-09-17T11:01:56.176663-07:00,NCAA_Football,NCAA_Football,401856693,2026-09-20T00:00Z,UTSA Roadrunners,Texas Longhorns,DKR-Texas Memorial Stadium,Austin,TX,False,ESPN_PUBLIC,STATUS_SCHEDULED
ESPN-NCAA_Football-401856799-20260917T180156Z,2026-09-17T11:01:56.176663-07:00,NCAA_Football,NCAA_Football,401856799,2026-09-20T00:00Z,Arkansas State Red Wolves,TCU Horned Frogs,Amon G. Carter Stadium,Fort Worth,TX,False,ESPN_PUBLIC,STATUS_SCHEDULED
ESPN-NCAA_Football-401862775-20260917T180156Z,2026-09-17T11:01:56.176663-07:00,NCAA_Football,NCAA_Football,401862775,2026-09-20T00:00Z,East Texas A&M Lions,Tulsa Golden Hurricane,H. A. Chapman Stadium,Tulsa,OK,False,ESPN_PUBLIC,STATUS_SCHEDULED
ESPN-NCAA_Football-401862776-20260917T180156Z,2026-09-17T11:01:56.176663-07:00,NCAA_Football,NCAA_Football,401862776,2026-09-20T00:00Z,UAB Blazers,Louisiana Ragin' Cajuns,Our Lady of Lourdes Stadium,Lafayette,LA,False,ESPN_PUBLIC,STATUS_SCHEDULED
ESPN-NCAA_Football-401860885-20260917T180156Z,2026-09-17T11:01:56.176663-07:00,NCAA_Football,NCAA_Football,401860885,2026-09-20T02:00Z,South Dakota Coyotes,Boise State Broncos,Albertsons Stadium,Boise,ID,False,ESPN_PUBLIC,STATUS_SCHEDULED
ESPN-NCAA_Football-401860887-20260917T180156Z,2026-09-17T11:01:56.176663-07:00,NCAA_Football,NCAA_Football,401860887,2026-09-20T02:00Z,James Madison Dukes,San Diego State Aztecs,Snapdragon Stadium,San Diego,CA,False,ESPN_PUBLIC,STATUS_SCHEDULED
ESPN-NCAA_Football-401856793-20260917T180156Z,2026-09-17T11:01:56.176663-07:00,NCAA_Football,NCAA_Football,401856793,2026-09-20T02:30Z,Northern Illinois Huskies,Arizona Wildcats,Casino Del Sol Stadium,Tucson,AZ,False,ESPN_PUBLIC,STATUS_SCHEDULED
ESPN-NCAA_Football-401864507-20260917T180156Z,2026-09-17T11:01:56.176663-07:00,NCAA_Football,NCAA_Football,401864507,2026-09-20T02:30Z,North Dakota State Bison,Sacramento State Hornets,Hornet Stadium,Sacramento,CA,False,ESPN_PUBLIC,STATUS_SCHEDULED
ESPN-NCAA_Football-401858458-20260917T180156Z,2026-09-17T11:01:56.176663-07:00,NCAA_Football,NCAA_Football,401858458,2026-09-20T03:00Z,Purdue Boilermakers,UCLA Bruins,Rose Bowl,Pasadena,CA,False,ESPN_PUBLIC,STATUS_SCHEDULED
ESPN-NCAA_Football-401860886-20260917T180156Z,2026-09-17T11:01:56.176663-07:00,NCAA_Football,NCAA_Football,401860886,2026-09-20T03:00Z,Montana Grizzlies,Oregon State Beavers,Reser Stadium,Corvallis,OR,False,ESPN_PUBLIC,STATUS_SCHEDULED
ESPN-NCAA_Football-401860888-20260917T180156Z,2026-09-17T11:01:56.176663-07:00,NCAA_Football,NCAA_Football,401860888,2026-09-20T03:00Z,Fresno State Bulldogs,San José State Spartans,CEFCU Stadium,San Jose,CA,False,ESPN_PUBLIC,STATUS_SCHEDULED
ESPN-MLB-401816984-20260917T180156Z,2026-09-17T11:01:56.176663-07:00,MLB,MLB,401816984,2026-09-18T22:40Z,Chicago Cubs,Cincinnati Reds,Great American Ball Park,Cincinnati,Ohio,False,ESPN_PUBLIC,STATUS_SCHEDULED
ESPN-MLB-401816985-20260917T180156Z,2026-09-17T11:01:56.176663-07:00,MLB,MLB,401816985,2026-09-18T22:40Z,Kansas City Royals,Pittsburgh Pirates,PNC Park,Pittsburgh,Pennsylvania,False,ESPN_PUBLIC,STATUS_SCHEDULED
ESPN-MLB-401816986-20260917T180156Z,2026-09-17T11:01:56.176663-07:00,MLB,MLB,401816986,2026-09-18T23:05Z,Milwaukee Brewers,Baltimore Orioles,Oriole Park at Camden Yards,Baltimore,Maryland,False,ESPN_PUBLIC,STATUS_SCHEDULED
ESPN-MLB-401816982-20260917T180156Z,2026-09-17T11:01:56.176663-07:00,MLB,MLB,401816982,2026-09-18T23:10Z,Athletics,Cleveland Guardians,Progressive Field,Cleveland,Ohio,False,ESPN_PUBLIC,STATUS_SCHEDULED
ESPN-MLB-401816983-20260917T180156Z,2026-09-17T11:01:56.176663-07:00,MLB,MLB,401816983,2026-09-18T23:10Z,Boston Red Sox,Tampa Bay Rays,Tropicana Field,St. Petersburg,Florida,True,ESPN_PUBLIC,STATUS_SCHEDULED
ESPN-MLB-401816987-20260917T180156Z,2026-09-17T11:01:56.176663-07:00,MLB,MLB,401816987,2026-09-18T23:10Z,Philadelphia Phillies,New York Mets,Citi Field,Queens,New York,False,ESPN_PUBLIC,STATUS_SCHEDULED
ESPN-MLB-401816989-20260917T180156Z,2026-09-17T11:01:56.176663-07:00,MLB,MLB,401816989,2026-09-18T23:40Z,Detroit Tigers,Chicago White Sox,Rate Field,Chicago,Illinois,False,ESPN_PUBLIC,STATUS_SCHEDULED
ESPN-MLB-401816990-20260917T180156Z,2026-09-17T11:01:56.176663-07:00,MLB,MLB,401816990,2026-09-19T00:05Z,Toronto Blue Jays,Texas Rangers,Globe Life Field,Arlington,Texas,True,ESPN_PUBLIC,STATUS_SCHEDULED
ESPN-MLB-401816988-20260917T180156Z,2026-09-17T11:01:56.176663-07:00,MLB,MLB,401816988,2026-09-19T00:10Z,Atlanta Braves,Houston Astros,Daikin Park,Houston,Texas,True,ESPN_PUBLIC,STATUS_SCHEDULED
ESPN-MLB-401816992-20260917T180156Z,2026-09-17T11:01:56.176663-07:00,MLB,MLB,401816992,2026-09-19T00:10Z,Seattle Mariners,Colorado Rockies,Coors Field,Denver,Colorado,False,ESPN_PUBLIC,STATUS_SCHEDULED
ESPN-MLB-401816991-20260917T180156Z,2026-09-17T11:01:56.176663-07:00,MLB,MLB,401816991,2026-09-19T00:15Z,Washington Nationals,St. Louis Cardinals,Busch Stadium,St. Louis,Missouri,False,ESPN_PUBLIC,STATUS_SCHEDULED
ESPN-MLB-401816994-20260917T180156Z,2026-09-17T11:01:56.176663-07:00,MLB,MLB,401816994,2026-09-19T01:38Z,Minnesota Twins,Los Angeles Angels,Angel Stadium,Anaheim,California,False,ESPN_PUBLIC,STATUS_SCHEDULED
ESPN-MLB-401816993-20260917T180156Z,2026-09-17T11:01:56.176663-07:00,MLB,MLB,401816993,2026-09-19T01:40Z,Miami Marlins,San Diego Padres,Petco Park,San Diego,California,False,ESPN_PUBLIC,STATUS_SCHEDULED
ESPN-MLB-401816995-20260917T180156Z,2026-09-17T11:01:56.176663-07:00,MLB,MLB,401816995,2026-09-19T01:40Z,New York Yankees,Arizona Diamondbacks,Chase Field,Phoenix,Arizona,True,ESPN_PUBLIC,STATUS_SCHEDULED
ESPN-MLB-401816996-20260917T180156Z,2026-09-17T11:01:56.176663-07:00,MLB,MLB,401816996,2026-09-19T02:10Z,San Francisco Giants,Los Angeles Dodgers,Dodger Stadium,Los Angeles,California,False,ESPN_PUBLIC,STATUS_SCHEDULED
ESPN-MLB-401817063-20260917T180156Z,2026-09-17T11:01:56.176663-07:00,MLB,MLB,401817063,2026-09-24T16:35Z,St. Louis Cardinals,Pittsburgh Pirates,PNC Park,Pittsburgh,Pennsylvania,False,ESPN_PUBLIC,STATUS_SCHEDULED
ESPN-MLB-401817065-20260917T180156Z,2026-09-17T11:01:56.176663-07:00,MLB,MLB,401817065,2026-09-24T18:10Z,Chicago White Sox,Kansas City Royals,Kauffman Stadium,Kansas City,Missouri,False,ESPN_PUBLIC,STATUS_SCHEDULED
ESPN-MLB-401817066-20260917T180156Z,2026-09-17T11:01:56.176663-07:00,MLB,MLB,401817066,2026-09-24T18:20Z,Miami Marlins,Chicago Cubs,Wrigley Field,Chicago,Illinois,False,ESPN_PUBLIC,STATUS_SCHEDULED
ESPN-MLB-401817067-20260917T180156Z,2026-09-17T11:01:56.176663-07:00,MLB,MLB,401817067,2026-09-24T18:35Z,New York Mets,Texas Rangers,Globe Life Field,Arlington,Texas,True,ESPN_PUBLIC,STATUS_SCHEDULED
ESPN-MLB-401817068-20260917T180156Z,2026-09-17T11:01:56.176663-07:00,MLB,MLB,401817068,2026-09-24T19:10Z,Arizona Diamondbacks,Colorado Rockies,Coors Field,Denver,Colorado,False,ESPN_PUBLIC,STATUS_SCHEDULED
ESPN-MLB-401817062-20260917T180156Z,2026-09-17T11:01:56.176663-07:00,MLB,MLB,401817062,2026-09-24T22:05Z,Milwaukee Brewers,Philadelphia Phillies,Citizens Bank Park,Philadelphia,Pennsylvania,False,ESPN_PUBLIC,STATUS_SCHEDULED
ESPN-MLB-401817061-20260917T180156Z,2026-09-17T11:01:56.176663-07:00,MLB,MLB,401817061,2026-09-24T22:45Z,Cleveland Guardians,Boston Red Sox,Fenway Park,Boston,Massachusetts,False,ESPN_PUBLIC,STATUS_SCHEDULED
ESPN-MLB-401817064-20260917T180156Z,2026-09-17T11:01:56.176663-07:00,MLB,MLB,401817064,2026-09-24T23:05Z,Tampa Bay Rays,New York Yankees,Yankee Stadium,Bronx,New York,False,ESPN_PUBLIC,STATUS_SCHEDULED
ESPN-MLB-401817060-20260917T180156Z,2026-09-17T11:01:56.176663-07:00,MLB,MLB,401817060,2026-09-24T23:15Z,Cincinnati Reds,Atlanta Braves,Truist Park,Atlanta,Georgia,False,ESPN_PUBLIC,STATUS_SCHEDULED
ESPN-MLB-401817069-20260917T180156Z,2026-09-17T11:01:56.176663-07:00,MLB,MLB,401817069,2026-09-25T01:40Z,Los Angeles Angels,Seattle Mariners,T-Mobile Park,Seattle,Washington,True,ESPN_PUBLIC,STATUS_SCHEDULED
ESPN-MLB-401817070-20260917T180156Z,2026-09-17T11:01:56.176663-07:00,MLB,MLB,401817070,2026-09-25T01:40Z,Houston Astros,Athletics,Sutter Health Park,Sacramento,California,False,ESPN_PUBLIC,STATUS_SCHEDULED
ESPN-MLB-401817071-20260917T180156Z,2026-09-17T11:01:56.176663-07:00,MLB,MLB,401817071,2026-09-25T02:10Z,San Diego Padres,Los Angeles Dodgers,Dodger Stadium,Los Angeles,California,False,ESPN_PUBLIC,STATUS_SCHEDULED
ESPN-MLB-401817017-20260917T180156Z,2026-09-17T11:01:56.176663-07:00,MLB,MLB,401817017,2026-09-20T17:10Z,Philadelphia Phillies,New York Mets,Citi Field,Queens,New York,False,ESPN_PUBLIC,STATUS_SCHEDULED
ESPN-MLB-401817015-20260917T180156Z,2026-09-17T11:01:56.176663-07:00,MLB,MLB,401817015,2026-09-20T17:35Z,Kansas City Royals,Pittsburgh Pirates,PNC Park,Pittsburgh,Pennsylvania,False,ESPN_PUBLIC,STATUS_SCHEDULED
ESPN-MLB-401817012-20260917T180156Z,2026-09-17T11:01:56.176663-07:00,MLB,MLB,401817012,2026-09-20T17:40Z,Athletics,Cleveland Guardians,Progressive Field,Cleveland,Ohio,False,ESPN_PUBLIC,STATUS_SCHEDULED
ESPN-MLB-401817013-20260917T180156Z,2026-09-17T11:01:56.176663-07:00,MLB,MLB,401817013,2026-09-20T17:40Z,Boston Red Sox,Tampa Bay Rays,Tropicana Field,St. Petersburg,Florida,True,ESPN_PUBLIC,STATUS_SCHEDULED
ESPN-MLB-401817014-20260917T180156Z,2026-09-17T11:01:56.176663-07:00,MLB,MLB,401817014,2026-09-20T17:40Z,Chicago Cubs,Cincinnati Reds,Great American Ball Park,Cincinnati,Ohio,False,ESPN_PUBLIC,STATUS_SCHEDULED
ESPN-MLB-401817018-20260917T180156Z,2026-09-17T11:01:56.176663-07:00,MLB,MLB,401817018,2026-09-20T18:10Z,Atlanta Braves,Houston Astros,Daikin Park,Houston,Texas,True,ESPN_PUBLIC,STATUS_SCHEDULED
ESPN-MLB-401817019-20260917T180156Z,2026-09-17T11:01:56.176663-07:00,MLB,MLB,401817019,2026-09-20T18:10Z,Detroit Tigers,Chicago White Sox,Rate Field,Chicago,Illinois,False,ESPN_PUBLIC,STATUS_SCHEDULED
ESPN-MLB-401817021-20260917T180156Z,2026-09-17T11:01:56.176663-07:00,MLB,MLB,401817021,2026-09-20T18:15Z,Washington Nationals,St. Louis Cardinals,Busch Stadium,St. Louis,Missouri,False,ESPN_PUBLIC,STATUS_SCHEDULED
ESPN-MLB-401817020-20260917T180156Z,2026-09-17T11:01:56.176663-07:00,MLB,MLB,401817020,2026-09-20T18:35Z,Toronto Blue Jays,Texas Rangers,Globe Life Field,Arlington,Texas,True,ESPN_PUBLIC,STATUS_SCHEDULED
ESPN-MLB-401817022-20260917T180156Z,2026-09-17T11:01:56.176663-07:00,MLB,MLB,401817022,2026-09-20T19:10Z,Seattle Mariners,Colorado Rockies,Coors Field,Denver,Colorado,False,ESPN_PUBLIC,STATUS_SCHEDULED
ESPN-MLB-401817024-20260917T180156Z,2026-09-17T11:01:56.176663-07:00,MLB,MLB,401817024,2026-09-20T20:07Z,Minnesota Twins,Los Angeles Angels,Angel Stadium,Anaheim,California,False,ESPN_PUBLIC,STATUS_SCHEDULED
ESPN-MLB-401817023-20260917T180156Z,2026-09-17T11:01:56.176663-07:00,MLB,MLB,401817023,2026-09-20T20:10Z,Miami Marlins,San Diego Padres,Petco Park,San Diego,California,False,ESPN_PUBLIC,STATUS_SCHEDULED
ESPN-MLB-401817025-20260917T180156Z,2026-09-17T11:01:56.176663-07:00,MLB,MLB,401817025,2026-09-20T20:10Z,New York Yankees,Arizona Diamondbacks,Chase Field,Phoenix,Arizona,True,ESPN_PUBLIC,STATUS_SCHEDULED
ESPN-MLB-401817026-20260917T180156Z,2026-09-17T11:01:56.176663-07:00,MLB,MLB,401817026,2026-09-20T20:10Z,San Francisco Giants,Los Angeles Dodgers,Dodger Stadium,Los Angeles,California,False,ESPN_PUBLIC,STATUS_SCHEDULED
ESPN-MLB-401817016-20260917T180156Z,2026-09-17T11:01:56.176663-07:00,MLB,MLB,401817016,2026-09-20T23:20Z,Milwaukee Brewers,Baltimore Orioles,Oriole Park at Camden Yards,Baltimore,Maryland,False,ESPN_PUBLIC,STATUS_SCHEDULED
ESPN-MLB-401873648-20260917T180156Z,2026-09-17T11:01:56.176663-07:00,MLB,MLB,401873648,2026-09-22T17:05Z,Tampa Bay Rays,New York Yankees,Yankee Stadium,Bronx,New York,False,ESPN_PUBLIC,STATUS_SCHEDULED
ESPN-MLB-401817035-20260917T180156Z,2026-09-17T11:01:56.176663-07:00,MLB,MLB,401817035,2026-09-22T22:35Z,Toronto Blue Jays,Baltimore Orioles,Oriole Park at Camden Yards,Baltimore,Maryland,False,ESPN_PUBLIC,STATUS_SCHEDULED
ESPN-MLB-401817032-20260917T180156Z,2026-09-17T11:01:56.176663-07:00,MLB,MLB,401817032,2026-09-22T22:40Z,Milwaukee Brewers,Philadelphia Phillies,Citizens Bank Park,Philadelphia,Pennsylvania,False,ESPN_PUBLIC,STATUS_SCHEDULED
ESPN-MLB-401817033-20260917T180156Z,2026-09-17T11:01:56.176663-07:00,MLB,MLB,401817033,2026-09-22T22:40Z,St. Louis Cardinals,Pittsburgh Pirates,PNC Park,Pittsburgh,Pennsylvania,False,ESPN_PUBLIC,STATUS_SCHEDULED
ESPN-MLB-401817036-20260917T180156Z,2026-09-17T11:01:56.176663-07:00,MLB,MLB,401817036,2026-09-22T22:40Z,Washington Nationals,Detroit Tigers,Comerica Park,Detroit,Michigan,False,ESPN_PUBLIC,STATUS_SCHEDULED
ESPN-MLB-401817031-20260917T180156Z,2026-09-17T11:01:56.176663-07:00,MLB,MLB,401817031,2026-09-22T22:45Z,Cleveland Guardians,Boston Red Sox,Fenway Park,Boston,Massachusetts,False,ESPN_PUBLIC,STATUS_SCHEDULED
ESPN-MLB-401817034-20260917T180156Z,2026-09-17T11:01:56.176663-07:00,MLB,MLB,401817034,2026-09-22T23:05Z,Tampa Bay Rays,New York Yankees,Yankee Stadium,Bronx,New York,False,ESPN_PUBLIC,STATUS_SCHEDULED
ESPN-MLB-401817030-20260917T180156Z,2026-09-17T11:01:56.176663-07:00,MLB,MLB,401817030,2026-09-22T23:15Z,Cincinnati Reds,Atlanta Braves,Truist Park,Atlanta,Georgia,False,ESPN_PUBLIC,STATUS_SCHEDULED
ESPN-MLB-401817037-20260917T180156Z,2026-09-17T11:01:56.176663-07:00,MLB,MLB,401817037,2026-09-22T23:40Z,Chicago White Sox,Kansas City Royals,Kauffman Stadium,Kansas City,Missouri,False,ESPN_PUBLIC,STATUS_SCHEDULED
ESPN-MLB-401817038-20260917T180156Z,2026-09-17T11:01:56.176663-07:00,MLB,MLB,401817038,2026-09-22T23:40Z,Miami Marlins,Chicago Cubs,Wrigley Field,Chicago,Illinois,False,ESPN_PUBLIC,STATUS_SCHEDULED
ESPN-MLB-401817039-20260917T180156Z,2026-09-17T11:01:56.176663-07:00,MLB,MLB,401817039,2026-09-23T00:05Z,New York Mets,Texas Rangers,Globe Life Field,Arlington,Texas,True,ESPN_PUBLIC,STATUS_SCHEDULED
ESPN-MLB-401817040-20260917T180156Z,2026-09-17T11:01:56.176663-07:00,MLB,MLB,401817040,2026-09-23T00:40Z,Arizona Diamondbacks,Colorado Rockies,Coors Field,Denver,Colorado,False,ESPN_PUBLIC,STATUS_SCHEDULED
ESPN-MLB-401817041-20260917T180156Z,2026-09-17T11:01:56.176663-07:00,MLB,MLB,401817041,2026-09-23T01:40Z,Los Angeles Angels,Athletics,Sutter Health Park,Sacramento,California,False,ESPN_PUBLIC,STATUS_SCHEDULED
ESPN-MLB-401817042-20260917T180156Z,2026-09-17T11:01:56.176663-07:00,MLB,MLB,401817042,2026-09-23T01:40Z,Houston Astros,Seattle Mariners,T-Mobile Park,Seattle,Washington,True,ESPN_PUBLIC,STATUS_SCHEDULED
ESPN-MLB-401817043-20260917T180156Z,2026-09-17T11:01:56.176663-07:00,MLB,MLB,401817043,2026-09-23T01:45Z,Minnesota Twins,San Francisco Giants,Oracle Park,San Francisco,California,False,ESPN_PUBLIC,STATUS_SCHEDULED
ESPN-MLB-401817044-20260917T180156Z,2026-09-17T11:01:56.176663-07:00,MLB,MLB,401817044,2026-09-23T02:10Z,San Diego Padres,Los Angeles Dodgers,Dodger Stadium,Los Angeles,California,False,ESPN_PUBLIC,STATUS_SCHEDULED
ESPN-MLB-401817051-20260917T180156Z,2026-09-17T11:01:56.176663-07:00,MLB,MLB,401817051,2026-09-23T17:10Z,Washington Nationals,Detroit Tigers,Comerica Park,Detroit,Michigan,False,ESPN_PUBLIC,STATUS_SCHEDULED
ESPN-MLB-401817058-20260917T180156Z,2026-09-17T11:01:56.176663-07:00,MLB,MLB,401817058,2026-09-23T19:45Z,Minnesota Twins,San Francisco Giants,Oracle Park,San Francisco,California,False,ESPN_PUBLIC,STATUS_SCHEDULED
ESPN-MLB-401817050-20260917T180156Z,2026-09-17T11:01:56.176663-07:00,MLB,MLB,401817050,2026-09-23T22:35Z,Toronto Blue Jays,Baltimore Orioles,Oriole Park at Camden Yards,Baltimore,Maryland,False,ESPN_PUBLIC,STATUS_SCHEDULED
ESPN-MLB-401817047-20260917T180156Z,2026-09-17T11:01:56.176663-07:00,MLB,MLB,401817047,2026-09-23T22:40Z,Milwaukee Brewers,Philadelphia Phillies,Citizens Bank Park,Philadelphia,Pennsylvania,False,ESPN_PUBLIC,STATUS_SCHEDULED
ESPN-MLB-401817048-20260917T180156Z,2026-09-17T11:01:56.176663-07:00,MLB,MLB,401817048,2026-09-23T22:40Z,St. Louis Cardinals,Pittsburgh Pirates,PNC Park,Pittsburgh,Pennsylvania,False,ESPN_PUBLIC,STATUS_SCHEDULED
ESPN-MLB-401817046-20260917T180156Z,2026-09-17T11:01:56.176663-07:00,MLB,MLB,401817046,2026-09-23T23:00Z,Cleveland Guardians,Boston Red Sox,Fenway Park,Boston,Massachusetts,False,ESPN_PUBLIC,STATUS_SCHEDULED
ESPN-MLB-401817049-20260917T180156Z,2026-09-17T11:01:56.176663-07:00,MLB,MLB,401817049,2026-09-23T23:05Z,Tampa Bay Rays,New York Yankees,Yankee Stadium,Bronx,New York,False,ESPN_PUBLIC,STATUS_SCHEDULED
ESPN-MLB-401817045-20260917T180156Z,2026-09-17T11:01:56.176663-07:00,MLB,MLB,401817045,2026-09-23T23:15Z,Cincinnati Reds,Atlanta Braves,Truist Park,Atlanta,Georgia,False,ESPN_PUBLIC,STATUS_SCHEDULED
ESPN-MLB-401817052-20260917T180156Z,2026-09-17T11:01:56.176663-07:00,MLB,MLB,401817052,2026-09-23T23:40Z,Chicago White Sox,Kansas City Royals,Kauffman Stadium,Kansas City,Missouri,False,ESPN_PUBLIC,STATUS_SCHEDULED
ESPN-MLB-401817053-20260917T180156Z,2026-09-17T11:01:56.176663-07:00,MLB,MLB,401817053,2026-09-23T23:40Z,Miami Marlins,Chicago Cubs,Wrigley Field,Chicago,Illinois,False,ESPN_PUBLIC,STATUS_SCHEDULED
ESPN-MLB-401817054-20260917T180156Z,2026-09-17T11:01:56.176663-07:00,MLB,MLB,401817054,2026-09-24T00:05Z,New York Mets,Texas Rangers,Globe Life Field,Arlington,Texas,True,ESPN_PUBLIC,STATUS_SCHEDULED
ESPN-MLB-401817055-20260917T180156Z,2026-09-17T11:01:56.176663-07:00,MLB,MLB,401817055,2026-09-24T00:40Z,Arizona Diamondbacks,Colorado Rockies,Coors Field,Denver,Colorado,False,ESPN_PUBLIC,STATUS_SCHEDULED
ESPN-MLB-401817056-20260917T180156Z,2026-09-17T11:01:56.176663-07:00,MLB,MLB,401817056,2026-09-24T01:40Z,Los Angeles Angels,Athletics,Sutter Health Park,Sacramento,California,False,ESPN_PUBLIC,STATUS_SCHEDULED
ESPN-MLB-401817057-20260917T180156Z,2026-09-17T11:01:56.176663-07:00,MLB,MLB,401817057,2026-09-24T02:00Z,Houston Astros,Seattle Mariners,T-Mobile Park,Seattle,Washington,True,ESPN_PUBLIC,STATUS_SCHEDULED
ESPN-MLB-401817059-20260917T180156Z,2026-09-17T11:01:56.176663-07:00,MLB,MLB,401817059,2026-09-24T02:10Z,San Diego Padres,Los Angeles Dodgers,Dodger Stadium,Los Angeles,California,False,ESPN_PUBLIC,STATUS_SCHEDULED
ESPN-MLB-401816975-20260917T180156Z,2026-09-17T11:01:56.176663-07:00,MLB,MLB,401816975,2026-09-17T16:35Z,Milwaukee Brewers,Pittsburgh Pirates,PNC Park,Pittsburgh,Pennsylvania,False,ESPN_PUBLIC,STATUS_IN_PROGRESS
ESPN-MLB-401816974-20260917T180156Z,2026-09-17T11:01:56.176663-07:00,MLB,MLB,401816974,2026-09-17T16:40Z,Los Angeles Dodgers,Cincinnati Reds,Great American Ball Park,Cincinnati,Ohio,False,ESPN_PUBLIC,STATUS_IN_PROGRESS
ESPN-MLB-401816973-20260917T180156Z,2026-09-17T11:01:56.176663-07:00,MLB,MLB,401816973,2026-09-17T17:10Z,Athletics,Tampa Bay Rays,Tropicana Field,St. Petersburg,Florida,True,ESPN_PUBLIC,STATUS_IN_PROGRESS
ESPN-MLB-401816980-20260917T180156Z,2026-09-17T11:01:56.176663-07:00,MLB,MLB,401816980,2026-09-17T19:10Z,San Diego Padres,Colorado Rockies,Coors Field,Denver,Colorado,False,ESPN_PUBLIC,STATUS_SCHEDULED
ESPN-MLB-401816976-20260917T180156Z,2026-09-17T11:01:56.176663-07:00,MLB,MLB,401816976,2026-09-17T23:15Z,Philadelphia Phillies,New York Mets,Citi Field,Queens,New York,False,ESPN_PUBLIC,STATUS_SCHEDULED
ESPN-MLB-401816979-20260917T180156Z,2026-09-17T11:01:56.176663-07:00,MLB,MLB,401816979,2026-09-17T23:15Z,Kansas City Royals,Houston Astros,Daikin Park,Houston,Texas,True,ESPN_PUBLIC,STATUS_SCHEDULED
ESPN-MLB-401816978-20260917T180156Z,2026-09-17T11:01:56.176663-07:00,MLB,MLB,401816978,2026-09-17T23:40Z,Detroit Tigers,Chicago White Sox,Rate Field,Chicago,Illinois,False,ESPN_PUBLIC,STATUS_SCHEDULED
ESPN-MLB-401816977-20260917T180156Z,2026-09-17T11:01:56.176663-07:00,MLB,MLB,401816977,2026-09-18T00:05Z,Boston Red Sox,Texas Rangers,Globe Life Field,Arlington,Texas,True,ESPN_PUBLIC,STATUS_SCHEDULED
ESPN-MLB-401816981-20260917T180156Z,2026-09-17T11:01:56.176663-07:00,MLB,MLB,401816981,2026-09-18T01:38Z,Minnesota Twins,Los Angeles Angels,Angel Stadium,Anaheim,California,False,ESPN_PUBLIC,STATUS_SCHEDULED
ESPN-MLB-401817001-20260917T180156Z,2026-09-17T11:01:56.176663-07:00,MLB,MLB,401817001,2026-09-19T20:05Z,Milwaukee Brewers,Baltimore Orioles,Oriole Park at Camden Yards,Baltimore,Maryland,False,ESPN_PUBLIC,STATUS_SCHEDULED
ESPN-MLB-401816998-20260917T180156Z,2026-09-17T11:01:56.176663-07:00,MLB,MLB,401816998,2026-09-19T20:10Z,Boston Red Sox,Tampa Bay Rays,Tropicana Field,St. Petersburg,Florida,True,ESPN_PUBLIC,STATUS_SCHEDULED
ESPN-MLB-401817002-20260917T180156Z,2026-09-17T11:01:56.176663-07:00,MLB,MLB,401817002,2026-09-19T20:10Z,Philadelphia Phillies,New York Mets,Citi Field,Queens,New York,False,ESPN_PUBLIC,STATUS_SCHEDULED
ESPN-MLB-401816997-20260917T180156Z,2026-09-17T11:01:56.176663-07:00,MLB,MLB,401816997,2026-09-19T22:10Z,Athletics,Cleveland Guardians,Progressive Field,Cleveland,Ohio,False,ESPN_PUBLIC,STATUS_SCHEDULED
ESPN-MLB-401816999-20260917T180156Z,2026-09-17T11:01:56.176663-07:00,MLB,MLB,401816999,2026-09-19T22:40Z,Chicago Cubs,Cincinnati Reds,Great American Ball Park,Cincinnati,Ohio,False,ESPN_PUBLIC,STATUS_SCHEDULED
ESPN-MLB-401817000-20260917T180156Z,2026-09-17T11:01:56.176663-07:00,MLB,MLB,401817000,2026-09-19T22:40Z,Kansas City Royals,Pittsburgh Pirates,PNC Park,Pittsburgh,Pennsylvania,False,ESPN_PUBLIC,STATUS_SCHEDULED
ESPN-MLB-401817005-20260917T180156Z,2026-09-17T11:01:56.176663-07:00,MLB,MLB,401817005,2026-09-19T23:05Z,Toronto Blue Jays,Texas Rangers,Globe Life Field,Arlington,Texas,True,ESPN_PUBLIC,STATUS_SCHEDULED
ESPN-MLB-401817003-20260917T180156Z,2026-09-17T11:01:56.176663-07:00,MLB,MLB,401817003,2026-09-19T23:10Z,Atlanta Braves,Houston Astros,Daikin Park,Houston,Texas,True,ESPN_PUBLIC,STATUS_SCHEDULED
ESPN-MLB-401817004-20260917T180156Z,2026-09-17T11:01:56.176663-07:00,MLB,MLB,401817004,2026-09-19T23:10Z,Detroit Tigers,Chicago White Sox,Rate Field,Chicago,Illinois,False,ESPN_PUBLIC,STATUS_SCHEDULED
ESPN-MLB-401817006-20260917T180156Z,2026-09-17T11:01:56.176663-07:00,MLB,MLB,401817006,2026-09-19T23:15Z,Washington Nationals,St. Louis Cardinals,Busch Stadium,St. Louis,Missouri,False,ESPN_PUBLIC,STATUS_SCHEDULED
ESPN-MLB-401817007-20260917T180156Z,2026-09-17T11:01:56.176663-07:00,MLB,MLB,401817007,2026-09-20T00:10Z,Seattle Mariners,Colorado Rockies,Coors Field,Denver,Colorado,False,ESPN_PUBLIC,STATUS_SCHEDULED
ESPN-MLB-401817010-20260917T180156Z,2026-09-17T11:01:56.176663-07:00,MLB,MLB,401817010,2026-09-20T00:10Z,New York Yankees,Arizona Diamondbacks,Chase Field,Phoenix,Arizona,True,ESPN_PUBLIC,STATUS_SCHEDULED
ESPN-MLB-401817008-20260917T180156Z,2026-09-17T11:01:56.176663-07:00,MLB,MLB,401817008,2026-09-20T00:40Z,Miami Marlins,San Diego Padres,Petco Park,San Diego,California,False,ESPN_PUBLIC,STATUS_SCHEDULED
ESPN-MLB-401817011-20260917T180156Z,2026-09-17T11:01:56.176663-07:00,MLB,MLB,401817011,2026-09-20T01:10Z,San Francisco Giants,Los Angeles Dodgers,Dodger Stadium,Los Angeles,California,False,ESPN_PUBLIC,STATUS_SCHEDULED
ESPN-MLB-401817009-20260917T180156Z,2026-09-17T11:01:56.176663-07:00,MLB,MLB,401817009,2026-09-20T01:38Z,Minnesota Twins,Los Angeles Angels,Angel Stadium,Anaheim,California,False,ESPN_PUBLIC,STATUS_SCHEDULED
ESPN-MLB-401817027-20260917T180156Z,2026-09-17T11:01:56.176663-07:00,MLB,MLB,401817027,2026-09-21T22:35Z,Toronto Blue Jays,Baltimore Orioles,Oriole Park at Camden Yards,Baltimore,Maryland,False,ESPN_PUBLIC,STATUS_SCHEDULED
ESPN-MLB-401817028-20260917T180156Z,2026-09-17T11:01:56.176663-07:00,MLB,MLB,401817028,2026-09-21T22:40Z,Washington Nationals,Detroit Tigers,Comerica Park,Detroit,Michigan,False,ESPN_PUBLIC,STATUS_SCHEDULED
ESPN-MLB-401817029-20260917T180156Z,2026-09-17T11:01:56.176663-07:00,MLB,MLB,401817029,2026-09-22T01:45Z,Minnesota Twins,San Francisco Giants,Oracle Park,San Francisco,California,False,ESPN_PUBLIC,STATUS_SCHEDULED
ESPN-WNBA-401857208-20260917T180156Z,2026-09-17T11:01:56.176663-07:00,WNBA,WNBA,401857208,2026-09-22T23:30Z,Connecticut Sun,Washington Mystics,CareFirst Arena,Washington,DC,True,ESPN_PUBLIC,STATUS_SCHEDULED
ESPN-WNBA-401857209-20260917T180156Z,2026-09-17T11:01:56.176663-07:00,WNBA,WNBA,401857209,2026-09-23T00:00Z,Minnesota Lynx,Indiana Fever,Gainbridge Fieldhouse,Indianapolis,IN,True,ESPN_PUBLIC,STATUS_SCHEDULED
ESPN-WNBA-401857210-20260917T180156Z,2026-09-17T11:01:56.176663-07:00,WNBA,WNBA,401857210,2026-09-23T00:00Z,Toronto Tempo,Chicago Sky,Wintrust Arena,Chicago,IL,True,ESPN_PUBLIC,STATUS_SCHEDULED
ESPN-WNBA-401857211-20260917T180156Z,2026-09-17T11:01:56.176663-07:00,WNBA,WNBA,401857211,2026-09-23T02:00Z,Los Angeles Sparks,Las Vegas Aces,Michelob ULTRA Arena,Las Vegas,NV,True,ESPN_PUBLIC,STATUS_SCHEDULED
ESPN-WNBA-401857212-20260917T180156Z,2026-09-17T11:01:56.176663-07:00,WNBA,WNBA,401857212,2026-09-23T02:00Z,Golden State Valkyries,Portland Fire,Moda Center,Portland,OR,True,ESPN_PUBLIC,STATUS_SCHEDULED
ESPN-WNBA-401857195-20260917T180156Z,2026-09-17T11:01:56.176663-07:00,WNBA,WNBA,401857195,2026-09-18T23:30Z,Indiana Fever,Toronto Tempo,Coca-Cola Coliseum,Toronto,ON,True,ESPN_PUBLIC,STATUS_SCHEDULED
ESPN-WNBA-401857196-20260917T180156Z,2026-09-17T11:01:56.176663-07:00,WNBA,WNBA,401857196,2026-09-18T23:30Z,New York Liberty,Minnesota Lynx,Target Center,Minneapolis,MN,True,ESPN_PUBLIC,STATUS_SCHEDULED
ESPN-WNBA-401857197-20260917T180156Z,2026-09-17T11:01:56.176663-07:00,WNBA,WNBA,401857197,2026-09-19T02:00Z,Portland Fire,Golden State Valkyries,Chase Center,San Francisco,CA,True,ESPN_PUBLIC,STATUS_SCHEDULED
ESPN-WNBA-401857213-20260917T180156Z,2026-09-17T11:01:56.176663-07:00,WNBA,WNBA,401857213,2026-09-24T00:00Z,Atlanta Dream,New York Liberty,Barclays Center,Brooklyn,NY,True,ESPN_PUBLIC,STATUS_SCHEDULED
ESPN-WNBA-401857214-20260917T180156Z,2026-09-17T11:01:56.176663-07:00,WNBA,WNBA,401857214,2026-09-24T02:00Z,Dallas Wings,Seattle Storm,Climate Pledge Arena,Seattle,WA,True,ESPN_PUBLIC,STATUS_SCHEDULED
ESPN-WNBA-401857206-20260917T180156Z,2026-09-17T11:01:56.176663-07:00,WNBA,WNBA,401857206,2026-09-22T00:00Z,Atlanta Dream,New York Liberty,Barclays Center,Brooklyn,NY,True,ESPN_PUBLIC,STATUS_SCHEDULED
ESPN-WNBA-401857207-20260917T180156Z,2026-09-17T11:01:56.176663-07:00,WNBA,WNBA,401857207,2026-09-22T02:00Z,Dallas Wings,Phoenix Mercury,Mortgage Matchup Center,Phoenix,AZ,True,ESPN_PUBLIC,STATUS_SCHEDULED
ESPN-WNBA-401857215-20260917T180156Z,2026-09-17T11:01:56.176663-07:00,WNBA,WNBA,401857215,2026-09-24T23:00Z,Toronto Tempo,Connecticut Sun,Mohegan Sun Arena,Uncasville,CT,True,ESPN_PUBLIC,STATUS_SCHEDULED
ESPN-WNBA-401857216-20260917T180156Z,2026-09-17T11:01:56.176663-07:00,WNBA,WNBA,401857216,2026-09-24T23:30Z,Chicago Sky,Washington Mystics,Capital One Arena,Washington,DC,True,ESPN_PUBLIC,STATUS_SCHEDULED
ESPN-WNBA-401857217-20260917T180156Z,2026-09-17T11:01:56.176663-07:00,WNBA,WNBA,401857217,2026-09-25T00:00Z,Indiana Fever,Minnesota Lynx,Target Center,Minneapolis,MN,True,ESPN_PUBLIC,STATUS_SCHEDULED
ESPN-WNBA-401857218-20260917T180156Z,2026-09-17T11:01:56.176663-07:00,WNBA,WNBA,401857218,2026-09-25T02:00Z,Golden State Valkyries,Los Angeles Sparks,crypto.com Arena,Los Angeles,CA,True,ESPN_PUBLIC,STATUS_SCHEDULED
ESPN-WNBA-401857219-20260917T180156Z,2026-09-17T11:01:56.176663-07:00,WNBA,WNBA,401857219,2026-09-25T02:00Z,Las Vegas Aces,Phoenix Mercury,Mortgage Matchup Center,Phoenix,AZ,True,ESPN_PUBLIC,STATUS_SCHEDULED
ESPN-WNBA-401857190-20260917T180156Z,2026-09-17T11:01:56.176663-07:00,WNBA,WNBA,401857190,2026-09-17T23:30Z,Connecticut Sun,Atlanta Dream,Gateway Center,College Park,GA,True,ESPN_PUBLIC,STATUS_SCHEDULED
ESPN-WNBA-401857191-20260917T180156Z,2026-09-17T11:01:56.176663-07:00,WNBA,WNBA,401857191,2026-09-18T00:00Z,Washington Mystics,Chicago Sky,Wintrust Arena,Chicago,IL,True,ESPN_PUBLIC,STATUS_SCHEDULED
ESPN-WNBA-401857192-20260917T180156Z,2026-09-17T11:01:56.176663-07:00,WNBA,WNBA,401857192,2026-09-18T00:00Z,Los Angeles Sparks,Dallas Wings,College Park Center,Arlington,TX,True,ESPN_PUBLIC,STATUS_SCHEDULED
ESPN-WNBA-401857193-20260917T180156Z,2026-09-17T11:01:56.176663-07:00,WNBA,WNBA,401857193,2026-09-18T02:00Z,Phoenix Mercury,Portland Fire,Moda Center,Portland,OR,True,ESPN_PUBLIC,STATUS_SCHEDULED
ESPN-WNBA-401857194-20260917T180156Z,2026-09-17T11:01:56.176663-07:00,WNBA,WNBA,401857194,2026-09-18T02:00Z,Las Vegas Aces,Seattle Storm,Climate Pledge Arena,Seattle,WA,True,ESPN_PUBLIC,STATUS_SCHEDULED
ESPN-WNBA-401857198-20260917T180156Z,2026-09-17T11:01:56.176663-07:00,WNBA,WNBA,401857198,2026-09-19T17:00Z,Phoenix Mercury,Dallas Wings,College Park Center,Arlington,TX,True,ESPN_PUBLIC,STATUS_SCHEDULED
ESPN-WNBA-401857199-20260917T180156Z,2026-09-17T11:01:56.176663-07:00,WNBA,WNBA,401857199,2026-09-19T23:00Z,Chicago Sky,Atlanta Dream,State Farm Arena,Atlanta,GA,True,ESPN_PUBLIC,STATUS_SCHEDULED
ESPN-WNBA-401857200-20260917T180156Z,2026-09-17T11:01:56.176663-07:00,WNBA,WNBA,401857200,2026-09-20T01:00Z,Seattle Storm,Golden State Valkyries,Chase Center,San Francisco,CA,True,ESPN_PUBLIC,STATUS_SCHEDULED
ESPN-WNBA-401857201-20260917T180156Z,2026-09-17T11:01:56.176663-07:00,WNBA,WNBA,401857201,2026-09-20T17:00Z,Minnesota Lynx,Connecticut Sun,Mohegan Sun Arena,Uncasville,CT,True,ESPN_PUBLIC,STATUS_SCHEDULED
ESPN-WNBA-401857202-20260917T180156Z,2026-09-17T11:01:56.176663-07:00,WNBA,WNBA,401857202,2026-09-20T19:00Z,New York Liberty,Toronto Tempo,Coca-Cola Coliseum,Toronto,ON,True,ESPN_PUBLIC,STATUS_SCHEDULED
ESPN-WNBA-401857203-20260917T180156Z,2026-09-17T11:01:56.176663-07:00,WNBA,WNBA,401857203,2026-09-20T20:00Z,Washington Mystics,Indiana Fever,Gainbridge Fieldhouse,Indianapolis,IN,True,ESPN_PUBLIC,STATUS_SCHEDULED
ESPN-WNBA-401857204-20260917T180156Z,2026-09-17T11:01:56.176663-07:00,WNBA,WNBA,401857204,2026-09-20T23:00Z,Portland Fire,Los Angeles Sparks,crypto.com Arena,Los Angeles,CA,True,ESPN_PUBLIC,STATUS_SCHEDULED
ESPN-WNBA-401857205-20260917T180156Z,2026-09-17T11:01:56.176663-07:00,WNBA,WNBA,401857205,2026-09-21T01:00Z,Seattle Storm,Las Vegas Aces,Michelob ULTRA Arena,Las Vegas,NV,True,ESPN_PUBLIC,STATUS_SCHEDULED
ESPN-NHL-401879644-20260917T180156Z,2026-09-17T11:01:56.176663-07:00,NHL,NHL,401879644,2026-09-20T17:00Z,New York Islanders,New Jersey Devils,Prudential Center,Newark,NJ,True,ESPN_PUBLIC,STATUS_SCHEDULED
ESPN-NHL-401879368-20260917T180156Z,2026-09-17T11:01:56.176663-07:00,NHL,NHL,401879368,2026-09-20T20:00Z,San Jose Sharks,Anaheim Ducks,Honda Center,Anaheim,CA,True,ESPN_PUBLIC,STATUS_SCHEDULED
ESPN-NHL-401879358-20260917T180156Z,2026-09-17T11:01:56.176663-07:00,NHL,NHL,401879358,2026-09-20T21:00Z,Washington Capitals,Boston Bruins,TD Garden,Boston,MA,True,ESPN_PUBLIC,STATUS_SCHEDULED
ESPN-NHL-401881131-20260917T180156Z,2026-09-17T11:01:56.176663-07:00,NHL,NHL,401881131,2026-09-20T21:00Z,Nashville Predators,Tampa Bay Lightning,Benchmark International Arena,Tampa,FL,True,ESPN_PUBLIC,STATUS_SCHEDULED
ESPN-NHL-401879364-20260917T180156Z,2026-09-17T11:01:56.176663-07:00,NHL,NHL,401879364,2026-09-20T23:00Z,Utah Mammoth,Colorado Avalanche,Ball Arena,Denver,CO,True,ESPN_PUBLIC,STATUS_SCHEDULED
ESPN-NHL-401879932-20260917T180156Z,2026-09-17T11:01:56.176663-07:00,NHL,NHL,401879932,2026-09-20T23:00Z,Carolina Hurricanes,Florida Panthers,Amerant Bank Arena,Sunrise,FL,True,ESPN_PUBLIC,STATUS_SCHEDULED
ESPN-NHL-401879309-20260917T180156Z,2026-09-17T11:01:56.176663-07:00,NHL,NHL,401879309,2026-09-21T00:00Z,Seattle Kraken,Calgary Flames,Scotiabank Saddledome,Calgary,AB,True,ESPN_PUBLIC,STATUS_SCHEDULED
ESPN-NHL-401879362-20260917T180156Z,2026-09-17T11:01:56.176663-07:00,NHL,NHL,401879362,2026-09-22T23:00Z,Philadelphia Flyers,Boston Bruins,TD Garden,Boston,MA,True,ESPN_PUBLIC,STATUS_SCHEDULED
ESPN-NHL-401879451-20260917T180156Z,2026-09-17T11:01:56.176663-07:00,NHL,NHL,401879451,2026-09-22T23:00Z,Detroit Red Wings,Pittsburgh Penguins,PPG Paints Arena,Pittsburgh,PA,True,ESPN_PUBLIC,STATUS_SCHEDULED
ESPN-NHL-401879454-20260917T180156Z,2026-09-17T11:01:56.176663-07:00,NHL,NHL,401879454,2026-09-22T23:00Z,Columbus Blue Jackets,Buffalo Sabres,KeyBank Center,Buffalo,NY,True,ESPN_PUBLIC,STATUS_SCHEDULED
ESPN-NHL-401879648-20260917T180156Z,2026-09-17T11:01:56.176663-07:00,NHL,NHL,401879648,2026-09-22T23:00Z,New York Islanders,New York Rangers,Madison Square Garden,New York,NY,True,ESPN_PUBLIC,STATUS_SCHEDULED
ESPN-NHL-401879933-20260917T180156Z,2026-09-17T11:01:56.176663-07:00,NHL,NHL,401879933,2026-09-22T23:00Z,Florida Panthers,Carolina Hurricanes,Lenovo Center,Raleigh,NC,True,ESPN_PUBLIC,STATUS_SCHEDULED
ESPN-NHL-401878101-20260917T180156Z,2026-09-17T11:01:56.176663-07:00,NHL,NHL,401878101,2026-09-23T00:00Z,Edmonton Oilers,Winnipeg Jets,Canada Life Centre,Winnipeg,MB,True,ESPN_PUBLIC,STATUS_SCHEDULED
ESPN-NHL-401881132-20260917T180156Z,2026-09-17T11:01:56.176663-07:00,NHL,NHL,401881132,2026-09-23T00:00Z,Tampa Bay Lightning,Nashville Predators,Bridgestone Arena,Nashville,TN,True,ESPN_PUBLIC,STATUS_SCHEDULED
ESPN-NHL-401879310-20260917T180156Z,2026-09-17T11:01:56.176663-07:00,NHL,NHL,401879310,2026-09-23T01:00Z,Vancouver Canucks,Calgary Flames,Scotiabank Saddledome,Calgary,AB,True,ESPN_PUBLIC,STATUS_SCHEDULED
ESPN-NHL-401879366-20260917T180156Z,2026-09-17T11:01:56.176663-07:00,NHL,NHL,401879366,2026-09-23T02:00Z,Utah Mammoth,Los Angeles Kings,crypto.com Arena,Los Angeles,CA,True,ESPN_PUBLIC,STATUS_SCHEDULED
ESPN-NHL-401879413-20260917T180156Z,2026-09-17T11:01:56.176663-07:00,NHL,NHL,401879413,2026-09-23T02:00Z,Vegas Golden Knights,San Jose Sharks,SAP Center at San Jose,San Jose,CA,True,ESPN_PUBLIC,STATUS_SCHEDULED
ESPN-NHL-401879650-20260917T180156Z,2026-09-17T11:01:56.176663-07:00,NHL,NHL,401879650,2026-09-23T23:00Z,Toronto Maple Leafs,Ottawa Senators,Canadian Tire Centre,Ottawa,ON,True,ESPN_PUBLIC,STATUS_SCHEDULED
ESPN-NHL-401886441-20260917T180156Z,2026-09-17T11:01:56.176663-07:00,NHL,NHL,401886441,2026-09-23T23:00Z,Ottawa Senators,Toronto Maple Leafs,Scotiabank Arena,Toronto,ON,True,ESPN_PUBLIC,STATUS_SCHEDULED
ESPN-NHL-401886429-20260917T180156Z,2026-09-17T11:01:56.176663-07:00,NHL,NHL,401886429,2026-09-24T00:00Z,Minnesota Wild,Dallas Stars,American Airlines Center,Dallas,TX,True,ESPN_PUBLIC,STATUS_SCHEDULED
ESPN-NHL-401879369-20260917T180156Z,2026-09-17T11:01:56.176663-07:00,NHL,NHL,401879369,2026-09-24T02:00Z,Los Angeles Kings,Anaheim Ducks,Honda Center,Anaheim,CA,True,ESPN_PUBLIC,STATUS_SCHEDULED
ESPN-NHL-401879359-20260917T180156Z,2026-09-17T11:01:56.176663-07:00,NHL,NHL,401879359,2026-09-21T23:00Z,Philadelphia Flyers,Washington Capitals,Giant Center,Hershey,PA,True,ESPN_PUBLIC,STATUS_SCHEDULED
ESPN-NHL-401879450-20260917T180156Z,2026-09-17T11:01:56.176663-07:00,NHL,NHL,401879450,2026-09-21T23:00Z,Detroit Red Wings,Columbus Blue Jackets,Nationwide Arena,Columbus,OH,True,ESPN_PUBLIC,STATUS_SCHEDULED
ESPN-NHL-401879456-20260917T180156Z,2026-09-17T11:01:56.176663-07:00,NHL,NHL,401879456,2026-09-21T23:00Z,Buffalo Sabres,Pittsburgh Penguins,PPG Paints Arena,Pittsburgh,PA,True,ESPN_PUBLIC,STATUS_SCHEDULED
ESPN-NHL-401879645-20260917T180156Z,2026-09-17T11:01:56.176663-07:00,NHL,NHL,401879645,2026-09-21T23:00Z,New York Rangers,New Jersey Devils,Prudential Center,Newark,NJ,True,ESPN_PUBLIC,STATUS_SCHEDULED
ESPN-NHL-401881921-20260917T180156Z,2026-09-17T11:01:56.176663-07:00,NHL,NHL,401881921,2026-09-21T23:00Z,Ottawa Senators,Montreal Canadiens,Colisee Videotron,Trois Rivieres,QC,True,ESPN_PUBLIC,STATUS_SCHEDULED
ESPN-NHL-401878107-20260917T180156Z,2026-09-17T11:01:56.176663-07:00,NHL,NHL,401878107,2026-09-22T00:00Z,Colorado Avalanche,Winnipeg Jets,Canada Life Centre,Winnipeg,MB,True,ESPN_PUBLIC,STATUS_SCHEDULED
ESPN-NHL-401886259-20260917T180156Z,2026-09-17T11:01:56.176663-07:00,NHL,NHL,401886259,2026-09-22T00:00Z,Minnesota Wild,Chicago Blackhawks,United Center,Chicago,IL,True,ESPN_PUBLIC,STATUS_SCHEDULED
ESPN-NHL-401886428-20260917T180156Z,2026-09-17T11:01:56.176663-07:00,NHL,NHL,401886428,2026-09-22T00:00Z,St. Louis Blues,Dallas Stars,American Airlines Center,Dallas,TX,True,ESPN_PUBLIC,STATUS_SCHEDULED
ESPN-NHL-401879363-20260917T180156Z,2026-09-17T11:01:56.176663-07:00,NHL,NHL,401879363,2026-09-24T23:00Z,Boston Bruins,Philadelphia Flyers,Xfinity Mobile Arena,Philadelphia,PA,True,ESPN_PUBLIC,STATUS_SCHEDULED
ESPN-NHL-401879452-20260917T180156Z,2026-09-17T11:01:56.176663-07:00,NHL,NHL,401879452,2026-09-24T23:00Z,Buffalo Sabres,Detroit Red Wings,Little Caesars Arena,Detroit,MI,True,ESPN_PUBLIC,STATUS_SCHEDULED
ESPN-NHL-401879455-20260917T180156Z,2026-09-17T11:01:56.176663-07:00,NHL,NHL,401879455,2026-09-24T23:00Z,Pittsburgh Penguins,Columbus Blue Jackets,Nationwide Arena,Columbus,OH,True,ESPN_PUBLIC,STATUS_SCHEDULED
ESPN-NHL-401879646-20260917T180156Z,2026-09-17T11:01:56.176663-07:00,NHL,NHL,401879646,2026-09-24T23:00Z,New Jersey Devils,New York Rangers,Madison Square Garden,New York,NY,True,ESPN_PUBLIC,STATUS_SCHEDULED
ESPN-NHL-401879934-20260917T180156Z,2026-09-17T11:01:56.176663-07:00,NHL,NHL,401879934,2026-09-24T23:00Z,Nashville Predators,Carolina Hurricanes,First Horizon Coliseum,Greensboro,NC,True,ESPN_PUBLIC,STATUS_SCHEDULED
ESPN-NHL-401881133-20260917T180156Z,2026-09-17T11:01:56.176663-07:00,NHL,NHL,401881133,2026-09-24T23:00Z,Florida Panthers,Tampa Bay Lightning,Benchmark International Arena,Tampa,FL,True,ESPN_PUBLIC,STATUS_SCHEDULED
ESPN-NHL-401886260-20260917T180156Z,2026-09-17T11:01:56.176663-07:00,NHL,NHL,401886260,2026-09-25T00:00Z,Chicago Blackhawks,St. Louis Blues,Enterprise Center,St. Louis,MO,True,ESPN_PUBLIC,STATUS_SCHEDULED
ESPN-NHL-401878103-20260917T180156Z,2026-09-17T11:01:56.176663-07:00,NHL,NHL,401878103,2026-09-25T01:00Z,Edmonton Oilers,Vancouver Canucks,Rogers Arena,Vancouver,BC,True,ESPN_PUBLIC,STATUS_SCHEDULED
ESPN-NHL-401879332-20260917T180156Z,2026-09-17T11:01:56.176663-07:00,NHL,NHL,401879332,2026-09-25T01:40Z,Calgary Flames,Seattle Kraken,Climate Pledge Arena,Seattle,WA,True,ESPN_PUBLIC,STATUS_SCHEDULED
ESPN-NHL-401879367-20260917T180156Z,2026-09-17T11:01:56.176663-07:00,NHL,NHL,401879367,2026-09-25T02:00Z,Utah Mammoth,Vegas Golden Knights,T-Mobile Arena,Las Vegas,NV,True,ESPN_PUBLIC,STATUS_SCHEDULED
ESPN-NHL-401879370-20260917T180156Z,2026-09-17T11:01:56.176663-07:00,NHL,NHL,401879370,2026-09-25T02:00Z,Anaheim Ducks,San Jose Sharks,SAP Center at San Jose,San Jose,CA,True,ESPN_PUBLIC,STATUS_SCHEDULED
ESPN-NHL-401881922-20260917T180156Z,2026-09-17T11:01:56.176663-07:00,NHL,NHL,401881922,2026-09-19T23:00Z,Montreal Canadiens,Toronto Maple Leafs,Scotiabank Arena,Toronto,ON,True,ESPN_PUBLIC,STATUS_SCHEDULED
ESPN-NHL-401881923-20260917T180156Z,2026-09-17T11:01:56.176663-07:00,NHL,NHL,401881923,2026-09-19T23:00Z,Toronto Maple Leafs,Montreal Canadiens,Bell Centre,Montreal,QC,True,ESPN_PUBLIC,STATUS_SCHEDULED
ESPN-NHL-401886427-20260917T180156Z,2026-09-17T11:01:56.176663-07:00,NHL,NHL,401886427,2026-09-19T23:00Z,Dallas Stars,St. Louis Blues,Enterprise Center,St. Louis,MO,True,ESPN_PUBLIC,STATUS_SCHEDULED
ESPN-NHL-401878099-20260917T180156Z,2026-09-17T11:01:56.176663-07:00,NHL,NHL,401878099,2026-09-20T00:00Z,Winnipeg Jets,Edmonton Oilers,Rogers Place,Edmonton,AB,True,ESPN_PUBLIC,STATUS_SCHEDULED
ESPN-NHL-401886258-20260917T180156Z,2026-09-17T11:01:56.176663-07:00,NHL,NHL,401886258,2026-09-20T00:00Z,Chicago Blackhawks,Minnesota Wild,Grand Casino Arena,Saint Paul,MN,True,ESPN_PUBLIC,STATUS_SCHEDULED
ESPN-NHL-401879412-20260917T180156Z,2026-09-17T11:01:56.176663-07:00,NHL,NHL,401879412,2026-09-20T01:00Z,Vegas Golden Knights,Los Angeles Kings,Toyota Arena,Ontario,CA,True,ESPN_PUBLIC,STATUS_SCHEDULED
ESPN-NHL-401879652-20260917T180156Z,2026-09-17T11:01:56.176663-07:00,NHL,NHL,401879652,2026-09-20T01:00Z,Vancouver Canucks,Seattle Kraken,Climate Pledge Arena,Seattle,WA,True,ESPN_PUBLIC,STATUS_SCHEDULED
ESPN-WNBA-401857198-20260917T180356Z,2026-09-17T11:03:56.100224-07:00,WNBA,WNBA,401857198,2026-09-19T17:00Z,Phoenix Mercury,Dallas Wings,College Park Center,Arlington,TX,True,ESPN_PUBLIC,STATUS_SCHEDULED
ESPN-WNBA-401857199-20260917T180356Z,2026-09-17T11:03:56.100224-07:00,WNBA,WNBA,401857199,2026-09-19T23:00Z,Chicago Sky,Atlanta Dream,State Farm Arena,Atlanta,GA,True,ESPN_PUBLIC,STATUS_SCHEDULED
ESPN-WNBA-401857200-20260917T180356Z,2026-09-17T11:03:56.100224-07:00,WNBA,WNBA,401857200,2026-09-20T01:00Z,Seattle Storm,Golden State Valkyries,Chase Center,San Francisco,CA,True,ESPN_PUBLIC,STATUS_SCHEDULED
ESPN-WNBA-401857195-20260917T180356Z,2026-09-17T11:03:56.100224-07:00,WNBA,WNBA,401857195,2026-09-18T23:30Z,Indiana Fever,Toronto Tempo,Coca-Cola Coliseum,Toronto,ON,True,ESPN_PUBLIC,STATUS_SCHEDULED
ESPN-WNBA-401857196-20260917T180356Z,2026-09-17T11:03:56.100224-07:00,WNBA,WNBA,401857196,2026-09-18T23:30Z,New York Liberty,Minnesota Lynx,Target Center,Minneapolis,MN,True,ESPN_PUBLIC,STATUS_SCHEDULED
ESPN-WNBA-401857197-20260917T180356Z,2026-09-17T11:03:56.100224-07:00,WNBA,WNBA,401857197,2026-09-19T02:00Z,Portland Fire,Golden State Valkyries,Chase Center,San Francisco,CA,True,ESPN_PUBLIC,STATUS_SCHEDULED
ESPN-WNBA-401857208-20260917T180356Z,2026-09-17T11:03:56.100224-07:00,WNBA,WNBA,401857208,2026-09-22T23:30Z,Connecticut Sun,Washington Mystics,CareFirst Arena,Washington,DC,True,ESPN_PUBLIC,STATUS_SCHEDULED
ESPN-WNBA-401857209-20260917T180356Z,2026-09-17T11:03:56.100224-07:00,WNBA,WNBA,401857209,2026-09-23T00:00Z,Minnesota Lynx,Indiana Fever,Gainbridge Fieldhouse,Indianapolis,IN,True,ESPN_PUBLIC,STATUS_SCHEDULED
ESPN-WNBA-401857210-20260917T180356Z,2026-09-17T11:03:56.100224-07:00,WNBA,WNBA,401857210,2026-09-23T00:00Z,Toronto Tempo,Chicago Sky,Wintrust Arena,Chicago,IL,True,ESPN_PUBLIC,STATUS_SCHEDULED
ESPN-WNBA-401857211-20260917T180356Z,2026-09-17T11:03:56.100224-07:00,WNBA,WNBA,401857211,2026-09-23T02:00Z,Los Angeles Sparks,Las Vegas Aces,Michelob ULTRA Arena,Las Vegas,NV,True,ESPN_PUBLIC,STATUS_SCHEDULED
ESPN-WNBA-401857212-20260917T180356Z,2026-09-17T11:03:56.100224-07:00,WNBA,WNBA,401857212,2026-09-23T02:00Z,Golden State Valkyries,Portland Fire,Moda Center,Portland,OR,True,ESPN_PUBLIC,STATUS_SCHEDULED
ESPN-WNBA-401857201-20260917T180356Z,2026-09-17T11:03:56.100224-07:00,WNBA,WNBA,401857201,2026-09-20T17:00Z,Minnesota Lynx,Connecticut Sun,Mohegan Sun Arena,Uncasville,CT,True,ESPN_PUBLIC,STATUS_SCHEDULED
ESPN-WNBA-401857202-20260917T180356Z,2026-09-17T11:03:56.100224-07:00,WNBA,WNBA,401857202,2026-09-20T19:00Z,New York Liberty,Toronto Tempo,Coca-Cola Coliseum,Toronto,ON,True,ESPN_PUBLIC,STATUS_SCHEDULED
ESPN-WNBA-401857203-20260917T180356Z,2026-09-17T11:03:56.100224-07:00,WNBA,WNBA,401857203,2026-09-20T20:00Z,Washington Mystics,Indiana Fever,Gainbridge Fieldhouse,Indianapolis,IN,True,ESPN_PUBLIC,STATUS_SCHEDULED
ESPN-WNBA-401857204-20260917T180356Z,2026-09-17T11:03:56.100224-07:00,WNBA,WNBA,401857204,2026-09-20T23:00Z,Portland Fire,Los Angeles Sparks,crypto.com Arena,Los Angeles,CA,True,ESPN_PUBLIC,STATUS_SCHEDULED
ESPN-WNBA-401857205-20260917T180356Z,2026-09-17T11:03:56.100224-07:00,WNBA,WNBA,401857205,2026-09-21T01:00Z,Seattle Storm,Las Vegas Aces,Michelob ULTRA Arena,Las Vegas,NV,True,ESPN_PUBLIC,STATUS_SCHEDULED
ESPN-WNBA-401857213-20260917T180356Z,2026-09-17T11:03:56.100224-07:00,WNBA,WNBA,401857213,2026-09-24T00:00Z,Atlanta Dream,New York Liberty,Barclays Center,Brooklyn,NY,True,ESPN_PUBLIC,STATUS_SCHEDULED
ESPN-WNBA-401857214-20260917T180356Z,2026-09-17T11:03:56.100224-07:00,WNBA,WNBA,401857214,2026-09-24T02:00Z,Dallas Wings,Seattle Storm,Climate Pledge Arena,Seattle,WA,True,ESPN_PUBLIC,STATUS_SCHEDULED
ESPN-WNBA-401857190-20260917T180356Z,2026-09-17T11:03:56.100224-07:00,WNBA,WNBA,401857190,2026-09-17T23:30Z,Connecticut Sun,Atlanta Dream,Gateway Center,College Park,GA,True,ESPN_PUBLIC,STATUS_SCHEDULED
ESPN-WNBA-401857191-20260917T180356Z,2026-09-17T11:03:56.100224-07:00,WNBA,WNBA,401857191,2026-09-18T00:00Z,Washington Mystics,Chicago Sky,Wintrust Arena,Chicago,IL,True,ESPN_PUBLIC,STATUS_SCHEDULED
ESPN-WNBA-401857192-20260917T180356Z,2026-09-17T11:03:56.100224-07:00,WNBA,WNBA,401857192,2026-09-18T00:00Z,Los Angeles Sparks,Dallas Wings,College Park Center,Arlington,TX,True,ESPN_PUBLIC,STATUS_SCHEDULED
ESPN-WNBA-401857193-20260917T180356Z,2026-09-17T11:03:56.100224-07:00,WNBA,WNBA,401857193,2026-09-18T02:00Z,Phoenix Mercury,Portland Fire,Moda Center,Portland,OR,True,ESPN_PUBLIC,STATUS_SCHEDULED
ESPN-WNBA-401857194-20260917T180356Z,2026-09-17T11:03:56.100224-07:00,WNBA,WNBA,401857194,2026-09-18T02:00Z,Las Vegas Aces,Seattle Storm,Climate Pledge Arena,Seattle,WA,True,ESPN_PUBLIC,STATUS_SCHEDULED
ESPN-WNBA-401857215-20260917T180356Z,2026-09-17T11:03:56.100224-07:00,WNBA,WNBA,401857215,2026-09-24T23:00Z,Toronto Tempo,Connecticut Sun,Mohegan Sun Arena,Uncasville,CT,True,ESPN_PUBLIC,STATUS_SCHEDULED
ESPN-WNBA-401857216-20260917T180356Z,2026-09-17T11:03:56.100224-07:00,WNBA,WNBA,401857216,2026-09-24T23:30Z,Chicago Sky,Washington Mystics,Capital One Arena,Washington,DC,True,ESPN_PUBLIC,STATUS_SCHEDULED
ESPN-WNBA-401857217-20260917T180356Z,2026-09-17T11:03:56.100224-07:00,WNBA,WNBA,401857217,2026-09-25T00:00Z,Indiana Fever,Minnesota Lynx,Target Center,Minneapolis,MN,True,ESPN_PUBLIC,STATUS_SCHEDULED
ESPN-WNBA-401857218-20260917T180356Z,2026-09-17T11:03:56.100224-07:00,WNBA,WNBA,401857218,2026-09-25T02:00Z,Golden State Valkyries,Los Angeles Sparks,crypto.com Arena,Los Angeles,CA,True,ESPN_PUBLIC,STATUS_SCHEDULED
ESPN-WNBA-401857219-20260917T180356Z,2026-09-17T11:03:56.100224-07:00,WNBA,WNBA,401857219,2026-09-25T02:00Z,Las Vegas Aces,Phoenix Mercury,Mortgage Matchup Center,Phoenix,AZ,True,ESPN_PUBLIC,STATUS_SCHEDULED
ESPN-WNBA-401857206-20260917T180356Z,2026-09-17T11:03:56.100224-07:00,WNBA,WNBA,401857206,2026-09-22T00:00Z,Atlanta Dream,New York Liberty,Barclays Center,Brooklyn,NY,True,ESPN_PUBLIC,STATUS_SCHEDULED
ESPN-WNBA-401857207-20260917T180356Z,2026-09-17T11:03:56.100224-07:00,WNBA,WNBA,401857207,2026-09-22T02:00Z,Dallas Wings,Phoenix Mercury,Mortgage Matchup Center,Phoenix,AZ,True,ESPN_PUBLIC,STATUS_SCHEDULED
ESPN-NCAA_Football-401869940-20260917T180356Z,2026-09-17T11:03:56.100224-07:00,NCAA_Football,NCAA_Football,401869940,2026-09-19T15:30Z,Coastal Carolina Chanticleers,Delaware Blue Hens,Delaware Stadium,Newark,DE,False,ESPN_PUBLIC,STATUS_SCHEDULED
ESPN-NCAA_Football-401856686-20260917T180356Z,2026-09-17T11:03:56.100224-07:00,NCAA_Football,NCAA_Football,401856686,2026-09-19T16:00Z,Georgia Bulldogs,Arkansas Razorbacks,Donald W. Reynolds Razorback Stadium,Fayetteville,AR,False,ESPN_PUBLIC,STATUS_SCHEDULED
ESPN-NCAA_Football-401858454-20260917T180356Z,2026-09-17T11:03:56.100224-07:00,NCAA_Football,NCAA_Football,401858454,2026-09-19T16:00Z,Kent State Golden Flashes,Ohio State Buckeyes,Ohio Stadium,Columbus,OH,False,ESPN_PUBLIC,STATUS_SCHEDULED
ESPN-NCAA_Football-401858456-20260917T180356Z,2026-09-17T11:03:56.100224-07:00,NCAA_Football,NCAA_Football,401858456,2026-09-19T16:00Z,Buffalo Bulls,Penn State Nittany Lions,Beaver Stadium,University Park,PA,False,ESPN_PUBLIC,STATUS_SCHEDULED
ESPN-NCAA_Football-401856792-20260917T180356Z,2026-09-17T11:03:56.100224-07:00,NCAA_Football,NCAA_Football,401856792,2026-09-19T16:00Z,Tulane Green Wave,Kansas State Wildcats,Bill Snyder Family Stadium,Manhattan,KS,False,ESPN_PUBLIC,STATUS_SCHEDULED
ESPN-NCAA_Football-401856798-20260917T180356Z,2026-09-17T11:03:56.100224-07:00,NCAA_Football,NCAA_Football,401856798,2026-09-19T16:00Z,Bowling Green Falcons,Iowa State Cyclones,Jack Trice Stadium,Ames,IA,False,ESPN_PUBLIC,STATUS_SCHEDULED
ESPN-NCAA_Football-401856812-20260917T180356Z,2026-09-17T11:03:56.100224-07:00,NCAA_Football,NCAA_Football,401856812,2026-09-19T16:00Z,Arizona State Sun Devils,Kansas Jayhawks,Wembley Stadium,London,,False,ESPN_PUBLIC,STATUS_SCHEDULED
ESPN-NCAA_Football-401858228-20260917T180356Z,2026-09-17T11:03:56.100224-07:00,NCAA_Football,NCAA_Football,401858228,2026-09-19T16:00Z,Mercer Bears,Georgia Tech Yellow Jackets,Bobby Dodd Stadium,Atlanta,GA,False,ESPN_PUBLIC,STATUS_SCHEDULED
ESPN-NCAA_Football-401858229-20260917T180356Z,2026-09-17T11:03:56.100224-07:00,NCAA_Football,NCAA_Football,401858229,2026-09-19T16:00Z,North Carolina Tar Heels,Clemson Tigers,"Memorial Stadium (Clemson, SC)",Clemson,SC,False,ESPN_PUBLIC,STATUS_SCHEDULED
ESPN-NCAA_Football-401858451-20260917T180356Z,2026-09-17T11:03:56.100224-07:00,NCAA_Football,NCAA_Football,401858451,2026-09-19T16:00Z,Akron Zips,Minnesota Golden Gophers,Huntington Bank Stadium,Minneapolis,MN,False,ESPN_PUBLIC,STATUS_SCHEDULED
ESPN-NCAA_Football-401860889-20260917T180356Z,2026-09-17T11:03:56.100224-07:00,NCAA_Football,NCAA_Football,401860889,2026-09-19T16:00Z,North Texas Mean Green,Texas State Bobcats,UFCU Stadium,San Marcos,TX,False,ESPN_PUBLIC,STATUS_SCHEDULED
ESPN-NCAA_Football-401858460-20260917T180356Z,2026-09-17T11:03:56.100224-07:00,NCAA_Football,NCAA_Football,401858460,2026-09-19T16:30Z,Eastern Michigan Eagles,Wisconsin Badgers,Camp Randall Stadium,Madison,WI,False,ESPN_PUBLIC,STATUS_SCHEDULED
ESPN-NCAA_Football-401856695-20260917T180356Z,2026-09-17T11:03:56.100224-07:00,NCAA_Football,NCAA_Football,401856695,2026-09-19T16:45Z,NC State Wolfpack,Vanderbilt Commodores,FirstBank Stadium,Nashville,TN,False,ESPN_PUBLIC,STATUS_SCHEDULED
ESPN-NCAA_Football-401864508-20260917T180356Z,2026-09-17T11:03:56.100224-07:00,NCAA_Football,NCAA_Football,401864508,2026-09-19T17:00Z,Wyoming Cowboys,Central Michigan Chippewas,Kelly/Shorts Stadium,Mount Pleasant,MI,False,ESPN_PUBLIC,STATUS_SCHEDULED
ESPN-NCAA_Football-401858227-20260917T180356Z,2026-09-17T11:03:56.100224-07:00,NCAA_Football,NCAA_Football,401858227,2026-09-19T18:00Z,Maine Black Bears,Boston College Eagles,"Alumni Stadium (Chestnut Hill, MA)",Chestnut Hill,MA,False,ESPN_PUBLIC,STATUS_SCHEDULED
ESPN-NCAA_Football-401858448-20260917T180356Z,2026-09-17T11:03:56.100224-07:00,NCAA_Football,NCAA_Football,401858448,2026-09-19T18:00Z,Southern Illinois Salukis,Illinois Fighting Illini,Gies Memorial Stadium,Champaign,IL,False,ESPN_PUBLIC,STATUS_SCHEDULED
ESPN-NCAA_Football-401862774-20260917T180356Z,2026-09-17T11:03:56.100224-07:00,NCAA_Football,NCAA_Football,401862774,2026-09-19T19:00Z,Temple Owls,Toledo Rockets,Glass Bowl,Toledo,OH,False,ESPN_PUBLIC,STATUS_SCHEDULED
ESPN-NCAA_Football-401856694-20260917T180356Z,2026-09-17T11:03:56.100224-07:00,NCAA_Football,NCAA_Football,401856694,2026-09-19T19:30Z,Kentucky Wildcats,Texas A&M Aggies,Kyle Field,College Station,TX,False,ESPN_PUBLIC,STATUS_SCHEDULED
ESPN-NCAA_Football-401856685-20260917T180356Z,2026-09-17T11:03:56.100224-07:00,NCAA_Football,NCAA_Football,401856685,2026-09-19T19:30Z,Florida State Seminoles,Alabama Crimson Tide,Bryant-Denny Stadium,Tuscaloosa,AL,False,ESPN_PUBLIC,STATUS_SCHEDULED
ESPN-NCAA_Football-401858457-20260917T180356Z,2026-09-17T11:03:56.100224-07:00,NCAA_Football,NCAA_Football,401858457,2026-09-19T19:30Z,USC Trojans,Rutgers Scarlet Knights,SHI Stadium,Piscataway,NJ,False,ESPN_PUBLIC,STATUS_SCHEDULED
ESPN-NCAA_Football-401858230-20260917T180356Z,2026-09-17T11:03:56.100224-07:00,NCAA_Football,NCAA_Football,401858230,2026-09-19T19:30Z,SMU Mustangs,Louisville Cardinals,L&N Federal Credit Union Stadium,Louisville,KY,False,ESPN_PUBLIC,STATUS_SCHEDULED
ESPN-NCAA_Football-401856801-20260917T180356Z,2026-09-17T11:03:56.100224-07:00,NCAA_Football,NCAA_Football,401856801,2026-09-19T19:30Z,Utah State Aggies,Utah Utes,Rice-Eccles Stadium,Salt Lake City,UT,False,ESPN_PUBLIC,STATUS_SCHEDULED
ESPN-NCAA_Football-401858450-20260917T180356Z,2026-09-17T11:03:56.100224-07:00,NCAA_Football,NCAA_Football,401858450,2026-09-19T19:30Z,UTEP Miners,Michigan Wolverines,Michigan Stadium,Ann Arbor,MI,False,ESPN_PUBLIC,STATUS_SCHEDULED
ESPN-NCAA_Football-401856797-20260917T180356Z,2026-09-17T11:03:56.100224-07:00,NCAA_Football,NCAA_Football,401856797,2026-09-19T19:30Z,Miami (OH) RedHawks,Cincinnati Bearcats,TQL Stadium,Cincinnati,OH,False,ESPN_PUBLIC,STATUS_SCHEDULED
ESPN-NCAA_Football-401858233-20260917T180356Z,2026-09-17T11:03:56.100224-07:00,NCAA_Football,NCAA_Football,401858233,2026-09-19T19:30Z,Wagner Seahawks,California Golden Bears,California Memorial Stadium,Berkeley,CA,False,ESPN_PUBLIC,STATUS_SCHEDULED
ESPN-NCAA_Football-401860890-20260917T180356Z,2026-09-17T11:03:56.100224-07:00,NCAA_Football,NCAA_Football,401860890,2026-09-19T19:30Z,Duquesne Dukes,Washington State Cougars,Martin Stadium,Pullman,WA,False,ESPN_PUBLIC,STATUS_SCHEDULED
ESPN-NCAA_Football-401866424-20260917T180356Z,2026-09-17T11:03:56.100224-07:00,NCAA_Football,NCAA_Football,401866424,2026-09-19T19:30Z,Stonehill Skyhawks,Massachusetts Minutemen,Warren McGuirk Alumni Stadium,Amherst,MA,False,ESPN_PUBLIC,STATUS_SCHEDULED
ESPN-NCAA_Football-401858449-20260917T180356Z,2026-09-17T11:03:56.100224-07:00,NCAA_Football,NCAA_Football,401858449,2026-09-19T20:00Z,Western Kentucky Hilltoppers,Indiana Hoosiers,"Memorial Stadium (Bloomington, IN)",Bloomington,IN,False,ESPN_PUBLIC,STATUS_SCHEDULED
ESPN-NCAA_Football-401858471-20260917T180356Z,2026-09-17T11:03:56.100224-07:00,NCAA_Football,NCAA_Football,401858471,2026-09-19T20:00Z,Northern Iowa Panthers,Iowa Hawkeyes,Kinnick Stadium,Iowa City,IA,False,ESPN_PUBLIC,STATUS_SCHEDULED
ESPN-NCAA_Football-401858231-20260917T180356Z,2026-09-17T11:03:56.100224-07:00,NCAA_Football,NCAA_Football,401858231,2026-09-19T20:00Z,Stanford Cardinal,Duke Blue Devils,Wallace Wade Stadium,Durham,NC,False,ESPN_PUBLIC,STATUS_SCHEDULED
ESPN-NCAA_Football-401866422-20260917T180356Z,2026-09-17T11:03:56.100224-07:00,NCAA_Football,NCAA_Football,401866422,2026-09-19T20:00Z,Ball State Cardinals,Liberty Flames,Williams Stadium (VA),Lynchburg,VA,False,ESPN_PUBLIC,STATUS_SCHEDULED
ESPN-NCAA_Football-401867804-20260917T180356Z,2026-09-17T11:03:56.100224-07:00,NCAA_Football,NCAA_Football,401867804,2026-09-19T20:00Z,Louisiana Tech Bulldogs,Baylor Bears,McLane Stadium,Waco,TX,False,ESPN_PUBLIC,STATUS_SCHEDULED
ESPN-NCAA_Football-401856691-20260917T180356Z,2026-09-17T11:03:56.100224-07:00,NCAA_Football,NCAA_Football,401856691,2026-09-19T20:15Z,Mississippi State Bulldogs,South Carolina Gamecocks,Williams-Brice Stadium,Columbia,SC,False,ESPN_PUBLIC,STATUS_SCHEDULED
ESPN-NCAA_Football-401868317-20260917T180356Z,2026-09-17T11:03:56.100224-07:00,NCAA_Football,NCAA_Football,401868317,2026-09-19T20:30Z,SE Louisiana Lions,UL Monroe Warhawks,Malone Stadium,Monroe,LA,False,ESPN_PUBLIC,STATUS_SCHEDULED
ESPN-NCAA_Football-401862710-20260917T180356Z,2026-09-17T11:03:56.100224-07:00,NCAA_Football,NCAA_Football,401862710,2026-09-19T22:00Z,East Carolina Pirates,Old Dominion Monarchs,S.B. Ballard Stadium,Norfolk,VA,False,ESPN_PUBLIC,STATUS_SCHEDULED
ESPN-NCAA_Football-401862771-20260917T180356Z,2026-09-17T11:03:56.100224-07:00,NCAA_Football,NCAA_Football,401862771,2026-09-19T22:00Z,Florida International Panthers,Florida Atlantic Owls,Flagler Credit Union Stadium,Boca Raton,FL,False,ESPN_PUBLIC,STATUS_SCHEDULED
ESPN-NCAA_Football-401864574-20260917T180356Z,2026-09-17T11:03:56.100224-07:00,NCAA_Football,NCAA_Football,401864574,2026-09-19T22:00Z,Charlotte 49ers,App State Mountaineers,Kidd Brewer Stadium,Boone,NC,False,ESPN_PUBLIC,STATUS_SCHEDULED
ESPN-NCAA_Football-401871047-20260917T180356Z,2026-09-17T11:03:56.100224-07:00,NCAA_Football,NCAA_Football,401871047,2026-09-19T22:30Z,Marshall Thundering Herd,Missouri State Bears,Robert W. Plaster Stadium,Springfield,MO,False,ESPN_PUBLIC,STATUS_SCHEDULED
ESPN-NCAA_Football-401856689-20260917T180356Z,2026-09-17T11:03:56.100224-07:00,NCAA_Football,NCAA_Football,401856689,2026-09-19T23:00Z,Troy Trojans,Missouri Tigers,Memorial Stadium,Columbia,MO,False,ESPN_PUBLIC,STATUS_SCHEDULED
ESPN-NCAA_Football-401856687-20260917T180356Z,2026-09-17T11:03:56.100224-07:00,NCAA_Football,NCAA_Football,401856687,2026-09-19T23:00Z,Florida Gators,Auburn Tigers,Jordan-Hare Stadium,Auburn,AL,False,ESPN_PUBLIC,STATUS_SCHEDULED
ESPN-NCAA_Football-401856800-20260917T180356Z,2026-09-17T11:03:56.100224-07:00,NCAA_Football,NCAA_Football,401856800,2026-09-19T23:00Z,Georgia State Panthers,UCF Knights,Acrisure Bounce House,Orlando,FL,False,ESPN_PUBLIC,STATUS_SCHEDULED
ESPN-NCAA_Football-401856803-20260917T180356Z,2026-09-17T11:03:56.100224-07:00,NCAA_Football,NCAA_Football,401856803,2026-09-19T23:00Z,Murray State Racers,Oklahoma State Cowboys,Boone Pickens Stadium,Stillwater,OK,False,ESPN_PUBLIC,STATUS_SCHEDULED
ESPN-NCAA_Football-401861963-20260917T180356Z,2026-09-17T11:03:56.100224-07:00,NCAA_Football,NCAA_Football,401861963,2026-09-19T23:00Z,UConn Huskies,Southern Miss Golden Eagles,M. M. Roberts Stadium,Hattiesburg,MS,False,ESPN_PUBLIC,STATUS_SCHEDULED
ESPN-NCAA_Football-401862772-20260917T180356Z,2026-09-17T11:03:56.100224-07:00,NCAA_Football,NCAA_Football,401862772,2026-09-19T23:00Z,UT Martin Skyhawks,Memphis Tigers,Simmons Bank Liberty Stadium,Memphis,TN,False,ESPN_PUBLIC,STATUS_SCHEDULED
ESPN-NCAA_Football-401862773-20260917T180356Z,2026-09-17T11:03:56.100224-07:00,NCAA_Football,NCAA_Football,401862773,2026-09-19T23:00Z,Western Michigan Broncos,Rice Owls,Rice Stadium,Houston,TX,False,ESPN_PUBLIC,STATUS_SCHEDULED
ESPN-NCAA_Football-401862777-20260917T180356Z,2026-09-17T11:03:56.100224-07:00,NCAA_Football,NCAA_Football,401862777,2026-09-19T23:00Z,Delaware State Hornets,South Florida Bulls,Raymond James Stadium,Tampa,FL,False,ESPN_PUBLIC,STATUS_SCHEDULED
ESPN-NCAA_Football-401864443-20260917T180356Z,2026-09-17T11:03:56.100224-07:00,NCAA_Football,NCAA_Football,401864443,2026-09-19T23:00Z,Nevada Wolf Pack,Middle Tennessee Blue Raiders,"Johnny ""Red"" Floyd Stadium",Murfreesboro,TN,False,ESPN_PUBLIC,STATUS_SCHEDULED
ESPN-NCAA_Football-401866423-20260917T180356Z,2026-09-17T11:03:56.100224-07:00,NCAA_Football,NCAA_Football,401866423,2026-09-19T23:00Z,Ohio Bobcats,South Alabama Jaguars,Hancock Whitney Stadium,Mobile,AL,False,ESPN_PUBLIC,STATUS_SCHEDULED
ESPN-NCAA_Football-401869948-20260917T180356Z,2026-09-17T11:03:56.100224-07:00,NCAA_Football,NCAA_Football,401869948,2026-09-19T23:00Z,Georgia Southern Eagles,Jacksonville State Gamecocks,AmFirst Stadium,Jacksonville,AL,False,ESPN_PUBLIC,STATUS_SCHEDULED
ESPN-NCAA_Football-401870764-20260917T180356Z,2026-09-17T11:03:56.100224-07:00,NCAA_Football,NCAA_Football,401870764,2026-09-19T23:00Z,Nicholls Colonels,Sam Houston Bearkats,Elliott T. Bowers Stadium,Huntsville,TX,False,ESPN_PUBLIC,STATUS_SCHEDULED
ESPN-NCAA_Football-401858452-20260917T180356Z,2026-09-17T11:03:56.100224-07:00,NCAA_Football,NCAA_Football,401858452,2026-09-19T23:15Z,North Dakota Fighting Hawks,Nebraska Cornhuskers,"Memorial Stadium (Lincoln, NE)",Lincoln,NE,False,ESPN_PUBLIC,STATUS_SCHEDULED
ESPN-NCAA_Football-401858459-20260917T180356Z,2026-09-17T11:03:56.100224-07:00,NCAA_Football,NCAA_Football,401858459,2026-09-19T23:15Z,Eastern Washington Eagles,Washington Huskies,Husky Stadium,Seattle,WA,False,ESPN_PUBLIC,STATUS_SCHEDULED
ESPN-NCAA_Football-401858453-20260917T180356Z,2026-09-17T11:03:56.100224-07:00,NCAA_Football,NCAA_Football,401858453,2026-09-19T23:30Z,Michigan State Spartans,Notre Dame Fighting Irish,Notre Dame Stadium,Notre Dame,IN,False,ESPN_PUBLIC,STATUS_SCHEDULED
ESPN-NCAA_Football-401856688-20260917T180356Z,2026-09-17T11:03:56.100224-07:00,NCAA_Football,NCAA_Football,401856688,2026-09-19T23:30Z,LSU Tigers,Ole Miss Rebels,Vaught-Hemingway Stadium,Oxford,MS,False,ESPN_PUBLIC,STATUS_SCHEDULED
ESPN-NCAA_Football-401856795-20260917T180356Z,2026-09-17T11:03:56.100224-07:00,NCAA_Football,NCAA_Football,401856795,2026-09-19T23:30Z,BYU Cougars,Colorado State Rams,Canvas Stadium,Fort Collins,CO,False,ESPN_PUBLIC,STATUS_SCHEDULED
ESPN-NCAA_Football-401856690-20260917T180356Z,2026-09-17T11:03:56.100224-07:00,NCAA_Football,NCAA_Football,401856690,2026-09-19T23:30Z,New Mexico Lobos,Oklahoma Sooners,"Memorial Stadium (Norman, OK)",Norman,OK,False,ESPN_PUBLIC,STATUS_SCHEDULED
ESPN-NCAA_Football-401856802-20260917T180356Z,2026-09-17T11:03:56.100224-07:00,NCAA_Football,NCAA_Football,401856802,2026-09-19T23:30Z,West Virginia Mountaineers,Virginia Cavaliers,Bank of America Stadium,Charlotte,NC,False,ESPN_PUBLIC,STATUS_SCHEDULED
ESPN-NCAA_Football-401856796-20260917T180356Z,2026-09-17T11:03:56.100224-07:00,NCAA_Football,NCAA_Football,401856796,2026-09-19T23:30Z,Colorado Buffaloes,Northwestern Wildcats,Northwestern Medicine Field at Martin Stadium,Evanston,IL,False,ESPN_PUBLIC,STATUS_SCHEDULED
ESPN-NCAA_Football-401858232-20260917T180356Z,2026-09-17T11:03:56.100224-07:00,NCAA_Football,NCAA_Football,401858232,2026-09-19T23:30Z,Virginia Tech Hokies,Maryland Terrapins,SECU Stadium,College Park,MD,False,ESPN_PUBLIC,STATUS_SCHEDULED
ESPN-NCAA_Football-401856692-20260917T180356Z,2026-09-17T11:03:56.100224-07:00,NCAA_Football,NCAA_Football,401856692,2026-09-19T23:45Z,Kennesaw State Owls,Tennessee Volunteers,Neyland Stadium,Knoxville,TN,False,ESPN_PUBLIC,STATUS_SCHEDULED
ESPN-NCAA_Football-401856693-20260917T180356Z,2026-09-17T11:03:56.100224-07:00,NCAA_Football,NCAA_Football,401856693,2026-09-20T00:00Z,UTSA Roadrunners,Texas Longhorns,DKR-Texas Memorial Stadium,Austin,TX,False,ESPN_PUBLIC,STATUS_SCHEDULED
ESPN-NCAA_Football-401856799-20260917T180356Z,2026-09-17T11:03:56.100224-07:00,NCAA_Football,NCAA_Football,401856799,2026-09-20T00:00Z,Arkansas State Red Wolves,TCU Horned Frogs,Amon G. Carter Stadium,Fort Worth,TX,False,ESPN_PUBLIC,STATUS_SCHEDULED
ESPN-NCAA_Football-401862775-20260917T180356Z,2026-09-17T11:03:56.100224-07:00,NCAA_Football,NCAA_Football,401862775,2026-09-20T00:00Z,East Texas A&M Lions,Tulsa Golden Hurricane,H. A. Chapman Stadium,Tulsa,OK,False,ESPN_PUBLIC,STATUS_SCHEDULED
ESPN-NCAA_Football-401862776-20260917T180356Z,2026-09-17T11:03:56.100224-07:00,NCAA_Football,NCAA_Football,401862776,2026-09-20T00:00Z,UAB Blazers,Louisiana Ragin' Cajuns,Our Lady of Lourdes Stadium,Lafayette,LA,False,ESPN_PUBLIC,STATUS_SCHEDULED
ESPN-NCAA_Football-401860885-20260917T180356Z,2026-09-17T11:03:56.100224-07:00,NCAA_Football,NCAA_Football,401860885,2026-09-20T02:00Z,South Dakota Coyotes,Boise State Broncos,Albertsons Stadium,Boise,ID,False,ESPN_PUBLIC,STATUS_SCHEDULED
ESPN-NCAA_Football-401860887-20260917T180356Z,2026-09-17T11:03:56.100224-07:00,NCAA_Football,NCAA_Football,401860887,2026-09-20T02:00Z,James Madison Dukes,San Diego State Aztecs,Snapdragon Stadium,San Diego,CA,False,ESPN_PUBLIC,STATUS_SCHEDULED
ESPN-NCAA_Football-401856793-20260917T180356Z,2026-09-17T11:03:56.100224-07:00,NCAA_Football,NCAA_Football,401856793,2026-09-20T02:30Z,Northern Illinois Huskies,Arizona Wildcats,Casino Del Sol Stadium,Tucson,AZ,False,ESPN_PUBLIC,STATUS_SCHEDULED
ESPN-NCAA_Football-401864507-20260917T180356Z,2026-09-17T11:03:56.100224-07:00,NCAA_Football,NCAA_Football,401864507,2026-09-20T02:30Z,North Dakota State Bison,Sacramento State Hornets,Hornet Stadium,Sacramento,CA,False,ESPN_PUBLIC,STATUS_SCHEDULED
ESPN-NCAA_Football-401858458-20260917T180356Z,2026-09-17T11:03:56.100224-07:00,NCAA_Football,NCAA_Football,401858458,2026-09-20T03:00Z,Purdue Boilermakers,UCLA Bruins,Rose Bowl,Pasadena,CA,False,ESPN_PUBLIC,STATUS_SCHEDULED
ESPN-NCAA_Football-401860886-20260917T180356Z,2026-09-17T11:03:56.100224-07:00,NCAA_Football,NCAA_Football,401860886,2026-09-20T03:00Z,Montana Grizzlies,Oregon State Beavers,Reser Stadium,Corvallis,OR,False,ESPN_PUBLIC,STATUS_SCHEDULED
ESPN-NCAA_Football-401860888-20260917T180356Z,2026-09-17T11:03:56.100224-07:00,NCAA_Football,NCAA_Football,401860888,2026-09-20T03:00Z,Fresno State Bulldogs,San José State Spartans,CEFCU Stadium,San Jose,CA,False,ESPN_PUBLIC,STATUS_SCHEDULED
ESPN-NCAA_Football-401858225-20260917T180356Z,2026-09-17T11:03:56.100224-07:00,NCAA_Football,NCAA_Football,401858225,2026-09-17T23:30Z,Syracuse Orange,Pittsburgh Panthers,Acrisure Stadium,Pittsburgh,PA,False,ESPN_PUBLIC,STATUS_SCHEDULED
ESPN-NCAA_Football-401869941-20260917T180356Z,2026-09-17T11:03:56.100224-07:00,NCAA_Football,NCAA_Football,401869941,2026-09-24T23:30Z,Liberty Flames,Coastal Carolina Chanticleers,Brooks Stadium (SC),Conway,SC,False,ESPN_PUBLIC,STATUS_SCHEDULED
ESPN-NCAA_Football-401858226-20260917T180356Z,2026-09-17T11:03:56.100224-07:00,NCAA_Football,NCAA_Football,401858226,2026-09-18T23:30Z,Miami Hurricanes,Wake Forest Demon Deacons,Allegacy Federal Credit Union Stadium,Winston-Salem,NC,False,ESPN_PUBLIC,STATUS_SCHEDULED
ESPN-NCAA_Football-401856811-20260917T180356Z,2026-09-17T11:03:56.100224-07:00,NCAA_Football,NCAA_Football,401856811,2026-09-19T00:00Z,Houston Cougars,Texas Tech Red Raiders,Galaxy Stadium,Lubbock,TX,False,ESPN_PUBLIC,STATUS_SCHEDULED
ESPN-NCAA_Football-401858455-20260917T180356Z,2026-09-17T11:03:56.100224-07:00,NCAA_Football,NCAA_Football,401858455,2026-09-19T02:30Z,Portland State Vikings,Oregon Ducks,Autzen Stadium,Eugene,OR,False,ESPN_PUBLIC,STATUS_SCHEDULED
ESPN-NHL-401879359-20260917T180356Z,2026-09-17T11:03:56.100224-07:00,NHL,NHL,401879359,2026-09-21T23:00Z,Philadelphia Flyers,Washington Capitals,Giant Center,Hershey,PA,True,ESPN_PUBLIC,STATUS_SCHEDULED
ESPN-NHL-401879450-20260917T180356Z,2026-09-17T11:03:56.100224-07:00,NHL,NHL,401879450,2026-09-21T23:00Z,Detroit Red Wings,Columbus Blue Jackets,Nationwide Arena,Columbus,OH,True,ESPN_PUBLIC,STATUS_SCHEDULED
ESPN-NHL-401879456-20260917T180356Z,2026-09-17T11:03:56.100224-07:00,NHL,NHL,401879456,2026-09-21T23:00Z,Buffalo Sabres,Pittsburgh Penguins,PPG Paints Arena,Pittsburgh,PA,True,ESPN_PUBLIC,STATUS_SCHEDULED
ESPN-NHL-401879645-20260917T180356Z,2026-09-17T11:03:56.100224-07:00,NHL,NHL,401879645,2026-09-21T23:00Z,New York Rangers,New Jersey Devils,Prudential Center,Newark,NJ,True,ESPN_PUBLIC,STATUS_SCHEDULED
ESPN-NHL-401881921-20260917T180356Z,2026-09-17T11:03:56.100224-07:00,NHL,NHL,401881921,2026-09-21T23:00Z,Ottawa Senators,Montreal Canadiens,Colisee Videotron,Trois Rivieres,QC,True,ESPN_PUBLIC,STATUS_SCHEDULED
ESPN-NHL-401878107-20260917T180356Z,2026-09-17T11:03:56.100224-07:00,NHL,NHL,401878107,2026-09-22T00:00Z,Colorado Avalanche,Winnipeg Jets,Canada Life Centre,Winnipeg,MB,True,ESPN_PUBLIC,STATUS_SCHEDULED
ESPN-NHL-401886259-20260917T180356Z,2026-09-17T11:03:56.100224-07:00,NHL,NHL,401886259,2026-09-22T00:00Z,Minnesota Wild,Chicago Blackhawks,United Center,Chicago,IL,True,ESPN_PUBLIC,STATUS_SCHEDULED
ESPN-NHL-401886428-20260917T180356Z,2026-09-17T11:03:56.100224-07:00,NHL,NHL,401886428,2026-09-22T00:00Z,St. Louis Blues,Dallas Stars,American Airlines Center,Dallas,TX,True,ESPN_PUBLIC,STATUS_SCHEDULED
ESPN-NHL-401879644-20260917T180356Z,2026-09-17T11:03:56.100224-07:00,NHL,NHL,401879644,2026-09-20T17:00Z,New York Islanders,New Jersey Devils,Prudential Center,Newark,NJ,True,ESPN_PUBLIC,STATUS_SCHEDULED
ESPN-NHL-401879368-20260917T180356Z,2026-09-17T11:03:56.100224-07:00,NHL,NHL,401879368,2026-09-20T20:00Z,San Jose Sharks,Anaheim Ducks,Honda Center,Anaheim,CA,True,ESPN_PUBLIC,STATUS_SCHEDULED
ESPN-NHL-401879358-20260917T180356Z,2026-09-17T11:03:56.100224-07:00,NHL,NHL,401879358,2026-09-20T21:00Z,Washington Capitals,Boston Bruins,TD Garden,Boston,MA,True,ESPN_PUBLIC,STATUS_SCHEDULED
ESPN-NHL-401881131-20260917T180356Z,2026-09-17T11:03:56.100224-07:00,NHL,NHL,401881131,2026-09-20T21:00Z,Nashville Predators,Tampa Bay Lightning,Benchmark International Arena,Tampa,FL,True,ESPN_PUBLIC,STATUS_SCHEDULED
ESPN-NHL-401879364-20260917T180356Z,2026-09-17T11:03:56.100224-07:00,NHL,NHL,401879364,2026-09-20T23:00Z,Utah Mammoth,Colorado Avalanche,Ball Arena,Denver,CO,True,ESPN_PUBLIC,STATUS_SCHEDULED
ESPN-NHL-401879932-20260917T180356Z,2026-09-17T11:03:56.100224-07:00,NHL,NHL,401879932,2026-09-20T23:00Z,Carolina Hurricanes,Florida Panthers,Amerant Bank Arena,Sunrise,FL,True,ESPN_PUBLIC,STATUS_SCHEDULED
ESPN-NHL-401879309-20260917T180356Z,2026-09-17T11:03:56.100224-07:00,NHL,NHL,401879309,2026-09-21T00:00Z,Seattle Kraken,Calgary Flames,Scotiabank Saddledome,Calgary,AB,True,ESPN_PUBLIC,STATUS_SCHEDULED
ESPN-NHL-401879650-20260917T180356Z,2026-09-17T11:03:56.100224-07:00,NHL,NHL,401879650,2026-09-23T23:00Z,Toronto Maple Leafs,Ottawa Senators,Canadian Tire Centre,Ottawa,ON,True,ESPN_PUBLIC,STATUS_SCHEDULED
ESPN-NHL-401886441-20260917T180356Z,2026-09-17T11:03:56.100224-07:00,NHL,NHL,401886441,2026-09-23T23:00Z,Ottawa Senators,Toronto Maple Leafs,Scotiabank Arena,Toronto,ON,True,ESPN_PUBLIC,STATUS_SCHEDULED
ESPN-NHL-401886429-20260917T180356Z,2026-09-17T11:03:56.100224-07:00,NHL,NHL,401886429,2026-09-24T00:00Z,Minnesota Wild,Dallas Stars,American Airlines Center,Dallas,TX,True,ESPN_PUBLIC,STATUS_SCHEDULED
ESPN-NHL-401879369-20260917T180356Z,2026-09-17T11:03:56.100224-07:00,NHL,NHL,401879369,2026-09-24T02:00Z,Los Angeles Kings,Anaheim Ducks,Honda Center,Anaheim,CA,True,ESPN_PUBLIC,STATUS_SCHEDULED
ESPN-NHL-401881922-20260917T180356Z,2026-09-17T11:03:56.100224-07:00,NHL,NHL,401881922,2026-09-19T23:00Z,Montreal Canadiens,Toronto Maple Leafs,Scotiabank Arena,Toronto,ON,True,ESPN_PUBLIC,STATUS_SCHEDULED
ESPN-NHL-401881923-20260917T180356Z,2026-09-17T11:03:56.100224-07:00,NHL,NHL,401881923,2026-09-19T23:00Z,Toronto Maple Leafs,Montreal Canadiens,Bell Centre,Montreal,QC,True,ESPN_PUBLIC,STATUS_SCHEDULED
ESPN-NHL-401886427-20260917T180356Z,2026-09-17T11:03:56.100224-07:00,NHL,NHL,401886427,2026-09-19T23:00Z,Dallas Stars,St. Louis Blues,Enterprise Center,St. Louis,MO,True,ESPN_PUBLIC,STATUS_SCHEDULED
ESPN-NHL-401878099-20260917T180356Z,2026-09-17T11:03:56.100224-07:00,NHL,NHL,401878099,2026-09-20T00:00Z,Winnipeg Jets,Edmonton Oilers,Rogers Place,Edmonton,AB,True,ESPN_PUBLIC,STATUS_SCHEDULED
ESPN-NHL-401886258-20260917T180356Z,2026-09-17T11:03:56.100224-07:00,NHL,NHL,401886258,2026-09-20T00:00Z,Chicago Blackhawks,Minnesota Wild,Grand Casino Arena,Saint Paul,MN,True,ESPN_PUBLIC,STATUS_SCHEDULED
ESPN-NHL-401879412-20260917T180356Z,2026-09-17T11:03:56.100224-07:00,NHL,NHL,401879412,2026-09-20T01:00Z,Vegas Golden Knights,Los Angeles Kings,Toyota Arena,Ontario,CA,True,ESPN_PUBLIC,STATUS_SCHEDULED
ESPN-NHL-401879652-20260917T180356Z,2026-09-17T11:03:56.100224-07:00,NHL,NHL,401879652,2026-09-20T01:00Z,Vancouver Canucks,Seattle Kraken,Climate Pledge Arena,Seattle,WA,True,ESPN_PUBLIC,STATUS_SCHEDULED
ESPN-NHL-401879362-20260917T180356Z,2026-09-17T11:03:56.100224-07:00,NHL,NHL,401879362,2026-09-22T23:00Z,Philadelphia Flyers,Boston Bruins,TD Garden,Boston,MA,True,ESPN_PUBLIC,STATUS_SCHEDULED
ESPN-NHL-401879451-20260917T180356Z,2026-09-17T11:03:56.100224-07:00,NHL,NHL,401879451,2026-09-22T23:00Z,Detroit Red Wings,Pittsburgh Penguins,PPG Paints Arena,Pittsburgh,PA,True,ESPN_PUBLIC,STATUS_SCHEDULED
ESPN-NHL-401879454-20260917T180356Z,2026-09-17T11:03:56.100224-07:00,NHL,NHL,401879454,2026-09-22T23:00Z,Columbus Blue Jackets,Buffalo Sabres,KeyBank Center,Buffalo,NY,True,ESPN_PUBLIC,STATUS_SCHEDULED
ESPN-NHL-401879648-20260917T180356Z,2026-09-17T11:03:56.100224-07:00,NHL,NHL,401879648,2026-09-22T23:00Z,New York Islanders,New York Rangers,Madison Square Garden,New York,NY,True,ESPN_PUBLIC,STATUS_SCHEDULED
ESPN-NHL-401879933-20260917T180356Z,2026-09-17T11:03:56.100224-07:00,NHL,NHL,401879933,2026-09-22T23:00Z,Florida Panthers,Carolina Hurricanes,Lenovo Center,Raleigh,NC,True,ESPN_PUBLIC,STATUS_SCHEDULED
ESPN-NHL-401878101-20260917T180356Z,2026-09-17T11:03:56.100224-07:00,NHL,NHL,401878101,2026-09-23T00:00Z,Edmonton Oilers,Winnipeg Jets,Canada Life Centre,Winnipeg,MB,True,ESPN_PUBLIC,STATUS_SCHEDULED
ESPN-NHL-401881132-20260917T180356Z,2026-09-17T11:03:56.100224-07:00,NHL,NHL,401881132,2026-09-23T00:00Z,Tampa Bay Lightning,Nashville Predators,Bridgestone Arena,Nashville,TN,True,ESPN_PUBLIC,STATUS_SCHEDULED
ESPN-NHL-401879310-20260917T180356Z,2026-09-17T11:03:56.100224-07:00,NHL,NHL,401879310,2026-09-23T01:00Z,Vancouver Canucks,Calgary Flames,Scotiabank Saddledome,Calgary,AB,True,ESPN_PUBLIC,STATUS_SCHEDULED
ESPN-NHL-401879366-20260917T180356Z,2026-09-17T11:03:56.100224-07:00,NHL,NHL,401879366,2026-09-23T02:00Z,Utah Mammoth,Los Angeles Kings,crypto.com Arena,Los Angeles,CA,True,ESPN_PUBLIC,STATUS_SCHEDULED
ESPN-NHL-401879413-20260917T180356Z,2026-09-17T11:03:56.100224-07:00,NHL,NHL,401879413,2026-09-23T02:00Z,Vegas Golden Knights,San Jose Sharks,SAP Center at San Jose,San Jose,CA,True,ESPN_PUBLIC,STATUS_SCHEDULED
ESPN-NHL-401879363-20260917T180356Z,2026-09-17T11:03:56.100224-07:00,NHL,NHL,401879363,2026-09-24T23:00Z,Boston Bruins,Philadelphia Flyers,Xfinity Mobile Arena,Philadelphia,PA,True,ESPN_PUBLIC,STATUS_SCHEDULED
ESPN-NHL-401879452-20260917T180356Z,2026-09-17T11:03:56.100224-07:00,NHL,NHL,401879452,2026-09-24T23:00Z,Buffalo Sabres,Detroit Red Wings,Little Caesars Arena,Detroit,MI,True,ESPN_PUBLIC,STATUS_SCHEDULED
ESPN-NHL-401879455-20260917T180356Z,2026-09-17T11:03:56.100224-07:00,NHL,NHL,401879455,2026-09-24T23:00Z,Pittsburgh Penguins,Columbus Blue Jackets,Nationwide Arena,Columbus,OH,True,ESPN_PUBLIC,STATUS_SCHEDULED
ESPN-NHL-401879646-20260917T180356Z,2026-09-17T11:03:56.100224-07:00,NHL,NHL,401879646,2026-09-24T23:00Z,New Jersey Devils,New York Rangers,Madison Square Garden,New York,NY,True,ESPN_PUBLIC,STATUS_SCHEDULED
ESPN-NHL-401879934-20260917T180356Z,2026-09-17T11:03:56.100224-07:00,NHL,NHL,401879934,2026-09-24T23:00Z,Nashville Predators,Carolina Hurricanes,First Horizon Coliseum,Greensboro,NC,True,ESPN_PUBLIC,STATUS_SCHEDULED
ESPN-NHL-401881133-20260917T180356Z,2026-09-17T11:03:56.100224-07:00,NHL,NHL,401881133,2026-09-24T23:00Z,Florida Panthers,Tampa Bay Lightning,Benchmark International Arena,Tampa,FL,True,ESPN_PUBLIC,STATUS_SCHEDULED
ESPN-NHL-401886260-20260917T180356Z,2026-09-17T11:03:56.100224-07:00,NHL,NHL,401886260,2026-09-25T00:00Z,Chicago Blackhawks,St. Louis Blues,Enterprise Center,St. Louis,MO,True,ESPN_PUBLIC,STATUS_SCHEDULED
ESPN-NHL-401878103-20260917T180356Z,2026-09-17T11:03:56.100224-07:00,NHL,NHL,401878103,2026-09-25T01:00Z,Edmonton Oilers,Vancouver Canucks,Rogers Arena,Vancouver,BC,True,ESPN_PUBLIC,STATUS_SCHEDULED
ESPN-NHL-401879332-20260917T180356Z,2026-09-17T11:03:56.100224-07:00,NHL,NHL,401879332,2026-09-25T01:40Z,Calgary Flames,Seattle Kraken,Climate Pledge Arena,Seattle,WA,True,ESPN_PUBLIC,STATUS_SCHEDULED
ESPN-NHL-401879367-20260917T180356Z,2026-09-17T11:03:56.100224-07:00,NHL,NHL,401879367,2026-09-25T02:00Z,Utah Mammoth,Vegas Golden Knights,T-Mobile Arena,Las Vegas,NV,True,ESPN_PUBLIC,STATUS_SCHEDULED
ESPN-NHL-401879370-20260917T180356Z,2026-09-17T11:03:56.100224-07:00,NHL,NHL,401879370,2026-09-25T02:00Z,Anaheim Ducks,San Jose Sharks,SAP Center at San Jose,San Jose,CA,True,ESPN_PUBLIC,STATUS_SCHEDULED
ESPN-NFL-401872947-20260917T180356Z,2026-09-17T11:03:56.100224-07:00,NFL,NFL,401872947,2026-09-22T00:15Z,New York Giants,Los Angeles Rams,SoFi Stadium,Inglewood,CA,False,ESPN_PUBLIC,STATUS_SCHEDULED
ESPN-NFL-401872933-20260917T180356Z,2026-09-17T11:03:56.100224-07:00,NFL,NFL,401872933,2026-09-20T17:00Z,Carolina Panthers,Atlanta Falcons,Mercedes-Benz Stadium,Atlanta,GA,True,ESPN_PUBLIC,STATUS_SCHEDULED
ESPN-NFL-401872937-20260917T180356Z,2026-09-17T11:03:56.100224-07:00,NFL,NFL,401872937,2026-09-20T17:00Z,Minnesota Vikings,Chicago Bears,Soldier Field,Chicago,IL,False,ESPN_PUBLIC,STATUS_SCHEDULED
ESPN-NFL-401872939-20260917T180356Z,2026-09-17T11:03:56.100224-07:00,NFL,NFL,401872939,2026-09-20T17:00Z,Philadelphia Eagles,Tennessee Titans,Nissan Stadium,Nashville,TN,False,ESPN_PUBLIC,STATUS_SCHEDULED
ESPN-NFL-401872946-20260917T180356Z,2026-09-17T11:03:56.100224-07:00,NFL,NFL,401872946,2026-09-20T17:00Z,Pittsburgh Steelers,New England Patriots,Gillette Stadium,Foxborough,MA,False,ESPN_PUBLIC,STATUS_SCHEDULED
ESPN-NFL-401872936-20260917T180356Z,2026-09-17T11:03:56.100224-07:00,NFL,NFL,401872936,2026-09-20T17:00Z,Green Bay Packers,New York Jets,MetLife Stadium,East Rutherford,NJ,False,ESPN_PUBLIC,STATUS_SCHEDULED
ESPN-NFL-401872935-20260917T180356Z,2026-09-17T11:03:56.100224-07:00,NFL,NFL,401872935,2026-09-20T17:00Z,Cleveland Browns,Tampa Bay Buccaneers,Raymond James Stadium,Tampa,FL,False,ESPN_PUBLIC,STATUS_SCHEDULED
ESPN-NFL-401872938-20260917T180356Z,2026-09-17T11:03:56.100224-07:00,NFL,NFL,401872938,2026-09-20T17:00Z,New Orleans Saints,Baltimore Ravens,M&T Bank Stadium,Baltimore,MD,False,ESPN_PUBLIC,STATUS_SCHEDULED
ESPN-NFL-401872934-20260917T180356Z,2026-09-17T11:03:56.100224-07:00,NFL,NFL,401872934,2026-09-20T17:00Z,Cincinnati Bengals,Houston Texans,Reliant Stadium,Houston,TX,True,ESPN_PUBLIC,STATUS_SCHEDULED
ESPN-NFL-401872940-20260917T180356Z,2026-09-17T11:03:56.100224-07:00,NFL,NFL,401872940,2026-09-20T20:05Z,Jacksonville Jaguars,Denver Broncos,Empower Field at Mile High,Denver,CO,False,ESPN_PUBLIC,STATUS_SCHEDULED
ESPN-NFL-401872941-20260917T180356Z,2026-09-17T11:03:56.100224-07:00,NFL,NFL,401872941,2026-09-20T20:05Z,Las Vegas Raiders,Los Angeles Chargers,SoFi Stadium,Inglewood,CA,False,ESPN_PUBLIC,STATUS_SCHEDULED
ESPN-NFL-401872944-20260917T180356Z,2026-09-17T11:03:56.100224-07:00,NFL,NFL,401872944,2026-09-20T20:25Z,Washington Commanders,Dallas Cowboys,AT&T Stadium,Arlington,TX,True,ESPN_PUBLIC,STATUS_SCHEDULED
ESPN-NFL-401872943-20260917T180356Z,2026-09-17T11:03:56.100224-07:00,NFL,NFL,401872943,2026-09-20T20:25Z,Seattle Seahawks,Arizona Cardinals,State Farm Stadium,Glendale,AZ,True,ESPN_PUBLIC,STATUS_SCHEDULED
ESPN-NFL-401872942-20260917T180356Z,2026-09-17T11:03:56.100224-07:00,NFL,NFL,401872942,2026-09-20T20:25Z,Miami Dolphins,San Francisco 49ers,Levi's Stadium,Santa Clara,CA,False,ESPN_PUBLIC,STATUS_SCHEDULED
ESPN-NFL-401872945-20260917T180356Z,2026-09-17T11:03:56.100224-07:00,NFL,NFL,401872945,2026-09-21T00:20Z,Indianapolis Colts,Kansas City Chiefs,Arrowhead Stadium,Kansas City,MO,False,ESPN_PUBLIC,STATUS_SCHEDULED
ESPN-NFL-401872932-20260917T180356Z,2026-09-17T11:03:56.100224-07:00,NFL,NFL,401872932,2026-09-18T00:15Z,Detroit Lions,Buffalo Bills,Highmark Stadium,Orchard Park,NY,False,ESPN_PUBLIC,STATUS_SCHEDULED
ESPN-NFL-401872948-20260917T180356Z,2026-09-17T11:03:56.100224-07:00,NFL,NFL,401872948,2026-09-25T00:15Z,Atlanta Falcons,Green Bay Packers,Lambeau Field,Green Bay,WI,False,ESPN_PUBLIC,STATUS_SCHEDULED
ESPN-MLB-401816975-20260917T180356Z,2026-09-17T11:03:56.100224-07:00,MLB,MLB,401816975,2026-09-17T16:35Z,Milwaukee Brewers,Pittsburgh Pirates,PNC Park,Pittsburgh,Pennsylvania,False,ESPN_PUBLIC,STATUS_IN_PROGRESS
ESPN-MLB-401816974-20260917T180356Z,2026-09-17T11:03:56.100224-07:00,MLB,MLB,401816974,2026-09-17T16:40Z,Los Angeles Dodgers,Cincinnati Reds,Great American Ball Park,Cincinnati,Ohio,False,ESPN_PUBLIC,STATUS_IN_PROGRESS
ESPN-MLB-401816973-20260917T180356Z,2026-09-17T11:03:56.100224-07:00,MLB,MLB,401816973,2026-09-17T17:10Z,Athletics,Tampa Bay Rays,Tropicana Field,St. Petersburg,Florida,True,ESPN_PUBLIC,STATUS_IN_PROGRESS
ESPN-MLB-401816980-20260917T180356Z,2026-09-17T11:03:56.100224-07:00,MLB,MLB,401816980,2026-09-17T19:10Z,San Diego Padres,Colorado Rockies,Coors Field,Denver,Colorado,False,ESPN_PUBLIC,STATUS_SCHEDULED
ESPN-MLB-401816976-20260917T180356Z,2026-09-17T11:03:56.100224-07:00,MLB,MLB,401816976,2026-09-17T23:15Z,Philadelphia Phillies,New York Mets,Citi Field,Queens,New York,False,ESPN_PUBLIC,STATUS_SCHEDULED
ESPN-MLB-401816979-20260917T180356Z,2026-09-17T11:03:56.100224-07:00,MLB,MLB,401816979,2026-09-17T23:15Z,Kansas City Royals,Houston Astros,Daikin Park,Houston,Texas,True,ESPN_PUBLIC,STATUS_SCHEDULED
ESPN-MLB-401816978-20260917T180356Z,2026-09-17T11:03:56.100224-07:00,MLB,MLB,401816978,2026-09-17T23:40Z,Detroit Tigers,Chicago White Sox,Rate Field,Chicago,Illinois,False,ESPN_PUBLIC,STATUS_SCHEDULED
ESPN-MLB-401816977-20260917T180356Z,2026-09-17T11:03:56.100224-07:00,MLB,MLB,401816977,2026-09-18T00:05Z,Boston Red Sox,Texas Rangers,Globe Life Field,Arlington,Texas,True,ESPN_PUBLIC,STATUS_SCHEDULED
ESPN-MLB-401816981-20260917T180356Z,2026-09-17T11:03:56.100224-07:00,MLB,MLB,401816981,2026-09-18T01:38Z,Minnesota Twins,Los Angeles Angels,Angel Stadium,Anaheim,California,False,ESPN_PUBLIC,STATUS_SCHEDULED
ESPN-MLB-401817063-20260917T180356Z,2026-09-17T11:03:56.100224-07:00,MLB,MLB,401817063,2026-09-24T16:35Z,St. Louis Cardinals,Pittsburgh Pirates,PNC Park,Pittsburgh,Pennsylvania,False,ESPN_PUBLIC,STATUS_SCHEDULED
ESPN-MLB-401817065-20260917T180356Z,2026-09-17T11:03:56.100224-07:00,MLB,MLB,401817065,2026-09-24T18:10Z,Chicago White Sox,Kansas City Royals,Kauffman Stadium,Kansas City,Missouri,False,ESPN_PUBLIC,STATUS_SCHEDULED
ESPN-MLB-401817066-20260917T180356Z,2026-09-17T11:03:56.100224-07:00,MLB,MLB,401817066,2026-09-24T18:20Z,Miami Marlins,Chicago Cubs,Wrigley Field,Chicago,Illinois,False,ESPN_PUBLIC,STATUS_SCHEDULED
ESPN-MLB-401817067-20260917T180356Z,2026-09-17T11:03:56.100224-07:00,MLB,MLB,401817067,2026-09-24T18:35Z,New York Mets,Texas Rangers,Globe Life Field,Arlington,Texas,True,ESPN_PUBLIC,STATUS_SCHEDULED
ESPN-MLB-401817068-20260917T180356Z,2026-09-17T11:03:56.100224-07:00,MLB,MLB,401817068,2026-09-24T19:10Z,Arizona Diamondbacks,Colorado Rockies,Coors Field,Denver,Colorado,False,ESPN_PUBLIC,STATUS_SCHEDULED
ESPN-MLB-401817062-20260917T180356Z,2026-09-17T11:03:56.100224-07:00,MLB,MLB,401817062,2026-09-24T22:05Z,Milwaukee Brewers,Philadelphia Phillies,Citizens Bank Park,Philadelphia,Pennsylvania,False,ESPN_PUBLIC,STATUS_SCHEDULED
ESPN-MLB-401817061-20260917T180356Z,2026-09-17T11:03:56.100224-07:00,MLB,MLB,401817061,2026-09-24T22:45Z,Cleveland Guardians,Boston Red Sox,Fenway Park,Boston,Massachusetts,False,ESPN_PUBLIC,STATUS_SCHEDULED
ESPN-MLB-401817064-20260917T180356Z,2026-09-17T11:03:56.100224-07:00,MLB,MLB,401817064,2026-09-24T23:05Z,Tampa Bay Rays,New York Yankees,Yankee Stadium,Bronx,New York,False,ESPN_PUBLIC,STATUS_SCHEDULED
ESPN-MLB-401817060-20260917T180356Z,2026-09-17T11:03:56.100224-07:00,MLB,MLB,401817060,2026-09-24T23:15Z,Cincinnati Reds,Atlanta Braves,Truist Park,Atlanta,Georgia,False,ESPN_PUBLIC,STATUS_SCHEDULED
ESPN-MLB-401817069-20260917T180356Z,2026-09-17T11:03:56.100224-07:00,MLB,MLB,401817069,2026-09-25T01:40Z,Los Angeles Angels,Seattle Mariners,T-Mobile Park,Seattle,Washington,True,ESPN_PUBLIC,STATUS_SCHEDULED
ESPN-MLB-401817070-20260917T180356Z,2026-09-17T11:03:56.100224-07:00,MLB,MLB,401817070,2026-09-25T01:40Z,Houston Astros,Athletics,Sutter Health Park,Sacramento,California,False,ESPN_PUBLIC,STATUS_SCHEDULED
ESPN-MLB-401817071-20260917T180356Z,2026-09-17T11:03:56.100224-07:00,MLB,MLB,401817071,2026-09-25T02:10Z,San Diego Padres,Los Angeles Dodgers,Dodger Stadium,Los Angeles,California,False,ESPN_PUBLIC,STATUS_SCHEDULED
ESPN-MLB-401817017-20260917T180356Z,2026-09-17T11:03:56.100224-07:00,MLB,MLB,401817017,2026-09-20T17:10Z,Philadelphia Phillies,New York Mets,Citi Field,Queens,New York,False,ESPN_PUBLIC,STATUS_SCHEDULED
ESPN-MLB-401817015-20260917T180356Z,2026-09-17T11:03:56.100224-07:00,MLB,MLB,401817015,2026-09-20T17:35Z,Kansas City Royals,Pittsburgh Pirates,PNC Park,Pittsburgh,Pennsylvania,False,ESPN_PUBLIC,STATUS_SCHEDULED
ESPN-MLB-401817012-20260917T180356Z,2026-09-17T11:03:56.100224-07:00,MLB,MLB,401817012,2026-09-20T17:40Z,Athletics,Cleveland Guardians,Progressive Field,Cleveland,Ohio,False,ESPN_PUBLIC,STATUS_SCHEDULED
ESPN-MLB-401817013-20260917T180356Z,2026-09-17T11:03:56.100224-07:00,MLB,MLB,401817013,2026-09-20T17:40Z,Boston Red Sox,Tampa Bay Rays,Tropicana Field,St. Petersburg,Florida,True,ESPN_PUBLIC,STATUS_SCHEDULED
ESPN-MLB-401817014-20260917T180356Z,2026-09-17T11:03:56.100224-07:00,MLB,MLB,401817014,2026-09-20T17:40Z,Chicago Cubs,Cincinnati Reds,Great American Ball Park,Cincinnati,Ohio,False,ESPN_PUBLIC,STATUS_SCHEDULED
ESPN-MLB-401817018-20260917T180356Z,2026-09-17T11:03:56.100224-07:00,MLB,MLB,401817018,2026-09-20T18:10Z,Atlanta Braves,Houston Astros,Daikin Park,Houston,Texas,True,ESPN_PUBLIC,STATUS_SCHEDULED
ESPN-MLB-401817019-20260917T180356Z,2026-09-17T11:03:56.100224-07:00,MLB,MLB,401817019,2026-09-20T18:10Z,Detroit Tigers,Chicago White Sox,Rate Field,Chicago,Illinois,False,ESPN_PUBLIC,STATUS_SCHEDULED
ESPN-MLB-401817021-20260917T180356Z,2026-09-17T11:03:56.100224-07:00,MLB,MLB,401817021,2026-09-20T18:15Z,Washington Nationals,St. Louis Cardinals,Busch Stadium,St. Louis,Missouri,False,ESPN_PUBLIC,STATUS_SCHEDULED
ESPN-MLB-401817020-20260917T180356Z,2026-09-17T11:03:56.100224-07:00,MLB,MLB,401817020,2026-09-20T18:35Z,Toronto Blue Jays,Texas Rangers,Globe Life Field,Arlington,Texas,True,ESPN_PUBLIC,STATUS_SCHEDULED
ESPN-MLB-401817022-20260917T180356Z,2026-09-17T11:03:56.100224-07:00,MLB,MLB,401817022,2026-09-20T19:10Z,Seattle Mariners,Colorado Rockies,Coors Field,Denver,Colorado,False,ESPN_PUBLIC,STATUS_SCHEDULED
ESPN-MLB-401817024-20260917T180356Z,2026-09-17T11:03:56.100224-07:00,MLB,MLB,401817024,2026-09-20T20:07Z,Minnesota Twins,Los Angeles Angels,Angel Stadium,Anaheim,California,False,ESPN_PUBLIC,STATUS_SCHEDULED
ESPN-MLB-401817023-20260917T180356Z,2026-09-17T11:03:56.100224-07:00,MLB,MLB,401817023,2026-09-20T20:10Z,Miami Marlins,San Diego Padres,Petco Park,San Diego,California,False,ESPN_PUBLIC,STATUS_SCHEDULED
ESPN-MLB-401817025-20260917T180356Z,2026-09-17T11:03:56.100224-07:00,MLB,MLB,401817025,2026-09-20T20:10Z,New York Yankees,Arizona Diamondbacks,Chase Field,Phoenix,Arizona,True,ESPN_PUBLIC,STATUS_SCHEDULED
ESPN-MLB-401817026-20260917T180356Z,2026-09-17T11:03:56.100224-07:00,MLB,MLB,401817026,2026-09-20T20:10Z,San Francisco Giants,Los Angeles Dodgers,Dodger Stadium,Los Angeles,California,False,ESPN_PUBLIC,STATUS_SCHEDULED
ESPN-MLB-401817016-20260917T180356Z,2026-09-17T11:03:56.100224-07:00,MLB,MLB,401817016,2026-09-20T23:20Z,Milwaukee Brewers,Baltimore Orioles,Oriole Park at Camden Yards,Baltimore,Maryland,False,ESPN_PUBLIC,STATUS_SCHEDULED
ESPN-MLB-401817027-20260917T180356Z,2026-09-17T11:03:56.100224-07:00,MLB,MLB,401817027,2026-09-21T22:35Z,Toronto Blue Jays,Baltimore Orioles,Oriole Park at Camden Yards,Baltimore,Maryland,False,ESPN_PUBLIC,STATUS_SCHEDULED
ESPN-MLB-401817028-20260917T180356Z,2026-09-17T11:03:56.100224-07:00,MLB,MLB,401817028,2026-09-21T22:40Z,Washington Nationals,Detroit Tigers,Comerica Park,Detroit,Michigan,False,ESPN_PUBLIC,STATUS_SCHEDULED
ESPN-MLB-401817029-20260917T180356Z,2026-09-17T11:03:56.100224-07:00,MLB,MLB,401817029,2026-09-22T01:45Z,Minnesota Twins,San Francisco Giants,Oracle Park,San Francisco,California,False,ESPN_PUBLIC,STATUS_SCHEDULED
ESPN-MLB-401816984-20260917T180356Z,2026-09-17T11:03:56.100224-07:00,MLB,MLB,401816984,2026-09-18T22:40Z,Chicago Cubs,Cincinnati Reds,Great American Ball Park,Cincinnati,Ohio,False,ESPN_PUBLIC,STATUS_SCHEDULED
ESPN-MLB-401816985-20260917T180356Z,2026-09-17T11:03:56.100224-07:00,MLB,MLB,401816985,2026-09-18T22:40Z,Kansas City Royals,Pittsburgh Pirates,PNC Park,Pittsburgh,Pennsylvania,False,ESPN_PUBLIC,STATUS_SCHEDULED
ESPN-MLB-401816986-20260917T180356Z,2026-09-17T11:03:56.100224-07:00,MLB,MLB,401816986,2026-09-18T23:05Z,Milwaukee Brewers,Baltimore Orioles,Oriole Park at Camden Yards,Baltimore,Maryland,False,ESPN_PUBLIC,STATUS_SCHEDULED
ESPN-MLB-401816982-20260917T180356Z,2026-09-17T11:03:56.100224-07:00,MLB,MLB,401816982,2026-09-18T23:10Z,Athletics,Cleveland Guardians,Progressive Field,Cleveland,Ohio,False,ESPN_PUBLIC,STATUS_SCHEDULED
ESPN-MLB-401816983-20260917T180356Z,2026-09-17T11:03:56.100224-07:00,MLB,MLB,401816983,2026-09-18T23:10Z,Boston Red Sox,Tampa Bay Rays,Tropicana Field,St. Petersburg,Florida,True,ESPN_PUBLIC,STATUS_SCHEDULED
ESPN-MLB-401816987-20260917T180356Z,2026-09-17T11:03:56.100224-07:00,MLB,MLB,401816987,2026-09-18T23:10Z,Philadelphia Phillies,New York Mets,Citi Field,Queens,New York,False,ESPN_PUBLIC,STATUS_SCHEDULED
ESPN-MLB-401816989-20260917T180356Z,2026-09-17T11:03:56.100224-07:00,MLB,MLB,401816989,2026-09-18T23:40Z,Detroit Tigers,Chicago White Sox,Rate Field,Chicago,Illinois,False,ESPN_PUBLIC,STATUS_SCHEDULED
ESPN-MLB-401816990-20260917T180356Z,2026-09-17T11:03:56.100224-07:00,MLB,MLB,401816990,2026-09-19T00:05Z,Toronto Blue Jays,Texas Rangers,Globe Life Field,Arlington,Texas,True,ESPN_PUBLIC,STATUS_SCHEDULED
ESPN-MLB-401816988-20260917T180356Z,2026-09-17T11:03:56.100224-07:00,MLB,MLB,401816988,2026-09-19T00:10Z,Atlanta Braves,Houston Astros,Daikin Park,Houston,Texas,True,ESPN_PUBLIC,STATUS_SCHEDULED
ESPN-MLB-401816992-20260917T180356Z,2026-09-17T11:03:56.100224-07:00,MLB,MLB,401816992,2026-09-19T00:10Z,Seattle Mariners,Colorado Rockies,Coors Field,Denver,Colorado,False,ESPN_PUBLIC,STATUS_SCHEDULED
ESPN-MLB-401816991-20260917T180356Z,2026-09-17T11:03:56.100224-07:00,MLB,MLB,401816991,2026-09-19T00:15Z,Washington Nationals,St. Louis Cardinals,Busch Stadium,St. Louis,Missouri,False,ESPN_PUBLIC,STATUS_SCHEDULED
ESPN-MLB-401816994-20260917T180356Z,2026-09-17T11:03:56.100224-07:00,MLB,MLB,401816994,2026-09-19T01:38Z,Minnesota Twins,Los Angeles Angels,Angel Stadium,Anaheim,California,False,ESPN_PUBLIC,STATUS_SCHEDULED
ESPN-MLB-401816993-20260917T180356Z,2026-09-17T11:03:56.100224-07:00,MLB,MLB,401816993,2026-09-19T01:40Z,Miami Marlins,San Diego Padres,Petco Park,San Diego,California,False,ESPN_PUBLIC,STATUS_SCHEDULED
ESPN-MLB-401816995-20260917T180356Z,2026-09-17T11:03:56.100224-07:00,MLB,MLB,401816995,2026-09-19T01:40Z,New York Yankees,Arizona Diamondbacks,Chase Field,Phoenix,Arizona,True,ESPN_PUBLIC,STATUS_SCHEDULED
ESPN-MLB-401816996-20260917T180356Z,2026-09-17T11:03:56.100224-07:00,MLB,MLB,401816996,2026-09-19T02:10Z,San Francisco Giants,Los Angeles Dodgers,Dodger Stadium,Los Angeles,California,False,ESPN_PUBLIC,STATUS_SCHEDULED
ESPN-MLB-401873648-20260917T180356Z,2026-09-17T11:03:56.100224-07:00,MLB,MLB,401873648,2026-09-22T17:05Z,Tampa Bay Rays,New York Yankees,Yankee Stadium,Bronx,New York,False,ESPN_PUBLIC,STATUS_SCHEDULED
ESPN-MLB-401817035-20260917T180356Z,2026-09-17T11:03:56.100224-07:00,MLB,MLB,401817035,2026-09-22T22:35Z,Toronto Blue Jays,Baltimore Orioles,Oriole Park at Camden Yards,Baltimore,Maryland,False,ESPN_PUBLIC,STATUS_SCHEDULED
ESPN-MLB-401817032-20260917T180356Z,2026-09-17T11:03:56.100224-07:00,MLB,MLB,401817032,2026-09-22T22:40Z,Milwaukee Brewers,Philadelphia Phillies,Citizens Bank Park,Philadelphia,Pennsylvania,False,ESPN_PUBLIC,STATUS_SCHEDULED
ESPN-MLB-401817033-20260917T180356Z,2026-09-17T11:03:56.100224-07:00,MLB,MLB,401817033,2026-09-22T22:40Z,St. Louis Cardinals,Pittsburgh Pirates,PNC Park,Pittsburgh,Pennsylvania,False,ESPN_PUBLIC,STATUS_SCHEDULED
ESPN-MLB-401817036-20260917T180356Z,2026-09-17T11:03:56.100224-07:00,MLB,MLB,401817036,2026-09-22T22:40Z,Washington Nationals,Detroit Tigers,Comerica Park,Detroit,Michigan,False,ESPN_PUBLIC,STATUS_SCHEDULED
ESPN-MLB-401817031-20260917T180356Z,2026-09-17T11:03:56.100224-07:00,MLB,MLB,401817031,2026-09-22T22:45Z,Cleveland Guardians,Boston Red Sox,Fenway Park,Boston,Massachusetts,False,ESPN_PUBLIC,STATUS_SCHEDULED
ESPN-MLB-401817034-20260917T180356Z,2026-09-17T11:03:56.100224-07:00,MLB,MLB,401817034,2026-09-22T23:05Z,Tampa Bay Rays,New York Yankees,Yankee Stadium,Bronx,New York,False,ESPN_PUBLIC,STATUS_SCHEDULED
ESPN-MLB-401817030-20260917T180356Z,2026-09-17T11:03:56.100224-07:00,MLB,MLB,401817030,2026-09-22T23:15Z,Cincinnati Reds,Atlanta Braves,Truist Park,Atlanta,Georgia,False,ESPN_PUBLIC,STATUS_SCHEDULED
ESPN-MLB-401817037-20260917T180356Z,2026-09-17T11:03:56.100224-07:00,MLB,MLB,401817037,2026-09-22T23:40Z,Chicago White Sox,Kansas City Royals,Kauffman Stadium,Kansas City,Missouri,False,ESPN_PUBLIC,STATUS_SCHEDULED
ESPN-MLB-401817038-20260917T180356Z,2026-09-17T11:03:56.100224-07:00,MLB,MLB,401817038,2026-09-22T23:40Z,Miami Marlins,Chicago Cubs,Wrigley Field,Chicago,Illinois,False,ESPN_PUBLIC,STATUS_SCHEDULED
ESPN-MLB-401817039-20260917T180356Z,2026-09-17T11:03:56.100224-07:00,MLB,MLB,401817039,2026-09-23T00:05Z,New York Mets,Texas Rangers,Globe Life Field,Arlington,Texas,True,ESPN_PUBLIC,STATUS_SCHEDULED
ESPN-MLB-401817040-20260917T180356Z,2026-09-17T11:03:56.100224-07:00,MLB,MLB,401817040,2026-09-23T00:40Z,Arizona Diamondbacks,Colorado Rockies,Coors Field,Denver,Colorado,False,ESPN_PUBLIC,STATUS_SCHEDULED
ESPN-MLB-401817041-20260917T180356Z,2026-09-17T11:03:56.100224-07:00,MLB,MLB,401817041,2026-09-23T01:40Z,Los Angeles Angels,Athletics,Sutter Health Park,Sacramento,California,False,ESPN_PUBLIC,STATUS_SCHEDULED
ESPN-MLB-401817042-20260917T180356Z,2026-09-17T11:03:56.100224-07:00,MLB,MLB,401817042,2026-09-23T01:40Z,Houston Astros,Seattle Mariners,T-Mobile Park,Seattle,Washington,True,ESPN_PUBLIC,STATUS_SCHEDULED
ESPN-MLB-401817043-20260917T180356Z,2026-09-17T11:03:56.100224-07:00,MLB,MLB,401817043,2026-09-23T01:45Z,Minnesota Twins,San Francisco Giants,Oracle Park,San Francisco,California,False,ESPN_PUBLIC,STATUS_SCHEDULED
ESPN-MLB-401817044-20260917T180356Z,2026-09-17T11:03:56.100224-07:00,MLB,MLB,401817044,2026-09-23T02:10Z,San Diego Padres,Los Angeles Dodgers,Dodger Stadium,Los Angeles,California,False,ESPN_PUBLIC,STATUS_SCHEDULED
ESPN-MLB-401817051-20260917T180356Z,2026-09-17T11:03:56.100224-07:00,MLB,MLB,401817051,2026-09-23T17:10Z,Washington Nationals,Detroit Tigers,Comerica Park,Detroit,Michigan,False,ESPN_PUBLIC,STATUS_SCHEDULED
ESPN-MLB-401817058-20260917T180356Z,2026-09-17T11:03:56.100224-07:00,MLB,MLB,401817058,2026-09-23T19:45Z,Minnesota Twins,San Francisco Giants,Oracle Park,San Francisco,California,False,ESPN_PUBLIC,STATUS_SCHEDULED
ESPN-MLB-401817050-20260917T180356Z,2026-09-17T11:03:56.100224-07:00,MLB,MLB,401817050,2026-09-23T22:35Z,Toronto Blue Jays,Baltimore Orioles,Oriole Park at Camden Yards,Baltimore,Maryland,False,ESPN_PUBLIC,STATUS_SCHEDULED
ESPN-MLB-401817047-20260917T180356Z,2026-09-17T11:03:56.100224-07:00,MLB,MLB,401817047,2026-09-23T22:40Z,Milwaukee Brewers,Philadelphia Phillies,Citizens Bank Park,Philadelphia,Pennsylvania,False,ESPN_PUBLIC,STATUS_SCHEDULED
ESPN-MLB-401817048-20260917T180356Z,2026-09-17T11:03:56.100224-07:00,MLB,MLB,401817048,2026-09-23T22:40Z,St. Louis Cardinals,Pittsburgh Pirates,PNC Park,Pittsburgh,Pennsylvania,False,ESPN_PUBLIC,STATUS_SCHEDULED
ESPN-MLB-401817046-20260917T180356Z,2026-09-17T11:03:56.100224-07:00,MLB,MLB,401817046,2026-09-23T23:00Z,Cleveland Guardians,Boston Red Sox,Fenway Park,Boston,Massachusetts,False,ESPN_PUBLIC,STATUS_SCHEDULED
ESPN-MLB-401817049-20260917T180356Z,2026-09-17T11:03:56.100224-07:00,MLB,MLB,401817049,2026-09-23T23:05Z,Tampa Bay Rays,New York Yankees,Yankee Stadium,Bronx,New York,False,ESPN_PUBLIC,STATUS_SCHEDULED
ESPN-MLB-401817045-20260917T180356Z,2026-09-17T11:03:56.100224-07:00,MLB,MLB,401817045,2026-09-23T23:15Z,Cincinnati Reds,Atlanta Braves,Truist Park,Atlanta,Georgia,False,ESPN_PUBLIC,STATUS_SCHEDULED
ESPN-MLB-401817052-20260917T180356Z,2026-09-17T11:03:56.100224-07:00,MLB,MLB,401817052,2026-09-23T23:40Z,Chicago White Sox,Kansas City Royals,Kauffman Stadium,Kansas City,Missouri,False,ESPN_PUBLIC,STATUS_SCHEDULED
ESPN-MLB-401817053-20260917T180356Z,2026-09-17T11:03:56.100224-07:00,MLB,MLB,401817053,2026-09-23T23:40Z,Miami Marlins,Chicago Cubs,Wrigley Field,Chicago,Illinois,False,ESPN_PUBLIC,STATUS_SCHEDULED
ESPN-MLB-401817054-20260917T180356Z,2026-09-17T11:03:56.100224-07:00,MLB,MLB,401817054,2026-09-24T00:05Z,New York Mets,Texas Rangers,Globe Life Field,Arlington,Texas,True,ESPN_PUBLIC,STATUS_SCHEDULED
ESPN-MLB-401817055-20260917T180356Z,2026-09-17T11:03:56.100224-07:00,MLB,MLB,401817055,2026-09-24T00:40Z,Arizona Diamondbacks,Colorado Rockies,Coors Field,Denver,Colorado,False,ESPN_PUBLIC,STATUS_SCHEDULED
ESPN-MLB-401817056-20260917T180356Z,2026-09-17T11:03:56.100224-07:00,MLB,MLB,401817056,2026-09-24T01:40Z,Los Angeles Angels,Athletics,Sutter Health Park,Sacramento,California,False,ESPN_PUBLIC,STATUS_SCHEDULED
ESPN-MLB-401817057-20260917T180356Z,2026-09-17T11:03:56.100224-07:00,MLB,MLB,401817057,2026-09-24T02:00Z,Houston Astros,Seattle Mariners,T-Mobile Park,Seattle,Washington,True,ESPN_PUBLIC,STATUS_SCHEDULED
ESPN-MLB-401817059-20260917T180356Z,2026-09-17T11:03:56.100224-07:00,MLB,MLB,401817059,2026-09-24T02:10Z,San Diego Padres,Los Angeles Dodgers,Dodger Stadium,Los Angeles,California,False,ESPN_PUBLIC,STATUS_SCHEDULED
ESPN-MLB-401817001-20260917T180356Z,2026-09-17T11:03:56.100224-07:00,MLB,MLB,401817001,2026-09-19T20:05Z,Milwaukee Brewers,Baltimore Orioles,Oriole Park at Camden Yards,Baltimore,Maryland,False,ESPN_PUBLIC,STATUS_SCHEDULED
ESPN-MLB-401816998-20260917T180356Z,2026-09-17T11:03:56.100224-07:00,MLB,MLB,401816998,2026-09-19T20:10Z,Boston Red Sox,Tampa Bay Rays,Tropicana Field,St. Petersburg,Florida,True,ESPN_PUBLIC,STATUS_SCHEDULED
ESPN-MLB-401817002-20260917T180356Z,2026-09-17T11:03:56.100224-07:00,MLB,MLB,401817002,2026-09-19T20:10Z,Philadelphia Phillies,New York Mets,Citi Field,Queens,New York,False,ESPN_PUBLIC,STATUS_SCHEDULED
ESPN-MLB-401816997-20260917T180356Z,2026-09-17T11:03:56.100224-07:00,MLB,MLB,401816997,2026-09-19T22:10Z,Athletics,Cleveland Guardians,Progressive Field,Cleveland,Ohio,False,ESPN_PUBLIC,STATUS_SCHEDULED
ESPN-MLB-401816999-20260917T180356Z,2026-09-17T11:03:56.100224-07:00,MLB,MLB,401816999,2026-09-19T22:40Z,Chicago Cubs,Cincinnati Reds,Great American Ball Park,Cincinnati,Ohio,False,ESPN_PUBLIC,STATUS_SCHEDULED
ESPN-MLB-401817000-20260917T180356Z,2026-09-17T11:03:56.100224-07:00,MLB,MLB,401817000,2026-09-19T22:40Z,Kansas City Royals,Pittsburgh Pirates,PNC Park,Pittsburgh,Pennsylvania,False,ESPN_PUBLIC,STATUS_SCHEDULED
ESPN-MLB-401817005-20260917T180356Z,2026-09-17T11:03:56.100224-07:00,MLB,MLB,401817005,2026-09-19T23:05Z,Toronto Blue Jays,Texas Rangers,Globe Life Field,Arlington,Texas,True,ESPN_PUBLIC,STATUS_SCHEDULED
ESPN-MLB-401817003-20260917T180356Z,2026-09-17T11:03:56.100224-07:00,MLB,MLB,401817003,2026-09-19T23:10Z,Atlanta Braves,Houston Astros,Daikin Park,Houston,Texas,True,ESPN_PUBLIC,STATUS_SCHEDULED
ESPN-MLB-401817004-20260917T180356Z,2026-09-17T11:03:56.100224-07:00,MLB,MLB,401817004,2026-09-19T23:10Z,Detroit Tigers,Chicago White Sox,Rate Field,Chicago,Illinois,False,ESPN_PUBLIC,STATUS_SCHEDULED
ESPN-MLB-401817006-20260917T180356Z,2026-09-17T11:03:56.100224-07:00,MLB,MLB,401817006,2026-09-19T23:15Z,Washington Nationals,St. Louis Cardinals,Busch Stadium,St. Louis,Missouri,False,ESPN_PUBLIC,STATUS_SCHEDULED
ESPN-MLB-401817007-20260917T180356Z,2026-09-17T11:03:56.100224-07:00,MLB,MLB,401817007,2026-09-20T00:10Z,Seattle Mariners,Colorado Rockies,Coors Field,Denver,Colorado,False,ESPN_PUBLIC,STATUS_SCHEDULED
ESPN-MLB-401817010-20260917T180356Z,2026-09-17T11:03:56.100224-07:00,MLB,MLB,401817010,2026-09-20T00:10Z,New York Yankees,Arizona Diamondbacks,Chase Field,Phoenix,Arizona,True,ESPN_PUBLIC,STATUS_SCHEDULED
ESPN-MLB-401817008-20260917T180356Z,2026-09-17T11:03:56.100224-07:00,MLB,MLB,401817008,2026-09-20T00:40Z,Miami Marlins,San Diego Padres,Petco Park,San Diego,California,False,ESPN_PUBLIC,STATUS_SCHEDULED
ESPN-MLB-401817011-20260917T180356Z,2026-09-17T11:03:56.100224-07:00,MLB,MLB,401817011,2026-09-20T01:10Z,San Francisco Giants,Los Angeles Dodgers,Dodger Stadium,Los Angeles,California,False,ESPN_PUBLIC,STATUS_SCHEDULED
ESPN-MLB-401817009-20260917T180356Z,2026-09-17T11:03:56.100224-07:00,MLB,MLB,401817009,2026-09-20T01:38Z,Minnesota Twins,Los Angeles Angels,Angel Stadium,Anaheim,California,False,ESPN_PUBLIC,STATUS_SCHEDULED
ESPN-WNBA-401857206-20260917T180827Z,2026-09-17T11:08:27.552898-07:00,WNBA,WNBA,401857206,2026-09-22T00:00Z,Atlanta Dream,New York Liberty,Barclays Center,Brooklyn,NY,True,ESPN_PUBLIC,STATUS_SCHEDULED
ESPN-WNBA-401857207-20260917T180827Z,2026-09-17T11:08:27.552898-07:00,WNBA,WNBA,401857207,2026-09-22T02:00Z,Dallas Wings,Phoenix Mercury,Mortgage Matchup Center,Phoenix,AZ,True,ESPN_PUBLIC,STATUS_SCHEDULED
ESPN-WNBA-401857201-20260917T180827Z,2026-09-17T11:08:27.552898-07:00,WNBA,WNBA,401857201,2026-09-20T17:00Z,Minnesota Lynx,Connecticut Sun,Mohegan Sun Arena,Uncasville,CT,True,ESPN_PUBLIC,STATUS_SCHEDULED
ESPN-WNBA-401857202-20260917T180827Z,2026-09-17T11:08:27.552898-07:00,WNBA,WNBA,401857202,2026-09-20T19:00Z,New York Liberty,Toronto Tempo,Coca-Cola Coliseum,Toronto,ON,True,ESPN_PUBLIC,STATUS_SCHEDULED
ESPN-WNBA-401857203-20260917T180827Z,2026-09-17T11:08:27.552898-07:00,WNBA,WNBA,401857203,2026-09-20T20:00Z,Washington Mystics,Indiana Fever,Gainbridge Fieldhouse,Indianapolis,IN,True,ESPN_PUBLIC,STATUS_SCHEDULED
ESPN-WNBA-401857204-20260917T180827Z,2026-09-17T11:08:27.552898-07:00,WNBA,WNBA,401857204,2026-09-20T23:00Z,Portland Fire,Los Angeles Sparks,crypto.com Arena,Los Angeles,CA,True,ESPN_PUBLIC,STATUS_SCHEDULED
ESPN-WNBA-401857205-20260917T180827Z,2026-09-17T11:08:27.552898-07:00,WNBA,WNBA,401857205,2026-09-21T01:00Z,Seattle Storm,Las Vegas Aces,Michelob ULTRA Arena,Las Vegas,NV,True,ESPN_PUBLIC,STATUS_SCHEDULED
ESPN-WNBA-401857190-20260917T180827Z,2026-09-17T11:08:27.552898-07:00,WNBA,WNBA,401857190,2026-09-17T23:30Z,Connecticut Sun,Atlanta Dream,Gateway Center,College Park,GA,True,ESPN_PUBLIC,STATUS_SCHEDULED
ESPN-WNBA-401857191-20260917T180827Z,2026-09-17T11:08:27.552898-07:00,WNBA,WNBA,401857191,2026-09-18T00:00Z,Washington Mystics,Chicago Sky,Wintrust Arena,Chicago,IL,True,ESPN_PUBLIC,STATUS_SCHEDULED
ESPN-WNBA-401857192-20260917T180827Z,2026-09-17T11:08:27.552898-07:00,WNBA,WNBA,401857192,2026-09-18T00:00Z,Los Angeles Sparks,Dallas Wings,College Park Center,Arlington,TX,True,ESPN_PUBLIC,STATUS_SCHEDULED
ESPN-WNBA-401857193-20260917T180827Z,2026-09-17T11:08:27.552898-07:00,WNBA,WNBA,401857193,2026-09-18T02:00Z,Phoenix Mercury,Portland Fire,Moda Center,Portland,OR,True,ESPN_PUBLIC,STATUS_SCHEDULED
ESPN-WNBA-401857194-20260917T180827Z,2026-09-17T11:08:27.552898-07:00,WNBA,WNBA,401857194,2026-09-18T02:00Z,Las Vegas Aces,Seattle Storm,Climate Pledge Arena,Seattle,WA,True,ESPN_PUBLIC,STATUS_SCHEDULED
ESPN-WNBA-401857208-20260917T180827Z,2026-09-17T11:08:27.552898-07:00,WNBA,WNBA,401857208,2026-09-22T23:30Z,Connecticut Sun,Washington Mystics,CareFirst Arena,Washington,DC,True,ESPN_PUBLIC,STATUS_SCHEDULED
ESPN-WNBA-401857209-20260917T180827Z,2026-09-17T11:08:27.552898-07:00,WNBA,WNBA,401857209,2026-09-23T00:00Z,Minnesota Lynx,Indiana Fever,Gainbridge Fieldhouse,Indianapolis,IN,True,ESPN_PUBLIC,STATUS_SCHEDULED
ESPN-WNBA-401857210-20260917T180827Z,2026-09-17T11:08:27.552898-07:00,WNBA,WNBA,401857210,2026-09-23T00:00Z,Toronto Tempo,Chicago Sky,Wintrust Arena,Chicago,IL,True,ESPN_PUBLIC,STATUS_SCHEDULED
ESPN-WNBA-401857211-20260917T180827Z,2026-09-17T11:08:27.552898-07:00,WNBA,WNBA,401857211,2026-09-23T02:00Z,Los Angeles Sparks,Las Vegas Aces,Michelob ULTRA Arena,Las Vegas,NV,True,ESPN_PUBLIC,STATUS_SCHEDULED
ESPN-WNBA-401857212-20260917T180827Z,2026-09-17T11:08:27.552898-07:00,WNBA,WNBA,401857212,2026-09-23T02:00Z,Golden State Valkyries,Portland Fire,Moda Center,Portland,OR,True,ESPN_PUBLIC,STATUS_SCHEDULED
ESPN-WNBA-401857198-20260917T180827Z,2026-09-17T11:08:27.552898-07:00,WNBA,WNBA,401857198,2026-09-19T17:00Z,Phoenix Mercury,Dallas Wings,College Park Center,Arlington,TX,True,ESPN_PUBLIC,STATUS_SCHEDULED
ESPN-WNBA-401857199-20260917T180827Z,2026-09-17T11:08:27.552898-07:00,WNBA,WNBA,401857199,2026-09-19T23:00Z,Chicago Sky,Atlanta Dream,State Farm Arena,Atlanta,GA,True,ESPN_PUBLIC,STATUS_SCHEDULED
ESPN-WNBA-401857200-20260917T180827Z,2026-09-17T11:08:27.552898-07:00,WNBA,WNBA,401857200,2026-09-20T01:00Z,Seattle Storm,Golden State Valkyries,Chase Center,San Francisco,CA,True,ESPN_PUBLIC,STATUS_SCHEDULED
ESPN-WNBA-401857195-20260917T180827Z,2026-09-17T11:08:27.552898-07:00,WNBA,WNBA,401857195,2026-09-18T23:30Z,Indiana Fever,Toronto Tempo,Coca-Cola Coliseum,Toronto,ON,True,ESPN_PUBLIC,STATUS_SCHEDULED
ESPN-WNBA-401857196-20260917T180827Z,2026-09-17T11:08:27.552898-07:00,WNBA,WNBA,401857196,2026-09-18T23:30Z,New York Liberty,Minnesota Lynx,Target Center,Minneapolis,MN,True,ESPN_PUBLIC,STATUS_SCHEDULED
ESPN-WNBA-401857197-20260917T180827Z,2026-09-17T11:08:27.552898-07:00,WNBA,WNBA,401857197,2026-09-19T02:00Z,Portland Fire,Golden State Valkyries,Chase Center,San Francisco,CA,True,ESPN_PUBLIC,STATUS_SCHEDULED
ESPN-WNBA-401857215-20260917T180827Z,2026-09-17T11:08:27.552898-07:00,WNBA,WNBA,401857215,2026-09-24T23:00Z,Toronto Tempo,Connecticut Sun,Mohegan Sun Arena,Uncasville,CT,True,ESPN_PUBLIC,STATUS_SCHEDULED
ESPN-WNBA-401857216-20260917T180827Z,2026-09-17T11:08:27.552898-07:00,WNBA,WNBA,401857216,2026-09-24T23:30Z,Chicago Sky,Washington Mystics,Capital One Arena,Washington,DC,True,ESPN_PUBLIC,STATUS_SCHEDULED
ESPN-WNBA-401857217-20260917T180827Z,2026-09-17T11:08:27.552898-07:00,WNBA,WNBA,401857217,2026-09-25T00:00Z,Indiana Fever,Minnesota Lynx,Target Center,Minneapolis,MN,True,ESPN_PUBLIC,STATUS_SCHEDULED
ESPN-WNBA-401857218-20260917T180827Z,2026-09-17T11:08:27.552898-07:00,WNBA,WNBA,401857218,2026-09-25T02:00Z,Golden State Valkyries,Los Angeles Sparks,crypto.com Arena,Los Angeles,CA,True,ESPN_PUBLIC,STATUS_SCHEDULED
ESPN-WNBA-401857219-20260917T180827Z,2026-09-17T11:08:27.552898-07:00,WNBA,WNBA,401857219,2026-09-25T02:00Z,Las Vegas Aces,Phoenix Mercury,Mortgage Matchup Center,Phoenix,AZ,True,ESPN_PUBLIC,STATUS_SCHEDULED
ESPN-WNBA-401857213-20260917T180827Z,2026-09-17T11:08:27.552898-07:00,WNBA,WNBA,401857213,2026-09-24T00:00Z,Atlanta Dream,New York Liberty,Barclays Center,Brooklyn,NY,True,ESPN_PUBLIC,STATUS_SCHEDULED
ESPN-WNBA-401857214-20260917T180827Z,2026-09-17T11:08:27.552898-07:00,WNBA,WNBA,401857214,2026-09-24T02:00Z,Dallas Wings,Seattle Storm,Climate Pledge Arena,Seattle,WA,True,ESPN_PUBLIC,STATUS_SCHEDULED
ESPN-NCAA_Football-401858225-20260917T180827Z,2026-09-17T11:08:27.552898-07:00,NCAA_Football,NCAA_Football,401858225,2026-09-17T23:30Z,Syracuse Orange,Pittsburgh Panthers,Acrisure Stadium,Pittsburgh,PA,False,ESPN_PUBLIC,STATUS_SCHEDULED
ESPN-NCAA_Football-401858226-20260917T180827Z,2026-09-17T11:08:27.552898-07:00,NCAA_Football,NCAA_Football,401858226,2026-09-18T23:30Z,Miami Hurricanes,Wake Forest Demon Deacons,Allegacy Federal Credit Union Stadium,Winston-Salem,NC,False,ESPN_PUBLIC,STATUS_SCHEDULED
ESPN-NCAA_Football-401856811-20260917T180827Z,2026-09-17T11:08:27.552898-07:00,NCAA_Football,NCAA_Football,401856811,2026-09-19T00:00Z,Houston Cougars,Texas Tech Red Raiders,Galaxy Stadium,Lubbock,TX,False,ESPN_PUBLIC,STATUS_SCHEDULED
ESPN-NCAA_Football-401858455-20260917T180827Z,2026-09-17T11:08:27.552898-07:00,NCAA_Football,NCAA_Football,401858455,2026-09-19T02:30Z,Portland State Vikings,Oregon Ducks,Autzen Stadium,Eugene,OR,False,ESPN_PUBLIC,STATUS_SCHEDULED
ESPN-NCAA_Football-401869940-20260917T180827Z,2026-09-17T11:08:27.552898-07:00,NCAA_Football,NCAA_Football,401869940,2026-09-19T15:30Z,Coastal Carolina Chanticleers,Delaware Blue Hens,Delaware Stadium,Newark,DE,False,ESPN_PUBLIC,STATUS_SCHEDULED
ESPN-NCAA_Football-401856686-20260917T180827Z,2026-09-17T11:08:27.552898-07:00,NCAA_Football,NCAA_Football,401856686,2026-09-19T16:00Z,Georgia Bulldogs,Arkansas Razorbacks,Donald W. Reynolds Razorback Stadium,Fayetteville,AR,False,ESPN_PUBLIC,STATUS_SCHEDULED
ESPN-NCAA_Football-401858454-20260917T180827Z,2026-09-17T11:08:27.552898-07:00,NCAA_Football,NCAA_Football,401858454,2026-09-19T16:00Z,Kent State Golden Flashes,Ohio State Buckeyes,Ohio Stadium,Columbus,OH,False,ESPN_PUBLIC,STATUS_SCHEDULED
ESPN-NCAA_Football-401858456-20260917T180827Z,2026-09-17T11:08:27.552898-07:00,NCAA_Football,NCAA_Football,401858456,2026-09-19T16:00Z,Buffalo Bulls,Penn State Nittany Lions,Beaver Stadium,University Park,PA,False,ESPN_PUBLIC,STATUS_SCHEDULED
ESPN-NCAA_Football-401856792-20260917T180827Z,2026-09-17T11:08:27.552898-07:00,NCAA_Football,NCAA_Football,401856792,2026-09-19T16:00Z,Tulane Green Wave,Kansas State Wildcats,Bill Snyder Family Stadium,Manhattan,KS,False,ESPN_PUBLIC,STATUS_SCHEDULED
ESPN-NCAA_Football-401856798-20260917T180827Z,2026-09-17T11:08:27.552898-07:00,NCAA_Football,NCAA_Football,401856798,2026-09-19T16:00Z,Bowling Green Falcons,Iowa State Cyclones,Jack Trice Stadium,Ames,IA,False,ESPN_PUBLIC,STATUS_SCHEDULED
ESPN-NCAA_Football-401856812-20260917T180827Z,2026-09-17T11:08:27.552898-07:00,NCAA_Football,NCAA_Football,401856812,2026-09-19T16:00Z,Arizona State Sun Devils,Kansas Jayhawks,Wembley Stadium,London,,False,ESPN_PUBLIC,STATUS_SCHEDULED
ESPN-NCAA_Football-401858228-20260917T180827Z,2026-09-17T11:08:27.552898-07:00,NCAA_Football,NCAA_Football,401858228,2026-09-19T16:00Z,Mercer Bears,Georgia Tech Yellow Jackets,Bobby Dodd Stadium,Atlanta,GA,False,ESPN_PUBLIC,STATUS_SCHEDULED
ESPN-NCAA_Football-401858229-20260917T180827Z,2026-09-17T11:08:27.552898-07:00,NCAA_Football,NCAA_Football,401858229,2026-09-19T16:00Z,North Carolina Tar Heels,Clemson Tigers,"Memorial Stadium (Clemson, SC)",Clemson,SC,False,ESPN_PUBLIC,STATUS_SCHEDULED
ESPN-NCAA_Football-401858451-20260917T180827Z,2026-09-17T11:08:27.552898-07:00,NCAA_Football,NCAA_Football,401858451,2026-09-19T16:00Z,Akron Zips,Minnesota Golden Gophers,Huntington Bank Stadium,Minneapolis,MN,False,ESPN_PUBLIC,STATUS_SCHEDULED
ESPN-NCAA_Football-401860889-20260917T180827Z,2026-09-17T11:08:27.552898-07:00,NCAA_Football,NCAA_Football,401860889,2026-09-19T16:00Z,North Texas Mean Green,Texas State Bobcats,UFCU Stadium,San Marcos,TX,False,ESPN_PUBLIC,STATUS_SCHEDULED
ESPN-NCAA_Football-401858460-20260917T180827Z,2026-09-17T11:08:27.552898-07:00,NCAA_Football,NCAA_Football,401858460,2026-09-19T16:30Z,Eastern Michigan Eagles,Wisconsin Badgers,Camp Randall Stadium,Madison,WI,False,ESPN_PUBLIC,STATUS_SCHEDULED
ESPN-NCAA_Football-401856695-20260917T180827Z,2026-09-17T11:08:27.552898-07:00,NCAA_Football,NCAA_Football,401856695,2026-09-19T16:45Z,NC State Wolfpack,Vanderbilt Commodores,FirstBank Stadium,Nashville,TN,False,ESPN_PUBLIC,STATUS_SCHEDULED
ESPN-NCAA_Football-401864508-20260917T180827Z,2026-09-17T11:08:27.552898-07:00,NCAA_Football,NCAA_Football,401864508,2026-09-19T17:00Z,Wyoming Cowboys,Central Michigan Chippewas,Kelly/Shorts Stadium,Mount Pleasant,MI,False,ESPN_PUBLIC,STATUS_SCHEDULED
ESPN-NCAA_Football-401858227-20260917T180827Z,2026-09-17T11:08:27.552898-07:00,NCAA_Football,NCAA_Football,401858227,2026-09-19T18:00Z,Maine Black Bears,Boston College Eagles,"Alumni Stadium (Chestnut Hill, MA)",Chestnut Hill,MA,False,ESPN_PUBLIC,STATUS_SCHEDULED
ESPN-NCAA_Football-401858448-20260917T180827Z,2026-09-17T11:08:27.552898-07:00,NCAA_Football,NCAA_Football,401858448,2026-09-19T18:00Z,Southern Illinois Salukis,Illinois Fighting Illini,Gies Memorial Stadium,Champaign,IL,False,ESPN_PUBLIC,STATUS_SCHEDULED
ESPN-NCAA_Football-401862774-20260917T180827Z,2026-09-17T11:08:27.552898-07:00,NCAA_Football,NCAA_Football,401862774,2026-09-19T19:00Z,Temple Owls,Toledo Rockets,Glass Bowl,Toledo,OH,False,ESPN_PUBLIC,STATUS_SCHEDULED
ESPN-NCAA_Football-401856694-20260917T180827Z,2026-09-17T11:08:27.552898-07:00,NCAA_Football,NCAA_Football,401856694,2026-09-19T19:30Z,Kentucky Wildcats,Texas A&M Aggies,Kyle Field,College Station,TX,False,ESPN_PUBLIC,STATUS_SCHEDULED
ESPN-NCAA_Football-401856685-20260917T180827Z,2026-09-17T11:08:27.552898-07:00,NCAA_Football,NCAA_Football,401856685,2026-09-19T19:30Z,Florida State Seminoles,Alabama Crimson Tide,Bryant-Denny Stadium,Tuscaloosa,AL,False,ESPN_PUBLIC,STATUS_SCHEDULED
ESPN-NCAA_Football-401858457-20260917T180827Z,2026-09-17T11:08:27.552898-07:00,NCAA_Football,NCAA_Football,401858457,2026-09-19T19:30Z,USC Trojans,Rutgers Scarlet Knights,SHI Stadium,Piscataway,NJ,False,ESPN_PUBLIC,STATUS_SCHEDULED
ESPN-NCAA_Football-401858230-20260917T180827Z,2026-09-17T11:08:27.552898-07:00,NCAA_Football,NCAA_Football,401858230,2026-09-19T19:30Z,SMU Mustangs,Louisville Cardinals,L&N Federal Credit Union Stadium,Louisville,KY,False,ESPN_PUBLIC,STATUS_SCHEDULED
ESPN-NCAA_Football-401856801-20260917T180827Z,2026-09-17T11:08:27.552898-07:00,NCAA_Football,NCAA_Football,401856801,2026-09-19T19:30Z,Utah State Aggies,Utah Utes,Rice-Eccles Stadium,Salt Lake City,UT,False,ESPN_PUBLIC,STATUS_SCHEDULED
ESPN-NCAA_Football-401858450-20260917T180827Z,2026-09-17T11:08:27.552898-07:00,NCAA_Football,NCAA_Football,401858450,2026-09-19T19:30Z,UTEP Miners,Michigan Wolverines,Michigan Stadium,Ann Arbor,MI,False,ESPN_PUBLIC,STATUS_SCHEDULED
ESPN-NCAA_Football-401856797-20260917T180827Z,2026-09-17T11:08:27.552898-07:00,NCAA_Football,NCAA_Football,401856797,2026-09-19T19:30Z,Miami (OH) RedHawks,Cincinnati Bearcats,TQL Stadium,Cincinnati,OH,False,ESPN_PUBLIC,STATUS_SCHEDULED
ESPN-NCAA_Football-401858233-20260917T180827Z,2026-09-17T11:08:27.552898-07:00,NCAA_Football,NCAA_Football,401858233,2026-09-19T19:30Z,Wagner Seahawks,California Golden Bears,California Memorial Stadium,Berkeley,CA,False,ESPN_PUBLIC,STATUS_SCHEDULED
ESPN-NCAA_Football-401860890-20260917T180827Z,2026-09-17T11:08:27.552898-07:00,NCAA_Football,NCAA_Football,401860890,2026-09-19T19:30Z,Duquesne Dukes,Washington State Cougars,Martin Stadium,Pullman,WA,False,ESPN_PUBLIC,STATUS_SCHEDULED
ESPN-NCAA_Football-401866424-20260917T180827Z,2026-09-17T11:08:27.552898-07:00,NCAA_Football,NCAA_Football,401866424,2026-09-19T19:30Z,Stonehill Skyhawks,Massachusetts Minutemen,Warren McGuirk Alumni Stadium,Amherst,MA,False,ESPN_PUBLIC,STATUS_SCHEDULED
ESPN-NCAA_Football-401858449-20260917T180827Z,2026-09-17T11:08:27.552898-07:00,NCAA_Football,NCAA_Football,401858449,2026-09-19T20:00Z,Western Kentucky Hilltoppers,Indiana Hoosiers,"Memorial Stadium (Bloomington, IN)",Bloomington,IN,False,ESPN_PUBLIC,STATUS_SCHEDULED
ESPN-NCAA_Football-401858471-20260917T180827Z,2026-09-17T11:08:27.552898-07:00,NCAA_Football,NCAA_Football,401858471,2026-09-19T20:00Z,Northern Iowa Panthers,Iowa Hawkeyes,Kinnick Stadium,Iowa City,IA,False,ESPN_PUBLIC,STATUS_SCHEDULED
ESPN-NCAA_Football-401858231-20260917T180827Z,2026-09-17T11:08:27.552898-07:00,NCAA_Football,NCAA_Football,401858231,2026-09-19T20:00Z,Stanford Cardinal,Duke Blue Devils,Wallace Wade Stadium,Durham,NC,False,ESPN_PUBLIC,STATUS_SCHEDULED
ESPN-NCAA_Football-401866422-20260917T180827Z,2026-09-17T11:08:27.552898-07:00,NCAA_Football,NCAA_Football,401866422,2026-09-19T20:00Z,Ball State Cardinals,Liberty Flames,Williams Stadium (VA),Lynchburg,VA,False,ESPN_PUBLIC,STATUS_SCHEDULED
ESPN-NCAA_Football-401867804-20260917T180827Z,2026-09-17T11:08:27.552898-07:00,NCAA_Football,NCAA_Football,401867804,2026-09-19T20:00Z,Louisiana Tech Bulldogs,Baylor Bears,McLane Stadium,Waco,TX,False,ESPN_PUBLIC,STATUS_SCHEDULED
ESPN-NCAA_Football-401856691-20260917T180827Z,2026-09-17T11:08:27.552898-07:00,NCAA_Football,NCAA_Football,401856691,2026-09-19T20:15Z,Mississippi State Bulldogs,South Carolina Gamecocks,Williams-Brice Stadium,Columbia,SC,False,ESPN_PUBLIC,STATUS_SCHEDULED
ESPN-NCAA_Football-401868317-20260917T180827Z,2026-09-17T11:08:27.552898-07:00,NCAA_Football,NCAA_Football,401868317,2026-09-19T20:30Z,SE Louisiana Lions,UL Monroe Warhawks,Malone Stadium,Monroe,LA,False,ESPN_PUBLIC,STATUS_SCHEDULED
ESPN-NCAA_Football-401862710-20260917T180827Z,2026-09-17T11:08:27.552898-07:00,NCAA_Football,NCAA_Football,401862710,2026-09-19T22:00Z,East Carolina Pirates,Old Dominion Monarchs,S.B. Ballard Stadium,Norfolk,VA,False,ESPN_PUBLIC,STATUS_SCHEDULED
ESPN-NCAA_Football-401862771-20260917T180827Z,2026-09-17T11:08:27.552898-07:00,NCAA_Football,NCAA_Football,401862771,2026-09-19T22:00Z,Florida International Panthers,Florida Atlantic Owls,Flagler Credit Union Stadium,Boca Raton,FL,False,ESPN_PUBLIC,STATUS_SCHEDULED
ESPN-NCAA_Football-401864574-20260917T180827Z,2026-09-17T11:08:27.552898-07:00,NCAA_Football,NCAA_Football,401864574,2026-09-19T22:00Z,Charlotte 49ers,App State Mountaineers,Kidd Brewer Stadium,Boone,NC,False,ESPN_PUBLIC,STATUS_SCHEDULED
ESPN-NCAA_Football-401871047-20260917T180827Z,2026-09-17T11:08:27.552898-07:00,NCAA_Football,NCAA_Football,401871047,2026-09-19T22:30Z,Marshall Thundering Herd,Missouri State Bears,Robert W. Plaster Stadium,Springfield,MO,False,ESPN_PUBLIC,STATUS_SCHEDULED
ESPN-NCAA_Football-401856689-20260917T180827Z,2026-09-17T11:08:27.552898-07:00,NCAA_Football,NCAA_Football,401856689,2026-09-19T23:00Z,Troy Trojans,Missouri Tigers,Memorial Stadium,Columbia,MO,False,ESPN_PUBLIC,STATUS_SCHEDULED
ESPN-NCAA_Football-401856687-20260917T180827Z,2026-09-17T11:08:27.552898-07:00,NCAA_Football,NCAA_Football,401856687,2026-09-19T23:00Z,Florida Gators,Auburn Tigers,Jordan-Hare Stadium,Auburn,AL,False,ESPN_PUBLIC,STATUS_SCHEDULED
ESPN-NCAA_Football-401856800-20260917T180827Z,2026-09-17T11:08:27.552898-07:00,NCAA_Football,NCAA_Football,401856800,2026-09-19T23:00Z,Georgia State Panthers,UCF Knights,Acrisure Bounce House,Orlando,FL,False,ESPN_PUBLIC,STATUS_SCHEDULED
ESPN-NCAA_Football-401856803-20260917T180827Z,2026-09-17T11:08:27.552898-07:00,NCAA_Football,NCAA_Football,401856803,2026-09-19T23:00Z,Murray State Racers,Oklahoma State Cowboys,Boone Pickens Stadium,Stillwater,OK,False,ESPN_PUBLIC,STATUS_SCHEDULED
ESPN-NCAA_Football-401861963-20260917T180827Z,2026-09-17T11:08:27.552898-07:00,NCAA_Football,NCAA_Football,401861963,2026-09-19T23:00Z,UConn Huskies,Southern Miss Golden Eagles,M. M. Roberts Stadium,Hattiesburg,MS,False,ESPN_PUBLIC,STATUS_SCHEDULED
ESPN-NCAA_Football-401862772-20260917T180827Z,2026-09-17T11:08:27.552898-07:00,NCAA_Football,NCAA_Football,401862772,2026-09-19T23:00Z,UT Martin Skyhawks,Memphis Tigers,Simmons Bank Liberty Stadium,Memphis,TN,False,ESPN_PUBLIC,STATUS_SCHEDULED
ESPN-NCAA_Football-401862773-20260917T180827Z,2026-09-17T11:08:27.552898-07:00,NCAA_Football,NCAA_Football,401862773,2026-09-19T23:00Z,Western Michigan Broncos,Rice Owls,Rice Stadium,Houston,TX,False,ESPN_PUBLIC,STATUS_SCHEDULED
ESPN-NCAA_Football-401862777-20260917T180827Z,2026-09-17T11:08:27.552898-07:00,NCAA_Football,NCAA_Football,401862777,2026-09-19T23:00Z,Delaware State Hornets,South Florida Bulls,Raymond James Stadium,Tampa,FL,False,ESPN_PUBLIC,STATUS_SCHEDULED
ESPN-NCAA_Football-401864443-20260917T180827Z,2026-09-17T11:08:27.552898-07:00,NCAA_Football,NCAA_Football,401864443,2026-09-19T23:00Z,Nevada Wolf Pack,Middle Tennessee Blue Raiders,"Johnny ""Red"" Floyd Stadium",Murfreesboro,TN,False,ESPN_PUBLIC,STATUS_SCHEDULED
ESPN-NCAA_Football-401866423-20260917T180827Z,2026-09-17T11:08:27.552898-07:00,NCAA_Football,NCAA_Football,401866423,2026-09-19T23:00Z,Ohio Bobcats,South Alabama Jaguars,Hancock Whitney Stadium,Mobile,AL,False,ESPN_PUBLIC,STATUS_SCHEDULED
ESPN-NCAA_Football-401869948-20260917T180827Z,2026-09-17T11:08:27.552898-07:00,NCAA_Football,NCAA_Football,401869948,2026-09-19T23:00Z,Georgia Southern Eagles,Jacksonville State Gamecocks,AmFirst Stadium,Jacksonville,AL,False,ESPN_PUBLIC,STATUS_SCHEDULED
ESPN-NCAA_Football-401870764-20260917T180827Z,2026-09-17T11:08:27.552898-07:00,NCAA_Football,NCAA_Football,401870764,2026-09-19T23:00Z,Nicholls Colonels,Sam Houston Bearkats,Elliott T. Bowers Stadium,Huntsville,TX,False,ESPN_PUBLIC,STATUS_SCHEDULED
ESPN-NCAA_Football-401858452-20260917T180827Z,2026-09-17T11:08:27.552898-07:00,NCAA_Football,NCAA_Football,401858452,2026-09-19T23:15Z,North Dakota Fighting Hawks,Nebraska Cornhuskers,"Memorial Stadium (Lincoln, NE)",Lincoln,NE,False,ESPN_PUBLIC,STATUS_SCHEDULED
ESPN-NCAA_Football-401858459-20260917T180827Z,2026-09-17T11:08:27.552898-07:00,NCAA_Football,NCAA_Football,401858459,2026-09-19T23:15Z,Eastern Washington Eagles,Washington Huskies,Husky Stadium,Seattle,WA,False,ESPN_PUBLIC,STATUS_SCHEDULED
ESPN-NCAA_Football-401858453-20260917T180827Z,2026-09-17T11:08:27.552898-07:00,NCAA_Football,NCAA_Football,401858453,2026-09-19T23:30Z,Michigan State Spartans,Notre Dame Fighting Irish,Notre Dame Stadium,Notre Dame,IN,False,ESPN_PUBLIC,STATUS_SCHEDULED
ESPN-NCAA_Football-401856688-20260917T180827Z,2026-09-17T11:08:27.552898-07:00,NCAA_Football,NCAA_Football,401856688,2026-09-19T23:30Z,LSU Tigers,Ole Miss Rebels,Vaught-Hemingway Stadium,Oxford,MS,False,ESPN_PUBLIC,STATUS_SCHEDULED
ESPN-NCAA_Football-401856795-20260917T180827Z,2026-09-17T11:08:27.552898-07:00,NCAA_Football,NCAA_Football,401856795,2026-09-19T23:30Z,BYU Cougars,Colorado State Rams,Canvas Stadium,Fort Collins,CO,False,ESPN_PUBLIC,STATUS_SCHEDULED
ESPN-NCAA_Football-401856690-20260917T180827Z,2026-09-17T11:08:27.552898-07:00,NCAA_Football,NCAA_Football,401856690,2026-09-19T23:30Z,New Mexico Lobos,Oklahoma Sooners,"Memorial Stadium (Norman, OK)",Norman,OK,False,ESPN_PUBLIC,STATUS_SCHEDULED
ESPN-NCAA_Football-401856802-20260917T180827Z,2026-09-17T11:08:27.552898-07:00,NCAA_Football,NCAA_Football,401856802,2026-09-19T23:30Z,West Virginia Mountaineers,Virginia Cavaliers,Bank of America Stadium,Charlotte,NC,False,ESPN_PUBLIC,STATUS_SCHEDULED
ESPN-NCAA_Football-401856796-20260917T180827Z,2026-09-17T11:08:27.552898-07:00,NCAA_Football,NCAA_Football,401856796,2026-09-19T23:30Z,Colorado Buffaloes,Northwestern Wildcats,Northwestern Medicine Field at Martin Stadium,Evanston,IL,False,ESPN_PUBLIC,STATUS_SCHEDULED
ESPN-NCAA_Football-401858232-20260917T180827Z,2026-09-17T11:08:27.552898-07:00,NCAA_Football,NCAA_Football,401858232,2026-09-19T23:30Z,Virginia Tech Hokies,Maryland Terrapins,SECU Stadium,College Park,MD,False,ESPN_PUBLIC,STATUS_SCHEDULED
ESPN-NCAA_Football-401856692-20260917T180827Z,2026-09-17T11:08:27.552898-07:00,NCAA_Football,NCAA_Football,401856692,2026-09-19T23:45Z,Kennesaw State Owls,Tennessee Volunteers,Neyland Stadium,Knoxville,TN,False,ESPN_PUBLIC,STATUS_SCHEDULED
ESPN-NCAA_Football-401856693-20260917T180827Z,2026-09-17T11:08:27.552898-07:00,NCAA_Football,NCAA_Football,401856693,2026-09-20T00:00Z,UTSA Roadrunners,Texas Longhorns,DKR-Texas Memorial Stadium,Austin,TX,False,ESPN_PUBLIC,STATUS_SCHEDULED
ESPN-NCAA_Football-401856799-20260917T180827Z,2026-09-17T11:08:27.552898-07:00,NCAA_Football,NCAA_Football,401856799,2026-09-20T00:00Z,Arkansas State Red Wolves,TCU Horned Frogs,Amon G. Carter Stadium,Fort Worth,TX,False,ESPN_PUBLIC,STATUS_SCHEDULED
ESPN-NCAA_Football-401862775-20260917T180827Z,2026-09-17T11:08:27.552898-07:00,NCAA_Football,NCAA_Football,401862775,2026-09-20T00:00Z,East Texas A&M Lions,Tulsa Golden Hurricane,H. A. Chapman Stadium,Tulsa,OK,False,ESPN_PUBLIC,STATUS_SCHEDULED
ESPN-NCAA_Football-401862776-20260917T180827Z,2026-09-17T11:08:27.552898-07:00,NCAA_Football,NCAA_Football,401862776,2026-09-20T00:00Z,UAB Blazers,Louisiana Ragin' Cajuns,Our Lady of Lourdes Stadium,Lafayette,LA,False,ESPN_PUBLIC,STATUS_SCHEDULED
ESPN-NCAA_Football-401860885-20260917T180827Z,2026-09-17T11:08:27.552898-07:00,NCAA_Football,NCAA_Football,401860885,2026-09-20T02:00Z,South Dakota Coyotes,Boise State Broncos,Albertsons Stadium,Boise,ID,False,ESPN_PUBLIC,STATUS_SCHEDULED
ESPN-NCAA_Football-401860887-20260917T180827Z,2026-09-17T11:08:27.552898-07:00,NCAA_Football,NCAA_Football,401860887,2026-09-20T02:00Z,James Madison Dukes,San Diego State Aztecs,Snapdragon Stadium,San Diego,CA,False,ESPN_PUBLIC,STATUS_SCHEDULED
ESPN-NCAA_Football-401856793-20260917T180827Z,2026-09-17T11:08:27.552898-07:00,NCAA_Football,NCAA_Football,401856793,2026-09-20T02:30Z,Northern Illinois Huskies,Arizona Wildcats,Casino Del Sol Stadium,Tucson,AZ,False,ESPN_PUBLIC,STATUS_SCHEDULED
ESPN-NCAA_Football-401864507-20260917T180827Z,2026-09-17T11:08:27.552898-07:00,NCAA_Football,NCAA_Football,401864507,2026-09-20T02:30Z,North Dakota State Bison,Sacramento State Hornets,Hornet Stadium,Sacramento,CA,False,ESPN_PUBLIC,STATUS_SCHEDULED
ESPN-NCAA_Football-401858458-20260917T180827Z,2026-09-17T11:08:27.552898-07:00,NCAA_Football,NCAA_Football,401858458,2026-09-20T03:00Z,Purdue Boilermakers,UCLA Bruins,Rose Bowl,Pasadena,CA,False,ESPN_PUBLIC,STATUS_SCHEDULED
ESPN-NCAA_Football-401860886-20260917T180827Z,2026-09-17T11:08:27.552898-07:00,NCAA_Football,NCAA_Football,401860886,2026-09-20T03:00Z,Montana Grizzlies,Oregon State Beavers,Reser Stadium,Corvallis,OR,False,ESPN_PUBLIC,STATUS_SCHEDULED
ESPN-NCAA_Football-401860888-20260917T180827Z,2026-09-17T11:08:27.552898-07:00,NCAA_Football,NCAA_Football,401860888,2026-09-20T03:00Z,Fresno State Bulldogs,San José State Spartans,CEFCU Stadium,San Jose,CA,False,ESPN_PUBLIC,STATUS_SCHEDULED
ESPN-NCAA_Football-401869941-20260917T180827Z,2026-09-17T11:08:27.552898-07:00,NCAA_Football,NCAA_Football,401869941,2026-09-24T23:30Z,Liberty Flames,Coastal Carolina Chanticleers,Brooks Stadium (SC),Conway,SC,False,ESPN_PUBLIC,STATUS_SCHEDULED
ESPN-NFL-401872932-20260917T180827Z,2026-09-17T11:08:27.552898-07:00,NFL,NFL,401872932,2026-09-18T00:15Z,Detroit Lions,Buffalo Bills,Highmark Stadium,Orchard Park,NY,False,ESPN_PUBLIC,STATUS_SCHEDULED
ESPN-NFL-401872948-20260917T180827Z,2026-09-17T11:08:27.552898-07:00,NFL,NFL,401872948,2026-09-25T00:15Z,Atlanta Falcons,Green Bay Packers,Lambeau Field,Green Bay,WI,False,ESPN_PUBLIC,STATUS_SCHEDULED
ESPN-NFL-401872933-20260917T180827Z,2026-09-17T11:08:27.552898-07:00,NFL,NFL,401872933,2026-09-20T17:00Z,Carolina Panthers,Atlanta Falcons,Mercedes-Benz Stadium,Atlanta,GA,True,ESPN_PUBLIC,STATUS_SCHEDULED
ESPN-NFL-401872937-20260917T180827Z,2026-09-17T11:08:27.552898-07:00,NFL,NFL,401872937,2026-09-20T17:00Z,Minnesota Vikings,Chicago Bears,Soldier Field,Chicago,IL,False,ESPN_PUBLIC,STATUS_SCHEDULED
ESPN-NFL-401872939-20260917T180827Z,2026-09-17T11:08:27.552898-07:00,NFL,NFL,401872939,2026-09-20T17:00Z,Philadelphia Eagles,Tennessee Titans,Nissan Stadium,Nashville,TN,False,ESPN_PUBLIC,STATUS_SCHEDULED
ESPN-NFL-401872946-20260917T180827Z,2026-09-17T11:08:27.552898-07:00,NFL,NFL,401872946,2026-09-20T17:00Z,Pittsburgh Steelers,New England Patriots,Gillette Stadium,Foxborough,MA,False,ESPN_PUBLIC,STATUS_SCHEDULED
ESPN-NFL-401872936-20260917T180827Z,2026-09-17T11:08:27.552898-07:00,NFL,NFL,401872936,2026-09-20T17:00Z,Green Bay Packers,New York Jets,MetLife Stadium,East Rutherford,NJ,False,ESPN_PUBLIC,STATUS_SCHEDULED
ESPN-NFL-401872935-20260917T180827Z,2026-09-17T11:08:27.552898-07:00,NFL,NFL,401872935,2026-09-20T17:00Z,Cleveland Browns,Tampa Bay Buccaneers,Raymond James Stadium,Tampa,FL,False,ESPN_PUBLIC,STATUS_SCHEDULED
ESPN-NFL-401872938-20260917T180827Z,2026-09-17T11:08:27.552898-07:00,NFL,NFL,401872938,2026-09-20T17:00Z,New Orleans Saints,Baltimore Ravens,M&T Bank Stadium,Baltimore,MD,False,ESPN_PUBLIC,STATUS_SCHEDULED
ESPN-NFL-401872934-20260917T180827Z,2026-09-17T11:08:27.552898-07:00,NFL,NFL,401872934,2026-09-20T17:00Z,Cincinnati Bengals,Houston Texans,Reliant Stadium,Houston,TX,True,ESPN_PUBLIC,STATUS_SCHEDULED
ESPN-NFL-401872940-20260917T180827Z,2026-09-17T11:08:27.552898-07:00,NFL,NFL,401872940,2026-09-20T20:05Z,Jacksonville Jaguars,Denver Broncos,Empower Field at Mile High,Denver,CO,False,ESPN_PUBLIC,STATUS_SCHEDULED
ESPN-NFL-401872941-20260917T180827Z,2026-09-17T11:08:27.552898-07:00,NFL,NFL,401872941,2026-09-20T20:05Z,Las Vegas Raiders,Los Angeles Chargers,SoFi Stadium,Inglewood,CA,False,ESPN_PUBLIC,STATUS_SCHEDULED
ESPN-NFL-401872944-20260917T180827Z,2026-09-17T11:08:27.552898-07:00,NFL,NFL,401872944,2026-09-20T20:25Z,Washington Commanders,Dallas Cowboys,AT&T Stadium,Arlington,TX,True,ESPN_PUBLIC,STATUS_SCHEDULED
ESPN-NFL-401872943-20260917T180827Z,2026-09-17T11:08:27.552898-07:00,NFL,NFL,401872943,2026-09-20T20:25Z,Seattle Seahawks,Arizona Cardinals,State Farm Stadium,Glendale,AZ,True,ESPN_PUBLIC,STATUS_SCHEDULED
ESPN-NFL-401872942-20260917T180827Z,2026-09-17T11:08:27.552898-07:00,NFL,NFL,401872942,2026-09-20T20:25Z,Miami Dolphins,San Francisco 49ers,Levi's Stadium,Santa Clara,CA,False,ESPN_PUBLIC,STATUS_SCHEDULED
ESPN-NFL-401872945-20260917T180827Z,2026-09-17T11:08:27.552898-07:00,NFL,NFL,401872945,2026-09-21T00:20Z,Indianapolis Colts,Kansas City Chiefs,Arrowhead Stadium,Kansas City,MO,False,ESPN_PUBLIC,STATUS_SCHEDULED
ESPN-NFL-401872947-20260917T180827Z,2026-09-17T11:08:27.552898-07:00,NFL,NFL,401872947,2026-09-22T00:15Z,New York Giants,Los Angeles Rams,SoFi Stadium,Inglewood,CA,False,ESPN_PUBLIC,STATUS_SCHEDULED
ESPN-MLB-401817017-20260917T180827Z,2026-09-17T11:08:27.552898-07:00,MLB,MLB,401817017,2026-09-20T17:10Z,Philadelphia Phillies,New York Mets,Citi Field,Queens,New York,False,ESPN_PUBLIC,STATUS_SCHEDULED
ESPN-MLB-401817015-20260917T180827Z,2026-09-17T11:08:27.552898-07:00,MLB,MLB,401817015,2026-09-20T17:35Z,Kansas City Royals,Pittsburgh Pirates,PNC Park,Pittsburgh,Pennsylvania,False,ESPN_PUBLIC,STATUS_SCHEDULED
ESPN-MLB-401817012-20260917T180827Z,2026-09-17T11:08:27.552898-07:00,MLB,MLB,401817012,2026-09-20T17:40Z,Athletics,Cleveland Guardians,Progressive Field,Cleveland,Ohio,False,ESPN_PUBLIC,STATUS_SCHEDULED
ESPN-MLB-401817013-20260917T180827Z,2026-09-17T11:08:27.552898-07:00,MLB,MLB,401817013,2026-09-20T17:40Z,Boston Red Sox,Tampa Bay Rays,Tropicana Field,St. Petersburg,Florida,True,ESPN_PUBLIC,STATUS_SCHEDULED
ESPN-MLB-401817014-20260917T180827Z,2026-09-17T11:08:27.552898-07:00,MLB,MLB,401817014,2026-09-20T17:40Z,Chicago Cubs,Cincinnati Reds,Great American Ball Park,Cincinnati,Ohio,False,ESPN_PUBLIC,STATUS_SCHEDULED
ESPN-MLB-401817018-20260917T180827Z,2026-09-17T11:08:27.552898-07:00,MLB,MLB,401817018,2026-09-20T18:10Z,Atlanta Braves,Houston Astros,Daikin Park,Houston,Texas,True,ESPN_PUBLIC,STATUS_SCHEDULED
ESPN-MLB-401817019-20260917T180827Z,2026-09-17T11:08:27.552898-07:00,MLB,MLB,401817019,2026-09-20T18:10Z,Detroit Tigers,Chicago White Sox,Rate Field,Chicago,Illinois,False,ESPN_PUBLIC,STATUS_SCHEDULED
ESPN-MLB-401817021-20260917T180827Z,2026-09-17T11:08:27.552898-07:00,MLB,MLB,401817021,2026-09-20T18:15Z,Washington Nationals,St. Louis Cardinals,Busch Stadium,St. Louis,Missouri,False,ESPN_PUBLIC,STATUS_SCHEDULED
ESPN-MLB-401817020-20260917T180827Z,2026-09-17T11:08:27.552898-07:00,MLB,MLB,401817020,2026-09-20T18:35Z,Toronto Blue Jays,Texas Rangers,Globe Life Field,Arlington,Texas,True,ESPN_PUBLIC,STATUS_SCHEDULED
ESPN-MLB-401817022-20260917T180827Z,2026-09-17T11:08:27.552898-07:00,MLB,MLB,401817022,2026-09-20T19:10Z,Seattle Mariners,Colorado Rockies,Coors Field,Denver,Colorado,False,ESPN_PUBLIC,STATUS_SCHEDULED
ESPN-MLB-401817024-20260917T180827Z,2026-09-17T11:08:27.552898-07:00,MLB,MLB,401817024,2026-09-20T20:07Z,Minnesota Twins,Los Angeles Angels,Angel Stadium,Anaheim,California,False,ESPN_PUBLIC,STATUS_SCHEDULED
ESPN-MLB-401817023-20260917T180827Z,2026-09-17T11:08:27.552898-07:00,MLB,MLB,401817023,2026-09-20T20:10Z,Miami Marlins,San Diego Padres,Petco Park,San Diego,California,False,ESPN_PUBLIC,STATUS_SCHEDULED
ESPN-MLB-401817025-20260917T180827Z,2026-09-17T11:08:27.552898-07:00,MLB,MLB,401817025,2026-09-20T20:10Z,New York Yankees,Arizona Diamondbacks,Chase Field,Phoenix,Arizona,True,ESPN_PUBLIC,STATUS_SCHEDULED
ESPN-MLB-401817026-20260917T180827Z,2026-09-17T11:08:27.552898-07:00,MLB,MLB,401817026,2026-09-20T20:10Z,San Francisco Giants,Los Angeles Dodgers,Dodger Stadium,Los Angeles,California,False,ESPN_PUBLIC,STATUS_SCHEDULED
ESPN-MLB-401817016-20260917T180827Z,2026-09-17T11:08:27.552898-07:00,MLB,MLB,401817016,2026-09-20T23:20Z,Milwaukee Brewers,Baltimore Orioles,Oriole Park at Camden Yards,Baltimore,Maryland,False,ESPN_PUBLIC,STATUS_SCHEDULED
ESPN-MLB-401816984-20260917T180827Z,2026-09-17T11:08:27.552898-07:00,MLB,MLB,401816984,2026-09-18T22:40Z,Chicago Cubs,Cincinnati Reds,Great American Ball Park,Cincinnati,Ohio,False,ESPN_PUBLIC,STATUS_SCHEDULED
ESPN-MLB-401816985-20260917T180827Z,2026-09-17T11:08:27.552898-07:00,MLB,MLB,401816985,2026-09-18T22:40Z,Kansas City Royals,Pittsburgh Pirates,PNC Park,Pittsburgh,Pennsylvania,False,ESPN_PUBLIC,STATUS_SCHEDULED
ESPN-MLB-401816986-20260917T180827Z,2026-09-17T11:08:27.552898-07:00,MLB,MLB,401816986,2026-09-18T23:05Z,Milwaukee Brewers,Baltimore Orioles,Oriole Park at Camden Yards,Baltimore,Maryland,False,ESPN_PUBLIC,STATUS_SCHEDULED
ESPN-MLB-401816982-20260917T180827Z,2026-09-17T11:08:27.552898-07:00,MLB,MLB,401816982,2026-09-18T23:10Z,Athletics,Cleveland Guardians,Progressive Field,Cleveland,Ohio,False,ESPN_PUBLIC,STATUS_SCHEDULED
ESPN-MLB-401816983-20260917T180827Z,2026-09-17T11:08:27.552898-07:00,MLB,MLB,401816983,2026-09-18T23:10Z,Boston Red Sox,Tampa Bay Rays,Tropicana Field,St. Petersburg,Florida,True,ESPN_PUBLIC,STATUS_SCHEDULED
ESPN-MLB-401816987-20260917T180827Z,2026-09-17T11:08:27.552898-07:00,MLB,MLB,401816987,2026-09-18T23:10Z,Philadelphia Phillies,New York Mets,Citi Field,Queens,New York,False,ESPN_PUBLIC,STATUS_SCHEDULED
ESPN-MLB-401816989-20260917T180827Z,2026-09-17T11:08:27.552898-07:00,MLB,MLB,401816989,2026-09-18T23:40Z,Detroit Tigers,Chicago White Sox,Rate Field,Chicago,Illinois,False,ESPN_PUBLIC,STATUS_SCHEDULED
ESPN-MLB-401816990-20260917T180827Z,2026-09-17T11:08:27.552898-07:00,MLB,MLB,401816990,2026-09-19T00:05Z,Toronto Blue Jays,Texas Rangers,Globe Life Field,Arlington,Texas,True,ESPN_PUBLIC,STATUS_SCHEDULED
ESPN-MLB-401816988-20260917T180827Z,2026-09-17T11:08:27.552898-07:00,MLB,MLB,401816988,2026-09-19T00:10Z,Atlanta Braves,Houston Astros,Daikin Park,Houston,Texas,True,ESPN_PUBLIC,STATUS_SCHEDULED
ESPN-MLB-401816992-20260917T180827Z,2026-09-17T11:08:27.552898-07:00,MLB,MLB,401816992,2026-09-19T00:10Z,Seattle Mariners,Colorado Rockies,Coors Field,Denver,Colorado,False,ESPN_PUBLIC,STATUS_SCHEDULED
ESPN-MLB-401816991-20260917T180827Z,2026-09-17T11:08:27.552898-07:00,MLB,MLB,401816991,2026-09-19T00:15Z,Washington Nationals,St. Louis Cardinals,Busch Stadium,St. Louis,Missouri,False,ESPN_PUBLIC,STATUS_SCHEDULED
ESPN-MLB-401816994-20260917T180827Z,2026-09-17T11:08:27.552898-07:00,MLB,MLB,401816994,2026-09-19T01:38Z,Minnesota Twins,Los Angeles Angels,Angel Stadium,Anaheim,California,False,ESPN_PUBLIC,STATUS_SCHEDULED
ESPN-MLB-401816993-20260917T180827Z,2026-09-17T11:08:27.552898-07:00,MLB,MLB,401816993,2026-09-19T01:40Z,Miami Marlins,San Diego Padres,Petco Park,San Diego,California,False,ESPN_PUBLIC,STATUS_SCHEDULED
ESPN-MLB-401816995-20260917T180827Z,2026-09-17T11:08:27.552898-07:00,MLB,MLB,401816995,2026-09-19T01:40Z,New York Yankees,Arizona Diamondbacks,Chase Field,Phoenix,Arizona,True,ESPN_PUBLIC,STATUS_SCHEDULED
ESPN-MLB-401816996-20260917T180827Z,2026-09-17T11:08:27.552898-07:00,MLB,MLB,401816996,2026-09-19T02:10Z,San Francisco Giants,Los Angeles Dodgers,Dodger Stadium,Los Angeles,California,False,ESPN_PUBLIC,STATUS_SCHEDULED
ESPN-MLB-401816975-20260917T180827Z,2026-09-17T11:08:27.552898-07:00,MLB,MLB,401816975,2026-09-17T16:35Z,Milwaukee Brewers,Pittsburgh Pirates,PNC Park,Pittsburgh,Pennsylvania,False,ESPN_PUBLIC,STATUS_IN_PROGRESS
ESPN-MLB-401816974-20260917T180827Z,2026-09-17T11:08:27.552898-07:00,MLB,MLB,401816974,2026-09-17T16:40Z,Los Angeles Dodgers,Cincinnati Reds,Great American Ball Park,Cincinnati,Ohio,False,ESPN_PUBLIC,STATUS_IN_PROGRESS
ESPN-MLB-401816973-20260917T180827Z,2026-09-17T11:08:27.552898-07:00,MLB,MLB,401816973,2026-09-17T17:10Z,Athletics,Tampa Bay Rays,Tropicana Field,St. Petersburg,Florida,True,ESPN_PUBLIC,STATUS_IN_PROGRESS
ESPN-MLB-401816980-20260917T180827Z,2026-09-17T11:08:27.552898-07:00,MLB,MLB,401816980,2026-09-17T19:10Z,San Diego Padres,Colorado Rockies,Coors Field,Denver,Colorado,False,ESPN_PUBLIC,STATUS_SCHEDULED
ESPN-MLB-401816976-20260917T180827Z,2026-09-17T11:08:27.552898-07:00,MLB,MLB,401816976,2026-09-17T23:15Z,Philadelphia Phillies,New York Mets,Citi Field,Queens,New York,False,ESPN_PUBLIC,STATUS_SCHEDULED
ESPN-MLB-401816979-20260917T180827Z,2026-09-17T11:08:27.552898-07:00,MLB,MLB,401816979,2026-09-17T23:15Z,Kansas City Royals,Houston Astros,Daikin Park,Houston,Texas,True,ESPN_PUBLIC,STATUS_SCHEDULED
ESPN-MLB-401816978-20260917T180827Z,2026-09-17T11:08:27.552898-07:00,MLB,MLB,401816978,2026-09-17T23:40Z,Detroit Tigers,Chicago White Sox,Rate Field,Chicago,Illinois,False,ESPN_PUBLIC,STATUS_SCHEDULED
ESPN-MLB-401816977-20260917T180827Z,2026-09-17T11:08:27.552898-07:00,MLB,MLB,401816977,2026-09-18T00:05Z,Boston Red Sox,Texas Rangers,Globe Life Field,Arlington,Texas,True,ESPN_PUBLIC,STATUS_SCHEDULED
ESPN-MLB-401816981-20260917T180827Z,2026-09-17T11:08:27.552898-07:00,MLB,MLB,401816981,2026-09-18T01:38Z,Minnesota Twins,Los Angeles Angels,Angel Stadium,Anaheim,California,False,ESPN_PUBLIC,STATUS_SCHEDULED
ESPN-MLB-401873648-20260917T180827Z,2026-09-17T11:08:27.552898-07:00,MLB,MLB,401873648,2026-09-22T17:05Z,Tampa Bay Rays,New York Yankees,Yankee Stadium,Bronx,New York,False,ESPN_PUBLIC,STATUS_SCHEDULED
ESPN-MLB-401817035-20260917T180827Z,2026-09-17T11:08:27.552898-07:00,MLB,MLB,401817035,2026-09-22T22:35Z,Toronto Blue Jays,Baltimore Orioles,Oriole Park at Camden Yards,Baltimore,Maryland,False,ESPN_PUBLIC,STATUS_SCHEDULED
ESPN-MLB-401817032-20260917T180827Z,2026-09-17T11:08:27.552898-07:00,MLB,MLB,401817032,2026-09-22T22:40Z,Milwaukee Brewers,Philadelphia Phillies,Citizens Bank Park,Philadelphia,Pennsylvania,False,ESPN_PUBLIC,STATUS_SCHEDULED
ESPN-MLB-401817033-20260917T180827Z,2026-09-17T11:08:27.552898-07:00,MLB,MLB,401817033,2026-09-22T22:40Z,St. Louis Cardinals,Pittsburgh Pirates,PNC Park,Pittsburgh,Pennsylvania,False,ESPN_PUBLIC,STATUS_SCHEDULED
ESPN-MLB-401817036-20260917T180827Z,2026-09-17T11:08:27.552898-07:00,MLB,MLB,401817036,2026-09-22T22:40Z,Washington Nationals,Detroit Tigers,Comerica Park,Detroit,Michigan,False,ESPN_PUBLIC,STATUS_SCHEDULED
ESPN-MLB-401817031-20260917T180827Z,2026-09-17T11:08:27.552898-07:00,MLB,MLB,401817031,2026-09-22T22:45Z,Cleveland Guardians,Boston Red Sox,Fenway Park,Boston,Massachusetts,False,ESPN_PUBLIC,STATUS_SCHEDULED
ESPN-MLB-401817034-20260917T180827Z,2026-09-17T11:08:27.552898-07:00,MLB,MLB,401817034,2026-09-22T23:05Z,Tampa Bay Rays,New York Yankees,Yankee Stadium,Bronx,New York,False,ESPN_PUBLIC,STATUS_SCHEDULED
ESPN-MLB-401817030-20260917T180827Z,2026-09-17T11:08:27.552898-07:00,MLB,MLB,401817030,2026-09-22T23:15Z,Cincinnati Reds,Atlanta Braves,Truist Park,Atlanta,Georgia,False,ESPN_PUBLIC,STATUS_SCHEDULED
ESPN-MLB-401817037-20260917T180827Z,2026-09-17T11:08:27.552898-07:00,MLB,MLB,401817037,2026-09-22T23:40Z,Chicago White Sox,Kansas City Royals,Kauffman Stadium,Kansas City,Missouri,False,ESPN_PUBLIC,STATUS_SCHEDULED
ESPN-MLB-401817038-20260917T180827Z,2026-09-17T11:08:27.552898-07:00,MLB,MLB,401817038,2026-09-22T23:40Z,Miami Marlins,Chicago Cubs,Wrigley Field,Chicago,Illinois,False,ESPN_PUBLIC,STATUS_SCHEDULED
ESPN-MLB-401817039-20260917T180827Z,2026-09-17T11:08:27.552898-07:00,MLB,MLB,401817039,2026-09-23T00:05Z,New York Mets,Texas Rangers,Globe Life Field,Arlington,Texas,True,ESPN_PUBLIC,STATUS_SCHEDULED
ESPN-MLB-401817040-20260917T180827Z,2026-09-17T11:08:27.552898-07:00,MLB,MLB,401817040,2026-09-23T00:40Z,Arizona Diamondbacks,Colorado Rockies,Coors Field,Denver,Colorado,False,ESPN_PUBLIC,STATUS_SCHEDULED
ESPN-MLB-401817041-20260917T180827Z,2026-09-17T11:08:27.552898-07:00,MLB,MLB,401817041,2026-09-23T01:40Z,Los Angeles Angels,Athletics,Sutter Health Park,Sacramento,California,False,ESPN_PUBLIC,STATUS_SCHEDULED
ESPN-MLB-401817042-20260917T180827Z,2026-09-17T11:08:27.552898-07:00,MLB,MLB,401817042,2026-09-23T01:40Z,Houston Astros,Seattle Mariners,T-Mobile Park,Seattle,Washington,True,ESPN_PUBLIC,STATUS_SCHEDULED
ESPN-MLB-401817043-20260917T180827Z,2026-09-17T11:08:27.552898-07:00,MLB,MLB,401817043,2026-09-23T01:45Z,Minnesota Twins,San Francisco Giants,Oracle Park,San Francisco,California,False,ESPN_PUBLIC,STATUS_SCHEDULED
ESPN-MLB-401817044-20260917T180827Z,2026-09-17T11:08:27.552898-07:00,MLB,MLB,401817044,2026-09-23T02:10Z,San Diego Padres,Los Angeles Dodgers,Dodger Stadium,Los Angeles,California,False,ESPN_PUBLIC,STATUS_SCHEDULED
ESPN-MLB-401817027-20260917T180827Z,2026-09-17T11:08:27.552898-07:00,MLB,MLB,401817027,2026-09-21T22:35Z,Toronto Blue Jays,Baltimore Orioles,Oriole Park at Camden Yards,Baltimore,Maryland,False,ESPN_PUBLIC,STATUS_SCHEDULED
ESPN-MLB-401817028-20260917T180827Z,2026-09-17T11:08:27.552898-07:00,MLB,MLB,401817028,2026-09-21T22:40Z,Washington Nationals,Detroit Tigers,Comerica Park,Detroit,Michigan,False,ESPN_PUBLIC,STATUS_SCHEDULED
ESPN-MLB-401817029-20260917T180827Z,2026-09-17T11:08:27.552898-07:00,MLB,MLB,401817029,2026-09-22T01:45Z,Minnesota Twins,San Francisco Giants,Oracle Park,San Francisco,California,False,ESPN_PUBLIC,STATUS_SCHEDULED
ESPN-MLB-401817051-20260917T180827Z,2026-09-17T11:08:27.552898-07:00,MLB,MLB,401817051,2026-09-23T17:10Z,Washington Nationals,Detroit Tigers,Comerica Park,Detroit,Michigan,False,ESPN_PUBLIC,STATUS_SCHEDULED
ESPN-MLB-401817058-20260917T180827Z,2026-09-17T11:08:27.552898-07:00,MLB,MLB,401817058,2026-09-23T19:45Z,Minnesota Twins,San Francisco Giants,Oracle Park,San Francisco,California,False,ESPN_PUBLIC,STATUS_SCHEDULED
ESPN-MLB-401817050-20260917T180827Z,2026-09-17T11:08:27.552898-07:00,MLB,MLB,401817050,2026-09-23T22:35Z,Toronto Blue Jays,Baltimore Orioles,Oriole Park at Camden Yards,Baltimore,Maryland,False,ESPN_PUBLIC,STATUS_SCHEDULED
ESPN-MLB-401817047-20260917T180827Z,2026-09-17T11:08:27.552898-07:00,MLB,MLB,401817047,2026-09-23T22:40Z,Milwaukee Brewers,Philadelphia Phillies,Citizens Bank Park,Philadelphia,Pennsylvania,False,ESPN_PUBLIC,STATUS_SCHEDULED
ESPN-MLB-401817048-20260917T180827Z,2026-09-17T11:08:27.552898-07:00,MLB,MLB,401817048,2026-09-23T22:40Z,St. Louis Cardinals,Pittsburgh Pirates,PNC Park,Pittsburgh,Pennsylvania,False,ESPN_PUBLIC,STATUS_SCHEDULED
ESPN-MLB-401817046-20260917T180827Z,2026-09-17T11:08:27.552898-07:00,MLB,MLB,401817046,2026-09-23T23:00Z,Cleveland Guardians,Boston Red Sox,Fenway Park,Boston,Massachusetts,False,ESPN_PUBLIC,STATUS_SCHEDULED
ESPN-MLB-401817049-20260917T180827Z,2026-09-17T11:08:27.552898-07:00,MLB,MLB,401817049,2026-09-23T23:05Z,Tampa Bay Rays,New York Yankees,Yankee Stadium,Bronx,New York,False,ESPN_PUBLIC,STATUS_SCHEDULED
ESPN-MLB-401817045-20260917T180827Z,2026-09-17T11:08:27.552898-07:00,MLB,MLB,401817045,2026-09-23T23:15Z,Cincinnati Reds,Atlanta Braves,Truist Park,Atlanta,Georgia,False,ESPN_PUBLIC,STATUS_SCHEDULED
ESPN-MLB-401817052-20260917T180827Z,2026-09-17T11:08:27.552898-07:00,MLB,MLB,401817052,2026-09-23T23:40Z,Chicago White Sox,Kansas City Royals,Kauffman Stadium,Kansas City,Missouri,False,ESPN_PUBLIC,STATUS_SCHEDULED
ESPN-MLB-401817053-20260917T180827Z,2026-09-17T11:08:27.552898-07:00,MLB,MLB,401817053,2026-09-23T23:40Z,Miami Marlins,Chicago Cubs,Wrigley Field,Chicago,Illinois,False,ESPN_PUBLIC,STATUS_SCHEDULED
ESPN-MLB-401817054-20260917T180827Z,2026-09-17T11:08:27.552898-07:00,MLB,MLB,401817054,2026-09-24T00:05Z,New York Mets,Texas Rangers,Globe Life Field,Arlington,Texas,True,ESPN_PUBLIC,STATUS_SCHEDULED
ESPN-MLB-401817055-20260917T180827Z,2026-09-17T11:08:27.552898-07:00,MLB,MLB,401817055,2026-09-24T00:40Z,Arizona Diamondbacks,Colorado Rockies,Coors Field,Denver,Colorado,False,ESPN_PUBLIC,STATUS_SCHEDULED
ESPN-MLB-401817056-20260917T180827Z,2026-09-17T11:08:27.552898-07:00,MLB,MLB,401817056,2026-09-24T01:40Z,Los Angeles Angels,Athletics,Sutter Health Park,Sacramento,California,False,ESPN_PUBLIC,STATUS_SCHEDULED
ESPN-MLB-401817057-20260917T180827Z,2026-09-17T11:08:27.552898-07:00,MLB,MLB,401817057,2026-09-24T02:00Z,Houston Astros,Seattle Mariners,T-Mobile Park,Seattle,Washington,True,ESPN_PUBLIC,STATUS_SCHEDULED
ESPN-MLB-401817059-20260917T180827Z,2026-09-17T11:08:27.552898-07:00,MLB,MLB,401817059,2026-09-24T02:10Z,San Diego Padres,Los Angeles Dodgers,Dodger Stadium,Los Angeles,California,False,ESPN_PUBLIC,STATUS_SCHEDULED
ESPN-MLB-401817001-20260917T180827Z,2026-09-17T11:08:27.552898-07:00,MLB,MLB,401817001,2026-09-19T20:05Z,Milwaukee Brewers,Baltimore Orioles,Oriole Park at Camden Yards,Baltimore,Maryland,False,ESPN_PUBLIC,STATUS_SCHEDULED
ESPN-MLB-401816998-20260917T180827Z,2026-09-17T11:08:27.552898-07:00,MLB,MLB,401816998,2026-09-19T20:10Z,Boston Red Sox,Tampa Bay Rays,Tropicana Field,St. Petersburg,Florida,True,ESPN_PUBLIC,STATUS_SCHEDULED
ESPN-MLB-401817002-20260917T180827Z,2026-09-17T11:08:27.552898-07:00,MLB,MLB,401817002,2026-09-19T20:10Z,Philadelphia Phillies,New York Mets,Citi Field,Queens,New York,False,ESPN_PUBLIC,STATUS_SCHEDULED
ESPN-MLB-401816997-20260917T180827Z,2026-09-17T11:08:27.552898-07:00,MLB,MLB,401816997,2026-09-19T22:10Z,Athletics,Cleveland Guardians,Progressive Field,Cleveland,Ohio,False,ESPN_PUBLIC,STATUS_SCHEDULED
ESPN-MLB-401816999-20260917T180827Z,2026-09-17T11:08:27.552898-07:00,MLB,MLB,401816999,2026-09-19T22:40Z,Chicago Cubs,Cincinnati Reds,Great American Ball Park,Cincinnati,Ohio,False,ESPN_PUBLIC,STATUS_SCHEDULED
ESPN-MLB-401817000-20260917T180827Z,2026-09-17T11:08:27.552898-07:00,MLB,MLB,401817000,2026-09-19T22:40Z,Kansas City Royals,Pittsburgh Pirates,PNC Park,Pittsburgh,Pennsylvania,False,ESPN_PUBLIC,STATUS_SCHEDULED
ESPN-MLB-401817005-20260917T180827Z,2026-09-17T11:08:27.552898-07:00,MLB,MLB,401817005,2026-09-19T23:05Z,Toronto Blue Jays,Texas Rangers,Globe Life Field,Arlington,Texas,True,ESPN_PUBLIC,STATUS_SCHEDULED
ESPN-MLB-401817003-20260917T180827Z,2026-09-17T11:08:27.552898-07:00,MLB,MLB,401817003,2026-09-19T23:10Z,Atlanta Braves,Houston Astros,Daikin Park,Houston,Texas,True,ESPN_PUBLIC,STATUS_SCHEDULED
ESPN-MLB-401817004-20260917T180827Z,2026-09-17T11:08:27.552898-07:00,MLB,MLB,401817004,2026-09-19T23:10Z,Detroit Tigers,Chicago White Sox,Rate Field,Chicago,Illinois,False,ESPN_PUBLIC,STATUS_SCHEDULED
ESPN-MLB-401817006-20260917T180827Z,2026-09-17T11:08:27.552898-07:00,MLB,MLB,401817006,2026-09-19T23:15Z,Washington Nationals,St. Louis Cardinals,Busch Stadium,St. Louis,Missouri,False,ESPN_PUBLIC,STATUS_SCHEDULED
ESPN-MLB-401817007-20260917T180827Z,2026-09-17T11:08:27.552898-07:00,MLB,MLB,401817007,2026-09-20T00:10Z,Seattle Mariners,Colorado Rockies,Coors Field,Denver,Colorado,False,ESPN_PUBLIC,STATUS_SCHEDULED
ESPN-MLB-401817010-20260917T180827Z,2026-09-17T11:08:27.552898-07:00,MLB,MLB,401817010,2026-09-20T00:10Z,New York Yankees,Arizona Diamondbacks,Chase Field,Phoenix,Arizona,True,ESPN_PUBLIC,STATUS_SCHEDULED
ESPN-MLB-401817008-20260917T180827Z,2026-09-17T11:08:27.552898-07:00,MLB,MLB,401817008,2026-09-20T00:40Z,Miami Marlins,San Diego Padres,Petco Park,San Diego,California,False,ESPN_PUBLIC,STATUS_SCHEDULED
ESPN-MLB-401817011-20260917T180827Z,2026-09-17T11:08:27.552898-07:00,MLB,MLB,401817011,2026-09-20T01:10Z,San Francisco Giants,Los Angeles Dodgers,Dodger Stadium,Los Angeles,California,False,ESPN_PUBLIC,STATUS_SCHEDULED
ESPN-MLB-401817009-20260917T180827Z,2026-09-17T11:08:27.552898-07:00,MLB,MLB,401817009,2026-09-20T01:38Z,Minnesota Twins,Los Angeles Angels,Angel Stadium,Anaheim,California,False,ESPN_PUBLIC,STATUS_SCHEDULED
ESPN-MLB-401817063-20260917T180827Z,2026-09-17T11:08:27.552898-07:00,MLB,MLB,401817063,2026-09-24T16:35Z,St. Louis Cardinals,Pittsburgh Pirates,PNC Park,Pittsburgh,Pennsylvania,False,ESPN_PUBLIC,STATUS_SCHEDULED
ESPN-MLB-401817065-20260917T180827Z,2026-09-17T11:08:27.552898-07:00,MLB,MLB,401817065,2026-09-24T18:10Z,Chicago White Sox,Kansas City Royals,Kauffman Stadium,Kansas City,Missouri,False,ESPN_PUBLIC,STATUS_SCHEDULED
ESPN-MLB-401817066-20260917T180827Z,2026-09-17T11:08:27.552898-07:00,MLB,MLB,401817066,2026-09-24T18:20Z,Miami Marlins,Chicago Cubs,Wrigley Field,Chicago,Illinois,False,ESPN_PUBLIC,STATUS_SCHEDULED
ESPN-MLB-401817067-20260917T180827Z,2026-09-17T11:08:27.552898-07:00,MLB,MLB,401817067,2026-09-24T18:35Z,New York Mets,Texas Rangers,Globe Life Field,Arlington,Texas,True,ESPN_PUBLIC,STATUS_SCHEDULED
ESPN-MLB-401817068-20260917T180827Z,2026-09-17T11:08:27.552898-07:00,MLB,MLB,401817068,2026-09-24T19:10Z,Arizona Diamondbacks,Colorado Rockies,Coors Field,Denver,Colorado,False,ESPN_PUBLIC,STATUS_SCHEDULED
ESPN-MLB-401817062-20260917T180827Z,2026-09-17T11:08:27.552898-07:00,MLB,MLB,401817062,2026-09-24T22:05Z,Milwaukee Brewers,Philadelphia Phillies,Citizens Bank Park,Philadelphia,Pennsylvania,False,ESPN_PUBLIC,STATUS_SCHEDULED
ESPN-MLB-401817061-20260917T180827Z,2026-09-17T11:08:27.552898-07:00,MLB,MLB,401817061,2026-09-24T22:45Z,Cleveland Guardians,Boston Red Sox,Fenway Park,Boston,Massachusetts,False,ESPN_PUBLIC,STATUS_SCHEDULED
ESPN-MLB-401817064-20260917T180827Z,2026-09-17T11:08:27.552898-07:00,MLB,MLB,401817064,2026-09-24T23:05Z,Tampa Bay Rays,New York Yankees,Yankee Stadium,Bronx,New York,False,ESPN_PUBLIC,STATUS_SCHEDULED
ESPN-MLB-401817060-20260917T180827Z,2026-09-17T11:08:27.552898-07:00,MLB,MLB,401817060,2026-09-24T23:15Z,Cincinnati Reds,Atlanta Braves,Truist Park,Atlanta,Georgia,False,ESPN_PUBLIC,STATUS_SCHEDULED
ESPN-MLB-401817069-20260917T180827Z,2026-09-17T11:08:27.552898-07:00,MLB,MLB,401817069,2026-09-25T01:40Z,Los Angeles Angels,Seattle Mariners,T-Mobile Park,Seattle,Washington,True,ESPN_PUBLIC,STATUS_SCHEDULED
ESPN-MLB-401817070-20260917T180827Z,2026-09-17T11:08:27.552898-07:00,MLB,MLB,401817070,2026-09-25T01:40Z,Houston Astros,Athletics,Sutter Health Park,Sacramento,California,False,ESPN_PUBLIC,STATUS_SCHEDULED
ESPN-MLB-401817071-20260917T180827Z,2026-09-17T11:08:27.552898-07:00,MLB,MLB,401817071,2026-09-25T02:10Z,San Diego Padres,Los Angeles Dodgers,Dodger Stadium,Los Angeles,California,False,ESPN_PUBLIC,STATUS_SCHEDULED
ESPN-NHL-401879363-20260917T180827Z,2026-09-17T11:08:27.552898-07:00,NHL,NHL,401879363,2026-09-24T23:00Z,Boston Bruins,Philadelphia Flyers,Xfinity Mobile Arena,Philadelphia,PA,True,ESPN_PUBLIC,STATUS_SCHEDULED
ESPN-NHL-401879452-20260917T180827Z,2026-09-17T11:08:27.552898-07:00,NHL,NHL,401879452,2026-09-24T23:00Z,Buffalo Sabres,Detroit Red Wings,Little Caesars Arena,Detroit,MI,True,ESPN_PUBLIC,STATUS_SCHEDULED
ESPN-NHL-401879455-20260917T180827Z,2026-09-17T11:08:27.552898-07:00,NHL,NHL,401879455,2026-09-24T23:00Z,Pittsburgh Penguins,Columbus Blue Jackets,Nationwide Arena,Columbus,OH,True,ESPN_PUBLIC,STATUS_SCHEDULED
ESPN-NHL-401879646-20260917T180827Z,2026-09-17T11:08:27.552898-07:00,NHL,NHL,401879646,2026-09-24T23:00Z,New Jersey Devils,New York Rangers,Madison Square Garden,New York,NY,True,ESPN_PUBLIC,STATUS_SCHEDULED
ESPN-NHL-401879934-20260917T180827Z,2026-09-17T11:08:27.552898-07:00,NHL,NHL,401879934,2026-09-24T23:00Z,Nashville Predators,Carolina Hurricanes,First Horizon Coliseum,Greensboro,NC,True,ESPN_PUBLIC,STATUS_SCHEDULED
ESPN-NHL-401881133-20260917T180827Z,2026-09-17T11:08:27.552898-07:00,NHL,NHL,401881133,2026-09-24T23:00Z,Florida Panthers,Tampa Bay Lightning,Benchmark International Arena,Tampa,FL,True,ESPN_PUBLIC,STATUS_SCHEDULED
ESPN-NHL-401886260-20260917T180827Z,2026-09-17T11:08:27.552898-07:00,NHL,NHL,401886260,2026-09-25T00:00Z,Chicago Blackhawks,St. Louis Blues,Enterprise Center,St. Louis,MO,True,ESPN_PUBLIC,STATUS_SCHEDULED
ESPN-NHL-401878103-20260917T180827Z,2026-09-17T11:08:27.552898-07:00,NHL,NHL,401878103,2026-09-25T01:00Z,Edmonton Oilers,Vancouver Canucks,Rogers Arena,Vancouver,BC,True,ESPN_PUBLIC,STATUS_SCHEDULED
ESPN-NHL-401879332-20260917T180827Z,2026-09-17T11:08:27.552898-07:00,NHL,NHL,401879332,2026-09-25T01:40Z,Calgary Flames,Seattle Kraken,Climate Pledge Arena,Seattle,WA,True,ESPN_PUBLIC,STATUS_SCHEDULED
ESPN-NHL-401879367-20260917T180827Z,2026-09-17T11:08:27.552898-07:00,NHL,NHL,401879367,2026-09-25T02:00Z,Utah Mammoth,Vegas Golden Knights,T-Mobile Arena,Las Vegas,NV,True,ESPN_PUBLIC,STATUS_SCHEDULED
ESPN-NHL-401879370-20260917T180827Z,2026-09-17T11:08:27.552898-07:00,NHL,NHL,401879370,2026-09-25T02:00Z,Anaheim Ducks,San Jose Sharks,SAP Center at San Jose,San Jose,CA,True,ESPN_PUBLIC,STATUS_SCHEDULED
ESPN-NHL-401879650-20260917T180827Z,2026-09-17T11:08:27.552898-07:00,NHL,NHL,401879650,2026-09-23T23:00Z,Toronto Maple Leafs,Ottawa Senators,Canadian Tire Centre,Ottawa,ON,True,ESPN_PUBLIC,STATUS_SCHEDULED
ESPN-NHL-401886441-20260917T180827Z,2026-09-17T11:08:27.552898-07:00,NHL,NHL,401886441,2026-09-23T23:00Z,Ottawa Senators,Toronto Maple Leafs,Scotiabank Arena,Toronto,ON,True,ESPN_PUBLIC,STATUS_SCHEDULED
ESPN-NHL-401886429-20260917T180827Z,2026-09-17T11:08:27.552898-07:00,NHL,NHL,401886429,2026-09-24T00:00Z,Minnesota Wild,Dallas Stars,American Airlines Center,Dallas,TX,True,ESPN_PUBLIC,STATUS_SCHEDULED
ESPN-NHL-401879369-20260917T180827Z,2026-09-17T11:08:27.552898-07:00,NHL,NHL,401879369,2026-09-24T02:00Z,Los Angeles Kings,Anaheim Ducks,Honda Center,Anaheim,CA,True,ESPN_PUBLIC,STATUS_SCHEDULED
ESPN-NHL-401879362-20260917T180827Z,2026-09-17T11:08:27.552898-07:00,NHL,NHL,401879362,2026-09-22T23:00Z,Philadelphia Flyers,Boston Bruins,TD Garden,Boston,MA,True,ESPN_PUBLIC,STATUS_SCHEDULED
ESPN-NHL-401879451-20260917T180827Z,2026-09-17T11:08:27.552898-07:00,NHL,NHL,401879451,2026-09-22T23:00Z,Detroit Red Wings,Pittsburgh Penguins,PPG Paints Arena,Pittsburgh,PA,True,ESPN_PUBLIC,STATUS_SCHEDULED
ESPN-NHL-401879454-20260917T180827Z,2026-09-17T11:08:27.552898-07:00,NHL,NHL,401879454,2026-09-22T23:00Z,Columbus Blue Jackets,Buffalo Sabres,KeyBank Center,Buffalo,NY,True,ESPN_PUBLIC,STATUS_SCHEDULED
ESPN-NHL-401879648-20260917T180827Z,2026-09-17T11:08:27.552898-07:00,NHL,NHL,401879648,2026-09-22T23:00Z,New York Islanders,New York Rangers,Madison Square Garden,New York,NY,True,ESPN_PUBLIC,STATUS_SCHEDULED
ESPN-NHL-401879933-20260917T180827Z,2026-09-17T11:08:27.552898-07:00,NHL,NHL,401879933,2026-09-22T23:00Z,Florida Panthers,Carolina Hurricanes,Lenovo Center,Raleigh,NC,True,ESPN_PUBLIC,STATUS_SCHEDULED
ESPN-NHL-401878101-20260917T180827Z,2026-09-17T11:08:27.552898-07:00,NHL,NHL,401878101,2026-09-23T00:00Z,Edmonton Oilers,Winnipeg Jets,Canada Life Centre,Winnipeg,MB,True,ESPN_PUBLIC,STATUS_SCHEDULED
ESPN-NHL-401881132-20260917T180827Z,2026-09-17T11:08:27.552898-07:00,NHL,NHL,401881132,2026-09-23T00:00Z,Tampa Bay Lightning,Nashville Predators,Bridgestone Arena,Nashville,TN,True,ESPN_PUBLIC,STATUS_SCHEDULED
ESPN-NHL-401879310-20260917T180827Z,2026-09-17T11:08:27.552898-07:00,NHL,NHL,401879310,2026-09-23T01:00Z,Vancouver Canucks,Calgary Flames,Scotiabank Saddledome,Calgary,AB,True,ESPN_PUBLIC,STATUS_SCHEDULED
ESPN-NHL-401879366-20260917T180827Z,2026-09-17T11:08:27.552898-07:00,NHL,NHL,401879366,2026-09-23T02:00Z,Utah Mammoth,Los Angeles Kings,crypto.com Arena,Los Angeles,CA,True,ESPN_PUBLIC,STATUS_SCHEDULED
ESPN-NHL-401879413-20260917T180827Z,2026-09-17T11:08:27.552898-07:00,NHL,NHL,401879413,2026-09-23T02:00Z,Vegas Golden Knights,San Jose Sharks,SAP Center at San Jose,San Jose,CA,True,ESPN_PUBLIC,STATUS_SCHEDULED
ESPN-NHL-401881922-20260917T180827Z,2026-09-17T11:08:27.552898-07:00,NHL,NHL,401881922,2026-09-19T23:00Z,Montreal Canadiens,Toronto Maple Leafs,Scotiabank Arena,Toronto,ON,True,ESPN_PUBLIC,STATUS_SCHEDULED
ESPN-NHL-401881923-20260917T180827Z,2026-09-17T11:08:27.552898-07:00,NHL,NHL,401881923,2026-09-19T23:00Z,Toronto Maple Leafs,Montreal Canadiens,Bell Centre,Montreal,QC,True,ESPN_PUBLIC,STATUS_SCHEDULED
ESPN-NHL-401886427-20260917T180827Z,2026-09-17T11:08:27.552898-07:00,NHL,NHL,401886427,2026-09-19T23:00Z,Dallas Stars,St. Louis Blues,Enterprise Center,St. Louis,MO,True,ESPN_PUBLIC,STATUS_SCHEDULED
ESPN-NHL-401878099-20260917T180827Z,2026-09-17T11:08:27.552898-07:00,NHL,NHL,401878099,2026-09-20T00:00Z,Winnipeg Jets,Edmonton Oilers,Rogers Place,Edmonton,AB,True,ESPN_PUBLIC,STATUS_SCHEDULED
ESPN-NHL-401886258-20260917T180827Z,2026-09-17T11:08:27.552898-07:00,NHL,NHL,401886258,2026-09-20T00:00Z,Chicago Blackhawks,Minnesota Wild,Grand Casino Arena,Saint Paul,MN,True,ESPN_PUBLIC,STATUS_SCHEDULED
ESPN-NHL-401879412-20260917T180827Z,2026-09-17T11:08:27.552898-07:00,NHL,NHL,401879412,2026-09-20T01:00Z,Vegas Golden Knights,Los Angeles Kings,Toyota Arena,Ontario,CA,True,ESPN_PUBLIC,STATUS_SCHEDULED
ESPN-NHL-401879652-20260917T180827Z,2026-09-17T11:08:27.552898-07:00,NHL,NHL,401879652,2026-09-20T01:00Z,Vancouver Canucks,Seattle Kraken,Climate Pledge Arena,Seattle,WA,True,ESPN_PUBLIC,STATUS_SCHEDULED
ESPN-NHL-401879644-20260917T180827Z,2026-09-17T11:08:27.552898-07:00,NHL,NHL,401879644,2026-09-20T17:00Z,New York Islanders,New Jersey Devils,Prudential Center,Newark,NJ,True,ESPN_PUBLIC,STATUS_SCHEDULED
ESPN-NHL-401879368-20260917T180827Z,2026-09-17T11:08:27.552898-07:00,NHL,NHL,401879368,2026-09-20T20:00Z,San Jose Sharks,Anaheim Ducks,Honda Center,Anaheim,CA,True,ESPN_PUBLIC,STATUS_SCHEDULED
ESPN-NHL-401879358-20260917T180827Z,2026-09-17T11:08:27.552898-07:00,NHL,NHL,401879358,2026-09-20T21:00Z,Washington Capitals,Boston Bruins,TD Garden,Boston,MA,True,ESPN_PUBLIC,STATUS_SCHEDULED
ESPN-NHL-401881131-20260917T180827Z,2026-09-17T11:08:27.552898-07:00,NHL,NHL,401881131,2026-09-20T21:00Z,Nashville Predators,Tampa Bay Lightning,Benchmark International Arena,Tampa,FL,True,ESPN_PUBLIC,STATUS_SCHEDULED
ESPN-NHL-401879364-20260917T180827Z,2026-09-17T11:08:27.552898-07:00,NHL,NHL,401879364,2026-09-20T23:00Z,Utah Mammoth,Colorado Avalanche,Ball Arena,Denver,CO,True,ESPN_PUBLIC,STATUS_SCHEDULED
ESPN-NHL-401879932-20260917T180827Z,2026-09-17T11:08:27.552898-07:00,NHL,NHL,401879932,2026-09-20T23:00Z,Carolina Hurricanes,Florida Panthers,Amerant Bank Arena,Sunrise,FL,True,ESPN_PUBLIC,STATUS_SCHEDULED
ESPN-NHL-401879309-20260917T180827Z,2026-09-17T11:08:27.552898-07:00,NHL,NHL,401879309,2026-09-21T00:00Z,Seattle Kraken,Calgary Flames,Scotiabank Saddledome,Calgary,AB,True,ESPN_PUBLIC,STATUS_SCHEDULED
ESPN-NHL-401879359-20260917T180827Z,2026-09-17T11:08:27.552898-07:00,NHL,NHL,401879359,2026-09-21T23:00Z,Philadelphia Flyers,Washington Capitals,Giant Center,Hershey,PA,True,ESPN_PUBLIC,STATUS_SCHEDULED
ESPN-NHL-401879450-20260917T180827Z,2026-09-17T11:08:27.552898-07:00,NHL,NHL,401879450,2026-09-21T23:00Z,Detroit Red Wings,Columbus Blue Jackets,Nationwide Arena,Columbus,OH,True,ESPN_PUBLIC,STATUS_SCHEDULED
ESPN-NHL-401879456-20260917T180827Z,2026-09-17T11:08:27.552898-07:00,NHL,NHL,401879456,2026-09-21T23:00Z,Buffalo Sabres,Pittsburgh Penguins,PPG Paints Arena,Pittsburgh,PA,True,ESPN_PUBLIC,STATUS_SCHEDULED
ESPN-NHL-401879645-20260917T180827Z,2026-09-17T11:08:27.552898-07:00,NHL,NHL,401879645,2026-09-21T23:00Z,New York Rangers,New Jersey Devils,Prudential Center,Newark,NJ,True,ESPN_PUBLIC,STATUS_SCHEDULED
ESPN-NHL-401881921-20260917T180827Z,2026-09-17T11:08:27.552898-07:00,NHL,NHL,401881921,2026-09-21T23:00Z,Ottawa Senators,Montreal Canadiens,Colisee Videotron,Trois Rivieres,QC,True,ESPN_PUBLIC,STATUS_SCHEDULED
ESPN-NHL-401878107-20260917T180827Z,2026-09-17T11:08:27.552898-07:00,NHL,NHL,401878107,2026-09-22T00:00Z,Colorado Avalanche,Winnipeg Jets,Canada Life Centre,Winnipeg,MB,True,ESPN_PUBLIC,STATUS_SCHEDULED
ESPN-NHL-401886259-20260917T180827Z,2026-09-17T11:08:27.552898-07:00,NHL,NHL,401886259,2026-09-22T00:00Z,Minnesota Wild,Chicago Blackhawks,United Center,Chicago,IL,True,ESPN_PUBLIC,STATUS_SCHEDULED
ESPN-NHL-401886428-20260917T180827Z,2026-09-17T11:08:27.552898-07:00,NHL,NHL,401886428,2026-09-22T00:00Z,St. Louis Blues,Dallas Stars,American Airlines Center,Dallas,TX,True,ESPN_PUBLIC,STATUS_SCHEDULED
NHLWEB-2026010001-20260917T185112Z,2026-09-17T11:51:12.183675-07:00,NHL,NHL,2026010001,2026-09-19T23:00:00Z,Dallas,St. Louis,NHL_WEB,FUT
NHLWEB-2026010006-20260917T185112Z,2026-09-17T11:51:12.183675-07:00,NHL,NHL,2026010006,2026-09-19T23:00:00Z,Montréal,Toronto,NHL_WEB,FUT
NHLWEB-2026010007-20260917T185112Z,2026-09-17T11:51:12.183675-07:00,NHL,NHL,2026010007,2026-09-19T23:00:00Z,Toronto,Montréal,NHL_WEB,FUT
NHLWEB-2026010003-20260917T185112Z,2026-09-17T11:51:12.183675-07:00,NHL,NHL,2026010003,2026-09-20T00:00:00Z,Winnipeg,Edmonton,NHL_WEB,FUT
NHLWEB-2026010004-20260917T185112Z,2026-09-17T11:51:12.183675-07:00,NHL,NHL,2026010004,2026-09-20T00:00:00Z,Chicago,Minnesota,NHL_WEB,FUT
NHLWEB-2026010002-20260917T185112Z,2026-09-17T11:51:12.183675-07:00,NHL,NHL,2026010002,2026-09-20T01:00:00Z,Vegas,Los Angeles,NHL_WEB,FUT
NHLWEB-2026010005-20260917T185112Z,2026-09-17T11:51:12.183675-07:00,NHL,NHL,2026010005,2026-09-20T01:00:00Z,Vancouver,Seattle,NHL_WEB,FUT
NHLWEB-2026010008-20260917T185112Z,2026-09-17T11:51:12.183675-07:00,NHL,NHL,2026010008,2026-09-20T17:00:00Z,New York,New Jersey,NHL_WEB,FUT
NHLWEB-2026010009-20260917T185112Z,2026-09-17T11:51:12.183675-07:00,NHL,NHL,2026010009,2026-09-20T20:00:00Z,San Jose,Anaheim,NHL_WEB,FUT
NHLWEB-2026010011-20260917T185112Z,2026-09-17T11:51:12.183675-07:00,NHL,NHL,2026010011,2026-09-20T21:00:00Z,Nashville,Tampa Bay,NHL_WEB,FUT
NHLWEB-2026010013-20260917T185112Z,2026-09-17T11:51:12.183675-07:00,NHL,NHL,2026010013,2026-09-20T21:00:00Z,Washington,Boston,NHL_WEB,FUT
NHLWEB-2026010010-20260917T185112Z,2026-09-17T11:51:12.183675-07:00,NHL,NHL,2026010010,2026-09-20T23:00:00Z,Carolina,Florida,NHL_WEB,FUT
NHLWEB-2026010012-20260917T185112Z,2026-09-17T11:51:12.183675-07:00,NHL,NHL,2026010012,2026-09-20T23:00:00Z,Utah,Colorado,NHL_WEB,FUT
NHLWEB-2026010014-20260917T185112Z,2026-09-17T11:51:12.183675-07:00,NHL,NHL,2026010014,2026-09-21T00:00:00Z,Seattle,Calgary,NHL_WEB,FUT
NHLWEB-2026010016-20260917T185112Z,2026-09-17T11:51:12.183675-07:00,NHL,NHL,2026010016,2026-09-21T23:00:00Z,Buffalo,Pittsburgh,NHL_WEB,FUT
NHLWEB-2026010017-20260917T185112Z,2026-09-17T11:51:12.183675-07:00,NHL,NHL,2026010017,2026-09-21T23:00:00Z,Detroit,Columbus,NHL_WEB,FUT
NHLWEB-2026010019-20260917T185112Z,2026-09-17T11:51:12.183675-07:00,NHL,NHL,2026010019,2026-09-21T23:00:00Z,New York,New Jersey,NHL_WEB,FUT
NHLWEB-2026010020-20260917T185112Z,2026-09-17T11:51:12.183675-07:00,NHL,NHL,2026010020,2026-09-21T23:00:00Z,Philadelphia,Washington,NHL_WEB,FUT
NHLWEB-2026010022-20260917T185112Z,2026-09-17T11:51:12.183675-07:00,NHL,NHL,2026010022,2026-09-21T23:00:00Z,Ottawa,Montréal,NHL_WEB,FUT
NHLWEB-2026010015-20260917T185112Z,2026-09-17T11:51:12.183675-07:00,NHL,NHL,2026010015,2026-09-22T00:00:00Z,Colorado,Winnipeg,NHL_WEB,FUT
NHLWEB-2026010018-20260917T185112Z,2026-09-17T11:51:12.183675-07:00,NHL,NHL,2026010018,2026-09-22T00:00:00Z,Minnesota,Chicago,NHL_WEB,FUT
NHLWEB-2026010021-20260917T185112Z,2026-09-17T11:51:12.183675-07:00,NHL,NHL,2026010021,2026-09-22T00:00:00Z,St. Louis,Dallas,NHL_WEB,FUT
NHLWEB-2026010024-20260917T185112Z,2026-09-17T11:51:12.183675-07:00,NHL,NHL,2026010024,2026-09-22T23:00:00Z,Columbus,Buffalo,NHL_WEB,FUT
NHLWEB-2026010025-20260917T185112Z,2026-09-17T11:51:12.183675-07:00,NHL,NHL,2026010025,2026-09-22T23:00:00Z,Detroit,Pittsburgh,NHL_WEB,FUT
NHLWEB-2026010026-20260917T185112Z,2026-09-17T11:51:12.183675-07:00,NHL,NHL,2026010026,2026-09-22T23:00:00Z,Florida,Carolina,NHL_WEB,FUT
NHLWEB-2026010027-20260917T185112Z,2026-09-17T11:51:12.183675-07:00,NHL,NHL,2026010027,2026-09-22T23:00:00Z,New York,New York,NHL_WEB,FUT
NHLWEB-2026010028-20260917T185112Z,2026-09-17T11:51:12.183675-07:00,NHL,NHL,2026010028,2026-09-22T23:00:00Z,Philadelphia,Boston,NHL_WEB,FUT
NHLWEB-2026010023-20260917T185112Z,2026-09-17T11:51:12.183675-07:00,NHL,NHL,2026010023,2026-09-23T00:00:00Z,Edmonton,Winnipeg,NHL_WEB,FUT
NHLWEB-2026010029-20260917T185112Z,2026-09-17T11:51:12.183675-07:00,NHL,NHL,2026010029,2026-09-23T00:00:00Z,Tampa Bay,Nashville,NHL_WEB,FUT
NHLWEB-2026010031-20260917T185112Z,2026-09-17T11:51:12.183675-07:00,NHL,NHL,2026010031,2026-09-23T01:00:00Z,Vancouver,Calgary,NHL_WEB,FUT
NHLWEB-2026010030-20260917T185112Z,2026-09-17T11:51:12.183675-07:00,NHL,NHL,2026010030,2026-09-23T02:00:00Z,Utah,Los Angeles,NHL_WEB,FUT
NHLWEB-2026010032-20260917T185112Z,2026-09-17T11:51:12.183675-07:00,NHL,NHL,2026010032,2026-09-23T02:00:00Z,Vegas,San Jose,NHL_WEB,FUT
NHLWEB-2026010035-20260917T185112Z,2026-09-17T11:51:12.183675-07:00,NHL,NHL,2026010035,2026-09-23T23:00:00Z,Ottawa,Toronto,NHL_WEB,FUT
NHLWEB-2026010036-20260917T185112Z,2026-09-17T11:51:12.183675-07:00,NHL,NHL,2026010036,2026-09-23T23:00:00Z,Toronto,Ottawa,NHL_WEB,FUT
NHLWEB-2026010034-20260917T185112Z,2026-09-17T11:51:12.183675-07:00,NHL,NHL,2026010034,2026-09-24T00:00:00Z,Minnesota,Dallas,NHL_WEB,FUT
NHLWEB-2026010033-20260917T185112Z,2026-09-17T11:51:12.183675-07:00,NHL,NHL,2026010033,2026-09-24T02:00:00Z,Los Angeles,Anaheim,NHL_WEB,FUT
NHLWEB-2026010040-20260917T185112Z,2026-09-17T11:51:12.183675-07:00,NHL,NHL,2026010040,2026-09-24T23:00:00Z,Boston,Philadelphia,NHL_WEB,FUT
NHLWEB-2026010041-20260917T185112Z,2026-09-17T11:51:12.183675-07:00,NHL,NHL,2026010041,2026-09-24T23:00:00Z,Buffalo,Detroit,NHL_WEB,FUT
NHLWEB-2026010043-20260917T185112Z,2026-09-17T11:51:12.183675-07:00,NHL,NHL,2026010043,2026-09-24T23:00:00Z,Florida,Tampa Bay,NHL_WEB,FUT
NHLWEB-2026010044-20260917T185112Z,2026-09-17T11:51:12.183675-07:00,NHL,NHL,2026010044,2026-09-24T23:00:00Z,Nashville,Carolina,NHL_WEB,FUT
NHLWEB-2026010045-20260917T185112Z,2026-09-17T11:51:12.183675-07:00,NHL,NHL,2026010045,2026-09-24T23:00:00Z,New Jersey,New York,NHL_WEB,FUT
NHLWEB-2026010046-20260917T185112Z,2026-09-17T11:51:12.183675-07:00,NHL,NHL,2026010046,2026-09-24T23:00:00Z,Pittsburgh,Columbus,NHL_WEB,FUT
NHLWEB-2026010042-20260917T185112Z,2026-09-17T11:51:12.183675-07:00,NHL,NHL,2026010042,2026-09-25T00:00:00Z,Chicago,St. Louis,NHL_WEB,FUT
NHLWEB-2026010037-20260917T185112Z,2026-09-17T11:51:12.183675-07:00,NHL,NHL,2026010037,2026-09-25T01:00:00Z,Edmonton,Vancouver,NHL_WEB,FUT
NHLWEB-2026010038-20260917T185112Z,2026-09-17T11:51:12.183675-07:00,NHL,NHL,2026010038,2026-09-25T01:40:00Z,Calgary,Seattle,NHL_WEB,FUT
NHLWEB-2026010039-20260917T185112Z,2026-09-17T11:51:12.183675-07:00,NHL,NHL,2026010039,2026-09-25T02:00:00Z,Anaheim,San Jose,NHL_WEB,FUT
NHLWEB-2026010047-20260917T185112Z,2026-09-17T11:51:12.183675-07:00,NHL,NHL,2026010047,2026-09-25T02:00:00Z,Utah,Vegas,NHL_WEB,FUT
NHLWEB-2026010049-20260917T185112Z,2026-09-17T11:51:12.183675-07:00,NHL,NHL,2026010049,2026-09-25T23:00:00Z,Boston,Washington,NHL_WEB,FUT
NHLWEB-2026010051-20260917T185112Z,2026-09-17T11:51:12.183675-07:00,NHL,NHL,2026010051,2026-09-25T23:30:00Z,New York,New York,NHL_WEB,FUT
NHLWEB-2026010050-20260917T185112Z,2026-09-17T11:51:12.183675-07:00,NHL,NHL,2026010050,2026-09-26T00:00:00Z,Dallas,Minnesota,NHL_WEB,FUT
NHLWEB-2026010048-20260917T185112Z,2026-09-17T11:51:12.183675-07:00,NHL,NHL,2026010048,2026-09-26T00:30:00Z,Winnipeg,Colorado,NHL_WEB,FUT
NHLWEB-2026010001-20260917T204516Z,2026-09-17T13:45:16.461991-07:00,NHL,NHL,2026010001,2026-09-19T23:00:00Z,Dallas,St. Louis,NHL_WEB,FUT
NHLWEB-2026010006-20260917T204516Z,2026-09-17T13:45:16.461991-07:00,NHL,NHL,2026010006,2026-09-19T23:00:00Z,Montréal,Toronto,NHL_WEB,FUT
NHLWEB-2026010007-20260917T204516Z,2026-09-17T13:45:16.461991-07:00,NHL,NHL,2026010007,2026-09-19T23:00:00Z,Toronto,Montréal,NHL_WEB,FUT
NHLWEB-2026010003-20260917T204516Z,2026-09-17T13:45:16.461991-07:00,NHL,NHL,2026010003,2026-09-20T00:00:00Z,Winnipeg,Edmonton,NHL_WEB,FUT
NHLWEB-2026010004-20260917T204516Z,2026-09-17T13:45:16.461991-07:00,NHL,NHL,2026010004,2026-09-20T00:00:00Z,Chicago,Minnesota,NHL_WEB,FUT
NHLWEB-2026010002-20260917T204516Z,2026-09-17T13:45:16.461991-07:00,NHL,NHL,2026010002,2026-09-20T01:00:00Z,Vegas,Los Angeles,NHL_WEB,FUT
NHLWEB-2026010005-20260917T204516Z,2026-09-17T13:45:16.461991-07:00,NHL,NHL,2026010005,2026-09-20T01:00:00Z,Vancouver,Seattle,NHL_WEB,FUT
NHLWEB-2026010008-20260917T204516Z,2026-09-17T13:45:16.461991-07:00,NHL,NHL,2026010008,2026-09-20T17:00:00Z,New York,New Jersey,NHL_WEB,FUT
NHLWEB-2026010009-20260917T204516Z,2026-09-17T13:45:16.461991-07:00,NHL,NHL,2026010009,2026-09-20T20:00:00Z,San Jose,Anaheim,NHL_WEB,FUT
NHLWEB-2026010011-20260917T204516Z,2026-09-17T13:45:16.461991-07:00,NHL,NHL,2026010011,2026-09-20T21:00:00Z,Nashville,Tampa Bay,NHL_WEB,FUT
NHLWEB-2026010013-20260917T204516Z,2026-09-17T13:45:16.461991-07:00,NHL,NHL,2026010013,2026-09-20T21:00:00Z,Washington,Boston,NHL_WEB,FUT
NHLWEB-2026010010-20260917T204516Z,2026-09-17T13:45:16.461991-07:00,NHL,NHL,2026010010,2026-09-20T23:00:00Z,Carolina,Florida,NHL_WEB,FUT
NHLWEB-2026010012-20260917T204516Z,2026-09-17T13:45:16.461991-07:00,NHL,NHL,2026010012,2026-09-20T23:00:00Z,Utah,Colorado,NHL_WEB,FUT
NHLWEB-2026010014-20260917T204516Z,2026-09-17T13:45:16.461991-07:00,NHL,NHL,2026010014,2026-09-21T00:00:00Z,Seattle,Calgary,NHL_WEB,FUT
NHLWEB-2026010016-20260917T204516Z,2026-09-17T13:45:16.461991-07:00,NHL,NHL,2026010016,2026-09-21T23:00:00Z,Buffalo,Pittsburgh,NHL_WEB,FUT
NHLWEB-2026010017-20260917T204516Z,2026-09-17T13:45:16.461991-07:00,NHL,NHL,2026010017,2026-09-21T23:00:00Z,Detroit,Columbus,NHL_WEB,FUT
NHLWEB-2026010019-20260917T204516Z,2026-09-17T13:45:16.461991-07:00,NHL,NHL,2026010019,2026-09-21T23:00:00Z,New York,New Jersey,NHL_WEB,FUT
NHLWEB-2026010020-20260917T204516Z,2026-09-17T13:45:16.461991-07:00,NHL,NHL,2026010020,2026-09-21T23:00:00Z,Philadelphia,Washington,NHL_WEB,FUT
NHLWEB-2026010022-20260917T204516Z,2026-09-17T13:45:16.461991-07:00,NHL,NHL,2026010022,2026-09-21T23:00:00Z,Ottawa,Montréal,NHL_WEB,FUT
NHLWEB-2026010015-20260917T204516Z,2026-09-17T13:45:16.461991-07:00,NHL,NHL,2026010015,2026-09-22T00:00:00Z,Colorado,Winnipeg,NHL_WEB,FUT
NHLWEB-2026010018-20260917T204516Z,2026-09-17T13:45:16.461991-07:00,NHL,NHL,2026010018,2026-09-22T00:00:00Z,Minnesota,Chicago,NHL_WEB,FUT
NHLWEB-2026010021-20260917T204516Z,2026-09-17T13:45:16.461991-07:00,NHL,NHL,2026010021,2026-09-22T00:00:00Z,St. Louis,Dallas,NHL_WEB,FUT
NHLWEB-2026010024-20260917T204516Z,2026-09-17T13:45:16.461991-07:00,NHL,NHL,2026010024,2026-09-22T23:00:00Z,Columbus,Buffalo,NHL_WEB,FUT
NHLWEB-2026010025-20260917T204516Z,2026-09-17T13:45:16.461991-07:00,NHL,NHL,2026010025,2026-09-22T23:00:00Z,Detroit,Pittsburgh,NHL_WEB,FUT
NHLWEB-2026010026-20260917T204516Z,2026-09-17T13:45:16.461991-07:00,NHL,NHL,2026010026,2026-09-22T23:00:00Z,Florida,Carolina,NHL_WEB,FUT
NHLWEB-2026010027-20260917T204516Z,2026-09-17T13:45:16.461991-07:00,NHL,NHL,2026010027,2026-09-22T23:00:00Z,New York,New York,NHL_WEB,FUT
NHLWEB-2026010028-20260917T204516Z,2026-09-17T13:45:16.461991-07:00,NHL,NHL,2026010028,2026-09-22T23:00:00Z,Philadelphia,Boston,NHL_WEB,FUT
NHLWEB-2026010023-20260917T204516Z,2026-09-17T13:45:16.461991-07:00,NHL,NHL,2026010023,2026-09-23T00:00:00Z,Edmonton,Winnipeg,NHL_WEB,FUT
NHLWEB-2026010029-20260917T204516Z,2026-09-17T13:45:16.461991-07:00,NHL,NHL,2026010029,2026-09-23T00:00:00Z,Tampa Bay,Nashville,NHL_WEB,FUT
NHLWEB-2026010031-20260917T204516Z,2026-09-17T13:45:16.461991-07:00,NHL,NHL,2026010031,2026-09-23T01:00:00Z,Vancouver,Calgary,NHL_WEB,FUT
NHLWEB-2026010030-20260917T204516Z,2026-09-17T13:45:16.461991-07:00,NHL,NHL,2026010030,2026-09-23T02:00:00Z,Utah,Los Angeles,NHL_WEB,FUT
NHLWEB-2026010032-20260917T204516Z,2026-09-17T13:45:16.461991-07:00,NHL,NHL,2026010032,2026-09-23T02:00:00Z,Vegas,San Jose,NHL_WEB,FUT
NHLWEB-2026010035-20260917T204516Z,2026-09-17T13:45:16.461991-07:00,NHL,NHL,2026010035,2026-09-23T23:00:00Z,Ottawa,Toronto,NHL_WEB,FUT
NHLWEB-2026010036-20260917T204516Z,2026-09-17T13:45:16.461991-07:00,NHL,NHL,2026010036,2026-09-23T23:00:00Z,Toronto,Ottawa,NHL_WEB,FUT
NHLWEB-2026010034-20260917T204516Z,2026-09-17T13:45:16.461991-07:00,NHL,NHL,2026010034,2026-09-24T00:00:00Z,Minnesota,Dallas,NHL_WEB,FUT
NHLWEB-2026010033-20260917T204516Z,2026-09-17T13:45:16.461991-07:00,NHL,NHL,2026010033,2026-09-24T02:00:00Z,Los Angeles,Anaheim,NHL_WEB,FUT
NHLWEB-2026010040-20260917T204516Z,2026-09-17T13:45:16.461991-07:00,NHL,NHL,2026010040,2026-09-24T23:00:00Z,Boston,Philadelphia,NHL_WEB,FUT
NHLWEB-2026010041-20260917T204516Z,2026-09-17T13:45:16.461991-07:00,NHL,NHL,2026010041,2026-09-24T23:00:00Z,Buffalo,Detroit,NHL_WEB,FUT
NHLWEB-2026010043-20260917T204516Z,2026-09-17T13:45:16.461991-07:00,NHL,NHL,2026010043,2026-09-24T23:00:00Z,Florida,Tampa Bay,NHL_WEB,FUT
NHLWEB-2026010044-20260917T204516Z,2026-09-17T13:45:16.461991-07:00,NHL,NHL,2026010044,2026-09-24T23:00:00Z,Nashville,Carolina,NHL_WEB,FUT
NHLWEB-2026010045-20260917T204516Z,2026-09-17T13:45:16.461991-07:00,NHL,NHL,2026010045,2026-09-24T23:00:00Z,New Jersey,New York,NHL_WEB,FUT
NHLWEB-2026010046-20260917T204516Z,2026-09-17T13:45:16.461991-07:00,NHL,NHL,2026010046,2026-09-24T23:00:00Z,Pittsburgh,Columbus,NHL_WEB,FUT
NHLWEB-2026010042-20260917T204516Z,2026-09-17T13:45:16.461991-07:00,NHL,NHL,2026010042,2026-09-25T00:00:00Z,Chicago,St. Louis,NHL_WEB,FUT
NHLWEB-2026010037-20260917T204516Z,2026-09-17T13:45:16.461991-07:00,NHL,NHL,2026010037,2026-09-25T01:00:00Z,Edmonton,Vancouver,NHL_WEB,FUT
NHLWEB-2026010038-20260917T204516Z,2026-09-17T13:45:16.461991-07:00,NHL,NHL,2026010038,2026-09-25T01:40:00Z,Calgary,Seattle,NHL_WEB,FUT
NHLWEB-2026010039-20260917T204516Z,2026-09-17T13:45:16.461991-07:00,NHL,NHL,2026010039,2026-09-25T02:00:00Z,Anaheim,San Jose,NHL_WEB,FUT
NHLWEB-2026010047-20260917T204516Z,2026-09-17T13:45:16.461991-07:00,NHL,NHL,2026010047,2026-09-25T02:00:00Z,Utah,Vegas,NHL_WEB,FUT
NHLWEB-2026010049-20260917T204516Z,2026-09-17T13:45:16.461991-07:00,NHL,NHL,2026010049,2026-09-25T23:00:00Z,Boston,Washington,NHL_WEB,FUT
NHLWEB-2026010051-20260917T204516Z,2026-09-17T13:45:16.461991-07:00,NHL,NHL,2026010051,2026-09-25T23:30:00Z,New York,New York,NHL_WEB,FUT
NHLWEB-2026010050-20260917T204516Z,2026-09-17T13:45:16.461991-07:00,NHL,NHL,2026010050,2026-09-26T00:00:00Z,Dallas,Minnesota,NHL_WEB,FUT
NHLWEB-2026010048-20260917T204516Z,2026-09-17T13:45:16.461991-07:00,NHL,NHL,2026010048,2026-09-26T00:30:00Z,Winnipeg,Colorado,NHL_WEB,FUT
NHLWEB-2026010001-20260917T215305Z,2026-09-17T14:53:05.129409-07:00,NHL,NHL,2026010001,2026-09-19T23:00:00Z,Dallas,St. Louis,NHL_WEB,FUT
NHLWEB-2026010006-20260917T215305Z,2026-09-17T14:53:05.129409-07:00,NHL,NHL,2026010006,2026-09-19T23:00:00Z,Montréal,Toronto,NHL_WEB,FUT
NHLWEB-2026010007-20260917T215305Z,2026-09-17T14:53:05.129409-07:00,NHL,NHL,2026010007,2026-09-19T23:00:00Z,Toronto,Montréal,NHL_WEB,FUT
NHLWEB-2026010003-20260917T215305Z,2026-09-17T14:53:05.129409-07:00,NHL,NHL,2026010003,2026-09-20T00:00:00Z,Winnipeg,Edmonton,NHL_WEB,FUT
NHLWEB-2026010004-20260917T215305Z,2026-09-17T14:53:05.129409-07:00,NHL,NHL,2026010004,2026-09-20T00:00:00Z,Chicago,Minnesota,NHL_WEB,FUT
NHLWEB-2026010002-20260917T215305Z,2026-09-17T14:53:05.129409-07:00,NHL,NHL,2026010002,2026-09-20T01:00:00Z,Vegas,Los Angeles,NHL_WEB,FUT
NHLWEB-2026010005-20260917T215305Z,2026-09-17T14:53:05.129409-07:00,NHL,NHL,2026010005,2026-09-20T01:00:00Z,Vancouver,Seattle,NHL_WEB,FUT
NHLWEB-2026010008-20260917T215305Z,2026-09-17T14:53:05.129409-07:00,NHL,NHL,2026010008,2026-09-20T17:00:00Z,New York,New Jersey,NHL_WEB,FUT
NHLWEB-2026010009-20260917T215305Z,2026-09-17T14:53:05.129409-07:00,NHL,NHL,2026010009,2026-09-20T20:00:00Z,San Jose,Anaheim,NHL_WEB,FUT
NHLWEB-2026010011-20260917T215305Z,2026-09-17T14:53:05.129409-07:00,NHL,NHL,2026010011,2026-09-20T21:00:00Z,Nashville,Tampa Bay,NHL_WEB,FUT
NHLWEB-2026010013-20260917T215305Z,2026-09-17T14:53:05.129409-07:00,NHL,NHL,2026010013,2026-09-20T21:00:00Z,Washington,Boston,NHL_WEB,FUT
NHLWEB-2026010010-20260917T215305Z,2026-09-17T14:53:05.129409-07:00,NHL,NHL,2026010010,2026-09-20T23:00:00Z,Carolina,Florida,NHL_WEB,FUT
NHLWEB-2026010012-20260917T215305Z,2026-09-17T14:53:05.129409-07:00,NHL,NHL,2026010012,2026-09-20T23:00:00Z,Utah,Colorado,NHL_WEB,FUT
NHLWEB-2026010014-20260917T215305Z,2026-09-17T14:53:05.129409-07:00,NHL,NHL,2026010014,2026-09-21T00:00:00Z,Seattle,Calgary,NHL_WEB,FUT
NHLWEB-2026010016-20260917T215305Z,2026-09-17T14:53:05.129409-07:00,NHL,NHL,2026010016,2026-09-21T23:00:00Z,Buffalo,Pittsburgh,NHL_WEB,FUT
NHLWEB-2026010017-20260917T215305Z,2026-09-17T14:53:05.129409-07:00,NHL,NHL,2026010017,2026-09-21T23:00:00Z,Detroit,Columbus,NHL_WEB,FUT
NHLWEB-2026010019-20260917T215305Z,2026-09-17T14:53:05.129409-07:00,NHL,NHL,2026010019,2026-09-21T23:00:00Z,New York,New Jersey,NHL_WEB,FUT
NHLWEB-2026010020-20260917T215305Z,2026-09-17T14:53:05.129409-07:00,NHL,NHL,2026010020,2026-09-21T23:00:00Z,Philadelphia,Washington,NHL_WEB,FUT
NHLWEB-2026010022-20260917T215305Z,2026-09-17T14:53:05.129409-07:00,NHL,NHL,2026010022,2026-09-21T23:00:00Z,Ottawa,Montréal,NHL_WEB,FUT
NHLWEB-2026010015-20260917T215305Z,2026-09-17T14:53:05.129409-07:00,NHL,NHL,2026010015,2026-09-22T00:00:00Z,Colorado,Winnipeg,NHL_WEB,FUT
NHLWEB-2026010018-20260917T215305Z,2026-09-17T14:53:05.129409-07:00,NHL,NHL,2026010018,2026-09-22T00:00:00Z,Minnesota,Chicago,NHL_WEB,FUT
NHLWEB-2026010021-20260917T215305Z,2026-09-17T14:53:05.129409-07:00,NHL,NHL,2026010021,2026-09-22T00:00:00Z,St. Louis,Dallas,NHL_WEB,FUT
NHLWEB-2026010024-20260917T215305Z,2026-09-17T14:53:05.129409-07:00,NHL,NHL,2026010024,2026-09-22T23:00:00Z,Columbus,Buffalo,NHL_WEB,FUT
NHLWEB-2026010025-20260917T215305Z,2026-09-17T14:53:05.129409-07:00,NHL,NHL,2026010025,2026-09-22T23:00:00Z,Detroit,Pittsburgh,NHL_WEB,FUT
NHLWEB-2026010026-20260917T215305Z,2026-09-17T14:53:05.129409-07:00,NHL,NHL,2026010026,2026-09-22T23:00:00Z,Florida,Carolina,NHL_WEB,FUT
NHLWEB-2026010027-20260917T215305Z,2026-09-17T14:53:05.129409-07:00,NHL,NHL,2026010027,2026-09-22T23:00:00Z,New York,New York,NHL_WEB,FUT
NHLWEB-2026010028-20260917T215305Z,2026-09-17T14:53:05.129409-07:00,NHL,NHL,2026010028,2026-09-22T23:00:00Z,Philadelphia,Boston,NHL_WEB,FUT
NHLWEB-2026010023-20260917T215305Z,2026-09-17T14:53:05.129409-07:00,NHL,NHL,2026010023,2026-09-23T00:00:00Z,Edmonton,Winnipeg,NHL_WEB,FUT
NHLWEB-2026010029-20260917T215305Z,2026-09-17T14:53:05.129409-07:00,NHL,NHL,2026010029,2026-09-23T00:00:00Z,Tampa Bay,Nashville,NHL_WEB,FUT
NHLWEB-2026010031-20260917T215305Z,2026-09-17T14:53:05.129409-07:00,NHL,NHL,2026010031,2026-09-23T01:00:00Z,Vancouver,Calgary,NHL_WEB,FUT
NHLWEB-2026010030-20260917T215305Z,2026-09-17T14:53:05.129409-07:00,NHL,NHL,2026010030,2026-09-23T02:00:00Z,Utah,Los Angeles,NHL_WEB,FUT
NHLWEB-2026010032-20260917T215305Z,2026-09-17T14:53:05.129409-07:00,NHL,NHL,2026010032,2026-09-23T02:00:00Z,Vegas,San Jose,NHL_WEB,FUT
NHLWEB-2026010035-20260917T215305Z,2026-09-17T14:53:05.129409-07:00,NHL,NHL,2026010035,2026-09-23T23:00:00Z,Ottawa,Toronto,NHL_WEB,FUT
NHLWEB-2026010036-20260917T215305Z,2026-09-17T14:53:05.129409-07:00,NHL,NHL,2026010036,2026-09-23T23:00:00Z,Toronto,Ottawa,NHL_WEB,FUT
NHLWEB-2026010034-20260917T215305Z,2026-09-17T14:53:05.129409-07:00,NHL,NHL,2026010034,2026-09-24T00:00:00Z,Minnesota,Dallas,NHL_WEB,FUT
NHLWEB-2026010033-20260917T215305Z,2026-09-17T14:53:05.129409-07:00,NHL,NHL,2026010033,2026-09-24T02:00:00Z,Los Angeles,Anaheim,NHL_WEB,FUT
NHLWEB-2026010040-20260917T215305Z,2026-09-17T14:53:05.129409-07:00,NHL,NHL,2026010040,2026-09-24T23:00:00Z,Boston,Philadelphia,NHL_WEB,FUT
NHLWEB-2026010041-20260917T215305Z,2026-09-17T14:53:05.129409-07:00,NHL,NHL,2026010041,2026-09-24T23:00:00Z,Buffalo,Detroit,NHL_WEB,FUT
NHLWEB-2026010043-20260917T215305Z,2026-09-17T14:53:05.129409-07:00,NHL,NHL,2026010043,2026-09-24T23:00:00Z,Florida,Tampa Bay,NHL_WEB,FUT
NHLWEB-2026010044-20260917T215305Z,2026-09-17T14:53:05.129409-07:00,NHL,NHL,2026010044,2026-09-24T23:00:00Z,Nashville,Carolina,NHL_WEB,FUT
NHLWEB-2026010045-20260917T215305Z,2026-09-17T14:53:05.129409-07:00,NHL,NHL,2026010045,2026-09-24T23:00:00Z,New Jersey,New York,NHL_WEB,FUT
NHLWEB-2026010046-20260917T215305Z,2026-09-17T14:53:05.129409-07:00,NHL,NHL,2026010046,2026-09-24T23:00:00Z,Pittsburgh,Columbus,NHL_WEB,FUT
NHLWEB-2026010042-20260917T215305Z,2026-09-17T14:53:05.129409-07:00,NHL,NHL,2026010042,2026-09-25T00:00:00Z,Chicago,St. Louis,NHL_WEB,FUT
NHLWEB-2026010037-20260917T215305Z,2026-09-17T14:53:05.129409-07:00,NHL,NHL,2026010037,2026-09-25T01:00:00Z,Edmonton,Vancouver,NHL_WEB,FUT
NHLWEB-2026010038-20260917T215305Z,2026-09-17T14:53:05.129409-07:00,NHL,NHL,2026010038,2026-09-25T01:40:00Z,Calgary,Seattle,NHL_WEB,FUT
NHLWEB-2026010039-20260917T215305Z,2026-09-17T14:53:05.129409-07:00,NHL,NHL,2026010039,2026-09-25T02:00:00Z,Anaheim,San Jose,NHL_WEB,FUT
NHLWEB-2026010047-20260917T215305Z,2026-09-17T14:53:05.129409-07:00,NHL,NHL,2026010047,2026-09-25T02:00:00Z,Utah,Vegas,NHL_WEB,FUT
NHLWEB-2026010049-20260917T215305Z,2026-09-17T14:53:05.129409-07:00,NHL,NHL,2026010049,2026-09-25T23:00:00Z,Boston,Washington,NHL_WEB,FUT
NHLWEB-2026010051-20260917T215305Z,2026-09-17T14:53:05.129409-07:00,NHL,NHL,2026010051,2026-09-25T23:30:00Z,New York,New York,NHL_WEB,FUT
NHLWEB-2026010050-20260917T215305Z,2026-09-17T14:53:05.129409-07:00,NHL,NHL,2026010050,2026-09-26T00:00:00Z,Dallas,Minnesota,NHL_WEB,FUT
NHLWEB-2026010048-20260917T215305Z,2026-09-17T14:53:05.129409-07:00,NHL,NHL,2026010048,2026-09-26T00:30:00Z,Winnipeg,Colorado,NHL_WEB,FUT
NHLWEB-2026010001-20260917T235334Z,2026-09-17T16:53:34.526617-07:00,NHL,NHL,2026010001,2026-09-19T23:00:00Z,Dallas,St. Louis,NHL_WEB,FUT
NHLWEB-2026010006-20260917T235334Z,2026-09-17T16:53:34.526617-07:00,NHL,NHL,2026010006,2026-09-19T23:00:00Z,Montréal,Toronto,NHL_WEB,FUT
NHLWEB-2026010007-20260917T235334Z,2026-09-17T16:53:34.526617-07:00,NHL,NHL,2026010007,2026-09-19T23:00:00Z,Toronto,Montréal,NHL_WEB,FUT
NHLWEB-2026010003-20260917T235334Z,2026-09-17T16:53:34.526617-07:00,NHL,NHL,2026010003,2026-09-20T00:00:00Z,Winnipeg,Edmonton,NHL_WEB,FUT
NHLWEB-2026010004-20260917T235334Z,2026-09-17T16:53:34.526617-07:00,NHL,NHL,2026010004,2026-09-20T00:00:00Z,Chicago,Minnesota,NHL_WEB,FUT
NHLWEB-2026010002-20260917T235334Z,2026-09-17T16:53:34.526617-07:00,NHL,NHL,2026010002,2026-09-20T01:00:00Z,Vegas,Los Angeles,NHL_WEB,FUT
NHLWEB-2026010005-20260917T235334Z,2026-09-17T16:53:34.526617-07:00,NHL,NHL,2026010005,2026-09-20T01:00:00Z,Vancouver,Seattle,NHL_WEB,FUT
NHLWEB-2026010008-20260917T235334Z,2026-09-17T16:53:34.526617-07:00,NHL,NHL,2026010008,2026-09-20T17:00:00Z,New York,New Jersey,NHL_WEB,FUT
NHLWEB-2026010009-20260917T235334Z,2026-09-17T16:53:34.526617-07:00,NHL,NHL,2026010009,2026-09-20T20:00:00Z,San Jose,Anaheim,NHL_WEB,FUT
NHLWEB-2026010011-20260917T235334Z,2026-09-17T16:53:34.526617-07:00,NHL,NHL,2026010011,2026-09-20T21:00:00Z,Nashville,Tampa Bay,NHL_WEB,FUT
NHLWEB-2026010013-20260917T235334Z,2026-09-17T16:53:34.526617-07:00,NHL,NHL,2026010013,2026-09-20T21:00:00Z,Washington,Boston,NHL_WEB,FUT
NHLWEB-2026010010-20260917T235334Z,2026-09-17T16:53:34.526617-07:00,NHL,NHL,2026010010,2026-09-20T23:00:00Z,Carolina,Florida,NHL_WEB,FUT
NHLWEB-2026010012-20260917T235334Z,2026-09-17T16:53:34.526617-07:00,NHL,NHL,2026010012,2026-09-20T23:00:00Z,Utah,Colorado,NHL_WEB,FUT
NHLWEB-2026010014-20260917T235334Z,2026-09-17T16:53:34.526617-07:00,NHL,NHL,2026010014,2026-09-21T00:00:00Z,Seattle,Calgary,NHL_WEB,FUT
NHLWEB-2026010016-20260917T235334Z,2026-09-17T16:53:34.526617-07:00,NHL,NHL,2026010016,2026-09-21T23:00:00Z,Buffalo,Pittsburgh,NHL_WEB,FUT
NHLWEB-2026010017-20260917T235334Z,2026-09-17T16:53:34.526617-07:00,NHL,NHL,2026010017,2026-09-21T23:00:00Z,Detroit,Columbus,NHL_WEB,FUT
NHLWEB-2026010019-20260917T235334Z,2026-09-17T16:53:34.526617-07:00,NHL,NHL,2026010019,2026-09-21T23:00:00Z,New York,New Jersey,NHL_WEB,FUT
NHLWEB-2026010020-20260917T235334Z,2026-09-17T16:53:34.526617-07:00,NHL,NHL,2026010020,2026-09-21T23:00:00Z,Philadelphia,Washington,NHL_WEB,FUT
NHLWEB-2026010022-20260917T235334Z,2026-09-17T16:53:34.526617-07:00,NHL,NHL,2026010022,2026-09-21T23:00:00Z,Ottawa,Montréal,NHL_WEB,FUT
NHLWEB-2026010015-20260917T235334Z,2026-09-17T16:53:34.526617-07:00,NHL,NHL,2026010015,2026-09-22T00:00:00Z,Colorado,Winnipeg,NHL_WEB,FUT
NHLWEB-2026010018-20260917T235334Z,2026-09-17T16:53:34.526617-07:00,NHL,NHL,2026010018,2026-09-22T00:00:00Z,Minnesota,Chicago,NHL_WEB,FUT
NHLWEB-2026010021-20260917T235334Z,2026-09-17T16:53:34.526617-07:00,NHL,NHL,2026010021,2026-09-22T00:00:00Z,St. Louis,Dallas,NHL_WEB,FUT
NHLWEB-2026010024-20260917T235334Z,2026-09-17T16:53:34.526617-07:00,NHL,NHL,2026010024,2026-09-22T23:00:00Z,Columbus,Buffalo,NHL_WEB,FUT
NHLWEB-2026010025-20260917T235334Z,2026-09-17T16:53:34.526617-07:00,NHL,NHL,2026010025,2026-09-22T23:00:00Z,Detroit,Pittsburgh,NHL_WEB,FUT
NHLWEB-2026010026-20260917T235334Z,2026-09-17T16:53:34.526617-07:00,NHL,NHL,2026010026,2026-09-22T23:00:00Z,Florida,Carolina,NHL_WEB,FUT
NHLWEB-2026010027-20260917T235334Z,2026-09-17T16:53:34.526617-07:00,NHL,NHL,2026010027,2026-09-22T23:00:00Z,New York,New York,NHL_WEB,FUT
NHLWEB-2026010028-20260917T235334Z,2026-09-17T16:53:34.526617-07:00,NHL,NHL,2026010028,2026-09-22T23:00:00Z,Philadelphia,Boston,NHL_WEB,FUT
NHLWEB-2026010023-20260917T235334Z,2026-09-17T16:53:34.526617-07:00,NHL,NHL,2026010023,2026-09-23T00:00:00Z,Edmonton,Winnipeg,NHL_WEB,FUT
NHLWEB-2026010029-20260917T235334Z,2026-09-17T16:53:34.526617-07:00,NHL,NHL,2026010029,2026-09-23T00:00:00Z,Tampa Bay,Nashville,NHL_WEB,FUT
NHLWEB-2026010031-20260917T235334Z,2026-09-17T16:53:34.526617-07:00,NHL,NHL,2026010031,2026-09-23T01:00:00Z,Vancouver,Calgary,NHL_WEB,FUT
NHLWEB-2026010030-20260917T235334Z,2026-09-17T16:53:34.526617-07:00,NHL,NHL,2026010030,2026-09-23T02:00:00Z,Utah,Los Angeles,NHL_WEB,FUT
NHLWEB-2026010032-20260917T235334Z,2026-09-17T16:53:34.526617-07:00,NHL,NHL,2026010032,2026-09-23T02:00:00Z,Vegas,San Jose,NHL_WEB,FUT
NHLWEB-2026010035-20260917T235334Z,2026-09-17T16:53:34.526617-07:00,NHL,NHL,2026010035,2026-09-23T23:00:00Z,Ottawa,Toronto,NHL_WEB,FUT
NHLWEB-2026010036-20260917T235334Z,2026-09-17T16:53:34.526617-07:00,NHL,NHL,2026010036,2026-09-23T23:00:00Z,Toronto,Ottawa,NHL_WEB,FUT
NHLWEB-2026010034-20260917T235334Z,2026-09-17T16:53:34.526617-07:00,NHL,NHL,2026010034,2026-09-24T00:00:00Z,Minnesota,Dallas,NHL_WEB,FUT
NHLWEB-2026010033-20260917T235334Z,2026-09-17T16:53:34.526617-07:00,NHL,NHL,2026010033,2026-09-24T02:00:00Z,Los Angeles,Anaheim,NHL_WEB,FUT
NHLWEB-2026010040-20260917T235334Z,2026-09-17T16:53:34.526617-07:00,NHL,NHL,2026010040,2026-09-24T23:00:00Z,Boston,Philadelphia,NHL_WEB,FUT
NHLWEB-2026010041-20260917T235334Z,2026-09-17T16:53:34.526617-07:00,NHL,NHL,2026010041,2026-09-24T23:00:00Z,Buffalo,Detroit,NHL_WEB,FUT
NHLWEB-2026010043-20260917T235334Z,2026-09-17T16:53:34.526617-07:00,NHL,NHL,2026010043,2026-09-24T23:00:00Z,Florida,Tampa Bay,NHL_WEB,FUT
NHLWEB-2026010044-20260917T235334Z,2026-09-17T16:53:34.526617-07:00,NHL,NHL,2026010044,2026-09-24T23:00:00Z,Nashville,Carolina,NHL_WEB,FUT
NHLWEB-2026010045-20260917T235334Z,2026-09-17T16:53:34.526617-07:00,NHL,NHL,2026010045,2026-09-24T23:00:00Z,New Jersey,New York,NHL_WEB,FUT
NHLWEB-2026010046-20260917T235334Z,2026-09-17T16:53:34.526617-07:00,NHL,NHL,2026010046,2026-09-24T23:00:00Z,Pittsburgh,Columbus,NHL_WEB,FUT
NHLWEB-2026010042-20260917T235334Z,2026-09-17T16:53:34.526617-07:00,NHL,NHL,2026010042,2026-09-25T00:00:00Z,Chicago,St. Louis,NHL_WEB,FUT
NHLWEB-2026010037-20260917T235334Z,2026-09-17T16:53:34.526617-07:00,NHL,NHL,2026010037,2026-09-25T01:00:00Z,Edmonton,Vancouver,NHL_WEB,FUT
NHLWEB-2026010038-20260917T235334Z,2026-09-17T16:53:34.526617-07:00,NHL,NHL,2026010038,2026-09-25T01:40:00Z,Calgary,Seattle,NHL_WEB,FUT
NHLWEB-2026010039-20260917T235334Z,2026-09-17T16:53:34.526617-07:00,NHL,NHL,2026010039,2026-09-25T02:00:00Z,Anaheim,San Jose,NHL_WEB,FUT
NHLWEB-2026010047-20260917T235334Z,2026-09-17T16:53:34.526617-07:00,NHL,NHL,2026010047,2026-09-25T02:00:00Z,Utah,Vegas,NHL_WEB,FUT
NHLWEB-2026010049-20260917T235334Z,2026-09-17T16:53:34.526617-07:00,NHL,NHL,2026010049,2026-09-25T23:00:00Z,Boston,Washington,NHL_WEB,FUT
NHLWEB-2026010051-20260917T235334Z,2026-09-17T16:53:34.526617-07:00,NHL,NHL,2026010051,2026-09-25T23:30:00Z,New York,New York,NHL_WEB,FUT
NHLWEB-2026010050-20260917T235334Z,2026-09-17T16:53:34.526617-07:00,NHL,NHL,2026010050,2026-09-26T00:00:00Z,Dallas,Minnesota,NHL_WEB,FUT
NHLWEB-2026010048-20260917T235334Z,2026-09-17T16:53:34.526617-07:00,NHL,NHL,2026010048,2026-09-26T00:30:00Z,Winnipeg,Colorado,NHL_WEB,FUT
NHLWEB-2026010001-20260917T235613Z,2026-09-17T16:56:13.679774-07:00,NHL,NHL,2026010001,2026-09-19T23:00:00Z,Dallas,St. Louis,NHL_WEB,FUT
NHLWEB-2026010006-20260917T235613Z,2026-09-17T16:56:13.679774-07:00,NHL,NHL,2026010006,2026-09-19T23:00:00Z,Montréal,Toronto,NHL_WEB,FUT
NHLWEB-2026010007-20260917T235613Z,2026-09-17T16:56:13.679774-07:00,NHL,NHL,2026010007,2026-09-19T23:00:00Z,Toronto,Montréal,NHL_WEB,FUT
NHLWEB-2026010003-20260917T235613Z,2026-09-17T16:56:13.679774-07:00,NHL,NHL,2026010003,2026-09-20T00:00:00Z,Winnipeg,Edmonton,NHL_WEB,FUT
NHLWEB-2026010004-20260917T235613Z,2026-09-17T16:56:13.679774-07:00,NHL,NHL,2026010004,2026-09-20T00:00:00Z,Chicago,Minnesota,NHL_WEB,FUT
NHLWEB-2026010002-20260917T235613Z,2026-09-17T16:56:13.679774-07:00,NHL,NHL,2026010002,2026-09-20T01:00:00Z,Vegas,Los Angeles,NHL_WEB,FUT
NHLWEB-2026010005-20260917T235613Z,2026-09-17T16:56:13.679774-07:00,NHL,NHL,2026010005,2026-09-20T01:00:00Z,Vancouver,Seattle,NHL_WEB,FUT
NHLWEB-2026010008-20260917T235613Z,2026-09-17T16:56:13.679774-07:00,NHL,NHL,2026010008,2026-09-20T17:00:00Z,New York,New Jersey,NHL_WEB,FUT
NHLWEB-2026010009-20260917T235613Z,2026-09-17T16:56:13.679774-07:00,NHL,NHL,2026010009,2026-09-20T20:00:00Z,San Jose,Anaheim,NHL_WEB,FUT
NHLWEB-2026010011-20260917T235613Z,2026-09-17T16:56:13.679774-07:00,NHL,NHL,2026010011,2026-09-20T21:00:00Z,Nashville,Tampa Bay,NHL_WEB,FUT
NHLWEB-2026010013-20260917T235613Z,2026-09-17T16:56:13.679774-07:00,NHL,NHL,2026010013,2026-09-20T21:00:00Z,Washington,Boston,NHL_WEB,FUT
NHLWEB-2026010010-20260917T235613Z,2026-09-17T16:56:13.679774-07:00,NHL,NHL,2026010010,2026-09-20T23:00:00Z,Carolina,Florida,NHL_WEB,FUT
NHLWEB-2026010012-20260917T235613Z,2026-09-17T16:56:13.679774-07:00,NHL,NHL,2026010012,2026-09-20T23:00:00Z,Utah,Colorado,NHL_WEB,FUT
NHLWEB-2026010014-20260917T235613Z,2026-09-17T16:56:13.679774-07:00,NHL,NHL,2026010014,2026-09-21T00:00:00Z,Seattle,Calgary,NHL_WEB,FUT
NHLWEB-2026010016-20260917T235613Z,2026-09-17T16:56:13.679774-07:00,NHL,NHL,2026010016,2026-09-21T23:00:00Z,Buffalo,Pittsburgh,NHL_WEB,FUT
NHLWEB-2026010017-20260917T235613Z,2026-09-17T16:56:13.679774-07:00,NHL,NHL,2026010017,2026-09-21T23:00:00Z,Detroit,Columbus,NHL_WEB,FUT
NHLWEB-2026010019-20260917T235613Z,2026-09-17T16:56:13.679774-07:00,NHL,NHL,2026010019,2026-09-21T23:00:00Z,New York,New Jersey,NHL_WEB,FUT
NHLWEB-2026010020-20260917T235613Z,2026-09-17T16:56:13.679774-07:00,NHL,NHL,2026010020,2026-09-21T23:00:00Z,Philadelphia,Washington,NHL_WEB,FUT
NHLWEB-2026010022-20260917T235613Z,2026-09-17T16:56:13.679774-07:00,NHL,NHL,2026010022,2026-09-21T23:00:00Z,Ottawa,Montréal,NHL_WEB,FUT
NHLWEB-2026010015-20260917T235613Z,2026-09-17T16:56:13.679774-07:00,NHL,NHL,2026010015,2026-09-22T00:00:00Z,Colorado,Winnipeg,NHL_WEB,FUT
NHLWEB-2026010018-20260917T235613Z,2026-09-17T16:56:13.679774-07:00,NHL,NHL,2026010018,2026-09-22T00:00:00Z,Minnesota,Chicago,NHL_WEB,FUT
NHLWEB-2026010021-20260917T235613Z,2026-09-17T16:56:13.679774-07:00,NHL,NHL,2026010021,2026-09-22T00:00:00Z,St. Louis,Dallas,NHL_WEB,FUT
NHLWEB-2026010024-20260917T235613Z,2026-09-17T16:56:13.679774-07:00,NHL,NHL,2026010024,2026-09-22T23:00:00Z,Columbus,Buffalo,NHL_WEB,FUT
NHLWEB-2026010025-20260917T235613Z,2026-09-17T16:56:13.679774-07:00,NHL,NHL,2026010025,2026-09-22T23:00:00Z,Detroit,Pittsburgh,NHL_WEB,FUT
NHLWEB-2026010026-20260917T235613Z,2026-09-17T16:56:13.679774-07:00,NHL,NHL,2026010026,2026-09-22T23:00:00Z,Florida,Carolina,NHL_WEB,FUT
NHLWEB-2026010027-20260917T235613Z,2026-09-17T16:56:13.679774-07:00,NHL,NHL,2026010027,2026-09-22T23:00:00Z,New York,New York,NHL_WEB,FUT
NHLWEB-2026010028-20260917T235613Z,2026-09-17T16:56:13.679774-07:00,NHL,NHL,2026010028,2026-09-22T23:00:00Z,Philadelphia,Boston,NHL_WEB,FUT
NHLWEB-2026010023-20260917T235613Z,2026-09-17T16:56:13.679774-07:00,NHL,NHL,2026010023,2026-09-23T00:00:00Z,Edmonton,Winnipeg,NHL_WEB,FUT
NHLWEB-2026010029-20260917T235613Z,2026-09-17T16:56:13.679774-07:00,NHL,NHL,2026010029,2026-09-23T00:00:00Z,Tampa Bay,Nashville,NHL_WEB,FUT
NHLWEB-2026010031-20260917T235613Z,2026-09-17T16:56:13.679774-07:00,NHL,NHL,2026010031,2026-09-23T01:00:00Z,Vancouver,Calgary,NHL_WEB,FUT
NHLWEB-2026010030-20260917T235613Z,2026-09-17T16:56:13.679774-07:00,NHL,NHL,2026010030,2026-09-23T02:00:00Z,Utah,Los Angeles,NHL_WEB,FUT
NHLWEB-2026010032-20260917T235613Z,2026-09-17T16:56:13.679774-07:00,NHL,NHL,2026010032,2026-09-23T02:00:00Z,Vegas,San Jose,NHL_WEB,FUT
NHLWEB-2026010035-20260917T235613Z,2026-09-17T16:56:13.679774-07:00,NHL,NHL,2026010035,2026-09-23T23:00:00Z,Ottawa,Toronto,NHL_WEB,FUT
NHLWEB-2026010036-20260917T235613Z,2026-09-17T16:56:13.679774-07:00,NHL,NHL,2026010036,2026-09-23T23:00:00Z,Toronto,Ottawa,NHL_WEB,FUT
NHLWEB-2026010034-20260917T235613Z,2026-09-17T16:56:13.679774-07:00,NHL,NHL,2026010034,2026-09-24T00:00:00Z,Minnesota,Dallas,NHL_WEB,FUT
NHLWEB-2026010033-20260917T235613Z,2026-09-17T16:56:13.679774-07:00,NHL,NHL,2026010033,2026-09-24T02:00:00Z,Los Angeles,Anaheim,NHL_WEB,FUT
NHLWEB-2026010040-20260917T235613Z,2026-09-17T16:56:13.679774-07:00,NHL,NHL,2026010040,2026-09-24T23:00:00Z,Boston,Philadelphia,NHL_WEB,FUT
NHLWEB-2026010041-20260917T235613Z,2026-09-17T16:56:13.679774-07:00,NHL,NHL,2026010041,2026-09-24T23:00:00Z,Buffalo,Detroit,NHL_WEB,FUT
NHLWEB-2026010043-20260917T235613Z,2026-09-17T16:56:13.679774-07:00,NHL,NHL,2026010043,2026-09-24T23:00:00Z,Florida,Tampa Bay,NHL_WEB,FUT
NHLWEB-2026010044-20260917T235613Z,2026-09-17T16:56:13.679774-07:00,NHL,NHL,2026010044,2026-09-24T23:00:00Z,Nashville,Carolina,NHL_WEB,FUT
NHLWEB-2026010045-20260917T235613Z,2026-09-17T16:56:13.679774-07:00,NHL,NHL,2026010045,2026-09-24T23:00:00Z,New Jersey,New York,NHL_WEB,FUT
NHLWEB-2026010046-20260917T235613Z,2026-09-17T16:56:13.679774-07:00,NHL,NHL,2026010046,2026-09-24T23:00:00Z,Pittsburgh,Columbus,NHL_WEB,FUT
NHLWEB-2026010042-20260917T235613Z,2026-09-17T16:56:13.679774-07:00,NHL,NHL,2026010042,2026-09-25T00:00:00Z,Chicago,St. Louis,NHL_WEB,FUT
NHLWEB-2026010037-20260917T235613Z,2026-09-17T16:56:13.679774-07:00,NHL,NHL,2026010037,2026-09-25T01:00:00Z,Edmonton,Vancouver,NHL_WEB,FUT
NHLWEB-2026010038-20260917T235613Z,2026-09-17T16:56:13.679774-07:00,NHL,NHL,2026010038,2026-09-25T01:40:00Z,Calgary,Seattle,NHL_WEB,FUT
NHLWEB-2026010039-20260917T235613Z,2026-09-17T16:56:13.679774-07:00,NHL,NHL,2026010039,2026-09-25T02:00:00Z,Anaheim,San Jose,NHL_WEB,FUT
NHLWEB-2026010047-20260917T235613Z,2026-09-17T16:56:13.679774-07:00,NHL,NHL,2026010047,2026-09-25T02:00:00Z,Utah,Vegas,NHL_WEB,FUT
NHLWEB-2026010049-20260917T235613Z,2026-09-17T16:56:13.679774-07:00,NHL,NHL,2026010049,2026-09-25T23:00:00Z,Boston,Washington,NHL_WEB,FUT
NHLWEB-2026010051-20260917T235613Z,2026-09-17T16:56:13.679774-07:00,NHL,NHL,2026010051,2026-09-25T23:30:00Z,New York,New York,NHL_WEB,FUT
NHLWEB-2026010050-20260917T235613Z,2026-09-17T16:56:13.679774-07:00,NHL,NHL,2026010050,2026-09-26T00:00:00Z,Dallas,Minnesota,NHL_WEB,FUT
NHLWEB-2026010048-20260917T235613Z,2026-09-17T16:56:13.679774-07:00,NHL,NHL,2026010048,2026-09-26T00:30:00Z,Winnipeg,Colorado,NHL_WEB,FUT
NHLWEB-2026010001-20260917T235850Z,2026-09-17T16:58:50.821168-07:00,NHL,NHL,2026010001,2026-09-19T23:00:00Z,Dallas,St. Louis,NHL_WEB,FUT
NHLWEB-2026010006-20260917T235850Z,2026-09-17T16:58:50.821168-07:00,NHL,NHL,2026010006,2026-09-19T23:00:00Z,Montréal,Toronto,NHL_WEB,FUT
NHLWEB-2026010007-20260917T235850Z,2026-09-17T16:58:50.821168-07:00,NHL,NHL,2026010007,2026-09-19T23:00:00Z,Toronto,Montréal,NHL_WEB,FUT
NHLWEB-2026010003-20260917T235850Z,2026-09-17T16:58:50.821168-07:00,NHL,NHL,2026010003,2026-09-20T00:00:00Z,Winnipeg,Edmonton,NHL_WEB,FUT
NHLWEB-2026010004-20260917T235850Z,2026-09-17T16:58:50.821168-07:00,NHL,NHL,2026010004,2026-09-20T00:00:00Z,Chicago,Minnesota,NHL_WEB,FUT
NHLWEB-2026010002-20260917T235850Z,2026-09-17T16:58:50.821168-07:00,NHL,NHL,2026010002,2026-09-20T01:00:00Z,Vegas,Los Angeles,NHL_WEB,FUT
NHLWEB-2026010005-20260917T235850Z,2026-09-17T16:58:50.821168-07:00,NHL,NHL,2026010005,2026-09-20T01:00:00Z,Vancouver,Seattle,NHL_WEB,FUT
NHLWEB-2026010008-20260917T235850Z,2026-09-17T16:58:50.821168-07:00,NHL,NHL,2026010008,2026-09-20T17:00:00Z,New York,New Jersey,NHL_WEB,FUT
NHLWEB-2026010009-20260917T235850Z,2026-09-17T16:58:50.821168-07:00,NHL,NHL,2026010009,2026-09-20T20:00:00Z,San Jose,Anaheim,NHL_WEB,FUT
NHLWEB-2026010011-20260917T235850Z,2026-09-17T16:58:50.821168-07:00,NHL,NHL,2026010011,2026-09-20T21:00:00Z,Nashville,Tampa Bay,NHL_WEB,FUT
NHLWEB-2026010013-20260917T235850Z,2026-09-17T16:58:50.821168-07:00,NHL,NHL,2026010013,2026-09-20T21:00:00Z,Washington,Boston,NHL_WEB,FUT
NHLWEB-2026010010-20260917T235850Z,2026-09-17T16:58:50.821168-07:00,NHL,NHL,2026010010,2026-09-20T23:00:00Z,Carolina,Florida,NHL_WEB,FUT
NHLWEB-2026010012-20260917T235850Z,2026-09-17T16:58:50.821168-07:00,NHL,NHL,2026010012,2026-09-20T23:00:00Z,Utah,Colorado,NHL_WEB,FUT
NHLWEB-2026010014-20260917T235850Z,2026-09-17T16:58:50.821168-07:00,NHL,NHL,2026010014,2026-09-21T00:00:00Z,Seattle,Calgary,NHL_WEB,FUT
NHLWEB-2026010016-20260917T235850Z,2026-09-17T16:58:50.821168-07:00,NHL,NHL,2026010016,2026-09-21T23:00:00Z,Buffalo,Pittsburgh,NHL_WEB,FUT
NHLWEB-2026010017-20260917T235850Z,2026-09-17T16:58:50.821168-07:00,NHL,NHL,2026010017,2026-09-21T23:00:00Z,Detroit,Columbus,NHL_WEB,FUT
NHLWEB-2026010019-20260917T235850Z,2026-09-17T16:58:50.821168-07:00,NHL,NHL,2026010019,2026-09-21T23:00:00Z,New York,New Jersey,NHL_WEB,FUT
NHLWEB-2026010020-20260917T235850Z,2026-09-17T16:58:50.821168-07:00,NHL,NHL,2026010020,2026-09-21T23:00:00Z,Philadelphia,Washington,NHL_WEB,FUT
NHLWEB-2026010022-20260917T235850Z,2026-09-17T16:58:50.821168-07:00,NHL,NHL,2026010022,2026-09-21T23:00:00Z,Ottawa,Montréal,NHL_WEB,FUT
NHLWEB-2026010015-20260917T235850Z,2026-09-17T16:58:50.821168-07:00,NHL,NHL,2026010015,2026-09-22T00:00:00Z,Colorado,Winnipeg,NHL_WEB,FUT
NHLWEB-2026010018-20260917T235850Z,2026-09-17T16:58:50.821168-07:00,NHL,NHL,2026010018,2026-09-22T00:00:00Z,Minnesota,Chicago,NHL_WEB,FUT
NHLWEB-2026010021-20260917T235850Z,2026-09-17T16:58:50.821168-07:00,NHL,NHL,2026010021,2026-09-22T00:00:00Z,St. Louis,Dallas,NHL_WEB,FUT
NHLWEB-2026010024-20260917T235850Z,2026-09-17T16:58:50.821168-07:00,NHL,NHL,2026010024,2026-09-22T23:00:00Z,Columbus,Buffalo,NHL_WEB,FUT
NHLWEB-2026010025-20260917T235850Z,2026-09-17T16:58:50.821168-07:00,NHL,NHL,2026010025,2026-09-22T23:00:00Z,Detroit,Pittsburgh,NHL_WEB,FUT
NHLWEB-2026010026-20260917T235850Z,2026-09-17T16:58:50.821168-07:00,NHL,NHL,2026010026,2026-09-22T23:00:00Z,Florida,Carolina,NHL_WEB,FUT
NHLWEB-2026010027-20260917T235850Z,2026-09-17T16:58:50.821168-07:00,NHL,NHL,2026010027,2026-09-22T23:00:00Z,New York,New York,NHL_WEB,FUT
NHLWEB-2026010028-20260917T235850Z,2026-09-17T16:58:50.821168-07:00,NHL,NHL,2026010028,2026-09-22T23:00:00Z,Philadelphia,Boston,NHL_WEB,FUT
NHLWEB-2026010023-20260917T235850Z,2026-09-17T16:58:50.821168-07:00,NHL,NHL,2026010023,2026-09-23T00:00:00Z,Edmonton,Winnipeg,NHL_WEB,FUT
NHLWEB-2026010029-20260917T235850Z,2026-09-17T16:58:50.821168-07:00,NHL,NHL,2026010029,2026-09-23T00:00:00Z,Tampa Bay,Nashville,NHL_WEB,FUT
NHLWEB-2026010031-20260917T235850Z,2026-09-17T16:58:50.821168-07:00,NHL,NHL,2026010031,2026-09-23T01:00:00Z,Vancouver,Calgary,NHL_WEB,FUT
NHLWEB-2026010030-20260917T235850Z,2026-09-17T16:58:50.821168-07:00,NHL,NHL,2026010030,2026-09-23T02:00:00Z,Utah,Los Angeles,NHL_WEB,FUT
NHLWEB-2026010032-20260917T235850Z,2026-09-17T16:58:50.821168-07:00,NHL,NHL,2026010032,2026-09-23T02:00:00Z,Vegas,San Jose,NHL_WEB,FUT
NHLWEB-2026010035-20260917T235850Z,2026-09-17T16:58:50.821168-07:00,NHL,NHL,2026010035,2026-09-23T23:00:00Z,Ottawa,Toronto,NHL_WEB,FUT
NHLWEB-2026010036-20260917T235850Z,2026-09-17T16:58:50.821168-07:00,NHL,NHL,2026010036,2026-09-23T23:00:00Z,Toronto,Ottawa,NHL_WEB,FUT
NHLWEB-2026010034-20260917T235850Z,2026-09-17T16:58:50.821168-07:00,NHL,NHL,2026010034,2026-09-24T00:00:00Z,Minnesota,Dallas,NHL_WEB,FUT
NHLWEB-2026010033-20260917T235850Z,2026-09-17T16:58:50.821168-07:00,NHL,NHL,2026010033,2026-09-24T02:00:00Z,Los Angeles,Anaheim,NHL_WEB,FUT
NHLWEB-2026010040-20260917T235850Z,2026-09-17T16:58:50.821168-07:00,NHL,NHL,2026010040,2026-09-24T23:00:00Z,Boston,Philadelphia,NHL_WEB,FUT
NHLWEB-2026010041-20260917T235850Z,2026-09-17T16:58:50.821168-07:00,NHL,NHL,2026010041,2026-09-24T23:00:00Z,Buffalo,Detroit,NHL_WEB,FUT
NHLWEB-2026010043-20260917T235850Z,2026-09-17T16:58:50.821168-07:00,NHL,NHL,2026010043,2026-09-24T23:00:00Z,Florida,Tampa Bay,NHL_WEB,FUT
NHLWEB-2026010044-20260917T235850Z,2026-09-17T16:58:50.821168-07:00,NHL,NHL,2026010044,2026-09-24T23:00:00Z,Nashville,Carolina,NHL_WEB,FUT
NHLWEB-2026010045-20260917T235850Z,2026-09-17T16:58:50.821168-07:00,NHL,NHL,2026010045,2026-09-24T23:00:00Z,New Jersey,New York,NHL_WEB,FUT
NHLWEB-2026010046-20260917T235850Z,2026-09-17T16:58:50.821168-07:00,NHL,NHL,2026010046,2026-09-24T23:00:00Z,Pittsburgh,Columbus,NHL_WEB,FUT
NHLWEB-2026010042-20260917T235850Z,2026-09-17T16:58:50.821168-07:00,NHL,NHL,2026010042,2026-09-25T00:00:00Z,Chicago,St. Louis,NHL_WEB,FUT
NHLWEB-2026010037-20260917T235850Z,2026-09-17T16:58:50.821168-07:00,NHL,NHL,2026010037,2026-09-25T01:00:00Z,Edmonton,Vancouver,NHL_WEB,FUT
NHLWEB-2026010038-20260917T235850Z,2026-09-17T16:58:50.821168-07:00,NHL,NHL,2026010038,2026-09-25T01:40:00Z,Calgary,Seattle,NHL_WEB,FUT
NHLWEB-2026010039-20260917T235850Z,2026-09-17T16:58:50.821168-07:00,NHL,NHL,2026010039,2026-09-25T02:00:00Z,Anaheim,San Jose,NHL_WEB,FUT
NHLWEB-2026010047-20260917T235850Z,2026-09-17T16:58:50.821168-07:00,NHL,NHL,2026010047,2026-09-25T02:00:00Z,Utah,Vegas,NHL_WEB,FUT
NHLWEB-2026010049-20260917T235850Z,2026-09-17T16:58:50.821168-07:00,NHL,NHL,2026010049,2026-09-25T23:00:00Z,Boston,Washington,NHL_WEB,FUT
NHLWEB-2026010051-20260917T235850Z,2026-09-17T16:58:50.821168-07:00,NHL,NHL,2026010051,2026-09-25T23:30:00Z,New York,New York,NHL_WEB,FUT
NHLWEB-2026010050-20260917T235850Z,2026-09-17T16:58:50.821168-07:00,NHL,NHL,2026010050,2026-09-26T00:00:00Z,Dallas,Minnesota,NHL_WEB,FUT
NHLWEB-2026010048-20260917T235850Z,2026-09-17T16:58:50.821168-07:00,NHL,NHL,2026010048,2026-09-26T00:30:00Z,Winnipeg,Colorado,NHL_WEB,FUT
NHLWEB-2026010001-20260918T000456Z,2026-09-17T17:04:56.625867-07:00,NHL,NHL,2026010001,2026-09-19T23:00:00Z,Dallas,St. Louis,NHL_WEB,FUT
NHLWEB-2026010006-20260918T000456Z,2026-09-17T17:04:56.625867-07:00,NHL,NHL,2026010006,2026-09-19T23:00:00Z,Montréal,Toronto,NHL_WEB,FUT
NHLWEB-2026010007-20260918T000456Z,2026-09-17T17:04:56.625867-07:00,NHL,NHL,2026010007,2026-09-19T23:00:00Z,Toronto,Montréal,NHL_WEB,FUT
NHLWEB-2026010003-20260918T000456Z,2026-09-17T17:04:56.625867-07:00,NHL,NHL,2026010003,2026-09-20T00:00:00Z,Winnipeg,Edmonton,NHL_WEB,FUT
NHLWEB-2026010004-20260918T000456Z,2026-09-17T17:04:56.625867-07:00,NHL,NHL,2026010004,2026-09-20T00:00:00Z,Chicago,Minnesota,NHL_WEB,FUT
NHLWEB-2026010002-20260918T000456Z,2026-09-17T17:04:56.625867-07:00,NHL,NHL,2026010002,2026-09-20T01:00:00Z,Vegas,Los Angeles,NHL_WEB,FUT
NHLWEB-2026010005-20260918T000456Z,2026-09-17T17:04:56.625867-07:00,NHL,NHL,2026010005,2026-09-20T01:00:00Z,Vancouver,Seattle,NHL_WEB,FUT
NHLWEB-2026010008-20260918T000456Z,2026-09-17T17:04:56.625867-07:00,NHL,NHL,2026010008,2026-09-20T17:00:00Z,New York,New Jersey,NHL_WEB,FUT
NHLWEB-2026010009-20260918T000456Z,2026-09-17T17:04:56.625867-07:00,NHL,NHL,2026010009,2026-09-20T20:00:00Z,San Jose,Anaheim,NHL_WEB,FUT
NHLWEB-2026010011-20260918T000456Z,2026-09-17T17:04:56.625867-07:00,NHL,NHL,2026010011,2026-09-20T21:00:00Z,Nashville,Tampa Bay,NHL_WEB,FUT
NHLWEB-2026010013-20260918T000456Z,2026-09-17T17:04:56.625867-07:00,NHL,NHL,2026010013,2026-09-20T21:00:00Z,Washington,Boston,NHL_WEB,FUT
NHLWEB-2026010010-20260918T000456Z,2026-09-17T17:04:56.625867-07:00,NHL,NHL,2026010010,2026-09-20T23:00:00Z,Carolina,Florida,NHL_WEB,FUT
NHLWEB-2026010012-20260918T000456Z,2026-09-17T17:04:56.625867-07:00,NHL,NHL,2026010012,2026-09-20T23:00:00Z,Utah,Colorado,NHL_WEB,FUT
NHLWEB-2026010014-20260918T000456Z,2026-09-17T17:04:56.625867-07:00,NHL,NHL,2026010014,2026-09-21T00:00:00Z,Seattle,Calgary,NHL_WEB,FUT
NHLWEB-2026010016-20260918T000456Z,2026-09-17T17:04:56.625867-07:00,NHL,NHL,2026010016,2026-09-21T23:00:00Z,Buffalo,Pittsburgh,NHL_WEB,FUT
NHLWEB-2026010017-20260918T000456Z,2026-09-17T17:04:56.625867-07:00,NHL,NHL,2026010017,2026-09-21T23:00:00Z,Detroit,Columbus,NHL_WEB,FUT
NHLWEB-2026010019-20260918T000456Z,2026-09-17T17:04:56.625867-07:00,NHL,NHL,2026010019,2026-09-21T23:00:00Z,New York,New Jersey,NHL_WEB,FUT
NHLWEB-2026010020-20260918T000456Z,2026-09-17T17:04:56.625867-07:00,NHL,NHL,2026010020,2026-09-21T23:00:00Z,Philadelphia,Washington,NHL_WEB,FUT
NHLWEB-2026010022-20260918T000456Z,2026-09-17T17:04:56.625867-07:00,NHL,NHL,2026010022,2026-09-21T23:00:00Z,Ottawa,Montréal,NHL_WEB,FUT
NHLWEB-2026010015-20260918T000456Z,2026-09-17T17:04:56.625867-07:00,NHL,NHL,2026010015,2026-09-22T00:00:00Z,Colorado,Winnipeg,NHL_WEB,FUT
NHLWEB-2026010018-20260918T000456Z,2026-09-17T17:04:56.625867-07:00,NHL,NHL,2026010018,2026-09-22T00:00:00Z,Minnesota,Chicago,NHL_WEB,FUT
NHLWEB-2026010021-20260918T000456Z,2026-09-17T17:04:56.625867-07:00,NHL,NHL,2026010021,2026-09-22T00:00:00Z,St. Louis,Dallas,NHL_WEB,FUT
NHLWEB-2026010024-20260918T000456Z,2026-09-17T17:04:56.625867-07:00,NHL,NHL,2026010024,2026-09-22T23:00:00Z,Columbus,Buffalo,NHL_WEB,FUT
NHLWEB-2026010025-20260918T000456Z,2026-09-17T17:04:56.625867-07:00,NHL,NHL,2026010025,2026-09-22T23:00:00Z,Detroit,Pittsburgh,NHL_WEB,FUT
NHLWEB-2026010026-20260918T000456Z,2026-09-17T17:04:56.625867-07:00,NHL,NHL,2026010026,2026-09-22T23:00:00Z,Florida,Carolina,NHL_WEB,FUT
NHLWEB-2026010027-20260918T000456Z,2026-09-17T17:04:56.625867-07:00,NHL,NHL,2026010027,2026-09-22T23:00:00Z,New York,New York,NHL_WEB,FUT
NHLWEB-2026010028-20260918T000456Z,2026-09-17T17:04:56.625867-07:00,NHL,NHL,2026010028,2026-09-22T23:00:00Z,Philadelphia,Boston,NHL_WEB,FUT
NHLWEB-2026010023-20260918T000456Z,2026-09-17T17:04:56.625867-07:00,NHL,NHL,2026010023,2026-09-23T00:00:00Z,Edmonton,Winnipeg,NHL_WEB,FUT
NHLWEB-2026010029-20260918T000456Z,2026-09-17T17:04:56.625867-07:00,NHL,NHL,2026010029,2026-09-23T00:00:00Z,Tampa Bay,Nashville,NHL_WEB,FUT
NHLWEB-2026010031-20260918T000456Z,2026-09-17T17:04:56.625867-07:00,NHL,NHL,2026010031,2026-09-23T01:00:00Z,Vancouver,Calgary,NHL_WEB,FUT
NHLWEB-2026010030-20260918T000456Z,2026-09-17T17:04:56.625867-07:00,NHL,NHL,2026010030,2026-09-23T02:00:00Z,Utah,Los Angeles,NHL_WEB,FUT
NHLWEB-2026010032-20260918T000456Z,2026-09-17T17:04:56.625867-07:00,NHL,NHL,2026010032,2026-09-23T02:00:00Z,Vegas,San Jose,NHL_WEB,FUT
NHLWEB-2026010035-20260918T000456Z,2026-09-17T17:04:56.625867-07:00,NHL,NHL,2026010035,2026-09-23T23:00:00Z,Ottawa,Toronto,NHL_WEB,FUT
NHLWEB-2026010036-20260918T000456Z,2026-09-17T17:04:56.625867-07:00,NHL,NHL,2026010036,2026-09-23T23:00:00Z,Toronto,Ottawa,NHL_WEB,FUT
NHLWEB-2026010034-20260918T000456Z,2026-09-17T17:04:56.625867-07:00,NHL,NHL,2026010034,2026-09-24T00:00:00Z,Minnesota,Dallas,NHL_WEB,FUT
NHLWEB-2026010033-20260918T000456Z,2026-09-17T17:04:56.625867-07:00,NHL,NHL,2026010033,2026-09-24T02:00:00Z,Los Angeles,Anaheim,NHL_WEB,FUT
NHLWEB-2026010040-20260918T000456Z,2026-09-17T17:04:56.625867-07:00,NHL,NHL,2026010040,2026-09-24T23:00:00Z,Boston,Philadelphia,NHL_WEB,FUT
NHLWEB-2026010041-20260918T000456Z,2026-09-17T17:04:56.625867-07:00,NHL,NHL,2026010041,2026-09-24T23:00:00Z,Buffalo,Detroit,NHL_WEB,FUT
NHLWEB-2026010043-20260918T000456Z,2026-09-17T17:04:56.625867-07:00,NHL,NHL,2026010043,2026-09-24T23:00:00Z,Florida,Tampa Bay,NHL_WEB,FUT
NHLWEB-2026010044-20260918T000456Z,2026-09-17T17:04:56.625867-07:00,NHL,NHL,2026010044,2026-09-24T23:00:00Z,Nashville,Carolina,NHL_WEB,FUT
NHLWEB-2026010045-20260918T000456Z,2026-09-17T17:04:56.625867-07:00,NHL,NHL,2026010045,2026-09-24T23:00:00Z,New Jersey,New York,NHL_WEB,FUT
NHLWEB-2026010046-20260918T000456Z,2026-09-17T17:04:56.625867-07:00,NHL,NHL,2026010046,2026-09-24T23:00:00Z,Pittsburgh,Columbus,NHL_WEB,FUT
NHLWEB-2026010042-20260918T000456Z,2026-09-17T17:04:56.625867-07:00,NHL,NHL,2026010042,2026-09-25T00:00:00Z,Chicago,St. Louis,NHL_WEB,FUT
NHLWEB-2026010037-20260918T000456Z,2026-09-17T17:04:56.625867-07:00,NHL,NHL,2026010037,2026-09-25T01:00:00Z,Edmonton,Vancouver,NHL_WEB,FUT
NHLWEB-2026010038-20260918T000456Z,2026-09-17T17:04:56.625867-07:00,NHL,NHL,2026010038,2026-09-25T01:40:00Z,Calgary,Seattle,NHL_WEB,FUT
NHLWEB-2026010039-20260918T000456Z,2026-09-17T17:04:56.625867-07:00,NHL,NHL,2026010039,2026-09-25T02:00:00Z,Anaheim,San Jose,NHL_WEB,FUT
NHLWEB-2026010047-20260918T000456Z,2026-09-17T17:04:56.625867-07:00,NHL,NHL,2026010047,2026-09-25T02:00:00Z,Utah,Vegas,NHL_WEB,FUT
NHLWEB-2026010049-20260918T000456Z,2026-09-17T17:04:56.625867-07:00,NHL,NHL,2026010049,2026-09-25T23:00:00Z,Boston,Washington,NHL_WEB,FUT
NHLWEB-2026010051-20260918T000456Z,2026-09-17T17:04:56.625867-07:00,NHL,NHL,2026010051,2026-09-25T23:30:00Z,New York,New York,NHL_WEB,FUT
NHLWEB-2026010050-20260918T000456Z,2026-09-17T17:04:56.625867-07:00,NHL,NHL,2026010050,2026-09-26T00:00:00Z,Dallas,Minnesota,NHL_WEB,FUT
NHLWEB-2026010048-20260918T000456Z,2026-09-17T17:04:56.625867-07:00,NHL,NHL,2026010048,2026-09-26T00:30:00Z,Winnipeg,Colorado,NHL_WEB,FUT
NHLWEB-2026010001-20260918T001038Z,2026-09-17T17:10:38.882778-07:00,NHL,NHL,2026010001,2026-09-19T23:00:00Z,Dallas,St. Louis,NHL_WEB,FUT
NHLWEB-2026010006-20260918T001038Z,2026-09-17T17:10:38.882778-07:00,NHL,NHL,2026010006,2026-09-19T23:00:00Z,Montréal,Toronto,NHL_WEB,FUT
NHLWEB-2026010007-20260918T001038Z,2026-09-17T17:10:38.882778-07:00,NHL,NHL,2026010007,2026-09-19T23:00:00Z,Toronto,Montréal,NHL_WEB,FUT
NHLWEB-2026010003-20260918T001038Z,2026-09-17T17:10:38.882778-07:00,NHL,NHL,2026010003,2026-09-20T00:00:00Z,Winnipeg,Edmonton,NHL_WEB,FUT
NHLWEB-2026010004-20260918T001038Z,2026-09-17T17:10:38.882778-07:00,NHL,NHL,2026010004,2026-09-20T00:00:00Z,Chicago,Minnesota,NHL_WEB,FUT
NHLWEB-2026010002-20260918T001038Z,2026-09-17T17:10:38.882778-07:00,NHL,NHL,2026010002,2026-09-20T01:00:00Z,Vegas,Los Angeles,NHL_WEB,FUT
NHLWEB-2026010005-20260918T001038Z,2026-09-17T17:10:38.882778-07:00,NHL,NHL,2026010005,2026-09-20T01:00:00Z,Vancouver,Seattle,NHL_WEB,FUT
NHLWEB-2026010008-20260918T001038Z,2026-09-17T17:10:38.882778-07:00,NHL,NHL,2026010008,2026-09-20T17:00:00Z,New York,New Jersey,NHL_WEB,FUT
NHLWEB-2026010009-20260918T001038Z,2026-09-17T17:10:38.882778-07:00,NHL,NHL,2026010009,2026-09-20T20:00:00Z,San Jose,Anaheim,NHL_WEB,FUT
NHLWEB-2026010011-20260918T001038Z,2026-09-17T17:10:38.882778-07:00,NHL,NHL,2026010011,2026-09-20T21:00:00Z,Nashville,Tampa Bay,NHL_WEB,FUT
NHLWEB-2026010013-20260918T001038Z,2026-09-17T17:10:38.882778-07:00,NHL,NHL,2026010013,2026-09-20T21:00:00Z,Washington,Boston,NHL_WEB,FUT
NHLWEB-2026010010-20260918T001038Z,2026-09-17T17:10:38.882778-07:00,NHL,NHL,2026010010,2026-09-20T23:00:00Z,Carolina,Florida,NHL_WEB,FUT
NHLWEB-2026010012-20260918T001038Z,2026-09-17T17:10:38.882778-07:00,NHL,NHL,2026010012,2026-09-20T23:00:00Z,Utah,Colorado,NHL_WEB,FUT
NHLWEB-2026010014-20260918T001038Z,2026-09-17T17:10:38.882778-07:00,NHL,NHL,2026010014,2026-09-21T00:00:00Z,Seattle,Calgary,NHL_WEB,FUT
NHLWEB-2026010016-20260918T001038Z,2026-09-17T17:10:38.882778-07:00,NHL,NHL,2026010016,2026-09-21T23:00:00Z,Buffalo,Pittsburgh,NHL_WEB,FUT
NHLWEB-2026010017-20260918T001038Z,2026-09-17T17:10:38.882778-07:00,NHL,NHL,2026010017,2026-09-21T23:00:00Z,Detroit,Columbus,NHL_WEB,FUT
NHLWEB-2026010019-20260918T001038Z,2026-09-17T17:10:38.882778-07:00,NHL,NHL,2026010019,2026-09-21T23:00:00Z,New York,New Jersey,NHL_WEB,FUT
NHLWEB-2026010020-20260918T001038Z,2026-09-17T17:10:38.882778-07:00,NHL,NHL,2026010020,2026-09-21T23:00:00Z,Philadelphia,Washington,NHL_WEB,FUT
NHLWEB-2026010022-20260918T001038Z,2026-09-17T17:10:38.882778-07:00,NHL,NHL,2026010022,2026-09-21T23:00:00Z,Ottawa,Montréal,NHL_WEB,FUT
NHLWEB-2026010015-20260918T001038Z,2026-09-17T17:10:38.882778-07:00,NHL,NHL,2026010015,2026-09-22T00:00:00Z,Colorado,Winnipeg,NHL_WEB,FUT
NHLWEB-2026010018-20260918T001038Z,2026-09-17T17:10:38.882778-07:00,NHL,NHL,2026010018,2026-09-22T00:00:00Z,Minnesota,Chicago,NHL_WEB,FUT
NHLWEB-2026010021-20260918T001038Z,2026-09-17T17:10:38.882778-07:00,NHL,NHL,2026010021,2026-09-22T00:00:00Z,St. Louis,Dallas,NHL_WEB,FUT
NHLWEB-2026010024-20260918T001038Z,2026-09-17T17:10:38.882778-07:00,NHL,NHL,2026010024,2026-09-22T23:00:00Z,Columbus,Buffalo,NHL_WEB,FUT
NHLWEB-2026010025-20260918T001038Z,2026-09-17T17:10:38.882778-07:00,NHL,NHL,2026010025,2026-09-22T23:00:00Z,Detroit,Pittsburgh,NHL_WEB,FUT
NHLWEB-2026010026-20260918T001038Z,2026-09-17T17:10:38.882778-07:00,NHL,NHL,2026010026,2026-09-22T23:00:00Z,Florida,Carolina,NHL_WEB,FUT
NHLWEB-2026010027-20260918T001038Z,2026-09-17T17:10:38.882778-07:00,NHL,NHL,2026010027,2026-09-22T23:00:00Z,New York,New York,NHL_WEB,FUT
NHLWEB-2026010028-20260918T001038Z,2026-09-17T17:10:38.882778-07:00,NHL,NHL,2026010028,2026-09-22T23:00:00Z,Philadelphia,Boston,NHL_WEB,FUT
NHLWEB-2026010023-20260918T001038Z,2026-09-17T17:10:38.882778-07:00,NHL,NHL,2026010023,2026-09-23T00:00:00Z,Edmonton,Winnipeg,NHL_WEB,FUT
NHLWEB-2026010029-20260918T001038Z,2026-09-17T17:10:38.882778-07:00,NHL,NHL,2026010029,2026-09-23T00:00:00Z,Tampa Bay,Nashville,NHL_WEB,FUT
NHLWEB-2026010031-20260918T001038Z,2026-09-17T17:10:38.882778-07:00,NHL,NHL,2026010031,2026-09-23T01:00:00Z,Vancouver,Calgary,NHL_WEB,FUT
NHLWEB-2026010030-20260918T001038Z,2026-09-17T17:10:38.882778-07:00,NHL,NHL,2026010030,2026-09-23T02:00:00Z,Utah,Los Angeles,NHL_WEB,FUT
NHLWEB-2026010032-20260918T001038Z,2026-09-17T17:10:38.882778-07:00,NHL,NHL,2026010032,2026-09-23T02:00:00Z,Vegas,San Jose,NHL_WEB,FUT
NHLWEB-2026010035-20260918T001038Z,2026-09-17T17:10:38.882778-07:00,NHL,NHL,2026010035,2026-09-23T23:00:00Z,Ottawa,Toronto,NHL_WEB,FUT
NHLWEB-2026010036-20260918T001038Z,2026-09-17T17:10:38.882778-07:00,NHL,NHL,2026010036,2026-09-23T23:00:00Z,Toronto,Ottawa,NHL_WEB,FUT
NHLWEB-2026010034-20260918T001038Z,2026-09-17T17:10:38.882778-07:00,NHL,NHL,2026010034,2026-09-24T00:00:00Z,Minnesota,Dallas,NHL_WEB,FUT
NHLWEB-2026010033-20260918T001038Z,2026-09-17T17:10:38.882778-07:00,NHL,NHL,2026010033,2026-09-24T02:00:00Z,Los Angeles,Anaheim,NHL_WEB,FUT
NHLWEB-2026010040-20260918T001038Z,2026-09-17T17:10:38.882778-07:00,NHL,NHL,2026010040,2026-09-24T23:00:00Z,Boston,Philadelphia,NHL_WEB,FUT
NHLWEB-2026010041-20260918T001038Z,2026-09-17T17:10:38.882778-07:00,NHL,NHL,2026010041,2026-09-24T23:00:00Z,Buffalo,Detroit,NHL_WEB,FUT
NHLWEB-2026010043-20260918T001038Z,2026-09-17T17:10:38.882778-07:00,NHL,NHL,2026010043,2026-09-24T23:00:00Z,Florida,Tampa Bay,NHL_WEB,FUT
NHLWEB-2026010044-20260918T001038Z,2026-09-17T17:10:38.882778-07:00,NHL,NHL,2026010044,2026-09-24T23:00:00Z,Nashville,Carolina,NHL_WEB,FUT
NHLWEB-2026010045-20260918T001038Z,2026-09-17T17:10:38.882778-07:00,NHL,NHL,2026010045,2026-09-24T23:00:00Z,New Jersey,New York,NHL_WEB,FUT
NHLWEB-2026010046-20260918T001038Z,2026-09-17T17:10:38.882778-07:00,NHL,NHL,2026010046,2026-09-24T23:00:00Z,Pittsburgh,Columbus,NHL_WEB,FUT
NHLWEB-2026010042-20260918T001038Z,2026-09-17T17:10:38.882778-07:00,NHL,NHL,2026010042,2026-09-25T00:00:00Z,Chicago,St. Louis,NHL_WEB,FUT
NHLWEB-2026010037-20260918T001038Z,2026-09-17T17:10:38.882778-07:00,NHL,NHL,2026010037,2026-09-25T01:00:00Z,Edmonton,Vancouver,NHL_WEB,FUT
NHLWEB-2026010038-20260918T001038Z,2026-09-17T17:10:38.882778-07:00,NHL,NHL,2026010038,2026-09-25T01:40:00Z,Calgary,Seattle,NHL_WEB,FUT
NHLWEB-2026010039-20260918T001038Z,2026-09-17T17:10:38.882778-07:00,NHL,NHL,2026010039,2026-09-25T02:00:00Z,Anaheim,San Jose,NHL_WEB,FUT
NHLWEB-2026010047-20260918T001038Z,2026-09-17T17:10:38.882778-07:00,NHL,NHL,2026010047,2026-09-25T02:00:00Z,Utah,Vegas,NHL_WEB,FUT
NHLWEB-2026010049-20260918T001038Z,2026-09-17T17:10:38.882778-07:00,NHL,NHL,2026010049,2026-09-25T23:00:00Z,Boston,Washington,NHL_WEB,FUT
NHLWEB-2026010051-20260918T001038Z,2026-09-17T17:10:38.882778-07:00,NHL,NHL,2026010051,2026-09-25T23:30:00Z,New York,New York,NHL_WEB,FUT
NHLWEB-2026010050-20260918T001038Z,2026-09-17T17:10:38.882778-07:00,NHL,NHL,2026010050,2026-09-26T00:00:00Z,Dallas,Minnesota,NHL_WEB,FUT
NHLWEB-2026010048-20260918T001038Z,2026-09-17T17:10:38.882778-07:00,NHL,NHL,2026010048,2026-09-26T00:30:00Z,Winnipeg,Colorado,NHL_WEB,FUT
NHLWEB-2026010001-20260918T003056Z,2026-09-17T17:30:56.996847-07:00,NHL,NHL,2026010001,2026-09-19T23:00:00Z,Dallas,St. Louis,NHL_WEB,FUT
NHLWEB-2026010006-20260918T003056Z,2026-09-17T17:30:56.996847-07:00,NHL,NHL,2026010006,2026-09-19T23:00:00Z,Montréal,Toronto,NHL_WEB,FUT
NHLWEB-2026010007-20260918T003056Z,2026-09-17T17:30:56.996847-07:00,NHL,NHL,2026010007,2026-09-19T23:00:00Z,Toronto,Montréal,NHL_WEB,FUT
NHLWEB-2026010003-20260918T003056Z,2026-09-17T17:30:56.996847-07:00,NHL,NHL,2026010003,2026-09-20T00:00:00Z,Winnipeg,Edmonton,NHL_WEB,FUT
NHLWEB-2026010004-20260918T003056Z,2026-09-17T17:30:56.996847-07:00,NHL,NHL,2026010004,2026-09-20T00:00:00Z,Chicago,Minnesota,NHL_WEB,FUT
NHLWEB-2026010002-20260918T003056Z,2026-09-17T17:30:56.996847-07:00,NHL,NHL,2026010002,2026-09-20T01:00:00Z,Vegas,Los Angeles,NHL_WEB,FUT
NHLWEB-2026010005-20260918T003056Z,2026-09-17T17:30:56.996847-07:00,NHL,NHL,2026010005,2026-09-20T01:00:00Z,Vancouver,Seattle,NHL_WEB,FUT
NHLWEB-2026010008-20260918T003056Z,2026-09-17T17:30:56.996847-07:00,NHL,NHL,2026010008,2026-09-20T17:00:00Z,New York,New Jersey,NHL_WEB,FUT
NHLWEB-2026010009-20260918T003056Z,2026-09-17T17:30:56.996847-07:00,NHL,NHL,2026010009,2026-09-20T20:00:00Z,San Jose,Anaheim,NHL_WEB,FUT
NHLWEB-2026010011-20260918T003056Z,2026-09-17T17:30:56.996847-07:00,NHL,NHL,2026010011,2026-09-20T21:00:00Z,Nashville,Tampa Bay,NHL_WEB,FUT
NHLWEB-2026010013-20260918T003056Z,2026-09-17T17:30:56.996847-07:00,NHL,NHL,2026010013,2026-09-20T21:00:00Z,Washington,Boston,NHL_WEB,FUT
NHLWEB-2026010010-20260918T003056Z,2026-09-17T17:30:56.996847-07:00,NHL,NHL,2026010010,2026-09-20T23:00:00Z,Carolina,Florida,NHL_WEB,FUT
NHLWEB-2026010012-20260918T003056Z,2026-09-17T17:30:56.996847-07:00,NHL,NHL,2026010012,2026-09-20T23:00:00Z,Utah,Colorado,NHL_WEB,FUT
NHLWEB-2026010014-20260918T003056Z,2026-09-17T17:30:56.996847-07:00,NHL,NHL,2026010014,2026-09-21T00:00:00Z,Seattle,Calgary,NHL_WEB,FUT
NHLWEB-2026010016-20260918T003056Z,2026-09-17T17:30:56.996847-07:00,NHL,NHL,2026010016,2026-09-21T23:00:00Z,Buffalo,Pittsburgh,NHL_WEB,FUT
NHLWEB-2026010017-20260918T003056Z,2026-09-17T17:30:56.996847-07:00,NHL,NHL,2026010017,2026-09-21T23:00:00Z,Detroit,Columbus,NHL_WEB,FUT
NHLWEB-2026010019-20260918T003056Z,2026-09-17T17:30:56.996847-07:00,NHL,NHL,2026010019,2026-09-21T23:00:00Z,New York,New Jersey,NHL_WEB,FUT
NHLWEB-2026010020-20260918T003056Z,2026-09-17T17:30:56.996847-07:00,NHL,NHL,2026010020,2026-09-21T23:00:00Z,Philadelphia,Washington,NHL_WEB,FUT
NHLWEB-2026010022-20260918T003056Z,2026-09-17T17:30:56.996847-07:00,NHL,NHL,2026010022,2026-09-21T23:00:00Z,Ottawa,Montréal,NHL_WEB,FUT
NHLWEB-2026010015-20260918T003056Z,2026-09-17T17:30:56.996847-07:00,NHL,NHL,2026010015,2026-09-22T00:00:00Z,Colorado,Winnipeg,NHL_WEB,FUT
NHLWEB-2026010018-20260918T003056Z,2026-09-17T17:30:56.996847-07:00,NHL,NHL,2026010018,2026-09-22T00:00:00Z,Minnesota,Chicago,NHL_WEB,FUT
NHLWEB-2026010021-20260918T003056Z,2026-09-17T17:30:56.996847-07:00,NHL,NHL,2026010021,2026-09-22T00:00:00Z,St. Louis,Dallas,NHL_WEB,FUT
NHLWEB-2026010024-20260918T003056Z,2026-09-17T17:30:56.996847-07:00,NHL,NHL,2026010024,2026-09-22T23:00:00Z,Columbus,Buffalo,NHL_WEB,FUT
NHLWEB-2026010025-20260918T003056Z,2026-09-17T17:30:56.996847-07:00,NHL,NHL,2026010025,2026-09-22T23:00:00Z,Detroit,Pittsburgh,NHL_WEB,FUT
NHLWEB-2026010026-20260918T003056Z,2026-09-17T17:30:56.996847-07:00,NHL,NHL,2026010026,2026-09-22T23:00:00Z,Florida,Carolina,NHL_WEB,FUT
NHLWEB-2026010027-20260918T003056Z,2026-09-17T17:30:56.996847-07:00,NHL,NHL,2026010027,2026-09-22T23:00:00Z,New York,New York,NHL_WEB,FUT
NHLWEB-2026010028-20260918T003056Z,2026-09-17T17:30:56.996847-07:00,NHL,NHL,2026010028,2026-09-22T23:00:00Z,Philadelphia,Boston,NHL_WEB,FUT
NHLWEB-2026010023-20260918T003056Z,2026-09-17T17:30:56.996847-07:00,NHL,NHL,2026010023,2026-09-23T00:00:00Z,Edmonton,Winnipeg,NHL_WEB,FUT
NHLWEB-2026010029-20260918T003056Z,2026-09-17T17:30:56.996847-07:00,NHL,NHL,2026010029,2026-09-23T00:00:00Z,Tampa Bay,Nashville,NHL_WEB,FUT
NHLWEB-2026010031-20260918T003056Z,2026-09-17T17:30:56.996847-07:00,NHL,NHL,2026010031,2026-09-23T01:00:00Z,Vancouver,Calgary,NHL_WEB,FUT
NHLWEB-2026010030-20260918T003056Z,2026-09-17T17:30:56.996847-07:00,NHL,NHL,2026010030,2026-09-23T02:00:00Z,Utah,Los Angeles,NHL_WEB,FUT
NHLWEB-2026010032-20260918T003056Z,2026-09-17T17:30:56.996847-07:00,NHL,NHL,2026010032,2026-09-23T02:00:00Z,Vegas,San Jose,NHL_WEB,FUT
NHLWEB-2026010035-20260918T003056Z,2026-09-17T17:30:56.996847-07:00,NHL,NHL,2026010035,2026-09-23T23:00:00Z,Ottawa,Toronto,NHL_WEB,FUT
NHLWEB-2026010036-20260918T003056Z,2026-09-17T17:30:56.996847-07:00,NHL,NHL,2026010036,2026-09-23T23:00:00Z,Toronto,Ottawa,NHL_WEB,FUT
NHLWEB-2026010034-20260918T003056Z,2026-09-17T17:30:56.996847-07:00,NHL,NHL,2026010034,2026-09-24T00:00:00Z,Minnesota,Dallas,NHL_WEB,FUT
NHLWEB-2026010033-20260918T003056Z,2026-09-17T17:30:56.996847-07:00,NHL,NHL,2026010033,2026-09-24T02:00:00Z,Los Angeles,Anaheim,NHL_WEB,FUT
NHLWEB-2026010040-20260918T003056Z,2026-09-17T17:30:56.996847-07:00,NHL,NHL,2026010040,2026-09-24T23:00:00Z,Boston,Philadelphia,NHL_WEB,FUT
NHLWEB-2026010041-20260918T003056Z,2026-09-17T17:30:56.996847-07:00,NHL,NHL,2026010041,2026-09-24T23:00:00Z,Buffalo,Detroit,NHL_WEB,FUT
NHLWEB-2026010043-20260918T003056Z,2026-09-17T17:30:56.996847-07:00,NHL,NHL,2026010043,2026-09-24T23:00:00Z,Florida,Tampa Bay,NHL_WEB,FUT
NHLWEB-2026010044-20260918T003056Z,2026-09-17T17:30:56.996847-07:00,NHL,NHL,2026010044,2026-09-24T23:00:00Z,Nashville,Carolina,NHL_WEB,FUT
NHLWEB-2026010045-20260918T003056Z,2026-09-17T17:30:56.996847-07:00,NHL,NHL,2026010045,2026-09-24T23:00:00Z,New Jersey,New York,NHL_WEB,FUT
NHLWEB-2026010046-20260918T003056Z,2026-09-17T17:30:56.996847-07:00,NHL,NHL,2026010046,2026-09-24T23:00:00Z,Pittsburgh,Columbus,NHL_WEB,FUT
NHLWEB-2026010042-20260918T003056Z,2026-09-17T17:30:56.996847-07:00,NHL,NHL,2026010042,2026-09-25T00:00:00Z,Chicago,St. Louis,NHL_WEB,FUT
NHLWEB-2026010037-20260918T003056Z,2026-09-17T17:30:56.996847-07:00,NHL,NHL,2026010037,2026-09-25T01:00:00Z,Edmonton,Vancouver,NHL_WEB,FUT
NHLWEB-2026010038-20260918T003056Z,2026-09-17T17:30:56.996847-07:00,NHL,NHL,2026010038,2026-09-25T01:40:00Z,Calgary,Seattle,NHL_WEB,FUT
NHLWEB-2026010039-20260918T003056Z,2026-09-17T17:30:56.996847-07:00,NHL,NHL,2026010039,2026-09-25T02:00:00Z,Anaheim,San Jose,NHL_WEB,FUT
NHLWEB-2026010047-20260918T003056Z,2026-09-17T17:30:56.996847-07:00,NHL,NHL,2026010047,2026-09-25T02:00:00Z,Utah,Vegas,NHL_WEB,FUT
NHLWEB-2026010049-20260918T003056Z,2026-09-17T17:30:56.996847-07:00,NHL,NHL,2026010049,2026-09-25T23:00:00Z,Boston,Washington,NHL_WEB,FUT
NHLWEB-2026010051-20260918T003056Z,2026-09-17T17:30:56.996847-07:00,NHL,NHL,2026010051,2026-09-25T23:30:00Z,New York,New York,NHL_WEB,FUT
NHLWEB-2026010050-20260918T003056Z,2026-09-17T17:30:56.996847-07:00,NHL,NHL,2026010050,2026-09-26T00:00:00Z,Dallas,Minnesota,NHL_WEB,FUT
NHLWEB-2026010048-20260918T003056Z,2026-09-17T17:30:56.996847-07:00,NHL,NHL,2026010048,2026-09-26T00:30:00Z,Winnipeg,Colorado,NHL_WEB,FUT
NHLWEB-2026010001-20260918T003142Z,2026-09-17T17:31:42.080658-07:00,NHL,NHL,2026010001,2026-09-19T23:00:00Z,Dallas,St. Louis,NHL_WEB,FUT
NHLWEB-2026010006-20260918T003142Z,2026-09-17T17:31:42.080658-07:00,NHL,NHL,2026010006,2026-09-19T23:00:00Z,Montréal,Toronto,NHL_WEB,FUT
NHLWEB-2026010007-20260918T003142Z,2026-09-17T17:31:42.080658-07:00,NHL,NHL,2026010007,2026-09-19T23:00:00Z,Toronto,Montréal,NHL_WEB,FUT
NHLWEB-2026010003-20260918T003142Z,2026-09-17T17:31:42.080658-07:00,NHL,NHL,2026010003,2026-09-20T00:00:00Z,Winnipeg,Edmonton,NHL_WEB,FUT
NHLWEB-2026010004-20260918T003142Z,2026-09-17T17:31:42.080658-07:00,NHL,NHL,2026010004,2026-09-20T00:00:00Z,Chicago,Minnesota,NHL_WEB,FUT
NHLWEB-2026010002-20260918T003142Z,2026-09-17T17:31:42.080658-07:00,NHL,NHL,2026010002,2026-09-20T01:00:00Z,Vegas,Los Angeles,NHL_WEB,FUT
NHLWEB-2026010005-20260918T003142Z,2026-09-17T17:31:42.080658-07:00,NHL,NHL,2026010005,2026-09-20T01:00:00Z,Vancouver,Seattle,NHL_WEB,FUT
NHLWEB-2026010008-20260918T003142Z,2026-09-17T17:31:42.080658-07:00,NHL,NHL,2026010008,2026-09-20T17:00:00Z,New York,New Jersey,NHL_WEB,FUT
NHLWEB-2026010009-20260918T003142Z,2026-09-17T17:31:42.080658-07:00,NHL,NHL,2026010009,2026-09-20T20:00:00Z,San Jose,Anaheim,NHL_WEB,FUT
NHLWEB-2026010011-20260918T003142Z,2026-09-17T17:31:42.080658-07:00,NHL,NHL,2026010011,2026-09-20T21:00:00Z,Nashville,Tampa Bay,NHL_WEB,FUT
NHLWEB-2026010013-20260918T003142Z,2026-09-17T17:31:42.080658-07:00,NHL,NHL,2026010013,2026-09-20T21:00:00Z,Washington,Boston,NHL_WEB,FUT
NHLWEB-2026010010-20260918T003142Z,2026-09-17T17:31:42.080658-07:00,NHL,NHL,2026010010,2026-09-20T23:00:00Z,Carolina,Florida,NHL_WEB,FUT
NHLWEB-2026010012-20260918T003142Z,2026-09-17T17:31:42.080658-07:00,NHL,NHL,2026010012,2026-09-20T23:00:00Z,Utah,Colorado,NHL_WEB,FUT
NHLWEB-2026010014-20260918T003142Z,2026-09-17T17:31:42.080658-07:00,NHL,NHL,2026010014,2026-09-21T00:00:00Z,Seattle,Calgary,NHL_WEB,FUT
NHLWEB-2026010016-20260918T003142Z,2026-09-17T17:31:42.080658-07:00,NHL,NHL,2026010016,2026-09-21T23:00:00Z,Buffalo,Pittsburgh,NHL_WEB,FUT
NHLWEB-2026010017-20260918T003142Z,2026-09-17T17:31:42.080658-07:00,NHL,NHL,2026010017,2026-09-21T23:00:00Z,Detroit,Columbus,NHL_WEB,FUT
NHLWEB-2026010019-20260918T003142Z,2026-09-17T17:31:42.080658-07:00,NHL,NHL,2026010019,2026-09-21T23:00:00Z,New York,New Jersey,NHL_WEB,FUT
NHLWEB-2026010020-20260918T003142Z,2026-09-17T17:31:42.080658-07:00,NHL,NHL,2026010020,2026-09-21T23:00:00Z,Philadelphia,Washington,NHL_WEB,FUT
NHLWEB-2026010022-20260918T003142Z,2026-09-17T17:31:42.080658-07:00,NHL,NHL,2026010022,2026-09-21T23:00:00Z,Ottawa,Montréal,NHL_WEB,FUT
NHLWEB-2026010015-20260918T003142Z,2026-09-17T17:31:42.080658-07:00,NHL,NHL,2026010015,2026-09-22T00:00:00Z,Colorado,Winnipeg,NHL_WEB,FUT
NHLWEB-2026010018-20260918T003142Z,2026-09-17T17:31:42.080658-07:00,NHL,NHL,2026010018,2026-09-22T00:00:00Z,Minnesota,Chicago,NHL_WEB,FUT
NHLWEB-2026010021-20260918T003142Z,2026-09-17T17:31:42.080658-07:00,NHL,NHL,2026010021,2026-09-22T00:00:00Z,St. Louis,Dallas,NHL_WEB,FUT
NHLWEB-2026010024-20260918T003142Z,2026-09-17T17:31:42.080658-07:00,NHL,NHL,2026010024,2026-09-22T23:00:00Z,Columbus,Buffalo,NHL_WEB,FUT
NHLWEB-2026010025-20260918T003142Z,2026-09-17T17:31:42.080658-07:00,NHL,NHL,2026010025,2026-09-22T23:00:00Z,Detroit,Pittsburgh,NHL_WEB,FUT
NHLWEB-2026010026-20260918T003142Z,2026-09-17T17:31:42.080658-07:00,NHL,NHL,2026010026,2026-09-22T23:00:00Z,Florida,Carolina,NHL_WEB,FUT
NHLWEB-2026010027-20260918T003142Z,2026-09-17T17:31:42.080658-07:00,NHL,NHL,2026010027,2026-09-22T23:00:00Z,New York,New York,NHL_WEB,FUT
NHLWEB-2026010028-20260918T003142Z,2026-09-17T17:31:42.080658-07:00,NHL,NHL,2026010028,2026-09-22T23:00:00Z,Philadelphia,Boston,NHL_WEB,FUT
NHLWEB-2026010023-20260918T003142Z,2026-09-17T17:31:42.080658-07:00,NHL,NHL,2026010023,2026-09-23T00:00:00Z,Edmonton,Winnipeg,NHL_WEB,FUT
NHLWEB-2026010029-20260918T003142Z,2026-09-17T17:31:42.080658-07:00,NHL,NHL,2026010029,2026-09-23T00:00:00Z,Tampa Bay,Nashville,NHL_WEB,FUT
NHLWEB-2026010031-20260918T003142Z,2026-09-17T17:31:42.080658-07:00,NHL,NHL,2026010031,2026-09-23T01:00:00Z,Vancouver,Calgary,NHL_WEB,FUT
NHLWEB-2026010030-20260918T003142Z,2026-09-17T17:31:42.080658-07:00,NHL,NHL,2026010030,2026-09-23T02:00:00Z,Utah,Los Angeles,NHL_WEB,FUT
NHLWEB-2026010032-20260918T003142Z,2026-09-17T17:31:42.080658-07:00,NHL,NHL,2026010032,2026-09-23T02:00:00Z,Vegas,San Jose,NHL_WEB,FUT
NHLWEB-2026010035-20260918T003142Z,2026-09-17T17:31:42.080658-07:00,NHL,NHL,2026010035,2026-09-23T23:00:00Z,Ottawa,Toronto,NHL_WEB,FUT
NHLWEB-2026010036-20260918T003142Z,2026-09-17T17:31:42.080658-07:00,NHL,NHL,2026010036,2026-09-23T23:00:00Z,Toronto,Ottawa,NHL_WEB,FUT
NHLWEB-2026010034-20260918T003142Z,2026-09-17T17:31:42.080658-07:00,NHL,NHL,2026010034,2026-09-24T00:00:00Z,Minnesota,Dallas,NHL_WEB,FUT
NHLWEB-2026010033-20260918T003142Z,2026-09-17T17:31:42.080658-07:00,NHL,NHL,2026010033,2026-09-24T02:00:00Z,Los Angeles,Anaheim,NHL_WEB,FUT
NHLWEB-2026010040-20260918T003142Z,2026-09-17T17:31:42.080658-07:00,NHL,NHL,2026010040,2026-09-24T23:00:00Z,Boston,Philadelphia,NHL_WEB,FUT
NHLWEB-2026010041-20260918T003142Z,2026-09-17T17:31:42.080658-07:00,NHL,NHL,2026010041,2026-09-24T23:00:00Z,Buffalo,Detroit,NHL_WEB,FUT
NHLWEB-2026010043-20260918T003142Z,2026-09-17T17:31:42.080658-07:00,NHL,NHL,2026010043,2026-09-24T23:00:00Z,Florida,Tampa Bay,NHL_WEB,FUT
NHLWEB-2026010044-20260918T003142Z,2026-09-17T17:31:42.080658-07:00,NHL,NHL,2026010044,2026-09-24T23:00:00Z,Nashville,Carolina,NHL_WEB,FUT
NHLWEB-2026010045-20260918T003142Z,2026-09-17T17:31:42.080658-07:00,NHL,NHL,2026010045,2026-09-24T23:00:00Z,New Jersey,New York,NHL_WEB,FUT
NHLWEB-2026010046-20260918T003142Z,2026-09-17T17:31:42.080658-07:00,NHL,NHL,2026010046,2026-09-24T23:00:00Z,Pittsburgh,Columbus,NHL_WEB,FUT
NHLWEB-2026010042-20260918T003142Z,2026-09-17T17:31:42.080658-07:00,NHL,NHL,2026010042,2026-09-25T00:00:00Z,Chicago,St. Louis,NHL_WEB,FUT
NHLWEB-2026010037-20260918T003142Z,2026-09-17T17:31:42.080658-07:00,NHL,NHL,2026010037,2026-09-25T01:00:00Z,Edmonton,Vancouver,NHL_WEB,FUT
NHLWEB-2026010038-20260918T003142Z,2026-09-17T17:31:42.080658-07:00,NHL,NHL,2026010038,2026-09-25T01:40:00Z,Calgary,Seattle,NHL_WEB,FUT
NHLWEB-2026010039-20260918T003142Z,2026-09-17T17:31:42.080658-07:00,NHL,NHL,2026010039,2026-09-25T02:00:00Z,Anaheim,San Jose,NHL_WEB,FUT
NHLWEB-2026010047-20260918T003142Z,2026-09-17T17:31:42.080658-07:00,NHL,NHL,2026010047,2026-09-25T02:00:00Z,Utah,Vegas,NHL_WEB,FUT
NHLWEB-2026010049-20260918T003142Z,2026-09-17T17:31:42.080658-07:00,NHL,NHL,2026010049,2026-09-25T23:00:00Z,Boston,Washington,NHL_WEB,FUT
NHLWEB-2026010051-20260918T003142Z,2026-09-17T17:31:42.080658-07:00,NHL,NHL,2026010051,2026-09-25T23:30:00Z,New York,New York,NHL_WEB,FUT
NHLWEB-2026010050-20260918T003142Z,2026-09-17T17:31:42.080658-07:00,NHL,NHL,2026010050,2026-09-26T00:00:00Z,Dallas,Minnesota,NHL_WEB,FUT
NHLWEB-2026010048-20260918T003142Z,2026-09-17T17:31:42.080658-07:00,NHL,NHL,2026010048,2026-09-26T00:30:00Z,Winnipeg,Colorado,NHL_WEB,FUT
NHLWEB-2026010001-20260918T003635Z,2026-09-17T17:36:35.261527-07:00,NHL,NHL,2026010001,2026-09-19T23:00:00Z,Dallas,St. Louis,NHL_WEB,FUT
NHLWEB-2026010006-20260918T003635Z,2026-09-17T17:36:35.261527-07:00,NHL,NHL,2026010006,2026-09-19T23:00:00Z,Montréal,Toronto,NHL_WEB,FUT
NHLWEB-2026010007-20260918T003635Z,2026-09-17T17:36:35.261527-07:00,NHL,NHL,2026010007,2026-09-19T23:00:00Z,Toronto,Montréal,NHL_WEB,FUT
NHLWEB-2026010003-20260918T003635Z,2026-09-17T17:36:35.261527-07:00,NHL,NHL,2026010003,2026-09-20T00:00:00Z,Winnipeg,Edmonton,NHL_WEB,FUT
NHLWEB-2026010004-20260918T003635Z,2026-09-17T17:36:35.261527-07:00,NHL,NHL,2026010004,2026-09-20T00:00:00Z,Chicago,Minnesota,NHL_WEB,FUT
NHLWEB-2026010002-20260918T003635Z,2026-09-17T17:36:35.261527-07:00,NHL,NHL,2026010002,2026-09-20T01:00:00Z,Vegas,Los Angeles,NHL_WEB,FUT
NHLWEB-2026010005-20260918T003635Z,2026-09-17T17:36:35.261527-07:00,NHL,NHL,2026010005,2026-09-20T01:00:00Z,Vancouver,Seattle,NHL_WEB,FUT
NHLWEB-2026010008-20260918T003635Z,2026-09-17T17:36:35.261527-07:00,NHL,NHL,2026010008,2026-09-20T17:00:00Z,New York,New Jersey,NHL_WEB,FUT
NHLWEB-2026010009-20260918T003635Z,2026-09-17T17:36:35.261527-07:00,NHL,NHL,2026010009,2026-09-20T20:00:00Z,San Jose,Anaheim,NHL_WEB,FUT
NHLWEB-2026010011-20260918T003635Z,2026-09-17T17:36:35.261527-07:00,NHL,NHL,2026010011,2026-09-20T21:00:00Z,Nashville,Tampa Bay,NHL_WEB,FUT
NHLWEB-2026010013-20260918T003635Z,2026-09-17T17:36:35.261527-07:00,NHL,NHL,2026010013,2026-09-20T21:00:00Z,Washington,Boston,NHL_WEB,FUT
NHLWEB-2026010010-20260918T003635Z,2026-09-17T17:36:35.261527-07:00,NHL,NHL,2026010010,2026-09-20T23:00:00Z,Carolina,Florida,NHL_WEB,FUT
NHLWEB-2026010012-20260918T003635Z,2026-09-17T17:36:35.261527-07:00,NHL,NHL,2026010012,2026-09-20T23:00:00Z,Utah,Colorado,NHL_WEB,FUT
NHLWEB-2026010014-20260918T003635Z,2026-09-17T17:36:35.261527-07:00,NHL,NHL,2026010014,2026-09-21T00:00:00Z,Seattle,Calgary,NHL_WEB,FUT
NHLWEB-2026010016-20260918T003635Z,2026-09-17T17:36:35.261527-07:00,NHL,NHL,2026010016,2026-09-21T23:00:00Z,Buffalo,Pittsburgh,NHL_WEB,FUT
NHLWEB-2026010017-20260918T003635Z,2026-09-17T17:36:35.261527-07:00,NHL,NHL,2026010017,2026-09-21T23:00:00Z,Detroit,Columbus,NHL_WEB,FUT
NHLWEB-2026010019-20260918T003635Z,2026-09-17T17:36:35.261527-07:00,NHL,NHL,2026010019,2026-09-21T23:00:00Z,New York,New Jersey,NHL_WEB,FUT
NHLWEB-2026010020-20260918T003635Z,2026-09-17T17:36:35.261527-07:00,NHL,NHL,2026010020,2026-09-21T23:00:00Z,Philadelphia,Washington,NHL_WEB,FUT
NHLWEB-2026010022-20260918T003635Z,2026-09-17T17:36:35.261527-07:00,NHL,NHL,2026010022,2026-09-21T23:00:00Z,Ottawa,Montréal,NHL_WEB,FUT
NHLWEB-2026010015-20260918T003635Z,2026-09-17T17:36:35.261527-07:00,NHL,NHL,2026010015,2026-09-22T00:00:00Z,Colorado,Winnipeg,NHL_WEB,FUT
NHLWEB-2026010018-20260918T003635Z,2026-09-17T17:36:35.261527-07:00,NHL,NHL,2026010018,2026-09-22T00:00:00Z,Minnesota,Chicago,NHL_WEB,FUT
NHLWEB-2026010021-20260918T003635Z,2026-09-17T17:36:35.261527-07:00,NHL,NHL,2026010021,2026-09-22T00:00:00Z,St. Louis,Dallas,NHL_WEB,FUT
NHLWEB-2026010024-20260918T003635Z,2026-09-17T17:36:35.261527-07:00,NHL,NHL,2026010024,2026-09-22T23:00:00Z,Columbus,Buffalo,NHL_WEB,FUT
NHLWEB-2026010025-20260918T003635Z,2026-09-17T17:36:35.261527-07:00,NHL,NHL,2026010025,2026-09-22T23:00:00Z,Detroit,Pittsburgh,NHL_WEB,FUT
NHLWEB-2026010026-20260918T003635Z,2026-09-17T17:36:35.261527-07:00,NHL,NHL,2026010026,2026-09-22T23:00:00Z,Florida,Carolina,NHL_WEB,FUT
NHLWEB-2026010027-20260918T003635Z,2026-09-17T17:36:35.261527-07:00,NHL,NHL,2026010027,2026-09-22T23:00:00Z,New York,New York,NHL_WEB,FUT
NHLWEB-2026010028-20260918T003635Z,2026-09-17T17:36:35.261527-07:00,NHL,NHL,2026010028,2026-09-22T23:00:00Z,Philadelphia,Boston,NHL_WEB,FUT
NHLWEB-2026010023-20260918T003635Z,2026-09-17T17:36:35.261527-07:00,NHL,NHL,2026010023,2026-09-23T00:00:00Z,Edmonton,Winnipeg,NHL_WEB,FUT
NHLWEB-2026010029-20260918T003635Z,2026-09-17T17:36:35.261527-07:00,NHL,NHL,2026010029,2026-09-23T00:00:00Z,Tampa Bay,Nashville,NHL_WEB,FUT
NHLWEB-2026010031-20260918T003635Z,2026-09-17T17:36:35.261527-07:00,NHL,NHL,2026010031,2026-09-23T01:00:00Z,Vancouver,Calgary,NHL_WEB,FUT
NHLWEB-2026010030-20260918T003635Z,2026-09-17T17:36:35.261527-07:00,NHL,NHL,2026010030,2026-09-23T02:00:00Z,Utah,Los Angeles,NHL_WEB,FUT
NHLWEB-2026010032-20260918T003635Z,2026-09-17T17:36:35.261527-07:00,NHL,NHL,2026010032,2026-09-23T02:00:00Z,Vegas,San Jose,NHL_WEB,FUT
NHLWEB-2026010035-20260918T003635Z,2026-09-17T17:36:35.261527-07:00,NHL,NHL,2026010035,2026-09-23T23:00:00Z,Ottawa,Toronto,NHL_WEB,FUT
NHLWEB-2026010036-20260918T003635Z,2026-09-17T17:36:35.261527-07:00,NHL,NHL,2026010036,2026-09-23T23:00:00Z,Toronto,Ottawa,NHL_WEB,FUT
NHLWEB-2026010034-20260918T003635Z,2026-09-17T17:36:35.261527-07:00,NHL,NHL,2026010034,2026-09-24T00:00:00Z,Minnesota,Dallas,NHL_WEB,FUT
NHLWEB-2026010033-20260918T003635Z,2026-09-17T17:36:35.261527-07:00,NHL,NHL,2026010033,2026-09-24T02:00:00Z,Los Angeles,Anaheim,NHL_WEB,FUT
NHLWEB-2026010040-20260918T003635Z,2026-09-17T17:36:35.261527-07:00,NHL,NHL,2026010040,2026-09-24T23:00:00Z,Boston,Philadelphia,NHL_WEB,FUT
NHLWEB-2026010041-20260918T003635Z,2026-09-17T17:36:35.261527-07:00,NHL,NHL,2026010041,2026-09-24T23:00:00Z,Buffalo,Detroit,NHL_WEB,FUT
NHLWEB-2026010043-20260918T003635Z,2026-09-17T17:36:35.261527-07:00,NHL,NHL,2026010043,2026-09-24T23:00:00Z,Florida,Tampa Bay,NHL_WEB,FUT
NHLWEB-2026010044-20260918T003635Z,2026-09-17T17:36:35.261527-07:00,NHL,NHL,2026010044,2026-09-24T23:00:00Z,Nashville,Carolina,NHL_WEB,FUT
NHLWEB-2026010045-20260918T003635Z,2026-09-17T17:36:35.261527-07:00,NHL,NHL,2026010045,2026-09-24T23:00:00Z,New Jersey,New York,NHL_WEB,FUT
NHLWEB-2026010046-20260918T003635Z,2026-09-17T17:36:35.261527-07:00,NHL,NHL,2026010046,2026-09-24T23:00:00Z,Pittsburgh,Columbus,NHL_WEB,FUT
NHLWEB-2026010042-20260918T003635Z,2026-09-17T17:36:35.261527-07:00,NHL,NHL,2026010042,2026-09-25T00:00:00Z,Chicago,St. Louis,NHL_WEB,FUT
NHLWEB-2026010037-20260918T003635Z,2026-09-17T17:36:35.261527-07:00,NHL,NHL,2026010037,2026-09-25T01:00:00Z,Edmonton,Vancouver,NHL_WEB,FUT
NHLWEB-2026010038-20260918T003635Z,2026-09-17T17:36:35.261527-07:00,NHL,NHL,2026010038,2026-09-25T01:40:00Z,Calgary,Seattle,NHL_WEB,FUT
NHLWEB-2026010039-20260918T003635Z,2026-09-17T17:36:35.261527-07:00,NHL,NHL,2026010039,2026-09-25T02:00:00Z,Anaheim,San Jose,NHL_WEB,FUT
NHLWEB-2026010047-20260918T003635Z,2026-09-17T17:36:35.261527-07:00,NHL,NHL,2026010047,2026-09-25T02:00:00Z,Utah,Vegas,NHL_WEB,FUT
NHLWEB-2026010049-20260918T003635Z,2026-09-17T17:36:35.261527-07:00,NHL,NHL,2026010049,2026-09-25T23:00:00Z,Boston,Washington,NHL_WEB,FUT
NHLWEB-2026010051-20260918T003635Z,2026-09-17T17:36:35.261527-07:00,NHL,NHL,2026010051,2026-09-25T23:30:00Z,New York,New York,NHL_WEB,FUT
NHLWEB-2026010050-20260918T003635Z,2026-09-17T17:36:35.261527-07:00,NHL,NHL,2026010050,2026-09-26T00:00:00Z,Dallas,Minnesota,NHL_WEB,FUT
NHLWEB-2026010048-20260918T003635Z,2026-09-17T17:36:35.261527-07:00,NHL,NHL,2026010048,2026-09-26T00:30:00Z,Winnipeg,Colorado,NHL_WEB,FUT
NHLWEB-2026010001-20260918T003741Z,2026-09-17T17:37:41.123469-07:00,NHL,NHL,2026010001,2026-09-19T23:00:00Z,Dallas,St. Louis,NHL_WEB,FUT
NHLWEB-2026010006-20260918T003741Z,2026-09-17T17:37:41.123469-07:00,NHL,NHL,2026010006,2026-09-19T23:00:00Z,Montréal,Toronto,NHL_WEB,FUT
NHLWEB-2026010007-20260918T003741Z,2026-09-17T17:37:41.123469-07:00,NHL,NHL,2026010007,2026-09-19T23:00:00Z,Toronto,Montréal,NHL_WEB,FUT
NHLWEB-2026010003-20260918T003741Z,2026-09-17T17:37:41.123469-07:00,NHL,NHL,2026010003,2026-09-20T00:00:00Z,Winnipeg,Edmonton,NHL_WEB,FUT
NHLWEB-2026010004-20260918T003741Z,2026-09-17T17:37:41.123469-07:00,NHL,NHL,2026010004,2026-09-20T00:00:00Z,Chicago,Minnesota,NHL_WEB,FUT
NHLWEB-2026010002-20260918T003741Z,2026-09-17T17:37:41.123469-07:00,NHL,NHL,2026010002,2026-09-20T01:00:00Z,Vegas,Los Angeles,NHL_WEB,FUT
NHLWEB-2026010005-20260918T003741Z,2026-09-17T17:37:41.123469-07:00,NHL,NHL,2026010005,2026-09-20T01:00:00Z,Vancouver,Seattle,NHL_WEB,FUT
NHLWEB-2026010008-20260918T003741Z,2026-09-17T17:37:41.123469-07:00,NHL,NHL,2026010008,2026-09-20T17:00:00Z,New York,New Jersey,NHL_WEB,FUT
NHLWEB-2026010009-20260918T003741Z,2026-09-17T17:37:41.123469-07:00,NHL,NHL,2026010009,2026-09-20T20:00:00Z,San Jose,Anaheim,NHL_WEB,FUT
NHLWEB-2026010011-20260918T003741Z,2026-09-17T17:37:41.123469-07:00,NHL,NHL,2026010011,2026-09-20T21:00:00Z,Nashville,Tampa Bay,NHL_WEB,FUT
NHLWEB-2026010013-20260918T003741Z,2026-09-17T17:37:41.123469-07:00,NHL,NHL,2026010013,2026-09-20T21:00:00Z,Washington,Boston,NHL_WEB,FUT
NHLWEB-2026010010-20260918T003741Z,2026-09-17T17:37:41.123469-07:00,NHL,NHL,2026010010,2026-09-20T23:00:00Z,Carolina,Florida,NHL_WEB,FUT
NHLWEB-2026010012-20260918T003741Z,2026-09-17T17:37:41.123469-07:00,NHL,NHL,2026010012,2026-09-20T23:00:00Z,Utah,Colorado,NHL_WEB,FUT
NHLWEB-2026010014-20260918T003741Z,2026-09-17T17:37:41.123469-07:00,NHL,NHL,2026010014,2026-09-21T00:00:00Z,Seattle,Calgary,NHL_WEB,FUT
NHLWEB-2026010016-20260918T003741Z,2026-09-17T17:37:41.123469-07:00,NHL,NHL,2026010016,2026-09-21T23:00:00Z,Buffalo,Pittsburgh,NHL_WEB,FUT
NHLWEB-2026010017-20260918T003741Z,2026-09-17T17:37:41.123469-07:00,NHL,NHL,2026010017,2026-09-21T23:00:00Z,Detroit,Columbus,NHL_WEB,FUT
NHLWEB-2026010019-20260918T003741Z,2026-09-17T17:37:41.123469-07:00,NHL,NHL,2026010019,2026-09-21T23:00:00Z,New York,New Jersey,NHL_WEB,FUT
NHLWEB-2026010020-20260918T003741Z,2026-09-17T17:37:41.123469-07:00,NHL,NHL,2026010020,2026-09-21T23:00:00Z,Philadelphia,Washington,NHL_WEB,FUT
NHLWEB-2026010022-20260918T003741Z,2026-09-17T17:37:41.123469-07:00,NHL,NHL,2026010022,2026-09-21T23:00:00Z,Ottawa,Montréal,NHL_WEB,FUT
NHLWEB-2026010015-20260918T003741Z,2026-09-17T17:37:41.123469-07:00,NHL,NHL,2026010015,2026-09-22T00:00:00Z,Colorado,Winnipeg,NHL_WEB,FUT
NHLWEB-2026010018-20260918T003741Z,2026-09-17T17:37:41.123469-07:00,NHL,NHL,2026010018,2026-09-22T00:00:00Z,Minnesota,Chicago,NHL_WEB,FUT
NHLWEB-2026010021-20260918T003741Z,2026-09-17T17:37:41.123469-07:00,NHL,NHL,2026010021,2026-09-22T00:00:00Z,St. Louis,Dallas,NHL_WEB,FUT
NHLWEB-2026010024-20260918T003741Z,2026-09-17T17:37:41.123469-07:00,NHL,NHL,2026010024,2026-09-22T23:00:00Z,Columbus,Buffalo,NHL_WEB,FUT
NHLWEB-2026010025-20260918T003741Z,2026-09-17T17:37:41.123469-07:00,NHL,NHL,2026010025,2026-09-22T23:00:00Z,Detroit,Pittsburgh,NHL_WEB,FUT
NHLWEB-2026010026-20260918T003741Z,2026-09-17T17:37:41.123469-07:00,NHL,NHL,2026010026,2026-09-22T23:00:00Z,Florida,Carolina,NHL_WEB,FUT
NHLWEB-2026010027-20260918T003741Z,2026-09-17T17:37:41.123469-07:00,NHL,NHL,2026010027,2026-09-22T23:00:00Z,New York,New York,NHL_WEB,FUT
NHLWEB-2026010028-20260918T003741Z,2026-09-17T17:37:41.123469-07:00,NHL,NHL,2026010028,2026-09-22T23:00:00Z,Philadelphia,Boston,NHL_WEB,FUT
NHLWEB-2026010023-20260918T003741Z,2026-09-17T17:37:41.123469-07:00,NHL,NHL,2026010023,2026-09-23T00:00:00Z,Edmonton,Winnipeg,NHL_WEB,FUT
NHLWEB-2026010029-20260918T003741Z,2026-09-17T17:37:41.123469-07:00,NHL,NHL,2026010029,2026-09-23T00:00:00Z,Tampa Bay,Nashville,NHL_WEB,FUT
NHLWEB-2026010031-20260918T003741Z,2026-09-17T17:37:41.123469-07:00,NHL,NHL,2026010031,2026-09-23T01:00:00Z,Vancouver,Calgary,NHL_WEB,FUT
NHLWEB-2026010030-20260918T003741Z,2026-09-17T17:37:41.123469-07:00,NHL,NHL,2026010030,2026-09-23T02:00:00Z,Utah,Los Angeles,NHL_WEB,FUT
NHLWEB-2026010032-20260918T003741Z,2026-09-17T17:37:41.123469-07:00,NHL,NHL,2026010032,2026-09-23T02:00:00Z,Vegas,San Jose,NHL_WEB,FUT
NHLWEB-2026010035-20260918T003741Z,2026-09-17T17:37:41.123469-07:00,NHL,NHL,2026010035,2026-09-23T23:00:00Z,Ottawa,Toronto,NHL_WEB,FUT
NHLWEB-2026010036-20260918T003741Z,2026-09-17T17:37:41.123469-07:00,NHL,NHL,2026010036,2026-09-23T23:00:00Z,Toronto,Ottawa,NHL_WEB,FUT
NHLWEB-2026010034-20260918T003741Z,2026-09-17T17:37:41.123469-07:00,NHL,NHL,2026010034,2026-09-24T00:00:00Z,Minnesota,Dallas,NHL_WEB,FUT
NHLWEB-2026010033-20260918T003741Z,2026-09-17T17:37:41.123469-07:00,NHL,NHL,2026010033,2026-09-24T02:00:00Z,Los Angeles,Anaheim,NHL_WEB,FUT
NHLWEB-2026010040-20260918T003741Z,2026-09-17T17:37:41.123469-07:00,NHL,NHL,2026010040,2026-09-24T23:00:00Z,Boston,Philadelphia,NHL_WEB,FUT
NHLWEB-2026010041-20260918T003741Z,2026-09-17T17:37:41.123469-07:00,NHL,NHL,2026010041,2026-09-24T23:00:00Z,Buffalo,Detroit,NHL_WEB,FUT
NHLWEB-2026010043-20260918T003741Z,2026-09-17T17:37:41.123469-07:00,NHL,NHL,2026010043,2026-09-24T23:00:00Z,Florida,Tampa Bay,NHL_WEB,FUT
NHLWEB-2026010044-20260918T003741Z,2026-09-17T17:37:41.123469-07:00,NHL,NHL,2026010044,2026-09-24T23:00:00Z,Nashville,Carolina,NHL_WEB,FUT
NHLWEB-2026010045-20260918T003741Z,2026-09-17T17:37:41.123469-07:00,NHL,NHL,2026010045,2026-09-24T23:00:00Z,New Jersey,New York,NHL_WEB,FUT
NHLWEB-2026010046-20260918T003741Z,2026-09-17T17:37:41.123469-07:00,NHL,NHL,2026010046,2026-09-24T23:00:00Z,Pittsburgh,Columbus,NHL_WEB,FUT
NHLWEB-2026010042-20260918T003741Z,2026-09-17T17:37:41.123469-07:00,NHL,NHL,2026010042,2026-09-25T00:00:00Z,Chicago,St. Louis,NHL_WEB,FUT
NHLWEB-2026010037-20260918T003741Z,2026-09-17T17:37:41.123469-07:00,NHL,NHL,2026010037,2026-09-25T01:00:00Z,Edmonton,Vancouver,NHL_WEB,FUT
NHLWEB-2026010038-20260918T003741Z,2026-09-17T17:37:41.123469-07:00,NHL,NHL,2026010038,2026-09-25T01:40:00Z,Calgary,Seattle,NHL_WEB,FUT
NHLWEB-2026010039-20260918T003741Z,2026-09-17T17:37:41.123469-07:00,NHL,NHL,2026010039,2026-09-25T02:00:00Z,Anaheim,San Jose,NHL_WEB,FUT
NHLWEB-2026010047-20260918T003741Z,2026-09-17T17:37:41.123469-07:00,NHL,NHL,2026010047,2026-09-25T02:00:00Z,Utah,Vegas,NHL_WEB,FUT
NHLWEB-2026010049-20260918T003741Z,2026-09-17T17:37:41.123469-07:00,NHL,NHL,2026010049,2026-09-25T23:00:00Z,Boston,Washington,NHL_WEB,FUT
NHLWEB-2026010051-20260918T003741Z,2026-09-17T17:37:41.123469-07:00,NHL,NHL,2026010051,2026-09-25T23:30:00Z,New York,New York,NHL_WEB,FUT
NHLWEB-2026010050-20260918T003741Z,2026-09-17T17:37:41.123469-07:00,NHL,NHL,2026010050,2026-09-26T00:00:00Z,Dallas,Minnesota,NHL_WEB,FUT
NHLWEB-2026010048-20260918T003741Z,2026-09-17T17:37:41.123469-07:00,NHL,NHL,2026010048,2026-09-26T00:30:00Z,Winnipeg,Colorado,NHL_WEB,FUT
NHLWEB-2026010001-20260918T004208Z,2026-09-17T17:42:08.700872-07:00,NHL,NHL,2026010001,2026-09-19T23:00:00Z,Dallas,St. Louis,NHL_WEB,FUT
NHLWEB-2026010006-20260918T004208Z,2026-09-17T17:42:08.700872-07:00,NHL,NHL,2026010006,2026-09-19T23:00:00Z,Montréal,Toronto,NHL_WEB,FUT
NHLWEB-2026010007-20260918T004208Z,2026-09-17T17:42:08.700872-07:00,NHL,NHL,2026010007,2026-09-19T23:00:00Z,Toronto,Montréal,NHL_WEB,FUT
NHLWEB-2026010003-20260918T004208Z,2026-09-17T17:42:08.700872-07:00,NHL,NHL,2026010003,2026-09-20T00:00:00Z,Winnipeg,Edmonton,NHL_WEB,FUT
NHLWEB-2026010004-20260918T004208Z,2026-09-17T17:42:08.700872-07:00,NHL,NHL,2026010004,2026-09-20T00:00:00Z,Chicago,Minnesota,NHL_WEB,FUT
NHLWEB-2026010002-20260918T004208Z,2026-09-17T17:42:08.700872-07:00,NHL,NHL,2026010002,2026-09-20T01:00:00Z,Vegas,Los Angeles,NHL_WEB,FUT
NHLWEB-2026010005-20260918T004208Z,2026-09-17T17:42:08.700872-07:00,NHL,NHL,2026010005,2026-09-20T01:00:00Z,Vancouver,Seattle,NHL_WEB,FUT
NHLWEB-2026010008-20260918T004208Z,2026-09-17T17:42:08.700872-07:00,NHL,NHL,2026010008,2026-09-20T17:00:00Z,New York,New Jersey,NHL_WEB,FUT
NHLWEB-2026010009-20260918T004208Z,2026-09-17T17:42:08.700872-07:00,NHL,NHL,2026010009,2026-09-20T20:00:00Z,San Jose,Anaheim,NHL_WEB,FUT
NHLWEB-2026010011-20260918T004208Z,2026-09-17T17:42:08.700872-07:00,NHL,NHL,2026010011,2026-09-20T21:00:00Z,Nashville,Tampa Bay,NHL_WEB,FUT
NHLWEB-2026010013-20260918T004208Z,2026-09-17T17:42:08.700872-07:00,NHL,NHL,2026010013,2026-09-20T21:00:00Z,Washington,Boston,NHL_WEB,FUT
NHLWEB-2026010010-20260918T004208Z,2026-09-17T17:42:08.700872-07:00,NHL,NHL,2026010010,2026-09-20T23:00:00Z,Carolina,Florida,NHL_WEB,FUT
NHLWEB-2026010012-20260918T004208Z,2026-09-17T17:42:08.700872-07:00,NHL,NHL,2026010012,2026-09-20T23:00:00Z,Utah,Colorado,NHL_WEB,FUT
NHLWEB-2026010014-20260918T004208Z,2026-09-17T17:42:08.700872-07:00,NHL,NHL,2026010014,2026-09-21T00:00:00Z,Seattle,Calgary,NHL_WEB,FUT
NHLWEB-2026010016-20260918T004208Z,2026-09-17T17:42:08.700872-07:00,NHL,NHL,2026010016,2026-09-21T23:00:00Z,Buffalo,Pittsburgh,NHL_WEB,FUT
NHLWEB-2026010017-20260918T004208Z,2026-09-17T17:42:08.700872-07:00,NHL,NHL,2026010017,2026-09-21T23:00:00Z,Detroit,Columbus,NHL_WEB,FUT
NHLWEB-2026010019-20260918T004208Z,2026-09-17T17:42:08.700872-07:00,NHL,NHL,2026010019,2026-09-21T23:00:00Z,New York,New Jersey,NHL_WEB,FUT
NHLWEB-2026010020-20260918T004208Z,2026-09-17T17:42:08.700872-07:00,NHL,NHL,2026010020,2026-09-21T23:00:00Z,Philadelphia,Washington,NHL_WEB,FUT
NHLWEB-2026010022-20260918T004208Z,2026-09-17T17:42:08.700872-07:00,NHL,NHL,2026010022,2026-09-21T23:00:00Z,Ottawa,Montréal,NHL_WEB,FUT
NHLWEB-2026010015-20260918T004208Z,2026-09-17T17:42:08.700872-07:00,NHL,NHL,2026010015,2026-09-22T00:00:00Z,Colorado,Winnipeg,NHL_WEB,FUT
NHLWEB-2026010018-20260918T004208Z,2026-09-17T17:42:08.700872-07:00,NHL,NHL,2026010018,2026-09-22T00:00:00Z,Minnesota,Chicago,NHL_WEB,FUT
NHLWEB-2026010021-20260918T004208Z,2026-09-17T17:42:08.700872-07:00,NHL,NHL,2026010021,2026-09-22T00:00:00Z,St. Louis,Dallas,NHL_WEB,FUT
NHLWEB-2026010024-20260918T004208Z,2026-09-17T17:42:08.700872-07:00,NHL,NHL,2026010024,2026-09-22T23:00:00Z,Columbus,Buffalo,NHL_WEB,FUT
NHLWEB-2026010025-20260918T004208Z,2026-09-17T17:42:08.700872-07:00,NHL,NHL,2026010025,2026-09-22T23:00:00Z,Detroit,Pittsburgh,NHL_WEB,FUT
NHLWEB-2026010026-20260918T004208Z,2026-09-17T17:42:08.700872-07:00,NHL,NHL,2026010026,2026-09-22T23:00:00Z,Florida,Carolina,NHL_WEB,FUT
NHLWEB-2026010027-20260918T004208Z,2026-09-17T17:42:08.700872-07:00,NHL,NHL,2026010027,2026-09-22T23:00:00Z,New York,New York,NHL_WEB,FUT
NHLWEB-2026010028-20260918T004208Z,2026-09-17T17:42:08.700872-07:00,NHL,NHL,2026010028,2026-09-22T23:00:00Z,Philadelphia,Boston,NHL_WEB,FUT
NHLWEB-2026010023-20260918T004208Z,2026-09-17T17:42:08.700872-07:00,NHL,NHL,2026010023,2026-09-23T00:00:00Z,Edmonton,Winnipeg,NHL_WEB,FUT
NHLWEB-2026010029-20260918T004208Z,2026-09-17T17:42:08.700872-07:00,NHL,NHL,2026010029,2026-09-23T00:00:00Z,Tampa Bay,Nashville,NHL_WEB,FUT
NHLWEB-2026010031-20260918T004208Z,2026-09-17T17:42:08.700872-07:00,NHL,NHL,2026010031,2026-09-23T01:00:00Z,Vancouver,Calgary,NHL_WEB,FUT
NHLWEB-2026010030-20260918T004208Z,2026-09-17T17:42:08.700872-07:00,NHL,NHL,2026010030,2026-09-23T02:00:00Z,Utah,Los Angeles,NHL_WEB,FUT
NHLWEB-2026010032-20260918T004208Z,2026-09-17T17:42:08.700872-07:00,NHL,NHL,2026010032,2026-09-23T02:00:00Z,Vegas,San Jose,NHL_WEB,FUT
NHLWEB-2026010035-20260918T004208Z,2026-09-17T17:42:08.700872-07:00,NHL,NHL,2026010035,2026-09-23T23:00:00Z,Ottawa,Toronto,NHL_WEB,FUT
NHLWEB-2026010036-20260918T004208Z,2026-09-17T17:42:08.700872-07:00,NHL,NHL,2026010036,2026-09-23T23:00:00Z,Toronto,Ottawa,NHL_WEB,FUT
NHLWEB-2026010034-20260918T004208Z,2026-09-17T17:42:08.700872-07:00,NHL,NHL,2026010034,2026-09-24T00:00:00Z,Minnesota,Dallas,NHL_WEB,FUT
NHLWEB-2026010033-20260918T004208Z,2026-09-17T17:42:08.700872-07:00,NHL,NHL,2026010033,2026-09-24T02:00:00Z,Los Angeles,Anaheim,NHL_WEB,FUT
NHLWEB-2026010040-20260918T004208Z,2026-09-17T17:42:08.700872-07:00,NHL,NHL,2026010040,2026-09-24T23:00:00Z,Boston,Philadelphia,NHL_WEB,FUT
NHLWEB-2026010041-20260918T004208Z,2026-09-17T17:42:08.700872-07:00,NHL,NHL,2026010041,2026-09-24T23:00:00Z,Buffalo,Detroit,NHL_WEB,FUT
NHLWEB-2026010043-20260918T004208Z,2026-09-17T17:42:08.700872-07:00,NHL,NHL,2026010043,2026-09-24T23:00:00Z,Florida,Tampa Bay,NHL_WEB,FUT
NHLWEB-2026010044-20260918T004208Z,2026-09-17T17:42:08.700872-07:00,NHL,NHL,2026010044,2026-09-24T23:00:00Z,Nashville,Carolina,NHL_WEB,FUT
NHLWEB-2026010045-20260918T004208Z,2026-09-17T17:42:08.700872-07:00,NHL,NHL,2026010045,2026-09-24T23:00:00Z,New Jersey,New York,NHL_WEB,FUT
NHLWEB-2026010046-20260918T004208Z,2026-09-17T17:42:08.700872-07:00,NHL,NHL,2026010046,2026-09-24T23:00:00Z,Pittsburgh,Columbus,NHL_WEB,FUT
NHLWEB-2026010042-20260918T004208Z,2026-09-17T17:42:08.700872-07:00,NHL,NHL,2026010042,2026-09-25T00:00:00Z,Chicago,St. Louis,NHL_WEB,FUT
NHLWEB-2026010037-20260918T004208Z,2026-09-17T17:42:08.700872-07:00,NHL,NHL,2026010037,2026-09-25T01:00:00Z,Edmonton,Vancouver,NHL_WEB,FUT
NHLWEB-2026010038-20260918T004208Z,2026-09-17T17:42:08.700872-07:00,NHL,NHL,2026010038,2026-09-25T01:40:00Z,Calgary,Seattle,NHL_WEB,FUT
NHLWEB-2026010039-20260918T004208Z,2026-09-17T17:42:08.700872-07:00,NHL,NHL,2026010039,2026-09-25T02:00:00Z,Anaheim,San Jose,NHL_WEB,FUT
NHLWEB-2026010047-20260918T004208Z,2026-09-17T17:42:08.700872-07:00,NHL,NHL,2026010047,2026-09-25T02:00:00Z,Utah,Vegas,NHL_WEB,FUT
NHLWEB-2026010049-20260918T004208Z,2026-09-17T17:42:08.700872-07:00,NHL,NHL,2026010049,2026-09-25T23:00:00Z,Boston,Washington,NHL_WEB,FUT
NHLWEB-2026010051-20260918T004208Z,2026-09-17T17:42:08.700872-07:00,NHL,NHL,2026010051,2026-09-25T23:30:00Z,New York,New York,NHL_WEB,FUT
NHLWEB-2026010050-20260918T004208Z,2026-09-17T17:42:08.700872-07:00,NHL,NHL,2026010050,2026-09-26T00:00:00Z,Dallas,Minnesota,NHL_WEB,FUT
NHLWEB-2026010048-20260918T004208Z,2026-09-17T17:42:08.700872-07:00,NHL,NHL,2026010048,2026-09-26T00:30:00Z,Winnipeg,Colorado,NHL_WEB,FUT
NHLWEB-2026010001-20260918T004614Z,2026-09-17T17:46:14.747590-07:00,NHL,NHL,2026010001,2026-09-19T23:00:00Z,Dallas,St. Louis,NHL_WEB,FUT
NHLWEB-2026010006-20260918T004614Z,2026-09-17T17:46:14.747590-07:00,NHL,NHL,2026010006,2026-09-19T23:00:00Z,Montréal,Toronto,NHL_WEB,FUT
NHLWEB-2026010007-20260918T004614Z,2026-09-17T17:46:14.747590-07:00,NHL,NHL,2026010007,2026-09-19T23:00:00Z,Toronto,Montréal,NHL_WEB,FUT
NHLWEB-2026010003-20260918T004614Z,2026-09-17T17:46:14.747590-07:00,NHL,NHL,2026010003,2026-09-20T00:00:00Z,Winnipeg,Edmonton,NHL_WEB,FUT
NHLWEB-2026010004-20260918T004614Z,2026-09-17T17:46:14.747590-07:00,NHL,NHL,2026010004,2026-09-20T00:00:00Z,Chicago,Minnesota,NHL_WEB,FUT
NHLWEB-2026010002-20260918T004614Z,2026-09-17T17:46:14.747590-07:00,NHL,NHL,2026010002,2026-09-20T01:00:00Z,Vegas,Los Angeles,NHL_WEB,FUT
NHLWEB-2026010005-20260918T004614Z,2026-09-17T17:46:14.747590-07:00,NHL,NHL,2026010005,2026-09-20T01:00:00Z,Vancouver,Seattle,NHL_WEB,FUT
NHLWEB-2026010008-20260918T004614Z,2026-09-17T17:46:14.747590-07:00,NHL,NHL,2026010008,2026-09-20T17:00:00Z,New York,New Jersey,NHL_WEB,FUT
NHLWEB-2026010009-20260918T004614Z,2026-09-17T17:46:14.747590-07:00,NHL,NHL,2026010009,2026-09-20T20:00:00Z,San Jose,Anaheim,NHL_WEB,FUT
NHLWEB-2026010011-20260918T004614Z,2026-09-17T17:46:14.747590-07:00,NHL,NHL,2026010011,2026-09-20T21:00:00Z,Nashville,Tampa Bay,NHL_WEB,FUT
NHLWEB-2026010013-20260918T004614Z,2026-09-17T17:46:14.747590-07:00,NHL,NHL,2026010013,2026-09-20T21:00:00Z,Washington,Boston,NHL_WEB,FUT
NHLWEB-2026010010-20260918T004614Z,2026-09-17T17:46:14.747590-07:00,NHL,NHL,2026010010,2026-09-20T23:00:00Z,Carolina,Florida,NHL_WEB,FUT
NHLWEB-2026010012-20260918T004614Z,2026-09-17T17:46:14.747590-07:00,NHL,NHL,2026010012,2026-09-20T23:00:00Z,Utah,Colorado,NHL_WEB,FUT
NHLWEB-2026010014-20260918T004614Z,2026-09-17T17:46:14.747590-07:00,NHL,NHL,2026010014,2026-09-21T00:00:00Z,Seattle,Calgary,NHL_WEB,FUT
NHLWEB-2026010016-20260918T004614Z,2026-09-17T17:46:14.747590-07:00,NHL,NHL,2026010016,2026-09-21T23:00:00Z,Buffalo,Pittsburgh,NHL_WEB,FUT
NHLWEB-2026010017-20260918T004614Z,2026-09-17T17:46:14.747590-07:00,NHL,NHL,2026010017,2026-09-21T23:00:00Z,Detroit,Columbus,NHL_WEB,FUT
NHLWEB-2026010019-20260918T004614Z,2026-09-17T17:46:14.747590-07:00,NHL,NHL,2026010019,2026-09-21T23:00:00Z,New York,New Jersey,NHL_WEB,FUT
NHLWEB-2026010020-20260918T004614Z,2026-09-17T17:46:14.747590-07:00,NHL,NHL,2026010020,2026-09-21T23:00:00Z,Philadelphia,Washington,NHL_WEB,FUT
NHLWEB-2026010022-20260918T004614Z,2026-09-17T17:46:14.747590-07:00,NHL,NHL,2026010022,2026-09-21T23:00:00Z,Ottawa,Montréal,NHL_WEB,FUT
NHLWEB-2026010015-20260918T004614Z,2026-09-17T17:46:14.747590-07:00,NHL,NHL,2026010015,2026-09-22T00:00:00Z,Colorado,Winnipeg,NHL_WEB,FUT
NHLWEB-2026010018-20260918T004614Z,2026-09-17T17:46:14.747590-07:00,NHL,NHL,2026010018,2026-09-22T00:00:00Z,Minnesota,Chicago,NHL_WEB,FUT
NHLWEB-2026010021-20260918T004614Z,2026-09-17T17:46:14.747590-07:00,NHL,NHL,2026010021,2026-09-22T00:00:00Z,St. Louis,Dallas,NHL_WEB,FUT
NHLWEB-2026010024-20260918T004614Z,2026-09-17T17:46:14.747590-07:00,NHL,NHL,2026010024,2026-09-22T23:00:00Z,Columbus,Buffalo,NHL_WEB,FUT
NHLWEB-2026010025-20260918T004614Z,2026-09-17T17:46:14.747590-07:00,NHL,NHL,2026010025,2026-09-22T23:00:00Z,Detroit,Pittsburgh,NHL_WEB,FUT
NHLWEB-2026010026-20260918T004614Z,2026-09-17T17:46:14.747590-07:00,NHL,NHL,2026010026,2026-09-22T23:00:00Z,Florida,Carolina,NHL_WEB,FUT
NHLWEB-2026010027-20260918T004614Z,2026-09-17T17:46:14.747590-07:00,NHL,NHL,2026010027,2026-09-22T23:00:00Z,New York,New York,NHL_WEB,FUT
NHLWEB-2026010028-20260918T004614Z,2026-09-17T17:46:14.747590-07:00,NHL,NHL,2026010028,2026-09-22T23:00:00Z,Philadelphia,Boston,NHL_WEB,FUT
NHLWEB-2026010023-20260918T004614Z,2026-09-17T17:46:14.747590-07:00,NHL,NHL,2026010023,2026-09-23T00:00:00Z,Edmonton,Winnipeg,NHL_WEB,FUT
NHLWEB-2026010029-20260918T004614Z,2026-09-17T17:46:14.747590-07:00,NHL,NHL,2026010029,2026-09-23T00:00:00Z,Tampa Bay,Nashville,NHL_WEB,FUT
NHLWEB-2026010031-20260918T004614Z,2026-09-17T17:46:14.747590-07:00,NHL,NHL,2026010031,2026-09-23T01:00:00Z,Vancouver,Calgary,NHL_WEB,FUT
NHLWEB-2026010030-20260918T004614Z,2026-09-17T17:46:14.747590-07:00,NHL,NHL,2026010030,2026-09-23T02:00:00Z,Utah,Los Angeles,NHL_WEB,FUT
NHLWEB-2026010032-20260918T004614Z,2026-09-17T17:46:14.747590-07:00,NHL,NHL,2026010032,2026-09-23T02:00:00Z,Vegas,San Jose,NHL_WEB,FUT
NHLWEB-2026010035-20260918T004614Z,2026-09-17T17:46:14.747590-07:00,NHL,NHL,2026010035,2026-09-23T23:00:00Z,Ottawa,Toronto,NHL_WEB,FUT
NHLWEB-2026010036-20260918T004614Z,2026-09-17T17:46:14.747590-07:00,NHL,NHL,2026010036,2026-09-23T23:00:00Z,Toronto,Ottawa,NHL_WEB,FUT
NHLWEB-2026010034-20260918T004614Z,2026-09-17T17:46:14.747590-07:00,NHL,NHL,2026010034,2026-09-24T00:00:00Z,Minnesota,Dallas,NHL_WEB,FUT
NHLWEB-2026010033-20260918T004614Z,2026-09-17T17:46:14.747590-07:00,NHL,NHL,2026010033,2026-09-24T02:00:00Z,Los Angeles,Anaheim,NHL_WEB,FUT
NHLWEB-2026010040-20260918T004614Z,2026-09-17T17:46:14.747590-07:00,NHL,NHL,2026010040,2026-09-24T23:00:00Z,Boston,Philadelphia,NHL_WEB,FUT
NHLWEB-2026010041-20260918T004614Z,2026-09-17T17:46:14.747590-07:00,NHL,NHL,2026010041,2026-09-24T23:00:00Z,Buffalo,Detroit,NHL_WEB,FUT
NHLWEB-2026010043-20260918T004614Z,2026-09-17T17:46:14.747590-07:00,NHL,NHL,2026010043,2026-09-24T23:00:00Z,Florida,Tampa Bay,NHL_WEB,FUT
NHLWEB-2026010044-20260918T004614Z,2026-09-17T17:46:14.747590-07:00,NHL,NHL,2026010044,2026-09-24T23:00:00Z,Nashville,Carolina,NHL_WEB,FUT
NHLWEB-2026010045-20260918T004614Z,2026-09-17T17:46:14.747590-07:00,NHL,NHL,2026010045,2026-09-24T23:00:00Z,New Jersey,New York,NHL_WEB,FUT
NHLWEB-2026010046-20260918T004614Z,2026-09-17T17:46:14.747590-07:00,NHL,NHL,2026010046,2026-09-24T23:00:00Z,Pittsburgh,Columbus,NHL_WEB,FUT
NHLWEB-2026010042-20260918T004614Z,2026-09-17T17:46:14.747590-07:00,NHL,NHL,2026010042,2026-09-25T00:00:00Z,Chicago,St. Louis,NHL_WEB,FUT
NHLWEB-2026010037-20260918T004614Z,2026-09-17T17:46:14.747590-07:00,NHL,NHL,2026010037,2026-09-25T01:00:00Z,Edmonton,Vancouver,NHL_WEB,FUT
NHLWEB-2026010038-20260918T004614Z,2026-09-17T17:46:14.747590-07:00,NHL,NHL,2026010038,2026-09-25T01:40:00Z,Calgary,Seattle,NHL_WEB,FUT
NHLWEB-2026010039-20260918T004614Z,2026-09-17T17:46:14.747590-07:00,NHL,NHL,2026010039,2026-09-25T02:00:00Z,Anaheim,San Jose,NHL_WEB,FUT
NHLWEB-2026010047-20260918T004614Z,2026-09-17T17:46:14.747590-07:00,NHL,NHL,2026010047,2026-09-25T02:00:00Z,Utah,Vegas,NHL_WEB,FUT
NHLWEB-2026010049-20260918T004614Z,2026-09-17T17:46:14.747590-07:00,NHL,NHL,2026010049,2026-09-25T23:00:00Z,Boston,Washington,NHL_WEB,FUT
NHLWEB-2026010051-20260918T004614Z,2026-09-17T17:46:14.747590-07:00,NHL,NHL,2026010051,2026-09-25T23:30:00Z,New York,New York,NHL_WEB,FUT
NHLWEB-2026010050-20260918T004614Z,2026-09-17T17:46:14.747590-07:00,NHL,NHL,2026010050,2026-09-26T00:00:00Z,Dallas,Minnesota,NHL_WEB,FUT
NHLWEB-2026010048-20260918T004614Z,2026-09-17T17:46:14.747590-07:00,NHL,NHL,2026010048,2026-09-26T00:30:00Z,Winnipeg,Colorado,NHL_WEB,FUT
NHLWEB-2026010001-20260918T004851Z,2026-09-17T17:48:51.403754-07:00,NHL,NHL,2026010001,2026-09-19T23:00:00Z,Dallas,St. Louis,NHL_WEB,FUT
NHLWEB-2026010006-20260918T004851Z,2026-09-17T17:48:51.403754-07:00,NHL,NHL,2026010006,2026-09-19T23:00:00Z,Montréal,Toronto,NHL_WEB,FUT
NHLWEB-2026010007-20260918T004851Z,2026-09-17T17:48:51.403754-07:00,NHL,NHL,2026010007,2026-09-19T23:00:00Z,Toronto,Montréal,NHL_WEB,FUT
NHLWEB-2026010003-20260918T004851Z,2026-09-17T17:48:51.403754-07:00,NHL,NHL,2026010003,2026-09-20T00:00:00Z,Winnipeg,Edmonton,NHL_WEB,FUT
NHLWEB-2026010004-20260918T004851Z,2026-09-17T17:48:51.403754-07:00,NHL,NHL,2026010004,2026-09-20T00:00:00Z,Chicago,Minnesota,NHL_WEB,FUT
NHLWEB-2026010002-20260918T004851Z,2026-09-17T17:48:51.403754-07:00,NHL,NHL,2026010002,2026-09-20T01:00:00Z,Vegas,Los Angeles,NHL_WEB,FUT
NHLWEB-2026010005-20260918T004851Z,2026-09-17T17:48:51.403754-07:00,NHL,NHL,2026010005,2026-09-20T01:00:00Z,Vancouver,Seattle,NHL_WEB,FUT
NHLWEB-2026010008-20260918T004851Z,2026-09-17T17:48:51.403754-07:00,NHL,NHL,2026010008,2026-09-20T17:00:00Z,New York,New Jersey,NHL_WEB,FUT
NHLWEB-2026010009-20260918T004851Z,2026-09-17T17:48:51.403754-07:00,NHL,NHL,2026010009,2026-09-20T20:00:00Z,San Jose,Anaheim,NHL_WEB,FUT
NHLWEB-2026010011-20260918T004851Z,2026-09-17T17:48:51.403754-07:00,NHL,NHL,2026010011,2026-09-20T21:00:00Z,Nashville,Tampa Bay,NHL_WEB,FUT
NHLWEB-2026010013-20260918T004851Z,2026-09-17T17:48:51.403754-07:00,NHL,NHL,2026010013,2026-09-20T21:00:00Z,Washington,Boston,NHL_WEB,FUT
NHLWEB-2026010010-20260918T004851Z,2026-09-17T17:48:51.403754-07:00,NHL,NHL,2026010010,2026-09-20T23:00:00Z,Carolina,Florida,NHL_WEB,FUT
NHLWEB-2026010012-20260918T004851Z,2026-09-17T17:48:51.403754-07:00,NHL,NHL,2026010012,2026-09-20T23:00:00Z,Utah,Colorado,NHL_WEB,FUT
NHLWEB-2026010014-20260918T004851Z,2026-09-17T17:48:51.403754-07:00,NHL,NHL,2026010014,2026-09-21T00:00:00Z,Seattle,Calgary,NHL_WEB,FUT
NHLWEB-2026010016-20260918T004851Z,2026-09-17T17:48:51.403754-07:00,NHL,NHL,2026010016,2026-09-21T23:00:00Z,Buffalo,Pittsburgh,NHL_WEB,FUT
NHLWEB-2026010017-20260918T004851Z,2026-09-17T17:48:51.403754-07:00,NHL,NHL,2026010017,2026-09-21T23:00:00Z,Detroit,Columbus,NHL_WEB,FUT
NHLWEB-2026010019-20260918T004851Z,2026-09-17T17:48:51.403754-07:00,NHL,NHL,2026010019,2026-09-21T23:00:00Z,New York,New Jersey,NHL_WEB,FUT
NHLWEB-2026010020-20260918T004851Z,2026-09-17T17:48:51.403754-07:00,NHL,NHL,2026010020,2026-09-21T23:00:00Z,Philadelphia,Washington,NHL_WEB,FUT
NHLWEB-2026010022-20260918T004851Z,2026-09-17T17:48:51.403754-07:00,NHL,NHL,2026010022,2026-09-21T23:00:00Z,Ottawa,Montréal,NHL_WEB,FUT
NHLWEB-2026010015-20260918T004851Z,2026-09-17T17:48:51.403754-07:00,NHL,NHL,2026010015,2026-09-22T00:00:00Z,Colorado,Winnipeg,NHL_WEB,FUT
NHLWEB-2026010018-20260918T004851Z,2026-09-17T17:48:51.403754-07:00,NHL,NHL,2026010018,2026-09-22T00:00:00Z,Minnesota,Chicago,NHL_WEB,FUT
NHLWEB-2026010021-20260918T004851Z,2026-09-17T17:48:51.403754-07:00,NHL,NHL,2026010021,2026-09-22T00:00:00Z,St. Louis,Dallas,NHL_WEB,FUT
NHLWEB-2026010024-20260918T004851Z,2026-09-17T17:48:51.403754-07:00,NHL,NHL,2026010024,2026-09-22T23:00:00Z,Columbus,Buffalo,NHL_WEB,FUT
NHLWEB-2026010025-20260918T004851Z,2026-09-17T17:48:51.403754-07:00,NHL,NHL,2026010025,2026-09-22T23:00:00Z,Detroit,Pittsburgh,NHL_WEB,FUT
NHLWEB-2026010026-20260918T004851Z,2026-09-17T17:48:51.403754-07:00,NHL,NHL,2026010026,2026-09-22T23:00:00Z,Florida,Carolina,NHL_WEB,FUT
NHLWEB-2026010027-20260918T004851Z,2026-09-17T17:48:51.403754-07:00,NHL,NHL,2026010027,2026-09-22T23:00:00Z,New York,New York,NHL_WEB,FUT
NHLWEB-2026010028-20260918T004851Z,2026-09-17T17:48:51.403754-07:00,NHL,NHL,2026010028,2026-09-22T23:00:00Z,Philadelphia,Boston,NHL_WEB,FUT
NHLWEB-2026010023-20260918T004851Z,2026-09-17T17:48:51.403754-07:00,NHL,NHL,2026010023,2026-09-23T00:00:00Z,Edmonton,Winnipeg,NHL_WEB,FUT
NHLWEB-2026010029-20260918T004851Z,2026-09-17T17:48:51.403754-07:00,NHL,NHL,2026010029,2026-09-23T00:00:00Z,Tampa Bay,Nashville,NHL_WEB,FUT
NHLWEB-2026010031-20260918T004851Z,2026-09-17T17:48:51.403754-07:00,NHL,NHL,2026010031,2026-09-23T01:00:00Z,Vancouver,Calgary,NHL_WEB,FUT
NHLWEB-2026010030-20260918T004851Z,2026-09-17T17:48:51.403754-07:00,NHL,NHL,2026010030,2026-09-23T02:00:00Z,Utah,Los Angeles,NHL_WEB,FUT
NHLWEB-2026010032-20260918T004851Z,2026-09-17T17:48:51.403754-07:00,NHL,NHL,2026010032,2026-09-23T02:00:00Z,Vegas,San Jose,NHL_WEB,FUT
NHLWEB-2026010035-20260918T004851Z,2026-09-17T17:48:51.403754-07:00,NHL,NHL,2026010035,2026-09-23T23:00:00Z,Ottawa,Toronto,NHL_WEB,FUT
NHLWEB-2026010036-20260918T004851Z,2026-09-17T17:48:51.403754-07:00,NHL,NHL,2026010036,2026-09-23T23:00:00Z,Toronto,Ottawa,NHL_WEB,FUT
NHLWEB-2026010034-20260918T004851Z,2026-09-17T17:48:51.403754-07:00,NHL,NHL,2026010034,2026-09-24T00:00:00Z,Minnesota,Dallas,NHL_WEB,FUT
NHLWEB-2026010033-20260918T004851Z,2026-09-17T17:48:51.403754-07:00,NHL,NHL,2026010033,2026-09-24T02:00:00Z,Los Angeles,Anaheim,NHL_WEB,FUT
NHLWEB-2026010040-20260918T004851Z,2026-09-17T17:48:51.403754-07:00,NHL,NHL,2026010040,2026-09-24T23:00:00Z,Boston,Philadelphia,NHL_WEB,FUT
NHLWEB-2026010041-20260918T004851Z,2026-09-17T17:48:51.403754-07:00,NHL,NHL,2026010041,2026-09-24T23:00:00Z,Buffalo,Detroit,NHL_WEB,FUT
NHLWEB-2026010043-20260918T004851Z,2026-09-17T17:48:51.403754-07:00,NHL,NHL,2026010043,2026-09-24T23:00:00Z,Florida,Tampa Bay,NHL_WEB,FUT
NHLWEB-2026010044-20260918T004851Z,2026-09-17T17:48:51.403754-07:00,NHL,NHL,2026010044,2026-09-24T23:00:00Z,Nashville,Carolina,NHL_WEB,FUT
NHLWEB-2026010045-20260918T004851Z,2026-09-17T17:48:51.403754-07:00,NHL,NHL,2026010045,2026-09-24T23:00:00Z,New Jersey,New York,NHL_WEB,FUT
NHLWEB-2026010046-20260918T004851Z,2026-09-17T17:48:51.403754-07:00,NHL,NHL,2026010046,2026-09-24T23:00:00Z,Pittsburgh,Columbus,NHL_WEB,FUT
NHLWEB-2026010042-20260918T004851Z,2026-09-17T17:48:51.403754-07:00,NHL,NHL,2026010042,2026-09-25T00:00:00Z,Chicago,St. Louis,NHL_WEB,FUT
NHLWEB-2026010037-20260918T004851Z,2026-09-17T17:48:51.403754-07:00,NHL,NHL,2026010037,2026-09-25T01:00:00Z,Edmonton,Vancouver,NHL_WEB,FUT
NHLWEB-2026010038-20260918T004851Z,2026-09-17T17:48:51.403754-07:00,NHL,NHL,2026010038,2026-09-25T01:40:00Z,Calgary,Seattle,NHL_WEB,FUT
NHLWEB-2026010039-20260918T004851Z,2026-09-17T17:48:51.403754-07:00,NHL,NHL,2026010039,2026-09-25T02:00:00Z,Anaheim,San Jose,NHL_WEB,FUT
NHLWEB-2026010047-20260918T004851Z,2026-09-17T17:48:51.403754-07:00,NHL,NHL,2026010047,2026-09-25T02:00:00Z,Utah,Vegas,NHL_WEB,FUT
NHLWEB-2026010049-20260918T004851Z,2026-09-17T17:48:51.403754-07:00,NHL,NHL,2026010049,2026-09-25T23:00:00Z,Boston,Washington,NHL_WEB,FUT
NHLWEB-2026010051-20260918T004851Z,2026-09-17T17:48:51.403754-07:00,NHL,NHL,2026010051,2026-09-25T23:30:00Z,New York,New York,NHL_WEB,FUT
NHLWEB-2026010050-20260918T004851Z,2026-09-17T17:48:51.403754-07:00,NHL,NHL,2026010050,2026-09-26T00:00:00Z,Dallas,Minnesota,NHL_WEB,FUT
NHLWEB-2026010048-20260918T004851Z,2026-09-17T17:48:51.403754-07:00,NHL,NHL,2026010048,2026-09-26T00:30:00Z,Winnipeg,Colorado,NHL_WEB,FUT
NHLWEB-2026010001-20260918T005010Z,2026-09-17T17:50:10.307120-07:00,NHL,NHL,2026010001,2026-09-19T23:00:00Z,Dallas,St. Louis,NHL_WEB,FUT
NHLWEB-2026010006-20260918T005010Z,2026-09-17T17:50:10.307120-07:00,NHL,NHL,2026010006,2026-09-19T23:00:00Z,Montréal,Toronto,NHL_WEB,FUT
NHLWEB-2026010007-20260918T005010Z,2026-09-17T17:50:10.307120-07:00,NHL,NHL,2026010007,2026-09-19T23:00:00Z,Toronto,Montréal,NHL_WEB,FUT
NHLWEB-2026010003-20260918T005010Z,2026-09-17T17:50:10.307120-07:00,NHL,NHL,2026010003,2026-09-20T00:00:00Z,Winnipeg,Edmonton,NHL_WEB,FUT
NHLWEB-2026010004-20260918T005010Z,2026-09-17T17:50:10.307120-07:00,NHL,NHL,2026010004,2026-09-20T00:00:00Z,Chicago,Minnesota,NHL_WEB,FUT
NHLWEB-2026010002-20260918T005010Z,2026-09-17T17:50:10.307120-07:00,NHL,NHL,2026010002,2026-09-20T01:00:00Z,Vegas,Los Angeles,NHL_WEB,FUT
NHLWEB-2026010005-20260918T005010Z,2026-09-17T17:50:10.307120-07:00,NHL,NHL,2026010005,2026-09-20T01:00:00Z,Vancouver,Seattle,NHL_WEB,FUT
NHLWEB-2026010008-20260918T005010Z,2026-09-17T17:50:10.307120-07:00,NHL,NHL,2026010008,2026-09-20T17:00:00Z,New York,New Jersey,NHL_WEB,FUT
NHLWEB-2026010009-20260918T005010Z,2026-09-17T17:50:10.307120-07:00,NHL,NHL,2026010009,2026-09-20T20:00:00Z,San Jose,Anaheim,NHL_WEB,FUT
NHLWEB-2026010011-20260918T005010Z,2026-09-17T17:50:10.307120-07:00,NHL,NHL,2026010011,2026-09-20T21:00:00Z,Nashville,Tampa Bay,NHL_WEB,FUT
NHLWEB-2026010013-20260918T005010Z,2026-09-17T17:50:10.307120-07:00,NHL,NHL,2026010013,2026-09-20T21:00:00Z,Washington,Boston,NHL_WEB,FUT
NHLWEB-2026010010-20260918T005010Z,2026-09-17T17:50:10.307120-07:00,NHL,NHL,2026010010,2026-09-20T23:00:00Z,Carolina,Florida,NHL_WEB,FUT
NHLWEB-2026010012-20260918T005010Z,2026-09-17T17:50:10.307120-07:00,NHL,NHL,2026010012,2026-09-20T23:00:00Z,Utah,Colorado,NHL_WEB,FUT
NHLWEB-2026010014-20260918T005010Z,2026-09-17T17:50:10.307120-07:00,NHL,NHL,2026010014,2026-09-21T00:00:00Z,Seattle,Calgary,NHL_WEB,FUT
NHLWEB-2026010016-20260918T005010Z,2026-09-17T17:50:10.307120-07:00,NHL,NHL,2026010016,2026-09-21T23:00:00Z,Buffalo,Pittsburgh,NHL_WEB,FUT
NHLWEB-2026010017-20260918T005010Z,2026-09-17T17:50:10.307120-07:00,NHL,NHL,2026010017,2026-09-21T23:00:00Z,Detroit,Columbus,NHL_WEB,FUT
NHLWEB-2026010019-20260918T005010Z,2026-09-17T17:50:10.307120-07:00,NHL,NHL,2026010019,2026-09-21T23:00:00Z,New York,New Jersey,NHL_WEB,FUT
NHLWEB-2026010020-20260918T005010Z,2026-09-17T17:50:10.307120-07:00,NHL,NHL,2026010020,2026-09-21T23:00:00Z,Philadelphia,Washington,NHL_WEB,FUT
NHLWEB-2026010022-20260918T005010Z,2026-09-17T17:50:10.307120-07:00,NHL,NHL,2026010022,2026-09-21T23:00:00Z,Ottawa,Montréal,NHL_WEB,FUT
NHLWEB-2026010015-20260918T005010Z,2026-09-17T17:50:10.307120-07:00,NHL,NHL,2026010015,2026-09-22T00:00:00Z,Colorado,Winnipeg,NHL_WEB,FUT
NHLWEB-2026010018-20260918T005010Z,2026-09-17T17:50:10.307120-07:00,NHL,NHL,2026010018,2026-09-22T00:00:00Z,Minnesota,Chicago,NHL_WEB,FUT
NHLWEB-2026010021-20260918T005010Z,2026-09-17T17:50:10.307120-07:00,NHL,NHL,2026010021,2026-09-22T00:00:00Z,St. Louis,Dallas,NHL_WEB,FUT
NHLWEB-2026010024-20260918T005010Z,2026-09-17T17:50:10.307120-07:00,NHL,NHL,2026010024,2026-09-22T23:00:00Z,Columbus,Buffalo,NHL_WEB,FUT
NHLWEB-2026010025-20260918T005010Z,2026-09-17T17:50:10.307120-07:00,NHL,NHL,2026010025,2026-09-22T23:00:00Z,Detroit,Pittsburgh,NHL_WEB,FUT
NHLWEB-2026010026-20260918T005010Z,2026-09-17T17:50:10.307120-07:00,NHL,NHL,2026010026,2026-09-22T23:00:00Z,Florida,Carolina,NHL_WEB,FUT
NHLWEB-2026010027-20260918T005010Z,2026-09-17T17:50:10.307120-07:00,NHL,NHL,2026010027,2026-09-22T23:00:00Z,New York,New York,NHL_WEB,FUT
NHLWEB-2026010028-20260918T005010Z,2026-09-17T17:50:10.307120-07:00,NHL,NHL,2026010028,2026-09-22T23:00:00Z,Philadelphia,Boston,NHL_WEB,FUT
NHLWEB-2026010023-20260918T005010Z,2026-09-17T17:50:10.307120-07:00,NHL,NHL,2026010023,2026-09-23T00:00:00Z,Edmonton,Winnipeg,NHL_WEB,FUT
NHLWEB-2026010029-20260918T005010Z,2026-09-17T17:50:10.307120-07:00,NHL,NHL,2026010029,2026-09-23T00:00:00Z,Tampa Bay,Nashville,NHL_WEB,FUT
NHLWEB-2026010031-20260918T005010Z,2026-09-17T17:50:10.307120-07:00,NHL,NHL,2026010031,2026-09-23T01:00:00Z,Vancouver,Calgary,NHL_WEB,FUT
NHLWEB-2026010030-20260918T005010Z,2026-09-17T17:50:10.307120-07:00,NHL,NHL,2026010030,2026-09-23T02:00:00Z,Utah,Los Angeles,NHL_WEB,FUT
NHLWEB-2026010032-20260918T005010Z,2026-09-17T17:50:10.307120-07:00,NHL,NHL,2026010032,2026-09-23T02:00:00Z,Vegas,San Jose,NHL_WEB,FUT
NHLWEB-2026010035-20260918T005010Z,2026-09-17T17:50:10.307120-07:00,NHL,NHL,2026010035,2026-09-23T23:00:00Z,Ottawa,Toronto,NHL_WEB,FUT
NHLWEB-2026010036-20260918T005010Z,2026-09-17T17:50:10.307120-07:00,NHL,NHL,2026010036,2026-09-23T23:00:00Z,Toronto,Ottawa,NHL_WEB,FUT
NHLWEB-2026010034-20260918T005010Z,2026-09-17T17:50:10.307120-07:00,NHL,NHL,2026010034,2026-09-24T00:00:00Z,Minnesota,Dallas,NHL_WEB,FUT
NHLWEB-2026010033-20260918T005010Z,2026-09-17T17:50:10.307120-07:00,NHL,NHL,2026010033,2026-09-24T02:00:00Z,Los Angeles,Anaheim,NHL_WEB,FUT
NHLWEB-2026010040-20260918T005010Z,2026-09-17T17:50:10.307120-07:00,NHL,NHL,2026010040,2026-09-24T23:00:00Z,Boston,Philadelphia,NHL_WEB,FUT
NHLWEB-2026010041-20260918T005010Z,2026-09-17T17:50:10.307120-07:00,NHL,NHL,2026010041,2026-09-24T23:00:00Z,Buffalo,Detroit,NHL_WEB,FUT
NHLWEB-2026010043-20260918T005010Z,2026-09-17T17:50:10.307120-07:00,NHL,NHL,2026010043,2026-09-24T23:00:00Z,Florida,Tampa Bay,NHL_WEB,FUT
NHLWEB-2026010044-20260918T005010Z,2026-09-17T17:50:10.307120-07:00,NHL,NHL,2026010044,2026-09-24T23:00:00Z,Nashville,Carolina,NHL_WEB,FUT
NHLWEB-2026010045-20260918T005010Z,2026-09-17T17:50:10.307120-07:00,NHL,NHL,2026010045,2026-09-24T23:00:00Z,New Jersey,New York,NHL_WEB,FUT
NHLWEB-2026010046-20260918T005010Z,2026-09-17T17:50:10.307120-07:00,NHL,NHL,2026010046,2026-09-24T23:00:00Z,Pittsburgh,Columbus,NHL_WEB,FUT
NHLWEB-2026010042-20260918T005010Z,2026-09-17T17:50:10.307120-07:00,NHL,NHL,2026010042,2026-09-25T00:00:00Z,Chicago,St. Louis,NHL_WEB,FUT
NHLWEB-2026010037-20260918T005010Z,2026-09-17T17:50:10.307120-07:00,NHL,NHL,2026010037,2026-09-25T01:00:00Z,Edmonton,Vancouver,NHL_WEB,FUT
NHLWEB-2026010038-20260918T005010Z,2026-09-17T17:50:10.307120-07:00,NHL,NHL,2026010038,2026-09-25T01:40:00Z,Calgary,Seattle,NHL_WEB,FUT
NHLWEB-2026010039-20260918T005010Z,2026-09-17T17:50:10.307120-07:00,NHL,NHL,2026010039,2026-09-25T02:00:00Z,Anaheim,San Jose,NHL_WEB,FUT
NHLWEB-2026010047-20260918T005010Z,2026-09-17T17:50:10.307120-07:00,NHL,NHL,2026010047,2026-09-25T02:00:00Z,Utah,Vegas,NHL_WEB,FUT
NHLWEB-2026010049-20260918T005010Z,2026-09-17T17:50:10.307120-07:00,NHL,NHL,2026010049,2026-09-25T23:00:00Z,Boston,Washington,NHL_WEB,FUT
NHLWEB-2026010051-20260918T005010Z,2026-09-17T17:50:10.307120-07:00,NHL,NHL,2026010051,2026-09-25T23:30:00Z,New York,New York,NHL_WEB,FUT
NHLWEB-2026010050-20260918T005010Z,2026-09-17T17:50:10.307120-07:00,NHL,NHL,2026010050,2026-09-26T00:00:00Z,Dallas,Minnesota,NHL_WEB,FUT
NHLWEB-2026010048-20260918T005010Z,2026-09-17T17:50:10.307120-07:00,NHL,NHL,2026010048,2026-09-26T00:30:00Z,Winnipeg,Colorado,NHL_WEB,FUT
NHLWEB-2026010001-20260918T005043Z,2026-09-17T17:50:43.969567-07:00,NHL,NHL,2026010001,2026-09-19T23:00:00Z,Dallas,St. Louis,NHL_WEB,FUT
NHLWEB-2026010006-20260918T005043Z,2026-09-17T17:50:43.969567-07:00,NHL,NHL,2026010006,2026-09-19T23:00:00Z,Montréal,Toronto,NHL_WEB,FUT
NHLWEB-2026010007-20260918T005043Z,2026-09-17T17:50:43.969567-07:00,NHL,NHL,2026010007,2026-09-19T23:00:00Z,Toronto,Montréal,NHL_WEB,FUT
NHLWEB-2026010003-20260918T005043Z,2026-09-17T17:50:43.969567-07:00,NHL,NHL,2026010003,2026-09-20T00:00:00Z,Winnipeg,Edmonton,NHL_WEB,FUT
NHLWEB-2026010004-20260918T005043Z,2026-09-17T17:50:43.969567-07:00,NHL,NHL,2026010004,2026-09-20T00:00:00Z,Chicago,Minnesota,NHL_WEB,FUT
NHLWEB-2026010002-20260918T005043Z,2026-09-17T17:50:43.969567-07:00,NHL,NHL,2026010002,2026-09-20T01:00:00Z,Vegas,Los Angeles,NHL_WEB,FUT
NHLWEB-2026010005-20260918T005043Z,2026-09-17T17:50:43.969567-07:00,NHL,NHL,2026010005,2026-09-20T01:00:00Z,Vancouver,Seattle,NHL_WEB,FUT
NHLWEB-2026010008-20260918T005043Z,2026-09-17T17:50:43.969567-07:00,NHL,NHL,2026010008,2026-09-20T17:00:00Z,New York,New Jersey,NHL_WEB,FUT
NHLWEB-2026010009-20260918T005043Z,2026-09-17T17:50:43.969567-07:00,NHL,NHL,2026010009,2026-09-20T20:00:00Z,San Jose,Anaheim,NHL_WEB,FUT
NHLWEB-2026010011-20260918T005043Z,2026-09-17T17:50:43.969567-07:00,NHL,NHL,2026010011,2026-09-20T21:00:00Z,Nashville,Tampa Bay,NHL_WEB,FUT
NHLWEB-2026010013-20260918T005043Z,2026-09-17T17:50:43.969567-07:00,NHL,NHL,2026010013,2026-09-20T21:00:00Z,Washington,Boston,NHL_WEB,FUT
NHLWEB-2026010010-20260918T005043Z,2026-09-17T17:50:43.969567-07:00,NHL,NHL,2026010010,2026-09-20T23:00:00Z,Carolina,Florida,NHL_WEB,FUT
NHLWEB-2026010012-20260918T005043Z,2026-09-17T17:50:43.969567-07:00,NHL,NHL,2026010012,2026-09-20T23:00:00Z,Utah,Colorado,NHL_WEB,FUT
NHLWEB-2026010014-20260918T005043Z,2026-09-17T17:50:43.969567-07:00,NHL,NHL,2026010014,2026-09-21T00:00:00Z,Seattle,Calgary,NHL_WEB,FUT
NHLWEB-2026010016-20260918T005043Z,2026-09-17T17:50:43.969567-07:00,NHL,NHL,2026010016,2026-09-21T23:00:00Z,Buffalo,Pittsburgh,NHL_WEB,FUT
NHLWEB-2026010017-20260918T005043Z,2026-09-17T17:50:43.969567-07:00,NHL,NHL,2026010017,2026-09-21T23:00:00Z,Detroit,Columbus,NHL_WEB,FUT
NHLWEB-2026010019-20260918T005043Z,2026-09-17T17:50:43.969567-07:00,NHL,NHL,2026010019,2026-09-21T23:00:00Z,New York,New Jersey,NHL_WEB,FUT
NHLWEB-2026010020-20260918T005043Z,2026-09-17T17:50:43.969567-07:00,NHL,NHL,2026010020,2026-09-21T23:00:00Z,Philadelphia,Washington,NHL_WEB,FUT
NHLWEB-2026010022-20260918T005043Z,2026-09-17T17:50:43.969567-07:00,NHL,NHL,2026010022,2026-09-21T23:00:00Z,Ottawa,Montréal,NHL_WEB,FUT
NHLWEB-2026010015-20260918T005043Z,2026-09-17T17:50:43.969567-07:00,NHL,NHL,2026010015,2026-09-22T00:00:00Z,Colorado,Winnipeg,NHL_WEB,FUT
NHLWEB-2026010018-20260918T005043Z,2026-09-17T17:50:43.969567-07:00,NHL,NHL,2026010018,2026-09-22T00:00:00Z,Minnesota,Chicago,NHL_WEB,FUT
NHLWEB-2026010021-20260918T005043Z,2026-09-17T17:50:43.969567-07:00,NHL,NHL,2026010021,2026-09-22T00:00:00Z,St. Louis,Dallas,NHL_WEB,FUT
NHLWEB-2026010024-20260918T005043Z,2026-09-17T17:50:43.969567-07:00,NHL,NHL,2026010024,2026-09-22T23:00:00Z,Columbus,Buffalo,NHL_WEB,FUT
NHLWEB-2026010025-20260918T005043Z,2026-09-17T17:50:43.969567-07:00,NHL,NHL,2026010025,2026-09-22T23:00:00Z,Detroit,Pittsburgh,NHL_WEB,FUT
NHLWEB-2026010026-20260918T005043Z,2026-09-17T17:50:43.969567-07:00,NHL,NHL,2026010026,2026-09-22T23:00:00Z,Florida,Carolina,NHL_WEB,FUT
NHLWEB-2026010027-20260918T005043Z,2026-09-17T17:50:43.969567-07:00,NHL,NHL,2026010027,2026-09-22T23:00:00Z,New York,New York,NHL_WEB,FUT
NHLWEB-2026010028-20260918T005043Z,2026-09-17T17:50:43.969567-07:00,NHL,NHL,2026010028,2026-09-22T23:00:00Z,Philadelphia,Boston,NHL_WEB,FUT
NHLWEB-2026010023-20260918T005043Z,2026-09-17T17:50:43.969567-07:00,NHL,NHL,2026010023,2026-09-23T00:00:00Z,Edmonton,Winnipeg,NHL_WEB,FUT
NHLWEB-2026010029-20260918T005043Z,2026-09-17T17:50:43.969567-07:00,NHL,NHL,2026010029,2026-09-23T00:00:00Z,Tampa Bay,Nashville,NHL_WEB,FUT
NHLWEB-2026010031-20260918T005043Z,2026-09-17T17:50:43.969567-07:00,NHL,NHL,2026010031,2026-09-23T01:00:00Z,Vancouver,Calgary,NHL_WEB,FUT
NHLWEB-2026010030-20260918T005043Z,2026-09-17T17:50:43.969567-07:00,NHL,NHL,2026010030,2026-09-23T02:00:00Z,Utah,Los Angeles,NHL_WEB,FUT
NHLWEB-2026010032-20260918T005043Z,2026-09-17T17:50:43.969567-07:00,NHL,NHL,2026010032,2026-09-23T02:00:00Z,Vegas,San Jose,NHL_WEB,FUT
NHLWEB-2026010035-20260918T005043Z,2026-09-17T17:50:43.969567-07:00,NHL,NHL,2026010035,2026-09-23T23:00:00Z,Ottawa,Toronto,NHL_WEB,FUT
NHLWEB-2026010036-20260918T005043Z,2026-09-17T17:50:43.969567-07:00,NHL,NHL,2026010036,2026-09-23T23:00:00Z,Toronto,Ottawa,NHL_WEB,FUT
NHLWEB-2026010034-20260918T005043Z,2026-09-17T17:50:43.969567-07:00,NHL,NHL,2026010034,2026-09-24T00:00:00Z,Minnesota,Dallas,NHL_WEB,FUT
NHLWEB-2026010033-20260918T005043Z,2026-09-17T17:50:43.969567-07:00,NHL,NHL,2026010033,2026-09-24T02:00:00Z,Los Angeles,Anaheim,NHL_WEB,FUT
NHLWEB-2026010040-20260918T005043Z,2026-09-17T17:50:43.969567-07:00,NHL,NHL,2026010040,2026-09-24T23:00:00Z,Boston,Philadelphia,NHL_WEB,FUT
NHLWEB-2026010041-20260918T005043Z,2026-09-17T17:50:43.969567-07:00,NHL,NHL,2026010041,2026-09-24T23:00:00Z,Buffalo,Detroit,NHL_WEB,FUT
NHLWEB-2026010043-20260918T005043Z,2026-09-17T17:50:43.969567-07:00,NHL,NHL,2026010043,2026-09-24T23:00:00Z,Florida,Tampa Bay,NHL_WEB,FUT
NHLWEB-2026010044-20260918T005043Z,2026-09-17T17:50:43.969567-07:00,NHL,NHL,2026010044,2026-09-24T23:00:00Z,Nashville,Carolina,NHL_WEB,FUT
NHLWEB-2026010045-20260918T005043Z,2026-09-17T17:50:43.969567-07:00,NHL,NHL,2026010045,2026-09-24T23:00:00Z,New Jersey,New York,NHL_WEB,FUT
NHLWEB-2026010046-20260918T005043Z,2026-09-17T17:50:43.969567-07:00,NHL,NHL,2026010046,2026-09-24T23:00:00Z,Pittsburgh,Columbus,NHL_WEB,FUT
NHLWEB-2026010042-20260918T005043Z,2026-09-17T17:50:43.969567-07:00,NHL,NHL,2026010042,2026-09-25T00:00:00Z,Chicago,St. Louis,NHL_WEB,FUT
NHLWEB-2026010037-20260918T005043Z,2026-09-17T17:50:43.969567-07:00,NHL,NHL,2026010037,2026-09-25T01:00:00Z,Edmonton,Vancouver,NHL_WEB,FUT
NHLWEB-2026010038-20260918T005043Z,2026-09-17T17:50:43.969567-07:00,NHL,NHL,2026010038,2026-09-25T01:40:00Z,Calgary,Seattle,NHL_WEB,FUT
NHLWEB-2026010039-20260918T005043Z,2026-09-17T17:50:43.969567-07:00,NHL,NHL,2026010039,2026-09-25T02:00:00Z,Anaheim,San Jose,NHL_WEB,FUT
NHLWEB-2026010047-20260918T005043Z,2026-09-17T17:50:43.969567-07:00,NHL,NHL,2026010047,2026-09-25T02:00:00Z,Utah,Vegas,NHL_WEB,FUT
NHLWEB-2026010049-20260918T005043Z,2026-09-17T17:50:43.969567-07:00,NHL,NHL,2026010049,2026-09-25T23:00:00Z,Boston,Washington,NHL_WEB,FUT
NHLWEB-2026010051-20260918T005043Z,2026-09-17T17:50:43.969567-07:00,NHL,NHL,2026010051,2026-09-25T23:30:00Z,New York,New York,NHL_WEB,FUT
NHLWEB-2026010050-20260918T005043Z,2026-09-17T17:50:43.969567-07:00,NHL,NHL,2026010050,2026-09-26T00:00:00Z,Dallas,Minnesota,NHL_WEB,FUT
NHLWEB-2026010048-20260918T005043Z,2026-09-17T17:50:43.969567-07:00,NHL,NHL,2026010048,2026-09-26T00:30:00Z,Winnipeg,Colorado,NHL_WEB,FUT
NHLWEB-2026010001-20260918T011044Z,2026-09-17T18:10:44.194731-07:00,NHL,NHL,2026010001,2026-09-19T23:00:00Z,Dallas,St. Louis,NHL_WEB,FUT
NHLWEB-2026010006-20260918T011044Z,2026-09-17T18:10:44.194731-07:00,NHL,NHL,2026010006,2026-09-19T23:00:00Z,Montréal,Toronto,NHL_WEB,FUT
NHLWEB-2026010007-20260918T011044Z,2026-09-17T18:10:44.194731-07:00,NHL,NHL,2026010007,2026-09-19T23:00:00Z,Toronto,Montréal,NHL_WEB,FUT
NHLWEB-2026010003-20260918T011044Z,2026-09-17T18:10:44.194731-07:00,NHL,NHL,2026010003,2026-09-20T00:00:00Z,Winnipeg,Edmonton,NHL_WEB,FUT
NHLWEB-2026010004-20260918T011044Z,2026-09-17T18:10:44.194731-07:00,NHL,NHL,2026010004,2026-09-20T00:00:00Z,Chicago,Minnesota,NHL_WEB,FUT
NHLWEB-2026010002-20260918T011044Z,2026-09-17T18:10:44.194731-07:00,NHL,NHL,2026010002,2026-09-20T01:00:00Z,Vegas,Los Angeles,NHL_WEB,FUT
NHLWEB-2026010005-20260918T011044Z,2026-09-17T18:10:44.194731-07:00,NHL,NHL,2026010005,2026-09-20T01:00:00Z,Vancouver,Seattle,NHL_WEB,FUT
NHLWEB-2026010008-20260918T011044Z,2026-09-17T18:10:44.194731-07:00,NHL,NHL,2026010008,2026-09-20T17:00:00Z,New York,New Jersey,NHL_WEB,FUT
NHLWEB-2026010009-20260918T011044Z,2026-09-17T18:10:44.194731-07:00,NHL,NHL,2026010009,2026-09-20T20:00:00Z,San Jose,Anaheim,NHL_WEB,FUT
NHLWEB-2026010011-20260918T011044Z,2026-09-17T18:10:44.194731-07:00,NHL,NHL,2026010011,2026-09-20T21:00:00Z,Nashville,Tampa Bay,NHL_WEB,FUT
NHLWEB-2026010013-20260918T011044Z,2026-09-17T18:10:44.194731-07:00,NHL,NHL,2026010013,2026-09-20T21:00:00Z,Washington,Boston,NHL_WEB,FUT
NHLWEB-2026010010-20260918T011044Z,2026-09-17T18:10:44.194731-07:00,NHL,NHL,2026010010,2026-09-20T23:00:00Z,Carolina,Florida,NHL_WEB,FUT
NHLWEB-2026010012-20260918T011044Z,2026-09-17T18:10:44.194731-07:00,NHL,NHL,2026010012,2026-09-20T23:00:00Z,Utah,Colorado,NHL_WEB,FUT
NHLWEB-2026010014-20260918T011044Z,2026-09-17T18:10:44.194731-07:00,NHL,NHL,2026010014,2026-09-21T00:00:00Z,Seattle,Calgary,NHL_WEB,FUT
NHLWEB-2026010016-20260918T011044Z,2026-09-17T18:10:44.194731-07:00,NHL,NHL,2026010016,2026-09-21T23:00:00Z,Buffalo,Pittsburgh,NHL_WEB,FUT
NHLWEB-2026010017-20260918T011044Z,2026-09-17T18:10:44.194731-07:00,NHL,NHL,2026010017,2026-09-21T23:00:00Z,Detroit,Columbus,NHL_WEB,FUT
NHLWEB-2026010019-20260918T011044Z,2026-09-17T18:10:44.194731-07:00,NHL,NHL,2026010019,2026-09-21T23:00:00Z,New York,New Jersey,NHL_WEB,FUT
NHLWEB-2026010020-20260918T011044Z,2026-09-17T18:10:44.194731-07:00,NHL,NHL,2026010020,2026-09-21T23:00:00Z,Philadelphia,Washington,NHL_WEB,FUT
NHLWEB-2026010022-20260918T011044Z,2026-09-17T18:10:44.194731-07:00,NHL,NHL,2026010022,2026-09-21T23:00:00Z,Ottawa,Montréal,NHL_WEB,FUT
NHLWEB-2026010015-20260918T011044Z,2026-09-17T18:10:44.194731-07:00,NHL,NHL,2026010015,2026-09-22T00:00:00Z,Colorado,Winnipeg,NHL_WEB,FUT
NHLWEB-2026010018-20260918T011044Z,2026-09-17T18:10:44.194731-07:00,NHL,NHL,2026010018,2026-09-22T00:00:00Z,Minnesota,Chicago,NHL_WEB,FUT
NHLWEB-2026010021-20260918T011044Z,2026-09-17T18:10:44.194731-07:00,NHL,NHL,2026010021,2026-09-22T00:00:00Z,St. Louis,Dallas,NHL_WEB,FUT
NHLWEB-2026010024-20260918T011044Z,2026-09-17T18:10:44.194731-07:00,NHL,NHL,2026010024,2026-09-22T23:00:00Z,Columbus,Buffalo,NHL_WEB,FUT
NHLWEB-2026010025-20260918T011044Z,2026-09-17T18:10:44.194731-07:00,NHL,NHL,2026010025,2026-09-22T23:00:00Z,Detroit,Pittsburgh,NHL_WEB,FUT
NHLWEB-2026010026-20260918T011044Z,2026-09-17T18:10:44.194731-07:00,NHL,NHL,2026010026,2026-09-22T23:00:00Z,Florida,Carolina,NHL_WEB,FUT
NHLWEB-2026010027-20260918T011044Z,2026-09-17T18:10:44.194731-07:00,NHL,NHL,2026010027,2026-09-22T23:00:00Z,New York,New York,NHL_WEB,FUT
NHLWEB-2026010028-20260918T011044Z,2026-09-17T18:10:44.194731-07:00,NHL,NHL,2026010028,2026-09-22T23:00:00Z,Philadelphia,Boston,NHL_WEB,FUT
NHLWEB-2026010023-20260918T011044Z,2026-09-17T18:10:44.194731-07:00,NHL,NHL,2026010023,2026-09-23T00:00:00Z,Edmonton,Winnipeg,NHL_WEB,FUT
NHLWEB-2026010029-20260918T011044Z,2026-09-17T18:10:44.194731-07:00,NHL,NHL,2026010029,2026-09-23T00:00:00Z,Tampa Bay,Nashville,NHL_WEB,FUT
NHLWEB-2026010031-20260918T011044Z,2026-09-17T18:10:44.194731-07:00,NHL,NHL,2026010031,2026-09-23T01:00:00Z,Vancouver,Calgary,NHL_WEB,FUT
NHLWEB-2026010030-20260918T011044Z,2026-09-17T18:10:44.194731-07:00,NHL,NHL,2026010030,2026-09-23T02:00:00Z,Utah,Los Angeles,NHL_WEB,FUT
NHLWEB-2026010032-20260918T011044Z,2026-09-17T18:10:44.194731-07:00,NHL,NHL,2026010032,2026-09-23T02:00:00Z,Vegas,San Jose,NHL_WEB,FUT
NHLWEB-2026010035-20260918T011044Z,2026-09-17T18:10:44.194731-07:00,NHL,NHL,2026010035,2026-09-23T23:00:00Z,Ottawa,Toronto,NHL_WEB,FUT
NHLWEB-2026010036-20260918T011044Z,2026-09-17T18:10:44.194731-07:00,NHL,NHL,2026010036,2026-09-23T23:00:00Z,Toronto,Ottawa,NHL_WEB,FUT
NHLWEB-2026010034-20260918T011044Z,2026-09-17T18:10:44.194731-07:00,NHL,NHL,2026010034,2026-09-24T00:00:00Z,Minnesota,Dallas,NHL_WEB,FUT
NHLWEB-2026010033-20260918T011044Z,2026-09-17T18:10:44.194731-07:00,NHL,NHL,2026010033,2026-09-24T02:00:00Z,Los Angeles,Anaheim,NHL_WEB,FUT
NHLWEB-2026010040-20260918T011044Z,2026-09-17T18:10:44.194731-07:00,NHL,NHL,2026010040,2026-09-24T23:00:00Z,Boston,Philadelphia,NHL_WEB,FUT
NHLWEB-2026010041-20260918T011044Z,2026-09-17T18:10:44.194731-07:00,NHL,NHL,2026010041,2026-09-24T23:00:00Z,Buffalo,Detroit,NHL_WEB,FUT
NHLWEB-2026010043-20260918T011044Z,2026-09-17T18:10:44.194731-07:00,NHL,NHL,2026010043,2026-09-24T23:00:00Z,Florida,Tampa Bay,NHL_WEB,FUT
NHLWEB-2026010044-20260918T011044Z,2026-09-17T18:10:44.194731-07:00,NHL,NHL,2026010044,2026-09-24T23:00:00Z,Nashville,Carolina,NHL_WEB,FUT
NHLWEB-2026010045-20260918T011044Z,2026-09-17T18:10:44.194731-07:00,NHL,NHL,2026010045,2026-09-24T23:00:00Z,New Jersey,New York,NHL_WEB,FUT
NHLWEB-2026010046-20260918T011044Z,2026-09-17T18:10:44.194731-07:00,NHL,NHL,2026010046,2026-09-24T23:00:00Z,Pittsburgh,Columbus,NHL_WEB,FUT
NHLWEB-2026010042-20260918T011044Z,2026-09-17T18:10:44.194731-07:00,NHL,NHL,2026010042,2026-09-25T00:00:00Z,Chicago,St. Louis,NHL_WEB,FUT
NHLWEB-2026010037-20260918T011044Z,2026-09-17T18:10:44.194731-07:00,NHL,NHL,2026010037,2026-09-25T01:00:00Z,Edmonton,Vancouver,NHL_WEB,FUT
NHLWEB-2026010038-20260918T011044Z,2026-09-17T18:10:44.194731-07:00,NHL,NHL,2026010038,2026-09-25T01:40:00Z,Calgary,Seattle,NHL_WEB,FUT
NHLWEB-2026010039-20260918T011044Z,2026-09-17T18:10:44.194731-07:00,NHL,NHL,2026010039,2026-09-25T02:00:00Z,Anaheim,San Jose,NHL_WEB,FUT
NHLWEB-2026010047-20260918T011044Z,2026-09-17T18:10:44.194731-07:00,NHL,NHL,2026010047,2026-09-25T02:00:00Z,Utah,Vegas,NHL_WEB,FUT
NHLWEB-2026010049-20260918T011044Z,2026-09-17T18:10:44.194731-07:00,NHL,NHL,2026010049,2026-09-25T23:00:00Z,Boston,Washington,NHL_WEB,FUT
NHLWEB-2026010051-20260918T011044Z,2026-09-17T18:10:44.194731-07:00,NHL,NHL,2026010051,2026-09-25T23:30:00Z,New York,New York,NHL_WEB,FUT
NHLWEB-2026010050-20260918T011044Z,2026-09-17T18:10:44.194731-07:00,NHL,NHL,2026010050,2026-09-26T00:00:00Z,Dallas,Minnesota,NHL_WEB,FUT
NHLWEB-2026010048-20260918T011044Z,2026-09-17T18:10:44.194731-07:00,NHL,NHL,2026010048,2026-09-26T00:30:00Z,Winnipeg,Colorado,NHL_WEB,FUT
NHLWEB-2026010001-20260918T011349Z,2026-09-17T18:13:49.235599-07:00,NHL,NHL,2026010001,2026-09-19T23:00:00Z,Dallas,St. Louis,NHL_WEB,FUT
NHLWEB-2026010006-20260918T011349Z,2026-09-17T18:13:49.235599-07:00,NHL,NHL,2026010006,2026-09-19T23:00:00Z,Montréal,Toronto,NHL_WEB,FUT
NHLWEB-2026010007-20260918T011349Z,2026-09-17T18:13:49.235599-07:00,NHL,NHL,2026010007,2026-09-19T23:00:00Z,Toronto,Montréal,NHL_WEB,FUT
NHLWEB-2026010003-20260918T011349Z,2026-09-17T18:13:49.235599-07:00,NHL,NHL,2026010003,2026-09-20T00:00:00Z,Winnipeg,Edmonton,NHL_WEB,FUT
NHLWEB-2026010004-20260918T011349Z,2026-09-17T18:13:49.235599-07:00,NHL,NHL,2026010004,2026-09-20T00:00:00Z,Chicago,Minnesota,NHL_WEB,FUT
NHLWEB-2026010002-20260918T011349Z,2026-09-17T18:13:49.235599-07:00,NHL,NHL,2026010002,2026-09-20T01:00:00Z,Vegas,Los Angeles,NHL_WEB,FUT
NHLWEB-2026010005-20260918T011349Z,2026-09-17T18:13:49.235599-07:00,NHL,NHL,2026010005,2026-09-20T01:00:00Z,Vancouver,Seattle,NHL_WEB,FUT
NHLWEB-2026010008-20260918T011349Z,2026-09-17T18:13:49.235599-07:00,NHL,NHL,2026010008,2026-09-20T17:00:00Z,New York,New Jersey,NHL_WEB,FUT
NHLWEB-2026010009-20260918T011349Z,2026-09-17T18:13:49.235599-07:00,NHL,NHL,2026010009,2026-09-20T20:00:00Z,San Jose,Anaheim,NHL_WEB,FUT
NHLWEB-2026010011-20260918T011349Z,2026-09-17T18:13:49.235599-07:00,NHL,NHL,2026010011,2026-09-20T21:00:00Z,Nashville,Tampa Bay,NHL_WEB,FUT
NHLWEB-2026010013-20260918T011349Z,2026-09-17T18:13:49.235599-07:00,NHL,NHL,2026010013,2026-09-20T21:00:00Z,Washington,Boston,NHL_WEB,FUT
NHLWEB-2026010010-20260918T011349Z,2026-09-17T18:13:49.235599-07:00,NHL,NHL,2026010010,2026-09-20T23:00:00Z,Carolina,Florida,NHL_WEB,FUT
NHLWEB-2026010012-20260918T011349Z,2026-09-17T18:13:49.235599-07:00,NHL,NHL,2026010012,2026-09-20T23:00:00Z,Utah,Colorado,NHL_WEB,FUT
NHLWEB-2026010014-20260918T011349Z,2026-09-17T18:13:49.235599-07:00,NHL,NHL,2026010014,2026-09-21T00:00:00Z,Seattle,Calgary,NHL_WEB,FUT
NHLWEB-2026010016-20260918T011349Z,2026-09-17T18:13:49.235599-07:00,NHL,NHL,2026010016,2026-09-21T23:00:00Z,Buffalo,Pittsburgh,NHL_WEB,FUT
NHLWEB-2026010017-20260918T011349Z,2026-09-17T18:13:49.235599-07:00,NHL,NHL,2026010017,2026-09-21T23:00:00Z,Detroit,Columbus,NHL_WEB,FUT
NHLWEB-2026010019-20260918T011349Z,2026-09-17T18:13:49.235599-07:00,NHL,NHL,2026010019,2026-09-21T23:00:00Z,New York,New Jersey,NHL_WEB,FUT
NHLWEB-2026010020-20260918T011349Z,2026-09-17T18:13:49.235599-07:00,NHL,NHL,2026010020,2026-09-21T23:00:00Z,Philadelphia,Washington,NHL_WEB,FUT
NHLWEB-2026010022-20260918T011349Z,2026-09-17T18:13:49.235599-07:00,NHL,NHL,2026010022,2026-09-21T23:00:00Z,Ottawa,Montréal,NHL_WEB,FUT
NHLWEB-2026010015-20260918T011349Z,2026-09-17T18:13:49.235599-07:00,NHL,NHL,2026010015,2026-09-22T00:00:00Z,Colorado,Winnipeg,NHL_WEB,FUT
NHLWEB-2026010018-20260918T011349Z,2026-09-17T18:13:49.235599-07:00,NHL,NHL,2026010018,2026-09-22T00:00:00Z,Minnesota,Chicago,NHL_WEB,FUT
NHLWEB-2026010021-20260918T011349Z,2026-09-17T18:13:49.235599-07:00,NHL,NHL,2026010021,2026-09-22T00:00:00Z,St. Louis,Dallas,NHL_WEB,FUT
NHLWEB-2026010024-20260918T011349Z,2026-09-17T18:13:49.235599-07:00,NHL,NHL,2026010024,2026-09-22T23:00:00Z,Columbus,Buffalo,NHL_WEB,FUT
NHLWEB-2026010025-20260918T011349Z,2026-09-17T18:13:49.235599-07:00,NHL,NHL,2026010025,2026-09-22T23:00:00Z,Detroit,Pittsburgh,NHL_WEB,FUT
NHLWEB-2026010026-20260918T011349Z,2026-09-17T18:13:49.235599-07:00,NHL,NHL,2026010026,2026-09-22T23:00:00Z,Florida,Carolina,NHL_WEB,FUT
NHLWEB-2026010027-20260918T011349Z,2026-09-17T18:13:49.235599-07:00,NHL,NHL,2026010027,2026-09-22T23:00:00Z,New York,New York,NHL_WEB,FUT
NHLWEB-2026010028-20260918T011349Z,2026-09-17T18:13:49.235599-07:00,NHL,NHL,2026010028,2026-09-22T23:00:00Z,Philadelphia,Boston,NHL_WEB,FUT
NHLWEB-2026010023-20260918T011349Z,2026-09-17T18:13:49.235599-07:00,NHL,NHL,2026010023,2026-09-23T00:00:00Z,Edmonton,Winnipeg,NHL_WEB,FUT
NHLWEB-2026010029-20260918T011349Z,2026-09-17T18:13:49.235599-07:00,NHL,NHL,2026010029,2026-09-23T00:00:00Z,Tampa Bay,Nashville,NHL_WEB,FUT
NHLWEB-2026010031-20260918T011349Z,2026-09-17T18:13:49.235599-07:00,NHL,NHL,2026010031,2026-09-23T01:00:00Z,Vancouver,Calgary,NHL_WEB,FUT
NHLWEB-2026010030-20260918T011349Z,2026-09-17T18:13:49.235599-07:00,NHL,NHL,2026010030,2026-09-23T02:00:00Z,Utah,Los Angeles,NHL_WEB,FUT
NHLWEB-2026010032-20260918T011349Z,2026-09-17T18:13:49.235599-07:00,NHL,NHL,2026010032,2026-09-23T02:00:00Z,Vegas,San Jose,NHL_WEB,FUT
NHLWEB-2026010035-20260918T011349Z,2026-09-17T18:13:49.235599-07:00,NHL,NHL,2026010035,2026-09-23T23:00:00Z,Ottawa,Toronto,NHL_WEB,FUT
NHLWEB-2026010036-20260918T011349Z,2026-09-17T18:13:49.235599-07:00,NHL,NHL,2026010036,2026-09-23T23:00:00Z,Toronto,Ottawa,NHL_WEB,FUT
NHLWEB-2026010034-20260918T011349Z,2026-09-17T18:13:49.235599-07:00,NHL,NHL,2026010034,2026-09-24T00:00:00Z,Minnesota,Dallas,NHL_WEB,FUT
NHLWEB-2026010033-20260918T011349Z,2026-09-17T18:13:49.235599-07:00,NHL,NHL,2026010033,2026-09-24T02:00:00Z,Los Angeles,Anaheim,NHL_WEB,FUT
NHLWEB-2026010040-20260918T011349Z,2026-09-17T18:13:49.235599-07:00,NHL,NHL,2026010040,2026-09-24T23:00:00Z,Boston,Philadelphia,NHL_WEB,FUT
NHLWEB-2026010041-20260918T011349Z,2026-09-17T18:13:49.235599-07:00,NHL,NHL,2026010041,2026-09-24T23:00:00Z,Buffalo,Detroit,NHL_WEB,FUT
NHLWEB-2026010043-20260918T011349Z,2026-09-17T18:13:49.235599-07:00,NHL,NHL,2026010043,2026-09-24T23:00:00Z,Florida,Tampa Bay,NHL_WEB,FUT
NHLWEB-2026010044-20260918T011349Z,2026-09-17T18:13:49.235599-07:00,NHL,NHL,2026010044,2026-09-24T23:00:00Z,Nashville,Carolina,NHL_WEB,FUT
NHLWEB-2026010045-20260918T011349Z,2026-09-17T18:13:49.235599-07:00,NHL,NHL,2026010045,2026-09-24T23:00:00Z,New Jersey,New York,NHL_WEB,FUT
NHLWEB-2026010046-20260918T011349Z,2026-09-17T18:13:49.235599-07:00,NHL,NHL,2026010046,2026-09-24T23:00:00Z,Pittsburgh,Columbus,NHL_WEB,FUT
NHLWEB-2026010042-20260918T011349Z,2026-09-17T18:13:49.235599-07:00,NHL,NHL,2026010042,2026-09-25T00:00:00Z,Chicago,St. Louis,NHL_WEB,FUT
NHLWEB-2026010037-20260918T011349Z,2026-09-17T18:13:49.235599-07:00,NHL,NHL,2026010037,2026-09-25T01:00:00Z,Edmonton,Vancouver,NHL_WEB,FUT
NHLWEB-2026010038-20260918T011349Z,2026-09-17T18:13:49.235599-07:00,NHL,NHL,2026010038,2026-09-25T01:40:00Z,Calgary,Seattle,NHL_WEB,FUT
NHLWEB-2026010039-20260918T011349Z,2026-09-17T18:13:49.235599-07:00,NHL,NHL,2026010039,2026-09-25T02:00:00Z,Anaheim,San Jose,NHL_WEB,FUT
NHLWEB-2026010047-20260918T011349Z,2026-09-17T18:13:49.235599-07:00,NHL,NHL,2026010047,2026-09-25T02:00:00Z,Utah,Vegas,NHL_WEB,FUT
NHLWEB-2026010049-20260918T011349Z,2026-09-17T18:13:49.235599-07:00,NHL,NHL,2026010049,2026-09-25T23:00:00Z,Boston,Washington,NHL_WEB,FUT
NHLWEB-2026010051-20260918T011349Z,2026-09-17T18:13:49.235599-07:00,NHL,NHL,2026010051,2026-09-25T23:30:00Z,New York,New York,NHL_WEB,FUT
NHLWEB-2026010050-20260918T011349Z,2026-09-17T18:13:49.235599-07:00,NHL,NHL,2026010050,2026-09-26T00:00:00Z,Dallas,Minnesota,NHL_WEB,FUT
NHLWEB-2026010048-20260918T011349Z,2026-09-17T18:13:49.235599-07:00,NHL,NHL,2026010048,2026-09-26T00:30:00Z,Winnipeg,Colorado,NHL_WEB,FUT
NHLWEB-2026010001-20260918T013124Z,2026-09-17T18:31:24.763114-07:00,NHL,NHL,2026010001,2026-09-19T23:00:00Z,Dallas,St. Louis,NHL_WEB,FUT
NHLWEB-2026010006-20260918T013124Z,2026-09-17T18:31:24.763114-07:00,NHL,NHL,2026010006,2026-09-19T23:00:00Z,Montréal,Toronto,NHL_WEB,FUT
NHLWEB-2026010007-20260918T013124Z,2026-09-17T18:31:24.763114-07:00,NHL,NHL,2026010007,2026-09-19T23:00:00Z,Toronto,Montréal,NHL_WEB,FUT
NHLWEB-2026010003-20260918T013124Z,2026-09-17T18:31:24.763114-07:00,NHL,NHL,2026010003,2026-09-20T00:00:00Z,Winnipeg,Edmonton,NHL_WEB,FUT
NHLWEB-2026010004-20260918T013124Z,2026-09-17T18:31:24.763114-07:00,NHL,NHL,2026010004,2026-09-20T00:00:00Z,Chicago,Minnesota,NHL_WEB,FUT
NHLWEB-2026010002-20260918T013124Z,2026-09-17T18:31:24.763114-07:00,NHL,NHL,2026010002,2026-09-20T01:00:00Z,Vegas,Los Angeles,NHL_WEB,FUT
NHLWEB-2026010005-20260918T013124Z,2026-09-17T18:31:24.763114-07:00,NHL,NHL,2026010005,2026-09-20T01:00:00Z,Vancouver,Seattle,NHL_WEB,FUT
NHLWEB-2026010008-20260918T013124Z,2026-09-17T18:31:24.763114-07:00,NHL,NHL,2026010008,2026-09-20T17:00:00Z,New York,New Jersey,NHL_WEB,FUT
NHLWEB-2026010009-20260918T013124Z,2026-09-17T18:31:24.763114-07:00,NHL,NHL,2026010009,2026-09-20T20:00:00Z,San Jose,Anaheim,NHL_WEB,FUT
NHLWEB-2026010011-20260918T013124Z,2026-09-17T18:31:24.763114-07:00,NHL,NHL,2026010011,2026-09-20T21:00:00Z,Nashville,Tampa Bay,NHL_WEB,FUT
NHLWEB-2026010013-20260918T013124Z,2026-09-17T18:31:24.763114-07:00,NHL,NHL,2026010013,2026-09-20T21:00:00Z,Washington,Boston,NHL_WEB,FUT
NHLWEB-2026010010-20260918T013124Z,2026-09-17T18:31:24.763114-07:00,NHL,NHL,2026010010,2026-09-20T23:00:00Z,Carolina,Florida,NHL_WEB,FUT
NHLWEB-2026010012-20260918T013124Z,2026-09-17T18:31:24.763114-07:00,NHL,NHL,2026010012,2026-09-20T23:00:00Z,Utah,Colorado,NHL_WEB,FUT
NHLWEB-2026010014-20260918T013124Z,2026-09-17T18:31:24.763114-07:00,NHL,NHL,2026010014,2026-09-21T00:00:00Z,Seattle,Calgary,NHL_WEB,FUT
NHLWEB-2026010016-20260918T013124Z,2026-09-17T18:31:24.763114-07:00,NHL,NHL,2026010016,2026-09-21T23:00:00Z,Buffalo,Pittsburgh,NHL_WEB,FUT
NHLWEB-2026010017-20260918T013124Z,2026-09-17T18:31:24.763114-07:00,NHL,NHL,2026010017,2026-09-21T23:00:00Z,Detroit,Columbus,NHL_WEB,FUT
NHLWEB-2026010019-20260918T013124Z,2026-09-17T18:31:24.763114-07:00,NHL,NHL,2026010019,2026-09-21T23:00:00Z,New York,New Jersey,NHL_WEB,FUT
NHLWEB-2026010020-20260918T013124Z,2026-09-17T18:31:24.763114-07:00,NHL,NHL,2026010020,2026-09-21T23:00:00Z,Philadelphia,Washington,NHL_WEB,FUT
NHLWEB-2026010022-20260918T013124Z,2026-09-17T18:31:24.763114-07:00,NHL,NHL,2026010022,2026-09-21T23:00:00Z,Ottawa,Montréal,NHL_WEB,FUT
NHLWEB-2026010015-20260918T013124Z,2026-09-17T18:31:24.763114-07:00,NHL,NHL,2026010015,2026-09-22T00:00:00Z,Colorado,Winnipeg,NHL_WEB,FUT
NHLWEB-2026010018-20260918T013124Z,2026-09-17T18:31:24.763114-07:00,NHL,NHL,2026010018,2026-09-22T00:00:00Z,Minnesota,Chicago,NHL_WEB,FUT
NHLWEB-2026010021-20260918T013124Z,2026-09-17T18:31:24.763114-07:00,NHL,NHL,2026010021,2026-09-22T00:00:00Z,St. Louis,Dallas,NHL_WEB,FUT
NHLWEB-2026010024-20260918T013124Z,2026-09-17T18:31:24.763114-07:00,NHL,NHL,2026010024,2026-09-22T23:00:00Z,Columbus,Buffalo,NHL_WEB,FUT
NHLWEB-2026010025-20260918T013124Z,2026-09-17T18:31:24.763114-07:00,NHL,NHL,2026010025,2026-09-22T23:00:00Z,Detroit,Pittsburgh,NHL_WEB,FUT
NHLWEB-2026010026-20260918T013124Z,2026-09-17T18:31:24.763114-07:00,NHL,NHL,2026010026,2026-09-22T23:00:00Z,Florida,Carolina,NHL_WEB,FUT
NHLWEB-2026010027-20260918T013124Z,2026-09-17T18:31:24.763114-07:00,NHL,NHL,2026010027,2026-09-22T23:00:00Z,New York,New York,NHL_WEB,FUT
NHLWEB-2026010028-20260918T013124Z,2026-09-17T18:31:24.763114-07:00,NHL,NHL,2026010028,2026-09-22T23:00:00Z,Philadelphia,Boston,NHL_WEB,FUT
NHLWEB-2026010023-20260918T013124Z,2026-09-17T18:31:24.763114-07:00,NHL,NHL,2026010023,2026-09-23T00:00:00Z,Edmonton,Winnipeg,NHL_WEB,FUT
NHLWEB-2026010029-20260918T013124Z,2026-09-17T18:31:24.763114-07:00,NHL,NHL,2026010029,2026-09-23T00:00:00Z,Tampa Bay,Nashville,NHL_WEB,FUT
NHLWEB-2026010031-20260918T013124Z,2026-09-17T18:31:24.763114-07:00,NHL,NHL,2026010031,2026-09-23T01:00:00Z,Vancouver,Calgary,NHL_WEB,FUT
NHLWEB-2026010030-20260918T013124Z,2026-09-17T18:31:24.763114-07:00,NHL,NHL,2026010030,2026-09-23T02:00:00Z,Utah,Los Angeles,NHL_WEB,FUT
NHLWEB-2026010032-20260918T013124Z,2026-09-17T18:31:24.763114-07:00,NHL,NHL,2026010032,2026-09-23T02:00:00Z,Vegas,San Jose,NHL_WEB,FUT
NHLWEB-2026010035-20260918T013124Z,2026-09-17T18:31:24.763114-07:00,NHL,NHL,2026010035,2026-09-23T23:00:00Z,Ottawa,Toronto,NHL_WEB,FUT
NHLWEB-2026010036-20260918T013124Z,2026-09-17T18:31:24.763114-07:00,NHL,NHL,2026010036,2026-09-23T23:00:00Z,Toronto,Ottawa,NHL_WEB,FUT
NHLWEB-2026010034-20260918T013124Z,2026-09-17T18:31:24.763114-07:00,NHL,NHL,2026010034,2026-09-24T00:00:00Z,Minnesota,Dallas,NHL_WEB,FUT
NHLWEB-2026010033-20260918T013124Z,2026-09-17T18:31:24.763114-07:00,NHL,NHL,2026010033,2026-09-24T02:00:00Z,Los Angeles,Anaheim,NHL_WEB,FUT
NHLWEB-2026010040-20260918T013124Z,2026-09-17T18:31:24.763114-07:00,NHL,NHL,2026010040,2026-09-24T23:00:00Z,Boston,Philadelphia,NHL_WEB,FUT
NHLWEB-2026010041-20260918T013124Z,2026-09-17T18:31:24.763114-07:00,NHL,NHL,2026010041,2026-09-24T23:00:00Z,Buffalo,Detroit,NHL_WEB,FUT
NHLWEB-2026010043-20260918T013124Z,2026-09-17T18:31:24.763114-07:00,NHL,NHL,2026010043,2026-09-24T23:00:00Z,Florida,Tampa Bay,NHL_WEB,FUT
NHLWEB-2026010044-20260918T013124Z,2026-09-17T18:31:24.763114-07:00,NHL,NHL,2026010044,2026-09-24T23:00:00Z,Nashville,Carolina,NHL_WEB,FUT
NHLWEB-2026010045-20260918T013124Z,2026-09-17T18:31:24.763114-07:00,NHL,NHL,2026010045,2026-09-24T23:00:00Z,New Jersey,New York,NHL_WEB,FUT
NHLWEB-2026010046-20260918T013124Z,2026-09-17T18:31:24.763114-07:00,NHL,NHL,2026010046,2026-09-24T23:00:00Z,Pittsburgh,Columbus,NHL_WEB,FUT
NHLWEB-2026010042-20260918T013124Z,2026-09-17T18:31:24.763114-07:00,NHL,NHL,2026010042,2026-09-25T00:00:00Z,Chicago,St. Louis,NHL_WEB,FUT
NHLWEB-2026010037-20260918T013124Z,2026-09-17T18:31:24.763114-07:00,NHL,NHL,2026010037,2026-09-25T01:00:00Z,Edmonton,Vancouver,NHL_WEB,FUT
NHLWEB-2026010038-20260918T013124Z,2026-09-17T18:31:24.763114-07:00,NHL,NHL,2026010038,2026-09-25T01:40:00Z,Calgary,Seattle,NHL_WEB,FUT
NHLWEB-2026010039-20260918T013124Z,2026-09-17T18:31:24.763114-07:00,NHL,NHL,2026010039,2026-09-25T02:00:00Z,Anaheim,San Jose,NHL_WEB,FUT
NHLWEB-2026010047-20260918T013124Z,2026-09-17T18:31:24.763114-07:00,NHL,NHL,2026010047,2026-09-25T02:00:00Z,Utah,Vegas,NHL_WEB,FUT
NHLWEB-2026010049-20260918T013124Z,2026-09-17T18:31:24.763114-07:00,NHL,NHL,2026010049,2026-09-25T23:00:00Z,Boston,Washington,NHL_WEB,FUT
NHLWEB-2026010051-20260918T013124Z,2026-09-17T18:31:24.763114-07:00,NHL,NHL,2026010051,2026-09-25T23:30:00Z,New York,New York,NHL_WEB,FUT
NHLWEB-2026010050-20260918T013124Z,2026-09-17T18:31:24.763114-07:00,NHL,NHL,2026010050,2026-09-26T00:00:00Z,Dallas,Minnesota,NHL_WEB,FUT
NHLWEB-2026010048-20260918T013124Z,2026-09-17T18:31:24.763114-07:00,NHL,NHL,2026010048,2026-09-26T00:30:00Z,Winnipeg,Colorado,NHL_WEB,FUT
NHLWEB-2026010001-20260918T014356Z,2026-09-17T18:43:56.256463-07:00,NHL,NHL,2026010001,2026-09-19T23:00:00Z,Dallas,St. Louis,NHL_WEB,FUT
NHLWEB-2026010006-20260918T014356Z,2026-09-17T18:43:56.256463-07:00,NHL,NHL,2026010006,2026-09-19T23:00:00Z,Montréal,Toronto,NHL_WEB,FUT
NHLWEB-2026010007-20260918T014356Z,2026-09-17T18:43:56.256463-07:00,NHL,NHL,2026010007,2026-09-19T23:00:00Z,Toronto,Montréal,NHL_WEB,FUT
NHLWEB-2026010003-20260918T014356Z,2026-09-17T18:43:56.256463-07:00,NHL,NHL,2026010003,2026-09-20T00:00:00Z,Winnipeg,Edmonton,NHL_WEB,FUT
NHLWEB-2026010004-20260918T014356Z,2026-09-17T18:43:56.256463-07:00,NHL,NHL,2026010004,2026-09-20T00:00:00Z,Chicago,Minnesota,NHL_WEB,FUT
NHLWEB-2026010002-20260918T014356Z,2026-09-17T18:43:56.256463-07:00,NHL,NHL,2026010002,2026-09-20T01:00:00Z,Vegas,Los Angeles,NHL_WEB,FUT
NHLWEB-2026010005-20260918T014356Z,2026-09-17T18:43:56.256463-07:00,NHL,NHL,2026010005,2026-09-20T01:00:00Z,Vancouver,Seattle,NHL_WEB,FUT
NHLWEB-2026010008-20260918T014356Z,2026-09-17T18:43:56.256463-07:00,NHL,NHL,2026010008,2026-09-20T17:00:00Z,New York,New Jersey,NHL_WEB,FUT
NHLWEB-2026010009-20260918T014356Z,2026-09-17T18:43:56.256463-07:00,NHL,NHL,2026010009,2026-09-20T20:00:00Z,San Jose,Anaheim,NHL_WEB,FUT
NHLWEB-2026010011-20260918T014356Z,2026-09-17T18:43:56.256463-07:00,NHL,NHL,2026010011,2026-09-20T21:00:00Z,Nashville,Tampa Bay,NHL_WEB,FUT
NHLWEB-2026010013-20260918T014356Z,2026-09-17T18:43:56.256463-07:00,NHL,NHL,2026010013,2026-09-20T21:00:00Z,Washington,Boston,NHL_WEB,FUT
NHLWEB-2026010010-20260918T014356Z,2026-09-17T18:43:56.256463-07:00,NHL,NHL,2026010010,2026-09-20T23:00:00Z,Carolina,Florida,NHL_WEB,FUT
NHLWEB-2026010012-20260918T014356Z,2026-09-17T18:43:56.256463-07:00,NHL,NHL,2026010012,2026-09-20T23:00:00Z,Utah,Colorado,NHL_WEB,FUT
NHLWEB-2026010014-20260918T014356Z,2026-09-17T18:43:56.256463-07:00,NHL,NHL,2026010014,2026-09-21T00:00:00Z,Seattle,Calgary,NHL_WEB,FUT
NHLWEB-2026010016-20260918T014356Z,2026-09-17T18:43:56.256463-07:00,NHL,NHL,2026010016,2026-09-21T23:00:00Z,Buffalo,Pittsburgh,NHL_WEB,FUT
NHLWEB-2026010017-20260918T014356Z,2026-09-17T18:43:56.256463-07:00,NHL,NHL,2026010017,2026-09-21T23:00:00Z,Detroit,Columbus,NHL_WEB,FUT
NHLWEB-2026010019-20260918T014356Z,2026-09-17T18:43:56.256463-07:00,NHL,NHL,2026010019,2026-09-21T23:00:00Z,New York,New Jersey,NHL_WEB,FUT
NHLWEB-2026010020-20260918T014356Z,2026-09-17T18:43:56.256463-07:00,NHL,NHL,2026010020,2026-09-21T23:00:00Z,Philadelphia,Washington,NHL_WEB,FUT
NHLWEB-2026010022-20260918T014356Z,2026-09-17T18:43:56.256463-07:00,NHL,NHL,2026010022,2026-09-21T23:00:00Z,Ottawa,Montréal,NHL_WEB,FUT
NHLWEB-2026010015-20260918T014356Z,2026-09-17T18:43:56.256463-07:00,NHL,NHL,2026010015,2026-09-22T00:00:00Z,Colorado,Winnipeg,NHL_WEB,FUT
NHLWEB-2026010018-20260918T014356Z,2026-09-17T18:43:56.256463-07:00,NHL,NHL,2026010018,2026-09-22T00:00:00Z,Minnesota,Chicago,NHL_WEB,FUT
NHLWEB-2026010021-20260918T014356Z,2026-09-17T18:43:56.256463-07:00,NHL,NHL,2026010021,2026-09-22T00:00:00Z,St. Louis,Dallas,NHL_WEB,FUT
NHLWEB-2026010024-20260918T014356Z,2026-09-17T18:43:56.256463-07:00,NHL,NHL,2026010024,2026-09-22T23:00:00Z,Columbus,Buffalo,NHL_WEB,FUT
NHLWEB-2026010025-20260918T014356Z,2026-09-17T18:43:56.256463-07:00,NHL,NHL,2026010025,2026-09-22T23:00:00Z,Detroit,Pittsburgh,NHL_WEB,FUT
NHLWEB-2026010026-20260918T014356Z,2026-09-17T18:43:56.256463-07:00,NHL,NHL,2026010026,2026-09-22T23:00:00Z,Florida,Carolina,NHL_WEB,FUT
NHLWEB-2026010027-20260918T014356Z,2026-09-17T18:43:56.256463-07:00,NHL,NHL,2026010027,2026-09-22T23:00:00Z,New York,New York,NHL_WEB,FUT
NHLWEB-2026010028-20260918T014356Z,2026-09-17T18:43:56.256463-07:00,NHL,NHL,2026010028,2026-09-22T23:00:00Z,Philadelphia,Boston,NHL_WEB,FUT
NHLWEB-2026010023-20260918T014356Z,2026-09-17T18:43:56.256463-07:00,NHL,NHL,2026010023,2026-09-23T00:00:00Z,Edmonton,Winnipeg,NHL_WEB,FUT
NHLWEB-2026010029-20260918T014356Z,2026-09-17T18:43:56.256463-07:00,NHL,NHL,2026010029,2026-09-23T00:00:00Z,Tampa Bay,Nashville,NHL_WEB,FUT
NHLWEB-2026010031-20260918T014356Z,2026-09-17T18:43:56.256463-07:00,NHL,NHL,2026010031,2026-09-23T01:00:00Z,Vancouver,Calgary,NHL_WEB,FUT
NHLWEB-2026010030-20260918T014356Z,2026-09-17T18:43:56.256463-07:00,NHL,NHL,2026010030,2026-09-23T02:00:00Z,Utah,Los Angeles,NHL_WEB,FUT
NHLWEB-2026010032-20260918T014356Z,2026-09-17T18:43:56.256463-07:00,NHL,NHL,2026010032,2026-09-23T02:00:00Z,Vegas,San Jose,NHL_WEB,FUT
NHLWEB-2026010035-20260918T014356Z,2026-09-17T18:43:56.256463-07:00,NHL,NHL,2026010035,2026-09-23T23:00:00Z,Ottawa,Toronto,NHL_WEB,FUT
NHLWEB-2026010036-20260918T014356Z,2026-09-17T18:43:56.256463-07:00,NHL,NHL,2026010036,2026-09-23T23:00:00Z,Toronto,Ottawa,NHL_WEB,FUT
NHLWEB-2026010034-20260918T014356Z,2026-09-17T18:43:56.256463-07:00,NHL,NHL,2026010034,2026-09-24T00:00:00Z,Minnesota,Dallas,NHL_WEB,FUT
NHLWEB-2026010033-20260918T014356Z,2026-09-17T18:43:56.256463-07:00,NHL,NHL,2026010033,2026-09-24T02:00:00Z,Los Angeles,Anaheim,NHL_WEB,FUT
NHLWEB-2026010040-20260918T014356Z,2026-09-17T18:43:56.256463-07:00,NHL,NHL,2026010040,2026-09-24T23:00:00Z,Boston,Philadelphia,NHL_WEB,FUT
NHLWEB-2026010041-20260918T014356Z,2026-09-17T18:43:56.256463-07:00,NHL,NHL,2026010041,2026-09-24T23:00:00Z,Buffalo,Detroit,NHL_WEB,FUT
NHLWEB-2026010043-20260918T014356Z,2026-09-17T18:43:56.256463-07:00,NHL,NHL,2026010043,2026-09-24T23:00:00Z,Florida,Tampa Bay,NHL_WEB,FUT
NHLWEB-2026010044-20260918T014356Z,2026-09-17T18:43:56.256463-07:00,NHL,NHL,2026010044,2026-09-24T23:00:00Z,Nashville,Carolina,NHL_WEB,FUT
NHLWEB-2026010045-20260918T014356Z,2026-09-17T18:43:56.256463-07:00,NHL,NHL,2026010045,2026-09-24T23:00:00Z,New Jersey,New York,NHL_WEB,FUT
NHLWEB-2026010046-20260918T014356Z,2026-09-17T18:43:56.256463-07:00,NHL,NHL,2026010046,2026-09-24T23:00:00Z,Pittsburgh,Columbus,NHL_WEB,FUT
NHLWEB-2026010042-20260918T014356Z,2026-09-17T18:43:56.256463-07:00,NHL,NHL,2026010042,2026-09-25T00:00:00Z,Chicago,St. Louis,NHL_WEB,FUT
NHLWEB-2026010037-20260918T014356Z,2026-09-17T18:43:56.256463-07:00,NHL,NHL,2026010037,2026-09-25T01:00:00Z,Edmonton,Vancouver,NHL_WEB,FUT
NHLWEB-2026010038-20260918T014356Z,2026-09-17T18:43:56.256463-07:00,NHL,NHL,2026010038,2026-09-25T01:40:00Z,Calgary,Seattle,NHL_WEB,FUT
NHLWEB-2026010039-20260918T014356Z,2026-09-17T18:43:56.256463-07:00,NHL,NHL,2026010039,2026-09-25T02:00:00Z,Anaheim,San Jose,NHL_WEB,FUT
NHLWEB-2026010047-20260918T014356Z,2026-09-17T18:43:56.256463-07:00,NHL,NHL,2026010047,2026-09-25T02:00:00Z,Utah,Vegas,NHL_WEB,FUT
NHLWEB-2026010049-20260918T014356Z,2026-09-17T18:43:56.256463-07:00,NHL,NHL,2026010049,2026-09-25T23:00:00Z,Boston,Washington,NHL_WEB,FUT
NHLWEB-2026010051-20260918T014356Z,2026-09-17T18:43:56.256463-07:00,NHL,NHL,2026010051,2026-09-25T23:30:00Z,New York,New York,NHL_WEB,FUT
NHLWEB-2026010050-20260918T014356Z,2026-09-17T18:43:56.256463-07:00,NHL,NHL,2026010050,2026-09-26T00:00:00Z,Dallas,Minnesota,NHL_WEB,FUT
NHLWEB-2026010048-20260918T014356Z,2026-09-17T18:43:56.256463-07:00,NHL,NHL,2026010048,2026-09-26T00:30:00Z,Winnipeg,Colorado,NHL_WEB,FUT
NHLWEB-2026010001-20260918T021717Z,2026-09-17T19:17:17.258065-07:00,NHL,NHL,2026010001,2026-09-19T23:00:00Z,Dallas,St. Louis,NHL_WEB,FUT
NHLWEB-2026010006-20260918T021717Z,2026-09-17T19:17:17.258065-07:00,NHL,NHL,2026010006,2026-09-19T23:00:00Z,Montréal,Toronto,NHL_WEB,FUT
NHLWEB-2026010007-20260918T021717Z,2026-09-17T19:17:17.258065-07:00,NHL,NHL,2026010007,2026-09-19T23:00:00Z,Toronto,Montréal,NHL_WEB,FUT
NHLWEB-2026010003-20260918T021717Z,2026-09-17T19:17:17.258065-07:00,NHL,NHL,2026010003,2026-09-20T00:00:00Z,Winnipeg,Edmonton,NHL_WEB,FUT
NHLWEB-2026010004-20260918T021717Z,2026-09-17T19:17:17.258065-07:00,NHL,NHL,2026010004,2026-09-20T00:00:00Z,Chicago,Minnesota,NHL_WEB,FUT
NHLWEB-2026010002-20260918T021717Z,2026-09-17T19:17:17.258065-07:00,NHL,NHL,2026010002,2026-09-20T01:00:00Z,Vegas,Los Angeles,NHL_WEB,FUT
NHLWEB-2026010005-20260918T021717Z,2026-09-17T19:17:17.258065-07:00,NHL,NHL,2026010005,2026-09-20T01:00:00Z,Vancouver,Seattle,NHL_WEB,FUT
NHLWEB-2026010008-20260918T021717Z,2026-09-17T19:17:17.258065-07:00,NHL,NHL,2026010008,2026-09-20T17:00:00Z,New York,New Jersey,NHL_WEB,FUT
NHLWEB-2026010009-20260918T021717Z,2026-09-17T19:17:17.258065-07:00,NHL,NHL,2026010009,2026-09-20T20:00:00Z,San Jose,Anaheim,NHL_WEB,FUT
NHLWEB-2026010011-20260918T021717Z,2026-09-17T19:17:17.258065-07:00,NHL,NHL,2026010011,2026-09-20T21:00:00Z,Nashville,Tampa Bay,NHL_WEB,FUT
NHLWEB-2026010013-20260918T021717Z,2026-09-17T19:17:17.258065-07:00,NHL,NHL,2026010013,2026-09-20T21:00:00Z,Washington,Boston,NHL_WEB,FUT
NHLWEB-2026010010-20260918T021717Z,2026-09-17T19:17:17.258065-07:00,NHL,NHL,2026010010,2026-09-20T23:00:00Z,Carolina,Florida,NHL_WEB,FUT
NHLWEB-2026010012-20260918T021717Z,2026-09-17T19:17:17.258065-07:00,NHL,NHL,2026010012,2026-09-20T23:00:00Z,Utah,Colorado,NHL_WEB,FUT
NHLWEB-2026010014-20260918T021717Z,2026-09-17T19:17:17.258065-07:00,NHL,NHL,2026010014,2026-09-21T00:00:00Z,Seattle,Calgary,NHL_WEB,FUT
NHLWEB-2026010016-20260918T021717Z,2026-09-17T19:17:17.258065-07:00,NHL,NHL,2026010016,2026-09-21T23:00:00Z,Buffalo,Pittsburgh,NHL_WEB,FUT
NHLWEB-2026010017-20260918T021717Z,2026-09-17T19:17:17.258065-07:00,NHL,NHL,2026010017,2026-09-21T23:00:00Z,Detroit,Columbus,NHL_WEB,FUT
NHLWEB-2026010019-20260918T021717Z,2026-09-17T19:17:17.258065-07:00,NHL,NHL,2026010019,2026-09-21T23:00:00Z,New York,New Jersey,NHL_WEB,FUT
NHLWEB-2026010020-20260918T021717Z,2026-09-17T19:17:17.258065-07:00,NHL,NHL,2026010020,2026-09-21T23:00:00Z,Philadelphia,Washington,NHL_WEB,FUT
NHLWEB-2026010022-20260918T021717Z,2026-09-17T19:17:17.258065-07:00,NHL,NHL,2026010022,2026-09-21T23:00:00Z,Ottawa,Montréal,NHL_WEB,FUT
NHLWEB-2026010015-20260918T021717Z,2026-09-17T19:17:17.258065-07:00,NHL,NHL,2026010015,2026-09-22T00:00:00Z,Colorado,Winnipeg,NHL_WEB,FUT
NHLWEB-2026010018-20260918T021717Z,2026-09-17T19:17:17.258065-07:00,NHL,NHL,2026010018,2026-09-22T00:00:00Z,Minnesota,Chicago,NHL_WEB,FUT
NHLWEB-2026010021-20260918T021717Z,2026-09-17T19:17:17.258065-07:00,NHL,NHL,2026010021,2026-09-22T00:00:00Z,St. Louis,Dallas,NHL_WEB,FUT
NHLWEB-2026010024-20260918T021717Z,2026-09-17T19:17:17.258065-07:00,NHL,NHL,2026010024,2026-09-22T23:00:00Z,Columbus,Buffalo,NHL_WEB,FUT
NHLWEB-2026010025-20260918T021717Z,2026-09-17T19:17:17.258065-07:00,NHL,NHL,2026010025,2026-09-22T23:00:00Z,Detroit,Pittsburgh,NHL_WEB,FUT
NHLWEB-2026010026-20260918T021717Z,2026-09-17T19:17:17.258065-07:00,NHL,NHL,2026010026,2026-09-22T23:00:00Z,Florida,Carolina,NHL_WEB,FUT
NHLWEB-2026010027-20260918T021717Z,2026-09-17T19:17:17.258065-07:00,NHL,NHL,2026010027,2026-09-22T23:00:00Z,New York,New York,NHL_WEB,FUT
NHLWEB-2026010028-20260918T021717Z,2026-09-17T19:17:17.258065-07:00,NHL,NHL,2026010028,2026-09-22T23:00:00Z,Philadelphia,Boston,NHL_WEB,FUT
NHLWEB-2026010023-20260918T021717Z,2026-09-17T19:17:17.258065-07:00,NHL,NHL,2026010023,2026-09-23T00:00:00Z,Edmonton,Winnipeg,NHL_WEB,FUT
NHLWEB-2026010029-20260918T021717Z,2026-09-17T19:17:17.258065-07:00,NHL,NHL,2026010029,2026-09-23T00:00:00Z,Tampa Bay,Nashville,NHL_WEB,FUT
NHLWEB-2026010031-20260918T021717Z,2026-09-17T19:17:17.258065-07:00,NHL,NHL,2026010031,2026-09-23T01:00:00Z,Vancouver,Calgary,NHL_WEB,FUT
NHLWEB-2026010030-20260918T021717Z,2026-09-17T19:17:17.258065-07:00,NHL,NHL,2026010030,2026-09-23T02:00:00Z,Utah,Los Angeles,NHL_WEB,FUT
NHLWEB-2026010032-20260918T021717Z,2026-09-17T19:17:17.258065-07:00,NHL,NHL,2026010032,2026-09-23T02:00:00Z,Vegas,San Jose,NHL_WEB,FUT
NHLWEB-2026010035-20260918T021717Z,2026-09-17T19:17:17.258065-07:00,NHL,NHL,2026010035,2026-09-23T23:00:00Z,Ottawa,Toronto,NHL_WEB,FUT
NHLWEB-2026010036-20260918T021717Z,2026-09-17T19:17:17.258065-07:00,NHL,NHL,2026010036,2026-09-23T23:00:00Z,Toronto,Ottawa,NHL_WEB,FUT
NHLWEB-2026010034-20260918T021717Z,2026-09-17T19:17:17.258065-07:00,NHL,NHL,2026010034,2026-09-24T00:00:00Z,Minnesota,Dallas,NHL_WEB,FUT
NHLWEB-2026010033-20260918T021717Z,2026-09-17T19:17:17.258065-07:00,NHL,NHL,2026010033,2026-09-24T02:00:00Z,Los Angeles,Anaheim,NHL_WEB,FUT
NHLWEB-2026010040-20260918T021717Z,2026-09-17T19:17:17.258065-07:00,NHL,NHL,2026010040,2026-09-24T23:00:00Z,Boston,Philadelphia,NHL_WEB,FUT
NHLWEB-2026010041-20260918T021717Z,2026-09-17T19:17:17.258065-07:00,NHL,NHL,2026010041,2026-09-24T23:00:00Z,Buffalo,Detroit,NHL_WEB,FUT
NHLWEB-2026010043-20260918T021717Z,2026-09-17T19:17:17.258065-07:00,NHL,NHL,2026010043,2026-09-24T23:00:00Z,Florida,Tampa Bay,NHL_WEB,FUT
NHLWEB-2026010044-20260918T021717Z,2026-09-17T19:17:17.258065-07:00,NHL,NHL,2026010044,2026-09-24T23:00:00Z,Nashville,Carolina,NHL_WEB,FUT
NHLWEB-2026010045-20260918T021717Z,2026-09-17T19:17:17.258065-07:00,NHL,NHL,2026010045,2026-09-24T23:00:00Z,New Jersey,New York,NHL_WEB,FUT
NHLWEB-2026010046-20260918T021717Z,2026-09-17T19:17:17.258065-07:00,NHL,NHL,2026010046,2026-09-24T23:00:00Z,Pittsburgh,Columbus,NHL_WEB,FUT
NHLWEB-2026010042-20260918T021717Z,2026-09-17T19:17:17.258065-07:00,NHL,NHL,2026010042,2026-09-25T00:00:00Z,Chicago,St. Louis,NHL_WEB,FUT
NHLWEB-2026010037-20260918T021717Z,2026-09-17T19:17:17.258065-07:00,NHL,NHL,2026010037,2026-09-25T01:00:00Z,Edmonton,Vancouver,NHL_WEB,FUT
NHLWEB-2026010038-20260918T021717Z,2026-09-17T19:17:17.258065-07:00,NHL,NHL,2026010038,2026-09-25T01:40:00Z,Calgary,Seattle,NHL_WEB,FUT
NHLWEB-2026010039-20260918T021717Z,2026-09-17T19:17:17.258065-07:00,NHL,NHL,2026010039,2026-09-25T02:00:00Z,Anaheim,San Jose,NHL_WEB,FUT
NHLWEB-2026010047-20260918T021717Z,2026-09-17T19:17:17.258065-07:00,NHL,NHL,2026010047,2026-09-25T02:00:00Z,Utah,Vegas,NHL_WEB,FUT
NHLWEB-2026010049-20260918T021717Z,2026-09-17T19:17:17.258065-07:00,NHL,NHL,2026010049,2026-09-25T23:00:00Z,Boston,Washington,NHL_WEB,FUT
NHLWEB-2026010051-20260918T021717Z,2026-09-17T19:17:17.258065-07:00,NHL,NHL,2026010051,2026-09-25T23:30:00Z,New York,New York,NHL_WEB,FUT
NHLWEB-2026010050-20260918T021717Z,2026-09-17T19:17:17.258065-07:00,NHL,NHL,2026010050,2026-09-26T00:00:00Z,Dallas,Minnesota,NHL_WEB,FUT
NHLWEB-2026010048-20260918T021717Z,2026-09-17T19:17:17.258065-07:00,NHL,NHL,2026010048,2026-09-26T00:30:00Z,Winnipeg,Colorado,NHL_WEB,FUT
NHLWEB-2026010001-20260918T040214Z,2026-09-17T21:02:14.136081-07:00,NHL,NHL,2026010001,2026-09-19T23:00:00Z,Dallas,St. Louis,NHL_WEB,FUT
NHLWEB-2026010006-20260918T040214Z,2026-09-17T21:02:14.136081-07:00,NHL,NHL,2026010006,2026-09-19T23:00:00Z,Montréal,Toronto,NHL_WEB,FUT
NHLWEB-2026010007-20260918T040214Z,2026-09-17T21:02:14.136081-07:00,NHL,NHL,2026010007,2026-09-19T23:00:00Z,Toronto,Montréal,NHL_WEB,FUT
NHLWEB-2026010003-20260918T040214Z,2026-09-17T21:02:14.136081-07:00,NHL,NHL,2026010003,2026-09-20T00:00:00Z,Winnipeg,Edmonton,NHL_WEB,FUT
NHLWEB-2026010004-20260918T040214Z,2026-09-17T21:02:14.136081-07:00,NHL,NHL,2026010004,2026-09-20T00:00:00Z,Chicago,Minnesota,NHL_WEB,FUT
NHLWEB-2026010002-20260918T040214Z,2026-09-17T21:02:14.136081-07:00,NHL,NHL,2026010002,2026-09-20T01:00:00Z,Vegas,Los Angeles,NHL_WEB,FUT
NHLWEB-2026010005-20260918T040214Z,2026-09-17T21:02:14.136081-07:00,NHL,NHL,2026010005,2026-09-20T01:00:00Z,Vancouver,Seattle,NHL_WEB,FUT
NHLWEB-2026010008-20260918T040214Z,2026-09-17T21:02:14.136081-07:00,NHL,NHL,2026010008,2026-09-20T17:00:00Z,New York,New Jersey,NHL_WEB,FUT
NHLWEB-2026010009-20260918T040214Z,2026-09-17T21:02:14.136081-07:00,NHL,NHL,2026010009,2026-09-20T20:00:00Z,San Jose,Anaheim,NHL_WEB,FUT
NHLWEB-2026010011-20260918T040214Z,2026-09-17T21:02:14.136081-07:00,NHL,NHL,2026010011,2026-09-20T21:00:00Z,Nashville,Tampa Bay,NHL_WEB,FUT
NHLWEB-2026010013-20260918T040214Z,2026-09-17T21:02:14.136081-07:00,NHL,NHL,2026010013,2026-09-20T21:00:00Z,Washington,Boston,NHL_WEB,FUT
NHLWEB-2026010010-20260918T040214Z,2026-09-17T21:02:14.136081-07:00,NHL,NHL,2026010010,2026-09-20T23:00:00Z,Carolina,Florida,NHL_WEB,FUT
NHLWEB-2026010012-20260918T040214Z,2026-09-17T21:02:14.136081-07:00,NHL,NHL,2026010012,2026-09-20T23:00:00Z,Utah,Colorado,NHL_WEB,FUT
NHLWEB-2026010014-20260918T040214Z,2026-09-17T21:02:14.136081-07:00,NHL,NHL,2026010014,2026-09-21T00:00:00Z,Seattle,Calgary,NHL_WEB,FUT
NHLWEB-2026010016-20260918T040214Z,2026-09-17T21:02:14.136081-07:00,NHL,NHL,2026010016,2026-09-21T23:00:00Z,Buffalo,Pittsburgh,NHL_WEB,FUT
NHLWEB-2026010017-20260918T040214Z,2026-09-17T21:02:14.136081-07:00,NHL,NHL,2026010017,2026-09-21T23:00:00Z,Detroit,Columbus,NHL_WEB,FUT
NHLWEB-2026010019-20260918T040214Z,2026-09-17T21:02:14.136081-07:00,NHL,NHL,2026010019,2026-09-21T23:00:00Z,New York,New Jersey,NHL_WEB,FUT
NHLWEB-2026010020-20260918T040214Z,2026-09-17T21:02:14.136081-07:00,NHL,NHL,2026010020,2026-09-21T23:00:00Z,Philadelphia,Washington,NHL_WEB,FUT
NHLWEB-2026010022-20260918T040214Z,2026-09-17T21:02:14.136081-07:00,NHL,NHL,2026010022,2026-09-21T23:00:00Z,Ottawa,Montréal,NHL_WEB,FUT
NHLWEB-2026010015-20260918T040214Z,2026-09-17T21:02:14.136081-07:00,NHL,NHL,2026010015,2026-09-22T00:00:00Z,Colorado,Winnipeg,NHL_WEB,FUT
NHLWEB-2026010018-20260918T040214Z,2026-09-17T21:02:14.136081-07:00,NHL,NHL,2026010018,2026-09-22T00:00:00Z,Minnesota,Chicago,NHL_WEB,FUT
NHLWEB-2026010021-20260918T040214Z,2026-09-17T21:02:14.136081-07:00,NHL,NHL,2026010021,2026-09-22T00:00:00Z,St. Louis,Dallas,NHL_WEB,FUT
NHLWEB-2026010024-20260918T040214Z,2026-09-17T21:02:14.136081-07:00,NHL,NHL,2026010024,2026-09-22T23:00:00Z,Columbus,Buffalo,NHL_WEB,FUT
NHLWEB-2026010025-20260918T040214Z,2026-09-17T21:02:14.136081-07:00,NHL,NHL,2026010025,2026-09-22T23:00:00Z,Detroit,Pittsburgh,NHL_WEB,FUT
NHLWEB-2026010026-20260918T040214Z,2026-09-17T21:02:14.136081-07:00,NHL,NHL,2026010026,2026-09-22T23:00:00Z,Florida,Carolina,NHL_WEB,FUT
NHLWEB-2026010027-20260918T040214Z,2026-09-17T21:02:14.136081-07:00,NHL,NHL,2026010027,2026-09-22T23:00:00Z,New York,New York,NHL_WEB,FUT
NHLWEB-2026010028-20260918T040214Z,2026-09-17T21:02:14.136081-07:00,NHL,NHL,2026010028,2026-09-22T23:00:00Z,Philadelphia,Boston,NHL_WEB,FUT
NHLWEB-2026010023-20260918T040214Z,2026-09-17T21:02:14.136081-07:00,NHL,NHL,2026010023,2026-09-23T00:00:00Z,Edmonton,Winnipeg,NHL_WEB,FUT
NHLWEB-2026010029-20260918T040214Z,2026-09-17T21:02:14.136081-07:00,NHL,NHL,2026010029,2026-09-23T00:00:00Z,Tampa Bay,Nashville,NHL_WEB,FUT
NHLWEB-2026010031-20260918T040214Z,2026-09-17T21:02:14.136081-07:00,NHL,NHL,2026010031,2026-09-23T01:00:00Z,Vancouver,Calgary,NHL_WEB,FUT
NHLWEB-2026010030-20260918T040214Z,2026-09-17T21:02:14.136081-07:00,NHL,NHL,2026010030,2026-09-23T02:00:00Z,Utah,Los Angeles,NHL_WEB,FUT
NHLWEB-2026010032-20260918T040214Z,2026-09-17T21:02:14.136081-07:00,NHL,NHL,2026010032,2026-09-23T02:00:00Z,Vegas,San Jose,NHL_WEB,FUT
NHLWEB-2026010035-20260918T040214Z,2026-09-17T21:02:14.136081-07:00,NHL,NHL,2026010035,2026-09-23T23:00:00Z,Ottawa,Toronto,NHL_WEB,FUT
NHLWEB-2026010036-20260918T040214Z,2026-09-17T21:02:14.136081-07:00,NHL,NHL,2026010036,2026-09-23T23:00:00Z,Toronto,Ottawa,NHL_WEB,FUT
NHLWEB-2026010034-20260918T040214Z,2026-09-17T21:02:14.136081-07:00,NHL,NHL,2026010034,2026-09-24T00:00:00Z,Minnesota,Dallas,NHL_WEB,FUT
NHLWEB-2026010033-20260918T040214Z,2026-09-17T21:02:14.136081-07:00,NHL,NHL,2026010033,2026-09-24T02:00:00Z,Los Angeles,Anaheim,NHL_WEB,FUT
NHLWEB-2026010040-20260918T040214Z,2026-09-17T21:02:14.136081-07:00,NHL,NHL,2026010040,2026-09-24T23:00:00Z,Boston,Philadelphia,NHL_WEB,FUT
NHLWEB-2026010041-20260918T040214Z,2026-09-17T21:02:14.136081-07:00,NHL,NHL,2026010041,2026-09-24T23:00:00Z,Buffalo,Detroit,NHL_WEB,FUT
NHLWEB-2026010043-20260918T040214Z,2026-09-17T21:02:14.136081-07:00,NHL,NHL,2026010043,2026-09-24T23:00:00Z,Florida,Tampa Bay,NHL_WEB,FUT
NHLWEB-2026010044-20260918T040214Z,2026-09-17T21:02:14.136081-07:00,NHL,NHL,2026010044,2026-09-24T23:00:00Z,Nashville,Carolina,NHL_WEB,FUT
NHLWEB-2026010045-20260918T040214Z,2026-09-17T21:02:14.136081-07:00,NHL,NHL,2026010045,2026-09-24T23:00:00Z,New Jersey,New York,NHL_WEB,FUT
NHLWEB-2026010046-20260918T040214Z,2026-09-17T21:02:14.136081-07:00,NHL,NHL,2026010046,2026-09-24T23:00:00Z,Pittsburgh,Columbus,NHL_WEB,FUT
NHLWEB-2026010042-20260918T040214Z,2026-09-17T21:02:14.136081-07:00,NHL,NHL,2026010042,2026-09-25T00:00:00Z,Chicago,St. Louis,NHL_WEB,FUT
NHLWEB-2026010037-20260918T040214Z,2026-09-17T21:02:14.136081-07:00,NHL,NHL,2026010037,2026-09-25T01:00:00Z,Edmonton,Vancouver,NHL_WEB,FUT
NHLWEB-2026010038-20260918T040214Z,2026-09-17T21:02:14.136081-07:00,NHL,NHL,2026010038,2026-09-25T01:40:00Z,Calgary,Seattle,NHL_WEB,FUT
NHLWEB-2026010039-20260918T040214Z,2026-09-17T21:02:14.136081-07:00,NHL,NHL,2026010039,2026-09-25T02:00:00Z,Anaheim,San Jose,NHL_WEB,FUT
NHLWEB-2026010047-20260918T040214Z,2026-09-17T21:02:14.136081-07:00,NHL,NHL,2026010047,2026-09-25T02:00:00Z,Utah,Vegas,NHL_WEB,FUT
NHLWEB-2026010049-20260918T040214Z,2026-09-17T21:02:14.136081-07:00,NHL,NHL,2026010049,2026-09-25T23:00:00Z,Boston,Washington,NHL_WEB,FUT
NHLWEB-2026010051-20260918T040214Z,2026-09-17T21:02:14.136081-07:00,NHL,NHL,2026010051,2026-09-25T23:30:00Z,New York,New York,NHL_WEB,FUT
NHLWEB-2026010050-20260918T040214Z,2026-09-17T21:02:14.136081-07:00,NHL,NHL,2026010050,2026-09-26T00:00:00Z,Dallas,Minnesota,NHL_WEB,FUT
NHLWEB-2026010048-20260918T040214Z,2026-09-17T21:02:14.136081-07:00,NHL,NHL,2026010048,2026-09-26T00:30:00Z,Winnipeg,Colorado,NHL_WEB,FUT
NHLWEB-2026010001-20260918T053059Z,2026-09-17T22:30:59.622569-07:00,NHL,NHL,2026010001,2026-09-19T23:00:00Z,Dallas,St. Louis,NHL_WEB,FUT
NHLWEB-2026010006-20260918T053059Z,2026-09-17T22:30:59.622569-07:00,NHL,NHL,2026010006,2026-09-19T23:00:00Z,Montréal,Toronto,NHL_WEB,FUT
NHLWEB-2026010007-20260918T053059Z,2026-09-17T22:30:59.622569-07:00,NHL,NHL,2026010007,2026-09-19T23:00:00Z,Toronto,Montréal,NHL_WEB,FUT
NHLWEB-2026010003-20260918T053059Z,2026-09-17T22:30:59.622569-07:00,NHL,NHL,2026010003,2026-09-20T00:00:00Z,Winnipeg,Edmonton,NHL_WEB,FUT
NHLWEB-2026010004-20260918T053059Z,2026-09-17T22:30:59.622569-07:00,NHL,NHL,2026010004,2026-09-20T00:00:00Z,Chicago,Minnesota,NHL_WEB,FUT
NHLWEB-2026010002-20260918T053059Z,2026-09-17T22:30:59.622569-07:00,NHL,NHL,2026010002,2026-09-20T01:00:00Z,Vegas,Los Angeles,NHL_WEB,FUT
NHLWEB-2026010005-20260918T053059Z,2026-09-17T22:30:59.622569-07:00,NHL,NHL,2026010005,2026-09-20T01:00:00Z,Vancouver,Seattle,NHL_WEB,FUT
NHLWEB-2026010008-20260918T053059Z,2026-09-17T22:30:59.622569-07:00,NHL,NHL,2026010008,2026-09-20T17:00:00Z,New York,New Jersey,NHL_WEB,FUT
NHLWEB-2026010009-20260918T053059Z,2026-09-17T22:30:59.622569-07:00,NHL,NHL,2026010009,2026-09-20T20:00:00Z,San Jose,Anaheim,NHL_WEB,FUT
NHLWEB-2026010011-20260918T053059Z,2026-09-17T22:30:59.622569-07:00,NHL,NHL,2026010011,2026-09-20T21:00:00Z,Nashville,Tampa Bay,NHL_WEB,FUT
NHLWEB-2026010013-20260918T053059Z,2026-09-17T22:30:59.622569-07:00,NHL,NHL,2026010013,2026-09-20T21:00:00Z,Washington,Boston,NHL_WEB,FUT
NHLWEB-2026010010-20260918T053059Z,2026-09-17T22:30:59.622569-07:00,NHL,NHL,2026010010,2026-09-20T23:00:00Z,Carolina,Florida,NHL_WEB,FUT
NHLWEB-2026010012-20260918T053059Z,2026-09-17T22:30:59.622569-07:00,NHL,NHL,2026010012,2026-09-20T23:00:00Z,Utah,Colorado,NHL_WEB,FUT
NHLWEB-2026010014-20260918T053059Z,2026-09-17T22:30:59.622569-07:00,NHL,NHL,2026010014,2026-09-21T00:00:00Z,Seattle,Calgary,NHL_WEB,FUT
NHLWEB-2026010016-20260918T053059Z,2026-09-17T22:30:59.622569-07:00,NHL,NHL,2026010016,2026-09-21T23:00:00Z,Buffalo,Pittsburgh,NHL_WEB,FUT
NHLWEB-2026010017-20260918T053059Z,2026-09-17T22:30:59.622569-07:00,NHL,NHL,2026010017,2026-09-21T23:00:00Z,Detroit,Columbus,NHL_WEB,FUT
NHLWEB-2026010019-20260918T053059Z,2026-09-17T22:30:59.622569-07:00,NHL,NHL,2026010019,2026-09-21T23:00:00Z,New York,New Jersey,NHL_WEB,FUT
NHLWEB-2026010020-20260918T053059Z,2026-09-17T22:30:59.622569-07:00,NHL,NHL,2026010020,2026-09-21T23:00:00Z,Philadelphia,Washington,NHL_WEB,FUT
NHLWEB-2026010022-20260918T053059Z,2026-09-17T22:30:59.622569-07:00,NHL,NHL,2026010022,2026-09-21T23:00:00Z,Ottawa,Montréal,NHL_WEB,FUT
NHLWEB-2026010015-20260918T053059Z,2026-09-17T22:30:59.622569-07:00,NHL,NHL,2026010015,2026-09-22T00:00:00Z,Colorado,Winnipeg,NHL_WEB,FUT
NHLWEB-2026010018-20260918T053059Z,2026-09-17T22:30:59.622569-07:00,NHL,NHL,2026010018,2026-09-22T00:00:00Z,Minnesota,Chicago,NHL_WEB,FUT
NHLWEB-2026010021-20260918T053059Z,2026-09-17T22:30:59.622569-07:00,NHL,NHL,2026010021,2026-09-22T00:00:00Z,St. Louis,Dallas,NHL_WEB,FUT
NHLWEB-2026010024-20260918T053059Z,2026-09-17T22:30:59.622569-07:00,NHL,NHL,2026010024,2026-09-22T23:00:00Z,Columbus,Buffalo,NHL_WEB,FUT
NHLWEB-2026010025-20260918T053059Z,2026-09-17T22:30:59.622569-07:00,NHL,NHL,2026010025,2026-09-22T23:00:00Z,Detroit,Pittsburgh,NHL_WEB,FUT
NHLWEB-2026010026-20260918T053059Z,2026-09-17T22:30:59.622569-07:00,NHL,NHL,2026010026,2026-09-22T23:00:00Z,Florida,Carolina,NHL_WEB,FUT
NHLWEB-2026010027-20260918T053059Z,2026-09-17T22:30:59.622569-07:00,NHL,NHL,2026010027,2026-09-22T23:00:00Z,New York,New York,NHL_WEB,FUT
NHLWEB-2026010028-20260918T053059Z,2026-09-17T22:30:59.622569-07:00,NHL,NHL,2026010028,2026-09-22T23:00:00Z,Philadelphia,Boston,NHL_WEB,FUT
NHLWEB-2026010023-20260918T053059Z,2026-09-17T22:30:59.622569-07:00,NHL,NHL,2026010023,2026-09-23T00:00:00Z,Edmonton,Winnipeg,NHL_WEB,FUT
NHLWEB-2026010029-20260918T053059Z,2026-09-17T22:30:59.622569-07:00,NHL,NHL,2026010029,2026-09-23T00:00:00Z,Tampa Bay,Nashville,NHL_WEB,FUT
NHLWEB-2026010031-20260918T053059Z,2026-09-17T22:30:59.622569-07:00,NHL,NHL,2026010031,2026-09-23T01:00:00Z,Vancouver,Calgary,NHL_WEB,FUT
NHLWEB-2026010030-20260918T053059Z,2026-09-17T22:30:59.622569-07:00,NHL,NHL,2026010030,2026-09-23T02:00:00Z,Utah,Los Angeles,NHL_WEB,FUT
NHLWEB-2026010032-20260918T053059Z,2026-09-17T22:30:59.622569-07:00,NHL,NHL,2026010032,2026-09-23T02:00:00Z,Vegas,San Jose,NHL_WEB,FUT
NHLWEB-2026010035-20260918T053059Z,2026-09-17T22:30:59.622569-07:00,NHL,NHL,2026010035,2026-09-23T23:00:00Z,Ottawa,Toronto,NHL_WEB,FUT
NHLWEB-2026010036-20260918T053059Z,2026-09-17T22:30:59.622569-07:00,NHL,NHL,2026010036,2026-09-23T23:00:00Z,Toronto,Ottawa,NHL_WEB,FUT
NHLWEB-2026010034-20260918T053059Z,2026-09-17T22:30:59.622569-07:00,NHL,NHL,2026010034,2026-09-24T00:00:00Z,Minnesota,Dallas,NHL_WEB,FUT
NHLWEB-2026010033-20260918T053059Z,2026-09-17T22:30:59.622569-07:00,NHL,NHL,2026010033,2026-09-24T02:00:00Z,Los Angeles,Anaheim,NHL_WEB,FUT
NHLWEB-2026010040-20260918T053059Z,2026-09-17T22:30:59.622569-07:00,NHL,NHL,2026010040,2026-09-24T23:00:00Z,Boston,Philadelphia,NHL_WEB,FUT
NHLWEB-2026010041-20260918T053059Z,2026-09-17T22:30:59.622569-07:00,NHL,NHL,2026010041,2026-09-24T23:00:00Z,Buffalo,Detroit,NHL_WEB,FUT
NHLWEB-2026010043-20260918T053059Z,2026-09-17T22:30:59.622569-07:00,NHL,NHL,2026010043,2026-09-24T23:00:00Z,Florida,Tampa Bay,NHL_WEB,FUT
NHLWEB-2026010044-20260918T053059Z,2026-09-17T22:30:59.622569-07:00,NHL,NHL,2026010044,2026-09-24T23:00:00Z,Nashville,Carolina,NHL_WEB,FUT
NHLWEB-2026010045-20260918T053059Z,2026-09-17T22:30:59.622569-07:00,NHL,NHL,2026010045,2026-09-24T23:00:00Z,New Jersey,New York,NHL_WEB,FUT
NHLWEB-2026010046-20260918T053059Z,2026-09-17T22:30:59.622569-07:00,NHL,NHL,2026010046,2026-09-24T23:00:00Z,Pittsburgh,Columbus,NHL_WEB,FUT
NHLWEB-2026010042-20260918T053059Z,2026-09-17T22:30:59.622569-07:00,NHL,NHL,2026010042,2026-09-25T00:00:00Z,Chicago,St. Louis,NHL_WEB,FUT
NHLWEB-2026010037-20260918T053059Z,2026-09-17T22:30:59.622569-07:00,NHL,NHL,2026010037,2026-09-25T01:00:00Z,Edmonton,Vancouver,NHL_WEB,FUT
NHLWEB-2026010038-20260918T053059Z,2026-09-17T22:30:59.622569-07:00,NHL,NHL,2026010038,2026-09-25T01:40:00Z,Calgary,Seattle,NHL_WEB,FUT
NHLWEB-2026010039-20260918T053059Z,2026-09-17T22:30:59.622569-07:00,NHL,NHL,2026010039,2026-09-25T02:00:00Z,Anaheim,San Jose,NHL_WEB,FUT
NHLWEB-2026010047-20260918T053059Z,2026-09-17T22:30:59.622569-07:00,NHL,NHL,2026010047,2026-09-25T02:00:00Z,Utah,Vegas,NHL_WEB,FUT
NHLWEB-2026010049-20260918T053059Z,2026-09-17T22:30:59.622569-07:00,NHL,NHL,2026010049,2026-09-25T23:00:00Z,Boston,Washington,NHL_WEB,FUT
NHLWEB-2026010051-20260918T053059Z,2026-09-17T22:30:59.622569-07:00,NHL,NHL,2026010051,2026-09-25T23:30:00Z,New York,New York,NHL_WEB,FUT
NHLWEB-2026010050-20260918T053059Z,2026-09-17T22:30:59.622569-07:00,NHL,NHL,2026010050,2026-09-26T00:00:00Z,Dallas,Minnesota,NHL_WEB,FUT
NHLWEB-2026010048-20260918T053059Z,2026-09-17T22:30:59.622569-07:00,NHL,NHL,2026010048,2026-09-26T00:30:00Z,Winnipeg,Colorado,NHL_WEB,FUT
NHLWEB-2026010001-20260918T083629Z,2026-09-18T01:36:29.784149-07:00,NHL,NHL,2026010001,2026-09-19T23:00:00Z,Dallas,St. Louis,NHL_WEB,FUT
NHLWEB-2026010006-20260918T083629Z,2026-09-18T01:36:29.784149-07:00,NHL,NHL,2026010006,2026-09-19T23:00:00Z,Montréal,Toronto,NHL_WEB,FUT
NHLWEB-2026010007-20260918T083629Z,2026-09-18T01:36:29.784149-07:00,NHL,NHL,2026010007,2026-09-19T23:00:00Z,Toronto,Montréal,NHL_WEB,FUT
NHLWEB-2026010003-20260918T083629Z,2026-09-18T01:36:29.784149-07:00,NHL,NHL,2026010003,2026-09-20T00:00:00Z,Winnipeg,Edmonton,NHL_WEB,FUT
NHLWEB-2026010004-20260918T083629Z,2026-09-18T01:36:29.784149-07:00,NHL,NHL,2026010004,2026-09-20T00:00:00Z,Chicago,Minnesota,NHL_WEB,FUT
NHLWEB-2026010002-20260918T083629Z,2026-09-18T01:36:29.784149-07:00,NHL,NHL,2026010002,2026-09-20T01:00:00Z,Vegas,Los Angeles,NHL_WEB,FUT
NHLWEB-2026010005-20260918T083629Z,2026-09-18T01:36:29.784149-07:00,NHL,NHL,2026010005,2026-09-20T01:00:00Z,Vancouver,Seattle,NHL_WEB,FUT
NHLWEB-2026010008-20260918T083629Z,2026-09-18T01:36:29.784149-07:00,NHL,NHL,2026010008,2026-09-20T17:00:00Z,New York,New Jersey,NHL_WEB,FUT
NHLWEB-2026010009-20260918T083629Z,2026-09-18T01:36:29.784149-07:00,NHL,NHL,2026010009,2026-09-20T20:00:00Z,San Jose,Anaheim,NHL_WEB,FUT
NHLWEB-2026010011-20260918T083629Z,2026-09-18T01:36:29.784149-07:00,NHL,NHL,2026010011,2026-09-20T21:00:00Z,Nashville,Tampa Bay,NHL_WEB,FUT
NHLWEB-2026010013-20260918T083629Z,2026-09-18T01:36:29.784149-07:00,NHL,NHL,2026010013,2026-09-20T21:00:00Z,Washington,Boston,NHL_WEB,FUT
NHLWEB-2026010010-20260918T083629Z,2026-09-18T01:36:29.784149-07:00,NHL,NHL,2026010010,2026-09-20T23:00:00Z,Carolina,Florida,NHL_WEB,FUT
NHLWEB-2026010012-20260918T083629Z,2026-09-18T01:36:29.784149-07:00,NHL,NHL,2026010012,2026-09-20T23:00:00Z,Utah,Colorado,NHL_WEB,FUT
NHLWEB-2026010014-20260918T083629Z,2026-09-18T01:36:29.784149-07:00,NHL,NHL,2026010014,2026-09-21T00:00:00Z,Seattle,Calgary,NHL_WEB,FUT
NHLWEB-2026010016-20260918T083629Z,2026-09-18T01:36:29.784149-07:00,NHL,NHL,2026010016,2026-09-21T23:00:00Z,Buffalo,Pittsburgh,NHL_WEB,FUT
NHLWEB-2026010017-20260918T083629Z,2026-09-18T01:36:29.784149-07:00,NHL,NHL,2026010017,2026-09-21T23:00:00Z,Detroit,Columbus,NHL_WEB,FUT
NHLWEB-2026010019-20260918T083629Z,2026-09-18T01:36:29.784149-07:00,NHL,NHL,2026010019,2026-09-21T23:00:00Z,New York,New Jersey,NHL_WEB,FUT
NHLWEB-2026010020-20260918T083629Z,2026-09-18T01:36:29.784149-07:00,NHL,NHL,2026010020,2026-09-21T23:00:00Z,Philadelphia,Washington,NHL_WEB,FUT
NHLWEB-2026010022-20260918T083629Z,2026-09-18T01:36:29.784149-07:00,NHL,NHL,2026010022,2026-09-21T23:00:00Z,Ottawa,Montréal,NHL_WEB,FUT
NHLWEB-2026010015-20260918T083629Z,2026-09-18T01:36:29.784149-07:00,NHL,NHL,2026010015,2026-09-22T00:00:00Z,Colorado,Winnipeg,NHL_WEB,FUT
NHLWEB-2026010018-20260918T083629Z,2026-09-18T01:36:29.784149-07:00,NHL,NHL,2026010018,2026-09-22T00:00:00Z,Minnesota,Chicago,NHL_WEB,FUT
NHLWEB-2026010021-20260918T083629Z,2026-09-18T01:36:29.784149-07:00,NHL,NHL,2026010021,2026-09-22T00:00:00Z,St. Louis,Dallas,NHL_WEB,FUT
NHLWEB-2026010024-20260918T083629Z,2026-09-18T01:36:29.784149-07:00,NHL,NHL,2026010024,2026-09-22T23:00:00Z,Columbus,Buffalo,NHL_WEB,FUT
NHLWEB-2026010025-20260918T083629Z,2026-09-18T01:36:29.784149-07:00,NHL,NHL,2026010025,2026-09-22T23:00:00Z,Detroit,Pittsburgh,NHL_WEB,FUT
NHLWEB-2026010026-20260918T083629Z,2026-09-18T01:36:29.784149-07:00,NHL,NHL,2026010026,2026-09-22T23:00:00Z,Florida,Carolina,NHL_WEB,FUT
NHLWEB-2026010027-20260918T083629Z,2026-09-18T01:36:29.784149-07:00,NHL,NHL,2026010027,2026-09-22T23:00:00Z,New York,New York,NHL_WEB,FUT
NHLWEB-2026010028-20260918T083629Z,2026-09-18T01:36:29.784149-07:00,NHL,NHL,2026010028,2026-09-22T23:00:00Z,Philadelphia,Boston,NHL_WEB,FUT
NHLWEB-2026010023-20260918T083629Z,2026-09-18T01:36:29.784149-07:00,NHL,NHL,2026010023,2026-09-23T00:00:00Z,Edmonton,Winnipeg,NHL_WEB,FUT
NHLWEB-2026010029-20260918T083629Z,2026-09-18T01:36:29.784149-07:00,NHL,NHL,2026010029,2026-09-23T00:00:00Z,Tampa Bay,Nashville,NHL_WEB,FUT
NHLWEB-2026010031-20260918T083629Z,2026-09-18T01:36:29.784149-07:00,NHL,NHL,2026010031,2026-09-23T01:00:00Z,Vancouver,Calgary,NHL_WEB,FUT
NHLWEB-2026010030-20260918T083629Z,2026-09-18T01:36:29.784149-07:00,NHL,NHL,2026010030,2026-09-23T02:00:00Z,Utah,Los Angeles,NHL_WEB,FUT
NHLWEB-2026010032-20260918T083629Z,2026-09-18T01:36:29.784149-07:00,NHL,NHL,2026010032,2026-09-23T02:00:00Z,Vegas,San Jose,NHL_WEB,FUT
NHLWEB-2026010035-20260918T083629Z,2026-09-18T01:36:29.784149-07:00,NHL,NHL,2026010035,2026-09-23T23:00:00Z,Ottawa,Toronto,NHL_WEB,FUT
NHLWEB-2026010036-20260918T083629Z,2026-09-18T01:36:29.784149-07:00,NHL,NHL,2026010036,2026-09-23T23:00:00Z,Toronto,Ottawa,NHL_WEB,FUT
NHLWEB-2026010034-20260918T083629Z,2026-09-18T01:36:29.784149-07:00,NHL,NHL,2026010034,2026-09-24T00:00:00Z,Minnesota,Dallas,NHL_WEB,FUT
NHLWEB-2026010033-20260918T083629Z,2026-09-18T01:36:29.784149-07:00,NHL,NHL,2026010033,2026-09-24T02:00:00Z,Los Angeles,Anaheim,NHL_WEB,FUT
NHLWEB-2026010040-20260918T083629Z,2026-09-18T01:36:29.784149-07:00,NHL,NHL,2026010040,2026-09-24T23:00:00Z,Boston,Philadelphia,NHL_WEB,FUT
NHLWEB-2026010041-20260918T083629Z,2026-09-18T01:36:29.784149-07:00,NHL,NHL,2026010041,2026-09-24T23:00:00Z,Buffalo,Detroit,NHL_WEB,FUT
NHLWEB-2026010043-20260918T083629Z,2026-09-18T01:36:29.784149-07:00,NHL,NHL,2026010043,2026-09-24T23:00:00Z,Florida,Tampa Bay,NHL_WEB,FUT
NHLWEB-2026010044-20260918T083629Z,2026-09-18T01:36:29.784149-07:00,NHL,NHL,2026010044,2026-09-24T23:00:00Z,Nashville,Carolina,NHL_WEB,FUT
NHLWEB-2026010045-20260918T083629Z,2026-09-18T01:36:29.784149-07:00,NHL,NHL,2026010045,2026-09-24T23:00:00Z,New Jersey,New York,NHL_WEB,FUT
NHLWEB-2026010046-20260918T083629Z,2026-09-18T01:36:29.784149-07:00,NHL,NHL,2026010046,2026-09-24T23:00:00Z,Pittsburgh,Columbus,NHL_WEB,FUT
NHLWEB-2026010042-20260918T083629Z,2026-09-18T01:36:29.784149-07:00,NHL,NHL,2026010042,2026-09-25T00:00:00Z,Chicago,St. Louis,NHL_WEB,FUT
NHLWEB-2026010037-20260918T083629Z,2026-09-18T01:36:29.784149-07:00,NHL,NHL,2026010037,2026-09-25T01:00:00Z,Edmonton,Vancouver,NHL_WEB,FUT
NHLWEB-2026010038-20260918T083629Z,2026-09-18T01:36:29.784149-07:00,NHL,NHL,2026010038,2026-09-25T01:40:00Z,Calgary,Seattle,NHL_WEB,FUT
NHLWEB-2026010039-20260918T083629Z,2026-09-18T01:36:29.784149-07:00,NHL,NHL,2026010039,2026-09-25T02:00:00Z,Anaheim,San Jose,NHL_WEB,FUT
NHLWEB-2026010047-20260918T083629Z,2026-09-18T01:36:29.784149-07:00,NHL,NHL,2026010047,2026-09-25T02:00:00Z,Utah,Vegas,NHL_WEB,FUT
NHLWEB-2026010049-20260918T083629Z,2026-09-18T01:36:29.784149-07:00,NHL,NHL,2026010049,2026-09-25T23:00:00Z,Boston,Washington,NHL_WEB,FUT
NHLWEB-2026010051-20260918T083629Z,2026-09-18T01:36:29.784149-07:00,NHL,NHL,2026010051,2026-09-25T23:30:00Z,New York,New York,NHL_WEB,FUT
NHLWEB-2026010050-20260918T083629Z,2026-09-18T01:36:29.784149-07:00,NHL,NHL,2026010050,2026-09-26T00:00:00Z,Dallas,Minnesota,NHL_WEB,FUT
NHLWEB-2026010048-20260918T083629Z,2026-09-18T01:36:29.784149-07:00,NHL,NHL,2026010048,2026-09-26T00:30:00Z,Winnipeg,Colorado,NHL_WEB,FUT
NHLWEB-2026010001-20260918T090840Z,2026-09-18T02:08:40.777513-07:00,NHL,NHL,2026010001,2026-09-19T23:00:00Z,Dallas,St. Louis,NHL_WEB,FUT
NHLWEB-2026010006-20260918T090840Z,2026-09-18T02:08:40.777513-07:00,NHL,NHL,2026010006,2026-09-19T23:00:00Z,Montréal,Toronto,NHL_WEB,FUT
NHLWEB-2026010007-20260918T090840Z,2026-09-18T02:08:40.777513-07:00,NHL,NHL,2026010007,2026-09-19T23:00:00Z,Toronto,Montréal,NHL_WEB,FUT
NHLWEB-2026010003-20260918T090840Z,2026-09-18T02:08:40.777513-07:00,NHL,NHL,2026010003,2026-09-20T00:00:00Z,Winnipeg,Edmonton,NHL_WEB,FUT
NHLWEB-2026010004-20260918T090840Z,2026-09-18T02:08:40.777513-07:00,NHL,NHL,2026010004,2026-09-20T00:00:00Z,Chicago,Minnesota,NHL_WEB,FUT
NHLWEB-2026010002-20260918T090840Z,2026-09-18T02:08:40.777513-07:00,NHL,NHL,2026010002,2026-09-20T01:00:00Z,Vegas,Los Angeles,NHL_WEB,FUT
NHLWEB-2026010005-20260918T090840Z,2026-09-18T02:08:40.777513-07:00,NHL,NHL,2026010005,2026-09-20T01:00:00Z,Vancouver,Seattle,NHL_WEB,FUT
NHLWEB-2026010008-20260918T090840Z,2026-09-18T02:08:40.777513-07:00,NHL,NHL,2026010008,2026-09-20T17:00:00Z,New York,New Jersey,NHL_WEB,FUT
NHLWEB-2026010009-20260918T090840Z,2026-09-18T02:08:40.777513-07:00,NHL,NHL,2026010009,2026-09-20T20:00:00Z,San Jose,Anaheim,NHL_WEB,FUT
NHLWEB-2026010011-20260918T090840Z,2026-09-18T02:08:40.777513-07:00,NHL,NHL,2026010011,2026-09-20T21:00:00Z,Nashville,Tampa Bay,NHL_WEB,FUT
NHLWEB-2026010013-20260918T090840Z,2026-09-18T02:08:40.777513-07:00,NHL,NHL,2026010013,2026-09-20T21:00:00Z,Washington,Boston,NHL_WEB,FUT
NHLWEB-2026010010-20260918T090840Z,2026-09-18T02:08:40.777513-07:00,NHL,NHL,2026010010,2026-09-20T23:00:00Z,Carolina,Florida,NHL_WEB,FUT
NHLWEB-2026010012-20260918T090840Z,2026-09-18T02:08:40.777513-07:00,NHL,NHL,2026010012,2026-09-20T23:00:00Z,Utah,Colorado,NHL_WEB,FUT
NHLWEB-2026010014-20260918T090840Z,2026-09-18T02:08:40.777513-07:00,NHL,NHL,2026010014,2026-09-21T00:00:00Z,Seattle,Calgary,NHL_WEB,FUT
NHLWEB-2026010016-20260918T090840Z,2026-09-18T02:08:40.777513-07:00,NHL,NHL,2026010016,2026-09-21T23:00:00Z,Buffalo,Pittsburgh,NHL_WEB,FUT
NHLWEB-2026010017-20260918T090840Z,2026-09-18T02:08:40.777513-07:00,NHL,NHL,2026010017,2026-09-21T23:00:00Z,Detroit,Columbus,NHL_WEB,FUT
NHLWEB-2026010019-20260918T090840Z,2026-09-18T02:08:40.777513-07:00,NHL,NHL,2026010019,2026-09-21T23:00:00Z,New York,New Jersey,NHL_WEB,FUT
NHLWEB-2026010020-20260918T090840Z,2026-09-18T02:08:40.777513-07:00,NHL,NHL,2026010020,2026-09-21T23:00:00Z,Philadelphia,Washington,NHL_WEB,FUT
NHLWEB-2026010022-20260918T090840Z,2026-09-18T02:08:40.777513-07:00,NHL,NHL,2026010022,2026-09-21T23:00:00Z,Ottawa,Montréal,NHL_WEB,FUT
NHLWEB-2026010015-20260918T090840Z,2026-09-18T02:08:40.777513-07:00,NHL,NHL,2026010015,2026-09-22T00:00:00Z,Colorado,Winnipeg,NHL_WEB,FUT
NHLWEB-2026010018-20260918T090840Z,2026-09-18T02:08:40.777513-07:00,NHL,NHL,2026010018,2026-09-22T00:00:00Z,Minnesota,Chicago,NHL_WEB,FUT
NHLWEB-2026010021-20260918T090840Z,2026-09-18T02:08:40.777513-07:00,NHL,NHL,2026010021,2026-09-22T00:00:00Z,St. Louis,Dallas,NHL_WEB,FUT
NHLWEB-2026010024-20260918T090840Z,2026-09-18T02:08:40.777513-07:00,NHL,NHL,2026010024,2026-09-22T23:00:00Z,Columbus,Buffalo,NHL_WEB,FUT
NHLWEB-2026010025-20260918T090840Z,2026-09-18T02:08:40.777513-07:00,NHL,NHL,2026010025,2026-09-22T23:00:00Z,Detroit,Pittsburgh,NHL_WEB,FUT
NHLWEB-2026010026-20260918T090840Z,2026-09-18T02:08:40.777513-07:00,NHL,NHL,2026010026,2026-09-22T23:00:00Z,Florida,Carolina,NHL_WEB,FUT
NHLWEB-2026010027-20260918T090840Z,2026-09-18T02:08:40.777513-07:00,NHL,NHL,2026010027,2026-09-22T23:00:00Z,New York,New York,NHL_WEB,FUT
NHLWEB-2026010028-20260918T090840Z,2026-09-18T02:08:40.777513-07:00,NHL,NHL,2026010028,2026-09-22T23:00:00Z,Philadelphia,Boston,NHL_WEB,FUT
NHLWEB-2026010023-20260918T090840Z,2026-09-18T02:08:40.777513-07:00,NHL,NHL,2026010023,2026-09-23T00:00:00Z,Edmonton,Winnipeg,NHL_WEB,FUT
NHLWEB-2026010029-20260918T090840Z,2026-09-18T02:08:40.777513-07:00,NHL,NHL,2026010029,2026-09-23T00:00:00Z,Tampa Bay,Nashville,NHL_WEB,FUT
NHLWEB-2026010031-20260918T090840Z,2026-09-18T02:08:40.777513-07:00,NHL,NHL,2026010031,2026-09-23T01:00:00Z,Vancouver,Calgary,NHL_WEB,FUT
NHLWEB-2026010030-20260918T090840Z,2026-09-18T02:08:40.777513-07:00,NHL,NHL,2026010030,2026-09-23T02:00:00Z,Utah,Los Angeles,NHL_WEB,FUT
NHLWEB-2026010032-20260918T090840Z,2026-09-18T02:08:40.777513-07:00,NHL,NHL,2026010032,2026-09-23T02:00:00Z,Vegas,San Jose,NHL_WEB,FUT
NHLWEB-2026010035-20260918T090840Z,2026-09-18T02:08:40.777513-07:00,NHL,NHL,2026010035,2026-09-23T23:00:00Z,Ottawa,Toronto,NHL_WEB,FUT
NHLWEB-2026010036-20260918T090840Z,2026-09-18T02:08:40.777513-07:00,NHL,NHL,2026010036,2026-09-23T23:00:00Z,Toronto,Ottawa,NHL_WEB,FUT
NHLWEB-2026010034-20260918T090840Z,2026-09-18T02:08:40.777513-07:00,NHL,NHL,2026010034,2026-09-24T00:00:00Z,Minnesota,Dallas,NHL_WEB,FUT
NHLWEB-2026010033-20260918T090840Z,2026-09-18T02:08:40.777513-07:00,NHL,NHL,2026010033,2026-09-24T02:00:00Z,Los Angeles,Anaheim,NHL_WEB,FUT
NHLWEB-2026010040-20260918T090840Z,2026-09-18T02:08:40.777513-07:00,NHL,NHL,2026010040,2026-09-24T23:00:00Z,Boston,Philadelphia,NHL_WEB,FUT
NHLWEB-2026010041-20260918T090840Z,2026-09-18T02:08:40.777513-07:00,NHL,NHL,2026010041,2026-09-24T23:00:00Z,Buffalo,Detroit,NHL_WEB,FUT
NHLWEB-2026010043-20260918T090840Z,2026-09-18T02:08:40.777513-07:00,NHL,NHL,2026010043,2026-09-24T23:00:00Z,Florida,Tampa Bay,NHL_WEB,FUT
NHLWEB-2026010044-20260918T090840Z,2026-09-18T02:08:40.777513-07:00,NHL,NHL,2026010044,2026-09-24T23:00:00Z,Nashville,Carolina,NHL_WEB,FUT
NHLWEB-2026010045-20260918T090840Z,2026-09-18T02:08:40.777513-07:00,NHL,NHL,2026010045,2026-09-24T23:00:00Z,New Jersey,New York,NHL_WEB,FUT
NHLWEB-2026010046-20260918T090840Z,2026-09-18T02:08:40.777513-07:00,NHL,NHL,2026010046,2026-09-24T23:00:00Z,Pittsburgh,Columbus,NHL_WEB,FUT
NHLWEB-2026010042-20260918T090840Z,2026-09-18T02:08:40.777513-07:00,NHL,NHL,2026010042,2026-09-25T00:00:00Z,Chicago,St. Louis,NHL_WEB,FUT
NHLWEB-2026010037-20260918T090840Z,2026-09-18T02:08:40.777513-07:00,NHL,NHL,2026010037,2026-09-25T01:00:00Z,Edmonton,Vancouver,NHL_WEB,FUT
NHLWEB-2026010038-20260918T090840Z,2026-09-18T02:08:40.777513-07:00,NHL,NHL,2026010038,2026-09-25T01:40:00Z,Calgary,Seattle,NHL_WEB,FUT
NHLWEB-2026010039-20260918T090840Z,2026-09-18T02:08:40.777513-07:00,NHL,NHL,2026010039,2026-09-25T02:00:00Z,Anaheim,San Jose,NHL_WEB,FUT
NHLWEB-2026010047-20260918T090840Z,2026-09-18T02:08:40.777513-07:00,NHL,NHL,2026010047,2026-09-25T02:00:00Z,Utah,Vegas,NHL_WEB,FUT
NHLWEB-2026010049-20260918T090840Z,2026-09-18T02:08:40.777513-07:00,NHL,NHL,2026010049,2026-09-25T23:00:00Z,Boston,Washington,NHL_WEB,FUT
NHLWEB-2026010051-20260918T090840Z,2026-09-18T02:08:40.777513-07:00,NHL,NHL,2026010051,2026-09-25T23:30:00Z,New York,New York,NHL_WEB,FUT
NHLWEB-2026010050-20260918T090840Z,2026-09-18T02:08:40.777513-07:00,NHL,NHL,2026010050,2026-09-26T00:00:00Z,Dallas,Minnesota,NHL_WEB,FUT
NHLWEB-2026010048-20260918T090840Z,2026-09-18T02:08:40.777513-07:00,NHL,NHL,2026010048,2026-09-26T00:30:00Z,Winnipeg,Colorado,NHL_WEB,FUT
NHLWEB-2026010001-20260918T090946Z,2026-09-18T02:09:46.646324-07:00,NHL,NHL,2026010001,2026-09-19T23:00:00Z,Dallas,St. Louis,NHL_WEB,FUT
NHLWEB-2026010006-20260918T090946Z,2026-09-18T02:09:46.646324-07:00,NHL,NHL,2026010006,2026-09-19T23:00:00Z,Montréal,Toronto,NHL_WEB,FUT
NHLWEB-2026010007-20260918T090946Z,2026-09-18T02:09:46.646324-07:00,NHL,NHL,2026010007,2026-09-19T23:00:00Z,Toronto,Montréal,NHL_WEB,FUT
NHLWEB-2026010003-20260918T090946Z,2026-09-18T02:09:46.646324-07:00,NHL,NHL,2026010003,2026-09-20T00:00:00Z,Winnipeg,Edmonton,NHL_WEB,FUT
NHLWEB-2026010004-20260918T090946Z,2026-09-18T02:09:46.646324-07:00,NHL,NHL,2026010004,2026-09-20T00:00:00Z,Chicago,Minnesota,NHL_WEB,FUT
NHLWEB-2026010002-20260918T090946Z,2026-09-18T02:09:46.646324-07:00,NHL,NHL,2026010002,2026-09-20T01:00:00Z,Vegas,Los Angeles,NHL_WEB,FUT
NHLWEB-2026010005-20260918T090946Z,2026-09-18T02:09:46.646324-07:00,NHL,NHL,2026010005,2026-09-20T01:00:00Z,Vancouver,Seattle,NHL_WEB,FUT
NHLWEB-2026010008-20260918T090946Z,2026-09-18T02:09:46.646324-07:00,NHL,NHL,2026010008,2026-09-20T17:00:00Z,New York,New Jersey,NHL_WEB,FUT
NHLWEB-2026010009-20260918T090946Z,2026-09-18T02:09:46.646324-07:00,NHL,NHL,2026010009,2026-09-20T20:00:00Z,San Jose,Anaheim,NHL_WEB,FUT
NHLWEB-2026010011-20260918T090946Z,2026-09-18T02:09:46.646324-07:00,NHL,NHL,2026010011,2026-09-20T21:00:00Z,Nashville,Tampa Bay,NHL_WEB,FUT
NHLWEB-2026010013-20260918T090946Z,2026-09-18T02:09:46.646324-07:00,NHL,NHL,2026010013,2026-09-20T21:00:00Z,Washington,Boston,NHL_WEB,FUT
NHLWEB-2026010010-20260918T090946Z,2026-09-18T02:09:46.646324-07:00,NHL,NHL,2026010010,2026-09-20T23:00:00Z,Carolina,Florida,NHL_WEB,FUT
NHLWEB-2026010012-20260918T090946Z,2026-09-18T02:09:46.646324-07:00,NHL,NHL,2026010012,2026-09-20T23:00:00Z,Utah,Colorado,NHL_WEB,FUT
NHLWEB-2026010014-20260918T090946Z,2026-09-18T02:09:46.646324-07:00,NHL,NHL,2026010014,2026-09-21T00:00:00Z,Seattle,Calgary,NHL_WEB,FUT
NHLWEB-2026010016-20260918T090946Z,2026-09-18T02:09:46.646324-07:00,NHL,NHL,2026010016,2026-09-21T23:00:00Z,Buffalo,Pittsburgh,NHL_WEB,FUT
NHLWEB-2026010017-20260918T090946Z,2026-09-18T02:09:46.646324-07:00,NHL,NHL,2026010017,2026-09-21T23:00:00Z,Detroit,Columbus,NHL_WEB,FUT
NHLWEB-2026010019-20260918T090946Z,2026-09-18T02:09:46.646324-07:00,NHL,NHL,2026010019,2026-09-21T23:00:00Z,New York,New Jersey,NHL_WEB,FUT
NHLWEB-2026010020-20260918T090946Z,2026-09-18T02:09:46.646324-07:00,NHL,NHL,2026010020,2026-09-21T23:00:00Z,Philadelphia,Washington,NHL_WEB,FUT
NHLWEB-2026010022-20260918T090946Z,2026-09-18T02:09:46.646324-07:00,NHL,NHL,2026010022,2026-09-21T23:00:00Z,Ottawa,Montréal,NHL_WEB,FUT
NHLWEB-2026010015-20260918T090946Z,2026-09-18T02:09:46.646324-07:00,NHL,NHL,2026010015,2026-09-22T00:00:00Z,Colorado,Winnipeg,NHL_WEB,FUT
NHLWEB-2026010018-20260918T090946Z,2026-09-18T02:09:46.646324-07:00,NHL,NHL,2026010018,2026-09-22T00:00:00Z,Minnesota,Chicago,NHL_WEB,FUT
NHLWEB-2026010021-20260918T090946Z,2026-09-18T02:09:46.646324-07:00,NHL,NHL,2026010021,2026-09-22T00:00:00Z,St. Louis,Dallas,NHL_WEB,FUT
NHLWEB-2026010024-20260918T090946Z,2026-09-18T02:09:46.646324-07:00,NHL,NHL,2026010024,2026-09-22T23:00:00Z,Columbus,Buffalo,NHL_WEB,FUT
NHLWEB-2026010025-20260918T090946Z,2026-09-18T02:09:46.646324-07:00,NHL,NHL,2026010025,2026-09-22T23:00:00Z,Detroit,Pittsburgh,NHL_WEB,FUT
NHLWEB-2026010026-20260918T090946Z,2026-09-18T02:09:46.646324-07:00,NHL,NHL,2026010026,2026-09-22T23:00:00Z,Florida,Carolina,NHL_WEB,FUT
NHLWEB-2026010027-20260918T090946Z,2026-09-18T02:09:46.646324-07:00,NHL,NHL,2026010027,2026-09-22T23:00:00Z,New York,New York,NHL_WEB,FUT
NHLWEB-2026010028-20260918T090946Z,2026-09-18T02:09:46.646324-07:00,NHL,NHL,2026010028,2026-09-22T23:00:00Z,Philadelphia,Boston,NHL_WEB,FUT
NHLWEB-2026010023-20260918T090946Z,2026-09-18T02:09:46.646324-07:00,NHL,NHL,2026010023,2026-09-23T00:00:00Z,Edmonton,Winnipeg,NHL_WEB,FUT
NHLWEB-2026010029-20260918T090946Z,2026-09-18T02:09:46.646324-07:00,NHL,NHL,2026010029,2026-09-23T00:00:00Z,Tampa Bay,Nashville,NHL_WEB,FUT
NHLWEB-2026010031-20260918T090946Z,2026-09-18T02:09:46.646324-07:00,NHL,NHL,2026010031,2026-09-23T01:00:00Z,Vancouver,Calgary,NHL_WEB,FUT
NHLWEB-2026010030-20260918T090946Z,2026-09-18T02:09:46.646324-07:00,NHL,NHL,2026010030,2026-09-23T02:00:00Z,Utah,Los Angeles,NHL_WEB,FUT
NHLWEB-2026010032-20260918T090946Z,2026-09-18T02:09:46.646324-07:00,NHL,NHL,2026010032,2026-09-23T02:00:00Z,Vegas,San Jose,NHL_WEB,FUT
NHLWEB-2026010035-20260918T090946Z,2026-09-18T02:09:46.646324-07:00,NHL,NHL,2026010035,2026-09-23T23:00:00Z,Ottawa,Toronto,NHL_WEB,FUT
NHLWEB-2026010036-20260918T090946Z,2026-09-18T02:09:46.646324-07:00,NHL,NHL,2026010036,2026-09-23T23:00:00Z,Toronto,Ottawa,NHL_WEB,FUT
NHLWEB-2026010034-20260918T090946Z,2026-09-18T02:09:46.646324-07:00,NHL,NHL,2026010034,2026-09-24T00:00:00Z,Minnesota,Dallas,NHL_WEB,FUT
NHLWEB-2026010033-20260918T090946Z,2026-09-18T02:09:46.646324-07:00,NHL,NHL,2026010033,2026-09-24T02:00:00Z,Los Angeles,Anaheim,NHL_WEB,FUT
NHLWEB-2026010040-20260918T090946Z,2026-09-18T02:09:46.646324-07:00,NHL,NHL,2026010040,2026-09-24T23:00:00Z,Boston,Philadelphia,NHL_WEB,FUT
NHLWEB-2026010041-20260918T090946Z,2026-09-18T02:09:46.646324-07:00,NHL,NHL,2026010041,2026-09-24T23:00:00Z,Buffalo,Detroit,NHL_WEB,FUT
NHLWEB-2026010043-20260918T090946Z,2026-09-18T02:09:46.646324-07:00,NHL,NHL,2026010043,2026-09-24T23:00:00Z,Florida,Tampa Bay,NHL_WEB,FUT
NHLWEB-2026010044-20260918T090946Z,2026-09-18T02:09:46.646324-07:00,NHL,NHL,2026010044,2026-09-24T23:00:00Z,Nashville,Carolina,NHL_WEB,FUT
NHLWEB-2026010045-20260918T090946Z,2026-09-18T02:09:46.646324-07:00,NHL,NHL,2026010045,2026-09-24T23:00:00Z,New Jersey,New York,NHL_WEB,FUT
NHLWEB-2026010046-20260918T090946Z,2026-09-18T02:09:46.646324-07:00,NHL,NHL,2026010046,2026-09-24T23:00:00Z,Pittsburgh,Columbus,NHL_WEB,FUT
NHLWEB-2026010042-20260918T090946Z,2026-09-18T02:09:46.646324-07:00,NHL,NHL,2026010042,2026-09-25T00:00:00Z,Chicago,St. Louis,NHL_WEB,FUT
NHLWEB-2026010037-20260918T090946Z,2026-09-18T02:09:46.646324-07:00,NHL,NHL,2026010037,2026-09-25T01:00:00Z,Edmonton,Vancouver,NHL_WEB,FUT
NHLWEB-2026010038-20260918T090946Z,2026-09-18T02:09:46.646324-07:00,NHL,NHL,2026010038,2026-09-25T01:40:00Z,Calgary,Seattle,NHL_WEB,FUT
NHLWEB-2026010039-20260918T090946Z,2026-09-18T02:09:46.646324-07:00,NHL,NHL,2026010039,2026-09-25T02:00:00Z,Anaheim,San Jose,NHL_WEB,FUT
NHLWEB-2026010047-20260918T090946Z,2026-09-18T02:09:46.646324-07:00,NHL,NHL,2026010047,2026-09-25T02:00:00Z,Utah,Vegas,NHL_WEB,FUT
NHLWEB-2026010049-20260918T090946Z,2026-09-18T02:09:46.646324-07:00,NHL,NHL,2026010049,2026-09-25T23:00:00Z,Boston,Washington,NHL_WEB,FUT
NHLWEB-2026010051-20260918T090946Z,2026-09-18T02:09:46.646324-07:00,NHL,NHL,2026010051,2026-09-25T23:30:00Z,New York,New York,NHL_WEB,FUT
NHLWEB-2026010050-20260918T090946Z,2026-09-18T02:09:46.646324-07:00,NHL,NHL,2026010050,2026-09-26T00:00:00Z,Dallas,Minnesota,NHL_WEB,FUT
NHLWEB-2026010048-20260918T090946Z,2026-09-18T02:09:46.646324-07:00,NHL,NHL,2026010048,2026-09-26T00:30:00Z,Winnipeg,Colorado,NHL_WEB,FUT
NHLWEB-2026010001-20260918T091428Z,2026-09-18T02:14:28.366997-07:00,NHL,NHL,2026010001,2026-09-19T23:00:00Z,Dallas,St. Louis,NHL_WEB,FUT
NHLWEB-2026010006-20260918T091428Z,2026-09-18T02:14:28.366997-07:00,NHL,NHL,2026010006,2026-09-19T23:00:00Z,Montréal,Toronto,NHL_WEB,FUT
NHLWEB-2026010007-20260918T091428Z,2026-09-18T02:14:28.366997-07:00,NHL,NHL,2026010007,2026-09-19T23:00:00Z,Toronto,Montréal,NHL_WEB,FUT
NHLWEB-2026010003-20260918T091428Z,2026-09-18T02:14:28.366997-07:00,NHL,NHL,2026010003,2026-09-20T00:00:00Z,Winnipeg,Edmonton,NHL_WEB,FUT
NHLWEB-2026010004-20260918T091428Z,2026-09-18T02:14:28.366997-07:00,NHL,NHL,2026010004,2026-09-20T00:00:00Z,Chicago,Minnesota,NHL_WEB,FUT
NHLWEB-2026010002-20260918T091428Z,2026-09-18T02:14:28.366997-07:00,NHL,NHL,2026010002,2026-09-20T01:00:00Z,Vegas,Los Angeles,NHL_WEB,FUT
NHLWEB-2026010005-20260918T091428Z,2026-09-18T02:14:28.366997-07:00,NHL,NHL,2026010005,2026-09-20T01:00:00Z,Vancouver,Seattle,NHL_WEB,FUT
NHLWEB-2026010008-20260918T091428Z,2026-09-18T02:14:28.366997-07:00,NHL,NHL,2026010008,2026-09-20T17:00:00Z,New York,New Jersey,NHL_WEB,FUT
NHLWEB-2026010009-20260918T091428Z,2026-09-18T02:14:28.366997-07:00,NHL,NHL,2026010009,2026-09-20T20:00:00Z,San Jose,Anaheim,NHL_WEB,FUT
NHLWEB-2026010011-20260918T091428Z,2026-09-18T02:14:28.366997-07:00,NHL,NHL,2026010011,2026-09-20T21:00:00Z,Nashville,Tampa Bay,NHL_WEB,FUT
NHLWEB-2026010013-20260918T091428Z,2026-09-18T02:14:28.366997-07:00,NHL,NHL,2026010013,2026-09-20T21:00:00Z,Washington,Boston,NHL_WEB,FUT
NHLWEB-2026010010-20260918T091428Z,2026-09-18T02:14:28.366997-07:00,NHL,NHL,2026010010,2026-09-20T23:00:00Z,Carolina,Florida,NHL_WEB,FUT
NHLWEB-2026010012-20260918T091428Z,2026-09-18T02:14:28.366997-07:00,NHL,NHL,2026010012,2026-09-20T23:00:00Z,Utah,Colorado,NHL_WEB,FUT
NHLWEB-2026010014-20260918T091428Z,2026-09-18T02:14:28.366997-07:00,NHL,NHL,2026010014,2026-09-21T00:00:00Z,Seattle,Calgary,NHL_WEB,FUT
NHLWEB-2026010016-20260918T091428Z,2026-09-18T02:14:28.366997-07:00,NHL,NHL,2026010016,2026-09-21T23:00:00Z,Buffalo,Pittsburgh,NHL_WEB,FUT
NHLWEB-2026010017-20260918T091428Z,2026-09-18T02:14:28.366997-07:00,NHL,NHL,2026010017,2026-09-21T23:00:00Z,Detroit,Columbus,NHL_WEB,FUT
NHLWEB-2026010019-20260918T091428Z,2026-09-18T02:14:28.366997-07:00,NHL,NHL,2026010019,2026-09-21T23:00:00Z,New York,New Jersey,NHL_WEB,FUT
NHLWEB-2026010020-20260918T091428Z,2026-09-18T02:14:28.366997-07:00,NHL,NHL,2026010020,2026-09-21T23:00:00Z,Philadelphia,Washington,NHL_WEB,FUT
NHLWEB-2026010022-20260918T091428Z,2026-09-18T02:14:28.366997-07:00,NHL,NHL,2026010022,2026-09-21T23:00:00Z,Ottawa,Montréal,NHL_WEB,FUT
NHLWEB-2026010015-20260918T091428Z,2026-09-18T02:14:28.366997-07:00,NHL,NHL,2026010015,2026-09-22T00:00:00Z,Colorado,Winnipeg,NHL_WEB,FUT
NHLWEB-2026010018-20260918T091428Z,2026-09-18T02:14:28.366997-07:00,NHL,NHL,2026010018,2026-09-22T00:00:00Z,Minnesota,Chicago,NHL_WEB,FUT
NHLWEB-2026010021-20260918T091428Z,2026-09-18T02:14:28.366997-07:00,NHL,NHL,2026010021,2026-09-22T00:00:00Z,St. Louis,Dallas,NHL_WEB,FUT
NHLWEB-2026010024-20260918T091428Z,2026-09-18T02:14:28.366997-07:00,NHL,NHL,2026010024,2026-09-22T23:00:00Z,Columbus,Buffalo,NHL_WEB,FUT
NHLWEB-2026010025-20260918T091428Z,2026-09-18T02:14:28.366997-07:00,NHL,NHL,2026010025,2026-09-22T23:00:00Z,Detroit,Pittsburgh,NHL_WEB,FUT
NHLWEB-2026010026-20260918T091428Z,2026-09-18T02:14:28.366997-07:00,NHL,NHL,2026010026,2026-09-22T23:00:00Z,Florida,Carolina,NHL_WEB,FUT
NHLWEB-2026010027-20260918T091428Z,2026-09-18T02:14:28.366997-07:00,NHL,NHL,2026010027,2026-09-22T23:00:00Z,New York,New York,NHL_WEB,FUT
NHLWEB-2026010028-20260918T091428Z,2026-09-18T02:14:28.366997-07:00,NHL,NHL,2026010028,2026-09-22T23:00:00Z,Philadelphia,Boston,NHL_WEB,FUT
NHLWEB-2026010023-20260918T091428Z,2026-09-18T02:14:28.366997-07:00,NHL,NHL,2026010023,2026-09-23T00:00:00Z,Edmonton,Winnipeg,NHL_WEB,FUT
NHLWEB-2026010029-20260918T091428Z,2026-09-18T02:14:28.366997-07:00,NHL,NHL,2026010029,2026-09-23T00:00:00Z,Tampa Bay,Nashville,NHL_WEB,FUT
NHLWEB-2026010031-20260918T091428Z,2026-09-18T02:14:28.366997-07:00,NHL,NHL,2026010031,2026-09-23T01:00:00Z,Vancouver,Calgary,NHL_WEB,FUT
NHLWEB-2026010030-20260918T091428Z,2026-09-18T02:14:28.366997-07:00,NHL,NHL,2026010030,2026-09-23T02:00:00Z,Utah,Los Angeles,NHL_WEB,FUT
NHLWEB-2026010032-20260918T091428Z,2026-09-18T02:14:28.366997-07:00,NHL,NHL,2026010032,2026-09-23T02:00:00Z,Vegas,San Jose,NHL_WEB,FUT
NHLWEB-2026010035-20260918T091428Z,2026-09-18T02:14:28.366997-07:00,NHL,NHL,2026010035,2026-09-23T23:00:00Z,Ottawa,Toronto,NHL_WEB,FUT
NHLWEB-2026010036-20260918T091428Z,2026-09-18T02:14:28.366997-07:00,NHL,NHL,2026010036,2026-09-23T23:00:00Z,Toronto,Ottawa,NHL_WEB,FUT
NHLWEB-2026010034-20260918T091428Z,2026-09-18T02:14:28.366997-07:00,NHL,NHL,2026010034,2026-09-24T00:00:00Z,Minnesota,Dallas,NHL_WEB,FUT
NHLWEB-2026010033-20260918T091428Z,2026-09-18T02:14:28.366997-07:00,NHL,NHL,2026010033,2026-09-24T02:00:00Z,Los Angeles,Anaheim,NHL_WEB,FUT
NHLWEB-2026010040-20260918T091428Z,2026-09-18T02:14:28.366997-07:00,NHL,NHL,2026010040,2026-09-24T23:00:00Z,Boston,Philadelphia,NHL_WEB,FUT
NHLWEB-2026010041-20260918T091428Z,2026-09-18T02:14:28.366997-07:00,NHL,NHL,2026010041,2026-09-24T23:00:00Z,Buffalo,Detroit,NHL_WEB,FUT
NHLWEB-2026010043-20260918T091428Z,2026-09-18T02:14:28.366997-07:00,NHL,NHL,2026010043,2026-09-24T23:00:00Z,Florida,Tampa Bay,NHL_WEB,FUT
NHLWEB-2026010044-20260918T091428Z,2026-09-18T02:14:28.366997-07:00,NHL,NHL,2026010044,2026-09-24T23:00:00Z,Nashville,Carolina,NHL_WEB,FUT
NHLWEB-2026010045-20260918T091428Z,2026-09-18T02:14:28.366997-07:00,NHL,NHL,2026010045,2026-09-24T23:00:00Z,New Jersey,New York,NHL_WEB,FUT
NHLWEB-2026010046-20260918T091428Z,2026-09-18T02:14:28.366997-07:00,NHL,NHL,2026010046,2026-09-24T23:00:00Z,Pittsburgh,Columbus,NHL_WEB,FUT
NHLWEB-2026010042-20260918T091428Z,2026-09-18T02:14:28.366997-07:00,NHL,NHL,2026010042,2026-09-25T00:00:00Z,Chicago,St. Louis,NHL_WEB,FUT
NHLWEB-2026010037-20260918T091428Z,2026-09-18T02:14:28.366997-07:00,NHL,NHL,2026010037,2026-09-25T01:00:00Z,Edmonton,Vancouver,NHL_WEB,FUT
NHLWEB-2026010038-20260918T091428Z,2026-09-18T02:14:28.366997-07:00,NHL,NHL,2026010038,2026-09-25T01:40:00Z,Calgary,Seattle,NHL_WEB,FUT
NHLWEB-2026010039-20260918T091428Z,2026-09-18T02:14:28.366997-07:00,NHL,NHL,2026010039,2026-09-25T02:00:00Z,Anaheim,San Jose,NHL_WEB,FUT
NHLWEB-2026010047-20260918T091428Z,2026-09-18T02:14:28.366997-07:00,NHL,NHL,2026010047,2026-09-25T02:00:00Z,Utah,Vegas,NHL_WEB,FUT
NHLWEB-2026010049-20260918T091428Z,2026-09-18T02:14:28.366997-07:00,NHL,NHL,2026010049,2026-09-25T23:00:00Z,Boston,Washington,NHL_WEB,FUT
NHLWEB-2026010051-20260918T091428Z,2026-09-18T02:14:28.366997-07:00,NHL,NHL,2026010051,2026-09-25T23:30:00Z,New York,New York,NHL_WEB,FUT
NHLWEB-2026010050-20260918T091428Z,2026-09-18T02:14:28.366997-07:00,NHL,NHL,2026010050,2026-09-26T00:00:00Z,Dallas,Minnesota,NHL_WEB,FUT
NHLWEB-2026010048-20260918T091428Z,2026-09-18T02:14:28.366997-07:00,NHL,NHL,2026010048,2026-09-26T00:30:00Z,Winnipeg,Colorado,NHL_WEB,FUT
NHLWEB-2026010001-20260919T000800Z,2026-09-18T17:08:00.066025-07:00,NHL,NHL,2026010001,2026-09-19T23:00:00Z,Dallas,St. Louis,NHL_WEB,FUT
NHLWEB-2026010006-20260919T000800Z,2026-09-18T17:08:00.066025-07:00,NHL,NHL,2026010006,2026-09-19T23:00:00Z,Montréal,Toronto,NHL_WEB,FUT
NHLWEB-2026010007-20260919T000800Z,2026-09-18T17:08:00.066025-07:00,NHL,NHL,2026010007,2026-09-19T23:00:00Z,Toronto,Montréal,NHL_WEB,FUT
NHLWEB-2026010003-20260919T000800Z,2026-09-18T17:08:00.066025-07:00,NHL,NHL,2026010003,2026-09-20T00:00:00Z,Winnipeg,Edmonton,NHL_WEB,FUT
NHLWEB-2026010004-20260919T000800Z,2026-09-18T17:08:00.066025-07:00,NHL,NHL,2026010004,2026-09-20T00:00:00Z,Chicago,Minnesota,NHL_WEB,FUT
NHLWEB-2026010002-20260919T000800Z,2026-09-18T17:08:00.066025-07:00,NHL,NHL,2026010002,2026-09-20T01:00:00Z,Vegas,Los Angeles,NHL_WEB,FUT
NHLWEB-2026010005-20260919T000800Z,2026-09-18T17:08:00.066025-07:00,NHL,NHL,2026010005,2026-09-20T01:00:00Z,Vancouver,Seattle,NHL_WEB,FUT
NHLWEB-2026010008-20260919T000800Z,2026-09-18T17:08:00.066025-07:00,NHL,NHL,2026010008,2026-09-20T17:00:00Z,New York,New Jersey,NHL_WEB,FUT
NHLWEB-2026010009-20260919T000800Z,2026-09-18T17:08:00.066025-07:00,NHL,NHL,2026010009,2026-09-20T20:00:00Z,San Jose,Anaheim,NHL_WEB,FUT
NHLWEB-2026010011-20260919T000800Z,2026-09-18T17:08:00.066025-07:00,NHL,NHL,2026010011,2026-09-20T21:00:00Z,Nashville,Tampa Bay,NHL_WEB,FUT
NHLWEB-2026010013-20260919T000800Z,2026-09-18T17:08:00.066025-07:00,NHL,NHL,2026010013,2026-09-20T21:00:00Z,Washington,Boston,NHL_WEB,FUT
NHLWEB-2026010010-20260919T000800Z,2026-09-18T17:08:00.066025-07:00,NHL,NHL,2026010010,2026-09-20T23:00:00Z,Carolina,Florida,NHL_WEB,FUT
NHLWEB-2026010012-20260919T000800Z,2026-09-18T17:08:00.066025-07:00,NHL,NHL,2026010012,2026-09-20T23:00:00Z,Utah,Colorado,NHL_WEB,FUT
NHLWEB-2026010014-20260919T000800Z,2026-09-18T17:08:00.066025-07:00,NHL,NHL,2026010014,2026-09-21T00:00:00Z,Seattle,Calgary,NHL_WEB,FUT
NHLWEB-2026010016-20260919T000800Z,2026-09-18T17:08:00.066025-07:00,NHL,NHL,2026010016,2026-09-21T23:00:00Z,Buffalo,Pittsburgh,NHL_WEB,FUT
NHLWEB-2026010017-20260919T000800Z,2026-09-18T17:08:00.066025-07:00,NHL,NHL,2026010017,2026-09-21T23:00:00Z,Detroit,Columbus,NHL_WEB,FUT
NHLWEB-2026010019-20260919T000800Z,2026-09-18T17:08:00.066025-07:00,NHL,NHL,2026010019,2026-09-21T23:00:00Z,New York,New Jersey,NHL_WEB,FUT
NHLWEB-2026010020-20260919T000800Z,2026-09-18T17:08:00.066025-07:00,NHL,NHL,2026010020,2026-09-21T23:00:00Z,Philadelphia,Washington,NHL_WEB,FUT
NHLWEB-2026010022-20260919T000800Z,2026-09-18T17:08:00.066025-07:00,NHL,NHL,2026010022,2026-09-21T23:00:00Z,Ottawa,Montréal,NHL_WEB,FUT
NHLWEB-2026010015-20260919T000800Z,2026-09-18T17:08:00.066025-07:00,NHL,NHL,2026010015,2026-09-22T00:00:00Z,Colorado,Winnipeg,NHL_WEB,FUT
NHLWEB-2026010018-20260919T000800Z,2026-09-18T17:08:00.066025-07:00,NHL,NHL,2026010018,2026-09-22T00:00:00Z,Minnesota,Chicago,NHL_WEB,FUT
NHLWEB-2026010021-20260919T000800Z,2026-09-18T17:08:00.066025-07:00,NHL,NHL,2026010021,2026-09-22T00:00:00Z,St. Louis,Dallas,NHL_WEB,FUT
NHLWEB-2026010024-20260919T000800Z,2026-09-18T17:08:00.066025-07:00,NHL,NHL,2026010024,2026-09-22T23:00:00Z,Columbus,Buffalo,NHL_WEB,FUT
NHLWEB-2026010025-20260919T000800Z,2026-09-18T17:08:00.066025-07:00,NHL,NHL,2026010025,2026-09-22T23:00:00Z,Detroit,Pittsburgh,NHL_WEB,FUT
NHLWEB-2026010026-20260919T000800Z,2026-09-18T17:08:00.066025-07:00,NHL,NHL,2026010026,2026-09-22T23:00:00Z,Florida,Carolina,NHL_WEB,FUT
NHLWEB-2026010027-20260919T000800Z,2026-09-18T17:08:00.066025-07:00,NHL,NHL,2026010027,2026-09-22T23:00:00Z,New York,New York,NHL_WEB,FUT
NHLWEB-2026010028-20260919T000800Z,2026-09-18T17:08:00.066025-07:00,NHL,NHL,2026010028,2026-09-22T23:00:00Z,Philadelphia,Boston,NHL_WEB,FUT
NHLWEB-2026010023-20260919T000800Z,2026-09-18T17:08:00.066025-07:00,NHL,NHL,2026010023,2026-09-23T00:00:00Z,Edmonton,Winnipeg,NHL_WEB,FUT
NHLWEB-2026010029-20260919T000800Z,2026-09-18T17:08:00.066025-07:00,NHL,NHL,2026010029,2026-09-23T00:00:00Z,Tampa Bay,Nashville,NHL_WEB,FUT
NHLWEB-2026010031-20260919T000800Z,2026-09-18T17:08:00.066025-07:00,NHL,NHL,2026010031,2026-09-23T01:00:00Z,Vancouver,Calgary,NHL_WEB,FUT
NHLWEB-2026010030-20260919T000800Z,2026-09-18T17:08:00.066025-07:00,NHL,NHL,2026010030,2026-09-23T02:00:00Z,Utah,Los Angeles,NHL_WEB,FUT
NHLWEB-2026010032-20260919T000800Z,2026-09-18T17:08:00.066025-07:00,NHL,NHL,2026010032,2026-09-23T02:00:00Z,Vegas,San Jose,NHL_WEB,FUT
NHLWEB-2026010035-20260919T000800Z,2026-09-18T17:08:00.066025-07:00,NHL,NHL,2026010035,2026-09-23T23:00:00Z,Ottawa,Toronto,NHL_WEB,FUT
NHLWEB-2026010036-20260919T000800Z,2026-09-18T17:08:00.066025-07:00,NHL,NHL,2026010036,2026-09-23T23:00:00Z,Toronto,Ottawa,NHL_WEB,FUT
NHLWEB-2026010034-20260919T000800Z,2026-09-18T17:08:00.066025-07:00,NHL,NHL,2026010034,2026-09-24T00:00:00Z,Minnesota,Dallas,NHL_WEB,FUT
NHLWEB-2026010033-20260919T000800Z,2026-09-18T17:08:00.066025-07:00,NHL,NHL,2026010033,2026-09-24T02:00:00Z,Los Angeles,Anaheim,NHL_WEB,FUT
NHLWEB-2026010040-20260919T000800Z,2026-09-18T17:08:00.066025-07:00,NHL,NHL,2026010040,2026-09-24T23:00:00Z,Boston,Philadelphia,NHL_WEB,FUT
NHLWEB-2026010041-20260919T000800Z,2026-09-18T17:08:00.066025-07:00,NHL,NHL,2026010041,2026-09-24T23:00:00Z,Buffalo,Detroit,NHL_WEB,FUT
NHLWEB-2026010043-20260919T000800Z,2026-09-18T17:08:00.066025-07:00,NHL,NHL,2026010043,2026-09-24T23:00:00Z,Florida,Tampa Bay,NHL_WEB,FUT
NHLWEB-2026010044-20260919T000800Z,2026-09-18T17:08:00.066025-07:00,NHL,NHL,2026010044,2026-09-24T23:00:00Z,Nashville,Carolina,NHL_WEB,FUT
NHLWEB-2026010045-20260919T000800Z,2026-09-18T17:08:00.066025-07:00,NHL,NHL,2026010045,2026-09-24T23:00:00Z,New Jersey,New York,NHL_WEB,FUT
NHLWEB-2026010046-20260919T000800Z,2026-09-18T17:08:00.066025-07:00,NHL,NHL,2026010046,2026-09-24T23:00:00Z,Pittsburgh,Columbus,NHL_WEB,FUT
NHLWEB-2026010042-20260919T000800Z,2026-09-18T17:08:00.066025-07:00,NHL,NHL,2026010042,2026-09-25T00:00:00Z,Chicago,St. Louis,NHL_WEB,FUT
NHLWEB-2026010037-20260919T000800Z,2026-09-18T17:08:00.066025-07:00,NHL,NHL,2026010037,2026-09-25T01:00:00Z,Edmonton,Vancouver,NHL_WEB,FUT
NHLWEB-2026010038-20260919T000800Z,2026-09-18T17:08:00.066025-07:00,NHL,NHL,2026010038,2026-09-25T01:40:00Z,Calgary,Seattle,NHL_WEB,FUT
NHLWEB-2026010039-20260919T000800Z,2026-09-18T17:08:00.066025-07:00,NHL,NHL,2026010039,2026-09-25T02:00:00Z,Anaheim,San Jose,NHL_WEB,FUT
NHLWEB-2026010047-20260919T000800Z,2026-09-18T17:08:00.066025-07:00,NHL,NHL,2026010047,2026-09-25T02:00:00Z,Utah,Vegas,NHL_WEB,FUT
NHLWEB-2026010049-20260919T000800Z,2026-09-18T17:08:00.066025-07:00,NHL,NHL,2026010049,2026-09-25T23:00:00Z,Boston,Washington,NHL_WEB,FUT
NHLWEB-2026010051-20260919T000800Z,2026-09-18T17:08:00.066025-07:00,NHL,NHL,2026010051,2026-09-25T23:30:00Z,New York,New York,NHL_WEB,FUT
NHLWEB-2026010050-20260919T000800Z,2026-09-18T17:08:00.066025-07:00,NHL,NHL,2026010050,2026-09-26T00:00:00Z,Dallas,Minnesota,NHL_WEB,FUT
NHLWEB-2026010048-20260919T000800Z,2026-09-18T17:08:00.066025-07:00,NHL,NHL,2026010048,2026-09-26T00:30:00Z,Winnipeg,Colorado,NHL_WEB,FUT
NHLWEB-2026010001-20260919T010900Z,2026-09-18T18:09:00.248836-07:00,NHL,NHL,2026010001,2026-09-19T23:00:00Z,Dallas,St. Louis,NHL_WEB,FUT
NHLWEB-2026010006-20260919T010900Z,2026-09-18T18:09:00.248836-07:00,NHL,NHL,2026010006,2026-09-19T23:00:00Z,Montréal,Toronto,NHL_WEB,FUT
NHLWEB-2026010007-20260919T010900Z,2026-09-18T18:09:00.248836-07:00,NHL,NHL,2026010007,2026-09-19T23:00:00Z,Toronto,Montréal,NHL_WEB,FUT
NHLWEB-2026010003-20260919T010900Z,2026-09-18T18:09:00.248836-07:00,NHL,NHL,2026010003,2026-09-20T00:00:00Z,Winnipeg,Edmonton,NHL_WEB,FUT
NHLWEB-2026010004-20260919T010900Z,2026-09-18T18:09:00.248836-07:00,NHL,NHL,2026010004,2026-09-20T00:00:00Z,Chicago,Minnesota,NHL_WEB,FUT
NHLWEB-2026010002-20260919T010900Z,2026-09-18T18:09:00.248836-07:00,NHL,NHL,2026010002,2026-09-20T01:00:00Z,Vegas,Los Angeles,NHL_WEB,FUT
NHLWEB-2026010005-20260919T010900Z,2026-09-18T18:09:00.248836-07:00,NHL,NHL,2026010005,2026-09-20T01:00:00Z,Vancouver,Seattle,NHL_WEB,FUT
NHLWEB-2026010008-20260919T010900Z,2026-09-18T18:09:00.248836-07:00,NHL,NHL,2026010008,2026-09-20T17:00:00Z,New York,New Jersey,NHL_WEB,FUT
NHLWEB-2026010009-20260919T010900Z,2026-09-18T18:09:00.248836-07:00,NHL,NHL,2026010009,2026-09-20T20:00:00Z,San Jose,Anaheim,NHL_WEB,FUT
NHLWEB-2026010011-20260919T010900Z,2026-09-18T18:09:00.248836-07:00,NHL,NHL,2026010011,2026-09-20T21:00:00Z,Nashville,Tampa Bay,NHL_WEB,FUT
NHLWEB-2026010013-20260919T010900Z,2026-09-18T18:09:00.248836-07:00,NHL,NHL,2026010013,2026-09-20T21:00:00Z,Washington,Boston,NHL_WEB,FUT
NHLWEB-2026010010-20260919T010900Z,2026-09-18T18:09:00.248836-07:00,NHL,NHL,2026010010,2026-09-20T23:00:00Z,Carolina,Florida,NHL_WEB,FUT
NHLWEB-2026010012-20260919T010900Z,2026-09-18T18:09:00.248836-07:00,NHL,NHL,2026010012,2026-09-20T23:00:00Z,Utah,Colorado,NHL_WEB,FUT
NHLWEB-2026010014-20260919T010900Z,2026-09-18T18:09:00.248836-07:00,NHL,NHL,2026010014,2026-09-21T00:00:00Z,Seattle,Calgary,NHL_WEB,FUT
NHLWEB-2026010016-20260919T010900Z,2026-09-18T18:09:00.248836-07:00,NHL,NHL,2026010016,2026-09-21T23:00:00Z,Buffalo,Pittsburgh,NHL_WEB,FUT
NHLWEB-2026010017-20260919T010900Z,2026-09-18T18:09:00.248836-07:00,NHL,NHL,2026010017,2026-09-21T23:00:00Z,Detroit,Columbus,NHL_WEB,FUT
NHLWEB-2026010019-20260919T010900Z,2026-09-18T18:09:00.248836-07:00,NHL,NHL,2026010019,2026-09-21T23:00:00Z,New York,New Jersey,NHL_WEB,FUT
NHLWEB-2026010020-20260919T010900Z,2026-09-18T18:09:00.248836-07:00,NHL,NHL,2026010020,2026-09-21T23:00:00Z,Philadelphia,Washington,NHL_WEB,FUT
NHLWEB-2026010022-20260919T010900Z,2026-09-18T18:09:00.248836-07:00,NHL,NHL,2026010022,2026-09-21T23:00:00Z,Ottawa,Montréal,NHL_WEB,FUT
NHLWEB-2026010015-20260919T010900Z,2026-09-18T18:09:00.248836-07:00,NHL,NHL,2026010015,2026-09-22T00:00:00Z,Colorado,Winnipeg,NHL_WEB,FUT
NHLWEB-2026010018-20260919T010900Z,2026-09-18T18:09:00.248836-07:00,NHL,NHL,2026010018,2026-09-22T00:00:00Z,Minnesota,Chicago,NHL_WEB,FUT
NHLWEB-2026010021-20260919T010900Z,2026-09-18T18:09:00.248836-07:00,NHL,NHL,2026010021,2026-09-22T00:00:00Z,St. Louis,Dallas,NHL_WEB,FUT
NHLWEB-2026010024-20260919T010900Z,2026-09-18T18:09:00.248836-07:00,NHL,NHL,2026010024,2026-09-22T23:00:00Z,Columbus,Buffalo,NHL_WEB,FUT
NHLWEB-2026010025-20260919T010900Z,2026-09-18T18:09:00.248836-07:00,NHL,NHL,2026010025,2026-09-22T23:00:00Z,Detroit,Pittsburgh,NHL_WEB,FUT
NHLWEB-2026010026-20260919T010900Z,2026-09-18T18:09:00.248836-07:00,NHL,NHL,2026010026,2026-09-22T23:00:00Z,Florida,Carolina,NHL_WEB,FUT
NHLWEB-2026010027-20260919T010900Z,2026-09-18T18:09:00.248836-07:00,NHL,NHL,2026010027,2026-09-22T23:00:00Z,New York,New York,NHL_WEB,FUT
NHLWEB-2026010028-20260919T010900Z,2026-09-18T18:09:00.248836-07:00,NHL,NHL,2026010028,2026-09-22T23:00:00Z,Philadelphia,Boston,NHL_WEB,FUT
NHLWEB-2026010023-20260919T010900Z,2026-09-18T18:09:00.248836-07:00,NHL,NHL,2026010023,2026-09-23T00:00:00Z,Edmonton,Winnipeg,NHL_WEB,FUT
NHLWEB-2026010029-20260919T010900Z,2026-09-18T18:09:00.248836-07:00,NHL,NHL,2026010029,2026-09-23T00:00:00Z,Tampa Bay,Nashville,NHL_WEB,FUT
NHLWEB-2026010031-20260919T010900Z,2026-09-18T18:09:00.248836-07:00,NHL,NHL,2026010031,2026-09-23T01:00:00Z,Vancouver,Calgary,NHL_WEB,FUT
NHLWEB-2026010030-20260919T010900Z,2026-09-18T18:09:00.248836-07:00,NHL,NHL,2026010030,2026-09-23T02:00:00Z,Utah,Los Angeles,NHL_WEB,FUT
NHLWEB-2026010032-20260919T010900Z,2026-09-18T18:09:00.248836-07:00,NHL,NHL,2026010032,2026-09-23T02:00:00Z,Vegas,San Jose,NHL_WEB,FUT
NHLWEB-2026010035-20260919T010900Z,2026-09-18T18:09:00.248836-07:00,NHL,NHL,2026010035,2026-09-23T23:00:00Z,Ottawa,Toronto,NHL_WEB,FUT
NHLWEB-2026010036-20260919T010900Z,2026-09-18T18:09:00.248836-07:00,NHL,NHL,2026010036,2026-09-23T23:00:00Z,Toronto,Ottawa,NHL_WEB,FUT
NHLWEB-2026010034-20260919T010900Z,2026-09-18T18:09:00.248836-07:00,NHL,NHL,2026010034,2026-09-24T00:00:00Z,Minnesota,Dallas,NHL_WEB,FUT
NHLWEB-2026010033-20260919T010900Z,2026-09-18T18:09:00.248836-07:00,NHL,NHL,2026010033,2026-09-24T02:00:00Z,Los Angeles,Anaheim,NHL_WEB,FUT
NHLWEB-2026010040-20260919T010900Z,2026-09-18T18:09:00.248836-07:00,NHL,NHL,2026010040,2026-09-24T23:00:00Z,Boston,Philadelphia,NHL_WEB,FUT
NHLWEB-2026010041-20260919T010900Z,2026-09-18T18:09:00.248836-07:00,NHL,NHL,2026010041,2026-09-24T23:00:00Z,Buffalo,Detroit,NHL_WEB,FUT
NHLWEB-2026010043-20260919T010900Z,2026-09-18T18:09:00.248836-07:00,NHL,NHL,2026010043,2026-09-24T23:00:00Z,Florida,Tampa Bay,NHL_WEB,FUT
NHLWEB-2026010044-20260919T010900Z,2026-09-18T18:09:00.248836-07:00,NHL,NHL,2026010044,2026-09-24T23:00:00Z,Nashville,Carolina,NHL_WEB,FUT
NHLWEB-2026010045-20260919T010900Z,2026-09-18T18:09:00.248836-07:00,NHL,NHL,2026010045,2026-09-24T23:00:00Z,New Jersey,New York,NHL_WEB,FUT
NHLWEB-2026010046-20260919T010900Z,2026-09-18T18:09:00.248836-07:00,NHL,NHL,2026010046,2026-09-24T23:00:00Z,Pittsburgh,Columbus,NHL_WEB,FUT
NHLWEB-2026010042-20260919T010900Z,2026-09-18T18:09:00.248836-07:00,NHL,NHL,2026010042,2026-09-25T00:00:00Z,Chicago,St. Louis,NHL_WEB,FUT
NHLWEB-2026010037-20260919T010900Z,2026-09-18T18:09:00.248836-07:00,NHL,NHL,2026010037,2026-09-25T01:00:00Z,Edmonton,Vancouver,NHL_WEB,FUT
NHLWEB-2026010038-20260919T010900Z,2026-09-18T18:09:00.248836-07:00,NHL,NHL,2026010038,2026-09-25T01:40:00Z,Calgary,Seattle,NHL_WEB,FUT
NHLWEB-2026010039-20260919T010900Z,2026-09-18T18:09:00.248836-07:00,NHL,NHL,2026010039,2026-09-25T02:00:00Z,Anaheim,San Jose,NHL_WEB,FUT
NHLWEB-2026010047-20260919T010900Z,2026-09-18T18:09:00.248836-07:00,NHL,NHL,2026010047,2026-09-25T02:00:00Z,Utah,Vegas,NHL_WEB,FUT
NHLWEB-2026010049-20260919T010900Z,2026-09-18T18:09:00.248836-07:00,NHL,NHL,2026010049,2026-09-25T23:00:00Z,Boston,Washington,NHL_WEB,FUT
NHLWEB-2026010051-20260919T010900Z,2026-09-18T18:09:00.248836-07:00,NHL,NHL,2026010051,2026-09-25T23:30:00Z,New York,New York,NHL_WEB,FUT
NHLWEB-2026010050-20260919T010900Z,2026-09-18T18:09:00.248836-07:00,NHL,NHL,2026010050,2026-09-26T00:00:00Z,Dallas,Minnesota,NHL_WEB,FUT
NHLWEB-2026010048-20260919T010900Z,2026-09-18T18:09:00.248836-07:00,NHL,NHL,2026010048,2026-09-26T00:30:00Z,Winnipeg,Colorado,NHL_WEB,FUT
NHLWEB-2026010001-20260919T180649Z,2026-09-19T11:06:49.180990-07:00,NHL,NHL,2026010001,2026-09-19T23:00:00Z,Dallas,St. Louis,NHL_WEB,FUT
NHLWEB-2026010006-20260919T180649Z,2026-09-19T11:06:49.180990-07:00,NHL,NHL,2026010006,2026-09-19T23:00:00Z,Montréal,Toronto,NHL_WEB,FUT
NHLWEB-2026010007-20260919T180649Z,2026-09-19T11:06:49.180990-07:00,NHL,NHL,2026010007,2026-09-19T23:00:00Z,Toronto,Montréal,NHL_WEB,FUT
NHLWEB-2026010003-20260919T180649Z,2026-09-19T11:06:49.180990-07:00,NHL,NHL,2026010003,2026-09-20T00:00:00Z,Winnipeg,Edmonton,NHL_WEB,FUT
NHLWEB-2026010004-20260919T180649Z,2026-09-19T11:06:49.180990-07:00,NHL,NHL,2026010004,2026-09-20T00:00:00Z,Chicago,Minnesota,NHL_WEB,FUT
NHLWEB-2026010002-20260919T180649Z,2026-09-19T11:06:49.180990-07:00,NHL,NHL,2026010002,2026-09-20T01:00:00Z,Vegas,Los Angeles,NHL_WEB,FUT
NHLWEB-2026010005-20260919T180649Z,2026-09-19T11:06:49.180990-07:00,NHL,NHL,2026010005,2026-09-20T01:00:00Z,Vancouver,Seattle,NHL_WEB,FUT
NHLWEB-2026010008-20260919T180649Z,2026-09-19T11:06:49.180990-07:00,NHL,NHL,2026010008,2026-09-20T17:00:00Z,New York,New Jersey,NHL_WEB,FUT
NHLWEB-2026010009-20260919T180649Z,2026-09-19T11:06:49.180990-07:00,NHL,NHL,2026010009,2026-09-20T20:00:00Z,San Jose,Anaheim,NHL_WEB,FUT
NHLWEB-2026010011-20260919T180649Z,2026-09-19T11:06:49.180990-07:00,NHL,NHL,2026010011,2026-09-20T21:00:00Z,Nashville,Tampa Bay,NHL_WEB,FUT
NHLWEB-2026010013-20260919T180649Z,2026-09-19T11:06:49.180990-07:00,NHL,NHL,2026010013,2026-09-20T21:00:00Z,Washington,Boston,NHL_WEB,FUT
NHLWEB-2026010010-20260919T180649Z,2026-09-19T11:06:49.180990-07:00,NHL,NHL,2026010010,2026-09-20T23:00:00Z,Carolina,Florida,NHL_WEB,FUT
NHLWEB-2026010012-20260919T180649Z,2026-09-19T11:06:49.180990-07:00,NHL,NHL,2026010012,2026-09-20T23:00:00Z,Utah,Colorado,NHL_WEB,FUT
NHLWEB-2026010014-20260919T180649Z,2026-09-19T11:06:49.180990-07:00,NHL,NHL,2026010014,2026-09-21T00:00:00Z,Seattle,Calgary,NHL_WEB,FUT
NHLWEB-2026010016-20260919T180649Z,2026-09-19T11:06:49.180990-07:00,NHL,NHL,2026010016,2026-09-21T23:00:00Z,Buffalo,Pittsburgh,NHL_WEB,FUT
NHLWEB-2026010017-20260919T180649Z,2026-09-19T11:06:49.180990-07:00,NHL,NHL,2026010017,2026-09-21T23:00:00Z,Detroit,Columbus,NHL_WEB,FUT
NHLWEB-2026010019-20260919T180649Z,2026-09-19T11:06:49.180990-07:00,NHL,NHL,2026010019,2026-09-21T23:00:00Z,New York,New Jersey,NHL_WEB,FUT
NHLWEB-2026010020-20260919T180649Z,2026-09-19T11:06:49.180990-07:00,NHL,NHL,2026010020,2026-09-21T23:00:00Z,Philadelphia,Washington,NHL_WEB,FUT
NHLWEB-2026010022-20260919T180649Z,2026-09-19T11:06:49.180990-07:00,NHL,NHL,2026010022,2026-09-21T23:00:00Z,Ottawa,Montréal,NHL_WEB,FUT
NHLWEB-2026010015-20260919T180649Z,2026-09-19T11:06:49.180990-07:00,NHL,NHL,2026010015,2026-09-22T00:00:00Z,Colorado,Winnipeg,NHL_WEB,FUT
NHLWEB-2026010018-20260919T180649Z,2026-09-19T11:06:49.180990-07:00,NHL,NHL,2026010018,2026-09-22T00:00:00Z,Minnesota,Chicago,NHL_WEB,FUT
NHLWEB-2026010021-20260919T180649Z,2026-09-19T11:06:49.180990-07:00,NHL,NHL,2026010021,2026-09-22T00:00:00Z,St. Louis,Dallas,NHL_WEB,FUT
NHLWEB-2026010024-20260919T180649Z,2026-09-19T11:06:49.180990-07:00,NHL,NHL,2026010024,2026-09-22T23:00:00Z,Columbus,Buffalo,NHL_WEB,FUT
NHLWEB-2026010025-20260919T180649Z,2026-09-19T11:06:49.180990-07:00,NHL,NHL,2026010025,2026-09-22T23:00:00Z,Detroit,Pittsburgh,NHL_WEB,FUT
NHLWEB-2026010026-20260919T180649Z,2026-09-19T11:06:49.180990-07:00,NHL,NHL,2026010026,2026-09-22T23:00:00Z,Florida,Carolina,NHL_WEB,FUT
NHLWEB-2026010027-20260919T180649Z,2026-09-19T11:06:49.180990-07:00,NHL,NHL,2026010027,2026-09-22T23:00:00Z,New York,New York,NHL_WEB,FUT
NHLWEB-2026010028-20260919T180649Z,2026-09-19T11:06:49.180990-07:00,NHL,NHL,2026010028,2026-09-22T23:00:00Z,Philadelphia,Boston,NHL_WEB,FUT
NHLWEB-2026010023-20260919T180649Z,2026-09-19T11:06:49.180990-07:00,NHL,NHL,2026010023,2026-09-23T00:00:00Z,Edmonton,Winnipeg,NHL_WEB,FUT
NHLWEB-2026010029-20260919T180649Z,2026-09-19T11:06:49.180990-07:00,NHL,NHL,2026010029,2026-09-23T00:00:00Z,Tampa Bay,Nashville,NHL_WEB,FUT
NHLWEB-2026010031-20260919T180649Z,2026-09-19T11:06:49.180990-07:00,NHL,NHL,2026010031,2026-09-23T01:00:00Z,Vancouver,Calgary,NHL_WEB,FUT
NHLWEB-2026010030-20260919T180649Z,2026-09-19T11:06:49.180990-07:00,NHL,NHL,2026010030,2026-09-23T02:00:00Z,Utah,Los Angeles,NHL_WEB,FUT
NHLWEB-2026010032-20260919T180649Z,2026-09-19T11:06:49.180990-07:00,NHL,NHL,2026010032,2026-09-23T02:00:00Z,Vegas,San Jose,NHL_WEB,FUT
NHLWEB-2026010035-20260919T180649Z,2026-09-19T11:06:49.180990-07:00,NHL,NHL,2026010035,2026-09-23T23:00:00Z,Ottawa,Toronto,NHL_WEB,FUT
NHLWEB-2026010036-20260919T180649Z,2026-09-19T11:06:49.180990-07:00,NHL,NHL,2026010036,2026-09-23T23:00:00Z,Toronto,Ottawa,NHL_WEB,FUT
NHLWEB-2026010034-20260919T180649Z,2026-09-19T11:06:49.180990-07:00,NHL,NHL,2026010034,2026-09-24T00:00:00Z,Minnesota,Dallas,NHL_WEB,FUT
NHLWEB-2026010033-20260919T180649Z,2026-09-19T11:06:49.180990-07:00,NHL,NHL,2026010033,2026-09-24T02:00:00Z,Los Angeles,Anaheim,NHL_WEB,FUT
NHLWEB-2026010040-20260919T180649Z,2026-09-19T11:06:49.180990-07:00,NHL,NHL,2026010040,2026-09-24T23:00:00Z,Boston,Philadelphia,NHL_WEB,FUT
NHLWEB-2026010041-20260919T180649Z,2026-09-19T11:06:49.180990-07:00,NHL,NHL,2026010041,2026-09-24T23:00:00Z,Buffalo,Detroit,NHL_WEB,FUT
NHLWEB-2026010043-20260919T180649Z,2026-09-19T11:06:49.180990-07:00,NHL,NHL,2026010043,2026-09-24T23:00:00Z,Florida,Tampa Bay,NHL_WEB,FUT
NHLWEB-2026010044-20260919T180649Z,2026-09-19T11:06:49.180990-07:00,NHL,NHL,2026010044,2026-09-24T23:00:00Z,Nashville,Carolina,NHL_WEB,FUT
NHLWEB-2026010045-20260919T180649Z,2026-09-19T11:06:49.180990-07:00,NHL,NHL,2026010045,2026-09-24T23:00:00Z,New Jersey,New York,NHL_WEB,FUT
NHLWEB-2026010046-20260919T180649Z,2026-09-19T11:06:49.180990-07:00,NHL,NHL,2026010046,2026-09-24T23:00:00Z,Pittsburgh,Columbus,NHL_WEB,FUT
NHLWEB-2026010042-20260919T180649Z,2026-09-19T11:06:49.180990-07:00,NHL,NHL,2026010042,2026-09-25T00:00:00Z,Chicago,St. Louis,NHL_WEB,FUT
NHLWEB-2026010037-20260919T180649Z,2026-09-19T11:06:49.180990-07:00,NHL,NHL,2026010037,2026-09-25T01:00:00Z,Edmonton,Vancouver,NHL_WEB,FUT
NHLWEB-2026010038-20260919T180649Z,2026-09-19T11:06:49.180990-07:00,NHL,NHL,2026010038,2026-09-25T01:40:00Z,Calgary,Seattle,NHL_WEB,FUT
NHLWEB-2026010039-20260919T180649Z,2026-09-19T11:06:49.180990-07:00,NHL,NHL,2026010039,2026-09-25T02:00:00Z,Anaheim,San Jose,NHL_WEB,FUT
NHLWEB-2026010047-20260919T180649Z,2026-09-19T11:06:49.180990-07:00,NHL,NHL,2026010047,2026-09-25T02:00:00Z,Utah,Vegas,NHL_WEB,FUT
NHLWEB-2026010049-20260919T180649Z,2026-09-19T11:06:49.180990-07:00,NHL,NHL,2026010049,2026-09-25T23:00:00Z,Boston,Washington,NHL_WEB,FUT
NHLWEB-2026010051-20260919T180649Z,2026-09-19T11:06:49.180990-07:00,NHL,NHL,2026010051,2026-09-25T23:30:00Z,New York,New York,NHL_WEB,FUT
NHLWEB-2026010050-20260919T180649Z,2026-09-19T11:06:49.180990-07:00,NHL,NHL,2026010050,2026-09-26T00:00:00Z,Dallas,Minnesota,NHL_WEB,FUT
NHLWEB-2026010048-20260919T180649Z,2026-09-19T11:06:49.180990-07:00,NHL,NHL,2026010048,2026-09-26T00:30:00Z,Winnipeg,Colorado,NHL_WEB,FUT
NHLWEB-2026010001-20260919T181047Z,2026-09-19T11:10:47.184928-07:00,NHL,NHL,2026010001,2026-09-19T23:00:00Z,Dallas,St. Louis,NHL_WEB,FUT
NHLWEB-2026010006-20260919T181047Z,2026-09-19T11:10:47.184928-07:00,NHL,NHL,2026010006,2026-09-19T23:00:00Z,Montréal,Toronto,NHL_WEB,FUT
NHLWEB-2026010007-20260919T181047Z,2026-09-19T11:10:47.184928-07:00,NHL,NHL,2026010007,2026-09-19T23:00:00Z,Toronto,Montréal,NHL_WEB,FUT
NHLWEB-2026010003-20260919T181047Z,2026-09-19T11:10:47.184928-07:00,NHL,NHL,2026010003,2026-09-20T00:00:00Z,Winnipeg,Edmonton,NHL_WEB,FUT
NHLWEB-2026010004-20260919T181047Z,2026-09-19T11:10:47.184928-07:00,NHL,NHL,2026010004,2026-09-20T00:00:00Z,Chicago,Minnesota,NHL_WEB,FUT
NHLWEB-2026010002-20260919T181047Z,2026-09-19T11:10:47.184928-07:00,NHL,NHL,2026010002,2026-09-20T01:00:00Z,Vegas,Los Angeles,NHL_WEB,FUT
NHLWEB-2026010005-20260919T181047Z,2026-09-19T11:10:47.184928-07:00,NHL,NHL,2026010005,2026-09-20T01:00:00Z,Vancouver,Seattle,NHL_WEB,FUT
NHLWEB-2026010008-20260919T181047Z,2026-09-19T11:10:47.184928-07:00,NHL,NHL,2026010008,2026-09-20T17:00:00Z,New York,New Jersey,NHL_WEB,FUT
NHLWEB-2026010009-20260919T181047Z,2026-09-19T11:10:47.184928-07:00,NHL,NHL,2026010009,2026-09-20T20:00:00Z,San Jose,Anaheim,NHL_WEB,FUT
NHLWEB-2026010011-20260919T181047Z,2026-09-19T11:10:47.184928-07:00,NHL,NHL,2026010011,2026-09-20T21:00:00Z,Nashville,Tampa Bay,NHL_WEB,FUT
NHLWEB-2026010013-20260919T181047Z,2026-09-19T11:10:47.184928-07:00,NHL,NHL,2026010013,2026-09-20T21:00:00Z,Washington,Boston,NHL_WEB,FUT
NHLWEB-2026010010-20260919T181047Z,2026-09-19T11:10:47.184928-07:00,NHL,NHL,2026010010,2026-09-20T23:00:00Z,Carolina,Florida,NHL_WEB,FUT
NHLWEB-2026010012-20260919T181047Z,2026-09-19T11:10:47.184928-07:00,NHL,NHL,2026010012,2026-09-20T23:00:00Z,Utah,Colorado,NHL_WEB,FUT
NHLWEB-2026010014-20260919T181047Z,2026-09-19T11:10:47.184928-07:00,NHL,NHL,2026010014,2026-09-21T00:00:00Z,Seattle,Calgary,NHL_WEB,FUT
NHLWEB-2026010016-20260919T181047Z,2026-09-19T11:10:47.184928-07:00,NHL,NHL,2026010016,2026-09-21T23:00:00Z,Buffalo,Pittsburgh,NHL_WEB,FUT
NHLWEB-2026010017-20260919T181047Z,2026-09-19T11:10:47.184928-07:00,NHL,NHL,2026010017,2026-09-21T23:00:00Z,Detroit,Columbus,NHL_WEB,FUT
NHLWEB-2026010019-20260919T181047Z,2026-09-19T11:10:47.184928-07:00,NHL,NHL,2026010019,2026-09-21T23:00:00Z,New York,New Jersey,NHL_WEB,FUT
NHLWEB-2026010020-20260919T181047Z,2026-09-19T11:10:47.184928-07:00,NHL,NHL,2026010020,2026-09-21T23:00:00Z,Philadelphia,Washington,NHL_WEB,FUT
NHLWEB-2026010022-20260919T181047Z,2026-09-19T11:10:47.184928-07:00,NHL,NHL,2026010022,2026-09-21T23:00:00Z,Ottawa,Montréal,NHL_WEB,FUT
NHLWEB-2026010015-20260919T181047Z,2026-09-19T11:10:47.184928-07:00,NHL,NHL,2026010015,2026-09-22T00:00:00Z,Colorado,Winnipeg,NHL_WEB,FUT
NHLWEB-2026010018-20260919T181047Z,2026-09-19T11:10:47.184928-07:00,NHL,NHL,2026010018,2026-09-22T00:00:00Z,Minnesota,Chicago,NHL_WEB,FUT
NHLWEB-2026010021-20260919T181047Z,2026-09-19T11:10:47.184928-07:00,NHL,NHL,2026010021,2026-09-22T00:00:00Z,St. Louis,Dallas,NHL_WEB,FUT
NHLWEB-2026010024-20260919T181047Z,2026-09-19T11:10:47.184928-07:00,NHL,NHL,2026010024,2026-09-22T23:00:00Z,Columbus,Buffalo,NHL_WEB,FUT
NHLWEB-2026010025-20260919T181047Z,2026-09-19T11:10:47.184928-07:00,NHL,NHL,2026010025,2026-09-22T23:00:00Z,Detroit,Pittsburgh,NHL_WEB,FUT
NHLWEB-2026010026-20260919T181047Z,2026-09-19T11:10:47.184928-07:00,NHL,NHL,2026010026,2026-09-22T23:00:00Z,Florida,Carolina,NHL_WEB,FUT
NHLWEB-2026010027-20260919T181047Z,2026-09-19T11:10:47.184928-07:00,NHL,NHL,2026010027,2026-09-22T23:00:00Z,New York,New York,NHL_WEB,FUT
NHLWEB-2026010028-20260919T181047Z,2026-09-19T11:10:47.184928-07:00,NHL,NHL,2026010028,2026-09-22T23:00:00Z,Philadelphia,Boston,NHL_WEB,FUT
NHLWEB-2026010023-20260919T181047Z,2026-09-19T11:10:47.184928-07:00,NHL,NHL,2026010023,2026-09-23T00:00:00Z,Edmonton,Winnipeg,NHL_WEB,FUT
NHLWEB-2026010029-20260919T181047Z,2026-09-19T11:10:47.184928-07:00,NHL,NHL,2026010029,2026-09-23T00:00:00Z,Tampa Bay,Nashville,NHL_WEB,FUT
NHLWEB-2026010031-20260919T181047Z,2026-09-19T11:10:47.184928-07:00,NHL,NHL,2026010031,2026-09-23T01:00:00Z,Vancouver,Calgary,NHL_WEB,FUT
NHLWEB-2026010030-20260919T181047Z,2026-09-19T11:10:47.184928-07:00,NHL,NHL,2026010030,2026-09-23T02:00:00Z,Utah,Los Angeles,NHL_WEB,FUT
NHLWEB-2026010032-20260919T181047Z,2026-09-19T11:10:47.184928-07:00,NHL,NHL,2026010032,2026-09-23T02:00:00Z,Vegas,San Jose,NHL_WEB,FUT
NHLWEB-2026010035-20260919T181047Z,2026-09-19T11:10:47.184928-07:00,NHL,NHL,2026010035,2026-09-23T23:00:00Z,Ottawa,Toronto,NHL_WEB,FUT
NHLWEB-2026010036-20260919T181047Z,2026-09-19T11:10:47.184928-07:00,NHL,NHL,2026010036,2026-09-23T23:00:00Z,Toronto,Ottawa,NHL_WEB,FUT
NHLWEB-2026010034-20260919T181047Z,2026-09-19T11:10:47.184928-07:00,NHL,NHL,2026010034,2026-09-24T00:00:00Z,Minnesota,Dallas,NHL_WEB,FUT
NHLWEB-2026010033-20260919T181047Z,2026-09-19T11:10:47.184928-07:00,NHL,NHL,2026010033,2026-09-24T02:00:00Z,Los Angeles,Anaheim,NHL_WEB,FUT
NHLWEB-2026010040-20260919T181047Z,2026-09-19T11:10:47.184928-07:00,NHL,NHL,2026010040,2026-09-24T23:00:00Z,Boston,Philadelphia,NHL_WEB,FUT
NHLWEB-2026010041-20260919T181047Z,2026-09-19T11:10:47.184928-07:00,NHL,NHL,2026010041,2026-09-24T23:00:00Z,Buffalo,Detroit,NHL_WEB,FUT
NHLWEB-2026010043-20260919T181047Z,2026-09-19T11:10:47.184928-07:00,NHL,NHL,2026010043,2026-09-24T23:00:00Z,Florida,Tampa Bay,NHL_WEB,FUT
NHLWEB-2026010044-20260919T181047Z,2026-09-19T11:10:47.184928-07:00,NHL,NHL,2026010044,2026-09-24T23:00:00Z,Nashville,Carolina,NHL_WEB,FUT
NHLWEB-2026010045-20260919T181047Z,2026-09-19T11:10:47.184928-07:00,NHL,NHL,2026010045,2026-09-24T23:00:00Z,New Jersey,New York,NHL_WEB,FUT
NHLWEB-2026010046-20260919T181047Z,2026-09-19T11:10:47.184928-07:00,NHL,NHL,2026010046,2026-09-24T23:00:00Z,Pittsburgh,Columbus,NHL_WEB,FUT
NHLWEB-2026010042-20260919T181047Z,2026-09-19T11:10:47.184928-07:00,NHL,NHL,2026010042,2026-09-25T00:00:00Z,Chicago,St. Louis,NHL_WEB,FUT
NHLWEB-2026010037-20260919T181047Z,2026-09-19T11:10:47.184928-07:00,NHL,NHL,2026010037,2026-09-25T01:00:00Z,Edmonton,Vancouver,NHL_WEB,FUT
NHLWEB-2026010038-20260919T181047Z,2026-09-19T11:10:47.184928-07:00,NHL,NHL,2026010038,2026-09-25T01:40:00Z,Calgary,Seattle,NHL_WEB,FUT
NHLWEB-2026010039-20260919T181047Z,2026-09-19T11:10:47.184928-07:00,NHL,NHL,2026010039,2026-09-25T02:00:00Z,Anaheim,San Jose,NHL_WEB,FUT
NHLWEB-2026010047-20260919T181047Z,2026-09-19T11:10:47.184928-07:00,NHL,NHL,2026010047,2026-09-25T02:00:00Z,Utah,Vegas,NHL_WEB,FUT
NHLWEB-2026010049-20260919T181047Z,2026-09-19T11:10:47.184928-07:00,NHL,NHL,2026010049,2026-09-25T23:00:00Z,Boston,Washington,NHL_WEB,FUT
NHLWEB-2026010051-20260919T181047Z,2026-09-19T11:10:47.184928-07:00,NHL,NHL,2026010051,2026-09-25T23:30:00Z,New York,New York,NHL_WEB,FUT
NHLWEB-2026010050-20260919T181047Z,2026-09-19T11:10:47.184928-07:00,NHL,NHL,2026010050,2026-09-26T00:00:00Z,Dallas,Minnesota,NHL_WEB,FUT
NHLWEB-2026010048-20260919T181047Z,2026-09-19T11:10:47.184928-07:00,NHL,NHL,2026010048,2026-09-26T00:30:00Z,Winnipeg,Colorado,NHL_WEB,FUT
NHLWEB-2026010001-20260919T181440Z,2026-09-19T11:14:40.198163-07:00,NHL,NHL,2026010001,2026-09-19T23:00:00Z,Dallas,St. Louis,NHL_WEB,FUT
NHLWEB-2026010006-20260919T181440Z,2026-09-19T11:14:40.198163-07:00,NHL,NHL,2026010006,2026-09-19T23:00:00Z,Montréal,Toronto,NHL_WEB,FUT
NHLWEB-2026010007-20260919T181440Z,2026-09-19T11:14:40.198163-07:00,NHL,NHL,2026010007,2026-09-19T23:00:00Z,Toronto,Montréal,NHL_WEB,FUT
NHLWEB-2026010003-20260919T181440Z,2026-09-19T11:14:40.198163-07:00,NHL,NHL,2026010003,2026-09-20T00:00:00Z,Winnipeg,Edmonton,NHL_WEB,FUT
NHLWEB-2026010004-20260919T181440Z,2026-09-19T11:14:40.198163-07:00,NHL,NHL,2026010004,2026-09-20T00:00:00Z,Chicago,Minnesota,NHL_WEB,FUT
NHLWEB-2026010002-20260919T181440Z,2026-09-19T11:14:40.198163-07:00,NHL,NHL,2026010002,2026-09-20T01:00:00Z,Vegas,Los Angeles,NHL_WEB,FUT
NHLWEB-2026010005-20260919T181440Z,2026-09-19T11:14:40.198163-07:00,NHL,NHL,2026010005,2026-09-20T01:00:00Z,Vancouver,Seattle,NHL_WEB,FUT
NHLWEB-2026010008-20260919T181440Z,2026-09-19T11:14:40.198163-07:00,NHL,NHL,2026010008,2026-09-20T17:00:00Z,New York,New Jersey,NHL_WEB,FUT
NHLWEB-2026010009-20260919T181440Z,2026-09-19T11:14:40.198163-07:00,NHL,NHL,2026010009,2026-09-20T20:00:00Z,San Jose,Anaheim,NHL_WEB,FUT
NHLWEB-2026010011-20260919T181440Z,2026-09-19T11:14:40.198163-07:00,NHL,NHL,2026010011,2026-09-20T21:00:00Z,Nashville,Tampa Bay,NHL_WEB,FUT
NHLWEB-2026010013-20260919T181440Z,2026-09-19T11:14:40.198163-07:00,NHL,NHL,2026010013,2026-09-20T21:00:00Z,Washington,Boston,NHL_WEB,FUT
NHLWEB-2026010010-20260919T181440Z,2026-09-19T11:14:40.198163-07:00,NHL,NHL,2026010010,2026-09-20T23:00:00Z,Carolina,Florida,NHL_WEB,FUT
NHLWEB-2026010012-20260919T181440Z,2026-09-19T11:14:40.198163-07:00,NHL,NHL,2026010012,2026-09-20T23:00:00Z,Utah,Colorado,NHL_WEB,FUT
NHLWEB-2026010014-20260919T181440Z,2026-09-19T11:14:40.198163-07:00,NHL,NHL,2026010014,2026-09-21T00:00:00Z,Seattle,Calgary,NHL_WEB,FUT
NHLWEB-2026010016-20260919T181440Z,2026-09-19T11:14:40.198163-07:00,NHL,NHL,2026010016,2026-09-21T23:00:00Z,Buffalo,Pittsburgh,NHL_WEB,FUT
NHLWEB-2026010017-20260919T181440Z,2026-09-19T11:14:40.198163-07:00,NHL,NHL,2026010017,2026-09-21T23:00:00Z,Detroit,Columbus,NHL_WEB,FUT
NHLWEB-2026010019-20260919T181440Z,2026-09-19T11:14:40.198163-07:00,NHL,NHL,2026010019,2026-09-21T23:00:00Z,New York,New Jersey,NHL_WEB,FUT
NHLWEB-2026010020-20260919T181440Z,2026-09-19T11:14:40.198163-07:00,NHL,NHL,2026010020,2026-09-21T23:00:00Z,Philadelphia,Washington,NHL_WEB,FUT
NHLWEB-2026010022-20260919T181440Z,2026-09-19T11:14:40.198163-07:00,NHL,NHL,2026010022,2026-09-21T23:00:00Z,Ottawa,Montréal,NHL_WEB,FUT
NHLWEB-2026010015-20260919T181440Z,2026-09-19T11:14:40.198163-07:00,NHL,NHL,2026010015,2026-09-22T00:00:00Z,Colorado,Winnipeg,NHL_WEB,FUT
NHLWEB-2026010018-20260919T181440Z,2026-09-19T11:14:40.198163-07:00,NHL,NHL,2026010018,2026-09-22T00:00:00Z,Minnesota,Chicago,NHL_WEB,FUT
NHLWEB-2026010021-20260919T181440Z,2026-09-19T11:14:40.198163-07:00,NHL,NHL,2026010021,2026-09-22T00:00:00Z,St. Louis,Dallas,NHL_WEB,FUT
NHLWEB-2026010024-20260919T181440Z,2026-09-19T11:14:40.198163-07:00,NHL,NHL,2026010024,2026-09-22T23:00:00Z,Columbus,Buffalo,NHL_WEB,FUT
NHLWEB-2026010025-20260919T181440Z,2026-09-19T11:14:40.198163-07:00,NHL,NHL,2026010025,2026-09-22T23:00:00Z,Detroit,Pittsburgh,NHL_WEB,FUT
NHLWEB-2026010026-20260919T181440Z,2026-09-19T11:14:40.198163-07:00,NHL,NHL,2026010026,2026-09-22T23:00:00Z,Florida,Carolina,NHL_WEB,FUT
NHLWEB-2026010027-20260919T181440Z,2026-09-19T11:14:40.198163-07:00,NHL,NHL,2026010027,2026-09-22T23:00:00Z,New York,New York,NHL_WEB,FUT
NHLWEB-2026010028-20260919T181440Z,2026-09-19T11:14:40.198163-07:00,NHL,NHL,2026010028,2026-09-22T23:00:00Z,Philadelphia,Boston,NHL_WEB,FUT
NHLWEB-2026010023-20260919T181440Z,2026-09-19T11:14:40.198163-07:00,NHL,NHL,2026010023,2026-09-23T00:00:00Z,Edmonton,Winnipeg,NHL_WEB,FUT
NHLWEB-2026010029-20260919T181440Z,2026-09-19T11:14:40.198163-07:00,NHL,NHL,2026010029,2026-09-23T00:00:00Z,Tampa Bay,Nashville,NHL_WEB,FUT
NHLWEB-2026010031-20260919T181440Z,2026-09-19T11:14:40.198163-07:00,NHL,NHL,2026010031,2026-09-23T01:00:00Z,Vancouver,Calgary,NHL_WEB,FUT
NHLWEB-2026010030-20260919T181440Z,2026-09-19T11:14:40.198163-07:00,NHL,NHL,2026010030,2026-09-23T02:00:00Z,Utah,Los Angeles,NHL_WEB,FUT
NHLWEB-2026010032-20260919T181440Z,2026-09-19T11:14:40.198163-07:00,NHL,NHL,2026010032,2026-09-23T02:00:00Z,Vegas,San Jose,NHL_WEB,FUT
NHLWEB-2026010035-20260919T181440Z,2026-09-19T11:14:40.198163-07:00,NHL,NHL,2026010035,2026-09-23T23:00:00Z,Ottawa,Toronto,NHL_WEB,FUT
NHLWEB-2026010036-20260919T181440Z,2026-09-19T11:14:40.198163-07:00,NHL,NHL,2026010036,2026-09-23T23:00:00Z,Toronto,Ottawa,NHL_WEB,FUT
NHLWEB-2026010034-20260919T181440Z,2026-09-19T11:14:40.198163-07:00,NHL,NHL,2026010034,2026-09-24T00:00:00Z,Minnesota,Dallas,NHL_WEB,FUT
NHLWEB-2026010033-20260919T181440Z,2026-09-19T11:14:40.198163-07:00,NHL,NHL,2026010033,2026-09-24T02:00:00Z,Los Angeles,Anaheim,NHL_WEB,FUT
NHLWEB-2026010040-20260919T181440Z,2026-09-19T11:14:40.198163-07:00,NHL,NHL,2026010040,2026-09-24T23:00:00Z,Boston,Philadelphia,NHL_WEB,FUT
NHLWEB-2026010041-20260919T181440Z,2026-09-19T11:14:40.198163-07:00,NHL,NHL,2026010041,2026-09-24T23:00:00Z,Buffalo,Detroit,NHL_WEB,FUT
NHLWEB-2026010043-20260919T181440Z,2026-09-19T11:14:40.198163-07:00,NHL,NHL,2026010043,2026-09-24T23:00:00Z,Florida,Tampa Bay,NHL_WEB,FUT
NHLWEB-2026010044-20260919T181440Z,2026-09-19T11:14:40.198163-07:00,NHL,NHL,2026010044,2026-09-24T23:00:00Z,Nashville,Carolina,NHL_WEB,FUT
NHLWEB-2026010045-20260919T181440Z,2026-09-19T11:14:40.198163-07:00,NHL,NHL,2026010045,2026-09-24T23:00:00Z,New Jersey,New York,NHL_WEB,FUT
NHLWEB-2026010046-20260919T181440Z,2026-09-19T11:14:40.198163-07:00,NHL,NHL,2026010046,2026-09-24T23:00:00Z,Pittsburgh,Columbus,NHL_WEB,FUT
NHLWEB-2026010042-20260919T181440Z,2026-09-19T11:14:40.198163-07:00,NHL,NHL,2026010042,2026-09-25T00:00:00Z,Chicago,St. Louis,NHL_WEB,FUT
NHLWEB-2026010037-20260919T181440Z,2026-09-19T11:14:40.198163-07:00,NHL,NHL,2026010037,2026-09-25T01:00:00Z,Edmonton,Vancouver,NHL_WEB,FUT
NHLWEB-2026010038-20260919T181440Z,2026-09-19T11:14:40.198163-07:00,NHL,NHL,2026010038,2026-09-25T01:40:00Z,Calgary,Seattle,NHL_WEB,FUT
NHLWEB-2026010039-20260919T181440Z,2026-09-19T11:14:40.198163-07:00,NHL,NHL,2026010039,2026-09-25T02:00:00Z,Anaheim,San Jose,NHL_WEB,FUT
NHLWEB-2026010047-20260919T181440Z,2026-09-19T11:14:40.198163-07:00,NHL,NHL,2026010047,2026-09-25T02:00:00Z,Utah,Vegas,NHL_WEB,FUT
NHLWEB-2026010049-20260919T181440Z,2026-09-19T11:14:40.198163-07:00,NHL,NHL,2026010049,2026-09-25T23:00:00Z,Boston,Washington,NHL_WEB,FUT
NHLWEB-2026010051-20260919T181440Z,2026-09-19T11:14:40.198163-07:00,NHL,NHL,2026010051,2026-09-25T23:30:00Z,New York,New York,NHL_WEB,FUT
NHLWEB-2026010050-20260919T181440Z,2026-09-19T11:14:40.198163-07:00,NHL,NHL,2026010050,2026-09-26T00:00:00Z,Dallas,Minnesota,NHL_WEB,FUT
NHLWEB-2026010048-20260919T181440Z,2026-09-19T11:14:40.198163-07:00,NHL,NHL,2026010048,2026-09-26T00:30:00Z,Winnipeg,Colorado,NHL_WEB,FUT
NHLWEB-2026010001-20260919T181947Z,2026-09-19T11:19:47.331888-07:00,NHL,NHL,2026010001,2026-09-19T23:00:00Z,Dallas,St. Louis,NHL_WEB,FUT
NHLWEB-2026010006-20260919T181947Z,2026-09-19T11:19:47.331888-07:00,NHL,NHL,2026010006,2026-09-19T23:00:00Z,Montréal,Toronto,NHL_WEB,FUT
NHLWEB-2026010007-20260919T181947Z,2026-09-19T11:19:47.331888-07:00,NHL,NHL,2026010007,2026-09-19T23:00:00Z,Toronto,Montréal,NHL_WEB,FUT
NHLWEB-2026010003-20260919T181947Z,2026-09-19T11:19:47.331888-07:00,NHL,NHL,2026010003,2026-09-20T00:00:00Z,Winnipeg,Edmonton,NHL_WEB,FUT
NHLWEB-2026010004-20260919T181947Z,2026-09-19T11:19:47.331888-07:00,NHL,NHL,2026010004,2026-09-20T00:00:00Z,Chicago,Minnesota,NHL_WEB,FUT
NHLWEB-2026010002-20260919T181947Z,2026-09-19T11:19:47.331888-07:00,NHL,NHL,2026010002,2026-09-20T01:00:00Z,Vegas,Los Angeles,NHL_WEB,FUT
NHLWEB-2026010005-20260919T181947Z,2026-09-19T11:19:47.331888-07:00,NHL,NHL,2026010005,2026-09-20T01:00:00Z,Vancouver,Seattle,NHL_WEB,FUT
NHLWEB-2026010008-20260919T181947Z,2026-09-19T11:19:47.331888-07:00,NHL,NHL,2026010008,2026-09-20T17:00:00Z,New York,New Jersey,NHL_WEB,FUT
NHLWEB-2026010009-20260919T181947Z,2026-09-19T11:19:47.331888-07:00,NHL,NHL,2026010009,2026-09-20T20:00:00Z,San Jose,Anaheim,NHL_WEB,FUT
NHLWEB-2026010011-20260919T181947Z,2026-09-19T11:19:47.331888-07:00,NHL,NHL,2026010011,2026-09-20T21:00:00Z,Nashville,Tampa Bay,NHL_WEB,FUT
NHLWEB-2026010013-20260919T181947Z,2026-09-19T11:19:47.331888-07:00,NHL,NHL,2026010013,2026-09-20T21:00:00Z,Washington,Boston,NHL_WEB,FUT
NHLWEB-2026010010-20260919T181947Z,2026-09-19T11:19:47.331888-07:00,NHL,NHL,2026010010,2026-09-20T23:00:00Z,Carolina,Florida,NHL_WEB,FUT
NHLWEB-2026010012-20260919T181947Z,2026-09-19T11:19:47.331888-07:00,NHL,NHL,2026010012,2026-09-20T23:00:00Z,Utah,Colorado,NHL_WEB,FUT
NHLWEB-2026010014-20260919T181947Z,2026-09-19T11:19:47.331888-07:00,NHL,NHL,2026010014,2026-09-21T00:00:00Z,Seattle,Calgary,NHL_WEB,FUT
NHLWEB-2026010016-20260919T181947Z,2026-09-19T11:19:47.331888-07:00,NHL,NHL,2026010016,2026-09-21T23:00:00Z,Buffalo,Pittsburgh,NHL_WEB,FUT
NHLWEB-2026010017-20260919T181947Z,2026-09-19T11:19:47.331888-07:00,NHL,NHL,2026010017,2026-09-21T23:00:00Z,Detroit,Columbus,NHL_WEB,FUT
NHLWEB-2026010019-20260919T181947Z,2026-09-19T11:19:47.331888-07:00,NHL,NHL,2026010019,2026-09-21T23:00:00Z,New York,New Jersey,NHL_WEB,FUT
NHLWEB-2026010020-20260919T181947Z,2026-09-19T11:19:47.331888-07:00,NHL,NHL,2026010020,2026-09-21T23:00:00Z,Philadelphia,Washington,NHL_WEB,FUT
NHLWEB-2026010022-20260919T181947Z,2026-09-19T11:19:47.331888-07:00,NHL,NHL,2026010022,2026-09-21T23:00:00Z,Ottawa,Montréal,NHL_WEB,FUT
NHLWEB-2026010015-20260919T181947Z,2026-09-19T11:19:47.331888-07:00,NHL,NHL,2026010015,2026-09-22T00:00:00Z,Colorado,Winnipeg,NHL_WEB,FUT
NHLWEB-2026010018-20260919T181947Z,2026-09-19T11:19:47.331888-07:00,NHL,NHL,2026010018,2026-09-22T00:00:00Z,Minnesota,Chicago,NHL_WEB,FUT
NHLWEB-2026010021-20260919T181947Z,2026-09-19T11:19:47.331888-07:00,NHL,NHL,2026010021,2026-09-22T00:00:00Z,St. Louis,Dallas,NHL_WEB,FUT
NHLWEB-2026010024-20260919T181947Z,2026-09-19T11:19:47.331888-07:00,NHL,NHL,2026010024,2026-09-22T23:00:00Z,Columbus,Buffalo,NHL_WEB,FUT
NHLWEB-2026010025-20260919T181947Z,2026-09-19T11:19:47.331888-07:00,NHL,NHL,2026010025,2026-09-22T23:00:00Z,Detroit,Pittsburgh,NHL_WEB,FUT
NHLWEB-2026010026-20260919T181947Z,2026-09-19T11:19:47.331888-07:00,NHL,NHL,2026010026,2026-09-22T23:00:00Z,Florida,Carolina,NHL_WEB,FUT
NHLWEB-2026010027-20260919T181947Z,2026-09-19T11:19:47.331888-07:00,NHL,NHL,2026010027,2026-09-22T23:00:00Z,New York,New York,NHL_WEB,FUT
NHLWEB-2026010028-20260919T181947Z,2026-09-19T11:19:47.331888-07:00,NHL,NHL,2026010028,2026-09-22T23:00:00Z,Philadelphia,Boston,NHL_WEB,FUT
NHLWEB-2026010023-20260919T181947Z,2026-09-19T11:19:47.331888-07:00,NHL,NHL,2026010023,2026-09-23T00:00:00Z,Edmonton,Winnipeg,NHL_WEB,FUT
NHLWEB-2026010029-20260919T181947Z,2026-09-19T11:19:47.331888-07:00,NHL,NHL,2026010029,2026-09-23T00:00:00Z,Tampa Bay,Nashville,NHL_WEB,FUT
NHLWEB-2026010031-20260919T181947Z,2026-09-19T11:19:47.331888-07:00,NHL,NHL,2026010031,2026-09-23T01:00:00Z,Vancouver,Calgary,NHL_WEB,FUT
NHLWEB-2026010030-20260919T181947Z,2026-09-19T11:19:47.331888-07:00,NHL,NHL,2026010030,2026-09-23T02:00:00Z,Utah,Los Angeles,NHL_WEB,FUT
NHLWEB-2026010032-20260919T181947Z,2026-09-19T11:19:47.331888-07:00,NHL,NHL,2026010032,2026-09-23T02:00:00Z,Vegas,San Jose,NHL_WEB,FUT
NHLWEB-2026010035-20260919T181947Z,2026-09-19T11:19:47.331888-07:00,NHL,NHL,2026010035,2026-09-23T23:00:00Z,Ottawa,Toronto,NHL_WEB,FUT
NHLWEB-2026010036-20260919T181947Z,2026-09-19T11:19:47.331888-07:00,NHL,NHL,2026010036,2026-09-23T23:00:00Z,Toronto,Ottawa,NHL_WEB,FUT
NHLWEB-2026010034-20260919T181947Z,2026-09-19T11:19:47.331888-07:00,NHL,NHL,2026010034,2026-09-24T00:00:00Z,Minnesota,Dallas,NHL_WEB,FUT
NHLWEB-2026010033-20260919T181947Z,2026-09-19T11:19:47.331888-07:00,NHL,NHL,2026010033,2026-09-24T02:00:00Z,Los Angeles,Anaheim,NHL_WEB,FUT
NHLWEB-2026010040-20260919T181947Z,2026-09-19T11:19:47.331888-07:00,NHL,NHL,2026010040,2026-09-24T23:00:00Z,Boston,Philadelphia,NHL_WEB,FUT
NHLWEB-2026010041-20260919T181947Z,2026-09-19T11:19:47.331888-07:00,NHL,NHL,2026010041,2026-09-24T23:00:00Z,Buffalo,Detroit,NHL_WEB,FUT
NHLWEB-2026010043-20260919T181947Z,2026-09-19T11:19:47.331888-07:00,NHL,NHL,2026010043,2026-09-24T23:00:00Z,Florida,Tampa Bay,NHL_WEB,FUT
NHLWEB-2026010044-20260919T181947Z,2026-09-19T11:19:47.331888-07:00,NHL,NHL,2026010044,2026-09-24T23:00:00Z,Nashville,Carolina,NHL_WEB,FUT
NHLWEB-2026010045-20260919T181947Z,2026-09-19T11:19:47.331888-07:00,NHL,NHL,2026010045,2026-09-24T23:00:00Z,New Jersey,New York,NHL_WEB,FUT
NHLWEB-2026010046-20260919T181947Z,2026-09-19T11:19:47.331888-07:00,NHL,NHL,2026010046,2026-09-24T23:00:00Z,Pittsburgh,Columbus,NHL_WEB,FUT
NHLWEB-2026010042-20260919T181947Z,2026-09-19T11:19:47.331888-07:00,NHL,NHL,2026010042,2026-09-25T00:00:00Z,Chicago,St. Louis,NHL_WEB,FUT
NHLWEB-2026010037-20260919T181947Z,2026-09-19T11:19:47.331888-07:00,NHL,NHL,2026010037,2026-09-25T01:00:00Z,Edmonton,Vancouver,NHL_WEB,FUT
NHLWEB-2026010038-20260919T181947Z,2026-09-19T11:19:47.331888-07:00,NHL,NHL,2026010038,2026-09-25T01:40:00Z,Calgary,Seattle,NHL_WEB,FUT
NHLWEB-2026010039-20260919T181947Z,2026-09-19T11:19:47.331888-07:00,NHL,NHL,2026010039,2026-09-25T02:00:00Z,Anaheim,San Jose,NHL_WEB,FUT
NHLWEB-2026010047-20260919T181947Z,2026-09-19T11:19:47.331888-07:00,NHL,NHL,2026010047,2026-09-25T02:00:00Z,Utah,Vegas,NHL_WEB,FUT
NHLWEB-2026010049-20260919T181947Z,2026-09-19T11:19:47.331888-07:00,NHL,NHL,2026010049,2026-09-25T23:00:00Z,Boston,Washington,NHL_WEB,FUT
NHLWEB-2026010051-20260919T181947Z,2026-09-19T11:19:47.331888-07:00,NHL,NHL,2026010051,2026-09-25T23:30:00Z,New York,New York,NHL_WEB,FUT
NHLWEB-2026010050-20260919T181947Z,2026-09-19T11:19:47.331888-07:00,NHL,NHL,2026010050,2026-09-26T00:00:00Z,Dallas,Minnesota,NHL_WEB,FUT
NHLWEB-2026010048-20260919T181947Z,2026-09-19T11:19:47.331888-07:00,NHL,NHL,2026010048,2026-09-26T00:30:00Z,Winnipeg,Colorado,NHL_WEB,FUT
NHLWEB-2026010001-20260919T182254Z,2026-09-19T11:22:54.954920-07:00,NHL,NHL,2026010001,2026-09-19T23:00:00Z,Dallas,St. Louis,NHL_WEB,FUT
NHLWEB-2026010006-20260919T182254Z,2026-09-19T11:22:54.954920-07:00,NHL,NHL,2026010006,2026-09-19T23:00:00Z,Montréal,Toronto,NHL_WEB,FUT
NHLWEB-2026010007-20260919T182254Z,2026-09-19T11:22:54.954920-07:00,NHL,NHL,2026010007,2026-09-19T23:00:00Z,Toronto,Montréal,NHL_WEB,FUT
NHLWEB-2026010003-20260919T182254Z,2026-09-19T11:22:54.954920-07:00,NHL,NHL,2026010003,2026-09-20T00:00:00Z,Winnipeg,Edmonton,NHL_WEB,FUT
NHLWEB-2026010004-20260919T182254Z,2026-09-19T11:22:54.954920-07:00,NHL,NHL,2026010004,2026-09-20T00:00:00Z,Chicago,Minnesota,NHL_WEB,FUT
NHLWEB-2026010002-20260919T182254Z,2026-09-19T11:22:54.954920-07:00,NHL,NHL,2026010002,2026-09-20T01:00:00Z,Vegas,Los Angeles,NHL_WEB,FUT
NHLWEB-2026010005-20260919T182254Z,2026-09-19T11:22:54.954920-07:00,NHL,NHL,2026010005,2026-09-20T01:00:00Z,Vancouver,Seattle,NHL_WEB,FUT
NHLWEB-2026010008-20260919T182254Z,2026-09-19T11:22:54.954920-07:00,NHL,NHL,2026010008,2026-09-20T17:00:00Z,New York,New Jersey,NHL_WEB,FUT
NHLWEB-2026010009-20260919T182254Z,2026-09-19T11:22:54.954920-07:00,NHL,NHL,2026010009,2026-09-20T20:00:00Z,San Jose,Anaheim,NHL_WEB,FUT
NHLWEB-2026010011-20260919T182254Z,2026-09-19T11:22:54.954920-07:00,NHL,NHL,2026010011,2026-09-20T21:00:00Z,Nashville,Tampa Bay,NHL_WEB,FUT
NHLWEB-2026010013-20260919T182254Z,2026-09-19T11:22:54.954920-07:00,NHL,NHL,2026010013,2026-09-20T21:00:00Z,Washington,Boston,NHL_WEB,FUT
NHLWEB-2026010010-20260919T182254Z,2026-09-19T11:22:54.954920-07:00,NHL,NHL,2026010010,2026-09-20T23:00:00Z,Carolina,Florida,NHL_WEB,FUT
NHLWEB-2026010012-20260919T182254Z,2026-09-19T11:22:54.954920-07:00,NHL,NHL,2026010012,2026-09-20T23:00:00Z,Utah,Colorado,NHL_WEB,FUT
NHLWEB-2026010014-20260919T182254Z,2026-09-19T11:22:54.954920-07:00,NHL,NHL,2026010014,2026-09-21T00:00:00Z,Seattle,Calgary,NHL_WEB,FUT
NHLWEB-2026010016-20260919T182254Z,2026-09-19T11:22:54.954920-07:00,NHL,NHL,2026010016,2026-09-21T23:00:00Z,Buffalo,Pittsburgh,NHL_WEB,FUT
NHLWEB-2026010017-20260919T182254Z,2026-09-19T11:22:54.954920-07:00,NHL,NHL,2026010017,2026-09-21T23:00:00Z,Detroit,Columbus,NHL_WEB,FUT
NHLWEB-2026010019-20260919T182254Z,2026-09-19T11:22:54.954920-07:00,NHL,NHL,2026010019,2026-09-21T23:00:00Z,New York,New Jersey,NHL_WEB,FUT
NHLWEB-2026010020-20260919T182254Z,2026-09-19T11:22:54.954920-07:00,NHL,NHL,2026010020,2026-09-21T23:00:00Z,Philadelphia,Washington,NHL_WEB,FUT
NHLWEB-2026010022-20260919T182254Z,2026-09-19T11:22:54.954920-07:00,NHL,NHL,2026010022,2026-09-21T23:00:00Z,Ottawa,Montréal,NHL_WEB,FUT
NHLWEB-2026010015-20260919T182254Z,2026-09-19T11:22:54.954920-07:00,NHL,NHL,2026010015,2026-09-22T00:00:00Z,Colorado,Winnipeg,NHL_WEB,FUT
NHLWEB-2026010018-20260919T182254Z,2026-09-19T11:22:54.954920-07:00,NHL,NHL,2026010018,2026-09-22T00:00:00Z,Minnesota,Chicago,NHL_WEB,FUT
NHLWEB-2026010021-20260919T182254Z,2026-09-19T11:22:54.954920-07:00,NHL,NHL,2026010021,2026-09-22T00:00:00Z,St. Louis,Dallas,NHL_WEB,FUT
NHLWEB-2026010024-20260919T182254Z,2026-09-19T11:22:54.954920-07:00,NHL,NHL,2026010024,2026-09-22T23:00:00Z,Columbus,Buffalo,NHL_WEB,FUT
NHLWEB-2026010025-20260919T182254Z,2026-09-19T11:22:54.954920-07:00,NHL,NHL,2026010025,2026-09-22T23:00:00Z,Detroit,Pittsburgh,NHL_WEB,FUT
NHLWEB-2026010026-20260919T182254Z,2026-09-19T11:22:54.954920-07:00,NHL,NHL,2026010026,2026-09-22T23:00:00Z,Florida,Carolina,NHL_WEB,FUT
NHLWEB-2026010027-20260919T182254Z,2026-09-19T11:22:54.954920-07:00,NHL,NHL,2026010027,2026-09-22T23:00:00Z,New York,New York,NHL_WEB,FUT
NHLWEB-2026010028-20260919T182254Z,2026-09-19T11:22:54.954920-07:00,NHL,NHL,2026010028,2026-09-22T23:00:00Z,Philadelphia,Boston,NHL_WEB,FUT
NHLWEB-2026010023-20260919T182254Z,2026-09-19T11:22:54.954920-07:00,NHL,NHL,2026010023,2026-09-23T00:00:00Z,Edmonton,Winnipeg,NHL_WEB,FUT
NHLWEB-2026010029-20260919T182254Z,2026-09-19T11:22:54.954920-07:00,NHL,NHL,2026010029,2026-09-23T00:00:00Z,Tampa Bay,Nashville,NHL_WEB,FUT
NHLWEB-2026010031-20260919T182254Z,2026-09-19T11:22:54.954920-07:00,NHL,NHL,2026010031,2026-09-23T01:00:00Z,Vancouver,Calgary,NHL_WEB,FUT
NHLWEB-2026010030-20260919T182254Z,2026-09-19T11:22:54.954920-07:00,NHL,NHL,2026010030,2026-09-23T02:00:00Z,Utah,Los Angeles,NHL_WEB,FUT
NHLWEB-2026010032-20260919T182254Z,2026-09-19T11:22:54.954920-07:00,NHL,NHL,2026010032,2026-09-23T02:00:00Z,Vegas,San Jose,NHL_WEB,FUT
NHLWEB-2026010035-20260919T182254Z,2026-09-19T11:22:54.954920-07:00,NHL,NHL,2026010035,2026-09-23T23:00:00Z,Ottawa,Toronto,NHL_WEB,FUT
NHLWEB-2026010036-20260919T182254Z,2026-09-19T11:22:54.954920-07:00,NHL,NHL,2026010036,2026-09-23T23:00:00Z,Toronto,Ottawa,NHL_WEB,FUT
NHLWEB-2026010034-20260919T182254Z,2026-09-19T11:22:54.954920-07:00,NHL,NHL,2026010034,2026-09-24T00:00:00Z,Minnesota,Dallas,NHL_WEB,FUT
NHLWEB-2026010033-20260919T182254Z,2026-09-19T11:22:54.954920-07:00,NHL,NHL,2026010033,2026-09-24T02:00:00Z,Los Angeles,Anaheim,NHL_WEB,FUT
NHLWEB-2026010040-20260919T182254Z,2026-09-19T11:22:54.954920-07:00,NHL,NHL,2026010040,2026-09-24T23:00:00Z,Boston,Philadelphia,NHL_WEB,FUT
NHLWEB-2026010041-20260919T182254Z,2026-09-19T11:22:54.954920-07:00,NHL,NHL,2026010041,2026-09-24T23:00:00Z,Buffalo,Detroit,NHL_WEB,FUT
NHLWEB-2026010043-20260919T182254Z,2026-09-19T11:22:54.954920-07:00,NHL,NHL,2026010043,2026-09-24T23:00:00Z,Florida,Tampa Bay,NHL_WEB,FUT
NHLWEB-2026010044-20260919T182254Z,2026-09-19T11:22:54.954920-07:00,NHL,NHL,2026010044,2026-09-24T23:00:00Z,Nashville,Carolina,NHL_WEB,FUT
NHLWEB-2026010045-20260919T182254Z,2026-09-19T11:22:54.954920-07:00,NHL,NHL,2026010045,2026-09-24T23:00:00Z,New Jersey,New York,NHL_WEB,FUT
NHLWEB-2026010046-20260919T182254Z,2026-09-19T11:22:54.954920-07:00,NHL,NHL,2026010046,2026-09-24T23:00:00Z,Pittsburgh,Columbus,NHL_WEB,FUT
NHLWEB-2026010042-20260919T182254Z,2026-09-19T11:22:54.954920-07:00,NHL,NHL,2026010042,2026-09-25T00:00:00Z,Chicago,St. Louis,NHL_WEB,FUT
NHLWEB-2026010037-20260919T182254Z,2026-09-19T11:22:54.954920-07:00,NHL,NHL,2026010037,2026-09-25T01:00:00Z,Edmonton,Vancouver,NHL_WEB,FUT
NHLWEB-2026010038-20260919T182254Z,2026-09-19T11:22:54.954920-07:00,NHL,NHL,2026010038,2026-09-25T01:40:00Z,Calgary,Seattle,NHL_WEB,FUT
NHLWEB-2026010039-20260919T182254Z,2026-09-19T11:22:54.954920-07:00,NHL,NHL,2026010039,2026-09-25T02:00:00Z,Anaheim,San Jose,NHL_WEB,FUT
NHLWEB-2026010047-20260919T182254Z,2026-09-19T11:22:54.954920-07:00,NHL,NHL,2026010047,2026-09-25T02:00:00Z,Utah,Vegas,NHL_WEB,FUT
NHLWEB-2026010049-20260919T182254Z,2026-09-19T11:22:54.954920-07:00,NHL,NHL,2026010049,2026-09-25T23:00:00Z,Boston,Washington,NHL_WEB,FUT
NHLWEB-2026010051-20260919T182254Z,2026-09-19T11:22:54.954920-07:00,NHL,NHL,2026010051,2026-09-25T23:30:00Z,New York,New York,NHL_WEB,FUT
NHLWEB-2026010050-20260919T182254Z,2026-09-19T11:22:54.954920-07:00,NHL,NHL,2026010050,2026-09-26T00:00:00Z,Dallas,Minnesota,NHL_WEB,FUT
NHLWEB-2026010048-20260919T182254Z,2026-09-19T11:22:54.954920-07:00,NHL,NHL,2026010048,2026-09-26T00:30:00Z,Winnipeg,Colorado,NHL_WEB,FUT
NHLWEB-2026010001-20260919T193009Z,2026-09-19T12:30:09.428326-07:00,NHL,NHL,2026010001,2026-09-19T23:00:00Z,Dallas,St. Louis,NHL_WEB,FUT
NHLWEB-2026010006-20260919T193009Z,2026-09-19T12:30:09.428326-07:00,NHL,NHL,2026010006,2026-09-19T23:00:00Z,Montréal,Toronto,NHL_WEB,FUT
NHLWEB-2026010007-20260919T193009Z,2026-09-19T12:30:09.428326-07:00,NHL,NHL,2026010007,2026-09-19T23:00:00Z,Toronto,Montréal,NHL_WEB,FUT
NHLWEB-2026010003-20260919T193009Z,2026-09-19T12:30:09.428326-07:00,NHL,NHL,2026010003,2026-09-20T00:00:00Z,Winnipeg,Edmonton,NHL_WEB,FUT
NHLWEB-2026010004-20260919T193009Z,2026-09-19T12:30:09.428326-07:00,NHL,NHL,2026010004,2026-09-20T00:00:00Z,Chicago,Minnesota,NHL_WEB,FUT
NHLWEB-2026010002-20260919T193009Z,2026-09-19T12:30:09.428326-07:00,NHL,NHL,2026010002,2026-09-20T01:00:00Z,Vegas,Los Angeles,NHL_WEB,FUT
NHLWEB-2026010005-20260919T193009Z,2026-09-19T12:30:09.428326-07:00,NHL,NHL,2026010005,2026-09-20T01:00:00Z,Vancouver,Seattle,NHL_WEB,FUT
NHLWEB-2026010008-20260919T193009Z,2026-09-19T12:30:09.428326-07:00,NHL,NHL,2026010008,2026-09-20T17:00:00Z,New York,New Jersey,NHL_WEB,FUT
NHLWEB-2026010009-20260919T193009Z,2026-09-19T12:30:09.428326-07:00,NHL,NHL,2026010009,2026-09-20T20:00:00Z,San Jose,Anaheim,NHL_WEB,FUT
NHLWEB-2026010011-20260919T193009Z,2026-09-19T12:30:09.428326-07:00,NHL,NHL,2026010011,2026-09-20T21:00:00Z,Nashville,Tampa Bay,NHL_WEB,FUT
NHLWEB-2026010013-20260919T193009Z,2026-09-19T12:30:09.428326-07:00,NHL,NHL,2026010013,2026-09-20T21:00:00Z,Washington,Boston,NHL_WEB,FUT
NHLWEB-2026010010-20260919T193009Z,2026-09-19T12:30:09.428326-07:00,NHL,NHL,2026010010,2026-09-20T23:00:00Z,Carolina,Florida,NHL_WEB,FUT
NHLWEB-2026010012-20260919T193009Z,2026-09-19T12:30:09.428326-07:00,NHL,NHL,2026010012,2026-09-20T23:00:00Z,Utah,Colorado,NHL_WEB,FUT
NHLWEB-2026010014-20260919T193009Z,2026-09-19T12:30:09.428326-07:00,NHL,NHL,2026010014,2026-09-21T00:00:00Z,Seattle,Calgary,NHL_WEB,FUT
NHLWEB-2026010016-20260919T193009Z,2026-09-19T12:30:09.428326-07:00,NHL,NHL,2026010016,2026-09-21T23:00:00Z,Buffalo,Pittsburgh,NHL_WEB,FUT
NHLWEB-2026010017-20260919T193009Z,2026-09-19T12:30:09.428326-07:00,NHL,NHL,2026010017,2026-09-21T23:00:00Z,Detroit,Columbus,NHL_WEB,FUT
NHLWEB-2026010019-20260919T193009Z,2026-09-19T12:30:09.428326-07:00,NHL,NHL,2026010019,2026-09-21T23:00:00Z,New York,New Jersey,NHL_WEB,FUT
NHLWEB-2026010020-20260919T193009Z,2026-09-19T12:30:09.428326-07:00,NHL,NHL,2026010020,2026-09-21T23:00:00Z,Philadelphia,Washington,NHL_WEB,FUT
NHLWEB-2026010022-20260919T193009Z,2026-09-19T12:30:09.428326-07:00,NHL,NHL,2026010022,2026-09-21T23:00:00Z,Ottawa,Montréal,NHL_WEB,FUT
NHLWEB-2026010015-20260919T193009Z,2026-09-19T12:30:09.428326-07:00,NHL,NHL,2026010015,2026-09-22T00:00:00Z,Colorado,Winnipeg,NHL_WEB,FUT
NHLWEB-2026010018-20260919T193009Z,2026-09-19T12:30:09.428326-07:00,NHL,NHL,2026010018,2026-09-22T00:00:00Z,Minnesota,Chicago,NHL_WEB,FUT
NHLWEB-2026010021-20260919T193009Z,2026-09-19T12:30:09.428326-07:00,NHL,NHL,2026010021,2026-09-22T00:00:00Z,St. Louis,Dallas,NHL_WEB,FUT
NHLWEB-2026010024-20260919T193009Z,2026-09-19T12:30:09.428326-07:00,NHL,NHL,2026010024,2026-09-22T23:00:00Z,Columbus,Buffalo,NHL_WEB,FUT
NHLWEB-2026010025-20260919T193009Z,2026-09-19T12:30:09.428326-07:00,NHL,NHL,2026010025,2026-09-22T23:00:00Z,Detroit,Pittsburgh,NHL_WEB,FUT
NHLWEB-2026010026-20260919T193009Z,2026-09-19T12:30:09.428326-07:00,NHL,NHL,2026010026,2026-09-22T23:00:00Z,Florida,Carolina,NHL_WEB,FUT
NHLWEB-2026010027-20260919T193009Z,2026-09-19T12:30:09.428326-07:00,NHL,NHL,2026010027,2026-09-22T23:00:00Z,New York,New York,NHL_WEB,FUT
NHLWEB-2026010028-20260919T193009Z,2026-09-19T12:30:09.428326-07:00,NHL,NHL,2026010028,2026-09-22T23:00:00Z,Philadelphia,Boston,NHL_WEB,FUT
NHLWEB-2026010023-20260919T193009Z,2026-09-19T12:30:09.428326-07:00,NHL,NHL,2026010023,2026-09-23T00:00:00Z,Edmonton,Winnipeg,NHL_WEB,FUT
NHLWEB-2026010029-20260919T193009Z,2026-09-19T12:30:09.428326-07:00,NHL,NHL,2026010029,2026-09-23T00:00:00Z,Tampa Bay,Nashville,NHL_WEB,FUT
NHLWEB-2026010031-20260919T193009Z,2026-09-19T12:30:09.428326-07:00,NHL,NHL,2026010031,2026-09-23T01:00:00Z,Vancouver,Calgary,NHL_WEB,FUT
NHLWEB-2026010030-20260919T193009Z,2026-09-19T12:30:09.428326-07:00,NHL,NHL,2026010030,2026-09-23T02:00:00Z,Utah,Los Angeles,NHL_WEB,FUT
NHLWEB-2026010032-20260919T193009Z,2026-09-19T12:30:09.428326-07:00,NHL,NHL,2026010032,2026-09-23T02:00:00Z,Vegas,San Jose,NHL_WEB,FUT
NHLWEB-2026010035-20260919T193009Z,2026-09-19T12:30:09.428326-07:00,NHL,NHL,2026010035,2026-09-23T23:00:00Z,Ottawa,Toronto,NHL_WEB,FUT
NHLWEB-2026010036-20260919T193009Z,2026-09-19T12:30:09.428326-07:00,NHL,NHL,2026010036,2026-09-23T23:00:00Z,Toronto,Ottawa,NHL_WEB,FUT
NHLWEB-2026010034-20260919T193009Z,2026-09-19T12:30:09.428326-07:00,NHL,NHL,2026010034,2026-09-24T00:00:00Z,Minnesota,Dallas,NHL_WEB,FUT
NHLWEB-2026010033-20260919T193009Z,2026-09-19T12:30:09.428326-07:00,NHL,NHL,2026010033,2026-09-24T02:00:00Z,Los Angeles,Anaheim,NHL_WEB,FUT
NHLWEB-2026010040-20260919T193009Z,2026-09-19T12:30:09.428326-07:00,NHL,NHL,2026010040,2026-09-24T23:00:00Z,Boston,Philadelphia,NHL_WEB,FUT
NHLWEB-2026010041-20260919T193009Z,2026-09-19T12:30:09.428326-07:00,NHL,NHL,2026010041,2026-09-24T23:00:00Z,Buffalo,Detroit,NHL_WEB,FUT
NHLWEB-2026010043-20260919T193009Z,2026-09-19T12:30:09.428326-07:00,NHL,NHL,2026010043,2026-09-24T23:00:00Z,Florida,Tampa Bay,NHL_WEB,FUT
NHLWEB-2026010044-20260919T193009Z,2026-09-19T12:30:09.428326-07:00,NHL,NHL,2026010044,2026-09-24T23:00:00Z,Nashville,Carolina,NHL_WEB,FUT
NHLWEB-2026010045-20260919T193009Z,2026-09-19T12:30:09.428326-07:00,NHL,NHL,2026010045,2026-09-24T23:00:00Z,New Jersey,New York,NHL_WEB,FUT
NHLWEB-2026010046-20260919T193009Z,2026-09-19T12:30:09.428326-07:00,NHL,NHL,2026010046,2026-09-24T23:00:00Z,Pittsburgh,Columbus,NHL_WEB,FUT
NHLWEB-2026010042-20260919T193009Z,2026-09-19T12:30:09.428326-07:00,NHL,NHL,2026010042,2026-09-25T00:00:00Z,Chicago,St. Louis,NHL_WEB,FUT
NHLWEB-2026010037-20260919T193009Z,2026-09-19T12:30:09.428326-07:00,NHL,NHL,2026010037,2026-09-25T01:00:00Z,Edmonton,Vancouver,NHL_WEB,FUT
NHLWEB-2026010038-20260919T193009Z,2026-09-19T12:30:09.428326-07:00,NHL,NHL,2026010038,2026-09-25T01:40:00Z,Calgary,Seattle,NHL_WEB,FUT
NHLWEB-2026010039-20260919T193009Z,2026-09-19T12:30:09.428326-07:00,NHL,NHL,2026010039,2026-09-25T02:00:00Z,Anaheim,San Jose,NHL_WEB,FUT
NHLWEB-2026010047-20260919T193009Z,2026-09-19T12:30:09.428326-07:00,NHL,NHL,2026010047,2026-09-25T02:00:00Z,Utah,Vegas,NHL_WEB,FUT
NHLWEB-2026010049-20260919T193009Z,2026-09-19T12:30:09.428326-07:00,NHL,NHL,2026010049,2026-09-25T23:00:00Z,Boston,Washington,NHL_WEB,FUT
NHLWEB-2026010051-20260919T193009Z,2026-09-19T12:30:09.428326-07:00,NHL,NHL,2026010051,2026-09-25T23:30:00Z,New York,New York,NHL_WEB,FUT
NHLWEB-2026010050-20260919T193009Z,2026-09-19T12:30:09.428326-07:00,NHL,NHL,2026010050,2026-09-26T00:00:00Z,Dallas,Minnesota,NHL_WEB,FUT
NHLWEB-2026010048-20260919T193009Z,2026-09-19T12:30:09.428326-07:00,NHL,NHL,2026010048,2026-09-26T00:30:00Z,Winnipeg,Colorado,NHL_WEB,FUT
NHLWEB-2026010001-20260920T061523Z,2026-09-19T23:15:23.075507-07:00,NHL,NHL,2026010001,2026-09-19T23:00:00Z,Dallas,St. Louis,NHL_WEB,FINAL
NHLWEB-2026010006-20260920T061523Z,2026-09-19T23:15:23.075507-07:00,NHL,NHL,2026010006,2026-09-19T23:00:00Z,Montréal,Toronto,NHL_WEB,FINAL
NHLWEB-2026010007-20260920T061523Z,2026-09-19T23:15:23.075507-07:00,NHL,NHL,2026010007,2026-09-19T23:00:00Z,Toronto,Montréal,NHL_WEB,FINAL
NHLWEB-2026010003-20260920T061523Z,2026-09-19T23:15:23.075507-07:00,NHL,NHL,2026010003,2026-09-20T00:00:00Z,Winnipeg,Edmonton,NHL_WEB,FINAL
NHLWEB-2026010004-20260920T061523Z,2026-09-19T23:15:23.075507-07:00,NHL,NHL,2026010004,2026-09-20T00:00:00Z,Chicago,Minnesota,NHL_WEB,FINAL
NHLWEB-2026010002-20260920T061523Z,2026-09-19T23:15:23.075507-07:00,NHL,NHL,2026010002,2026-09-20T01:00:00Z,Vegas,Los Angeles,NHL_WEB,FINAL
NHLWEB-2026010005-20260920T061523Z,2026-09-19T23:15:23.075507-07:00,NHL,NHL,2026010005,2026-09-20T01:00:00Z,Vancouver,Seattle,NHL_WEB,FINAL
NHLWEB-2026010008-20260920T061523Z,2026-09-19T23:15:23.075507-07:00,NHL,NHL,2026010008,2026-09-20T17:00:00Z,New York,New Jersey,NHL_WEB,FUT
NHLWEB-2026010009-20260920T061523Z,2026-09-19T23:15:23.075507-07:00,NHL,NHL,2026010009,2026-09-20T20:00:00Z,San Jose,Anaheim,NHL_WEB,FUT
NHLWEB-2026010011-20260920T061523Z,2026-09-19T23:15:23.075507-07:00,NHL,NHL,2026010011,2026-09-20T21:00:00Z,Nashville,Tampa Bay,NHL_WEB,FUT
NHLWEB-2026010013-20260920T061523Z,2026-09-19T23:15:23.075507-07:00,NHL,NHL,2026010013,2026-09-20T21:00:00Z,Washington,Boston,NHL_WEB,FUT
NHLWEB-2026010010-20260920T061523Z,2026-09-19T23:15:23.075507-07:00,NHL,NHL,2026010010,2026-09-20T23:00:00Z,Carolina,Florida,NHL_WEB,FUT
NHLWEB-2026010012-20260920T061523Z,2026-09-19T23:15:23.075507-07:00,NHL,NHL,2026010012,2026-09-20T23:00:00Z,Utah,Colorado,NHL_WEB,FUT
NHLWEB-2026010014-20260920T061523Z,2026-09-19T23:15:23.075507-07:00,NHL,NHL,2026010014,2026-09-21T00:00:00Z,Seattle,Calgary,NHL_WEB,FUT
NHLWEB-2026010016-20260920T061523Z,2026-09-19T23:15:23.075507-07:00,NHL,NHL,2026010016,2026-09-21T23:00:00Z,Buffalo,Pittsburgh,NHL_WEB,FUT
NHLWEB-2026010017-20260920T061523Z,2026-09-19T23:15:23.075507-07:00,NHL,NHL,2026010017,2026-09-21T23:00:00Z,Detroit,Columbus,NHL_WEB,FUT
NHLWEB-2026010019-20260920T061523Z,2026-09-19T23:15:23.075507-07:00,NHL,NHL,2026010019,2026-09-21T23:00:00Z,New York,New Jersey,NHL_WEB,FUT
NHLWEB-2026010020-20260920T061523Z,2026-09-19T23:15:23.075507-07:00,NHL,NHL,2026010020,2026-09-21T23:00:00Z,Philadelphia,Washington,NHL_WEB,FUT
NHLWEB-2026010022-20260920T061523Z,2026-09-19T23:15:23.075507-07:00,NHL,NHL,2026010022,2026-09-21T23:00:00Z,Ottawa,Montréal,NHL_WEB,FUT
NHLWEB-2026010015-20260920T061523Z,2026-09-19T23:15:23.075507-07:00,NHL,NHL,2026010015,2026-09-22T00:00:00Z,Colorado,Winnipeg,NHL_WEB,FUT
NHLWEB-2026010018-20260920T061523Z,2026-09-19T23:15:23.075507-07:00,NHL,NHL,2026010018,2026-09-22T00:00:00Z,Minnesota,Chicago,NHL_WEB,FUT
NHLWEB-2026010021-20260920T061523Z,2026-09-19T23:15:23.075507-07:00,NHL,NHL,2026010021,2026-09-22T00:00:00Z,St. Louis,Dallas,NHL_WEB,FUT
NHLWEB-2026010024-20260920T061523Z,2026-09-19T23:15:23.075507-07:00,NHL,NHL,2026010024,2026-09-22T23:00:00Z,Columbus,Buffalo,NHL_WEB,FUT
NHLWEB-2026010025-20260920T061523Z,2026-09-19T23:15:23.075507-07:00,NHL,NHL,2026010025,2026-09-22T23:00:00Z,Detroit,Pittsburgh,NHL_WEB,FUT
NHLWEB-2026010026-20260920T061523Z,2026-09-19T23:15:23.075507-07:00,NHL,NHL,2026010026,2026-09-22T23:00:00Z,Florida,Carolina,NHL_WEB,FUT
NHLWEB-2026010027-20260920T061523Z,2026-09-19T23:15:23.075507-07:00,NHL,NHL,2026010027,2026-09-22T23:00:00Z,New York,New York,NHL_WEB,FUT
NHLWEB-2026010028-20260920T061523Z,2026-09-19T23:15:23.075507-07:00,NHL,NHL,2026010028,2026-09-22T23:00:00Z,Philadelphia,Boston,NHL_WEB,FUT
NHLWEB-2026010023-20260920T061523Z,2026-09-19T23:15:23.075507-07:00,NHL,NHL,2026010023,2026-09-23T00:00:00Z,Edmonton,Winnipeg,NHL_WEB,FUT
NHLWEB-2026010029-20260920T061523Z,2026-09-19T23:15:23.075507-07:00,NHL,NHL,2026010029,2026-09-23T00:00:00Z,Tampa Bay,Nashville,NHL_WEB,FUT
NHLWEB-2026010031-20260920T061523Z,2026-09-19T23:15:23.075507-07:00,NHL,NHL,2026010031,2026-09-23T01:00:00Z,Vancouver,Calgary,NHL_WEB,FUT
NHLWEB-2026010030-20260920T061523Z,2026-09-19T23:15:23.075507-07:00,NHL,NHL,2026010030,2026-09-23T02:00:00Z,Utah,Los Angeles,NHL_WEB,FUT
NHLWEB-2026010032-20260920T061523Z,2026-09-19T23:15:23.075507-07:00,NHL,NHL,2026010032,2026-09-23T02:00:00Z,Vegas,San Jose,NHL_WEB,FUT
NHLWEB-2026010035-20260920T061523Z,2026-09-19T23:15:23.075507-07:00,NHL,NHL,2026010035,2026-09-23T23:00:00Z,Ottawa,Toronto,NHL_WEB,FUT
NHLWEB-2026010036-20260920T061523Z,2026-09-19T23:15:23.075507-07:00,NHL,NHL,2026010036,2026-09-23T23:00:00Z,Toronto,Ottawa,NHL_WEB,FUT
NHLWEB-2026010034-20260920T061523Z,2026-09-19T23:15:23.075507-07:00,NHL,NHL,2026010034,2026-09-24T00:00:00Z,Minnesota,Dallas,NHL_WEB,FUT
NHLWEB-2026010033-20260920T061523Z,2026-09-19T23:15:23.075507-07:00,NHL,NHL,2026010033,2026-09-24T02:00:00Z,Los Angeles,Anaheim,NHL_WEB,FUT
NHLWEB-2026010040-20260920T061523Z,2026-09-19T23:15:23.075507-07:00,NHL,NHL,2026010040,2026-09-24T23:00:00Z,Boston,Philadelphia,NHL_WEB,FUT
NHLWEB-2026010041-20260920T061523Z,2026-09-19T23:15:23.075507-07:00,NHL,NHL,2026010041,2026-09-24T23:00:00Z,Buffalo,Detroit,NHL_WEB,FUT
NHLWEB-2026010043-20260920T061523Z,2026-09-19T23:15:23.075507-07:00,NHL,NHL,2026010043,2026-09-24T23:00:00Z,Florida,Tampa Bay,NHL_WEB,FUT
NHLWEB-2026010044-20260920T061523Z,2026-09-19T23:15:23.075507-07:00,NHL,NHL,2026010044,2026-09-24T23:00:00Z,Nashville,Carolina,NHL_WEB,FUT
NHLWEB-2026010045-20260920T061523Z,2026-09-19T23:15:23.075507-07:00,NHL,NHL,2026010045,2026-09-24T23:00:00Z,New Jersey,New York,NHL_WEB,FUT
NHLWEB-2026010046-20260920T061523Z,2026-09-19T23:15:23.075507-07:00,NHL,NHL,2026010046,2026-09-24T23:00:00Z,Pittsburgh,Columbus,NHL_WEB,FUT
NHLWEB-2026010042-20260920T061523Z,2026-09-19T23:15:23.075507-07:00,NHL,NHL,2026010042,2026-09-25T00:00:00Z,Chicago,St. Louis,NHL_WEB,FUT
NHLWEB-2026010037-20260920T061523Z,2026-09-19T23:15:23.075507-07:00,NHL,NHL,2026010037,2026-09-25T01:00:00Z,Edmonton,Vancouver,NHL_WEB,FUT
NHLWEB-2026010038-20260920T061523Z,2026-09-19T23:15:23.075507-07:00,NHL,NHL,2026010038,2026-09-25T01:40:00Z,Calgary,Seattle,NHL_WEB,FUT
NHLWEB-2026010039-20260920T061523Z,2026-09-19T23:15:23.075507-07:00,NHL,NHL,2026010039,2026-09-25T02:00:00Z,Anaheim,San Jose,NHL_WEB,FUT
NHLWEB-2026010047-20260920T061523Z,2026-09-19T23:15:23.075507-07:00,NHL,NHL,2026010047,2026-09-25T02:00:00Z,Utah,Vegas,NHL_WEB,FUT
NHLWEB-2026010049-20260920T061523Z,2026-09-19T23:15:23.075507-07:00,NHL,NHL,2026010049,2026-09-25T23:00:00Z,Boston,Washington,NHL_WEB,FUT
NHLWEB-2026010051-20260920T061523Z,2026-09-19T23:15:23.075507-07:00,NHL,NHL,2026010051,2026-09-25T23:30:00Z,New York,New York,NHL_WEB,FUT
NHLWEB-2026010050-20260920T061523Z,2026-09-19T23:15:23.075507-07:00,NHL,NHL,2026010050,2026-09-26T00:00:00Z,Dallas,Minnesota,NHL_WEB,FUT
NHLWEB-2026010048-20260920T061523Z,2026-09-19T23:15:23.075507-07:00,NHL,NHL,2026010048,2026-09-26T00:30:00Z,Winnipeg,Colorado,NHL_WEB,FUT
NHLWEB-2026010001-20260920T063220Z,2026-09-19T23:32:20.472910-07:00,NHL,NHL,2026010001,2026-09-19T23:00:00Z,Dallas,St. Louis,NHL_WEB,FINAL
NHLWEB-2026010006-20260920T063220Z,2026-09-19T23:32:20.472910-07:00,NHL,NHL,2026010006,2026-09-19T23:00:00Z,Montréal,Toronto,NHL_WEB,FINAL
NHLWEB-2026010007-20260920T063220Z,2026-09-19T23:32:20.472910-07:00,NHL,NHL,2026010007,2026-09-19T23:00:00Z,Toronto,Montréal,NHL_WEB,FINAL
NHLWEB-2026010003-20260920T063220Z,2026-09-19T23:32:20.472910-07:00,NHL,NHL,2026010003,2026-09-20T00:00:00Z,Winnipeg,Edmonton,NHL_WEB,FINAL
NHLWEB-2026010004-20260920T063220Z,2026-09-19T23:32:20.472910-07:00,NHL,NHL,2026010004,2026-09-20T00:00:00Z,Chicago,Minnesota,NHL_WEB,FINAL
NHLWEB-2026010002-20260920T063220Z,2026-09-19T23:32:20.472910-07:00,NHL,NHL,2026010002,2026-09-20T01:00:00Z,Vegas,Los Angeles,NHL_WEB,FINAL
NHLWEB-2026010005-20260920T063220Z,2026-09-19T23:32:20.472910-07:00,NHL,NHL,2026010005,2026-09-20T01:00:00Z,Vancouver,Seattle,NHL_WEB,FINAL
NHLWEB-2026010008-20260920T063220Z,2026-09-19T23:32:20.472910-07:00,NHL,NHL,2026010008,2026-09-20T17:00:00Z,New York,New Jersey,NHL_WEB,FUT
NHLWEB-2026010009-20260920T063220Z,2026-09-19T23:32:20.472910-07:00,NHL,NHL,2026010009,2026-09-20T20:00:00Z,San Jose,Anaheim,NHL_WEB,FUT
NHLWEB-2026010011-20260920T063220Z,2026-09-19T23:32:20.472910-07:00,NHL,NHL,2026010011,2026-09-20T21:00:00Z,Nashville,Tampa Bay,NHL_WEB,FUT
NHLWEB-2026010013-20260920T063220Z,2026-09-19T23:32:20.472910-07:00,NHL,NHL,2026010013,2026-09-20T21:00:00Z,Washington,Boston,NHL_WEB,FUT
NHLWEB-2026010010-20260920T063220Z,2026-09-19T23:32:20.472910-07:00,NHL,NHL,2026010010,2026-09-20T23:00:00Z,Carolina,Florida,NHL_WEB,FUT
NHLWEB-2026010012-20260920T063220Z,2026-09-19T23:32:20.472910-07:00,NHL,NHL,2026010012,2026-09-20T23:00:00Z,Utah,Colorado,NHL_WEB,FUT
NHLWEB-2026010014-20260920T063220Z,2026-09-19T23:32:20.472910-07:00,NHL,NHL,2026010014,2026-09-21T00:00:00Z,Seattle,Calgary,NHL_WEB,FUT
NHLWEB-2026010016-20260920T063220Z,2026-09-19T23:32:20.472910-07:00,NHL,NHL,2026010016,2026-09-21T23:00:00Z,Buffalo,Pittsburgh,NHL_WEB,FUT
NHLWEB-2026010017-20260920T063220Z,2026-09-19T23:32:20.472910-07:00,NHL,NHL,2026010017,2026-09-21T23:00:00Z,Detroit,Columbus,NHL_WEB,FUT
NHLWEB-2026010019-20260920T063220Z,2026-09-19T23:32:20.472910-07:00,NHL,NHL,2026010019,2026-09-21T23:00:00Z,New York,New Jersey,NHL_WEB,FUT
NHLWEB-2026010020-20260920T063220Z,2026-09-19T23:32:20.472910-07:00,NHL,NHL,2026010020,2026-09-21T23:00:00Z,Philadelphia,Washington,NHL_WEB,FUT
NHLWEB-2026010022-20260920T063220Z,2026-09-19T23:32:20.472910-07:00,NHL,NHL,2026010022,2026-09-21T23:00:00Z,Ottawa,Montréal,NHL_WEB,FUT
NHLWEB-2026010015-20260920T063220Z,2026-09-19T23:32:20.472910-07:00,NHL,NHL,2026010015,2026-09-22T00:00:00Z,Colorado,Winnipeg,NHL_WEB,FUT
NHLWEB-2026010018-20260920T063220Z,2026-09-19T23:32:20.472910-07:00,NHL,NHL,2026010018,2026-09-22T00:00:00Z,Minnesota,Chicago,NHL_WEB,FUT
NHLWEB-2026010021-20260920T063220Z,2026-09-19T23:32:20.472910-07:00,NHL,NHL,2026010021,2026-09-22T00:00:00Z,St. Louis,Dallas,NHL_WEB,FUT
NHLWEB-2026010024-20260920T063220Z,2026-09-19T23:32:20.472910-07:00,NHL,NHL,2026010024,2026-09-22T23:00:00Z,Columbus,Buffalo,NHL_WEB,FUT
NHLWEB-2026010025-20260920T063220Z,2026-09-19T23:32:20.472910-07:00,NHL,NHL,2026010025,2026-09-22T23:00:00Z,Detroit,Pittsburgh,NHL_WEB,FUT
NHLWEB-2026010026-20260920T063220Z,2026-09-19T23:32:20.472910-07:00,NHL,NHL,2026010026,2026-09-22T23:00:00Z,Florida,Carolina,NHL_WEB,FUT
NHLWEB-2026010027-20260920T063220Z,2026-09-19T23:32:20.472910-07:00,NHL,NHL,2026010027,2026-09-22T23:00:00Z,New York,New York,NHL_WEB,FUT
NHLWEB-2026010028-20260920T063220Z,2026-09-19T23:32:20.472910-07:00,NHL,NHL,2026010028,2026-09-22T23:00:00Z,Philadelphia,Boston,NHL_WEB,FUT
NHLWEB-2026010023-20260920T063220Z,2026-09-19T23:32:20.472910-07:00,NHL,NHL,2026010023,2026-09-23T00:00:00Z,Edmonton,Winnipeg,NHL_WEB,FUT
NHLWEB-2026010029-20260920T063220Z,2026-09-19T23:32:20.472910-07:00,NHL,NHL,2026010029,2026-09-23T00:00:00Z,Tampa Bay,Nashville,NHL_WEB,FUT
NHLWEB-2026010031-20260920T063220Z,2026-09-19T23:32:20.472910-07:00,NHL,NHL,2026010031,2026-09-23T01:00:00Z,Vancouver,Calgary,NHL_WEB,FUT
NHLWEB-2026010030-20260920T063220Z,2026-09-19T23:32:20.472910-07:00,NHL,NHL,2026010030,2026-09-23T02:00:00Z,Utah,Los Angeles,NHL_WEB,FUT
NHLWEB-2026010032-20260920T063220Z,2026-09-19T23:32:20.472910-07:00,NHL,NHL,2026010032,2026-09-23T02:00:00Z,Vegas,San Jose,NHL_WEB,FUT
NHLWEB-2026010035-20260920T063220Z,2026-09-19T23:32:20.472910-07:00,NHL,NHL,2026010035,2026-09-23T23:00:00Z,Ottawa,Toronto,NHL_WEB,FUT
NHLWEB-2026010036-20260920T063220Z,2026-09-19T23:32:20.472910-07:00,NHL,NHL,2026010036,2026-09-23T23:00:00Z,Toronto,Ottawa,NHL_WEB,FUT
NHLWEB-2026010034-20260920T063220Z,2026-09-19T23:32:20.472910-07:00,NHL,NHL,2026010034,2026-09-24T00:00:00Z,Minnesota,Dallas,NHL_WEB,FUT
NHLWEB-2026010033-20260920T063220Z,2026-09-19T23:32:20.472910-07:00,NHL,NHL,2026010033,2026-09-24T02:00:00Z,Los Angeles,Anaheim,NHL_WEB,FUT
NHLWEB-2026010040-20260920T063220Z,2026-09-19T23:32:20.472910-07:00,NHL,NHL,2026010040,2026-09-24T23:00:00Z,Boston,Philadelphia,NHL_WEB,FUT
NHLWEB-2026010041-20260920T063220Z,2026-09-19T23:32:20.472910-07:00,NHL,NHL,2026010041,2026-09-24T23:00:00Z,Buffalo,Detroit,NHL_WEB,FUT
NHLWEB-2026010043-20260920T063220Z,2026-09-19T23:32:20.472910-07:00,NHL,NHL,2026010043,2026-09-24T23:00:00Z,Florida,Tampa Bay,NHL_WEB,FUT
NHLWEB-2026010044-20260920T063220Z,2026-09-19T23:32:20.472910-07:00,NHL,NHL,2026010044,2026-09-24T23:00:00Z,Nashville,Carolina,NHL_WEB,FUT
NHLWEB-2026010045-20260920T063220Z,2026-09-19T23:32:20.472910-07:00,NHL,NHL,2026010045,2026-09-24T23:00:00Z,New Jersey,New York,NHL_WEB,FUT
NHLWEB-2026010046-20260920T063220Z,2026-09-19T23:32:20.472910-07:00,NHL,NHL,2026010046,2026-09-24T23:00:00Z,Pittsburgh,Columbus,NHL_WEB,FUT
NHLWEB-2026010042-20260920T063220Z,2026-09-19T23:32:20.472910-07:00,NHL,NHL,2026010042,2026-09-25T00:00:00Z,Chicago,St. Louis,NHL_WEB,FUT
NHLWEB-2026010037-20260920T063220Z,2026-09-19T23:32:20.472910-07:00,NHL,NHL,2026010037,2026-09-25T01:00:00Z,Edmonton,Vancouver,NHL_WEB,FUT
NHLWEB-2026010038-20260920T063220Z,2026-09-19T23:32:20.472910-07:00,NHL,NHL,2026010038,2026-09-25T01:40:00Z,Calgary,Seattle,NHL_WEB,FUT
NHLWEB-2026010039-20260920T063220Z,2026-09-19T23:32:20.472910-07:00,NHL,NHL,2026010039,2026-09-25T02:00:00Z,Anaheim,San Jose,NHL_WEB,FUT
NHLWEB-2026010047-20260920T063220Z,2026-09-19T23:32:20.472910-07:00,NHL,NHL,2026010047,2026-09-25T02:00:00Z,Utah,Vegas,NHL_WEB,FUT
NHLWEB-2026010049-20260920T063220Z,2026-09-19T23:32:20.472910-07:00,NHL,NHL,2026010049,2026-09-25T23:00:00Z,Boston,Washington,NHL_WEB,FUT
NHLWEB-2026010051-20260920T063220Z,2026-09-19T23:32:20.472910-07:00,NHL,NHL,2026010051,2026-09-25T23:30:00Z,New York,New York,NHL_WEB,FUT
NHLWEB-2026010050-20260920T063220Z,2026-09-19T23:32:20.472910-07:00,NHL,NHL,2026010050,2026-09-26T00:00:00Z,Dallas,Minnesota,NHL_WEB,FUT
NHLWEB-2026010048-20260920T063220Z,2026-09-19T23:32:20.472910-07:00,NHL,NHL,2026010048,2026-09-26T00:30:00Z,Winnipeg,Colorado,NHL_WEB,FUT
NHLWEB-2026010008-20260920T173348Z,2026-09-20T10:33:48.322514-07:00,NHL,NHL,2026010008,2026-09-20T17:00:00Z,New York,New Jersey,NHL_WEB,LIVE
NHLWEB-2026010009-20260920T173348Z,2026-09-20T10:33:48.322514-07:00,NHL,NHL,2026010009,2026-09-20T20:00:00Z,San Jose,Anaheim,NHL_WEB,FUT
NHLWEB-2026010011-20260920T173348Z,2026-09-20T10:33:48.322514-07:00,NHL,NHL,2026010011,2026-09-20T21:00:00Z,Nashville,Tampa Bay,NHL_WEB,FUT
NHLWEB-2026010013-20260920T173348Z,2026-09-20T10:33:48.322514-07:00,NHL,NHL,2026010013,2026-09-20T21:00:00Z,Washington,Boston,NHL_WEB,FUT
NHLWEB-2026010010-20260920T173348Z,2026-09-20T10:33:48.322514-07:00,NHL,NHL,2026010010,2026-09-20T23:00:00Z,Carolina,Florida,NHL_WEB,FUT
NHLWEB-2026010012-20260920T173348Z,2026-09-20T10:33:48.322514-07:00,NHL,NHL,2026010012,2026-09-20T23:00:00Z,Utah,Colorado,NHL_WEB,FUT
NHLWEB-2026010014-20260920T173348Z,2026-09-20T10:33:48.322514-07:00,NHL,NHL,2026010014,2026-09-21T00:00:00Z,Seattle,Calgary,NHL_WEB,FUT
NHLWEB-2026010016-20260920T173348Z,2026-09-20T10:33:48.322514-07:00,NHL,NHL,2026010016,2026-09-21T23:00:00Z,Buffalo,Pittsburgh,NHL_WEB,FUT
NHLWEB-2026010017-20260920T173348Z,2026-09-20T10:33:48.322514-07:00,NHL,NHL,2026010017,2026-09-21T23:00:00Z,Detroit,Columbus,NHL_WEB,FUT
NHLWEB-2026010019-20260920T173348Z,2026-09-20T10:33:48.322514-07:00,NHL,NHL,2026010019,2026-09-21T23:00:00Z,New York,New Jersey,NHL_WEB,FUT
NHLWEB-2026010020-20260920T173348Z,2026-09-20T10:33:48.322514-07:00,NHL,NHL,2026010020,2026-09-21T23:00:00Z,Philadelphia,Washington,NHL_WEB,FUT
NHLWEB-2026010022-20260920T173348Z,2026-09-20T10:33:48.322514-07:00,NHL,NHL,2026010022,2026-09-21T23:00:00Z,Ottawa,Montréal,NHL_WEB,FUT
NHLWEB-2026010015-20260920T173348Z,2026-09-20T10:33:48.322514-07:00,NHL,NHL,2026010015,2026-09-22T00:00:00Z,Colorado,Winnipeg,NHL_WEB,FUT
NHLWEB-2026010018-20260920T173348Z,2026-09-20T10:33:48.322514-07:00,NHL,NHL,2026010018,2026-09-22T00:00:00Z,Minnesota,Chicago,NHL_WEB,FUT
NHLWEB-2026010021-20260920T173348Z,2026-09-20T10:33:48.322514-07:00,NHL,NHL,2026010021,2026-09-22T00:00:00Z,St. Louis,Dallas,NHL_WEB,FUT
NHLWEB-2026010024-20260920T173348Z,2026-09-20T10:33:48.322514-07:00,NHL,NHL,2026010024,2026-09-22T23:00:00Z,Columbus,Buffalo,NHL_WEB,FUT
NHLWEB-2026010025-20260920T173348Z,2026-09-20T10:33:48.322514-07:00,NHL,NHL,2026010025,2026-09-22T23:00:00Z,Detroit,Pittsburgh,NHL_WEB,FUT
NHLWEB-2026010026-20260920T173348Z,2026-09-20T10:33:48.322514-07:00,NHL,NHL,2026010026,2026-09-22T23:00:00Z,Florida,Carolina,NHL_WEB,FUT
NHLWEB-2026010027-20260920T173348Z,2026-09-20T10:33:48.322514-07:00,NHL,NHL,2026010027,2026-09-22T23:00:00Z,New York,New York,NHL_WEB,FUT
NHLWEB-2026010028-20260920T173348Z,2026-09-20T10:33:48.322514-07:00,NHL,NHL,2026010028,2026-09-22T23:00:00Z,Philadelphia,Boston,NHL_WEB,FUT
NHLWEB-2026010023-20260920T173348Z,2026-09-20T10:33:48.322514-07:00,NHL,NHL,2026010023,2026-09-23T00:00:00Z,Edmonton,Winnipeg,NHL_WEB,FUT
NHLWEB-2026010029-20260920T173348Z,2026-09-20T10:33:48.322514-07:00,NHL,NHL,2026010029,2026-09-23T00:00:00Z,Tampa Bay,Nashville,NHL_WEB,FUT
NHLWEB-2026010031-20260920T173348Z,2026-09-20T10:33:48.322514-07:00,NHL,NHL,2026010031,2026-09-23T01:00:00Z,Vancouver,Calgary,NHL_WEB,FUT
NHLWEB-2026010030-20260920T173348Z,2026-09-20T10:33:48.322514-07:00,NHL,NHL,2026010030,2026-09-23T02:00:00Z,Utah,Los Angeles,NHL_WEB,FUT
NHLWEB-2026010032-20260920T173348Z,2026-09-20T10:33:48.322514-07:00,NHL,NHL,2026010032,2026-09-23T02:00:00Z,Vegas,San Jose,NHL_WEB,FUT
NHLWEB-2026010035-20260920T173348Z,2026-09-20T10:33:48.322514-07:00,NHL,NHL,2026010035,2026-09-23T23:00:00Z,Ottawa,Toronto,NHL_WEB,FUT
NHLWEB-2026010036-20260920T173348Z,2026-09-20T10:33:48.322514-07:00,NHL,NHL,2026010036,2026-09-23T23:00:00Z,Toronto,Ottawa,NHL_WEB,FUT
NHLWEB-2026010034-20260920T173348Z,2026-09-20T10:33:48.322514-07:00,NHL,NHL,2026010034,2026-09-24T00:00:00Z,Minnesota,Dallas,NHL_WEB,FUT
NHLWEB-2026010033-20260920T173348Z,2026-09-20T10:33:48.322514-07:00,NHL,NHL,2026010033,2026-09-24T02:00:00Z,Los Angeles,Anaheim,NHL_WEB,FUT
NHLWEB-2026010040-20260920T173348Z,2026-09-20T10:33:48.322514-07:00,NHL,NHL,2026010040,2026-09-24T23:00:00Z,Boston,Philadelphia,NHL_WEB,FUT
NHLWEB-2026010041-20260920T173348Z,2026-09-20T10:33:48.322514-07:00,NHL,NHL,2026010041,2026-09-24T23:00:00Z,Buffalo,Detroit,NHL_WEB,FUT
NHLWEB-2026010043-20260920T173348Z,2026-09-20T10:33:48.322514-07:00,NHL,NHL,2026010043,2026-09-24T23:00:00Z,Florida,Tampa Bay,NHL_WEB,FUT
NHLWEB-2026010044-20260920T173348Z,2026-09-20T10:33:48.322514-07:00,NHL,NHL,2026010044,2026-09-24T23:00:00Z,Nashville,Carolina,NHL_WEB,FUT
NHLWEB-2026010045-20260920T173348Z,2026-09-20T10:33:48.322514-07:00,NHL,NHL,2026010045,2026-09-24T23:00:00Z,New Jersey,New York,NHL_WEB,FUT
NHLWEB-2026010046-20260920T173348Z,2026-09-20T10:33:48.322514-07:00,NHL,NHL,2026010046,2026-09-24T23:00:00Z,Pittsburgh,Columbus,NHL_WEB,FUT
NHLWEB-2026010042-20260920T173348Z,2026-09-20T10:33:48.322514-07:00,NHL,NHL,2026010042,2026-09-25T00:00:00Z,Chicago,St. Louis,NHL_WEB,FUT
NHLWEB-2026010037-20260920T173348Z,2026-09-20T10:33:48.322514-07:00,NHL,NHL,2026010037,2026-09-25T01:00:00Z,Edmonton,Vancouver,NHL_WEB,FUT
NHLWEB-2026010038-20260920T173348Z,2026-09-20T10:33:48.322514-07:00,NHL,NHL,2026010038,2026-09-25T01:40:00Z,Calgary,Seattle,NHL_WEB,FUT
NHLWEB-2026010039-20260920T173348Z,2026-09-20T10:33:48.322514-07:00,NHL,NHL,2026010039,2026-09-25T02:00:00Z,Anaheim,San Jose,NHL_WEB,FUT
NHLWEB-2026010047-20260920T173348Z,2026-09-20T10:33:48.322514-07:00,NHL,NHL,2026010047,2026-09-25T02:00:00Z,Utah,Vegas,NHL_WEB,FUT
NHLWEB-2026010049-20260920T173348Z,2026-09-20T10:33:48.322514-07:00,NHL,NHL,2026010049,2026-09-25T23:00:00Z,Boston,Washington,NHL_WEB,FUT
NHLWEB-2026010051-20260920T173348Z,2026-09-20T10:33:48.322514-07:00,NHL,NHL,2026010051,2026-09-25T23:30:00Z,New York,New York,NHL_WEB,FUT
NHLWEB-2026010050-20260920T173348Z,2026-09-20T10:33:48.322514-07:00,NHL,NHL,2026010050,2026-09-26T00:00:00Z,Dallas,Minnesota,NHL_WEB,FUT
NHLWEB-2026010048-20260920T173348Z,2026-09-20T10:33:48.322514-07:00,NHL,NHL,2026010048,2026-09-26T00:30:00Z,Winnipeg,Colorado,NHL_WEB,FUT
NHLWEB-2026010053-20260920T173348Z,2026-09-20T10:33:48.322514-07:00,NHL,NHL,2026010053,2026-09-26T19:00:00Z,Carolina,Nashville,NHL_WEB,FUT
NHLWEB-2026010055-20260920T173348Z,2026-09-20T10:33:48.322514-07:00,NHL,NHL,2026010055,2026-09-26T19:00:00Z,Pittsburgh,Buffalo,NHL_WEB,FUT
NHLWEB-2026010052-20260920T173348Z,2026-09-20T10:33:48.322514-07:00,NHL,NHL,2026010052,2026-09-26T20:00:00Z,Anaheim,Los Angeles,NHL_WEB,FUT
NHLWEB-2026010054-20260920T173348Z,2026-09-20T10:33:48.322514-07:00,NHL,NHL,2026010054,2026-09-26T21:00:00Z,Colorado,Utah,NHL_WEB,FUT
NHLWEB-2026010057-20260920T173348Z,2026-09-20T10:33:48.322514-07:00,NHL,NHL,2026010057,2026-09-26T21:00:00Z,Washington,Philadelphia,NHL_WEB,FUT
NHLWEB-2026010059-20260920T173348Z,2026-09-20T10:33:48.322514-07:00,NHL,NHL,2026010059,2026-09-26T22:00:00Z,Tampa Bay,Florida,NHL_WEB,FUT
NHLWEB-2026010056-20260920T173348Z,2026-09-20T10:33:48.322514-07:00,NHL,NHL,2026010056,2026-09-26T23:00:00Z,Seattle,Vancouver,NHL_WEB,FUT
NHLWEB-2026010058-20260920T173348Z,2026-09-20T10:33:48.322514-07:00,NHL,NHL,2026010058,2026-09-26T23:00:00Z,St. Louis,Chicago,NHL_WEB,FUT
NHLWEB-2026010061-20260920T173348Z,2026-09-20T10:33:48.322514-07:00,NHL,NHL,2026010061,2026-09-26T23:00:00Z,Columbus,Detroit,NHL_WEB,FUT
NHLWEB-2026010064-20260920T173348Z,2026-09-20T10:33:48.322514-07:00,NHL,NHL,2026010064,2026-09-26T23:00:00Z,Montréal,Ottawa,NHL_WEB,FUT
NHLWEB-2026010065-20260920T173348Z,2026-09-20T10:33:48.322514-07:00,NHL,NHL,2026010065,2026-09-26T23:00:00Z,Ottawa,Montréal,NHL_WEB,FUT
NHLWEB-2026010062-20260920T173348Z,2026-09-20T10:33:48.322514-07:00,NHL,NHL,2026010062,2026-09-26T23:30:00Z,New Jersey,New York,NHL_WEB,FUT
NHLWEB-2026010060-20260920T173348Z,2026-09-20T10:33:48.322514-07:00,NHL,NHL,2026010060,2026-09-27T01:00:00Z,Calgary,Edmonton,NHL_WEB,FUT
NHLWEB-2026010063-20260920T173348Z,2026-09-20T10:33:48.322514-07:00,NHL,NHL,2026010063,2026-09-27T02:00:00Z,San Jose,Vegas,NHL_WEB,FUT
NHLWEB-2026010008-20260920T180756Z,2026-09-20T11:07:56.810370-07:00,NHL,NHL,2026010008,2026-09-20T17:00:00Z,New York,New Jersey,NHL_WEB,LIVE
NHLWEB-2026010009-20260920T180756Z,2026-09-20T11:07:56.810370-07:00,NHL,NHL,2026010009,2026-09-20T20:00:00Z,San Jose,Anaheim,NHL_WEB,FUT
NHLWEB-2026010011-20260920T180756Z,2026-09-20T11:07:56.810370-07:00,NHL,NHL,2026010011,2026-09-20T21:00:00Z,Nashville,Tampa Bay,NHL_WEB,FUT
NHLWEB-2026010013-20260920T180756Z,2026-09-20T11:07:56.810370-07:00,NHL,NHL,2026010013,2026-09-20T21:00:00Z,Washington,Boston,NHL_WEB,FUT
NHLWEB-2026010010-20260920T180756Z,2026-09-20T11:07:56.810370-07:00,NHL,NHL,2026010010,2026-09-20T23:00:00Z,Carolina,Florida,NHL_WEB,FUT
NHLWEB-2026010012-20260920T180756Z,2026-09-20T11:07:56.810370-07:00,NHL,NHL,2026010012,2026-09-20T23:00:00Z,Utah,Colorado,NHL_WEB,FUT
NHLWEB-2026010014-20260920T180756Z,2026-09-20T11:07:56.810370-07:00,NHL,NHL,2026010014,2026-09-21T00:00:00Z,Seattle,Calgary,NHL_WEB,FUT
NHLWEB-2026010016-20260920T180756Z,2026-09-20T11:07:56.810370-07:00,NHL,NHL,2026010016,2026-09-21T23:00:00Z,Buffalo,Pittsburgh,NHL_WEB,FUT
NHLWEB-2026010017-20260920T180756Z,2026-09-20T11:07:56.810370-07:00,NHL,NHL,2026010017,2026-09-21T23:00:00Z,Detroit,Columbus,NHL_WEB,FUT
NHLWEB-2026010019-20260920T180756Z,2026-09-20T11:07:56.810370-07:00,NHL,NHL,2026010019,2026-09-21T23:00:00Z,New York,New Jersey,NHL_WEB,FUT
NHLWEB-2026010020-20260920T180756Z,2026-09-20T11:07:56.810370-07:00,NHL,NHL,2026010020,2026-09-21T23:00:00Z,Philadelphia,Washington,NHL_WEB,FUT
NHLWEB-2026010022-20260920T180756Z,2026-09-20T11:07:56.810370-07:00,NHL,NHL,2026010022,2026-09-21T23:00:00Z,Ottawa,Montréal,NHL_WEB,FUT
NHLWEB-2026010015-20260920T180756Z,2026-09-20T11:07:56.810370-07:00,NHL,NHL,2026010015,2026-09-22T00:00:00Z,Colorado,Winnipeg,NHL_WEB,FUT
NHLWEB-2026010018-20260920T180756Z,2026-09-20T11:07:56.810370-07:00,NHL,NHL,2026010018,2026-09-22T00:00:00Z,Minnesota,Chicago,NHL_WEB,FUT
NHLWEB-2026010021-20260920T180756Z,2026-09-20T11:07:56.810370-07:00,NHL,NHL,2026010021,2026-09-22T00:00:00Z,St. Louis,Dallas,NHL_WEB,FUT
NHLWEB-2026010024-20260920T180756Z,2026-09-20T11:07:56.810370-07:00,NHL,NHL,2026010024,2026-09-22T23:00:00Z,Columbus,Buffalo,NHL_WEB,FUT
NHLWEB-2026010025-20260920T180756Z,2026-09-20T11:07:56.810370-07:00,NHL,NHL,2026010025,2026-09-22T23:00:00Z,Detroit,Pittsburgh,NHL_WEB,FUT
NHLWEB-2026010026-20260920T180756Z,2026-09-20T11:07:56.810370-07:00,NHL,NHL,2026010026,2026-09-22T23:00:00Z,Florida,Carolina,NHL_WEB,FUT
NHLWEB-2026010027-20260920T180756Z,2026-09-20T11:07:56.810370-07:00,NHL,NHL,2026010027,2026-09-22T23:00:00Z,New York,New York,NHL_WEB,FUT
NHLWEB-2026010028-20260920T180756Z,2026-09-20T11:07:56.810370-07:00,NHL,NHL,2026010028,2026-09-22T23:00:00Z,Philadelphia,Boston,NHL_WEB,FUT
NHLWEB-2026010023-20260920T180756Z,2026-09-20T11:07:56.810370-07:00,NHL,NHL,2026010023,2026-09-23T00:00:00Z,Edmonton,Winnipeg,NHL_WEB,FUT
NHLWEB-2026010029-20260920T180756Z,2026-09-20T11:07:56.810370-07:00,NHL,NHL,2026010029,2026-09-23T00:00:00Z,Tampa Bay,Nashville,NHL_WEB,FUT
NHLWEB-2026010031-20260920T180756Z,2026-09-20T11:07:56.810370-07:00,NHL,NHL,2026010031,2026-09-23T01:00:00Z,Vancouver,Calgary,NHL_WEB,FUT
NHLWEB-2026010030-20260920T180756Z,2026-09-20T11:07:56.810370-07:00,NHL,NHL,2026010030,2026-09-23T02:00:00Z,Utah,Los Angeles,NHL_WEB,FUT
NHLWEB-2026010032-20260920T180756Z,2026-09-20T11:07:56.810370-07:00,NHL,NHL,2026010032,2026-09-23T02:00:00Z,Vegas,San Jose,NHL_WEB,FUT
NHLWEB-2026010035-20260920T180756Z,2026-09-20T11:07:56.810370-07:00,NHL,NHL,2026010035,2026-09-23T23:00:00Z,Ottawa,Toronto,NHL_WEB,FUT
NHLWEB-2026010036-20260920T180756Z,2026-09-20T11:07:56.810370-07:00,NHL,NHL,2026010036,2026-09-23T23:00:00Z,Toronto,Ottawa,NHL_WEB,FUT
NHLWEB-2026010034-20260920T180756Z,2026-09-20T11:07:56.810370-07:00,NHL,NHL,2026010034,2026-09-24T00:00:00Z,Minnesota,Dallas,NHL_WEB,FUT
NHLWEB-2026010033-20260920T180756Z,2026-09-20T11:07:56.810370-07:00,NHL,NHL,2026010033,2026-09-24T02:00:00Z,Los Angeles,Anaheim,NHL_WEB,FUT
NHLWEB-2026010040-20260920T180756Z,2026-09-20T11:07:56.810370-07:00,NHL,NHL,2026010040,2026-09-24T23:00:00Z,Boston,Philadelphia,NHL_WEB,FUT
NHLWEB-2026010041-20260920T180756Z,2026-09-20T11:07:56.810370-07:00,NHL,NHL,2026010041,2026-09-24T23:00:00Z,Buffalo,Detroit,NHL_WEB,FUT
NHLWEB-2026010043-20260920T180756Z,2026-09-20T11:07:56.810370-07:00,NHL,NHL,2026010043,2026-09-24T23:00:00Z,Florida,Tampa Bay,NHL_WEB,FUT
NHLWEB-2026010044-20260920T180756Z,2026-09-20T11:07:56.810370-07:00,NHL,NHL,2026010044,2026-09-24T23:00:00Z,Nashville,Carolina,NHL_WEB,FUT
NHLWEB-2026010045-20260920T180756Z,2026-09-20T11:07:56.810370-07:00,NHL,NHL,2026010045,2026-09-24T23:00:00Z,New Jersey,New York,NHL_WEB,FUT
NHLWEB-2026010046-20260920T180756Z,2026-09-20T11:07:56.810370-07:00,NHL,NHL,2026010046,2026-09-24T23:00:00Z,Pittsburgh,Columbus,NHL_WEB,FUT
NHLWEB-2026010042-20260920T180756Z,2026-09-20T11:07:56.810370-07:00,NHL,NHL,2026010042,2026-09-25T00:00:00Z,Chicago,St. Louis,NHL_WEB,FUT
NHLWEB-2026010037-20260920T180756Z,2026-09-20T11:07:56.810370-07:00,NHL,NHL,2026010037,2026-09-25T01:00:00Z,Edmonton,Vancouver,NHL_WEB,FUT
NHLWEB-2026010038-20260920T180756Z,2026-09-20T11:07:56.810370-07:00,NHL,NHL,2026010038,2026-09-25T01:40:00Z,Calgary,Seattle,NHL_WEB,FUT
NHLWEB-2026010039-20260920T180756Z,2026-09-20T11:07:56.810370-07:00,NHL,NHL,2026010039,2026-09-25T02:00:00Z,Anaheim,San Jose,NHL_WEB,FUT
NHLWEB-2026010047-20260920T180756Z,2026-09-20T11:07:56.810370-07:00,NHL,NHL,2026010047,2026-09-25T02:00:00Z,Utah,Vegas,NHL_WEB,FUT
NHLWEB-2026010049-20260920T180756Z,2026-09-20T11:07:56.810370-07:00,NHL,NHL,2026010049,2026-09-25T23:00:00Z,Boston,Washington,NHL_WEB,FUT
NHLWEB-2026010051-20260920T180756Z,2026-09-20T11:07:56.810370-07:00,NHL,NHL,2026010051,2026-09-25T23:30:00Z,New York,New York,NHL_WEB,FUT
NHLWEB-2026010050-20260920T180756Z,2026-09-20T11:07:56.810370-07:00,NHL,NHL,2026010050,2026-09-26T00:00:00Z,Dallas,Minnesota,NHL_WEB,FUT
NHLWEB-2026010048-20260920T180756Z,2026-09-20T11:07:56.810370-07:00,NHL,NHL,2026010048,2026-09-26T00:30:00Z,Winnipeg,Colorado,NHL_WEB,FUT
NHLWEB-2026010053-20260920T180756Z,2026-09-20T11:07:56.810370-07:00,NHL,NHL,2026010053,2026-09-26T19:00:00Z,Carolina,Nashville,NHL_WEB,FUT
NHLWEB-2026010055-20260920T180756Z,2026-09-20T11:07:56.810370-07:00,NHL,NHL,2026010055,2026-09-26T19:00:00Z,Pittsburgh,Buffalo,NHL_WEB,FUT
NHLWEB-2026010052-20260920T180756Z,2026-09-20T11:07:56.810370-07:00,NHL,NHL,2026010052,2026-09-26T20:00:00Z,Anaheim,Los Angeles,NHL_WEB,FUT
NHLWEB-2026010054-20260920T180756Z,2026-09-20T11:07:56.810370-07:00,NHL,NHL,2026010054,2026-09-26T21:00:00Z,Colorado,Utah,NHL_WEB,FUT
NHLWEB-2026010057-20260920T180756Z,2026-09-20T11:07:56.810370-07:00,NHL,NHL,2026010057,2026-09-26T21:00:00Z,Washington,Philadelphia,NHL_WEB,FUT
NHLWEB-2026010059-20260920T180756Z,2026-09-20T11:07:56.810370-07:00,NHL,NHL,2026010059,2026-09-26T22:00:00Z,Tampa Bay,Florida,NHL_WEB,FUT
NHLWEB-2026010056-20260920T180756Z,2026-09-20T11:07:56.810370-07:00,NHL,NHL,2026010056,2026-09-26T23:00:00Z,Seattle,Vancouver,NHL_WEB,FUT
NHLWEB-2026010058-20260920T180756Z,2026-09-20T11:07:56.810370-07:00,NHL,NHL,2026010058,2026-09-26T23:00:00Z,St. Louis,Chicago,NHL_WEB,FUT
NHLWEB-2026010061-20260920T180756Z,2026-09-20T11:07:56.810370-07:00,NHL,NHL,2026010061,2026-09-26T23:00:00Z,Columbus,Detroit,NHL_WEB,FUT
NHLWEB-2026010064-20260920T180756Z,2026-09-20T11:07:56.810370-07:00,NHL,NHL,2026010064,2026-09-26T23:00:00Z,Montréal,Ottawa,NHL_WEB,FUT
NHLWEB-2026010065-20260920T180756Z,2026-09-20T11:07:56.810370-07:00,NHL,NHL,2026010065,2026-09-26T23:00:00Z,Ottawa,Montréal,NHL_WEB,FUT
NHLWEB-2026010062-20260920T180756Z,2026-09-20T11:07:56.810370-07:00,NHL,NHL,2026010062,2026-09-26T23:30:00Z,New Jersey,New York,NHL_WEB,FUT
NHLWEB-2026010060-20260920T180756Z,2026-09-20T11:07:56.810370-07:00,NHL,NHL,2026010060,2026-09-27T01:00:00Z,Calgary,Edmonton,NHL_WEB,FUT
NHLWEB-2026010063-20260920T180756Z,2026-09-20T11:07:56.810370-07:00,NHL,NHL,2026010063,2026-09-27T02:00:00Z,San Jose,Vegas,NHL_WEB,FUT
NHLWEB-2026010008-20260920T185041Z,2026-09-20T11:50:41.768698-07:00,NHL,NHL,2026010008,2026-09-20T17:00:00Z,New York,New Jersey,NHL_WEB,LIVE
NHLWEB-2026010009-20260920T185041Z,2026-09-20T11:50:41.768698-07:00,NHL,NHL,2026010009,2026-09-20T20:00:00Z,San Jose,Anaheim,NHL_WEB,FUT
NHLWEB-2026010011-20260920T185041Z,2026-09-20T11:50:41.768698-07:00,NHL,NHL,2026010011,2026-09-20T21:00:00Z,Nashville,Tampa Bay,NHL_WEB,FUT
NHLWEB-2026010013-20260920T185041Z,2026-09-20T11:50:41.768698-07:00,NHL,NHL,2026010013,2026-09-20T21:00:00Z,Washington,Boston,NHL_WEB,FUT
NHLWEB-2026010010-20260920T185041Z,2026-09-20T11:50:41.768698-07:00,NHL,NHL,2026010010,2026-09-20T23:00:00Z,Carolina,Florida,NHL_WEB,FUT
NHLWEB-2026010012-20260920T185041Z,2026-09-20T11:50:41.768698-07:00,NHL,NHL,2026010012,2026-09-20T23:00:00Z,Utah,Colorado,NHL_WEB,FUT
NHLWEB-2026010014-20260920T185041Z,2026-09-20T11:50:41.768698-07:00,NHL,NHL,2026010014,2026-09-21T00:00:00Z,Seattle,Calgary,NHL_WEB,FUT
NHLWEB-2026010016-20260920T185041Z,2026-09-20T11:50:41.768698-07:00,NHL,NHL,2026010016,2026-09-21T23:00:00Z,Buffalo,Pittsburgh,NHL_WEB,FUT
NHLWEB-2026010017-20260920T185041Z,2026-09-20T11:50:41.768698-07:00,NHL,NHL,2026010017,2026-09-21T23:00:00Z,Detroit,Columbus,NHL_WEB,FUT
NHLWEB-2026010019-20260920T185041Z,2026-09-20T11:50:41.768698-07:00,NHL,NHL,2026010019,2026-09-21T23:00:00Z,New York,New Jersey,NHL_WEB,FUT
NHLWEB-2026010020-20260920T185041Z,2026-09-20T11:50:41.768698-07:00,NHL,NHL,2026010020,2026-09-21T23:00:00Z,Philadelphia,Washington,NHL_WEB,FUT
NHLWEB-2026010022-20260920T185041Z,2026-09-20T11:50:41.768698-07:00,NHL,NHL,2026010022,2026-09-21T23:00:00Z,Ottawa,Montréal,NHL_WEB,FUT
NHLWEB-2026010015-20260920T185041Z,2026-09-20T11:50:41.768698-07:00,NHL,NHL,2026010015,2026-09-22T00:00:00Z,Colorado,Winnipeg,NHL_WEB,FUT
NHLWEB-2026010018-20260920T185041Z,2026-09-20T11:50:41.768698-07:00,NHL,NHL,2026010018,2026-09-22T00:00:00Z,Minnesota,Chicago,NHL_WEB,FUT
NHLWEB-2026010021-20260920T185041Z,2026-09-20T11:50:41.768698-07:00,NHL,NHL,2026010021,2026-09-22T00:00:00Z,St. Louis,Dallas,NHL_WEB,FUT
NHLWEB-2026010024-20260920T185041Z,2026-09-20T11:50:41.768698-07:00,NHL,NHL,2026010024,2026-09-22T23:00:00Z,Columbus,Buffalo,NHL_WEB,FUT
NHLWEB-2026010025-20260920T185041Z,2026-09-20T11:50:41.768698-07:00,NHL,NHL,2026010025,2026-09-22T23:00:00Z,Detroit,Pittsburgh,NHL_WEB,FUT
NHLWEB-2026010026-20260920T185041Z,2026-09-20T11:50:41.768698-07:00,NHL,NHL,2026010026,2026-09-22T23:00:00Z,Florida,Carolina,NHL_WEB,FUT
NHLWEB-2026010027-20260920T185041Z,2026-09-20T11:50:41.768698-07:00,NHL,NHL,2026010027,2026-09-22T23:00:00Z,New York,New York,NHL_WEB,FUT
NHLWEB-2026010028-20260920T185041Z,2026-09-20T11:50:41.768698-07:00,NHL,NHL,2026010028,2026-09-22T23:00:00Z,Philadelphia,Boston,NHL_WEB,FUT
NHLWEB-2026010023-20260920T185041Z,2026-09-20T11:50:41.768698-07:00,NHL,NHL,2026010023,2026-09-23T00:00:00Z,Edmonton,Winnipeg,NHL_WEB,FUT
NHLWEB-2026010029-20260920T185041Z,2026-09-20T11:50:41.768698-07:00,NHL,NHL,2026010029,2026-09-23T00:00:00Z,Tampa Bay,Nashville,NHL_WEB,FUT
NHLWEB-2026010031-20260920T185041Z,2026-09-20T11:50:41.768698-07:00,NHL,NHL,2026010031,2026-09-23T01:00:00Z,Vancouver,Calgary,NHL_WEB,FUT
NHLWEB-2026010030-20260920T185041Z,2026-09-20T11:50:41.768698-07:00,NHL,NHL,2026010030,2026-09-23T02:00:00Z,Utah,Los Angeles,NHL_WEB,FUT
NHLWEB-2026010032-20260920T185041Z,2026-09-20T11:50:41.768698-07:00,NHL,NHL,2026010032,2026-09-23T02:00:00Z,Vegas,San Jose,NHL_WEB,FUT
NHLWEB-2026010035-20260920T185041Z,2026-09-20T11:50:41.768698-07:00,NHL,NHL,2026010035,2026-09-23T23:00:00Z,Ottawa,Toronto,NHL_WEB,FUT
NHLWEB-2026010036-20260920T185041Z,2026-09-20T11:50:41.768698-07:00,NHL,NHL,2026010036,2026-09-23T23:00:00Z,Toronto,Ottawa,NHL_WEB,FUT
NHLWEB-2026010034-20260920T185041Z,2026-09-20T11:50:41.768698-07:00,NHL,NHL,2026010034,2026-09-24T00:00:00Z,Minnesota,Dallas,NHL_WEB,FUT
NHLWEB-2026010033-20260920T185041Z,2026-09-20T11:50:41.768698-07:00,NHL,NHL,2026010033,2026-09-24T02:00:00Z,Los Angeles,Anaheim,NHL_WEB,FUT
NHLWEB-2026010040-20260920T185041Z,2026-09-20T11:50:41.768698-07:00,NHL,NHL,2026010040,2026-09-24T23:00:00Z,Boston,Philadelphia,NHL_WEB,FUT
NHLWEB-2026010041-20260920T185041Z,2026-09-20T11:50:41.768698-07:00,NHL,NHL,2026010041,2026-09-24T23:00:00Z,Buffalo,Detroit,NHL_WEB,FUT
NHLWEB-2026010043-20260920T185041Z,2026-09-20T11:50:41.768698-07:00,NHL,NHL,2026010043,2026-09-24T23:00:00Z,Florida,Tampa Bay,NHL_WEB,FUT
NHLWEB-2026010044-20260920T185041Z,2026-09-20T11:50:41.768698-07:00,NHL,NHL,2026010044,2026-09-24T23:00:00Z,Nashville,Carolina,NHL_WEB,FUT
NHLWEB-2026010045-20260920T185041Z,2026-09-20T11:50:41.768698-07:00,NHL,NHL,2026010045,2026-09-24T23:00:00Z,New Jersey,New York,NHL_WEB,FUT
NHLWEB-2026010046-20260920T185041Z,2026-09-20T11:50:41.768698-07:00,NHL,NHL,2026010046,2026-09-24T23:00:00Z,Pittsburgh,Columbus,NHL_WEB,FUT
NHLWEB-2026010042-20260920T185041Z,2026-09-20T11:50:41.768698-07:00,NHL,NHL,2026010042,2026-09-25T00:00:00Z,Chicago,St. Louis,NHL_WEB,FUT
NHLWEB-2026010037-20260920T185041Z,2026-09-20T11:50:41.768698-07:00,NHL,NHL,2026010037,2026-09-25T01:00:00Z,Edmonton,Vancouver,NHL_WEB,FUT
NHLWEB-2026010038-20260920T185041Z,2026-09-20T11:50:41.768698-07:00,NHL,NHL,2026010038,2026-09-25T01:40:00Z,Calgary,Seattle,NHL_WEB,FUT
NHLWEB-2026010039-20260920T185041Z,2026-09-20T11:50:41.768698-07:00,NHL,NHL,2026010039,2026-09-25T02:00:00Z,Anaheim,San Jose,NHL_WEB,FUT
NHLWEB-2026010047-20260920T185041Z,2026-09-20T11:50:41.768698-07:00,NHL,NHL,2026010047,2026-09-25T02:00:00Z,Utah,Vegas,NHL_WEB,FUT
NHLWEB-2026010049-20260920T185041Z,2026-09-20T11:50:41.768698-07:00,NHL,NHL,2026010049,2026-09-25T23:00:00Z,Boston,Washington,NHL_WEB,FUT
NHLWEB-2026010051-20260920T185041Z,2026-09-20T11:50:41.768698-07:00,NHL,NHL,2026010051,2026-09-25T23:30:00Z,New York,New York,NHL_WEB,FUT
NHLWEB-2026010050-20260920T185041Z,2026-09-20T11:50:41.768698-07:00,NHL,NHL,2026010050,2026-09-26T00:00:00Z,Dallas,Minnesota,NHL_WEB,FUT
NHLWEB-2026010048-20260920T185041Z,2026-09-20T11:50:41.768698-07:00,NHL,NHL,2026010048,2026-09-26T00:30:00Z,Winnipeg,Colorado,NHL_WEB,FUT
NHLWEB-2026010053-20260920T185041Z,2026-09-20T11:50:41.768698-07:00,NHL,NHL,2026010053,2026-09-26T19:00:00Z,Carolina,Nashville,NHL_WEB,FUT
NHLWEB-2026010055-20260920T185041Z,2026-09-20T11:50:41.768698-07:00,NHL,NHL,2026010055,2026-09-26T19:00:00Z,Pittsburgh,Buffalo,NHL_WEB,FUT
NHLWEB-2026010052-20260920T185041Z,2026-09-20T11:50:41.768698-07:00,NHL,NHL,2026010052,2026-09-26T20:00:00Z,Anaheim,Los Angeles,NHL_WEB,FUT
NHLWEB-2026010054-20260920T185041Z,2026-09-20T11:50:41.768698-07:00,NHL,NHL,2026010054,2026-09-26T21:00:00Z,Colorado,Utah,NHL_WEB,FUT
NHLWEB-2026010057-20260920T185041Z,2026-09-20T11:50:41.768698-07:00,NHL,NHL,2026010057,2026-09-26T21:00:00Z,Washington,Philadelphia,NHL_WEB,FUT
NHLWEB-2026010059-20260920T185041Z,2026-09-20T11:50:41.768698-07:00,NHL,NHL,2026010059,2026-09-26T22:00:00Z,Tampa Bay,Florida,NHL_WEB,FUT
NHLWEB-2026010056-20260920T185041Z,2026-09-20T11:50:41.768698-07:00,NHL,NHL,2026010056,2026-09-26T23:00:00Z,Seattle,Vancouver,NHL_WEB,FUT
NHLWEB-2026010058-20260920T185041Z,2026-09-20T11:50:41.768698-07:00,NHL,NHL,2026010058,2026-09-26T23:00:00Z,St. Louis,Chicago,NHL_WEB,FUT
NHLWEB-2026010061-20260920T185041Z,2026-09-20T11:50:41.768698-07:00,NHL,NHL,2026010061,2026-09-26T23:00:00Z,Columbus,Detroit,NHL_WEB,FUT
NHLWEB-2026010064-20260920T185041Z,2026-09-20T11:50:41.768698-07:00,NHL,NHL,2026010064,2026-09-26T23:00:00Z,Montréal,Ottawa,NHL_WEB,FUT
NHLWEB-2026010065-20260920T185041Z,2026-09-20T11:50:41.768698-07:00,NHL,NHL,2026010065,2026-09-26T23:00:00Z,Ottawa,Montréal,NHL_WEB,FUT
NHLWEB-2026010062-20260920T185041Z,2026-09-20T11:50:41.768698-07:00,NHL,NHL,2026010062,2026-09-26T23:30:00Z,New Jersey,New York,NHL_WEB,FUT
NHLWEB-2026010060-20260920T185041Z,2026-09-20T11:50:41.768698-07:00,NHL,NHL,2026010060,2026-09-27T01:00:00Z,Calgary,Edmonton,NHL_WEB,FUT
NHLWEB-2026010063-20260920T185041Z,2026-09-20T11:50:41.768698-07:00,NHL,NHL,2026010063,2026-09-27T02:00:00Z,San Jose,Vegas,NHL_WEB,FUT
NHLWEB-2026010016-20260921T191536Z,2026-09-21T12:15:36.211986-07:00,NHL,NHL,2026010016,2026-09-21T23:00:00Z,Buffalo,Pittsburgh,NHL_WEB,FUT
NHLWEB-2026010017-20260921T191536Z,2026-09-21T12:15:36.211986-07:00,NHL,NHL,2026010017,2026-09-21T23:00:00Z,Detroit,Columbus,NHL_WEB,FUT
NHLWEB-2026010019-20260921T191536Z,2026-09-21T12:15:36.211986-07:00,NHL,NHL,2026010019,2026-09-21T23:00:00Z,New York,New Jersey,NHL_WEB,FUT
NHLWEB-2026010020-20260921T191536Z,2026-09-21T12:15:36.211986-07:00,NHL,NHL,2026010020,2026-09-21T23:00:00Z,Philadelphia,Washington,NHL_WEB,FUT
NHLWEB-2026010022-20260921T191536Z,2026-09-21T12:15:36.211986-07:00,NHL,NHL,2026010022,2026-09-21T23:00:00Z,Ottawa,Montréal,NHL_WEB,FUT
NHLWEB-2026010015-20260921T191536Z,2026-09-21T12:15:36.211986-07:00,NHL,NHL,2026010015,2026-09-22T00:00:00Z,Colorado,Winnipeg,NHL_WEB,FUT
NHLWEB-2026010018-20260921T191536Z,2026-09-21T12:15:36.211986-07:00,NHL,NHL,2026010018,2026-09-22T00:00:00Z,Minnesota,Chicago,NHL_WEB,FUT
NHLWEB-2026010021-20260921T191536Z,2026-09-21T12:15:36.211986-07:00,NHL,NHL,2026010021,2026-09-22T00:00:00Z,St. Louis,Dallas,NHL_WEB,FUT
NHLWEB-2026010024-20260921T191536Z,2026-09-21T12:15:36.211986-07:00,NHL,NHL,2026010024,2026-09-22T23:00:00Z,Columbus,Buffalo,NHL_WEB,FUT
NHLWEB-2026010025-20260921T191536Z,2026-09-21T12:15:36.211986-07:00,NHL,NHL,2026010025,2026-09-22T23:00:00Z,Detroit,Pittsburgh,NHL_WEB,FUT
NHLWEB-2026010026-20260921T191536Z,2026-09-21T12:15:36.211986-07:00,NHL,NHL,2026010026,2026-09-22T23:00:00Z,Florida,Carolina,NHL_WEB,FUT
NHLWEB-2026010027-20260921T191536Z,2026-09-21T12:15:36.211986-07:00,NHL,NHL,2026010027,2026-09-22T23:00:00Z,New York,New York,NHL_WEB,FUT
NHLWEB-2026010028-20260921T191536Z,2026-09-21T12:15:36.211986-07:00,NHL,NHL,2026010028,2026-09-22T23:00:00Z,Philadelphia,Boston,NHL_WEB,FUT
NHLWEB-2026010023-20260921T191536Z,2026-09-21T12:15:36.211986-07:00,NHL,NHL,2026010023,2026-09-23T00:00:00Z,Edmonton,Winnipeg,NHL_WEB,FUT
NHLWEB-2026010029-20260921T191536Z,2026-09-21T12:15:36.211986-07:00,NHL,NHL,2026010029,2026-09-23T00:00:00Z,Tampa Bay,Nashville,NHL_WEB,FUT
NHLWEB-2026010031-20260921T191536Z,2026-09-21T12:15:36.211986-07:00,NHL,NHL,2026010031,2026-09-23T01:00:00Z,Vancouver,Calgary,NHL_WEB,FUT
NHLWEB-2026010030-20260921T191536Z,2026-09-21T12:15:36.211986-07:00,NHL,NHL,2026010030,2026-09-23T02:00:00Z,Utah,Los Angeles,NHL_WEB,FUT
NHLWEB-2026010032-20260921T191536Z,2026-09-21T12:15:36.211986-07:00,NHL,NHL,2026010032,2026-09-23T02:00:00Z,Vegas,San Jose,NHL_WEB,FUT
NHLWEB-2026010035-20260921T191536Z,2026-09-21T12:15:36.211986-07:00,NHL,NHL,2026010035,2026-09-23T23:00:00Z,Ottawa,Toronto,NHL_WEB,FUT
NHLWEB-2026010036-20260921T191536Z,2026-09-21T12:15:36.211986-07:00,NHL,NHL,2026010036,2026-09-23T23:00:00Z,Toronto,Ottawa,NHL_WEB,FUT
NHLWEB-2026010034-20260921T191536Z,2026-09-21T12:15:36.211986-07:00,NHL,NHL,2026010034,2026-09-24T00:00:00Z,Minnesota,Dallas,NHL_WEB,FUT
NHLWEB-2026010033-20260921T191536Z,2026-09-21T12:15:36.211986-07:00,NHL,NHL,2026010033,2026-09-24T02:00:00Z,Los Angeles,Anaheim,NHL_WEB,FUT
NHLWEB-2026010040-20260921T191536Z,2026-09-21T12:15:36.211986-07:00,NHL,NHL,2026010040,2026-09-24T23:00:00Z,Boston,Philadelphia,NHL_WEB,FUT
NHLWEB-2026010041-20260921T191536Z,2026-09-21T12:15:36.211986-07:00,NHL,NHL,2026010041,2026-09-24T23:00:00Z,Buffalo,Detroit,NHL_WEB,FUT
NHLWEB-2026010043-20260921T191536Z,2026-09-21T12:15:36.211986-07:00,NHL,NHL,2026010043,2026-09-24T23:00:00Z,Florida,Tampa Bay,NHL_WEB,FUT
NHLWEB-2026010044-20260921T191536Z,2026-09-21T12:15:36.211986-07:00,NHL,NHL,2026010044,2026-09-24T23:00:00Z,Nashville,Carolina,NHL_WEB,FUT
NHLWEB-2026010045-20260921T191536Z,2026-09-21T12:15:36.211986-07:00,NHL,NHL,2026010045,2026-09-24T23:00:00Z,New Jersey,New York,NHL_WEB,FUT
NHLWEB-2026010046-20260921T191536Z,2026-09-21T12:15:36.211986-07:00,NHL,NHL,2026010046,2026-09-24T23:00:00Z,Pittsburgh,Columbus,NHL_WEB,FUT
NHLWEB-2026010042-20260921T191536Z,2026-09-21T12:15:36.211986-07:00,NHL,NHL,2026010042,2026-09-25T00:00:00Z,Chicago,St. Louis,NHL_WEB,FUT
NHLWEB-2026010037-20260921T191536Z,2026-09-21T12:15:36.211986-07:00,NHL,NHL,2026010037,2026-09-25T01:00:00Z,Edmonton,Vancouver,NHL_WEB,FUT
NHLWEB-2026010038-20260921T191536Z,2026-09-21T12:15:36.211986-07:00,NHL,NHL,2026010038,2026-09-25T01:40:00Z,Calgary,Seattle,NHL_WEB,FUT
NHLWEB-2026010039-20260921T191536Z,2026-09-21T12:15:36.211986-07:00,NHL,NHL,2026010039,2026-09-25T02:00:00Z,Anaheim,San Jose,NHL_WEB,FUT
NHLWEB-2026010047-20260921T191536Z,2026-09-21T12:15:36.211986-07:00,NHL,NHL,2026010047,2026-09-25T02:00:00Z,Utah,Vegas,NHL_WEB,FUT
NHLWEB-2026010049-20260921T191536Z,2026-09-21T12:15:36.211986-07:00,NHL,NHL,2026010049,2026-09-25T23:00:00Z,Boston,Washington,NHL_WEB,FUT
NHLWEB-2026010051-20260921T191536Z,2026-09-21T12:15:36.211986-07:00,NHL,NHL,2026010051,2026-09-25T23:30:00Z,New York,New York,NHL_WEB,FUT
NHLWEB-2026010050-20260921T191536Z,2026-09-21T12:15:36.211986-07:00,NHL,NHL,2026010050,2026-09-26T00:00:00Z,Dallas,Minnesota,NHL_WEB,FUT
NHLWEB-2026010048-20260921T191536Z,2026-09-21T12:15:36.211986-07:00,NHL,NHL,2026010048,2026-09-26T00:30:00Z,Winnipeg,Colorado,NHL_WEB,FUT
NHLWEB-2026010053-20260921T191536Z,2026-09-21T12:15:36.211986-07:00,NHL,NHL,2026010053,2026-09-26T19:00:00Z,Carolina,Nashville,NHL_WEB,FUT
NHLWEB-2026010055-20260921T191536Z,2026-09-21T12:15:36.211986-07:00,NHL,NHL,2026010055,2026-09-26T19:00:00Z,Pittsburgh,Buffalo,NHL_WEB,FUT
NHLWEB-2026010052-20260921T191536Z,2026-09-21T12:15:36.211986-07:00,NHL,NHL,2026010052,2026-09-26T20:00:00Z,Anaheim,Los Angeles,NHL_WEB,FUT
NHLWEB-2026010054-20260921T191536Z,2026-09-21T12:15:36.211986-07:00,NHL,NHL,2026010054,2026-09-26T21:00:00Z,Colorado,Utah,NHL_WEB,FUT
NHLWEB-2026010057-20260921T191536Z,2026-09-21T12:15:36.211986-07:00,NHL,NHL,2026010057,2026-09-26T21:00:00Z,Washington,Philadelphia,NHL_WEB,FUT
NHLWEB-2026010059-20260921T191536Z,2026-09-21T12:15:36.211986-07:00,NHL,NHL,2026010059,2026-09-26T22:00:00Z,Tampa Bay,Florida,NHL_WEB,FUT
NHLWEB-2026010056-20260921T191536Z,2026-09-21T12:15:36.211986-07:00,NHL,NHL,2026010056,2026-09-26T23:00:00Z,Seattle,Vancouver,NHL_WEB,FUT
NHLWEB-2026010058-20260921T191536Z,2026-09-21T12:15:36.211986-07:00,NHL,NHL,2026010058,2026-09-26T23:00:00Z,St. Louis,Chicago,NHL_WEB,FUT
NHLWEB-2026010061-20260921T191536Z,2026-09-21T12:15:36.211986-07:00,NHL,NHL,2026010061,2026-09-26T23:00:00Z,Columbus,Detroit,NHL_WEB,FUT
NHLWEB-2026010064-20260921T191536Z,2026-09-21T12:15:36.211986-07:00,NHL,NHL,2026010064,2026-09-26T23:00:00Z,Montréal,Ottawa,NHL_WEB,FUT
NHLWEB-2026010065-20260921T191536Z,2026-09-21T12:15:36.211986-07:00,NHL,NHL,2026010065,2026-09-26T23:00:00Z,Ottawa,Montréal,NHL_WEB,FUT
NHLWEB-2026010062-20260921T191536Z,2026-09-21T12:15:36.211986-07:00,NHL,NHL,2026010062,2026-09-26T23:30:00Z,New Jersey,New York,NHL_WEB,FUT
NHLWEB-2026010060-20260921T191536Z,2026-09-21T12:15:36.211986-07:00,NHL,NHL,2026010060,2026-09-27T01:00:00Z,Calgary,Edmonton,NHL_WEB,FUT
NHLWEB-2026010063-20260921T191536Z,2026-09-21T12:15:36.211986-07:00,NHL,NHL,2026010063,2026-09-27T02:00:00Z,San Jose,Vegas,NHL_WEB,FUT
NHLWEB-2026010016-20260921T222716Z,2026-09-21T15:27:16.898625-07:00,NHL,NHL,2026010016,2026-09-21T23:00:00Z,Buffalo,Pittsburgh,NHL_WEB,FUT
NHLWEB-2026010017-20260921T222716Z,2026-09-21T15:27:16.898625-07:00,NHL,NHL,2026010017,2026-09-21T23:00:00Z,Detroit,Columbus,NHL_WEB,FUT
NHLWEB-2026010019-20260921T222716Z,2026-09-21T15:27:16.898625-07:00,NHL,NHL,2026010019,2026-09-21T23:00:00Z,New York,New Jersey,NHL_WEB,FUT
NHLWEB-2026010020-20260921T222716Z,2026-09-21T15:27:16.898625-07:00,NHL,NHL,2026010020,2026-09-21T23:00:00Z,Philadelphia,Washington,NHL_WEB,FUT
NHLWEB-2026010022-20260921T222716Z,2026-09-21T15:27:16.898625-07:00,NHL,NHL,2026010022,2026-09-21T23:00:00Z,Ottawa,Montréal,NHL_WEB,FUT
NHLWEB-2026010015-20260921T222716Z,2026-09-21T15:27:16.898625-07:00,NHL,NHL,2026010015,2026-09-22T00:00:00Z,Colorado,Winnipeg,NHL_WEB,FUT
NHLWEB-2026010018-20260921T222716Z,2026-09-21T15:27:16.898625-07:00,NHL,NHL,2026010018,2026-09-22T00:00:00Z,Minnesota,Chicago,NHL_WEB,FUT
NHLWEB-2026010021-20260921T222716Z,2026-09-21T15:27:16.898625-07:00,NHL,NHL,2026010021,2026-09-22T00:00:00Z,St. Louis,Dallas,NHL_WEB,FUT
NHLWEB-2026010024-20260921T222716Z,2026-09-21T15:27:16.898625-07:00,NHL,NHL,2026010024,2026-09-22T23:00:00Z,Columbus,Buffalo,NHL_WEB,FUT
NHLWEB-2026010025-20260921T222716Z,2026-09-21T15:27:16.898625-07:00,NHL,NHL,2026010025,2026-09-22T23:00:00Z,Detroit,Pittsburgh,NHL_WEB,FUT
NHLWEB-2026010026-20260921T222716Z,2026-09-21T15:27:16.898625-07:00,NHL,NHL,2026010026,2026-09-22T23:00:00Z,Florida,Carolina,NHL_WEB,FUT
NHLWEB-2026010027-20260921T222716Z,2026-09-21T15:27:16.898625-07:00,NHL,NHL,2026010027,2026-09-22T23:00:00Z,New York,New York,NHL_WEB,FUT
NHLWEB-2026010028-20260921T222716Z,2026-09-21T15:27:16.898625-07:00,NHL,NHL,2026010028,2026-09-22T23:00:00Z,Philadelphia,Boston,NHL_WEB,FUT
NHLWEB-2026010023-20260921T222716Z,2026-09-21T15:27:16.898625-07:00,NHL,NHL,2026010023,2026-09-23T00:00:00Z,Edmonton,Winnipeg,NHL_WEB,FUT
NHLWEB-2026010029-20260921T222716Z,2026-09-21T15:27:16.898625-07:00,NHL,NHL,2026010029,2026-09-23T00:00:00Z,Tampa Bay,Nashville,NHL_WEB,FUT
NHLWEB-2026010031-20260921T222716Z,2026-09-21T15:27:16.898625-07:00,NHL,NHL,2026010031,2026-09-23T01:00:00Z,Vancouver,Calgary,NHL_WEB,FUT
NHLWEB-2026010030-20260921T222716Z,2026-09-21T15:27:16.898625-07:00,NHL,NHL,2026010030,2026-09-23T02:00:00Z,Utah,Los Angeles,NHL_WEB,FUT
NHLWEB-2026010032-20260921T222716Z,2026-09-21T15:27:16.898625-07:00,NHL,NHL,2026010032,2026-09-23T02:00:00Z,Vegas,San Jose,NHL_WEB,FUT
NHLWEB-2026010035-20260921T222716Z,2026-09-21T15:27:16.898625-07:00,NHL,NHL,2026010035,2026-09-23T23:00:00Z,Ottawa,Toronto,NHL_WEB,FUT
NHLWEB-2026010036-20260921T222716Z,2026-09-21T15:27:16.898625-07:00,NHL,NHL,2026010036,2026-09-23T23:00:00Z,Toronto,Ottawa,NHL_WEB,FUT
NHLWEB-2026010034-20260921T222716Z,2026-09-21T15:27:16.898625-07:00,NHL,NHL,2026010034,2026-09-24T00:00:00Z,Minnesota,Dallas,NHL_WEB,FUT
NHLWEB-2026010033-20260921T222716Z,2026-09-21T15:27:16.898625-07:00,NHL,NHL,2026010033,2026-09-24T02:00:00Z,Los Angeles,Anaheim,NHL_WEB,FUT
NHLWEB-2026010040-20260921T222716Z,2026-09-21T15:27:16.898625-07:00,NHL,NHL,2026010040,2026-09-24T23:00:00Z,Boston,Philadelphia,NHL_WEB,FUT
NHLWEB-2026010041-20260921T222716Z,2026-09-21T15:27:16.898625-07:00,NHL,NHL,2026010041,2026-09-24T23:00:00Z,Buffalo,Detroit,NHL_WEB,FUT
NHLWEB-2026010043-20260921T222716Z,2026-09-21T15:27:16.898625-07:00,NHL,NHL,2026010043,2026-09-24T23:00:00Z,Florida,Tampa Bay,NHL_WEB,FUT
NHLWEB-2026010044-20260921T222716Z,2026-09-21T15:27:16.898625-07:00,NHL,NHL,2026010044,2026-09-24T23:00:00Z,Nashville,Carolina,NHL_WEB,FUT
NHLWEB-2026010045-20260921T222716Z,2026-09-21T15:27:16.898625-07:00,NHL,NHL,2026010045,2026-09-24T23:00:00Z,New Jersey,New York,NHL_WEB,FUT
NHLWEB-2026010046-20260921T222716Z,2026-09-21T15:27:16.898625-07:00,NHL,NHL,2026010046,2026-09-24T23:00:00Z,Pittsburgh,Columbus,NHL_WEB,FUT
NHLWEB-2026010042-20260921T222716Z,2026-09-21T15:27:16.898625-07:00,NHL,NHL,2026010042,2026-09-25T00:00:00Z,Chicago,St. Louis,NHL_WEB,FUT
NHLWEB-2026010037-20260921T222716Z,2026-09-21T15:27:16.898625-07:00,NHL,NHL,2026010037,2026-09-25T01:00:00Z,Edmonton,Vancouver,NHL_WEB,FUT
NHLWEB-2026010038-20260921T222716Z,2026-09-21T15:27:16.898625-07:00,NHL,NHL,2026010038,2026-09-25T01:40:00Z,Calgary,Seattle,NHL_WEB,FUT
NHLWEB-2026010039-20260921T222716Z,2026-09-21T15:27:16.898625-07:00,NHL,NHL,2026010039,2026-09-25T02:00:00Z,Anaheim,San Jose,NHL_WEB,FUT
NHLWEB-2026010047-20260921T222716Z,2026-09-21T15:27:16.898625-07:00,NHL,NHL,2026010047,2026-09-25T02:00:00Z,Utah,Vegas,NHL_WEB,FUT
NHLWEB-2026010049-20260921T222716Z,2026-09-21T15:27:16.898625-07:00,NHL,NHL,2026010049,2026-09-25T23:00:00Z,Boston,Washington,NHL_WEB,FUT
NHLWEB-2026010051-20260921T222716Z,2026-09-21T15:27:16.898625-07:00,NHL,NHL,2026010051,2026-09-25T23:30:00Z,New York,New York,NHL_WEB,FUT
NHLWEB-2026010050-20260921T222716Z,2026-09-21T15:27:16.898625-07:00,NHL,NHL,2026010050,2026-09-26T00:00:00Z,Dallas,Minnesota,NHL_WEB,FUT
NHLWEB-2026010048-20260921T222716Z,2026-09-21T15:27:16.898625-07:00,NHL,NHL,2026010048,2026-09-26T00:30:00Z,Winnipeg,Colorado,NHL_WEB,FUT
NHLWEB-2026010053-20260921T222716Z,2026-09-21T15:27:16.898625-07:00,NHL,NHL,2026010053,2026-09-26T19:00:00Z,Carolina,Nashville,NHL_WEB,FUT
NHLWEB-2026010055-20260921T222716Z,2026-09-21T15:27:16.898625-07:00,NHL,NHL,2026010055,2026-09-26T19:00:00Z,Pittsburgh,Buffalo,NHL_WEB,FUT
NHLWEB-2026010052-20260921T222716Z,2026-09-21T15:27:16.898625-07:00,NHL,NHL,2026010052,2026-09-26T20:00:00Z,Anaheim,Los Angeles,NHL_WEB,FUT
NHLWEB-2026010054-20260921T222716Z,2026-09-21T15:27:16.898625-07:00,NHL,NHL,2026010054,2026-09-26T21:00:00Z,Colorado,Utah,NHL_WEB,FUT
NHLWEB-2026010057-20260921T222716Z,2026-09-21T15:27:16.898625-07:00,NHL,NHL,2026010057,2026-09-26T21:00:00Z,Washington,Philadelphia,NHL_WEB,FUT
NHLWEB-2026010059-20260921T222716Z,2026-09-21T15:27:16.898625-07:00,NHL,NHL,2026010059,2026-09-26T22:00:00Z,Tampa Bay,Florida,NHL_WEB,FUT
NHLWEB-2026010056-20260921T222716Z,2026-09-21T15:27:16.898625-07:00,NHL,NHL,2026010056,2026-09-26T23:00:00Z,Seattle,Vancouver,NHL_WEB,FUT
NHLWEB-2026010058-20260921T222716Z,2026-09-21T15:27:16.898625-07:00,NHL,NHL,2026010058,2026-09-26T23:00:00Z,St. Louis,Chicago,NHL_WEB,FUT
NHLWEB-2026010061-20260921T222716Z,2026-09-21T15:27:16.898625-07:00,NHL,NHL,2026010061,2026-09-26T23:00:00Z,Columbus,Detroit,NHL_WEB,FUT
NHLWEB-2026010064-20260921T222716Z,2026-09-21T15:27:16.898625-07:00,NHL,NHL,2026010064,2026-09-26T23:00:00Z,Montréal,Ottawa,NHL_WEB,FUT
NHLWEB-2026010065-20260921T222716Z,2026-09-21T15:27:16.898625-07:00,NHL,NHL,2026010065,2026-09-26T23:00:00Z,Ottawa,Montréal,NHL_WEB,FUT
NHLWEB-2026010062-20260921T222716Z,2026-09-21T15:27:16.898625-07:00,NHL,NHL,2026010062,2026-09-26T23:30:00Z,New Jersey,New York,NHL_WEB,FUT
NHLWEB-2026010060-20260921T222716Z,2026-09-21T15:27:16.898625-07:00,NHL,NHL,2026010060,2026-09-27T01:00:00Z,Calgary,Edmonton,NHL_WEB,FUT
NHLWEB-2026010063-20260921T222716Z,2026-09-21T15:27:16.898625-07:00,NHL,NHL,2026010063,2026-09-27T02:00:00Z,San Jose,Vegas,NHL_WEB,FUT
NHLWEB-2026010024-20260923T010118Z,2026-09-22T18:01:18.782016-07:00,NHL,NHL,2026010024,2026-09-22T23:00:00Z,Columbus,Buffalo,NHL_WEB,LIVE
NHLWEB-2026010025-20260923T010118Z,2026-09-22T18:01:18.782016-07:00,NHL,NHL,2026010025,2026-09-22T23:00:00Z,Detroit,Pittsburgh,NHL_WEB,LIVE
NHLWEB-2026010026-20260923T010118Z,2026-09-22T18:01:18.782016-07:00,NHL,NHL,2026010026,2026-09-22T23:00:00Z,Florida,Carolina,NHL_WEB,LIVE
NHLWEB-2026010027-20260923T010118Z,2026-09-22T18:01:18.782016-07:00,NHL,NHL,2026010027,2026-09-22T23:00:00Z,New York,New York,NHL_WEB,LIVE
NHLWEB-2026010028-20260923T010118Z,2026-09-22T18:01:18.782016-07:00,NHL,NHL,2026010028,2026-09-22T23:00:00Z,Philadelphia,Boston,NHL_WEB,LIVE
NHLWEB-2026010023-20260923T010118Z,2026-09-22T18:01:18.782016-07:00,NHL,NHL,2026010023,2026-09-23T00:00:00Z,Edmonton,Winnipeg,NHL_WEB,LIVE
NHLWEB-2026010029-20260923T010118Z,2026-09-22T18:01:18.782016-07:00,NHL,NHL,2026010029,2026-09-23T00:00:00Z,Tampa Bay,Nashville,NHL_WEB,LIVE
NHLWEB-2026010031-20260923T010118Z,2026-09-22T18:01:18.782016-07:00,NHL,NHL,2026010031,2026-09-23T01:00:00Z,Vancouver,Calgary,NHL_WEB,PRE
NHLWEB-2026010030-20260923T010118Z,2026-09-22T18:01:18.782016-07:00,NHL,NHL,2026010030,2026-09-23T02:00:00Z,Utah,Los Angeles,NHL_WEB,FUT
NHLWEB-2026010032-20260923T010118Z,2026-09-22T18:01:18.782016-07:00,NHL,NHL,2026010032,2026-09-23T02:00:00Z,Vegas,San Jose,NHL_WEB,FUT
NHLWEB-2026010035-20260923T010118Z,2026-09-22T18:01:18.782016-07:00,NHL,NHL,2026010035,2026-09-23T23:00:00Z,Ottawa,Toronto,NHL_WEB,FUT
NHLWEB-2026010036-20260923T010118Z,2026-09-22T18:01:18.782016-07:00,NHL,NHL,2026010036,2026-09-23T23:00:00Z,Toronto,Ottawa,NHL_WEB,FUT
NHLWEB-2026010034-20260923T010118Z,2026-09-22T18:01:18.782016-07:00,NHL,NHL,2026010034,2026-09-24T00:00:00Z,Minnesota,Dallas,NHL_WEB,FUT
NHLWEB-2026010033-20260923T010118Z,2026-09-22T18:01:18.782016-07:00,NHL,NHL,2026010033,2026-09-24T02:00:00Z,Los Angeles,Anaheim,NHL_WEB,FUT
NHLWEB-2026010040-20260923T010118Z,2026-09-22T18:01:18.782016-07:00,NHL,NHL,2026010040,2026-09-24T23:00:00Z,Boston,Philadelphia,NHL_WEB,FUT
NHLWEB-2026010041-20260923T010118Z,2026-09-22T18:01:18.782016-07:00,NHL,NHL,2026010041,2026-09-24T23:00:00Z,Buffalo,Detroit,NHL_WEB,FUT
NHLWEB-2026010043-20260923T010118Z,2026-09-22T18:01:18.782016-07:00,NHL,NHL,2026010043,2026-09-24T23:00:00Z,Florida,Tampa Bay,NHL_WEB,FUT
NHLWEB-2026010044-20260923T010118Z,2026-09-22T18:01:18.782016-07:00,NHL,NHL,2026010044,2026-09-24T23:00:00Z,Nashville,Carolina,NHL_WEB,FUT
NHLWEB-2026010045-20260923T010118Z,2026-09-22T18:01:18.782016-07:00,NHL,NHL,2026010045,2026-09-24T23:00:00Z,New Jersey,New York,NHL_WEB,FUT
NHLWEB-2026010046-20260923T010118Z,2026-09-22T18:01:18.782016-07:00,NHL,NHL,2026010046,2026-09-24T23:00:00Z,Pittsburgh,Columbus,NHL_WEB,FUT
NHLWEB-2026010042-20260923T010118Z,2026-09-22T18:01:18.782016-07:00,NHL,NHL,2026010042,2026-09-25T00:00:00Z,Chicago,St. Louis,NHL_WEB,FUT
NHLWEB-2026010037-20260923T010118Z,2026-09-22T18:01:18.782016-07:00,NHL,NHL,2026010037,2026-09-25T01:00:00Z,Edmonton,Vancouver,NHL_WEB,FUT
NHLWEB-2026010038-20260923T010118Z,2026-09-22T18:01:18.782016-07:00,NHL,NHL,2026010038,2026-09-25T01:40:00Z,Calgary,Seattle,NHL_WEB,FUT
NHLWEB-2026010039-20260923T010118Z,2026-09-22T18:01:18.782016-07:00,NHL,NHL,2026010039,2026-09-25T02:00:00Z,Anaheim,San Jose,NHL_WEB,FUT
NHLWEB-2026010047-20260923T010118Z,2026-09-22T18:01:18.782016-07:00,NHL,NHL,2026010047,2026-09-25T02:00:00Z,Utah,Vegas,NHL_WEB,FUT
NHLWEB-2026010049-20260923T010118Z,2026-09-22T18:01:18.782016-07:00,NHL,NHL,2026010049,2026-09-25T23:00:00Z,Boston,Washington,NHL_WEB,FUT
NHLWEB-2026010051-20260923T010118Z,2026-09-22T18:01:18.782016-07:00,NHL,NHL,2026010051,2026-09-25T23:30:00Z,New York,New York,NHL_WEB,FUT
NHLWEB-2026010050-20260923T010118Z,2026-09-22T18:01:18.782016-07:00,NHL,NHL,2026010050,2026-09-26T00:00:00Z,Dallas,Minnesota,NHL_WEB,FUT
NHLWEB-2026010048-20260923T010118Z,2026-09-22T18:01:18.782016-07:00,NHL,NHL,2026010048,2026-09-26T00:30:00Z,Winnipeg,Colorado,NHL_WEB,FUT
NHLWEB-2026010053-20260923T010118Z,2026-09-22T18:01:18.782016-07:00,NHL,NHL,2026010053,2026-09-26T19:00:00Z,Carolina,Nashville,NHL_WEB,FUT
NHLWEB-2026010055-20260923T010118Z,2026-09-22T18:01:18.782016-07:00,NHL,NHL,2026010055,2026-09-26T19:00:00Z,Pittsburgh,Buffalo,NHL_WEB,FUT
NHLWEB-2026010052-20260923T010118Z,2026-09-22T18:01:18.782016-07:00,NHL,NHL,2026010052,2026-09-26T20:00:00Z,Anaheim,Los Angeles,NHL_WEB,FUT
NHLWEB-2026010054-20260923T010118Z,2026-09-22T18:01:18.782016-07:00,NHL,NHL,2026010054,2026-09-26T21:00:00Z,Colorado,Utah,NHL_WEB,FUT
NHLWEB-2026010057-20260923T010118Z,2026-09-22T18:01:18.782016-07:00,NHL,NHL,2026010057,2026-09-26T21:00:00Z,Washington,Philadelphia,NHL_WEB,FUT
NHLWEB-2026010059-20260923T010118Z,2026-09-22T18:01:18.782016-07:00,NHL,NHL,2026010059,2026-09-26T22:00:00Z,Tampa Bay,Florida,NHL_WEB,FUT
NHLWEB-2026010056-20260923T010118Z,2026-09-22T18:01:18.782016-07:00,NHL,NHL,2026010056,2026-09-26T23:00:00Z,Seattle,Vancouver,NHL_WEB,FUT
NHLWEB-2026010058-20260923T010118Z,2026-09-22T18:01:18.782016-07:00,NHL,NHL,2026010058,2026-09-26T23:00:00Z,St. Louis,Chicago,NHL_WEB,FUT
NHLWEB-2026010061-20260923T010118Z,2026-09-22T18:01:18.782016-07:00,NHL,NHL,2026010061,2026-09-26T23:00:00Z,Columbus,Detroit,NHL_WEB,FUT
NHLWEB-2026010064-20260923T010118Z,2026-09-22T18:01:18.782016-07:00,NHL,NHL,2026010064,2026-09-26T23:00:00Z,Montréal,Ottawa,NHL_WEB,FUT
NHLWEB-2026010065-20260923T010118Z,2026-09-22T18:01:18.782016-07:00,NHL,NHL,2026010065,2026-09-26T23:00:00Z,Ottawa,Montréal,NHL_WEB,FUT
NHLWEB-2026010062-20260923T010118Z,2026-09-22T18:01:18.782016-07:00,NHL,NHL,2026010062,2026-09-26T23:30:00Z,New Jersey,New York,NHL_WEB,FUT
NHLWEB-2026010060-20260923T010118Z,2026-09-22T18:01:18.782016-07:00,NHL,NHL,2026010060,2026-09-27T01:00:00Z,Calgary,Edmonton,NHL_WEB,FUT
NHLWEB-2026010063-20260923T010118Z,2026-09-22T18:01:18.782016-07:00,NHL,NHL,2026010063,2026-09-27T02:00:00Z,San Jose,Vegas,NHL_WEB,FUT
NHLWEB-2026010035-20260923T165701Z,2026-09-23T09:57:01.819621-07:00,NHL,NHL,2026010035,2026-09-23T23:00:00Z,Ottawa,Toronto,NHL_WEB,FUT
NHLWEB-2026010036-20260923T165701Z,2026-09-23T09:57:01.819621-07:00,NHL,NHL,2026010036,2026-09-23T23:00:00Z,Toronto,Ottawa,NHL_WEB,FUT
NHLWEB-2026010034-20260923T165701Z,2026-09-23T09:57:01.819621-07:00,NHL,NHL,2026010034,2026-09-24T00:00:00Z,Minnesota,Dallas,NHL_WEB,FUT
NHLWEB-2026010033-20260923T165701Z,2026-09-23T09:57:01.819621-07:00,NHL,NHL,2026010033,2026-09-24T02:00:00Z,Los Angeles,Anaheim,NHL_WEB,FUT
NHLWEB-2026010040-20260923T165701Z,2026-09-23T09:57:01.819621-07:00,NHL,NHL,2026010040,2026-09-24T23:00:00Z,Boston,Philadelphia,NHL_WEB,FUT
NHLWEB-2026010041-20260923T165701Z,2026-09-23T09:57:01.819621-07:00,NHL,NHL,2026010041,2026-09-24T23:00:00Z,Buffalo,Detroit,NHL_WEB,FUT
NHLWEB-2026010043-20260923T165701Z,2026-09-23T09:57:01.819621-07:00,NHL,NHL,2026010043,2026-09-24T23:00:00Z,Florida,Tampa Bay,NHL_WEB,FUT
NHLWEB-2026010044-20260923T165701Z,2026-09-23T09:57:01.819621-07:00,NHL,NHL,2026010044,2026-09-24T23:00:00Z,Nashville,Carolina,NHL_WEB,FUT
NHLWEB-2026010045-20260923T165701Z,2026-09-23T09:57:01.819621-07:00,NHL,NHL,2026010045,2026-09-24T23:00:00Z,New Jersey,New York,NHL_WEB,FUT
NHLWEB-2026010046-20260923T165701Z,2026-09-23T09:57:01.819621-07:00,NHL,NHL,2026010046,2026-09-24T23:00:00Z,Pittsburgh,Columbus,NHL_WEB,FUT
NHLWEB-2026010042-20260923T165701Z,2026-09-23T09:57:01.819621-07:00,NHL,NHL,2026010042,2026-09-25T00:00:00Z,Chicago,St. Louis,NHL_WEB,FUT
NHLWEB-2026010037-20260923T165701Z,2026-09-23T09:57:01.819621-07:00,NHL,NHL,2026010037,2026-09-25T01:00:00Z,Edmonton,Vancouver,NHL_WEB,FUT
NHLWEB-2026010038-20260923T165701Z,2026-09-23T09:57:01.819621-07:00,NHL,NHL,2026010038,2026-09-25T01:40:00Z,Calgary,Seattle,NHL_WEB,FUT
NHLWEB-2026010039-20260923T165701Z,2026-09-23T09:57:01.819621-07:00,NHL,NHL,2026010039,2026-09-25T02:00:00Z,Anaheim,San Jose,NHL_WEB,FUT
NHLWEB-2026010047-20260923T165701Z,2026-09-23T09:57:01.819621-07:00,NHL,NHL,2026010047,2026-09-25T02:00:00Z,Utah,Vegas,NHL_WEB,FUT
NHLWEB-2026010049-20260923T165701Z,2026-09-23T09:57:01.819621-07:00,NHL,NHL,2026010049,2026-09-25T23:00:00Z,Boston,Washington,NHL_WEB,FUT
NHLWEB-2026010051-20260923T165701Z,2026-09-23T09:57:01.819621-07:00,NHL,NHL,2026010051,2026-09-25T23:30:00Z,New York,New York,NHL_WEB,FUT
NHLWEB-2026010050-20260923T165701Z,2026-09-23T09:57:01.819621-07:00,NHL,NHL,2026010050,2026-09-26T00:00:00Z,Dallas,Minnesota,NHL_WEB,FUT
NHLWEB-2026010048-20260923T165701Z,2026-09-23T09:57:01.819621-07:00,NHL,NHL,2026010048,2026-09-26T00:30:00Z,Winnipeg,Colorado,NHL_WEB,FUT
NHLWEB-2026010053-20260923T165701Z,2026-09-23T09:57:01.819621-07:00,NHL,NHL,2026010053,2026-09-26T19:00:00Z,Carolina,Nashville,NHL_WEB,FUT
NHLWEB-2026010055-20260923T165701Z,2026-09-23T09:57:01.819621-07:00,NHL,NHL,2026010055,2026-09-26T19:00:00Z,Pittsburgh,Buffalo,NHL_WEB,FUT
NHLWEB-2026010052-20260923T165701Z,2026-09-23T09:57:01.819621-07:00,NHL,NHL,2026010052,2026-09-26T20:00:00Z,Anaheim,Los Angeles,NHL_WEB,FUT
NHLWEB-2026010054-20260923T165701Z,2026-09-23T09:57:01.819621-07:00,NHL,NHL,2026010054,2026-09-26T21:00:00Z,Colorado,Utah,NHL_WEB,FUT
NHLWEB-2026010057-20260923T165701Z,2026-09-23T09:57:01.819621-07:00,NHL,NHL,2026010057,2026-09-26T21:00:00Z,Washington,Philadelphia,NHL_WEB,FUT
NHLWEB-2026010059-20260923T165701Z,2026-09-23T09:57:01.819621-07:00,NHL,NHL,2026010059,2026-09-26T22:00:00Z,Tampa Bay,Florida,NHL_WEB,FUT
NHLWEB-2026010056-20260923T165701Z,2026-09-23T09:57:01.819621-07:00,NHL,NHL,2026010056,2026-09-26T23:00:00Z,Seattle,Vancouver,NHL_WEB,FUT
NHLWEB-2026010058-20260923T165701Z,2026-09-23T09:57:01.819621-07:00,NHL,NHL,2026010058,2026-09-26T23:00:00Z,St. Louis,Chicago,NHL_WEB,FUT
NHLWEB-2026010061-20260923T165701Z,2026-09-23T09:57:01.819621-07:00,NHL,NHL,2026010061,2026-09-26T23:00:00Z,Columbus,Detroit,NHL_WEB,FUT
NHLWEB-2026010064-20260923T165701Z,2026-09-23T09:57:01.819621-07:00,NHL,NHL,2026010064,2026-09-26T23:00:00Z,Montréal,Ottawa,NHL_WEB,FUT
NHLWEB-2026010065-20260923T165701Z,2026-09-23T09:57:01.819621-07:00,NHL,NHL,2026010065,2026-09-26T23:00:00Z,Ottawa,Montréal,NHL_WEB,FUT
NHLWEB-2026010062-20260923T165701Z,2026-09-23T09:57:01.819621-07:00,NHL,NHL,2026010062,2026-09-26T23:30:00Z,New Jersey,New York,NHL_WEB,FUT
NHLWEB-2026010060-20260923T165701Z,2026-09-23T09:57:01.819621-07:00,NHL,NHL,2026010060,2026-09-27T01:00:00Z,Calgary,Edmonton,NHL_WEB,FUT
NHLWEB-2026010063-20260923T165701Z,2026-09-23T09:57:01.819621-07:00,NHL,NHL,2026010063,2026-09-27T02:00:00Z,San Jose,Vegas,NHL_WEB,FUT
NHLWEB-2026020001-20260923T165701Z,2026-09-23T09:57:01.819621-07:00,NHL,NHL,2026020001,2026-09-29T21:00:00Z,Florida,Carolina,NHL_WEB,FUT
NHLWEB-2026020002-20260923T165701Z,2026-09-23T09:57:01.819621-07:00,NHL,NHL,2026020002,2026-09-29T23:00:00Z,Montréal,Toronto,NHL_WEB,FUT
NHLWEB-2026020003-20260923T165701Z,2026-09-23T09:57:01.819621-07:00,NHL,NHL,2026020003,2026-09-30T00:00:00Z,New York,Boston,NHL_WEB,FUT
NHLWEB-2026020004-20260923T165701Z,2026-09-23T09:57:01.819621-07:00,NHL,NHL,2026020004,2026-09-30T02:00:00Z,Vancouver,Edmonton,NHL_WEB,FUT
NHLWEB-2026020005-20260923T165701Z,2026-09-23T09:57:01.819621-07:00,NHL,NHL,2026020005,2026-09-30T02:30:00Z,Chicago,Vegas,NHL_WEB,FUT
NHLWEB-2026010035-20260923T175729Z,2026-09-23T10:57:29.407478-07:00,NHL,NHL,2026010035,2026-09-23T23:00:00Z,Ottawa,Toronto,NHL_WEB,FUT
NHLWEB-2026010036-20260923T175729Z,2026-09-23T10:57:29.407478-07:00,NHL,NHL,2026010036,2026-09-23T23:00:00Z,Toronto,Ottawa,NHL_WEB,FUT
NHLWEB-2026010034-20260923T175729Z,2026-09-23T10:57:29.407478-07:00,NHL,NHL,2026010034,2026-09-24T00:00:00Z,Minnesota,Dallas,NHL_WEB,FUT
NHLWEB-2026010033-20260923T175729Z,2026-09-23T10:57:29.407478-07:00,NHL,NHL,2026010033,2026-09-24T02:00:00Z,Los Angeles,Anaheim,NHL_WEB,FUT
NHLWEB-2026010040-20260923T175729Z,2026-09-23T10:57:29.407478-07:00,NHL,NHL,2026010040,2026-09-24T23:00:00Z,Boston,Philadelphia,NHL_WEB,FUT
NHLWEB-2026010041-20260923T175729Z,2026-09-23T10:57:29.407478-07:00,NHL,NHL,2026010041,2026-09-24T23:00:00Z,Buffalo,Detroit,NHL_WEB,FUT
NHLWEB-2026010043-20260923T175729Z,2026-09-23T10:57:29.407478-07:00,NHL,NHL,2026010043,2026-09-24T23:00:00Z,Florida,Tampa Bay,NHL_WEB,FUT
NHLWEB-2026010044-20260923T175729Z,2026-09-23T10:57:29.407478-07:00,NHL,NHL,2026010044,2026-09-24T23:00:00Z,Nashville,Carolina,NHL_WEB,FUT
NHLWEB-2026010045-20260923T175729Z,2026-09-23T10:57:29.407478-07:00,NHL,NHL,2026010045,2026-09-24T23:00:00Z,New Jersey,New York,NHL_WEB,FUT
NHLWEB-2026010046-20260923T175729Z,2026-09-23T10:57:29.407478-07:00,NHL,NHL,2026010046,2026-09-24T23:00:00Z,Pittsburgh,Columbus,NHL_WEB,FUT
NHLWEB-2026010042-20260923T175729Z,2026-09-23T10:57:29.407478-07:00,NHL,NHL,2026010042,2026-09-25T00:00:00Z,Chicago,St. Louis,NHL_WEB,FUT
NHLWEB-2026010037-20260923T175729Z,2026-09-23T10:57:29.407478-07:00,NHL,NHL,2026010037,2026-09-25T01:00:00Z,Edmonton,Vancouver,NHL_WEB,FUT
NHLWEB-2026010038-20260923T175729Z,2026-09-23T10:57:29.407478-07:00,NHL,NHL,2026010038,2026-09-25T01:40:00Z,Calgary,Seattle,NHL_WEB,FUT
NHLWEB-2026010039-20260923T175729Z,2026-09-23T10:57:29.407478-07:00,NHL,NHL,2026010039,2026-09-25T02:00:00Z,Anaheim,San Jose,NHL_WEB,FUT
NHLWEB-2026010047-20260923T175729Z,2026-09-23T10:57:29.407478-07:00,NHL,NHL,2026010047,2026-09-25T02:00:00Z,Utah,Vegas,NHL_WEB,FUT
NHLWEB-2026010049-20260923T175729Z,2026-09-23T10:57:29.407478-07:00,NHL,NHL,2026010049,2026-09-25T23:00:00Z,Boston,Washington,NHL_WEB,FUT
NHLWEB-2026010051-20260923T175729Z,2026-09-23T10:57:29.407478-07:00,NHL,NHL,2026010051,2026-09-25T23:30:00Z,New York,New York,NHL_WEB,FUT
NHLWEB-2026010050-20260923T175729Z,2026-09-23T10:57:29.407478-07:00,NHL,NHL,2026010050,2026-09-26T00:00:00Z,Dallas,Minnesota,NHL_WEB,FUT
NHLWEB-2026010048-20260923T175729Z,2026-09-23T10:57:29.407478-07:00,NHL,NHL,2026010048,2026-09-26T00:30:00Z,Winnipeg,Colorado,NHL_WEB,FUT
NHLWEB-2026010053-20260923T175729Z,2026-09-23T10:57:29.407478-07:00,NHL,NHL,2026010053,2026-09-26T19:00:00Z,Carolina,Nashville,NHL_WEB,FUT
NHLWEB-2026010055-20260923T175729Z,2026-09-23T10:57:29.407478-07:00,NHL,NHL,2026010055,2026-09-26T19:00:00Z,Pittsburgh,Buffalo,NHL_WEB,FUT
NHLWEB-2026010052-20260923T175729Z,2026-09-23T10:57:29.407478-07:00,NHL,NHL,2026010052,2026-09-26T20:00:00Z,Anaheim,Los Angeles,NHL_WEB,FUT
NHLWEB-2026010054-20260923T175729Z,2026-09-23T10:57:29.407478-07:00,NHL,NHL,2026010054,2026-09-26T21:00:00Z,Colorado,Utah,NHL_WEB,FUT
NHLWEB-2026010057-20260923T175729Z,2026-09-23T10:57:29.407478-07:00,NHL,NHL,2026010057,2026-09-26T21:00:00Z,Washington,Philadelphia,NHL_WEB,FUT
NHLWEB-2026010059-20260923T175729Z,2026-09-23T10:57:29.407478-07:00,NHL,NHL,2026010059,2026-09-26T22:00:00Z,Tampa Bay,Florida,NHL_WEB,FUT
NHLWEB-2026010056-20260923T175729Z,2026-09-23T10:57:29.407478-07:00,NHL,NHL,2026010056,2026-09-26T23:00:00Z,Seattle,Vancouver,NHL_WEB,FUT
NHLWEB-2026010058-20260923T175729Z,2026-09-23T10:57:29.407478-07:00,NHL,NHL,2026010058,2026-09-26T23:00:00Z,St. Louis,Chicago,NHL_WEB,FUT
NHLWEB-2026010061-20260923T175729Z,2026-09-23T10:57:29.407478-07:00,NHL,NHL,2026010061,2026-09-26T23:00:00Z,Columbus,Detroit,NHL_WEB,FUT
NHLWEB-2026010064-20260923T175729Z,2026-09-23T10:57:29.407478-07:00,NHL,NHL,2026010064,2026-09-26T23:00:00Z,Montréal,Ottawa,NHL_WEB,FUT
NHLWEB-2026010065-20260923T175729Z,2026-09-23T10:57:29.407478-07:00,NHL,NHL,2026010065,2026-09-26T23:00:00Z,Ottawa,Montréal,NHL_WEB,FUT
NHLWEB-2026010062-20260923T175729Z,2026-09-23T10:57:29.407478-07:00,NHL,NHL,2026010062,2026-09-26T23:30:00Z,New Jersey,New York,NHL_WEB,FUT
NHLWEB-2026010060-20260923T175729Z,2026-09-23T10:57:29.407478-07:00,NHL,NHL,2026010060,2026-09-27T01:00:00Z,Calgary,Edmonton,NHL_WEB,FUT
NHLWEB-2026010063-20260923T175729Z,2026-09-23T10:57:29.407478-07:00,NHL,NHL,2026010063,2026-09-27T02:00:00Z,San Jose,Vegas,NHL_WEB,FUT
NHLWEB-2026020001-20260923T175729Z,2026-09-23T10:57:29.407478-07:00,NHL,NHL,2026020001,2026-09-29T21:00:00Z,Florida,Carolina,NHL_WEB,FUT
NHLWEB-2026020002-20260923T175729Z,2026-09-23T10:57:29.407478-07:00,NHL,NHL,2026020002,2026-09-29T23:00:00Z,Montréal,Toronto,NHL_WEB,FUT
NHLWEB-2026020003-20260923T175729Z,2026-09-23T10:57:29.407478-07:00,NHL,NHL,2026020003,2026-09-30T00:00:00Z,New York,Boston,NHL_WEB,FUT
NHLWEB-2026020004-20260923T175729Z,2026-09-23T10:57:29.407478-07:00,NHL,NHL,2026020004,2026-09-30T02:00:00Z,Vancouver,Edmonton,NHL_WEB,FUT
NHLWEB-2026020005-20260923T175729Z,2026-09-23T10:57:29.407478-07:00,NHL,NHL,2026020005,2026-09-30T02:30:00Z,Chicago,Vegas,NHL_WEB,FUT
NHLWEB-2026010035-20260923T193235Z,2026-09-23T12:32:35.422686-07:00,NHL,NHL,2026010035,2026-09-23T23:00:00Z,Ottawa,Toronto,NHL_WEB,FUT
NHLWEB-2026010036-20260923T193235Z,2026-09-23T12:32:35.422686-07:00,NHL,NHL,2026010036,2026-09-23T23:00:00Z,Toronto,Ottawa,NHL_WEB,FUT
NHLWEB-2026010034-20260923T193235Z,2026-09-23T12:32:35.422686-07:00,NHL,NHL,2026010034,2026-09-24T00:00:00Z,Minnesota,Dallas,NHL_WEB,FUT
NHLWEB-2026010033-20260923T193235Z,2026-09-23T12:32:35.422686-07:00,NHL,NHL,2026010033,2026-09-24T02:00:00Z,Los Angeles,Anaheim,NHL_WEB,FUT
NHLWEB-2026010040-20260923T193235Z,2026-09-23T12:32:35.422686-07:00,NHL,NHL,2026010040,2026-09-24T23:00:00Z,Boston,Philadelphia,NHL_WEB,FUT
NHLWEB-2026010041-20260923T193235Z,2026-09-23T12:32:35.422686-07:00,NHL,NHL,2026010041,2026-09-24T23:00:00Z,Buffalo,Detroit,NHL_WEB,FUT
NHLWEB-2026010043-20260923T193235Z,2026-09-23T12:32:35.422686-07:00,NHL,NHL,2026010043,2026-09-24T23:00:00Z,Florida,Tampa Bay,NHL_WEB,FUT
NHLWEB-2026010044-20260923T193235Z,2026-09-23T12:32:35.422686-07:00,NHL,NHL,2026010044,2026-09-24T23:00:00Z,Nashville,Carolina,NHL_WEB,FUT
NHLWEB-2026010045-20260923T193235Z,2026-09-23T12:32:35.422686-07:00,NHL,NHL,2026010045,2026-09-24T23:00:00Z,New Jersey,New York,NHL_WEB,FUT
NHLWEB-2026010046-20260923T193235Z,2026-09-23T12:32:35.422686-07:00,NHL,NHL,2026010046,2026-09-24T23:00:00Z,Pittsburgh,Columbus,NHL_WEB,FUT
NHLWEB-2026010042-20260923T193235Z,2026-09-23T12:32:35.422686-07:00,NHL,NHL,2026010042,2026-09-25T00:00:00Z,Chicago,St. Louis,NHL_WEB,FUT
NHLWEB-2026010037-20260923T193235Z,2026-09-23T12:32:35.422686-07:00,NHL,NHL,2026010037,2026-09-25T01:00:00Z,Edmonton,Vancouver,NHL_WEB,FUT
NHLWEB-2026010038-20260923T193235Z,2026-09-23T12:32:35.422686-07:00,NHL,NHL,2026010038,2026-09-25T01:40:00Z,Calgary,Seattle,NHL_WEB,FUT
NHLWEB-2026010039-20260923T193235Z,2026-09-23T12:32:35.422686-07:00,NHL,NHL,2026010039,2026-09-25T02:00:00Z,Anaheim,San Jose,NHL_WEB,FUT
NHLWEB-2026010047-20260923T193235Z,2026-09-23T12:32:35.422686-07:00,NHL,NHL,2026010047,2026-09-25T02:00:00Z,Utah,Vegas,NHL_WEB,FUT
NHLWEB-2026010049-20260923T193235Z,2026-09-23T12:32:35.422686-07:00,NHL,NHL,2026010049,2026-09-25T23:00:00Z,Boston,Washington,NHL_WEB,FUT
NHLWEB-2026010051-20260923T193235Z,2026-09-23T12:32:35.422686-07:00,NHL,NHL,2026010051,2026-09-25T23:30:00Z,New York,New York,NHL_WEB,FUT
NHLWEB-2026010050-20260923T193235Z,2026-09-23T12:32:35.422686-07:00,NHL,NHL,2026010050,2026-09-26T00:00:00Z,Dallas,Minnesota,NHL_WEB,FUT
NHLWEB-2026010048-20260923T193235Z,2026-09-23T12:32:35.422686-07:00,NHL,NHL,2026010048,2026-09-26T00:30:00Z,Winnipeg,Colorado,NHL_WEB,FUT
NHLWEB-2026010053-20260923T193235Z,2026-09-23T12:32:35.422686-07:00,NHL,NHL,2026010053,2026-09-26T19:00:00Z,Carolina,Nashville,NHL_WEB,FUT
NHLWEB-2026010055-20260923T193235Z,2026-09-23T12:32:35.422686-07:00,NHL,NHL,2026010055,2026-09-26T19:00:00Z,Pittsburgh,Buffalo,NHL_WEB,FUT
NHLWEB-2026010052-20260923T193235Z,2026-09-23T12:32:35.422686-07:00,NHL,NHL,2026010052,2026-09-26T20:00:00Z,Anaheim,Los Angeles,NHL_WEB,FUT
NHLWEB-2026010054-20260923T193235Z,2026-09-23T12:32:35.422686-07:00,NHL,NHL,2026010054,2026-09-26T21:00:00Z,Colorado,Utah,NHL_WEB,FUT
NHLWEB-2026010057-20260923T193235Z,2026-09-23T12:32:35.422686-07:00,NHL,NHL,2026010057,2026-09-26T21:00:00Z,Washington,Philadelphia,NHL_WEB,FUT
NHLWEB-2026010059-20260923T193235Z,2026-09-23T12:32:35.422686-07:00,NHL,NHL,2026010059,2026-09-26T22:00:00Z,Tampa Bay,Florida,NHL_WEB,FUT
NHLWEB-2026010056-20260923T193235Z,2026-09-23T12:32:35.422686-07:00,NHL,NHL,2026010056,2026-09-26T23:00:00Z,Seattle,Vancouver,NHL_WEB,FUT
NHLWEB-2026010058-20260923T193235Z,2026-09-23T12:32:35.422686-07:00,NHL,NHL,2026010058,2026-09-26T23:00:00Z,St. Louis,Chicago,NHL_WEB,FUT
NHLWEB-2026010061-20260923T193235Z,2026-09-23T12:32:35.422686-07:00,NHL,NHL,2026010061,2026-09-26T23:00:00Z,Columbus,Detroit,NHL_WEB,FUT
NHLWEB-2026010064-20260923T193235Z,2026-09-23T12:32:35.422686-07:00,NHL,NHL,2026010064,2026-09-26T23:00:00Z,Montréal,Ottawa,NHL_WEB,FUT
NHLWEB-2026010065-20260923T193235Z,2026-09-23T12:32:35.422686-07:00,NHL,NHL,2026010065,2026-09-26T23:00:00Z,Ottawa,Montréal,NHL_WEB,FUT
NHLWEB-2026010062-20260923T193235Z,2026-09-23T12:32:35.422686-07:00,NHL,NHL,2026010062,2026-09-26T23:30:00Z,New Jersey,New York,NHL_WEB,FUT
NHLWEB-2026010060-20260923T193235Z,2026-09-23T12:32:35.422686-07:00,NHL,NHL,2026010060,2026-09-27T01:00:00Z,Calgary,Edmonton,NHL_WEB,FUT
NHLWEB-2026010063-20260923T193235Z,2026-09-23T12:32:35.422686-07:00,NHL,NHL,2026010063,2026-09-27T02:00:00Z,San Jose,Vegas,NHL_WEB,FUT
NHLWEB-2026020001-20260923T193235Z,2026-09-23T12:32:35.422686-07:00,NHL,NHL,2026020001,2026-09-29T21:00:00Z,Florida,Carolina,NHL_WEB,FUT
NHLWEB-2026020002-20260923T193235Z,2026-09-23T12:32:35.422686-07:00,NHL,NHL,2026020002,2026-09-29T23:00:00Z,Montréal,Toronto,NHL_WEB,FUT
NHLWEB-2026020003-20260923T193235Z,2026-09-23T12:32:35.422686-07:00,NHL,NHL,2026020003,2026-09-30T00:00:00Z,New York,Boston,NHL_WEB,FUT
NHLWEB-2026020004-20260923T193235Z,2026-09-23T12:32:35.422686-07:00,NHL,NHL,2026020004,2026-09-30T02:00:00Z,Vancouver,Edmonton,NHL_WEB,FUT
NHLWEB-2026020005-20260923T193235Z,2026-09-23T12:32:35.422686-07:00,NHL,NHL,2026020005,2026-09-30T02:30:00Z,Chicago,Vegas,NHL_WEB,FUT
NHLWEB-2026010035-20260923T215534Z,2026-09-23T14:55:34.296178-07:00,NHL,NHL,2026010035,2026-09-23T23:00:00Z,Ottawa,Toronto,NHL_WEB,FUT
NHLWEB-2026010036-20260923T215534Z,2026-09-23T14:55:34.296178-07:00,NHL,NHL,2026010036,2026-09-23T23:00:00Z,Toronto,Ottawa,NHL_WEB,FUT
NHLWEB-2026010034-20260923T215534Z,2026-09-23T14:55:34.296178-07:00,NHL,NHL,2026010034,2026-09-24T00:00:00Z,Minnesota,Dallas,NHL_WEB,FUT
NHLWEB-2026010033-20260923T215534Z,2026-09-23T14:55:34.296178-07:00,NHL,NHL,2026010033,2026-09-24T02:00:00Z,Los Angeles,Anaheim,NHL_WEB,FUT
NHLWEB-2026010040-20260923T215534Z,2026-09-23T14:55:34.296178-07:00,NHL,NHL,2026010040,2026-09-24T23:00:00Z,Boston,Philadelphia,NHL_WEB,FUT
NHLWEB-2026010041-20260923T215534Z,2026-09-23T14:55:34.296178-07:00,NHL,NHL,2026010041,2026-09-24T23:00:00Z,Buffalo,Detroit,NHL_WEB,FUT
NHLWEB-2026010043-20260923T215534Z,2026-09-23T14:55:34.296178-07:00,NHL,NHL,2026010043,2026-09-24T23:00:00Z,Florida,Tampa Bay,NHL_WEB,FUT
NHLWEB-2026010044-20260923T215534Z,2026-09-23T14:55:34.296178-07:00,NHL,NHL,2026010044,2026-09-24T23:00:00Z,Nashville,Carolina,NHL_WEB,FUT
NHLWEB-2026010045-20260923T215534Z,2026-09-23T14:55:34.296178-07:00,NHL,NHL,2026010045,2026-09-24T23:00:00Z,New Jersey,New York,NHL_WEB,FUT
NHLWEB-2026010046-20260923T215534Z,2026-09-23T14:55:34.296178-07:00,NHL,NHL,2026010046,2026-09-24T23:00:00Z,Pittsburgh,Columbus,NHL_WEB,FUT
NHLWEB-2026010042-20260923T215534Z,2026-09-23T14:55:34.296178-07:00,NHL,NHL,2026010042,2026-09-25T00:00:00Z,Chicago,St. Louis,NHL_WEB,FUT
NHLWEB-2026010037-20260923T215534Z,2026-09-23T14:55:34.296178-07:00,NHL,NHL,2026010037,2026-09-25T01:00:00Z,Edmonton,Vancouver,NHL_WEB,FUT
NHLWEB-2026010038-20260923T215534Z,2026-09-23T14:55:34.296178-07:00,NHL,NHL,2026010038,2026-09-25T01:40:00Z,Calgary,Seattle,NHL_WEB,FUT
NHLWEB-2026010039-20260923T215534Z,2026-09-23T14:55:34.296178-07:00,NHL,NHL,2026010039,2026-09-25T02:00:00Z,Anaheim,San Jose,NHL_WEB,FUT
NHLWEB-2026010047-20260923T215534Z,2026-09-23T14:55:34.296178-07:00,NHL,NHL,2026010047,2026-09-25T02:00:00Z,Utah,Vegas,NHL_WEB,FUT
NHLWEB-2026010049-20260923T215534Z,2026-09-23T14:55:34.296178-07:00,NHL,NHL,2026010049,2026-09-25T23:00:00Z,Boston,Washington,NHL_WEB,FUT
NHLWEB-2026010051-20260923T215534Z,2026-09-23T14:55:34.296178-07:00,NHL,NHL,2026010051,2026-09-25T23:30:00Z,New York,New York,NHL_WEB,FUT
NHLWEB-2026010050-20260923T215534Z,2026-09-23T14:55:34.296178-07:00,NHL,NHL,2026010050,2026-09-26T00:00:00Z,Dallas,Minnesota,NHL_WEB,FUT
NHLWEB-2026010048-20260923T215534Z,2026-09-23T14:55:34.296178-07:00,NHL,NHL,2026010048,2026-09-26T00:30:00Z,Winnipeg,Colorado,NHL_WEB,FUT
NHLWEB-2026010053-20260923T215534Z,2026-09-23T14:55:34.296178-07:00,NHL,NHL,2026010053,2026-09-26T19:00:00Z,Carolina,Nashville,NHL_WEB,FUT
NHLWEB-2026010055-20260923T215534Z,2026-09-23T14:55:34.296178-07:00,NHL,NHL,2026010055,2026-09-26T19:00:00Z,Pittsburgh,Buffalo,NHL_WEB,FUT
NHLWEB-2026010052-20260923T215534Z,2026-09-23T14:55:34.296178-07:00,NHL,NHL,2026010052,2026-09-26T20:00:00Z,Anaheim,Los Angeles,NHL_WEB,FUT
NHLWEB-2026010054-20260923T215534Z,2026-09-23T14:55:34.296178-07:00,NHL,NHL,2026010054,2026-09-26T21:00:00Z,Colorado,Utah,NHL_WEB,FUT
NHLWEB-2026010057-20260923T215534Z,2026-09-23T14:55:34.296178-07:00,NHL,NHL,2026010057,2026-09-26T21:00:00Z,Washington,Philadelphia,NHL_WEB,FUT
NHLWEB-2026010059-20260923T215534Z,2026-09-23T14:55:34.296178-07:00,NHL,NHL,2026010059,2026-09-26T22:00:00Z,Tampa Bay,Florida,NHL_WEB,FUT
NHLWEB-2026010056-20260923T215534Z,2026-09-23T14:55:34.296178-07:00,NHL,NHL,2026010056,2026-09-26T23:00:00Z,Seattle,Vancouver,NHL_WEB,FUT
NHLWEB-2026010058-20260923T215534Z,2026-09-23T14:55:34.296178-07:00,NHL,NHL,2026010058,2026-09-26T23:00:00Z,St. Louis,Chicago,NHL_WEB,FUT
NHLWEB-2026010061-20260923T215534Z,2026-09-23T14:55:34.296178-07:00,NHL,NHL,2026010061,2026-09-26T23:00:00Z,Columbus,Detroit,NHL_WEB,FUT
NHLWEB-2026010064-20260923T215534Z,2026-09-23T14:55:34.296178-07:00,NHL,NHL,2026010064,2026-09-26T23:00:00Z,Montréal,Ottawa,NHL_WEB,FUT
NHLWEB-2026010065-20260923T215534Z,2026-09-23T14:55:34.296178-07:00,NHL,NHL,2026010065,2026-09-26T23:00:00Z,Ottawa,Montréal,NHL_WEB,FUT
NHLWEB-2026010062-20260923T215534Z,2026-09-23T14:55:34.296178-07:00,NHL,NHL,2026010062,2026-09-26T23:30:00Z,New Jersey,New York,NHL_WEB,FUT
NHLWEB-2026010060-20260923T215534Z,2026-09-23T14:55:34.296178-07:00,NHL,NHL,2026010060,2026-09-27T01:00:00Z,Calgary,Edmonton,NHL_WEB,FUT
NHLWEB-2026010063-20260923T215534Z,2026-09-23T14:55:34.296178-07:00,NHL,NHL,2026010063,2026-09-27T02:00:00Z,San Jose,Vegas,NHL_WEB,FUT
NHLWEB-2026020001-20260923T215534Z,2026-09-23T14:55:34.296178-07:00,NHL,NHL,2026020001,2026-09-29T21:00:00Z,Florida,Carolina,NHL_WEB,FUT
NHLWEB-2026020002-20260923T215534Z,2026-09-23T14:55:34.296178-07:00,NHL,NHL,2026020002,2026-09-29T23:00:00Z,Montréal,Toronto,NHL_WEB,FUT
NHLWEB-2026020003-20260923T215534Z,2026-09-23T14:55:34.296178-07:00,NHL,NHL,2026020003,2026-09-30T00:00:00Z,New York,Boston,NHL_WEB,FUT
NHLWEB-2026020004-20260923T215534Z,2026-09-23T14:55:34.296178-07:00,NHL,NHL,2026020004,2026-09-30T02:00:00Z,Vancouver,Edmonton,NHL_WEB,FUT
NHLWEB-2026020005-20260923T215534Z,2026-09-23T14:55:34.296178-07:00,NHL,NHL,2026020005,2026-09-30T02:30:00Z,Chicago,Vegas,NHL_WEB,FUT
NHLWEB-2026010035-20260924T003257Z,2026-09-23T17:32:57.381833-07:00,NHL,NHL,2026010035,2026-09-23T23:00:00Z,Ottawa,Toronto,NHL_WEB,LIVE
NHLWEB-2026010036-20260924T003257Z,2026-09-23T17:32:57.381833-07:00,NHL,NHL,2026010036,2026-09-23T23:00:00Z,Toronto,Ottawa,NHL_WEB,LIVE
NHLWEB-2026010034-20260924T003257Z,2026-09-23T17:32:57.381833-07:00,NHL,NHL,2026010034,2026-09-24T00:00:00Z,Minnesota,Dallas,NHL_WEB,LIVE
NHLWEB-2026010033-20260924T003257Z,2026-09-23T17:32:57.381833-07:00,NHL,NHL,2026010033,2026-09-24T02:00:00Z,Los Angeles,Anaheim,NHL_WEB,FUT
NHLWEB-2026010040-20260924T003257Z,2026-09-23T17:32:57.381833-07:00,NHL,NHL,2026010040,2026-09-24T23:00:00Z,Boston,Philadelphia,NHL_WEB,FUT
NHLWEB-2026010041-20260924T003257Z,2026-09-23T17:32:57.381833-07:00,NHL,NHL,2026010041,2026-09-24T23:00:00Z,Buffalo,Detroit,NHL_WEB,FUT
NHLWEB-2026010043-20260924T003257Z,2026-09-23T17:32:57.381833-07:00,NHL,NHL,2026010043,2026-09-24T23:00:00Z,Florida,Tampa Bay,NHL_WEB,FUT
NHLWEB-2026010044-20260924T003257Z,2026-09-23T17:32:57.381833-07:00,NHL,NHL,2026010044,2026-09-24T23:00:00Z,Nashville,Carolina,NHL_WEB,FUT
NHLWEB-2026010045-20260924T003257Z,2026-09-23T17:32:57.381833-07:00,NHL,NHL,2026010045,2026-09-24T23:00:00Z,New Jersey,New York,NHL_WEB,FUT
NHLWEB-2026010046-20260924T003257Z,2026-09-23T17:32:57.381833-07:00,NHL,NHL,2026010046,2026-09-24T23:00:00Z,Pittsburgh,Columbus,NHL_WEB,FUT
NHLWEB-2026010042-20260924T003257Z,2026-09-23T17:32:57.381833-07:00,NHL,NHL,2026010042,2026-09-25T00:00:00Z,Chicago,St. Louis,NHL_WEB,FUT
NHLWEB-2026010037-20260924T003257Z,2026-09-23T17:32:57.381833-07:00,NHL,NHL,2026010037,2026-09-25T01:00:00Z,Edmonton,Vancouver,NHL_WEB,FUT
NHLWEB-2026010038-20260924T003257Z,2026-09-23T17:32:57.381833-07:00,NHL,NHL,2026010038,2026-09-25T01:40:00Z,Calgary,Seattle,NHL_WEB,FUT
NHLWEB-2026010039-20260924T003257Z,2026-09-23T17:32:57.381833-07:00,NHL,NHL,2026010039,2026-09-25T02:00:00Z,Anaheim,San Jose,NHL_WEB,FUT
NHLWEB-2026010047-20260924T003257Z,2026-09-23T17:32:57.381833-07:00,NHL,NHL,2026010047,2026-09-25T02:00:00Z,Utah,Vegas,NHL_WEB,FUT
NHLWEB-2026010049-20260924T003257Z,2026-09-23T17:32:57.381833-07:00,NHL,NHL,2026010049,2026-09-25T23:00:00Z,Boston,Washington,NHL_WEB,FUT
NHLWEB-2026010051-20260924T003257Z,2026-09-23T17:32:57.381833-07:00,NHL,NHL,2026010051,2026-09-25T23:30:00Z,New York,New York,NHL_WEB,FUT
NHLWEB-2026010050-20260924T003257Z,2026-09-23T17:32:57.381833-07:00,NHL,NHL,2026010050,2026-09-26T00:00:00Z,Dallas,Minnesota,NHL_WEB,FUT
NHLWEB-2026010048-20260924T003257Z,2026-09-23T17:32:57.381833-07:00,NHL,NHL,2026010048,2026-09-26T00:30:00Z,Winnipeg,Colorado,NHL_WEB,FUT
NHLWEB-2026010053-20260924T003257Z,2026-09-23T17:32:57.381833-07:00,NHL,NHL,2026010053,2026-09-26T19:00:00Z,Carolina,Nashville,NHL_WEB,FUT
NHLWEB-2026010055-20260924T003257Z,2026-09-23T17:32:57.381833-07:00,NHL,NHL,2026010055,2026-09-26T19:00:00Z,Pittsburgh,Buffalo,NHL_WEB,FUT
NHLWEB-2026010052-20260924T003257Z,2026-09-23T17:32:57.381833-07:00,NHL,NHL,2026010052,2026-09-26T20:00:00Z,Anaheim,Los Angeles,NHL_WEB,FUT
NHLWEB-2026010054-20260924T003257Z,2026-09-23T17:32:57.381833-07:00,NHL,NHL,2026010054,2026-09-26T21:00:00Z,Colorado,Utah,NHL_WEB,FUT
NHLWEB-2026010057-20260924T003257Z,2026-09-23T17:32:57.381833-07:00,NHL,NHL,2026010057,2026-09-26T21:00:00Z,Washington,Philadelphia,NHL_WEB,FUT
NHLWEB-2026010059-20260924T003257Z,2026-09-23T17:32:57.381833-07:00,NHL,NHL,2026010059,2026-09-26T22:00:00Z,Tampa Bay,Florida,NHL_WEB,FUT
NHLWEB-2026010056-20260924T003257Z,2026-09-23T17:32:57.381833-07:00,NHL,NHL,2026010056,2026-09-26T23:00:00Z,Seattle,Vancouver,NHL_WEB,FUT
NHLWEB-2026010058-20260924T003257Z,2026-09-23T17:32:57.381833-07:00,NHL,NHL,2026010058,2026-09-26T23:00:00Z,St. Louis,Chicago,NHL_WEB,FUT
NHLWEB-2026010061-20260924T003257Z,2026-09-23T17:32:57.381833-07:00,NHL,NHL,2026010061,2026-09-26T23:00:00Z,Columbus,Detroit,NHL_WEB,FUT
NHLWEB-2026010064-20260924T003257Z,2026-09-23T17:32:57.381833-07:00,NHL,NHL,2026010064,2026-09-26T23:00:00Z,Montréal,Ottawa,NHL_WEB,FUT
NHLWEB-2026010065-20260924T003257Z,2026-09-23T17:32:57.381833-07:00,NHL,NHL,2026010065,2026-09-26T23:00:00Z,Ottawa,Montréal,NHL_WEB,FUT
NHLWEB-2026010062-20260924T003257Z,2026-09-23T17:32:57.381833-07:00,NHL,NHL,2026010062,2026-09-26T23:30:00Z,New Jersey,New York,NHL_WEB,FUT
NHLWEB-2026010060-20260924T003257Z,2026-09-23T17:32:57.381833-07:00,NHL,NHL,2026010060,2026-09-27T01:00:00Z,Calgary,Edmonton,NHL_WEB,FUT
NHLWEB-2026010063-20260924T003257Z,2026-09-23T17:32:57.381833-07:00,NHL,NHL,2026010063,2026-09-27T02:00:00Z,San Jose,Vegas,NHL_WEB,FUT
NHLWEB-2026020001-20260924T003257Z,2026-09-23T17:32:57.381833-07:00,NHL,NHL,2026020001,2026-09-29T21:00:00Z,Florida,Carolina,NHL_WEB,FUT
NHLWEB-2026020002-20260924T003257Z,2026-09-23T17:32:57.381833-07:00,NHL,NHL,2026020002,2026-09-29T23:00:00Z,Montréal,Toronto,NHL_WEB,FUT
NHLWEB-2026020003-20260924T003257Z,2026-09-23T17:32:57.381833-07:00,NHL,NHL,2026020003,2026-09-30T00:00:00Z,New York,Boston,NHL_WEB,FUT
NHLWEB-2026020004-20260924T003257Z,2026-09-23T17:32:57.381833-07:00,NHL,NHL,2026020004,2026-09-30T02:00:00Z,Vancouver,Edmonton,NHL_WEB,FUT
NHLWEB-2026020005-20260924T003257Z,2026-09-23T17:32:57.381833-07:00,NHL,NHL,2026020005,2026-09-30T02:30:00Z,Chicago,Vegas,NHL_WEB,FUT
NHLWEB-2026010040-20260924T161656Z,2026-09-24T09:16:56.128480-07:00,NHL,NHL,2026010040,2026-09-24T23:00:00Z,Boston,Philadelphia,NHL_WEB,FUT
NHLWEB-2026010041-20260924T161656Z,2026-09-24T09:16:56.128480-07:00,NHL,NHL,2026010041,2026-09-24T23:00:00Z,Buffalo,Detroit,NHL_WEB,FUT
NHLWEB-2026010043-20260924T161656Z,2026-09-24T09:16:56.128480-07:00,NHL,NHL,2026010043,2026-09-24T23:00:00Z,Florida,Tampa Bay,NHL_WEB,FUT
NHLWEB-2026010044-20260924T161656Z,2026-09-24T09:16:56.128480-07:00,NHL,NHL,2026010044,2026-09-24T23:00:00Z,Nashville,Carolina,NHL_WEB,FUT
NHLWEB-2026010045-20260924T161656Z,2026-09-24T09:16:56.128480-07:00,NHL,NHL,2026010045,2026-09-24T23:00:00Z,New Jersey,New York,NHL_WEB,FUT
NHLWEB-2026010046-20260924T161656Z,2026-09-24T09:16:56.128480-07:00,NHL,NHL,2026010046,2026-09-24T23:00:00Z,Pittsburgh,Columbus,NHL_WEB,FUT
NHLWEB-2026010042-20260924T161656Z,2026-09-24T09:16:56.128480-07:00,NHL,NHL,2026010042,2026-09-25T00:00:00Z,Chicago,St. Louis,NHL_WEB,FUT
NHLWEB-2026010037-20260924T161656Z,2026-09-24T09:16:56.128480-07:00,NHL,NHL,2026010037,2026-09-25T01:00:00Z,Edmonton,Vancouver,NHL_WEB,FUT
NHLWEB-2026010038-20260924T161656Z,2026-09-24T09:16:56.128480-07:00,NHL,NHL,2026010038,2026-09-25T01:40:00Z,Calgary,Seattle,NHL_WEB,FUT
NHLWEB-2026010039-20260924T161656Z,2026-09-24T09:16:56.128480-07:00,NHL,NHL,2026010039,2026-09-25T02:00:00Z,Anaheim,San Jose,NHL_WEB,FUT
NHLWEB-2026010047-20260924T161656Z,2026-09-24T09:16:56.128480-07:00,NHL,NHL,2026010047,2026-09-25T02:00:00Z,Utah,Vegas,NHL_WEB,FUT
NHLWEB-2026010049-20260924T161656Z,2026-09-24T09:16:56.128480-07:00,NHL,NHL,2026010049,2026-09-25T23:00:00Z,Boston,Washington,NHL_WEB,FUT
NHLWEB-2026010051-20260924T161656Z,2026-09-24T09:16:56.128480-07:00,NHL,NHL,2026010051,2026-09-25T23:30:00Z,New York,New York,NHL_WEB,FUT
NHLWEB-2026010050-20260924T161656Z,2026-09-24T09:16:56.128480-07:00,NHL,NHL,2026010050,2026-09-26T00:00:00Z,Dallas,Minnesota,NHL_WEB,FUT
NHLWEB-2026010048-20260924T161656Z,2026-09-24T09:16:56.128480-07:00,NHL,NHL,2026010048,2026-09-26T00:30:00Z,Winnipeg,Colorado,NHL_WEB,FUT
NHLWEB-2026010053-20260924T161656Z,2026-09-24T09:16:56.128480-07:00,NHL,NHL,2026010053,2026-09-26T19:00:00Z,Carolina,Nashville,NHL_WEB,FUT
NHLWEB-2026010055-20260924T161656Z,2026-09-24T09:16:56.128480-07:00,NHL,NHL,2026010055,2026-09-26T19:00:00Z,Pittsburgh,Buffalo,NHL_WEB,FUT
NHLWEB-2026010052-20260924T161656Z,2026-09-24T09:16:56.128480-07:00,NHL,NHL,2026010052,2026-09-26T20:00:00Z,Anaheim,Los Angeles,NHL_WEB,FUT
NHLWEB-2026010054-20260924T161656Z,2026-09-24T09:16:56.128480-07:00,NHL,NHL,2026010054,2026-09-26T21:00:00Z,Colorado,Utah,NHL_WEB,FUT
NHLWEB-2026010057-20260924T161656Z,2026-09-24T09:16:56.128480-07:00,NHL,NHL,2026010057,2026-09-26T21:00:00Z,Washington,Philadelphia,NHL_WEB,FUT
NHLWEB-2026010059-20260924T161656Z,2026-09-24T09:16:56.128480-07:00,NHL,NHL,2026010059,2026-09-26T22:00:00Z,Tampa Bay,Florida,NHL_WEB,FUT
NHLWEB-2026010056-20260924T161656Z,2026-09-24T09:16:56.128480-07:00,NHL,NHL,2026010056,2026-09-26T23:00:00Z,Seattle,Vancouver,NHL_WEB,FUT
NHLWEB-2026010058-20260924T161656Z,2026-09-24T09:16:56.128480-07:00,NHL,NHL,2026010058,2026-09-26T23:00:00Z,St. Louis,Chicago,NHL_WEB,FUT
NHLWEB-2026010061-20260924T161656Z,2026-09-24T09:16:56.128480-07:00,NHL,NHL,2026010061,2026-09-26T23:00:00Z,Columbus,Detroit,NHL_WEB,FUT
NHLWEB-2026010064-20260924T161656Z,2026-09-24T09:16:56.128480-07:00,NHL,NHL,2026010064,2026-09-26T23:00:00Z,Montréal,Ottawa,NHL_WEB,FUT
NHLWEB-2026010065-20260924T161656Z,2026-09-24T09:16:56.128480-07:00,NHL,NHL,2026010065,2026-09-26T23:00:00Z,Ottawa,Montréal,NHL_WEB,FUT
NHLWEB-2026010062-20260924T161656Z,2026-09-24T09:16:56.128480-07:00,NHL,NHL,2026010062,2026-09-26T23:30:00Z,New Jersey,New York,NHL_WEB,FUT
NHLWEB-2026010060-20260924T161656Z,2026-09-24T09:16:56.128480-07:00,NHL,NHL,2026010060,2026-09-27T01:00:00Z,Calgary,Edmonton,NHL_WEB,FUT
NHLWEB-2026010063-20260924T161656Z,2026-09-24T09:16:56.128480-07:00,NHL,NHL,2026010063,2026-09-27T02:00:00Z,San Jose,Vegas,NHL_WEB,FUT
NHLWEB-2026020001-20260924T161656Z,2026-09-24T09:16:56.128480-07:00,NHL,NHL,2026020001,2026-09-29T21:00:00Z,Florida,Carolina,NHL_WEB,FUT
NHLWEB-2026020002-20260924T161656Z,2026-09-24T09:16:56.128480-07:00,NHL,NHL,2026020002,2026-09-29T23:00:00Z,Montréal,Toronto,NHL_WEB,FUT
NHLWEB-2026020003-20260924T161656Z,2026-09-24T09:16:56.128480-07:00,NHL,NHL,2026020003,2026-09-30T00:00:00Z,New York,Boston,NHL_WEB,FUT
NHLWEB-2026020004-20260924T161656Z,2026-09-24T09:16:56.128480-07:00,NHL,NHL,2026020004,2026-09-30T02:00:00Z,Vancouver,Edmonton,NHL_WEB,FUT
NHLWEB-2026020005-20260924T161656Z,2026-09-24T09:16:56.128480-07:00,NHL,NHL,2026020005,2026-09-30T02:30:00Z,Chicago,Vegas,NHL_WEB,FUT
NHLWEB-2026020006-20260924T161656Z,2026-09-24T09:16:56.128480-07:00,NHL,NHL,2026020006,2026-09-30T23:30:00Z,Pittsburgh,Philadelphia,NHL_WEB,FUT
NHLWEB-2026020008-20260924T161656Z,2026-09-24T09:16:56.128480-07:00,NHL,NHL,2026020008,2026-09-30T23:30:00Z,New York,Toronto,NHL_WEB,FUT
NHLWEB-2026020007-20260924T161656Z,2026-09-24T09:16:56.128480-07:00,NHL,NHL,2026020007,2026-10-01T02:00:00Z,Los Angeles,Colorado,NHL_WEB,FUT
NHLWEB-2026010040-20260924T232758Z,2026-09-24T16:27:58.468274-07:00,NHL,NHL,2026010040,2026-09-24T23:00:00Z,Boston,Philadelphia,NHL_WEB,LIVE
NHLWEB-2026010041-20260924T232758Z,2026-09-24T16:27:58.468274-07:00,NHL,NHL,2026010041,2026-09-24T23:00:00Z,Buffalo,Detroit,NHL_WEB,LIVE
NHLWEB-2026010043-20260924T232758Z,2026-09-24T16:27:58.468274-07:00,NHL,NHL,2026010043,2026-09-24T23:00:00Z,Florida,Tampa Bay,NHL_WEB,LIVE
NHLWEB-2026010044-20260924T232758Z,2026-09-24T16:27:58.468274-07:00,NHL,NHL,2026010044,2026-09-24T23:00:00Z,Nashville,Carolina,NHL_WEB,LIVE
NHLWEB-2026010045-20260924T232758Z,2026-09-24T16:27:58.468274-07:00,NHL,NHL,2026010045,2026-09-24T23:00:00Z,New Jersey,New York,NHL_WEB,LIVE
NHLWEB-2026010046-20260924T232758Z,2026-09-24T16:27:58.468274-07:00,NHL,NHL,2026010046,2026-09-24T23:00:00Z,Pittsburgh,Columbus,NHL_WEB,LIVE
NHLWEB-2026010042-20260924T232758Z,2026-09-24T16:27:58.468274-07:00,NHL,NHL,2026010042,2026-09-25T00:00:00Z,Chicago,St. Louis,NHL_WEB,FUT
NHLWEB-2026010037-20260924T232758Z,2026-09-24T16:27:58.468274-07:00,NHL,NHL,2026010037,2026-09-25T01:00:00Z,Edmonton,Vancouver,NHL_WEB,FUT
NHLWEB-2026010038-20260924T232758Z,2026-09-24T16:27:58.468274-07:00,NHL,NHL,2026010038,2026-09-25T01:40:00Z,Calgary,Seattle,NHL_WEB,FUT
NHLWEB-2026010039-20260924T232758Z,2026-09-24T16:27:58.468274-07:00,NHL,NHL,2026010039,2026-09-25T02:00:00Z,Anaheim,San Jose,NHL_WEB,FUT
NHLWEB-2026010047-20260924T232758Z,2026-09-24T16:27:58.468274-07:00,NHL,NHL,2026010047,2026-09-25T02:00:00Z,Utah,Vegas,NHL_WEB,FUT
NHLWEB-2026010049-20260924T232758Z,2026-09-24T16:27:58.468274-07:00,NHL,NHL,2026010049,2026-09-25T23:00:00Z,Boston,Washington,NHL_WEB,FUT
NHLWEB-2026010051-20260924T232758Z,2026-09-24T16:27:58.468274-07:00,NHL,NHL,2026010051,2026-09-25T23:30:00Z,New York,New York,NHL_WEB,FUT
NHLWEB-2026010050-20260924T232758Z,2026-09-24T16:27:58.468274-07:00,NHL,NHL,2026010050,2026-09-26T00:00:00Z,Dallas,Minnesota,NHL_WEB,FUT
NHLWEB-2026010048-20260924T232758Z,2026-09-24T16:27:58.468274-07:00,NHL,NHL,2026010048,2026-09-26T00:30:00Z,Winnipeg,Colorado,NHL_WEB,FUT
NHLWEB-2026010053-20260924T232758Z,2026-09-24T16:27:58.468274-07:00,NHL,NHL,2026010053,2026-09-26T19:00:00Z,Carolina,Nashville,NHL_WEB,FUT
NHLWEB-2026010055-20260924T232758Z,2026-09-24T16:27:58.468274-07:00,NHL,NHL,2026010055,2026-09-26T19:00:00Z,Pittsburgh,Buffalo,NHL_WEB,FUT
NHLWEB-2026010052-20260924T232758Z,2026-09-24T16:27:58.468274-07:00,NHL,NHL,2026010052,2026-09-26T20:00:00Z,Anaheim,Los Angeles,NHL_WEB,FUT
NHLWEB-2026010054-20260924T232758Z,2026-09-24T16:27:58.468274-07:00,NHL,NHL,2026010054,2026-09-26T21:00:00Z,Colorado,Utah,NHL_WEB,FUT
NHLWEB-2026010057-20260924T232758Z,2026-09-24T16:27:58.468274-07:00,NHL,NHL,2026010057,2026-09-26T21:00:00Z,Washington,Philadelphia,NHL_WEB,FUT
NHLWEB-2026010059-20260924T232758Z,2026-09-24T16:27:58.468274-07:00,NHL,NHL,2026010059,2026-09-26T22:00:00Z,Tampa Bay,Florida,NHL_WEB,FUT
NHLWEB-2026010056-20260924T232758Z,2026-09-24T16:27:58.468274-07:00,NHL,NHL,2026010056,2026-09-26T23:00:00Z,Seattle,Vancouver,NHL_WEB,FUT
NHLWEB-2026010058-20260924T232758Z,2026-09-24T16:27:58.468274-07:00,NHL,NHL,2026010058,2026-09-26T23:00:00Z,St. Louis,Chicago,NHL_WEB,FUT
NHLWEB-2026010061-20260924T232758Z,2026-09-24T16:27:58.468274-07:00,NHL,NHL,2026010061,2026-09-26T23:00:00Z,Columbus,Detroit,NHL_WEB,FUT
NHLWEB-2026010064-20260924T232758Z,2026-09-24T16:27:58.468274-07:00,NHL,NHL,2026010064,2026-09-26T23:00:00Z,Montréal,Ottawa,NHL_WEB,FUT
NHLWEB-2026010065-20260924T232758Z,2026-09-24T16:27:58.468274-07:00,NHL,NHL,2026010065,2026-09-26T23:00:00Z,Ottawa,Montréal,NHL_WEB,FUT
NHLWEB-2026010062-20260924T232758Z,2026-09-24T16:27:58.468274-07:00,NHL,NHL,2026010062,2026-09-26T23:30:00Z,New Jersey,New York,NHL_WEB,FUT
NHLWEB-2026010060-20260924T232758Z,2026-09-24T16:27:58.468274-07:00,NHL,NHL,2026010060,2026-09-27T01:00:00Z,Calgary,Edmonton,NHL_WEB,FUT
NHLWEB-2026010063-20260924T232758Z,2026-09-24T16:27:58.468274-07:00,NHL,NHL,2026010063,2026-09-27T02:00:00Z,San Jose,Vegas,NHL_WEB,FUT
NHLWEB-2026020001-20260924T232758Z,2026-09-24T16:27:58.468274-07:00,NHL,NHL,2026020001,2026-09-29T21:00:00Z,Florida,Carolina,NHL_WEB,FUT
NHLWEB-2026020002-20260924T232758Z,2026-09-24T16:27:58.468274-07:00,NHL,NHL,2026020002,2026-09-29T23:00:00Z,Montréal,Toronto,NHL_WEB,FUT
NHLWEB-2026020003-20260924T232758Z,2026-09-24T16:27:58.468274-07:00,NHL,NHL,2026020003,2026-09-30T00:00:00Z,New York,Boston,NHL_WEB,FUT
NHLWEB-2026020004-20260924T232758Z,2026-09-24T16:27:58.468274-07:00,NHL,NHL,2026020004,2026-09-30T02:00:00Z,Vancouver,Edmonton,NHL_WEB,FUT
NHLWEB-2026020005-20260924T232758Z,2026-09-24T16:27:58.468274-07:00,NHL,NHL,2026020005,2026-09-30T02:30:00Z,Chicago,Vegas,NHL_WEB,FUT
NHLWEB-2026020006-20260924T232758Z,2026-09-24T16:27:58.468274-07:00,NHL,NHL,2026020006,2026-09-30T23:30:00Z,Pittsburgh,Philadelphia,NHL_WEB,FUT
NHLWEB-2026020008-20260924T232758Z,2026-09-24T16:27:58.468274-07:00,NHL,NHL,2026020008,2026-09-30T23:30:00Z,New York,Toronto,NHL_WEB,FUT
NHLWEB-2026020007-20260924T232758Z,2026-09-24T16:27:58.468274-07:00,NHL,NHL,2026020007,2026-10-01T02:00:00Z,Los Angeles,Colorado,NHL_WEB,FUT
NHLWEB-2026010049-20260925T182601Z,2026-09-25T11:26:01.277859-07:00,NHL,NHL,2026010049,2026-09-25T23:00:00Z,Boston,Washington,NHL_WEB,FUT
NHLWEB-2026010051-20260925T182601Z,2026-09-25T11:26:01.277859-07:00,NHL,NHL,2026010051,2026-09-25T23:30:00Z,New York,New York,NHL_WEB,FUT
NHLWEB-2026010050-20260925T182601Z,2026-09-25T11:26:01.277859-07:00,NHL,NHL,2026010050,2026-09-26T00:00:00Z,Dallas,Minnesota,NHL_WEB,FUT
NHLWEB-2026010048-20260925T182601Z,2026-09-25T11:26:01.277859-07:00,NHL,NHL,2026010048,2026-09-26T00:30:00Z,Winnipeg,Colorado,NHL_WEB,FUT
NHLWEB-2026010053-20260925T182601Z,2026-09-25T11:26:01.277859-07:00,NHL,NHL,2026010053,2026-09-26T19:00:00Z,Carolina,Nashville,NHL_WEB,FUT
NHLWEB-2026010055-20260925T182601Z,2026-09-25T11:26:01.277859-07:00,NHL,NHL,2026010055,2026-09-26T19:00:00Z,Pittsburgh,Buffalo,NHL_WEB,FUT
NHLWEB-2026010052-20260925T182601Z,2026-09-25T11:26:01.277859-07:00,NHL,NHL,2026010052,2026-09-26T20:00:00Z,Anaheim,Los Angeles,NHL_WEB,FUT
NHLWEB-2026010054-20260925T182601Z,2026-09-25T11:26:01.277859-07:00,NHL,NHL,2026010054,2026-09-26T21:00:00Z,Colorado,Utah,NHL_WEB,FUT
NHLWEB-2026010057-20260925T182601Z,2026-09-25T11:26:01.277859-07:00,NHL,NHL,2026010057,2026-09-26T21:00:00Z,Washington,Philadelphia,NHL_WEB,FUT
NHLWEB-2026010059-20260925T182601Z,2026-09-25T11:26:01.277859-07:00,NHL,NHL,2026010059,2026-09-26T22:00:00Z,Tampa Bay,Florida,NHL_WEB,FUT
NHLWEB-2026010056-20260925T182601Z,2026-09-25T11:26:01.277859-07:00,NHL,NHL,2026010056,2026-09-26T23:00:00Z,Seattle,Vancouver,NHL_WEB,FUT
NHLWEB-2026010058-20260925T182601Z,2026-09-25T11:26:01.277859-07:00,NHL,NHL,2026010058,2026-09-26T23:00:00Z,St. Louis,Chicago,NHL_WEB,FUT
NHLWEB-2026010061-20260925T182601Z,2026-09-25T11:26:01.277859-07:00,NHL,NHL,2026010061,2026-09-26T23:00:00Z,Columbus,Detroit,NHL_WEB,FUT
NHLWEB-2026010064-20260925T182601Z,2026-09-25T11:26:01.277859-07:00,NHL,NHL,2026010064,2026-09-26T23:00:00Z,Montréal,Ottawa,NHL_WEB,FUT
NHLWEB-2026010065-20260925T182601Z,2026-09-25T11:26:01.277859-07:00,NHL,NHL,2026010065,2026-09-26T23:00:00Z,Ottawa,Montréal,NHL_WEB,FUT
NHLWEB-2026010062-20260925T182601Z,2026-09-25T11:26:01.277859-07:00,NHL,NHL,2026010062,2026-09-26T23:30:00Z,New Jersey,New York,NHL_WEB,FUT
NHLWEB-2026010060-20260925T182601Z,2026-09-25T11:26:01.277859-07:00,NHL,NHL,2026010060,2026-09-27T01:00:00Z,Calgary,Edmonton,NHL_WEB,FUT
NHLWEB-2026010063-20260925T182601Z,2026-09-25T11:26:01.277859-07:00,NHL,NHL,2026010063,2026-09-27T02:00:00Z,San Jose,Vegas,NHL_WEB,FUT
NHLWEB-2026020001-20260925T182601Z,2026-09-25T11:26:01.277859-07:00,NHL,NHL,2026020001,2026-09-29T21:00:00Z,Florida,Carolina,NHL_WEB,FUT
NHLWEB-2026020002-20260925T182601Z,2026-09-25T11:26:01.277859-07:00,NHL,NHL,2026020002,2026-09-29T23:00:00Z,Montréal,Toronto,NHL_WEB,FUT
NHLWEB-2026020003-20260925T182601Z,2026-09-25T11:26:01.277859-07:00,NHL,NHL,2026020003,2026-09-30T00:00:00Z,New York,Boston,NHL_WEB,FUT
NHLWEB-2026020004-20260925T182601Z,2026-09-25T11:26:01.277859-07:00,NHL,NHL,2026020004,2026-09-30T02:00:00Z,Vancouver,Edmonton,NHL_WEB,FUT
NHLWEB-2026020005-20260925T182601Z,2026-09-25T11:26:01.277859-07:00,NHL,NHL,2026020005,2026-09-30T02:30:00Z,Chicago,Vegas,NHL_WEB,FUT
NHLWEB-2026020006-20260925T182601Z,2026-09-25T11:26:01.277859-07:00,NHL,NHL,2026020006,2026-09-30T23:30:00Z,Pittsburgh,Philadelphia,NHL_WEB,FUT
NHLWEB-2026020008-20260925T182601Z,2026-09-25T11:26:01.277859-07:00,NHL,NHL,2026020008,2026-09-30T23:30:00Z,New York,Toronto,NHL_WEB,FUT
NHLWEB-2026020007-20260925T182601Z,2026-09-25T11:26:01.277859-07:00,NHL,NHL,2026020007,2026-10-01T02:00:00Z,Los Angeles,Colorado,NHL_WEB,FUT
NHLWEB-2026020009-20260925T182601Z,2026-09-25T11:26:01.277859-07:00,NHL,NHL,2026020009,2026-10-01T23:00:00Z,Philadelphia,New Jersey,NHL_WEB,FUT
NHLWEB-2026020010-20260925T182601Z,2026-09-25T11:26:01.277859-07:00,NHL,NHL,2026020010,2026-10-01T23:00:00Z,Tampa Bay,New York,NHL_WEB,FUT
NHLWEB-2026020011-20260925T182601Z,2026-09-25T11:26:01.277859-07:00,NHL,NHL,2026020011,2026-10-01T23:00:00Z,Buffalo,Columbus,NHL_WEB,FUT
NHLWEB-2026020012-20260925T182601Z,2026-09-25T11:26:01.277859-07:00,NHL,NHL,2026020012,2026-10-02T00:00:00Z,Minnesota,Nashville,NHL_WEB,FUT
NHLWEB-2026020014-20260925T182601Z,2026-09-25T11:26:01.277859-07:00,NHL,NHL,2026020014,2026-10-02T01:00:00Z,Seattle,Calgary,NHL_WEB,FUT
NHLWEB-2026020013-20260925T182601Z,2026-09-25T11:26:01.277859-07:00,NHL,NHL,2026020013,2026-10-02T01:30:00Z,Chicago,Utah,NHL_WEB,FUT
NHLWEB-2026020015-20260925T182601Z,2026-09-25T11:26:01.277859-07:00,NHL,NHL,2026020015,2026-10-02T02:00:00Z,Edmonton,Vancouver,NHL_WEB,FUT
NHLWEB-2026020016-20260925T182601Z,2026-09-25T11:26:01.277859-07:00,NHL,NHL,2026020016,2026-10-02T02:00:00Z,Florida,San Jose,NHL_WEB,FUT
NHLWEB-2026010049-20260926T091742Z,2026-09-26T02:17:42.203483-07:00,NHL,NHL,2026010049,2026-09-25T23:00:00Z,Boston,Washington,NHL_WEB,FINAL
NHLWEB-2026010051-20260926T091742Z,2026-09-26T02:17:42.203483-07:00,NHL,NHL,2026010051,2026-09-25T23:30:00Z,New York,New York,NHL_WEB,FINAL
NHLWEB-2026010050-20260926T091742Z,2026-09-26T02:17:42.203483-07:00,NHL,NHL,2026010050,2026-09-26T00:00:00Z,Dallas,Minnesota,NHL_WEB,FINAL
NHLWEB-2026010048-20260926T091742Z,2026-09-26T02:17:42.203483-07:00,NHL,NHL,2026010048,2026-09-26T00:30:00Z,Winnipeg,Colorado,NHL_WEB,FINAL
NHLWEB-2026010053-20260926T091742Z,2026-09-26T02:17:42.203483-07:00,NHL,NHL,2026010053,2026-09-26T19:00:00Z,Carolina,Nashville,NHL_WEB,FUT
NHLWEB-2026010055-20260926T091742Z,2026-09-26T02:17:42.203483-07:00,NHL,NHL,2026010055,2026-09-26T19:00:00Z,Pittsburgh,Buffalo,NHL_WEB,FUT
NHLWEB-2026010052-20260926T091742Z,2026-09-26T02:17:42.203483-07:00,NHL,NHL,2026010052,2026-09-26T20:00:00Z,Anaheim,Los Angeles,NHL_WEB,FUT
NHLWEB-2026010054-20260926T091742Z,2026-09-26T02:17:42.203483-07:00,NHL,NHL,2026010054,2026-09-26T21:00:00Z,Colorado,Utah,NHL_WEB,FUT
NHLWEB-2026010057-20260926T091742Z,2026-09-26T02:17:42.203483-07:00,NHL,NHL,2026010057,2026-09-26T21:00:00Z,Washington,Philadelphia,NHL_WEB,FUT
NHLWEB-2026010059-20260926T091742Z,2026-09-26T02:17:42.203483-07:00,NHL,NHL,2026010059,2026-09-26T22:00:00Z,Tampa Bay,Florida,NHL_WEB,FUT
NHLWEB-2026010056-20260926T091742Z,2026-09-26T02:17:42.203483-07:00,NHL,NHL,2026010056,2026-09-26T23:00:00Z,Seattle,Vancouver,NHL_WEB,FUT
NHLWEB-2026010058-20260926T091742Z,2026-09-26T02:17:42.203483-07:00,NHL,NHL,2026010058,2026-09-26T23:00:00Z,St. Louis,Chicago,NHL_WEB,FUT
NHLWEB-2026010061-20260926T091742Z,2026-09-26T02:17:42.203483-07:00,NHL,NHL,2026010061,2026-09-26T23:00:00Z,Columbus,Detroit,NHL_WEB,FUT
NHLWEB-2026010064-20260926T091742Z,2026-09-26T02:17:42.203483-07:00,NHL,NHL,2026010064,2026-09-26T23:00:00Z,Montréal,Ottawa,NHL_WEB,FUT
NHLWEB-2026010065-20260926T091742Z,2026-09-26T02:17:42.203483-07:00,NHL,NHL,2026010065,2026-09-26T23:00:00Z,Ottawa,Montréal,NHL_WEB,FUT
NHLWEB-2026010062-20260926T091742Z,2026-09-26T02:17:42.203483-07:00,NHL,NHL,2026010062,2026-09-26T23:30:00Z,New Jersey,New York,NHL_WEB,FUT
NHLWEB-2026010060-20260926T091742Z,2026-09-26T02:17:42.203483-07:00,NHL,NHL,2026010060,2026-09-27T01:00:00Z,Calgary,Edmonton,NHL_WEB,FUT
NHLWEB-2026010063-20260926T091742Z,2026-09-26T02:17:42.203483-07:00,NHL,NHL,2026010063,2026-09-27T02:00:00Z,San Jose,Vegas,NHL_WEB,FUT
NHLWEB-2026020001-20260926T091742Z,2026-09-26T02:17:42.203483-07:00,NHL,NHL,2026020001,2026-09-29T21:00:00Z,Florida,Carolina,NHL_WEB,FUT
NHLWEB-2026020002-20260926T091742Z,2026-09-26T02:17:42.203483-07:00,NHL,NHL,2026020002,2026-09-29T23:00:00Z,Montréal,Toronto,NHL_WEB,FUT
NHLWEB-2026020003-20260926T091742Z,2026-09-26T02:17:42.203483-07:00,NHL,NHL,2026020003,2026-09-30T00:00:00Z,New York,Boston,NHL_WEB,FUT
NHLWEB-2026020004-20260926T091742Z,2026-09-26T02:17:42.203483-07:00,NHL,NHL,2026020004,2026-09-30T02:00:00Z,Vancouver,Edmonton,NHL_WEB,FUT
NHLWEB-2026020005-20260926T091742Z,2026-09-26T02:17:42.203483-07:00,NHL,NHL,2026020005,2026-09-30T02:30:00Z,Chicago,Vegas,NHL_WEB,FUT
NHLWEB-2026020006-20260926T091742Z,2026-09-26T02:17:42.203483-07:00,NHL,NHL,2026020006,2026-09-30T23:30:00Z,Pittsburgh,Philadelphia,NHL_WEB,FUT
NHLWEB-2026020008-20260926T091742Z,2026-09-26T02:17:42.203483-07:00,NHL,NHL,2026020008,2026-09-30T23:30:00Z,New York,Toronto,NHL_WEB,FUT
NHLWEB-2026020007-20260926T091742Z,2026-09-26T02:17:42.203483-07:00,NHL,NHL,2026020007,2026-10-01T02:00:00Z,Los Angeles,Colorado,NHL_WEB,FUT
NHLWEB-2026020009-20260926T091742Z,2026-09-26T02:17:42.203483-07:00,NHL,NHL,2026020009,2026-10-01T23:00:00Z,Philadelphia,New Jersey,NHL_WEB,FUT
NHLWEB-2026020010-20260926T091742Z,2026-09-26T02:17:42.203483-07:00,NHL,NHL,2026020010,2026-10-01T23:00:00Z,Tampa Bay,New York,NHL_WEB,FUT
NHLWEB-2026020011-20260926T091742Z,2026-09-26T02:17:42.203483-07:00,NHL,NHL,2026020011,2026-10-01T23:00:00Z,Buffalo,Columbus,NHL_WEB,FUT
NHLWEB-2026020012-20260926T091742Z,2026-09-26T02:17:42.203483-07:00,NHL,NHL,2026020012,2026-10-02T00:00:00Z,Minnesota,Nashville,NHL_WEB,FUT
NHLWEB-2026020014-20260926T091742Z,2026-09-26T02:17:42.203483-07:00,NHL,NHL,2026020014,2026-10-02T01:00:00Z,Seattle,Calgary,NHL_WEB,FUT
NHLWEB-2026020013-20260926T091742Z,2026-09-26T02:17:42.203483-07:00,NHL,NHL,2026020013,2026-10-02T01:30:00Z,Chicago,Utah,NHL_WEB,FUT
NHLWEB-2026020015-20260926T091742Z,2026-09-26T02:17:42.203483-07:00,NHL,NHL,2026020015,2026-10-02T02:00:00Z,Edmonton,Vancouver,NHL_WEB,FUT
NHLWEB-2026020016-20260926T091742Z,2026-09-26T02:17:42.203483-07:00,NHL,NHL,2026020016,2026-10-02T02:00:00Z,Florida,San Jose,NHL_WEB,FUT
NHLWEB-2026010053-20260926T190934Z,2026-09-26T12:09:34.583675-07:00,NHL,NHL,2026010053,2026-09-26T19:00:00Z,Carolina,Nashville,NHL_WEB,LIVE
NHLWEB-2026010055-20260926T190934Z,2026-09-26T12:09:34.583675-07:00,NHL,NHL,2026010055,2026-09-26T19:00:00Z,Pittsburgh,Buffalo,NHL_WEB,LIVE
NHLWEB-2026010052-20260926T190934Z,2026-09-26T12:09:34.583675-07:00,NHL,NHL,2026010052,2026-09-26T20:00:00Z,Anaheim,Los Angeles,NHL_WEB,FUT
NHLWEB-2026010054-20260926T190934Z,2026-09-26T12:09:34.583675-07:00,NHL,NHL,2026010054,2026-09-26T21:00:00Z,Colorado,Utah,NHL_WEB,FUT
NHLWEB-2026010057-20260926T190934Z,2026-09-26T12:09:34.583675-07:00,NHL,NHL,2026010057,2026-09-26T21:00:00Z,Washington,Philadelphia,NHL_WEB,FUT
NHLWEB-2026010059-20260926T190934Z,2026-09-26T12:09:34.583675-07:00,NHL,NHL,2026010059,2026-09-26T22:00:00Z,Tampa Bay,Florida,NHL_WEB,FUT
NHLWEB-2026010056-20260926T190934Z,2026-09-26T12:09:34.583675-07:00,NHL,NHL,2026010056,2026-09-26T23:00:00Z,Seattle,Vancouver,NHL_WEB,FUT
NHLWEB-2026010058-20260926T190934Z,2026-09-26T12:09:34.583675-07:00,NHL,NHL,2026010058,2026-09-26T23:00:00Z,St. Louis,Chicago,NHL_WEB,FUT
NHLWEB-2026010061-20260926T190934Z,2026-09-26T12:09:34.583675-07:00,NHL,NHL,2026010061,2026-09-26T23:00:00Z,Columbus,Detroit,NHL_WEB,FUT
NHLWEB-2026010064-20260926T190934Z,2026-09-26T12:09:34.583675-07:00,NHL,NHL,2026010064,2026-09-26T23:00:00Z,Montréal,Ottawa,NHL_WEB,FUT
NHLWEB-2026010065-20260926T190934Z,2026-09-26T12:09:34.583675-07:00,NHL,NHL,2026010065,2026-09-26T23:00:00Z,Ottawa,Montréal,NHL_WEB,FUT
NHLWEB-2026010062-20260926T190934Z,2026-09-26T12:09:34.583675-07:00,NHL,NHL,2026010062,2026-09-26T23:30:00Z,New Jersey,New York,NHL_WEB,FUT
NHLWEB-2026010060-20260926T190934Z,2026-09-26T12:09:34.583675-07:00,NHL,NHL,2026010060,2026-09-27T01:00:00Z,Calgary,Edmonton,NHL_WEB,FUT
NHLWEB-2026010063-20260926T190934Z,2026-09-26T12:09:34.583675-07:00,NHL,NHL,2026010063,2026-09-27T02:00:00Z,San Jose,Vegas,NHL_WEB,FUT
NHLWEB-2026020001-20260926T190934Z,2026-09-26T12:09:34.583675-07:00,NHL,NHL,2026020001,2026-09-29T21:00:00Z,Florida,Carolina,NHL_WEB,FUT
NHLWEB-2026020002-20260926T190934Z,2026-09-26T12:09:34.583675-07:00,NHL,NHL,2026020002,2026-09-29T23:00:00Z,Montréal,Toronto,NHL_WEB,FUT
NHLWEB-2026020003-20260926T190934Z,2026-09-26T12:09:34.583675-07:00,NHL,NHL,2026020003,2026-09-30T00:00:00Z,New York,Boston,NHL_WEB,FUT
NHLWEB-2026020004-20260926T190934Z,2026-09-26T12:09:34.583675-07:00,NHL,NHL,2026020004,2026-09-30T02:00:00Z,Vancouver,Edmonton,NHL_WEB,FUT
NHLWEB-2026020005-20260926T190934Z,2026-09-26T12:09:34.583675-07:00,NHL,NHL,2026020005,2026-09-30T02:30:00Z,Chicago,Vegas,NHL_WEB,FUT
NHLWEB-2026020006-20260926T190934Z,2026-09-26T12:09:34.583675-07:00,NHL,NHL,2026020006,2026-09-30T23:30:00Z,Pittsburgh,Philadelphia,NHL_WEB,FUT
NHLWEB-2026020008-20260926T190934Z,2026-09-26T12:09:34.583675-07:00,NHL,NHL,2026020008,2026-09-30T23:30:00Z,New York,Toronto,NHL_WEB,FUT
NHLWEB-2026020007-20260926T190934Z,2026-09-26T12:09:34.583675-07:00,NHL,NHL,2026020007,2026-10-01T02:00:00Z,Los Angeles,Colorado,NHL_WEB,FUT
NHLWEB-2026020009-20260926T190934Z,2026-09-26T12:09:34.583675-07:00,NHL,NHL,2026020009,2026-10-01T23:00:00Z,Philadelphia,New Jersey,NHL_WEB,FUT
NHLWEB-2026020010-20260926T190934Z,2026-09-26T12:09:34.583675-07:00,NHL,NHL,2026020010,2026-10-01T23:00:00Z,Tampa Bay,New York,NHL_WEB,FUT
NHLWEB-2026020011-20260926T190934Z,2026-09-26T12:09:34.583675-07:00,NHL,NHL,2026020011,2026-10-01T23:00:00Z,Buffalo,Columbus,NHL_WEB,FUT
NHLWEB-2026020012-20260926T190934Z,2026-09-26T12:09:34.583675-07:00,NHL,NHL,2026020012,2026-10-02T00:00:00Z,Minnesota,Nashville,NHL_WEB,FUT
NHLWEB-2026020014-20260926T190934Z,2026-09-26T12:09:34.583675-07:00,NHL,NHL,2026020014,2026-10-02T01:00:00Z,Seattle,Calgary,NHL_WEB,FUT
NHLWEB-2026020013-20260926T190934Z,2026-09-26T12:09:34.583675-07:00,NHL,NHL,2026020013,2026-10-02T01:30:00Z,Chicago,Utah,NHL_WEB,FUT
NHLWEB-2026020015-20260926T190934Z,2026-09-26T12:09:34.583675-07:00,NHL,NHL,2026020015,2026-10-02T02:00:00Z,Edmonton,Vancouver,NHL_WEB,FUT
NHLWEB-2026020016-20260926T190934Z,2026-09-26T12:09:34.583675-07:00,NHL,NHL,2026020016,2026-10-02T02:00:00Z,Florida,San Jose,NHL_WEB,FUT
NHLWEB-2026020017-20260926T190934Z,2026-09-26T12:09:34.583675-07:00,NHL,NHL,2026020017,2026-10-02T22:30:00Z,New York,Detroit,NHL_WEB,FUT
NHLWEB-2026020018-20260926T190934Z,2026-09-26T12:09:34.583675-07:00,NHL,NHL,2026020018,2026-10-02T23:00:00Z,Washington,Carolina,NHL_WEB,FUT
NHLWEB-2026020019-20260926T190934Z,2026-09-26T12:09:34.583675-07:00,NHL,NHL,2026020019,2026-10-03T00:00:00Z,Boston,Winnipeg,NHL_WEB,FUT
NHLWEB-2026020020-20260926T190934Z,2026-09-26T12:09:34.583675-07:00,NHL,NHL,2026020020,2026-10-03T01:00:00Z,St. Louis,Dallas,NHL_WEB,FUT
NHLWEB-2026020021-20260926T190934Z,2026-09-26T12:09:34.583675-07:00,NHL,NHL,2026020021,2026-10-03T02:00:00Z,Anaheim,Vegas,NHL_WEB,FUT
NHLWEB-2026020001-20260929T222243Z,2026-09-29T15:22:43.113318-07:00,NHL,NHL,2026020001,2026-09-29T21:00:00Z,Florida,Carolina,NHL_WEB,LIVE
NHLWEB-2026020002-20260929T222243Z,2026-09-29T15:22:43.113318-07:00,NHL,NHL,2026020002,2026-09-29T23:00:00Z,Montréal,Toronto,NHL_WEB,FUT
NHLWEB-2026020003-20260929T222243Z,2026-09-29T15:22:43.113318-07:00,NHL,NHL,2026020003,2026-09-30T00:00:00Z,New York,Boston,NHL_WEB,FUT
NHLWEB-2026020004-20260929T222243Z,2026-09-29T15:22:43.113318-07:00,NHL,NHL,2026020004,2026-09-30T02:00:00Z,Vancouver,Edmonton,NHL_WEB,FUT
NHLWEB-2026020005-20260929T222243Z,2026-09-29T15:22:43.113318-07:00,NHL,NHL,2026020005,2026-09-30T02:30:00Z,Chicago,Vegas,NHL_WEB,FUT
NHLWEB-2026020006-20260929T222243Z,2026-09-29T15:22:43.113318-07:00,NHL,NHL,2026020006,2026-09-30T23:30:00Z,Pittsburgh,Philadelphia,NHL_WEB,FUT
NHLWEB-2026020008-20260929T222243Z,2026-09-29T15:22:43.113318-07:00,NHL,NHL,2026020008,2026-09-30T23:30:00Z,New York,Toronto,NHL_WEB,FUT
NHLWEB-2026020007-20260929T222243Z,2026-09-29T15:22:43.113318-07:00,NHL,NHL,2026020007,2026-10-01T02:00:00Z,Los Angeles,Colorado,NHL_WEB,FUT
NHLWEB-2026020009-20260929T222243Z,2026-09-29T15:22:43.113318-07:00,NHL,NHL,2026020009,2026-10-01T23:00:00Z,Philadelphia,New Jersey,NHL_WEB,FUT
NHLWEB-2026020010-20260929T222243Z,2026-09-29T15:22:43.113318-07:00,NHL,NHL,2026020010,2026-10-01T23:00:00Z,Tampa Bay,New York,NHL_WEB,FUT
NHLWEB-2026020011-20260929T222243Z,2026-09-29T15:22:43.113318-07:00,NHL,NHL,2026020011,2026-10-01T23:00:00Z,Buffalo,Columbus,NHL_WEB,FUT
NHLWEB-2026020012-20260929T222243Z,2026-09-29T15:22:43.113318-07:00,NHL,NHL,2026020012,2026-10-02T00:00:00Z,Minnesota,Nashville,NHL_WEB,FUT
NHLWEB-2026020014-20260929T222243Z,2026-09-29T15:22:43.113318-07:00,NHL,NHL,2026020014,2026-10-02T01:00:00Z,Seattle,Calgary,NHL_WEB,FUT
NHLWEB-2026020013-20260929T222243Z,2026-09-29T15:22:43.113318-07:00,NHL,NHL,2026020013,2026-10-02T01:30:00Z,Chicago,Utah,NHL_WEB,FUT
NHLWEB-2026020015-20260929T222243Z,2026-09-29T15:22:43.113318-07:00,NHL,NHL,2026020015,2026-10-02T02:00:00Z,Edmonton,Vancouver,NHL_WEB,FUT
NHLWEB-2026020016-20260929T222243Z,2026-09-29T15:22:43.113318-07:00,NHL,NHL,2026020016,2026-10-02T02:00:00Z,Florida,San Jose,NHL_WEB,FUT
NHLWEB-2026020017-20260929T222243Z,2026-09-29T15:22:43.113318-07:00,NHL,NHL,2026020017,2026-10-02T22:30:00Z,New York,Detroit,NHL_WEB,FUT
NHLWEB-2026020018-20260929T222243Z,2026-09-29T15:22:43.113318-07:00,NHL,NHL,2026020018,2026-10-02T23:00:00Z,Washington,Carolina,NHL_WEB,FUT
NHLWEB-2026020019-20260929T222243Z,2026-09-29T15:22:43.113318-07:00,NHL,NHL,2026020019,2026-10-03T00:00:00Z,Boston,Winnipeg,NHL_WEB,FUT
NHLWEB-2026020020-20260929T222243Z,2026-09-29T15:22:43.113318-07:00,NHL,NHL,2026020020,2026-10-03T01:00:00Z,St. Louis,Dallas,NHL_WEB,FUT
NHLWEB-2026020021-20260929T222243Z,2026-09-29T15:22:43.113318-07:00,NHL,NHL,2026020021,2026-10-03T02:00:00Z,Anaheim,Vegas,NHL_WEB,FUT
NHLWEB-2026020022-20260929T222243Z,2026-09-29T15:22:43.113318-07:00,NHL,NHL,2026020022,2026-10-03T23:00:00Z,Chicago,Buffalo,NHL_WEB,FUT
NHLWEB-2026020023-20260929T222243Z,2026-09-29T15:22:43.113318-07:00,NHL,NHL,2026020023,2026-10-03T23:00:00Z,Ottawa,Toronto,NHL_WEB,FUT
NHLWEB-2026020024-20260929T222243Z,2026-09-29T15:22:43.113318-07:00,NHL,NHL,2026020024,2026-10-03T23:00:00Z,Washington,Tampa Bay,NHL_WEB,FUT
NHLWEB-2026020025-20260929T222243Z,2026-09-29T15:22:43.113318-07:00,NHL,NHL,2026020025,2026-10-03T23:00:00Z,Carolina,Philadelphia,NHL_WEB,FUT
NHLWEB-2026020026-20260929T222243Z,2026-09-29T15:22:43.113318-07:00,NHL,NHL,2026020026,2026-10-03T23:00:00Z,Montréal,Pittsburgh,NHL_WEB,FUT
NHLWEB-2026020027-20260929T222243Z,2026-09-29T15:22:43.113318-07:00,NHL,NHL,2026020027,2026-10-03T23:00:00Z,Utah,Columbus,NHL_WEB,FUT
NHLWEB-2026020028-20260929T222243Z,2026-09-29T15:22:43.113318-07:00,NHL,NHL,2026020028,2026-10-03T23:00:00Z,Seattle,Edmonton,NHL_WEB,FUT
NHLWEB-2026020029-20260929T222243Z,2026-09-29T15:22:43.113318-07:00,NHL,NHL,2026020029,2026-10-03T23:30:00Z,New Jersey,New York,NHL_WEB,FUT
NHLWEB-2026020030-20260929T222243Z,2026-09-29T15:22:43.113318-07:00,NHL,NHL,2026020030,2026-10-04T00:00:00Z,Dallas,Nashville,NHL_WEB,FUT
NHLWEB-2026020031-20260929T222243Z,2026-09-29T15:22:43.113318-07:00,NHL,NHL,2026020031,2026-10-04T00:00:00Z,Boston,Minnesota,NHL_WEB,FUT
NHLWEB-2026020032-20260929T222243Z,2026-09-29T15:22:43.113318-07:00,NHL,NHL,2026020032,2026-10-04T01:00:00Z,St. Louis,Colorado,NHL_WEB,FUT
NHLWEB-2026020033-20260929T222243Z,2026-09-29T15:22:43.113318-07:00,NHL,NHL,2026020033,2026-10-04T02:00:00Z,Calgary,Vancouver,NHL_WEB,FUT
NHLWEB-2026020034-20260929T222243Z,2026-09-29T15:22:43.113318-07:00,NHL,NHL,2026020034,2026-10-04T02:00:00Z,Los Angeles,San Jose,NHL_WEB,FUT
NHLWEB-2026020035-20260929T222243Z,2026-09-29T15:22:43.113318-07:00,NHL,NHL,2026020035,2026-10-04T17:00:00Z,Winnipeg,Detroit,NHL_WEB,FUT
NHLWEB-2026020036-20260929T222243Z,2026-09-29T15:22:43.113318-07:00,NHL,NHL,2026020036,2026-10-04T22:00:00Z,Utah,New York,NHL_WEB,FUT
NHLWEB-2026020037-20260929T222243Z,2026-09-29T15:22:43.113318-07:00,NHL,NHL,2026020037,2026-10-05T00:00:00Z,Florida,Anaheim,NHL_WEB,FUT
NHLWEB-2026020038-20260929T222243Z,2026-09-29T15:22:43.113318-07:00,NHL,NHL,2026020038,2026-10-05T00:00:00Z,Calgary,Seattle,NHL_WEB,FUT
NHLWEB-2026020039-20260929T222243Z,2026-09-29T15:22:43.113318-07:00,NHL,NHL,2026020039,2026-10-05T01:00:00Z,Vegas,Vancouver,NHL_WEB,FUT
NHLWEB-2026020040-20260929T222243Z,2026-09-29T15:22:43.113318-07:00,NHL,NHL,2026020040,2026-10-05T23:00:00Z,Philadelphia,Tampa Bay,NHL_WEB,FUT
NHLWEB-2026020041-20260929T222243Z,2026-09-29T15:22:43.113318-07:00,NHL,NHL,2026020041,2026-10-05T23:30:00Z,Ottawa,Boston,NHL_WEB,FUT
NHLWEB-2026020042-20260929T222243Z,2026-09-29T15:22:43.113318-07:00,NHL,NHL,2026020042,2026-10-05T23:30:00Z,Winnipeg,Pittsburgh,NHL_WEB,FUT
NHLWEB-2026020043-20260929T222243Z,2026-09-29T15:22:43.113318-07:00,NHL,NHL,2026020043,2026-10-06T00:00:00Z,San Jose,Dallas,NHL_WEB,FUT
NHLWEB-2026020001-20260929T225649Z,2026-09-29T15:56:49.781572-07:00,NHL,NHL,2026020001,2026-09-29T21:00:00Z,Florida,Carolina,NHL_WEB,LIVE
NHLWEB-2026020002-20260929T225649Z,2026-09-29T15:56:49.781572-07:00,NHL,NHL,2026020002,2026-09-29T23:00:00Z,Montréal,Toronto,NHL_WEB,PRE
NHLWEB-2026020003-20260929T225649Z,2026-09-29T15:56:49.781572-07:00,NHL,NHL,2026020003,2026-09-30T00:00:00Z,New York,Boston,NHL_WEB,FUT
NHLWEB-2026020004-20260929T225649Z,2026-09-29T15:56:49.781572-07:00,NHL,NHL,2026020004,2026-09-30T02:00:00Z,Vancouver,Edmonton,NHL_WEB,FUT
NHLWEB-2026020005-20260929T225649Z,2026-09-29T15:56:49.781572-07:00,NHL,NHL,2026020005,2026-09-30T02:30:00Z,Chicago,Vegas,NHL_WEB,FUT
NHLWEB-2026020006-20260929T225649Z,2026-09-29T15:56:49.781572-07:00,NHL,NHL,2026020006,2026-09-30T23:30:00Z,Pittsburgh,Philadelphia,NHL_WEB,FUT
NHLWEB-2026020008-20260929T225649Z,2026-09-29T15:56:49.781572-07:00,NHL,NHL,2026020008,2026-09-30T23:30:00Z,New York,Toronto,NHL_WEB,FUT
NHLWEB-2026020007-20260929T225649Z,2026-09-29T15:56:49.781572-07:00,NHL,NHL,2026020007,2026-10-01T02:00:00Z,Los Angeles,Colorado,NHL_WEB,FUT
NHLWEB-2026020009-20260929T225649Z,2026-09-29T15:56:49.781572-07:00,NHL,NHL,2026020009,2026-10-01T23:00:00Z,Philadelphia,New Jersey,NHL_WEB,FUT
NHLWEB-2026020010-20260929T225649Z,2026-09-29T15:56:49.781572-07:00,NHL,NHL,2026020010,2026-10-01T23:00:00Z,Tampa Bay,New York,NHL_WEB,FUT
NHLWEB-2026020011-20260929T225649Z,2026-09-29T15:56:49.781572-07:00,NHL,NHL,2026020011,2026-10-01T23:00:00Z,Buffalo,Columbus,NHL_WEB,FUT
NHLWEB-2026020012-20260929T225649Z,2026-09-29T15:56:49.781572-07:00,NHL,NHL,2026020012,2026-10-02T00:00:00Z,Minnesota,Nashville,NHL_WEB,FUT
NHLWEB-2026020014-20260929T225649Z,2026-09-29T15:56:49.781572-07:00,NHL,NHL,2026020014,2026-10-02T01:00:00Z,Seattle,Calgary,NHL_WEB,FUT
NHLWEB-2026020013-20260929T225649Z,2026-09-29T15:56:49.781572-07:00,NHL,NHL,2026020013,2026-10-02T01:30:00Z,Chicago,Utah,NHL_WEB,FUT
NHLWEB-2026020015-20260929T225649Z,2026-09-29T15:56:49.781572-07:00,NHL,NHL,2026020015,2026-10-02T02:00:00Z,Edmonton,Vancouver,NHL_WEB,FUT
NHLWEB-2026020016-20260929T225649Z,2026-09-29T15:56:49.781572-07:00,NHL,NHL,2026020016,2026-10-02T02:00:00Z,Florida,San Jose,NHL_WEB,FUT
NHLWEB-2026020017-20260929T225649Z,2026-09-29T15:56:49.781572-07:00,NHL,NHL,2026020017,2026-10-02T22:30:00Z,New York,Detroit,NHL_WEB,FUT
NHLWEB-2026020018-20260929T225649Z,2026-09-29T15:56:49.781572-07:00,NHL,NHL,2026020018,2026-10-02T23:00:00Z,Washington,Carolina,NHL_WEB,FUT
NHLWEB-2026020019-20260929T225649Z,2026-09-29T15:56:49.781572-07:00,NHL,NHL,2026020019,2026-10-03T00:00:00Z,Boston,Winnipeg,NHL_WEB,FUT
NHLWEB-2026020020-20260929T225649Z,2026-09-29T15:56:49.781572-07:00,NHL,NHL,2026020020,2026-10-03T01:00:00Z,St. Louis,Dallas,NHL_WEB,FUT
NHLWEB-2026020021-20260929T225649Z,2026-09-29T15:56:49.781572-07:00,NHL,NHL,2026020021,2026-10-03T02:00:00Z,Anaheim,Vegas,NHL_WEB,FUT
NHLWEB-2026020022-20260929T225649Z,2026-09-29T15:56:49.781572-07:00,NHL,NHL,2026020022,2026-10-03T23:00:00Z,Chicago,Buffalo,NHL_WEB,FUT
NHLWEB-2026020023-20260929T225649Z,2026-09-29T15:56:49.781572-07:00,NHL,NHL,2026020023,2026-10-03T23:00:00Z,Ottawa,Toronto,NHL_WEB,FUT
NHLWEB-2026020024-20260929T225649Z,2026-09-29T15:56:49.781572-07:00,NHL,NHL,2026020024,2026-10-03T23:00:00Z,Washington,Tampa Bay,NHL_WEB,FUT
NHLWEB-2026020025-20260929T225649Z,2026-09-29T15:56:49.781572-07:00,NHL,NHL,2026020025,2026-10-03T23:00:00Z,Carolina,Philadelphia,NHL_WEB,FUT
NHLWEB-2026020026-20260929T225649Z,2026-09-29T15:56:49.781572-07:00,NHL,NHL,2026020026,2026-10-03T23:00:00Z,Montréal,Pittsburgh,NHL_WEB,FUT
NHLWEB-2026020027-20260929T225649Z,2026-09-29T15:56:49.781572-07:00,NHL,NHL,2026020027,2026-10-03T23:00:00Z,Utah,Columbus,NHL_WEB,FUT
NHLWEB-2026020028-20260929T225649Z,2026-09-29T15:56:49.781572-07:00,NHL,NHL,2026020028,2026-10-03T23:00:00Z,Seattle,Edmonton,NHL_WEB,FUT
NHLWEB-2026020029-20260929T225649Z,2026-09-29T15:56:49.781572-07:00,NHL,NHL,2026020029,2026-10-03T23:30:00Z,New Jersey,New York,NHL_WEB,FUT
NHLWEB-2026020030-20260929T225649Z,2026-09-29T15:56:49.781572-07:00,NHL,NHL,2026020030,2026-10-04T00:00:00Z,Dallas,Nashville,NHL_WEB,FUT
NHLWEB-2026020031-20260929T225649Z,2026-09-29T15:56:49.781572-07:00,NHL,NHL,2026020031,2026-10-04T00:00:00Z,Boston,Minnesota,NHL_WEB,FUT
NHLWEB-2026020032-20260929T225649Z,2026-09-29T15:56:49.781572-07:00,NHL,NHL,2026020032,2026-10-04T01:00:00Z,St. Louis,Colorado,NHL_WEB,FUT
NHLWEB-2026020033-20260929T225649Z,2026-09-29T15:56:49.781572-07:00,NHL,NHL,2026020033,2026-10-04T02:00:00Z,Calgary,Vancouver,NHL_WEB,FUT
NHLWEB-2026020034-20260929T225649Z,2026-09-29T15:56:49.781572-07:00,NHL,NHL,2026020034,2026-10-04T02:00:00Z,Los Angeles,San Jose,NHL_WEB,FUT
NHLWEB-2026020035-20260929T225649Z,2026-09-29T15:56:49.781572-07:00,NHL,NHL,2026020035,2026-10-04T17:00:00Z,Winnipeg,Detroit,NHL_WEB,FUT
NHLWEB-2026020036-20260929T225649Z,2026-09-29T15:56:49.781572-07:00,NHL,NHL,2026020036,2026-10-04T22:00:00Z,Utah,New York,NHL_WEB,FUT
NHLWEB-2026020037-20260929T225649Z,2026-09-29T15:56:49.781572-07:00,NHL,NHL,2026020037,2026-10-05T00:00:00Z,Florida,Anaheim,NHL_WEB,FUT
NHLWEB-2026020038-20260929T225649Z,2026-09-29T15:56:49.781572-07:00,NHL,NHL,2026020038,2026-10-05T00:00:00Z,Calgary,Seattle,NHL_WEB,FUT
NHLWEB-2026020039-20260929T225649Z,2026-09-29T15:56:49.781572-07:00,NHL,NHL,2026020039,2026-10-05T01:00:00Z,Vegas,Vancouver,NHL_WEB,FUT
NHLWEB-2026020040-20260929T225649Z,2026-09-29T15:56:49.781572-07:00,NHL,NHL,2026020040,2026-10-05T23:00:00Z,Philadelphia,Tampa Bay,NHL_WEB,FUT
NHLWEB-2026020041-20260929T225649Z,2026-09-29T15:56:49.781572-07:00,NHL,NHL,2026020041,2026-10-05T23:30:00Z,Ottawa,Boston,NHL_WEB,FUT
NHLWEB-2026020042-20260929T225649Z,2026-09-29T15:56:49.781572-07:00,NHL,NHL,2026020042,2026-10-05T23:30:00Z,Winnipeg,Pittsburgh,NHL_WEB,FUT
NHLWEB-2026020043-20260929T225649Z,2026-09-29T15:56:49.781572-07:00,NHL,NHL,2026020043,2026-10-06T00:00:00Z,San Jose,Dallas,NHL_WEB,FUT
NHLWEB-2026020006-20260930T182928Z,2026-09-30T11:29:28.174911-07:00,NHL,NHL,2026020006,2026-09-30T23:30:00Z,Pittsburgh,Philadelphia,NHL_WEB,FUT
NHLWEB-2026020008-20260930T182928Z,2026-09-30T11:29:28.174911-07:00,NHL,NHL,2026020008,2026-09-30T23:30:00Z,New York,Toronto,NHL_WEB,FUT
NHLWEB-2026020007-20260930T182928Z,2026-09-30T11:29:28.174911-07:00,NHL,NHL,2026020007,2026-10-01T02:00:00Z,Los Angeles,Colorado,NHL_WEB,FUT
NHLWEB-2026020009-20260930T182928Z,2026-09-30T11:29:28.174911-07:00,NHL,NHL,2026020009,2026-10-01T23:00:00Z,Philadelphia,New Jersey,NHL_WEB,FUT
NHLWEB-2026020010-20260930T182928Z,2026-09-30T11:29:28.174911-07:00,NHL,NHL,2026020010,2026-10-01T23:00:00Z,Tampa Bay,New York,NHL_WEB,FUT
NHLWEB-2026020011-20260930T182928Z,2026-09-30T11:29:28.174911-07:00,NHL,NHL,2026020011,2026-10-01T23:00:00Z,Buffalo,Columbus,NHL_WEB,FUT
NHLWEB-2026020012-20260930T182928Z,2026-09-30T11:29:28.174911-07:00,NHL,NHL,2026020012,2026-10-02T00:00:00Z,Minnesota,Nashville,NHL_WEB,FUT
NHLWEB-2026020014-20260930T182928Z,2026-09-30T11:29:28.174911-07:00,NHL,NHL,2026020014,2026-10-02T01:00:00Z,Seattle,Calgary,NHL_WEB,FUT
NHLWEB-2026020013-20260930T182928Z,2026-09-30T11:29:28.174911-07:00,NHL,NHL,2026020013,2026-10-02T01:30:00Z,Chicago,Utah,NHL_WEB,FUT
NHLWEB-2026020015-20260930T182928Z,2026-09-30T11:29:28.174911-07:00,NHL,NHL,2026020015,2026-10-02T02:00:00Z,Edmonton,Vancouver,NHL_WEB,FUT
NHLWEB-2026020016-20260930T182928Z,2026-09-30T11:29:28.174911-07:00,NHL,NHL,2026020016,2026-10-02T02:00:00Z,Florida,San Jose,NHL_WEB,FUT
NHLWEB-2026020017-20260930T182928Z,2026-09-30T11:29:28.174911-07:00,NHL,NHL,2026020017,2026-10-02T22:30:00Z,New York,Detroit,NHL_WEB,FUT
NHLWEB-2026020018-20260930T182928Z,2026-09-30T11:29:28.174911-07:00,NHL,NHL,2026020018,2026-10-02T23:00:00Z,Washington,Carolina,NHL_WEB,FUT
NHLWEB-2026020019-20260930T182928Z,2026-09-30T11:29:28.174911-07:00,NHL,NHL,2026020019,2026-10-03T00:00:00Z,Boston,Winnipeg,NHL_WEB,FUT
NHLWEB-2026020020-20260930T182928Z,2026-09-30T11:29:28.174911-07:00,NHL,NHL,2026020020,2026-10-03T01:00:00Z,St. Louis,Dallas,NHL_WEB,FUT
NHLWEB-2026020021-20260930T182928Z,2026-09-30T11:29:28.174911-07:00,NHL,NHL,2026020021,2026-10-03T02:00:00Z,Anaheim,Vegas,NHL_WEB,FUT
NHLWEB-2026020022-20260930T182928Z,2026-09-30T11:29:28.174911-07:00,NHL,NHL,2026020022,2026-10-03T23:00:00Z,Chicago,Buffalo,NHL_WEB,FUT
NHLWEB-2026020023-20260930T182928Z,2026-09-30T11:29:28.174911-07:00,NHL,NHL,2026020023,2026-10-03T23:00:00Z,Ottawa,Toronto,NHL_WEB,FUT
NHLWEB-2026020024-20260930T182928Z,2026-09-30T11:29:28.174911-07:00,NHL,NHL,2026020024,2026-10-03T23:00:00Z,Washington,Tampa Bay,NHL_WEB,FUT
NHLWEB-2026020025-20260930T182928Z,2026-09-30T11:29:28.174911-07:00,NHL,NHL,2026020025,2026-10-03T23:00:00Z,Carolina,Philadelphia,NHL_WEB,FUT
NHLWEB-2026020026-20260930T182928Z,2026-09-30T11:29:28.174911-07:00,NHL,NHL,2026020026,2026-10-03T23:00:00Z,Montréal,Pittsburgh,NHL_WEB,FUT
NHLWEB-2026020027-20260930T182928Z,2026-09-30T11:29:28.174911-07:00,NHL,NHL,2026020027,2026-10-03T23:00:00Z,Utah,Columbus,NHL_WEB,FUT
NHLWEB-2026020028-20260930T182928Z,2026-09-30T11:29:28.174911-07:00,NHL,NHL,2026020028,2026-10-03T23:00:00Z,Seattle,Edmonton,NHL_WEB,FUT
NHLWEB-2026020029-20260930T182928Z,2026-09-30T11:29:28.174911-07:00,NHL,NHL,2026020029,2026-10-03T23:30:00Z,New Jersey,New York,NHL_WEB,FUT
NHLWEB-2026020030-20260930T182928Z,2026-09-30T11:29:28.174911-07:00,NHL,NHL,2026020030,2026-10-04T00:00:00Z,Dallas,Nashville,NHL_WEB,FUT
NHLWEB-2026020031-20260930T182928Z,2026-09-30T11:29:28.174911-07:00,NHL,NHL,2026020031,2026-10-04T00:00:00Z,Boston,Minnesota,NHL_WEB,FUT
NHLWEB-2026020032-20260930T182928Z,2026-09-30T11:29:28.174911-07:00,NHL,NHL,2026020032,2026-10-04T01:00:00Z,St. Louis,Colorado,NHL_WEB,FUT
NHLWEB-2026020033-20260930T182928Z,2026-09-30T11:29:28.174911-07:00,NHL,NHL,2026020033,2026-10-04T02:00:00Z,Calgary,Vancouver,NHL_WEB,FUT
NHLWEB-2026020034-20260930T182928Z,2026-09-30T11:29:28.174911-07:00,NHL,NHL,2026020034,2026-10-04T02:00:00Z,Los Angeles,San Jose,NHL_WEB,FUT
NHLWEB-2026020035-20260930T182928Z,2026-09-30T11:29:28.174911-07:00,NHL,NHL,2026020035,2026-10-04T17:00:00Z,Winnipeg,Detroit,NHL_WEB,FUT
NHLWEB-2026020036-20260930T182928Z,2026-09-30T11:29:28.174911-07:00,NHL,NHL,2026020036,2026-10-04T22:00:00Z,Utah,New York,NHL_WEB,FUT
NHLWEB-2026020037-20260930T182928Z,2026-09-30T11:29:28.174911-07:00,NHL,NHL,2026020037,2026-10-05T00:00:00Z,Florida,Anaheim,NHL_WEB,FUT
NHLWEB-2026020038-20260930T182928Z,2026-09-30T11:29:28.174911-07:00,NHL,NHL,2026020038,2026-10-05T00:00:00Z,Calgary,Seattle,NHL_WEB,FUT
NHLWEB-2026020039-20260930T182928Z,2026-09-30T11:29:28.174911-07:00,NHL,NHL,2026020039,2026-10-05T01:00:00Z,Vegas,Vancouver,NHL_WEB,FUT
NHLWEB-2026020040-20260930T182928Z,2026-09-30T11:29:28.174911-07:00,NHL,NHL,2026020040,2026-10-05T23:00:00Z,Philadelphia,Tampa Bay,NHL_WEB,FUT
NHLWEB-2026020041-20260930T182928Z,2026-09-30T11:29:28.174911-07:00,NHL,NHL,2026020041,2026-10-05T23:30:00Z,Ottawa,Boston,NHL_WEB,FUT
NHLWEB-2026020042-20260930T182928Z,2026-09-30T11:29:28.174911-07:00,NHL,NHL,2026020042,2026-10-05T23:30:00Z,Winnipeg,Pittsburgh,NHL_WEB,FUT
NHLWEB-2026020043-20260930T182928Z,2026-09-30T11:29:28.174911-07:00,NHL,NHL,2026020043,2026-10-06T00:00:00Z,San Jose,Dallas,NHL_WEB,FUT
NHLWEB-2026020044-20260930T182928Z,2026-09-30T11:29:28.174911-07:00,NHL,NHL,2026020044,2026-10-06T23:00:00Z,Nashville,Toronto,NHL_WEB,FUT
NHLWEB-2026020045-20260930T182928Z,2026-09-30T11:29:28.174911-07:00,NHL,NHL,2026020045,2026-10-06T23:00:00Z,Carolina,Montréal,NHL_WEB,FUT
NHLWEB-2026020046-20260930T182928Z,2026-09-30T11:29:28.174911-07:00,NHL,NHL,2026020046,2026-10-06T23:00:00Z,Ottawa,Detroit,NHL_WEB,FUT
NHLWEB-2026020047-20260930T182928Z,2026-09-30T11:29:28.174911-07:00,NHL,NHL,2026020047,2026-10-06T23:00:00Z,Utah,New Jersey,NHL_WEB,FUT
NHLWEB-2026020049-20260930T182928Z,2026-09-30T11:29:28.174911-07:00,NHL,NHL,2026020049,2026-10-06T23:00:00Z,Minnesota,Buffalo,NHL_WEB,FUT
NHLWEB-2026020048-20260930T182928Z,2026-09-30T11:29:28.174911-07:00,NHL,NHL,2026020048,2026-10-06T23:30:00Z,New York,New York,NHL_WEB,FUT
NHLWEB-2026020050-20260930T182928Z,2026-09-30T11:29:28.174911-07:00,NHL,NHL,2026020050,2026-10-07T00:00:00Z,St. Louis,Chicago,NHL_WEB,FUT
NHLWEB-2026020051-20260930T182928Z,2026-09-30T11:29:28.174911-07:00,NHL,NHL,2026020051,2026-10-07T01:40:00Z,Vegas,Seattle,NHL_WEB,FUT
NHLWEB-2026020052-20260930T182928Z,2026-09-30T11:29:28.174911-07:00,NHL,NHL,2026020052,2026-10-07T02:00:00Z,Florida,Los Angeles,NHL_WEB,FUT
NHLWEB-2026020006-20260930T205716Z,2026-09-30T13:57:16.051197-07:00,NHL,NHL,2026020006,2026-09-30T23:30:00Z,Pittsburgh,Philadelphia,NHL_WEB,FUT
NHLWEB-2026020008-20260930T205716Z,2026-09-30T13:57:16.051197-07:00,NHL,NHL,2026020008,2026-09-30T23:30:00Z,New York,Toronto,NHL_WEB,FUT
NHLWEB-2026020007-20260930T205716Z,2026-09-30T13:57:16.051197-07:00,NHL,NHL,2026020007,2026-10-01T02:00:00Z,Los Angeles,Colorado,NHL_WEB,FUT
NHLWEB-2026020009-20260930T205716Z,2026-09-30T13:57:16.051197-07:00,NHL,NHL,2026020009,2026-10-01T23:00:00Z,Philadelphia,New Jersey,NHL_WEB,FUT
NHLWEB-2026020010-20260930T205716Z,2026-09-30T13:57:16.051197-07:00,NHL,NHL,2026020010,2026-10-01T23:00:00Z,Tampa Bay,New York,NHL_WEB,FUT
NHLWEB-2026020011-20260930T205716Z,2026-09-30T13:57:16.051197-07:00,NHL,NHL,2026020011,2026-10-01T23:00:00Z,Buffalo,Columbus,NHL_WEB,FUT
NHLWEB-2026020012-20260930T205716Z,2026-09-30T13:57:16.051197-07:00,NHL,NHL,2026020012,2026-10-02T00:00:00Z,Minnesota,Nashville,NHL_WEB,FUT
NHLWEB-2026020014-20260930T205716Z,2026-09-30T13:57:16.051197-07:00,NHL,NHL,2026020014,2026-10-02T01:00:00Z,Seattle,Calgary,NHL_WEB,FUT
NHLWEB-2026020013-20260930T205716Z,2026-09-30T13:57:16.051197-07:00,NHL,NHL,2026020013,2026-10-02T01:30:00Z,Chicago,Utah,NHL_WEB,FUT
NHLWEB-2026020015-20260930T205716Z,2026-09-30T13:57:16.051197-07:00,NHL,NHL,2026020015,2026-10-02T02:00:00Z,Edmonton,Vancouver,NHL_WEB,FUT
NHLWEB-2026020016-20260930T205716Z,2026-09-30T13:57:16.051197-07:00,NHL,NHL,2026020016,2026-10-02T02:00:00Z,Florida,San Jose,NHL_WEB,FUT
NHLWEB-2026020017-20260930T205716Z,2026-09-30T13:57:16.051197-07:00,NHL,NHL,2026020017,2026-10-02T22:30:00Z,New York,Detroit,NHL_WEB,FUT
NHLWEB-2026020018-20260930T205716Z,2026-09-30T13:57:16.051197-07:00,NHL,NHL,2026020018,2026-10-02T23:00:00Z,Washington,Carolina,NHL_WEB,FUT
NHLWEB-2026020019-20260930T205716Z,2026-09-30T13:57:16.051197-07:00,NHL,NHL,2026020019,2026-10-03T00:00:00Z,Boston,Winnipeg,NHL_WEB,FUT
NHLWEB-2026020020-20260930T205716Z,2026-09-30T13:57:16.051197-07:00,NHL,NHL,2026020020,2026-10-03T01:00:00Z,St. Louis,Dallas,NHL_WEB,FUT
NHLWEB-2026020021-20260930T205716Z,2026-09-30T13:57:16.051197-07:00,NHL,NHL,2026020021,2026-10-03T02:00:00Z,Anaheim,Vegas,NHL_WEB,FUT
NHLWEB-2026020022-20260930T205716Z,2026-09-30T13:57:16.051197-07:00,NHL,NHL,2026020022,2026-10-03T23:00:00Z,Chicago,Buffalo,NHL_WEB,FUT
NHLWEB-2026020023-20260930T205716Z,2026-09-30T13:57:16.051197-07:00,NHL,NHL,2026020023,2026-10-03T23:00:00Z,Ottawa,Toronto,NHL_WEB,FUT
NHLWEB-2026020024-20260930T205716Z,2026-09-30T13:57:16.051197-07:00,NHL,NHL,2026020024,2026-10-03T23:00:00Z,Washington,Tampa Bay,NHL_WEB,FUT
NHLWEB-2026020025-20260930T205716Z,2026-09-30T13:57:16.051197-07:00,NHL,NHL,2026020025,2026-10-03T23:00:00Z,Carolina,Philadelphia,NHL_WEB,FUT
NHLWEB-2026020026-20260930T205716Z,2026-09-30T13:57:16.051197-07:00,NHL,NHL,2026020026,2026-10-03T23:00:00Z,Montréal,Pittsburgh,NHL_WEB,FUT
NHLWEB-2026020027-20260930T205716Z,2026-09-30T13:57:16.051197-07:00,NHL,NHL,2026020027,2026-10-03T23:00:00Z,Utah,Columbus,NHL_WEB,FUT
NHLWEB-2026020028-20260930T205716Z,2026-09-30T13:57:16.051197-07:00,NHL,NHL,2026020028,2026-10-03T23:00:00Z,Seattle,Edmonton,NHL_WEB,FUT
NHLWEB-2026020029-20260930T205716Z,2026-09-30T13:57:16.051197-07:00,NHL,NHL,2026020029,2026-10-03T23:30:00Z,New Jersey,New York,NHL_WEB,FUT
NHLWEB-2026020030-20260930T205716Z,2026-09-30T13:57:16.051197-07:00,NHL,NHL,2026020030,2026-10-04T00:00:00Z,Dallas,Nashville,NHL_WEB,FUT
NHLWEB-2026020031-20260930T205716Z,2026-09-30T13:57:16.051197-07:00,NHL,NHL,2026020031,2026-10-04T00:00:00Z,Boston,Minnesota,NHL_WEB,FUT
NHLWEB-2026020032-20260930T205716Z,2026-09-30T13:57:16.051197-07:00,NHL,NHL,2026020032,2026-10-04T01:00:00Z,St. Louis,Colorado,NHL_WEB,FUT
NHLWEB-2026020033-20260930T205716Z,2026-09-30T13:57:16.051197-07:00,NHL,NHL,2026020033,2026-10-04T02:00:00Z,Calgary,Vancouver,NHL_WEB,FUT
NHLWEB-2026020034-20260930T205716Z,2026-09-30T13:57:16.051197-07:00,NHL,NHL,2026020034,2026-10-04T02:00:00Z,Los Angeles,San Jose,NHL_WEB,FUT
NHLWEB-2026020035-20260930T205716Z,2026-09-30T13:57:16.051197-07:00,NHL,NHL,2026020035,2026-10-04T17:00:00Z,Winnipeg,Detroit,NHL_WEB,FUT
NHLWEB-2026020036-20260930T205716Z,2026-09-30T13:57:16.051197-07:00,NHL,NHL,2026020036,2026-10-04T22:00:00Z,Utah,New York,NHL_WEB,FUT
NHLWEB-2026020037-20260930T205716Z,2026-09-30T13:57:16.051197-07:00,NHL,NHL,2026020037,2026-10-05T00:00:00Z,Florida,Anaheim,NHL_WEB,FUT
NHLWEB-2026020038-20260930T205716Z,2026-09-30T13:57:16.051197-07:00,NHL,NHL,2026020038,2026-10-05T00:00:00Z,Calgary,Seattle,NHL_WEB,FUT
NHLWEB-2026020039-20260930T205716Z,2026-09-30T13:57:16.051197-07:00,NHL,NHL,2026020039,2026-10-05T01:00:00Z,Vegas,Vancouver,NHL_WEB,FUT
NHLWEB-2026020040-20260930T205716Z,2026-09-30T13:57:16.051197-07:00,NHL,NHL,2026020040,2026-10-05T23:00:00Z,Philadelphia,Tampa Bay,NHL_WEB,FUT
NHLWEB-2026020041-20260930T205716Z,2026-09-30T13:57:16.051197-07:00,NHL,NHL,2026020041,2026-10-05T23:30:00Z,Ottawa,Boston,NHL_WEB,FUT
NHLWEB-2026020042-20260930T205716Z,2026-09-30T13:57:16.051197-07:00,NHL,NHL,2026020042,2026-10-05T23:30:00Z,Winnipeg,Pittsburgh,NHL_WEB,FUT
NHLWEB-2026020043-20260930T205716Z,2026-09-30T13:57:16.051197-07:00,NHL,NHL,2026020043,2026-10-06T00:00:00Z,San Jose,Dallas,NHL_WEB,FUT
NHLWEB-2026020044-20260930T205716Z,2026-09-30T13:57:16.051197-07:00,NHL,NHL,2026020044,2026-10-06T23:00:00Z,Nashville,Toronto,NHL_WEB,FUT
NHLWEB-2026020045-20260930T205716Z,2026-09-30T13:57:16.051197-07:00,NHL,NHL,2026020045,2026-10-06T23:00:00Z,Carolina,Montréal,NHL_WEB,FUT
NHLWEB-2026020046-20260930T205716Z,2026-09-30T13:57:16.051197-07:00,NHL,NHL,2026020046,2026-10-06T23:00:00Z,Ottawa,Detroit,NHL_WEB,FUT
NHLWEB-2026020047-20260930T205716Z,2026-09-30T13:57:16.051197-07:00,NHL,NHL,2026020047,2026-10-06T23:00:00Z,Utah,New Jersey,NHL_WEB,FUT
NHLWEB-2026020049-20260930T205716Z,2026-09-30T13:57:16.051197-07:00,NHL,NHL,2026020049,2026-10-06T23:00:00Z,Minnesota,Buffalo,NHL_WEB,FUT
NHLWEB-2026020048-20260930T205716Z,2026-09-30T13:57:16.051197-07:00,NHL,NHL,2026020048,2026-10-06T23:30:00Z,New York,New York,NHL_WEB,FUT
NHLWEB-2026020050-20260930T205716Z,2026-09-30T13:57:16.051197-07:00,NHL,NHL,2026020050,2026-10-07T00:00:00Z,St. Louis,Chicago,NHL_WEB,FUT
NHLWEB-2026020051-20260930T205716Z,2026-09-30T13:57:16.051197-07:00,NHL,NHL,2026020051,2026-10-07T01:40:00Z,Vegas,Seattle,NHL_WEB,FUT
NHLWEB-2026020052-20260930T205716Z,2026-09-30T13:57:16.051197-07:00,NHL,NHL,2026020052,2026-10-07T02:00:00Z,Florida,Los Angeles,NHL_WEB,FUT
ESPN-NHL-401892445-20261004T195504Z,2026-10-04T12:55:04.156333-07:00,NHL,NHL,401892445,2026-10-05T23:00Z,Philadelphia Flyers,Tampa Bay Lightning,Benchmark International Arena,Tampa,FL,True,ESPN_PUBLIC,STATUS_SCHEDULED
ESPN-NHL-401892446-20261004T195504Z,2026-10-04T12:55:04.156333-07:00,NHL,NHL,401892446,2026-10-05T23:30Z,Ottawa Senators,Boston Bruins,TD Garden,Boston,MA,True,ESPN_PUBLIC,STATUS_SCHEDULED
ESPN-NHL-401892447-20261004T195504Z,2026-10-04T12:55:04.156333-07:00,NHL,NHL,401892447,2026-10-05T23:30Z,Winnipeg Jets,Pittsburgh Penguins,PPG Paints Arena,Pittsburgh,PA,True,ESPN_PUBLIC,STATUS_SCHEDULED
ESPN-NHL-401892448-20261004T195504Z,2026-10-04T12:55:04.156333-07:00,NHL,NHL,401892448,2026-10-06T00:00Z,San Jose Sharks,Dallas Stars,American Airlines Center,Dallas,TX,True,ESPN_PUBLIC,STATUS_SCHEDULED
ESPN-NHL-401891820-20261004T195504Z,2026-10-04T12:55:04.156333-07:00,NHL,NHL,401891820,2026-10-08T23:00Z,Philadelphia Flyers,Ottawa Senators,Canadian Tire Centre,Ottawa,ON,True,ESPN_PUBLIC,STATUS_SCHEDULED
ESPN-NHL-401892457-20261004T195504Z,2026-10-04T12:55:04.156333-07:00,NHL,NHL,401892457,2026-10-08T23:00Z,Utah Mammoth,Boston Bruins,TD Garden,Boston,MA,True,ESPN_PUBLIC,STATUS_SCHEDULED
ESPN-NHL-401892458-20261004T195504Z,2026-10-04T12:55:04.156333-07:00,NHL,NHL,401892458,2026-10-08T23:00Z,Dallas Stars,Buffalo Sabres,KeyBank Center,Buffalo,NY,True,ESPN_PUBLIC,STATUS_SCHEDULED
ESPN-NHL-401892459-20261004T195504Z,2026-10-04T12:55:04.156333-07:00,NHL,NHL,401892459,2026-10-08T23:00Z,Nashville Predators,Montreal Canadiens,Bell Centre,Montreal,QC,True,ESPN_PUBLIC,STATUS_SCHEDULED
ESPN-NHL-401892460-20261004T195504Z,2026-10-04T12:55:04.156333-07:00,NHL,NHL,401892460,2026-10-08T23:00Z,Minnesota Wild,Tampa Bay Lightning,Benchmark International Arena,Tampa,FL,True,ESPN_PUBLIC,STATUS_SCHEDULED
ESPN-NHL-401892461-20261004T195504Z,2026-10-04T12:55:04.156333-07:00,NHL,NHL,401892461,2026-10-08T23:00Z,Vancouver Canucks,Carolina Hurricanes,Lenovo Center,Raleigh,NC,True,ESPN_PUBLIC,STATUS_SCHEDULED
ESPN-NHL-401892462-20261004T195504Z,2026-10-04T12:55:04.156333-07:00,NHL,NHL,401892462,2026-10-08T23:30Z,Chicago Blackhawks,New York Islanders,UBS Arena,Elmont,NY,True,ESPN_PUBLIC,STATUS_SCHEDULED
ESPN-NHL-401891825-20261004T195504Z,2026-10-04T12:55:04.156333-07:00,NHL,NHL,401891825,2026-10-09T00:00Z,San Jose Sharks,St. Louis Blues,Enterprise Center,St. Louis,MO,True,ESPN_PUBLIC,STATUS_SCHEDULED
ESPN-NHL-401892463-20261004T195504Z,2026-10-04T12:55:04.156333-07:00,NHL,NHL,401892463,2026-10-09T01:00Z,Colorado Avalanche,Calgary Flames,Scotiabank Saddledome,Calgary,AB,True,ESPN_PUBLIC,STATUS_SCHEDULED
ESPN-NHL-401892464-20261004T195504Z,2026-10-04T12:55:04.156333-07:00,NHL,NHL,401892464,2026-10-09T02:00Z,Toronto Maple Leafs,Vegas Golden Knights,T-Mobile Arena,Las Vegas,NV,True,ESPN_PUBLIC,STATUS_SCHEDULED
ESPN-NHL-401891815-20261004T195504Z,2026-10-04T12:55:04.156333-07:00,NHL,NHL,401891815,2026-10-06T23:00Z,Carolina Hurricanes,Montreal Canadiens,Bell Centre,Montreal,QC,True,ESPN_PUBLIC,STATUS_SCHEDULED
ESPN-NHL-401892449-20261004T195504Z,2026-10-04T12:55:04.156333-07:00,NHL,NHL,401892449,2026-10-06T23:00Z,Nashville Predators,Toronto Maple Leafs,Scotiabank Arena,Toronto,ON,True,ESPN_PUBLIC,STATUS_SCHEDULED
ESPN-NHL-401892450-20261004T195504Z,2026-10-04T12:55:04.156333-07:00,NHL,NHL,401892450,2026-10-06T23:00Z,Ottawa Senators,Detroit Red Wings,Little Caesars Arena,Detroit,MI,True,ESPN_PUBLIC,STATUS_SCHEDULED
ESPN-NHL-401892451-20261004T195504Z,2026-10-04T12:55:04.156333-07:00,NHL,NHL,401892451,2026-10-06T23:00Z,Utah Mammoth,New Jersey Devils,Prudential Center,Newark,NJ,True,ESPN_PUBLIC,STATUS_SCHEDULED
ESPN-NHL-401892453-20261004T195504Z,2026-10-04T12:55:04.156333-07:00,NHL,NHL,401892453,2026-10-06T23:00Z,Minnesota Wild,Buffalo Sabres,KeyBank Center,Buffalo,NY,True,ESPN_PUBLIC,STATUS_SCHEDULED
ESPN-NHL-401892452-20261004T195504Z,2026-10-04T12:55:04.156333-07:00,NHL,NHL,401892452,2026-10-06T23:30Z,New York Islanders,New York Rangers,Madison Square Garden,New York,NY,True,ESPN_PUBLIC,STATUS_SCHEDULED
ESPN-NHL-401891779-20261004T195504Z,2026-10-04T12:55:04.156333-07:00,NHL,NHL,401891779,2026-10-07T00:00Z,St. Louis Blues,Chicago Blackhawks,United Center,Chicago,IL,True,ESPN_PUBLIC,STATUS_SCHEDULED
ESPN-NHL-401892454-20261004T195504Z,2026-10-04T12:55:04.156333-07:00,NHL,NHL,401892454,2026-10-07T01:00Z,Vegas Golden Knights,Seattle Kraken,Climate Pledge Arena,Seattle,WA,True,ESPN_PUBLIC,STATUS_SCHEDULED
ESPN-NHL-401891806-20261004T195504Z,2026-10-04T12:55:04.156333-07:00,NHL,NHL,401891806,2026-10-07T02:00Z,Florida Panthers,Los Angeles Kings,crypto.com Arena,Los Angeles,CA,True,ESPN_PUBLIC,STATUS_SCHEDULED
ESPN-NHL-401892442-20261004T195504Z,2026-10-04T12:55:04.156333-07:00,NHL,NHL,401892442,2026-10-04T17:00Z,Winnipeg Jets,Detroit Red Wings,Little Caesars Arena,Detroit,MI,True,ESPN_PUBLIC,STATUS_FINAL
ESPN-NHL-401892443-20261004T195504Z,2026-10-04T12:55:04.156333-07:00,NHL,NHL,401892443,2026-10-04T22:00Z,Utah Mammoth,New York Rangers,Madison Square Garden,New York,NY,True,ESPN_PUBLIC,STATUS_SCHEDULED
ESPN-NHL-401891778-20261004T195504Z,2026-10-04T12:55:04.156333-07:00,NHL,NHL,401891778,2026-10-05T00:00Z,Florida Panthers,Anaheim Ducks,Honda Center,Anaheim,CA,True,ESPN_PUBLIC,STATUS_SCHEDULED
ESPN-NHL-401891824-20261004T195504Z,2026-10-04T12:55:04.156333-07:00,NHL,NHL,401891824,2026-10-05T00:00Z,Calgary Flames,Seattle Kraken,Climate Pledge Arena,Seattle,WA,True,ESPN_PUBLIC,STATUS_SCHEDULED
ESPN-NHL-401892444-20261004T195504Z,2026-10-04T12:55:04.156333-07:00,NHL,NHL,401892444,2026-10-05T01:00Z,Vegas Golden Knights,Vancouver Canucks,Rogers Arena,Vancouver,BC,True,ESPN_PUBLIC,STATUS_SCHEDULED
ESPN-NHL-401892469-20261004T195504Z,2026-10-04T12:55:04.156333-07:00,NHL,NHL,401892469,2026-10-10T17:00Z,Philadelphia Flyers,Boston Bruins,TD Garden,Boston,MA,True,ESPN_PUBLIC,STATUS_SCHEDULED
ESPN-NHL-401892470-20261004T195504Z,2026-10-04T12:55:04.156333-07:00,NHL,NHL,401892470,2026-10-10T19:30Z,Vancouver Canucks,New Jersey Devils,Prudential Center,Newark,NJ,True,ESPN_PUBLIC,STATUS_SCHEDULED
ESPN-NHL-401892471-20261004T195504Z,2026-10-04T12:55:04.156333-07:00,NHL,NHL,401892471,2026-10-10T20:00Z,Edmonton Oilers,San Jose Sharks,SAP Center at San Jose,San Jose,CA,True,ESPN_PUBLIC,STATUS_SCHEDULED
ESPN-NHL-401891805-20261004T195504Z,2026-10-04T12:55:04.156333-07:00,NHL,NHL,401891805,2026-10-10T22:00Z,Minnesota Wild,Florida Panthers,Amerant Bank Arena,Sunrise,FL,True,ESPN_PUBLIC,STATUS_SCHEDULED
ESPN-NHL-401892472-20261004T195504Z,2026-10-04T12:55:04.156333-07:00,NHL,NHL,401892472,2026-10-10T23:00Z,Utah Mammoth,Buffalo Sabres,KeyBank Center,Buffalo,NY,True,ESPN_PUBLIC,STATUS_SCHEDULED
ESPN-NHL-401892473-20261004T195504Z,2026-10-04T12:55:04.156333-07:00,NHL,NHL,401892473,2026-10-10T23:00Z,Detroit Red Wings,Montreal Canadiens,Bell Centre,Montreal,QC,True,ESPN_PUBLIC,STATUS_SCHEDULED
ESPN-NHL-401892474-20261004T195504Z,2026-10-04T12:55:04.156333-07:00,NHL,NHL,401892474,2026-10-10T23:00Z,Nashville Predators,Ottawa Senators,Canadian Tire Centre,Ottawa,ON,True,ESPN_PUBLIC,STATUS_SCHEDULED
ESPN-NHL-401892475-20261004T195504Z,2026-10-04T12:55:04.156333-07:00,NHL,NHL,401892475,2026-10-10T23:00Z,Dallas Stars,Pittsburgh Penguins,PPG Paints Arena,Pittsburgh,PA,True,ESPN_PUBLIC,STATUS_SCHEDULED
ESPN-NHL-401892476-20261004T195504Z,2026-10-04T12:55:04.156333-07:00,NHL,NHL,401892476,2026-10-10T23:00Z,Carolina Hurricanes,Chicago Blackhawks,United Center,Chicago,IL,True,ESPN_PUBLIC,STATUS_SCHEDULED
ESPN-NHL-401892477-20261004T195504Z,2026-10-04T12:55:04.156333-07:00,NHL,NHL,401892477,2026-10-10T23:00Z,Columbus Blue Jackets,St. Louis Blues,Enterprise Center,St. Louis,MO,True,ESPN_PUBLIC,STATUS_SCHEDULED
ESPN-NHL-401892478-20261004T195504Z,2026-10-04T12:55:04.156333-07:00,NHL,NHL,401892478,2026-10-10T23:00Z,Toronto Maple Leafs,Colorado Avalanche,Ball Arena,Denver,CO,True,ESPN_PUBLIC,STATUS_SCHEDULED
ESPN-NHL-401892479-20261004T195504Z,2026-10-04T12:55:04.156333-07:00,NHL,NHL,401892479,2026-10-10T23:30Z,Tampa Bay Lightning,New York Islanders,UBS Arena,Elmont,NY,True,ESPN_PUBLIC,STATUS_SCHEDULED
ESPN-NHL-401892480-20261004T195504Z,2026-10-04T12:55:04.156333-07:00,NHL,NHL,401892480,2026-10-11T02:00Z,Anaheim Ducks,Calgary Flames,Scotiabank Saddledome,Calgary,AB,True,ESPN_PUBLIC,STATUS_SCHEDULED
ESPN-NHL-401892481-20261004T195504Z,2026-10-04T12:55:04.156333-07:00,NHL,NHL,401892481,2026-10-11T02:00Z,Los Angeles Kings,Vegas Golden Knights,T-Mobile Arena,Las Vegas,NV,True,ESPN_PUBLIC,STATUS_SCHEDULED
ESPN-NHL-401892482-20261004T195504Z,2026-10-04T12:55:04.156333-07:00,NHL,NHL,401892482,2026-10-11T21:00Z,Seattle Kraken,Washington Capitals,Capital One Arena,Washington,DC,True,ESPN_PUBLIC,STATUS_SCHEDULED
ESPN-NHL-401892483-20261004T195504Z,2026-10-04T12:55:04.156333-07:00,NHL,NHL,401892483,2026-10-11T22:00Z,Vancouver Canucks,New York Rangers,Madison Square Garden,New York,NY,True,ESPN_PUBLIC,STATUS_SCHEDULED
ESPN-NHL-401892484-20261004T195504Z,2026-10-04T12:55:04.156333-07:00,NHL,NHL,401892484,2026-10-11T23:00Z,Carolina Hurricanes,Philadelphia Flyers,Xfinity Mobile Arena,Philadelphia,PA,True,ESPN_PUBLIC,STATUS_SCHEDULED
ESPN-NHL-401892465-20261004T195504Z,2026-10-04T12:55:04.156333-07:00,NHL,NHL,401892465,2026-10-09T23:00Z,Seattle Kraken,Detroit Red Wings,Little Caesars Arena,Detroit,MI,True,ESPN_PUBLIC,STATUS_SCHEDULED
ESPN-NHL-401892466-20261004T195504Z,2026-10-04T12:55:04.156333-07:00,NHL,NHL,401892466,2026-10-09T23:00Z,New York Rangers,Washington Capitals,Capital One Arena,Washington,DC,True,ESPN_PUBLIC,STATUS_SCHEDULED
ESPN-NHL-401892467-20261004T195504Z,2026-10-04T12:55:04.156333-07:00,NHL,NHL,401892467,2026-10-09T23:00Z,Pittsburgh Penguins,Columbus Blue Jackets,Nationwide Arena,Columbus,OH,True,ESPN_PUBLIC,STATUS_SCHEDULED
ESPN-NHL-401892468-20261004T195504Z,2026-10-04T12:55:04.156333-07:00,NHL,NHL,401892468,2026-10-10T00:00Z,Anaheim Ducks,Winnipeg Jets,Canada Life Centre,Winnipeg,MB,True,ESPN_PUBLIC,STATUS_SCHEDULED
ESPN-NHL-401891830-20261004T195504Z,2026-10-04T12:55:04.156333-07:00,NHL,NHL,401891830,2026-10-07T23:30Z,Pittsburgh Penguins,Washington Capitals,Capital One Arena,Washington,DC,True,ESPN_PUBLIC,STATUS_SCHEDULED
ESPN-NHL-401892455-20261004T195504Z,2026-10-04T12:55:04.156333-07:00,NHL,NHL,401892455,2026-10-07T23:30Z,Colorado Avalanche,Winnipeg Jets,Canada Life Centre,Winnipeg,MB,True,ESPN_PUBLIC,STATUS_SCHEDULED
ESPN-NHL-401892456-20261004T195504Z,2026-10-04T12:55:04.156333-07:00,NHL,NHL,401892456,2026-10-08T02:00Z,Edmonton Oilers,Anaheim Ducks,Honda Center,Anaheim,CA,True,ESPN_PUBLIC,STATUS_SCHEDULED
ESPN-NFL-401872971-20261004T195504Z,2026-10-04T12:55:04.156333-07:00,NFL,NFL,401872971,2026-10-04T17:00Z,New England Patriots,Buffalo Bills,Highmark Stadium,Orchard Park,NY,False,ESPN_PUBLIC,STATUS_IN_PROGRESS
ESPN-NFL-401872972-20261004T195504Z,2026-10-04T12:55:04.156333-07:00,NFL,NFL,401872972,2026-10-04T17:00Z,New York Jets,Chicago Bears,Soldier Field,Chicago,IL,False,ESPN_PUBLIC,STATUS_IN_PROGRESS
ESPN-NFL-401872969-20261004T195504Z,2026-10-04T12:55:04.156333-07:00,NFL,NFL,401872969,2026-10-04T17:00Z,Jacksonville Jaguars,Cincinnati Bengals,Paycor Stadium,Cincinnati,OH,False,ESPN_PUBLIC,STATUS_IN_PROGRESS
ESPN-NFL-401872966-20261004T195504Z,2026-10-04T12:55:04.156333-07:00,NFL,NFL,401872966,2026-10-04T17:00Z,Arizona Cardinals,New York Giants,MetLife Stadium,East Rutherford,NJ,False,ESPN_PUBLIC,STATUS_IN_PROGRESS
ESPN-NFL-401872970-20261004T195504Z,2026-10-04T12:55:04.156333-07:00,NFL,NFL,401872970,2026-10-04T17:00Z,Los Angeles Rams,Philadelphia Eagles,Lincoln Financial Field,Philadelphia,PA,False,ESPN_PUBLIC,STATUS_IN_PROGRESS
ESPN-NFL-401872968-20261004T195504Z,2026-10-04T12:55:04.156333-07:00,NFL,NFL,401872968,2026-10-04T17:00Z,Green Bay Packers,Tampa Bay Buccaneers,Raymond James Stadium,Tampa,FL,False,ESPN_PUBLIC,STATUS_IN_PROGRESS
ESPN-NFL-401872973-20261004T195504Z,2026-10-04T12:55:04.156333-07:00,NFL,NFL,401872973,2026-10-04T17:00Z,Tennessee Titans,Baltimore Ravens,M&T Bank Stadium,Baltimore,MD,False,ESPN_PUBLIC,STATUS_IN_PROGRESS
ESPN-NFL-401872967-20261004T195504Z,2026-10-04T12:55:04.156333-07:00,NFL,NFL,401872967,2026-10-04T17:00Z,Dallas Cowboys,Houston Texans,Reliant Stadium,Houston,TX,True,ESPN_PUBLIC,STATUS_IN_PROGRESS
ESPN-NFL-401872965-20261004T195504Z,2026-10-04T12:55:04.156333-07:00,NFL,NFL,401872965,2026-10-04T13:30Z,Indianapolis Colts,Washington Commanders,Tottenham Hotspur Stadium,London,,False,ESPN_PUBLIC,STATUS_FINAL
ESPN-NFL-401872974-20261004T195504Z,2026-10-04T12:55:04.156333-07:00,NFL,NFL,401872974,2026-10-04T20:05Z,Miami Dolphins,Minnesota Vikings,U.S. Bank Stadium,Minneapolis,MN,True,ESPN_PUBLIC,STATUS_SCHEDULED
ESPN-NFL-401872976-20261004T195504Z,2026-10-04T12:55:04.156333-07:00,NFL,NFL,401872976,2026-10-04T20:25Z,Kansas City Chiefs,Las Vegas Raiders,Allegiant Stadium,Las Vegas,NV,True,ESPN_PUBLIC,STATUS_SCHEDULED
ESPN-NFL-401872975-20261004T195504Z,2026-10-04T12:55:04.156333-07:00,NFL,NFL,401872975,2026-10-04T20:25Z,Denver Broncos,San Francisco 49ers,Levi's Stadium,Santa Clara,CA,False,ESPN_PUBLIC,STATUS_SCHEDULED
ESPN-NFL-401872977-20261004T195504Z,2026-10-04T12:55:04.156333-07:00,NFL,NFL,401872977,2026-10-04T20:25Z,Los Angeles Chargers,Seattle Seahawks,Lumen Field,Seattle,WA,False,ESPN_PUBLIC,STATUS_SCHEDULED
ESPN-NFL-401872978-20261004T195504Z,2026-10-04T12:55:04.156333-07:00,NFL,NFL,401872978,2026-10-05T00:20Z,Detroit Lions,Carolina Panthers,Bank of America Stadium,Charlotte,NC,False,ESPN_PUBLIC,STATUS_SCHEDULED
ESPN-NFL-401872981-20261004T195504Z,2026-10-04T12:55:04.156333-07:00,NFL,NFL,401872981,2026-10-11T13:30Z,Philadelphia Eagles,Jacksonville Jaguars,Tottenham Hotspur Stadium,London,,False,ESPN_PUBLIC,STATUS_SCHEDULED
ESPN-NFL-401872990-20261004T195504Z,2026-10-04T12:55:04.156333-07:00,NFL,NFL,401872990,2026-10-11T17:00Z,Chicago Bears,Green Bay Packers,Lambeau Field,Green Bay,WI,False,ESPN_PUBLIC,STATUS_SCHEDULED
ESPN-NFL-401872984-20261004T195504Z,2026-10-04T12:55:04.156333-07:00,NFL,NFL,401872984,2026-10-11T17:00Z,Houston Texans,Tennessee Titans,Nissan Stadium,Nashville,TN,False,ESPN_PUBLIC,STATUS_SCHEDULED
ESPN-NFL-401872982-20261004T195504Z,2026-10-04T12:55:04.156333-07:00,NFL,NFL,401872982,2026-10-11T17:00Z,Cincinnati Bengals,Miami Dolphins,Hard Rock Stadium,Miami Gardens,FL,False,ESPN_PUBLIC,STATUS_SCHEDULED
ESPN-NFL-401872986-20261004T195504Z,2026-10-04T12:55:04.156333-07:00,NFL,NFL,401872986,2026-10-11T17:00Z,Las Vegas Raiders,New England Patriots,Gillette Stadium,Foxborough,MA,False,ESPN_PUBLIC,STATUS_SCHEDULED
ESPN-NFL-401872987-20261004T195504Z,2026-10-04T12:55:04.156333-07:00,NFL,NFL,401872987,2026-10-11T17:00Z,Minnesota Vikings,New Orleans Saints,Caesars Superdome,New Orleans,LA,True,ESPN_PUBLIC,STATUS_SCHEDULED
ESPN-NFL-401872983-20261004T195504Z,2026-10-04T12:55:04.156333-07:00,NFL,NFL,401872983,2026-10-11T17:00Z,Cleveland Browns,New York Jets,MetLife Stadium,East Rutherford,NJ,False,ESPN_PUBLIC,STATUS_SCHEDULED
ESPN-NFL-401872985-20261004T195504Z,2026-10-04T12:55:04.156333-07:00,NFL,NFL,401872985,2026-10-11T17:00Z,Indianapolis Colts,Pittsburgh Steelers,Acrisure Stadium,Pittsburgh,PA,False,ESPN_PUBLIC,STATUS_SCHEDULED
ESPN-NFL-401872988-20261004T195504Z,2026-10-04T12:55:04.156333-07:00,NFL,NFL,401872988,2026-10-11T17:00Z,New York Giants,Washington Commanders,Northwest Stadium,Landover,MD,False,ESPN_PUBLIC,STATUS_SCHEDULED
ESPN-NFL-401872989-20261004T195504Z,2026-10-04T12:55:04.156333-07:00,NFL,NFL,401872989,2026-10-11T20:05Z,Denver Broncos,Los Angeles Chargers,SoFi Stadium,Inglewood,CA,False,ESPN_PUBLIC,STATUS_SCHEDULED
ESPN-NFL-401872991-20261004T195504Z,2026-10-04T12:55:04.156333-07:00,NFL,NFL,401872991,2026-10-11T20:25Z,Detroit Lions,Arizona Cardinals,State Farm Stadium,Glendale,AZ,True,ESPN_PUBLIC,STATUS_SCHEDULED
ESPN-NFL-401872992-20261004T195504Z,2026-10-04T12:55:04.156333-07:00,NFL,NFL,401872992,2026-10-11T20:25Z,San Francisco 49ers,Seattle Seahawks,Lumen Field,Seattle,WA,False,ESPN_PUBLIC,STATUS_SCHEDULED
ESPN-NFL-401872993-20261004T195504Z,2026-10-04T12:55:04.156333-07:00,NFL,NFL,401872993,2026-10-12T00:20Z,Baltimore Ravens,Atlanta Falcons,Mercedes-Benz Stadium,Atlanta,GA,True,ESPN_PUBLIC,STATUS_SCHEDULED
ESPN-NFL-401872979-20261004T195504Z,2026-10-04T12:55:04.156333-07:00,NFL,NFL,401872979,2026-10-06T00:15Z,Atlanta Falcons,New Orleans Saints,Caesars Superdome,New Orleans,LA,True,ESPN_PUBLIC,STATUS_SCHEDULED
ESPN-NFL-401872980-20261004T195504Z,2026-10-04T12:55:04.156333-07:00,NFL,NFL,401872980,2026-10-09T00:15Z,Tampa Bay Buccaneers,Dallas Cowboys,AT&T Stadium,Arlington,TX,True,ESPN_PUBLIC,STATUS_SCHEDULED
ESPN-MLB-401907991-20261004T195504Z,2026-10-04T12:55:04.156333-07:00,MLB,MLB,401907991,2026-10-05T21:00Z,Chicago White Sox,Cleveland Guardians,Progressive Field,Cleveland,Ohio,False,ESPN_PUBLIC,STATUS_SCHEDULED
ESPN-MLB-401907986-20261004T195504Z,2026-10-04T12:55:04.156333-07:00,MLB,MLB,401907986,2026-10-06T00:00Z,New York Yankees,Tampa Bay Rays,Tropicana Field,St. Petersburg,Florida,True,ESPN_PUBLIC,STATUS_SCHEDULED
ESPN-MLB-401908030-20261004T195504Z,2026-10-04T12:55:04.156333-07:00,MLB,MLB,401908030,2026-10-11T04:00Z,TBD,TBD,,,,,ESPN_PUBLIC,STATUS_SCHEDULED
ESPN-MLB-401907993-20261004T195504Z,2026-10-04T12:55:04.156333-07:00,MLB,MLB,401907993,2026-10-08T21:00Z,Cleveland Guardians,Chicago White Sox,Rate Field,Chicago,Illinois,False,ESPN_PUBLIC,STATUS_SCHEDULED
ESPN-MLB-401907988-20261004T195504Z,2026-10-04T12:55:04.156333-07:00,MLB,MLB,401907988,2026-10-09T00:00Z,Tampa Bay Rays,New York Yankees,Yankee Stadium,Bronx,New York,False,ESPN_PUBLIC,STATUS_SCHEDULED
ESPN-MLB-401908003-20261004T195504Z,2026-10-04T12:55:04.156333-07:00,MLB,MLB,401908003,2026-10-04T20:00Z,San Diego Padres,Milwaukee Brewers,American Family Field,Milwaukee,Wisconsin,True,ESPN_PUBLIC,STATUS_SCHEDULED
ESPN-MLB-401908014-20261004T195504Z,2026-10-04T12:55:04.156333-07:00,MLB,MLB,401908014,2026-10-05T00:00Z,Atlanta Braves,Los Angeles Dodgers,Dodger Stadium,Los Angeles,California,False,ESPN_PUBLIC,STATUS_SCHEDULED
ESPN-MLB-401908006-20261004T195504Z,2026-10-04T12:55:04.156333-07:00,MLB,MLB,401908006,2026-10-09T20:30Z,San Diego Padres,Milwaukee Brewers,American Family Field,Milwaukee,Wisconsin,True,ESPN_PUBLIC,STATUS_SCHEDULED
ESPN-MLB-401908017-20261004T195504Z,2026-10-04T12:55:04.156333-07:00,MLB,MLB,401908017,2026-10-10T00:00Z,Atlanta Braves,Los Angeles Dodgers,Dodger Stadium,Los Angeles,California,False,ESPN_PUBLIC,STATUS_SCHEDULED
ESPN-MLB-401907992-20261004T195504Z,2026-10-04T12:55:04.156333-07:00,MLB,MLB,401907992,2026-10-07T20:00Z,Cleveland Guardians,Chicago White Sox,Rate Field,Chicago,Illinois,False,ESPN_PUBLIC,STATUS_SCHEDULED
ESPN-MLB-401908016-20261004T195504Z,2026-10-04T12:55:04.156333-07:00,MLB,MLB,401908016,2026-10-07T22:00Z,Los Angeles Dodgers,Atlanta Braves,Truist Park,Atlanta,Georgia,False,ESPN_PUBLIC,STATUS_SCHEDULED
ESPN-MLB-401907987-20261004T195504Z,2026-10-04T12:55:04.156333-07:00,MLB,MLB,401907987,2026-10-08T00:00Z,Tampa Bay Rays,New York Yankees,Yankee Stadium,Bronx,New York,False,ESPN_PUBLIC,STATUS_SCHEDULED
ESPN-MLB-401908005-20261004T195504Z,2026-10-04T12:55:04.156333-07:00,MLB,MLB,401908005,2026-10-08T02:00Z,Milwaukee Brewers,San Diego Padres,Petco Park,San Diego,California,False,ESPN_PUBLIC,STATUS_SCHEDULED
ESPN-MLB-401908015-20261004T195504Z,2026-10-04T12:55:04.156333-07:00,MLB,MLB,401908015,2026-10-06T22:00Z,Los Angeles Dodgers,Atlanta Braves,Truist Park,Atlanta,Georgia,False,ESPN_PUBLIC,STATUS_SCHEDULED
ESPN-MLB-401908004-20261004T195504Z,2026-10-04T12:55:04.156333-07:00,MLB,MLB,401908004,2026-10-07T01:30Z,Milwaukee Brewers,San Diego Padres,Petco Park,San Diego,California,False,ESPN_PUBLIC,STATUS_SCHEDULED
ESPN-MLB-401907994-20261004T195504Z,2026-10-04T12:55:04.156333-07:00,MLB,MLB,401907994,2026-10-10T21:00Z,Chicago White Sox,Cleveland Guardians,Progressive Field,Cleveland,Ohio,False,ESPN_PUBLIC,STATUS_SCHEDULED
ESPN-MLB-401907989-20261004T195504Z,2026-10-04T12:55:04.156333-07:00,MLB,MLB,401907989,2026-10-11T00:00Z,New York Yankees,Tampa Bay Rays,Tropicana Field,St. Petersburg,Florida,True,ESPN_PUBLIC,STATUS_SCHEDULED
ESPN-NBA-401898395-20261004T195504Z,2026-10-04T12:55:04.156333-07:00,NBA,NBA,401898395,2026-10-09T12:00Z,Houston Rockets,Dallas Mavericks,Venetian Arena,,,True,ESPN_PUBLIC,STATUS_SCHEDULED
ESPN-NBA-401908940-20261004T195504Z,2026-10-04T12:55:04.156333-07:00,NBA,NBA,401908940,2026-10-10T00:00Z,Memphis Grizzlies,Chicago Bulls,United Center,Chicago,IL,True,ESPN_PUBLIC,STATUS_SCHEDULED
ESPN-NBA-401914123-20261004T195504Z,2026-10-04T12:55:04.156333-07:00,NBA,NBA,401914123,2026-10-07T23:00Z,Minnesota Timberwolves,Indiana Pacers,Hilton Coliseum,Ames,IA,True,ESPN_PUBLIC,STATUS_SCHEDULED
ESPN-NBA-401898391-20261004T195504Z,2026-10-04T12:55:04.156333-07:00,NBA,NBA,401898391,2026-10-08T00:00Z,Orlando Magic,Memphis Grizzlies,FedExForum,Memphis,TN,True,ESPN_PUBLIC,STATUS_SCHEDULED
ESPN-NBA-401908620-20261004T195504Z,2026-10-04T12:55:04.156333-07:00,NBA,NBA,401908620,2026-10-08T00:00Z,Milwaukee Bucks,Oklahoma City Thunder,Paycom Center,Oklahoma City,OK,True,ESPN_PUBLIC,STATUS_SCHEDULED
ESPN-NBA-401908939-20261004T195504Z,2026-10-04T12:55:04.156333-07:00,NBA,NBA,401908939,2026-10-08T00:00Z,Phoenix Suns,Chicago Bulls,United Center,Chicago,IL,True,ESPN_PUBLIC,STATUS_SCHEDULED
ESPN-NBA-401914129-20261004T195504Z,2026-10-04T12:55:04.156333-07:00,NBA,NBA,401914129,2026-10-08T02:00Z,Golden State Warriors,Portland Trail Blazers,Moda Center,Portland,OR,True,ESPN_PUBLIC,STATUS_SCHEDULED
ESPN-NBA-401898400-20261004T195504Z,2026-10-04T12:55:04.156333-07:00,NBA,NBA,401898400,2026-10-11T10:00Z,Dallas Mavericks,Houston Rockets,Venetian Arena,,,True,ESPN_PUBLIC,STATUS_SCHEDULED
ESPN-NBA-401898401-20261004T195504Z,2026-10-04T12:55:04.156333-07:00,NBA,NBA,401898401,2026-10-11T22:30Z,Orlando Magic,Cleveland Cavaliers,Rocket Arena,Cleveland,OH,True,ESPN_PUBLIC,STATUS_SCHEDULED
ESPN-NBA-401901821-20261004T195504Z,2026-10-04T12:55:04.156333-07:00,NBA,NBA,401901821,2026-10-11T23:00Z,Milwaukee Bucks,Charlotte Hornets,Spectrum Center,Charlotte,NC,True,ESPN_PUBLIC,STATUS_SCHEDULED
ESPN-NBA-401908941-20261004T195504Z,2026-10-04T12:55:04.156333-07:00,NBA,NBA,401908941,2026-10-12T01:00Z,Chicago Bulls,Denver Nuggets,Ball Arena,Denver,CO,True,ESPN_PUBLIC,STATUS_SCHEDULED
ESPN-NBA-401898392-20261004T195504Z,2026-10-04T12:55:04.156333-07:00,NBA,NBA,401898392,2026-10-08T23:00Z,Boston Celtics,Cleveland Cavaliers,Rocket Arena,Cleveland,OH,True,ESPN_PUBLIC,STATUS_SCHEDULED
ESPN-NBA-401898393-20261004T195504Z,2026-10-04T12:55:04.156333-07:00,NBA,NBA,401898393,2026-10-08T23:30Z,New Orleans Pelicans,Miami Heat,Kaseya Center,Miami,FL,True,ESPN_PUBLIC,STATUS_SCHEDULED
ESPN-NBA-401901823-20261004T195504Z,2026-10-04T12:55:04.156333-07:00,NBA,NBA,401901823,2026-10-08T23:30Z,Philadelphia 76ers,Brooklyn Nets,Barclays Center,Brooklyn,NY,True,ESPN_PUBLIC,STATUS_SCHEDULED
ESPN-NBA-401906508-20261004T195504Z,2026-10-04T12:55:04.156333-07:00,NBA,NBA,401906508,2026-10-08T23:30Z,Washington Wizards,New York Knicks,Madison Square Garden,New York,NY,True,ESPN_PUBLIC,STATUS_SCHEDULED
ESPN-NBA-401898394-20261004T195504Z,2026-10-04T12:55:04.156333-07:00,NBA,NBA,401898394,2026-10-09T00:00Z,Atlanta Hawks,San Antonio Spurs,Frost Bank Center,San Antonio,TX,True,ESPN_PUBLIC,STATUS_SCHEDULED
ESPN-NBA-401898717-20261004T195504Z,2026-10-04T12:55:04.156333-07:00,NBA,NBA,401898717,2026-10-09T02:30Z,Sacramento Kings,Los Angeles Lakers,crypto.com Arena,Los Angeles,CA,True,ESPN_PUBLIC,STATUS_SCHEDULED
ESPN-NBA-401898388-20261004T195504Z,2026-10-04T12:55:04.156333-07:00,NBA,NBA,401898388,2026-10-05T23:00Z,Memphis Grizzlies,Atlanta Hawks,State Farm Arena,Atlanta,GA,True,ESPN_PUBLIC,STATUS_SCHEDULED
ESPN-NBA-401908947-20261004T195504Z,2026-10-04T12:55:04.156333-07:00,NBA,NBA,401908947,2026-10-05T23:00Z,Phoenix Suns,Detroit Pistons,Little Caesars Arena,Detroit,MI,True,ESPN_PUBLIC,STATUS_SCHEDULED
ESPN-NBA-401914101-20261004T195504Z,2026-10-04T12:55:04.156333-07:00,NBA,NBA,401914101,2026-10-05T23:00Z,New York Knicks,Philadelphia 76ers,Xfinity Mobile Arena,Philadelphia,PA,True,ESPN_PUBLIC,STATUS_SCHEDULED
ESPN-NBA-401914102-20261004T195504Z,2026-10-04T12:55:04.156333-07:00,NBA,NBA,401914102,2026-10-06T00:00Z,Minnesota Timberwolves,Milwaukee Bucks,Fiserv Forum,Milwaukee,WI,True,ESPN_PUBLIC,STATUS_SCHEDULED
ESPN-NBA-401898716-20261004T195504Z,2026-10-04T12:55:04.156333-07:00,NBA,NBA,401898716,2026-10-06T02:00Z,Los Angeles Lakers,Sacramento Kings,Golden 1 Center,Sacramento,CA,True,ESPN_PUBLIC,STATUS_SCHEDULED
ESPN-NBA-401914127-20261004T195504Z,2026-10-04T12:55:04.156333-07:00,NBA,NBA,401914127,2026-10-04T23:00Z,Utah Jazz,Denver Nuggets,CU Events Center,Boulder,CO,True,ESPN_PUBLIC,STATUS_SCHEDULED
ESPN-NBA-401918010-20261004T195504Z,2026-10-04T12:55:04.156333-07:00,NBA,NBA,401918010,2026-10-04T23:00Z,Golden State Warriors,LA Clippers,Stan Sheriff Center,Honolulu,HI,True,ESPN_PUBLIC,STATUS_SCHEDULED
ESPN-NBA-401901820-20261004T195504Z,2026-10-04T12:55:04.156333-07:00,NBA,NBA,401901820,2026-10-06T23:00Z,Brooklyn Nets,Charlotte Hornets,Spectrum Center,Charlotte,NC,True,ESPN_PUBLIC,STATUS_SCHEDULED
ESPN-NBA-401898389-20261004T195504Z,2026-10-04T12:55:04.156333-07:00,NBA,NBA,401898389,2026-10-07T00:00Z,New Orleans Pelicans,Oklahoma City Thunder,BOK Center,Tulsa,OK,True,ESPN_PUBLIC,STATUS_SCHEDULED
ESPN-NBA-401914128-20261004T195504Z,2026-10-04T12:55:04.156333-07:00,NBA,NBA,401914128,2026-10-07T01:00Z,Denver Nuggets,Utah Jazz,Delta Center,Salt Lake City,UT,True,ESPN_PUBLIC,STATUS_SCHEDULED
ESPN-NBA-401898390-20261004T195504Z,2026-10-04T12:55:04.156333-07:00,NBA,NBA,401898390,2026-10-07T02:00Z,Los Angeles Lakers,Golden State Warriors,Chase Center,San Francisco,CA,True,ESPN_PUBLIC,STATUS_SCHEDULED
ESPN-NBA-401902645-20261004T195504Z,2026-10-04T12:55:04.156333-07:00,NBA,NBA,401902645,2026-10-10T22:30Z,LA Clippers,Toronto Raptors,Rogers Arena,Vancouver,BC,True,ESPN_PUBLIC,STATUS_SCHEDULED
ESPN-NBA-401898396-20261004T195504Z,2026-10-04T12:55:04.156333-07:00,NBA,NBA,401898396,2026-10-10T23:00Z,Atlanta Hawks,Indiana Pacers,Gainbridge Fieldhouse,Indianapolis,IN,True,ESPN_PUBLIC,STATUS_SCHEDULED
ESPN-NBA-401906510-20261004T195504Z,2026-10-04T12:55:04.156333-07:00,NBA,NBA,401906510,2026-10-10T23:00Z,Detroit Pistons,Washington Wizards,Capital One Arena,Washington,DC,True,ESPN_PUBLIC,STATUS_SCHEDULED
ESPN-NBA-401898397-20261004T195504Z,2026-10-04T12:55:04.156333-07:00,NBA,NBA,401898397,2026-10-11T00:00Z,Minnesota Timberwolves,Miami Heat,Kaseya Center,Miami,FL,True,ESPN_PUBLIC,STATUS_SCHEDULED
ESPN-NBA-401898398-20261004T195504Z,2026-10-04T12:55:04.156333-07:00,NBA,NBA,401898398,2026-10-11T00:00Z,Philadelphia 76ers,Boston Celtics,TD Garden,Boston,MA,True,ESPN_PUBLIC,STATUS_SCHEDULED
ESPN-NBA-401898399-20261004T195504Z,2026-10-04T12:55:04.156333-07:00,NBA,NBA,401898399,2026-10-11T00:30Z,Sacramento Kings,Golden State Warriors,Chase Center,San Francisco,CA,True,ESPN_PUBLIC,STATUS_SCHEDULED
ESPN-NBA-401898720-20261004T195504Z,2026-10-04T12:55:04.156333-07:00,NBA,NBA,401898720,2026-10-11T02:30Z,San Antonio Spurs,Phoenix Suns,Mortgage Matchup Center,Phoenix,AZ,True,ESPN_PUBLIC,STATUS_SCHEDULED
ESPN-NCAA_Football-401871090-20261004T195504Z,2026-10-04T12:55:04.156333-07:00,NCAA_Football,NCAA_Football,401871090,2026-10-07T00:00Z,Southern Miss Golden Eagles,Troy Trojans,Veterans Memorial Stadium (AL),Troy,AL,False,ESPN_PUBLIC,STATUS_SCHEDULED
ESPN-NCAA_Football-401871051-20261004T195504Z,2026-10-04T12:55:04.156333-07:00,NCAA_Football,NCAA_Football,401871051,2026-10-07T23:00Z,Jacksonville State Gamecocks,Kennesaw State Owls,Walens Family Field at Fifth Third Stadium,Kennesaw,GA,False,ESPN_PUBLIC,STATUS_SCHEDULED
ESPN-NCAA_Football-401871066-20261004T195504Z,2026-10-04T12:55:04.156333-07:00,NCAA_Football,NCAA_Football,401871066,2026-10-07T23:30Z,New Mexico State Aggies,Florida International Panthers,Pitbull Stadium,Miami,FL,False,ESPN_PUBLIC,STATUS_SCHEDULED
ESPN-NCAA_Football-401870766-20261004T195504Z,2026-10-04T12:55:04.156333-07:00,NCAA_Football,NCAA_Football,401870766,2026-10-08T23:00Z,Sam Houston Bearkats,Liberty Flames,Williams Stadium (VA),Lynchburg,VA,False,ESPN_PUBLIC,STATUS_SCHEDULED
ESPN-NCAA_Football-401871052-20261004T195504Z,2026-10-04T12:55:04.156333-07:00,NCAA_Football,NCAA_Football,401871052,2026-10-08T23:00Z,Missouri State Bears,Western Kentucky Hilltoppers,Houchens Industries-L.T. Smith Stadium,Bowling Green,KY,False,ESPN_PUBLIC,STATUS_SCHEDULED
ESPN-NCAA_Football-401862794-20261004T195504Z,2026-10-04T12:55:04.156333-07:00,NCAA_Football,NCAA_Football,401862794,2026-10-08T23:30Z,South Florida Bulls,UTSA Roadrunners,Alamodome,San Antonio,TX,True,ESPN_PUBLIC,STATUS_SCHEDULED
ESPN-NCAA_Football-401869933-20261004T195504Z,2026-10-04T12:55:04.156333-07:00,NCAA_Football,NCAA_Football,401869933,2026-10-08T23:30Z,South Alabama Jaguars,Arkansas State Red Wolves,Centennial Bank Stadium,Jonesboro,AR,False,ESPN_PUBLIC,STATUS_SCHEDULED
ESPN-NCAA_Football-401858254-20261004T195504Z,2026-10-04T12:55:04.156333-07:00,NCAA_Football,NCAA_Football,401858254,2026-10-09T23:00Z,Florida State Seminoles,Louisville Cardinals,L&N Federal Credit Union Stadium,Louisville,KY,False,ESPN_PUBLIC,STATUS_SCHEDULED
ESPN-NCAA_Football-401858487-20261004T195504Z,2026-10-04T12:55:04.156333-07:00,NCAA_Football,NCAA_Football,401858487,2026-10-10T01:00Z,Iowa Hawkeyes,Washington Huskies,Husky Stadium,Seattle,WA,False,ESPN_PUBLIC,STATUS_SCHEDULED
ESPN-NCAA_Football-401860922-20261004T195504Z,2026-10-04T12:55:04.156333-07:00,NCAA_Football,NCAA_Football,401860922,2026-10-10T01:00Z,Washington State Cougars,Utah State Aggies,Maverik Stadium,Logan,UT,False,ESPN_PUBLIC,STATUS_SCHEDULED
ESPN-NCAA_Football-401864519-20261004T195504Z,2026-10-04T12:55:04.156333-07:00,NCAA_Football,NCAA_Football,401864519,2026-10-10T01:00Z,Wyoming Cowboys,San José State Spartans,CEFCU Stadium,San Jose,CA,False,ESPN_PUBLIC,STATUS_SCHEDULED
ESPN-NCAA_Football-401856826-20261004T195504Z,2026-10-04T12:55:04.156333-07:00,NCAA_Football,NCAA_Football,401856826,2026-10-10T02:15Z,Iowa State Cyclones,BYU Cougars,LaVell Edwards Stadium,Provo,UT,False,ESPN_PUBLIC,STATUS_SCHEDULED
ESPN-NCAA_Football-401858481-20261004T195504Z,2026-10-04T12:55:04.156333-07:00,NCAA_Football,NCAA_Football,401858481,2026-10-10T16:00Z,Indiana Hoosiers,Nebraska Cornhuskers,"Memorial Stadium (Lincoln, NE)",Lincoln,NE,False,ESPN_PUBLIC,STATUS_SCHEDULED
ESPN-NCAA_Football-401856716-20261004T195504Z,2026-10-04T12:55:04.156333-07:00,NCAA_Football,NCAA_Football,401856716,2026-10-10T16:00Z,Texas A&M Aggies,Missouri Tigers,Memorial Stadium,Columbia,MO,False,ESPN_PUBLIC,STATUS_SCHEDULED
ESPN-NCAA_Football-401856824-20261004T195504Z,2026-10-04T12:55:04.156333-07:00,NCAA_Football,NCAA_Football,401856824,2026-10-10T16:00Z,UCF Knights,Oklahoma State Cowboys,Boone Pickens Stadium,Stillwater,OK,False,ESPN_PUBLIC,STATUS_SCHEDULED
ESPN-NCAA_Football-401858256-20261004T195504Z,2026-10-04T12:55:04.156333-07:00,NCAA_Football,NCAA_Football,401858256,2026-10-10T16:00Z,North Carolina Tar Heels,Pittsburgh Panthers,Acrisure Stadium,Pittsburgh,PA,False,ESPN_PUBLIC,STATUS_SCHEDULED
ESPN-NCAA_Football-401856823-20261004T195504Z,2026-10-04T12:55:04.156333-07:00,NCAA_Football,NCAA_Football,401856823,2026-10-10T16:00Z,Arizona Wildcats,West Virginia Mountaineers,Milan Puskar Stadium,Morgantown,WV,False,ESPN_PUBLIC,STATUS_SCHEDULED
ESPN-NCAA_Football-401858260-20261004T195504Z,2026-10-04T12:55:04.156333-07:00,NCAA_Football,NCAA_Football,401858260,2026-10-10T16:00Z,Wake Forest Demon Deacons,NC State Wolfpack,Carter-Finley Stadium,Raleigh,NC,False,ESPN_PUBLIC,STATUS_SCHEDULED
ESPN-NCAA_Football-401862795-20261004T195504Z,2026-10-04T12:55:04.156333-07:00,NCAA_Football,NCAA_Football,401862795,2026-10-10T16:00Z,Tulane Green Wave,Army Black Knights,Michie Stadium,West Point,NY,False,ESPN_PUBLIC,STATUS_SCHEDULED
ESPN-NCAA_Football-401866436-20261004T195504Z,2026-10-04T12:55:04.156333-07:00,NCAA_Football,NCAA_Football,401866436,2026-10-10T16:00Z,Sacramento State Hornets,Bowling Green Falcons,Doyt L. Perry Stadium,Bowling Green,OH,False,ESPN_PUBLIC,STATUS_SCHEDULED
ESPN-NCAA_Football-401858482-20261004T195504Z,2026-10-04T12:55:04.156333-07:00,NCAA_Football,NCAA_Football,401858482,2026-10-10T16:30Z,Ball State Cardinals,Northwestern Wildcats,Ryan Field,Evanston,IL,False,ESPN_PUBLIC,STATUS_SCHEDULED
ESPN-NCAA_Football-401856714-20261004T195504Z,2026-10-04T12:55:04.156333-07:00,NCAA_Football,NCAA_Football,401856714,2026-10-10T16:45Z,South Carolina Gamecocks,Florida Gators,Ben Hill Griffin Stadium,Gainesville,FL,False,ESPN_PUBLIC,STATUS_SCHEDULED
ESPN-NCAA_Football-401869843-20261004T195504Z,2026-10-04T12:55:04.156333-07:00,NCAA_Football,NCAA_Football,401869843,2026-10-10T17:00Z,Old Dominion Monarchs,App State Mountaineers,Kidd Brewer Stadium,Boone,NC,False,ESPN_PUBLIC,STATUS_SCHEDULED
ESPN-NCAA_Football-401866440-20261004T195504Z,2026-10-04T12:55:04.156333-07:00,NCAA_Football,NCAA_Football,401866440,2026-10-10T18:00Z,Miami (OH) RedHawks,Massachusetts Minutemen,Warren McGuirk Alumni Stadium,Amherst,MA,False,ESPN_PUBLIC,STATUS_SCHEDULED
ESPN-NCAA_Football-401856717-20261004T195504Z,2026-10-04T12:55:04.156333-07:00,NCAA_Football,NCAA_Football,401856717,2026-10-10T19:30Z,Texas Longhorns,Oklahoma Sooners,Cotton Bowl,Dallas,TX,False,ESPN_PUBLIC,STATUS_SCHEDULED
ESPN-NCAA_Football-401858257-20261004T195504Z,2026-10-04T12:55:04.156333-07:00,NCAA_Football,NCAA_Football,401858257,2026-10-10T19:30Z,Stanford Cardinal,Notre Dame Fighting Irish,Notre Dame Stadium,Notre Dame,IN,False,ESPN_PUBLIC,STATUS_SCHEDULED
ESPN-NCAA_Football-401856718-20261004T195504Z,2026-10-04T12:55:04.156333-07:00,NCAA_Football,NCAA_Football,401856718,2026-10-10T19:30Z,Ole Miss Rebels,Vanderbilt Commodores,FirstBank Stadium,Nashville,TN,False,ESPN_PUBLIC,STATUS_SCHEDULED
ESPN-NCAA_Football-401858484-20261004T195504Z,2026-10-04T12:55:04.156333-07:00,NCAA_Football,NCAA_Football,401858484,2026-10-10T19:30Z,UCLA Bruins,Oregon Ducks,Autzen Stadium,Eugene,OR,False,ESPN_PUBLIC,STATUS_SCHEDULED
ESPN-NCAA_Football-401856825-20261004T195504Z,2026-10-04T12:55:04.156333-07:00,NCAA_Football,NCAA_Football,401856825,2026-10-10T19:30Z,Houston Cougars,Kansas State Wildcats,Bill Snyder Family Stadium,Manhattan,KS,False,ESPN_PUBLIC,STATUS_SCHEDULED
ESPN-NCAA_Football-401858255-20261004T195504Z,2026-10-04T12:55:04.156333-07:00,NCAA_Football,NCAA_Football,401858255,2026-10-10T19:30Z,Duke Blue Devils,Georgia Tech Yellow Jackets,Bobby Dodd Stadium,Atlanta,GA,False,ESPN_PUBLIC,STATUS_SCHEDULED
ESPN-NCAA_Football-401858259-20261004T195504Z,2026-10-04T12:55:04.156333-07:00,NCAA_Football,NCAA_Football,401858259,2026-10-10T19:30Z,Virginia Tech Hokies,California Golden Bears,California Memorial Stadium,Berkeley,CA,False,ESPN_PUBLIC,STATUS_SCHEDULED
ESPN-NCAA_Football-401858480-20261004T195504Z,2026-10-04T12:55:04.156333-07:00,NCAA_Football,NCAA_Football,401858480,2026-10-10T19:30Z,Illinois Fighting Illini,Michigan State Spartans,Spartan Stadium,East Lansing,MI,False,ESPN_PUBLIC,STATUS_SCHEDULED
ESPN-NCAA_Football-401862796-20261004T195504Z,2026-10-04T12:55:04.156333-07:00,NCAA_Football,NCAA_Football,401862796,2026-10-10T19:30Z,Charlotte 49ers,North Texas Mean Green,DATCU Stadium,Denton,TX,False,ESPN_PUBLIC,STATUS_SCHEDULED
ESPN-NCAA_Football-401862799-20261004T195504Z,2026-10-04T12:55:04.156333-07:00,NCAA_Football,NCAA_Football,401862799,2026-10-10T19:30Z,Tulsa Golden Hurricane,Navy Midshipmen,Navy-Marine Corps Memorial Stadium,Annapolis,MD,False,ESPN_PUBLIC,STATUS_SCHEDULED
ESPN-NCAA_Football-401866435-20261004T195504Z,2026-10-04T12:55:04.156333-07:00,NCAA_Football,NCAA_Football,401866435,2026-10-10T19:30Z,Eastern Michigan Eagles,Akron Zips,InfoCision Stadium,Akron,OH,False,ESPN_PUBLIC,STATUS_SCHEDULED
ESPN-NCAA_Football-401866437-20261004T195504Z,2026-10-04T12:55:04.156333-07:00,NCAA_Football,NCAA_Football,401866437,2026-10-10T19:30Z,Buffalo Bulls,Toledo Rockets,Glass Bowl,Toledo,OH,False,ESPN_PUBLIC,STATUS_SCHEDULED
ESPN-NCAA_Football-401866438-20261004T195504Z,2026-10-04T12:55:04.156333-07:00,NCAA_Football,NCAA_Football,401866438,2026-10-10T19:30Z,Central Michigan Chippewas,Ohio Bobcats,Peden Stadium,Athens,OH,False,ESPN_PUBLIC,STATUS_SCHEDULED
ESPN-NCAA_Football-401866439-20261004T195504Z,2026-10-04T12:55:04.156333-07:00,NCAA_Football,NCAA_Football,401866439,2026-10-10T19:30Z,Kent State Golden Flashes,Western Michigan Broncos,Waldo Stadium,Kalamazoo,MI,False,ESPN_PUBLIC,STATUS_SCHEDULED
ESPN-NCAA_Football-401861964-20261004T195504Z,2026-10-04T12:55:04.156333-07:00,NCAA_Football,NCAA_Football,401861964,2026-10-10T19:45Z,UConn Huskies,Temple Owls,Lincoln Financial Field,Philadelphia,PA,False,ESPN_PUBLIC,STATUS_SCHEDULED
ESPN-NCAA_Football-401862797-20261004T195504Z,2026-10-04T12:55:04.156333-07:00,NCAA_Football,NCAA_Football,401862797,2026-10-10T20:00Z,Rice Owls,East Carolina Pirates,Dowdy-Ficklen Stadium,Greenville,NC,False,ESPN_PUBLIC,STATUS_SCHEDULED
ESPN-NCAA_Football-401858483-20261004T195504Z,2026-10-04T12:55:04.156333-07:00,NCAA_Football,NCAA_Football,401858483,2026-10-10T20:15Z,Maryland Terrapins,Ohio State Buckeyes,Ohio Stadium,Columbus,OH,False,ESPN_PUBLIC,STATUS_SCHEDULED
ESPN-NCAA_Football-401856713-20261004T195504Z,2026-10-04T12:55:04.156333-07:00,NCAA_Football,NCAA_Football,401856713,2026-10-10T20:15Z,Tennessee Volunteers,Arkansas Razorbacks,Donald W. Reynolds Razorback Stadium,Fayetteville,AR,False,ESPN_PUBLIC,STATUS_SCHEDULED
ESPN-NCAA_Football-401860902-20261004T195504Z,2026-10-04T12:55:04.156333-07:00,NCAA_Football,NCAA_Football,401860902,2026-10-10T22:00Z,San Diego State Aztecs,Oregon State Beavers,Reser Stadium,Corvallis,OR,False,ESPN_PUBLIC,STATUS_SCHEDULED
ESPN-NCAA_Football-401856715-20261004T195504Z,2026-10-04T12:55:04.156333-07:00,NCAA_Football,NCAA_Football,401856715,2026-10-10T23:00Z,LSU Tigers,Kentucky Wildcats,Kroger Field,Lexington,KY,False,ESPN_PUBLIC,STATUS_SCHEDULED
ESPN-NCAA_Football-401862798-20261004T195504Z,2026-10-04T12:55:04.156333-07:00,NCAA_Football,NCAA_Football,401862798,2026-10-10T23:00Z,UAB Blazers,Memphis Tigers,Simmons Bank Liberty Stadium,Memphis,TN,False,ESPN_PUBLIC,STATUS_SCHEDULED
ESPN-NCAA_Football-401864517-20261004T195504Z,2026-10-04T12:55:04.156333-07:00,NCAA_Football,NCAA_Football,401864517,2026-10-10T23:00Z,Nevada Wolf Pack,UTEP Miners,Sun Bowl,El Paso,TX,False,ESPN_PUBLIC,STATUS_SCHEDULED
ESPN-NCAA_Football-401864518-20261004T195504Z,2026-10-04T12:55:04.156333-07:00,NCAA_Football,NCAA_Football,401864518,2026-10-10T23:00Z,North Dakota State Bison,UNLV Rebels,Allegiant Stadium,Las Vegas,NV,True,ESPN_PUBLIC,STATUS_SCHEDULED
ESPN-NCAA_Football-401869943-20261004T195504Z,2026-10-04T12:55:04.156333-07:00,NCAA_Football,NCAA_Football,401869943,2026-10-10T23:00Z,Coastal Carolina Chanticleers,Marshall Thundering Herd,Joan C. Edwards Stadium,Huntington,WV,False,ESPN_PUBLIC,STATUS_SCHEDULED
ESPN-NCAA_Football-401856712-20261004T195504Z,2026-10-04T12:55:04.156333-07:00,NCAA_Football,NCAA_Football,401856712,2026-10-10T23:30Z,Georgia Bulldogs,Alabama Crimson Tide,Bryant-Denny Stadium,Tuscaloosa,AL,False,ESPN_PUBLIC,STATUS_SCHEDULED
ESPN-NCAA_Football-401858485-20261004T195504Z,2026-10-04T12:55:04.156333-07:00,NCAA_Football,NCAA_Football,401858485,2026-10-10T23:30Z,USC Trojans,Penn State Nittany Lions,Beaver Stadium,University Park,PA,False,ESPN_PUBLIC,STATUS_SCHEDULED
ESPN-NCAA_Football-401858258-20261004T195504Z,2026-10-04T12:55:04.156333-07:00,NCAA_Football,NCAA_Football,401858258,2026-10-10T23:30Z,Syracuse Orange,Virginia Cavaliers,Scott Stadium,Charlottesville,VA,False,ESPN_PUBLIC,STATUS_SCHEDULED
ESPN-NCAA_Football-401864516-20261004T195504Z,2026-10-04T12:55:04.156333-07:00,NCAA_Football,NCAA_Football,401864516,2026-10-10T23:30Z,Air Force Falcons,Northern Illinois Huskies,Huskie Stadium,Dekalb,IL,False,ESPN_PUBLIC,STATUS_SCHEDULED
ESPN-NCAA_Football-401869949-20261004T195504Z,2026-10-04T12:55:04.156333-07:00,NCAA_Football,NCAA_Football,401869949,2026-10-10T23:30Z,James Madison Dukes,Georgia Southern Eagles,Allen E. Paulson Stadium,Statesboro,GA,False,ESPN_PUBLIC,STATUS_SCHEDULED
ESPN-NCAA_Football-401869965-20261004T195504Z,2026-10-04T12:55:04.156333-07:00,NCAA_Football,NCAA_Football,401869965,2026-10-10T23:30Z,Louisiana Ragin' Cajuns,Louisiana Tech Bulldogs,Joe Aillet Stadium,Ruston,LA,False,ESPN_PUBLIC,STATUS_SCHEDULED
ESPN-NCAA_Football-401858486-20261004T195504Z,2026-10-04T12:55:04.156333-07:00,NCAA_Football,NCAA_Football,401858486,2026-10-11T00:00Z,Minnesota Golden Gophers,Purdue Boilermakers,Ross-Ade Stadium,West Lafayette,IN,False,ESPN_PUBLIC,STATUS_SCHEDULED
ESPN-NCAA_Football-401856827-20261004T195504Z,2026-10-04T12:55:04.156333-07:00,NCAA_Football,NCAA_Football,401856827,2026-10-11T02:15Z,Kansas Jayhawks,Utah Utes,Rice-Eccles Stadium,Salt Lake City,UT,False,ESPN_PUBLIC,STATUS_SCHEDULED
ESPN-NCAA_Football-401860901-20261004T195504Z,2026-10-04T12:55:04.156333-07:00,NCAA_Football,NCAA_Football,401860901,2026-10-11T02:30Z,Boise State Broncos,Fresno State Bulldogs,Valley Children's Stadium,Fresno,CA,False,ESPN_PUBLIC,STATUS_SCHEDULED
ESPN-NCAA_Football-401856808-20261004T195504Z,2026-10-04T12:55:04.156333-07:00,NCAA_Football,NCAA_Football,401856808,2026-10-11T02:30Z,Hawai'i Rainbow Warriors,Arizona State Sun Devils,Mountain America Stadium,Tempe,AZ,False,ESPN_PUBLIC,STATUS_SCHEDULED
ESPN-WNBA-401918299-20261004T195504Z,2026-10-04T12:55:04.156333-07:00,WNBA,WNBA,401918299,2026-10-09T23:30Z,Atlanta Dream,New York Liberty,Barclays Center,Brooklyn,NY,True,ESPN_PUBLIC,STATUS_SCHEDULED
ESPN-WNBA-401918300-20261004T195504Z,2026-10-04T12:55:04.156333-07:00,WNBA,WNBA,401918300,2026-10-10T01:30Z,Golden State Valkyries,Las Vegas Aces,Michelob ULTRA Arena,Las Vegas,NV,True,ESPN_PUBLIC,STATUS_SCHEDULED
ESPN-WNBA-401918297-20261004T195504Z,2026-10-04T12:55:04.156333-07:00,WNBA,WNBA,401918297,2026-10-07T23:30Z,New York Liberty,Atlanta Dream,State Farm Arena,Atlanta,GA,True,ESPN_PUBLIC,STATUS_SCHEDULED
ESPN-WNBA-401918298-20261004T195504Z,2026-10-04T12:55:04.156333-07:00,WNBA,WNBA,401918298,2026-10-08T01:30Z,Las Vegas Aces,Golden State Valkyries,Chase Center,San Francisco,CA,True,ESPN_PUBLIC,STATUS_SCHEDULED
ESPN-WNBA-401918301-20261004T195504Z,2026-10-04T12:55:04.156333-07:00,WNBA,WNBA,401918301,2026-10-11T04:00Z,Atlanta Dream,New York Liberty,Barclays Center,Brooklyn,NY,True,ESPN_PUBLIC,STATUS_SCHEDULED
ESPN-WNBA-401918302-20261004T195504Z,2026-10-04T12:55:04.156333-07:00,WNBA,WNBA,401918302,2026-10-11T04:00Z,Golden State Valkyries,Las Vegas Aces,Michelob ULTRA Arena,Las Vegas,NV,True,ESPN_PUBLIC,STATUS_SCHEDULED
ESPN-WNBA-401918295-20261004T195504Z,2026-10-04T12:55:04.156333-07:00,WNBA,WNBA,401918295,2026-10-04T18:00Z,New York Liberty,Atlanta Dream,State Farm Arena,Atlanta,GA,True,ESPN_PUBLIC,STATUS_IN_PROGRESS
ESPN-WNBA-401918296-20261004T195504Z,2026-10-04T12:55:04.156333-07:00,WNBA,WNBA,401918296,2026-10-04T20:00Z,Las Vegas Aces,Golden State Valkyries,Chase Center,San Francisco,CA,True,ESPN_PUBLIC,STATUS_SCHEDULED
NHLWEB-2026020035-20261004T200041Z,2026-10-04T13:00:41.361214-07:00,NHL,NHL,2026020035,2026-10-04T17:00:00Z,Winnipeg,Detroit,NHL_WEB,FINAL
NHLWEB-2026020036-20261004T200041Z,2026-10-04T13:00:41.361214-07:00,NHL,NHL,2026020036,2026-10-04T22:00:00Z,Utah,New York,NHL_WEB,FUT
NHLWEB-2026020037-20261004T200041Z,2026-10-04T13:00:41.361214-07:00,NHL,NHL,2026020037,2026-10-05T00:00:00Z,Florida,Anaheim,NHL_WEB,FUT
NHLWEB-2026020038-20261004T200041Z,2026-10-04T13:00:41.361214-07:00,NHL,NHL,2026020038,2026-10-05T00:00:00Z,Calgary,Seattle,NHL_WEB,FUT
NHLWEB-2026020039-20261004T200041Z,2026-10-04T13:00:41.361214-07:00,NHL,NHL,2026020039,2026-10-05T01:00:00Z,Vegas,Vancouver,NHL_WEB,FUT
NHLWEB-2026020040-20261004T200041Z,2026-10-04T13:00:41.361214-07:00,NHL,NHL,2026020040,2026-10-05T23:00:00Z,Philadelphia,Tampa Bay,NHL_WEB,FUT
NHLWEB-2026020041-20261004T200041Z,2026-10-04T13:00:41.361214-07:00,NHL,NHL,2026020041,2026-10-05T23:30:00Z,Ottawa,Boston,NHL_WEB,FUT
NHLWEB-2026020042-20261004T200041Z,2026-10-04T13:00:41.361214-07:00,NHL,NHL,2026020042,2026-10-05T23:30:00Z,Winnipeg,Pittsburgh,NHL_WEB,FUT
NHLWEB-2026020043-20261004T200041Z,2026-10-04T13:00:41.361214-07:00,NHL,NHL,2026020043,2026-10-06T00:00:00Z,San Jose,Dallas,NHL_WEB,FUT
NHLWEB-2026020044-20261004T200041Z,2026-10-04T13:00:41.361214-07:00,NHL,NHL,2026020044,2026-10-06T23:00:00Z,Nashville,Toronto,NHL_WEB,FUT
NHLWEB-2026020045-20261004T200041Z,2026-10-04T13:00:41.361214-07:00,NHL,NHL,2026020045,2026-10-06T23:00:00Z,Carolina,Montréal,NHL_WEB,FUT
NHLWEB-2026020046-20261004T200041Z,2026-10-04T13:00:41.361214-07:00,NHL,NHL,2026020046,2026-10-06T23:00:00Z,Ottawa,Detroit,NHL_WEB,FUT
NHLWEB-2026020047-20261004T200041Z,2026-10-04T13:00:41.361214-07:00,NHL,NHL,2026020047,2026-10-06T23:00:00Z,Utah,New Jersey,NHL_WEB,FUT
NHLWEB-2026020049-20261004T200041Z,2026-10-04T13:00:41.361214-07:00,NHL,NHL,2026020049,2026-10-06T23:00:00Z,Minnesota,Buffalo,NHL_WEB,FUT
NHLWEB-2026020048-20261004T200041Z,2026-10-04T13:00:41.361214-07:00,NHL,NHL,2026020048,2026-10-06T23:30:00Z,New York,New York,NHL_WEB,FUT
NHLWEB-2026020050-20261004T200041Z,2026-10-04T13:00:41.361214-07:00,NHL,NHL,2026020050,2026-10-07T00:00:00Z,St. Louis,Chicago,NHL_WEB,FUT
NHLWEB-2026020051-20261004T200041Z,2026-10-04T13:00:41.361214-07:00,NHL,NHL,2026020051,2026-10-07T01:40:00Z,Vegas,Seattle,NHL_WEB,FUT
NHLWEB-2026020052-20261004T200041Z,2026-10-04T13:00:41.361214-07:00,NHL,NHL,2026020052,2026-10-07T02:00:00Z,Florida,Los Angeles,NHL_WEB,FUT
NHLWEB-2026020053-20261004T200041Z,2026-10-04T13:00:41.361214-07:00,NHL,NHL,2026020053,2026-10-07T23:30:00Z,Pittsburgh,Washington,NHL_WEB,FUT
NHLWEB-2026020054-20261004T200041Z,2026-10-04T13:00:41.361214-07:00,NHL,NHL,2026020054,2026-10-07T23:30:00Z,Colorado,Winnipeg,NHL_WEB,FUT
NHLWEB-2026020055-20261004T200041Z,2026-10-04T13:00:41.361214-07:00,NHL,NHL,2026020055,2026-10-08T02:00:00Z,Edmonton,Anaheim,NHL_WEB,FUT
NHLWEB-2026020056-20261004T200041Z,2026-10-04T13:00:41.361214-07:00,NHL,NHL,2026020056,2026-10-08T23:00:00Z,Utah,Boston,NHL_WEB,FUT
NHLWEB-2026020057-20261004T200041Z,2026-10-04T13:00:41.361214-07:00,NHL,NHL,2026020057,2026-10-08T23:00:00Z,Dallas,Buffalo,NHL_WEB,FUT
NHLWEB-2026020058-20261004T200041Z,2026-10-04T13:00:41.361214-07:00,NHL,NHL,2026020058,2026-10-08T23:00:00Z,Nashville,Montréal,NHL_WEB,FUT
NHLWEB-2026020059-20261004T200041Z,2026-10-04T13:00:41.361214-07:00,NHL,NHL,2026020059,2026-10-08T23:00:00Z,Philadelphia,Ottawa,NHL_WEB,FUT
NHLWEB-2026020060-20261004T200041Z,2026-10-04T13:00:41.361214-07:00,NHL,NHL,2026020060,2026-10-08T23:00:00Z,Minnesota,Tampa Bay,NHL_WEB,FUT
NHLWEB-2026020061-20261004T200041Z,2026-10-04T13:00:41.361214-07:00,NHL,NHL,2026020061,2026-10-08T23:00:00Z,Vancouver,Carolina,NHL_WEB,FUT
NHLWEB-2026020062-20261004T200041Z,2026-10-04T13:00:41.361214-07:00,NHL,NHL,2026020062,2026-10-08T23:30:00Z,Chicago,New York,NHL_WEB,FUT
NHLWEB-2026020063-20261004T200041Z,2026-10-04T13:00:41.361214-07:00,NHL,NHL,2026020063,2026-10-09T00:00:00Z,San Jose,St. Louis,NHL_WEB,FUT
NHLWEB-2026020064-20261004T200041Z,2026-10-04T13:00:41.361214-07:00,NHL,NHL,2026020064,2026-10-09T01:00:00Z,Colorado,Calgary,NHL_WEB,FUT
NHLWEB-2026020065-20261004T200041Z,2026-10-04T13:00:41.361214-07:00,NHL,NHL,2026020065,2026-10-09T02:00:00Z,Toronto,Vegas,NHL_WEB,FUT
NHLWEB-2026020066-20261004T200041Z,2026-10-04T13:00:41.361214-07:00,NHL,NHL,2026020066,2026-10-09T23:00:00Z,Seattle,Detroit,NHL_WEB,FUT
NHLWEB-2026020067-20261004T200041Z,2026-10-04T13:00:41.361214-07:00,NHL,NHL,2026020067,2026-10-09T23:00:00Z,New York,Washington,NHL_WEB,FUT
NHLWEB-2026020068-20261004T200041Z,2026-10-04T13:00:41.361214-07:00,NHL,NHL,2026020068,2026-10-09T23:00:00Z,Pittsburgh,Columbus,NHL_WEB,FUT
NHLWEB-2026020069-20261004T200041Z,2026-10-04T13:00:41.361214-07:00,NHL,NHL,2026020069,2026-10-10T00:00:00Z,Anaheim,Winnipeg,NHL_WEB,FUT
NHLWEB-2026020070-20261004T200041Z,2026-10-04T13:00:41.361214-07:00,NHL,NHL,2026020070,2026-10-10T17:00:00Z,Philadelphia,Boston,NHL_WEB,FUT
NHLWEB-2026020071-20261004T200041Z,2026-10-04T13:00:41.361214-07:00,NHL,NHL,2026020071,2026-10-10T19:30:00Z,Vancouver,New Jersey,NHL_WEB,FUT
NHLWEB-2026020072-20261004T200041Z,2026-10-04T13:00:41.361214-07:00,NHL,NHL,2026020072,2026-10-10T20:00:00Z,Edmonton,San Jose,NHL_WEB,FUT
NHLWEB-2026020073-20261004T200041Z,2026-10-04T13:00:41.361214-07:00,NHL,NHL,2026020073,2026-10-10T22:00:00Z,Minnesota,Florida,NHL_WEB,FUT
NHLWEB-2026020074-20261004T200041Z,2026-10-04T13:00:41.361214-07:00,NHL,NHL,2026020074,2026-10-10T23:00:00Z,Utah,Buffalo,NHL_WEB,FUT
NHLWEB-2026020075-20261004T200041Z,2026-10-04T13:00:41.361214-07:00,NHL,NHL,2026020075,2026-10-10T23:00:00Z,Detroit,Montréal,NHL_WEB,FUT
NHLWEB-2026020076-20261004T200041Z,2026-10-04T13:00:41.361214-07:00,NHL,NHL,2026020076,2026-10-10T23:00:00Z,Nashville,Ottawa,NHL_WEB,FUT
NHLWEB-2026020077-20261004T200041Z,2026-10-04T13:00:41.361214-07:00,NHL,NHL,2026020077,2026-10-10T23:00:00Z,Dallas,Pittsburgh,NHL_WEB,FUT
NHLWEB-2026020078-20261004T200041Z,2026-10-04T13:00:41.361214-07:00,NHL,NHL,2026020078,2026-10-10T23:00:00Z,Carolina,Chicago,NHL_WEB,FUT
NHLWEB-2026020079-20261004T200041Z,2026-10-04T13:00:41.361214-07:00,NHL,NHL,2026020079,2026-10-10T23:00:00Z,Columbus,St. Louis,NHL_WEB,FUT
NHLWEB-2026020080-20261004T200041Z,2026-10-04T13:00:41.361214-07:00,NHL,NHL,2026020080,2026-10-10T23:00:00Z,Toronto,Colorado,NHL_WEB,FUT
NHLWEB-2026020081-20261004T200041Z,2026-10-04T13:00:41.361214-07:00,NHL,NHL,2026020081,2026-10-10T23:30:00Z,Tampa Bay,New York,NHL_WEB,FUT
NHLWEB-2026020082-20261004T200041Z,2026-10-04T13:00:41.361214-07:00,NHL,NHL,2026020082,2026-10-11T02:00:00Z,Anaheim,Calgary,NHL_WEB,FUT
NHLWEB-2026020083-20261004T200041Z,2026-10-04T13:00:41.361214-07:00,NHL,NHL,2026020083,2026-10-11T02:00:00Z,Los Angeles,Vegas,NHL_WEB,FUT
ESPN-MLB-401908003-20261004T221534Z,2026-10-04T15:15:34.362224-07:00,MLB,MLB,401908003,2026-10-04T20:00Z,San Diego Padres,Milwaukee Brewers,American Family Field,Milwaukee,Wisconsin,True,ESPN_PUBLIC,STATUS_IN_PROGRESS
ESPN-MLB-401908014-20261004T221534Z,2026-10-04T15:15:34.362224-07:00,MLB,MLB,401908014,2026-10-05T00:00Z,Atlanta Braves,Los Angeles Dodgers,Dodger Stadium,Los Angeles,California,False,ESPN_PUBLIC,STATUS_SCHEDULED
ESPN-MLB-401908015-20261004T221534Z,2026-10-04T15:15:34.362224-07:00,MLB,MLB,401908015,2026-10-06T22:00Z,Los Angeles Dodgers,Atlanta Braves,Truist Park,Atlanta,Georgia,False,ESPN_PUBLIC,STATUS_SCHEDULED
ESPN-MLB-401908004-20261004T221534Z,2026-10-04T15:15:34.362224-07:00,MLB,MLB,401908004,2026-10-07T01:30Z,Milwaukee Brewers,San Diego Padres,Petco Park,San Diego,California,False,ESPN_PUBLIC,STATUS_SCHEDULED
ESPN-MLB-401908006-20261004T221534Z,2026-10-04T15:15:34.362224-07:00,MLB,MLB,401908006,2026-10-09T20:30Z,San Diego Padres,Milwaukee Brewers,American Family Field,Milwaukee,Wisconsin,True,ESPN_PUBLIC,STATUS_SCHEDULED
ESPN-MLB-401908017-20261004T221534Z,2026-10-04T15:15:34.362224-07:00,MLB,MLB,401908017,2026-10-10T00:00Z,Atlanta Braves,Los Angeles Dodgers,Dodger Stadium,Los Angeles,California,False,ESPN_PUBLIC,STATUS_SCHEDULED
ESPN-MLB-401908030-20261004T221534Z,2026-10-04T15:15:34.362224-07:00,MLB,MLB,401908030,2026-10-11T04:00Z,TBD,TBD,,,,,ESPN_PUBLIC,STATUS_SCHEDULED
ESPN-MLB-401907991-20261004T221534Z,2026-10-04T15:15:34.362224-07:00,MLB,MLB,401907991,2026-10-05T21:00Z,Chicago White Sox,Cleveland Guardians,Progressive Field,Cleveland,Ohio,False,ESPN_PUBLIC,STATUS_SCHEDULED
ESPN-MLB-401907986-20261004T221534Z,2026-10-04T15:15:34.362224-07:00,MLB,MLB,401907986,2026-10-06T00:00Z,New York Yankees,Tampa Bay Rays,Tropicana Field,St. Petersburg,Florida,True,ESPN_PUBLIC,STATUS_SCHEDULED
ESPN-MLB-401907992-20261004T221534Z,2026-10-04T15:15:34.362224-07:00,MLB,MLB,401907992,2026-10-07T20:00Z,Cleveland Guardians,Chicago White Sox,Rate Field,Chicago,Illinois,False,ESPN_PUBLIC,STATUS_SCHEDULED
ESPN-MLB-401908016-20261004T221534Z,2026-10-04T15:15:34.362224-07:00,MLB,MLB,401908016,2026-10-07T22:00Z,Los Angeles Dodgers,Atlanta Braves,Truist Park,Atlanta,Georgia,False,ESPN_PUBLIC,STATUS_SCHEDULED
ESPN-MLB-401907987-20261004T221534Z,2026-10-04T15:15:34.362224-07:00,MLB,MLB,401907987,2026-10-08T00:00Z,Tampa Bay Rays,New York Yankees,Yankee Stadium,Bronx,New York,False,ESPN_PUBLIC,STATUS_SCHEDULED
ESPN-MLB-401908005-20261004T221534Z,2026-10-04T15:15:34.362224-07:00,MLB,MLB,401908005,2026-10-08T02:00Z,Milwaukee Brewers,San Diego Padres,Petco Park,San Diego,California,False,ESPN_PUBLIC,STATUS_SCHEDULED
ESPN-MLB-401907993-20261004T221534Z,2026-10-04T15:15:34.362224-07:00,MLB,MLB,401907993,2026-10-08T21:00Z,Cleveland Guardians,Chicago White Sox,Rate Field,Chicago,Illinois,False,ESPN_PUBLIC,STATUS_SCHEDULED
ESPN-MLB-401907988-20261004T221534Z,2026-10-04T15:15:34.362224-07:00,MLB,MLB,401907988,2026-10-09T00:00Z,Tampa Bay Rays,New York Yankees,Yankee Stadium,Bronx,New York,False,ESPN_PUBLIC,STATUS_SCHEDULED
ESPN-MLB-401907994-20261004T221534Z,2026-10-04T15:15:34.362224-07:00,MLB,MLB,401907994,2026-10-10T21:00Z,Chicago White Sox,Cleveland Guardians,Progressive Field,Cleveland,Ohio,False,ESPN_PUBLIC,STATUS_SCHEDULED
ESPN-MLB-401907989-20261004T221534Z,2026-10-04T15:15:34.362224-07:00,MLB,MLB,401907989,2026-10-11T00:00Z,New York Yankees,Tampa Bay Rays,Tropicana Field,St. Petersburg,Florida,True,ESPN_PUBLIC,STATUS_SCHEDULED
ESPN-NCAA_Football-401871051-20261004T221534Z,2026-10-04T15:15:34.362224-07:00,NCAA_Football,NCAA_Football,401871051,2026-10-07T23:00Z,Jacksonville State Gamecocks,Kennesaw State Owls,Walens Family Field at Fifth Third Stadium,Kennesaw,GA,False,ESPN_PUBLIC,STATUS_SCHEDULED
ESPN-NCAA_Football-401871066-20261004T221534Z,2026-10-04T15:15:34.362224-07:00,NCAA_Football,NCAA_Football,401871066,2026-10-07T23:30Z,New Mexico State Aggies,Florida International Panthers,Pitbull Stadium,Miami,FL,False,ESPN_PUBLIC,STATUS_SCHEDULED
ESPN-NCAA_Football-401858254-20261004T221534Z,2026-10-04T15:15:34.362224-07:00,NCAA_Football,NCAA_Football,401858254,2026-10-09T23:00Z,Florida State Seminoles,Louisville Cardinals,L&N Federal Credit Union Stadium,Louisville,KY,False,ESPN_PUBLIC,STATUS_SCHEDULED
ESPN-NCAA_Football-401858487-20261004T221534Z,2026-10-04T15:15:34.362224-07:00,NCAA_Football,NCAA_Football,401858487,2026-10-10T01:00Z,Iowa Hawkeyes,Washington Huskies,Husky Stadium,Seattle,WA,False,ESPN_PUBLIC,STATUS_SCHEDULED
ESPN-NCAA_Football-401860922-20261004T221534Z,2026-10-04T15:15:34.362224-07:00,NCAA_Football,NCAA_Football,401860922,2026-10-10T01:00Z,Washington State Cougars,Utah State Aggies,Maverik Stadium,Logan,UT,False,ESPN_PUBLIC,STATUS_SCHEDULED
ESPN-NCAA_Football-401864519-20261004T221534Z,2026-10-04T15:15:34.362224-07:00,NCAA_Football,NCAA_Football,401864519,2026-10-10T01:00Z,Wyoming Cowboys,San José State Spartans,CEFCU Stadium,San Jose,CA,False,ESPN_PUBLIC,STATUS_SCHEDULED
ESPN-NCAA_Football-401856826-20261004T221534Z,2026-10-04T15:15:34.362224-07:00,NCAA_Football,NCAA_Football,401856826,2026-10-10T02:15Z,Iowa State Cyclones,BYU Cougars,LaVell Edwards Stadium,Provo,UT,False,ESPN_PUBLIC,STATUS_SCHEDULED
ESPN-NCAA_Football-401870766-20261004T221534Z,2026-10-04T15:15:34.362224-07:00,NCAA_Football,NCAA_Football,401870766,2026-10-08T23:00Z,Sam Houston Bearkats,Liberty Flames,Williams Stadium (VA),Lynchburg,VA,False,ESPN_PUBLIC,STATUS_SCHEDULED
ESPN-NCAA_Football-401871052-20261004T221534Z,2026-10-04T15:15:34.362224-07:00,NCAA_Football,NCAA_Football,401871052,2026-10-08T23:00Z,Missouri State Bears,Western Kentucky Hilltoppers,Houchens Industries-L.T. Smith Stadium,Bowling Green,KY,False,ESPN_PUBLIC,STATUS_SCHEDULED
ESPN-NCAA_Football-401862794-20261004T221534Z,2026-10-04T15:15:34.362224-07:00,NCAA_Football,NCAA_Football,401862794,2026-10-08T23:30Z,South Florida Bulls,UTSA Roadrunners,Alamodome,San Antonio,TX,True,ESPN_PUBLIC,STATUS_SCHEDULED
ESPN-NCAA_Football-401869933-20261004T221534Z,2026-10-04T15:15:34.362224-07:00,NCAA_Football,NCAA_Football,401869933,2026-10-08T23:30Z,South Alabama Jaguars,Arkansas State Red Wolves,Centennial Bank Stadium,Jonesboro,AR,False,ESPN_PUBLIC,STATUS_SCHEDULED
ESPN-NCAA_Football-401871090-20261004T221534Z,2026-10-04T15:15:34.362224-07:00,NCAA_Football,NCAA_Football,401871090,2026-10-07T00:00Z,Southern Miss Golden Eagles,Troy Trojans,Veterans Memorial Stadium (AL),Troy,AL,False,ESPN_PUBLIC,STATUS_SCHEDULED
ESPN-NCAA_Football-401858481-20261004T221534Z,2026-10-04T15:15:34.362224-07:00,NCAA_Football,NCAA_Football,401858481,2026-10-10T16:00Z,Indiana Hoosiers,Nebraska Cornhuskers,"Memorial Stadium (Lincoln, NE)",Lincoln,NE,False,ESPN_PUBLIC,STATUS_SCHEDULED
ESPN-NCAA_Football-401856716-20261004T221534Z,2026-10-04T15:15:34.362224-07:00,NCAA_Football,NCAA_Football,401856716,2026-10-10T16:00Z,Texas A&M Aggies,Missouri Tigers,Memorial Stadium,Columbia,MO,False,ESPN_PUBLIC,STATUS_SCHEDULED
ESPN-NCAA_Football-401856824-20261004T221534Z,2026-10-04T15:15:34.362224-07:00,NCAA_Football,NCAA_Football,401856824,2026-10-10T16:00Z,UCF Knights,Oklahoma State Cowboys,Boone Pickens Stadium,Stillwater,OK,False,ESPN_PUBLIC,STATUS_SCHEDULED
ESPN-NCAA_Football-401858256-20261004T221534Z,2026-10-04T15:15:34.362224-07:00,NCAA_Football,NCAA_Football,401858256,2026-10-10T16:00Z,North Carolina Tar Heels,Pittsburgh Panthers,Acrisure Stadium,Pittsburgh,PA,False,ESPN_PUBLIC,STATUS_SCHEDULED
ESPN-NCAA_Football-401856823-20261004T221534Z,2026-10-04T15:15:34.362224-07:00,NCAA_Football,NCAA_Football,401856823,2026-10-10T16:00Z,Arizona Wildcats,West Virginia Mountaineers,Milan Puskar Stadium,Morgantown,WV,False,ESPN_PUBLIC,STATUS_SCHEDULED
ESPN-NCAA_Football-401858260-20261004T221534Z,2026-10-04T15:15:34.362224-07:00,NCAA_Football,NCAA_Football,401858260,2026-10-10T16:00Z,Wake Forest Demon Deacons,NC State Wolfpack,Carter-Finley Stadium,Raleigh,NC,False,ESPN_PUBLIC,STATUS_SCHEDULED
ESPN-NCAA_Football-401862795-20261004T221534Z,2026-10-04T15:15:34.362224-07:00,NCAA_Football,NCAA_Football,401862795,2026-10-10T16:00Z,Tulane Green Wave,Army Black Knights,Michie Stadium,West Point,NY,False,ESPN_PUBLIC,STATUS_SCHEDULED
ESPN-NCAA_Football-401866436-20261004T221534Z,2026-10-04T15:15:34.362224-07:00,NCAA_Football,NCAA_Football,401866436,2026-10-10T16:00Z,Sacramento State Hornets,Bowling Green Falcons,Doyt L. Perry Stadium,Bowling Green,OH,False,ESPN_PUBLIC,STATUS_SCHEDULED
ESPN-NCAA_Football-401858482-20261004T221534Z,2026-10-04T15:15:34.362224-07:00,NCAA_Football,NCAA_Football,401858482,2026-10-10T16:30Z,Ball State Cardinals,Northwestern Wildcats,Ryan Field,Evanston,IL,False,ESPN_PUBLIC,STATUS_SCHEDULED
ESPN-NCAA_Football-401856714-20261004T221534Z,2026-10-04T15:15:34.362224-07:00,NCAA_Football,NCAA_Football,401856714,2026-10-10T16:45Z,South Carolina Gamecocks,Florida Gators,Ben Hill Griffin Stadium,Gainesville,FL,False,ESPN_PUBLIC,STATUS_SCHEDULED
ESPN-NCAA_Football-401869843-20261004T221534Z,2026-10-04T15:15:34.362224-07:00,NCAA_Football,NCAA_Football,401869843,2026-10-10T17:00Z,Old Dominion Monarchs,App State Mountaineers,Kidd Brewer Stadium,Boone,NC,False,ESPN_PUBLIC,STATUS_SCHEDULED
ESPN-NCAA_Football-401866440-20261004T221534Z,2026-10-04T15:15:34.362224-07:00,NCAA_Football,NCAA_Football,401866440,2026-10-10T18:00Z,Miami (OH) RedHawks,Massachusetts Minutemen,Warren McGuirk Alumni Stadium,Amherst,MA,False,ESPN_PUBLIC,STATUS_SCHEDULED
ESPN-NCAA_Football-401856717-20261004T221534Z,2026-10-04T15:15:34.362224-07:00,NCAA_Football,NCAA_Football,401856717,2026-10-10T19:30Z,Texas Longhorns,Oklahoma Sooners,Cotton Bowl,Dallas,TX,False,ESPN_PUBLIC,STATUS_SCHEDULED
ESPN-NCAA_Football-401858257-20261004T221534Z,2026-10-04T15:15:34.362224-07:00,NCAA_Football,NCAA_Football,401858257,2026-10-10T19:30Z,Stanford Cardinal,Notre Dame Fighting Irish,Notre Dame Stadium,Notre Dame,IN,False,ESPN_PUBLIC,STATUS_SCHEDULED
ESPN-NCAA_Football-401856718-20261004T221534Z,2026-10-04T15:15:34.362224-07:00,NCAA_Football,NCAA_Football,401856718,2026-10-10T19:30Z,Ole Miss Rebels,Vanderbilt Commodores,FirstBank Stadium,Nashville,TN,False,ESPN_PUBLIC,STATUS_SCHEDULED
ESPN-NCAA_Football-401858484-20261004T221534Z,2026-10-04T15:15:34.362224-07:00,NCAA_Football,NCAA_Football,401858484,2026-10-10T19:30Z,UCLA Bruins,Oregon Ducks,Autzen Stadium,Eugene,OR,False,ESPN_PUBLIC,STATUS_SCHEDULED
ESPN-NCAA_Football-401856825-20261004T221534Z,2026-10-04T15:15:34.362224-07:00,NCAA_Football,NCAA_Football,401856825,2026-10-10T19:30Z,Houston Cougars,Kansas State Wildcats,Bill Snyder Family Stadium,Manhattan,KS,False,ESPN_PUBLIC,STATUS_SCHEDULED
ESPN-NCAA_Football-401858255-20261004T221534Z,2026-10-04T15:15:34.362224-07:00,NCAA_Football,NCAA_Football,401858255,2026-10-10T19:30Z,Duke Blue Devils,Georgia Tech Yellow Jackets,Bobby Dodd Stadium,Atlanta,GA,False,ESPN_PUBLIC,STATUS_SCHEDULED
ESPN-NCAA_Football-401858259-20261004T221534Z,2026-10-04T15:15:34.362224-07:00,NCAA_Football,NCAA_Football,401858259,2026-10-10T19:30Z,Virginia Tech Hokies,California Golden Bears,California Memorial Stadium,Berkeley,CA,False,ESPN_PUBLIC,STATUS_SCHEDULED
ESPN-NCAA_Football-401858480-20261004T221534Z,2026-10-04T15:15:34.362224-07:00,NCAA_Football,NCAA_Football,401858480,2026-10-10T19:30Z,Illinois Fighting Illini,Michigan State Spartans,Spartan Stadium,East Lansing,MI,False,ESPN_PUBLIC,STATUS_SCHEDULED
ESPN-NCAA_Football-401862796-20261004T221534Z,2026-10-04T15:15:34.362224-07:00,NCAA_Football,NCAA_Football,401862796,2026-10-10T19:30Z,Charlotte 49ers,North Texas Mean Green,DATCU Stadium,Denton,TX,False,ESPN_PUBLIC,STATUS_SCHEDULED
ESPN-NCAA_Football-401862799-20261004T221534Z,2026-10-04T15:15:34.362224-07:00,NCAA_Football,NCAA_Football,401862799,2026-10-10T19:30Z,Tulsa Golden Hurricane,Navy Midshipmen,Navy-Marine Corps Memorial Stadium,Annapolis,MD,False,ESPN_PUBLIC,STATUS_SCHEDULED
ESPN-NCAA_Football-401866435-20261004T221534Z,2026-10-04T15:15:34.362224-07:00,NCAA_Football,NCAA_Football,401866435,2026-10-10T19:30Z,Eastern Michigan Eagles,Akron Zips,InfoCision Stadium,Akron,OH,False,ESPN_PUBLIC,STATUS_SCHEDULED
ESPN-NCAA_Football-401866437-20261004T221534Z,2026-10-04T15:15:34.362224-07:00,NCAA_Football,NCAA_Football,401866437,2026-10-10T19:30Z,Buffalo Bulls,Toledo Rockets,Glass Bowl,Toledo,OH,False,ESPN_PUBLIC,STATUS_SCHEDULED
ESPN-NCAA_Football-401866438-20261004T221534Z,2026-10-04T15:15:34.362224-07:00,NCAA_Football,NCAA_Football,401866438,2026-10-10T19:30Z,Central Michigan Chippewas,Ohio Bobcats,Peden Stadium,Athens,OH,False,ESPN_PUBLIC,STATUS_SCHEDULED
ESPN-NCAA_Football-401866439-20261004T221534Z,2026-10-04T15:15:34.362224-07:00,NCAA_Football,NCAA_Football,401866439,2026-10-10T19:30Z,Kent State Golden Flashes,Western Michigan Broncos,Waldo Stadium,Kalamazoo,MI,False,ESPN_PUBLIC,STATUS_SCHEDULED
ESPN-NCAA_Football-401861964-20261004T221534Z,2026-10-04T15:15:34.362224-07:00,NCAA_Football,NCAA_Football,401861964,2026-10-10T19:45Z,UConn Huskies,Temple Owls,Lincoln Financial Field,Philadelphia,PA,False,ESPN_PUBLIC,STATUS_SCHEDULED
ESPN-NCAA_Football-401862797-20261004T221534Z,2026-10-04T15:15:34.362224-07:00,NCAA_Football,NCAA_Football,401862797,2026-10-10T20:00Z,Rice Owls,East Carolina Pirates,Dowdy-Ficklen Stadium,Greenville,NC,False,ESPN_PUBLIC,STATUS_SCHEDULED
ESPN-NCAA_Football-401858483-20261004T221534Z,2026-10-04T15:15:34.362224-07:00,NCAA_Football,NCAA_Football,401858483,2026-10-10T20:15Z,Maryland Terrapins,Ohio State Buckeyes,Ohio Stadium,Columbus,OH,False,ESPN_PUBLIC,STATUS_SCHEDULED
ESPN-NCAA_Football-401856713-20261004T221534Z,2026-10-04T15:15:34.362224-07:00,NCAA_Football,NCAA_Football,401856713,2026-10-10T20:15Z,Tennessee Volunteers,Arkansas Razorbacks,Donald W. Reynolds Razorback Stadium,Fayetteville,AR,False,ESPN_PUBLIC,STATUS_SCHEDULED
ESPN-NCAA_Football-401860902-20261004T221534Z,2026-10-04T15:15:34.362224-07:00,NCAA_Football,NCAA_Football,401860902,2026-10-10T22:00Z,San Diego State Aztecs,Oregon State Beavers,Reser Stadium,Corvallis,OR,False,ESPN_PUBLIC,STATUS_SCHEDULED
ESPN-NCAA_Football-401856715-20261004T221534Z,2026-10-04T15:15:34.362224-07:00,NCAA_Football,NCAA_Football,401856715,2026-10-10T23:00Z,LSU Tigers,Kentucky Wildcats,Kroger Field,Lexington,KY,False,ESPN_PUBLIC,STATUS_SCHEDULED
ESPN-NCAA_Football-401862798-20261004T221534Z,2026-10-04T15:15:34.362224-07:00,NCAA_Football,NCAA_Football,401862798,2026-10-10T23:00Z,UAB Blazers,Memphis Tigers,Simmons Bank Liberty Stadium,Memphis,TN,False,ESPN_PUBLIC,STATUS_SCHEDULED
ESPN-NCAA_Football-401864517-20261004T221534Z,2026-10-04T15:15:34.362224-07:00,NCAA_Football,NCAA_Football,401864517,2026-10-10T23:00Z,Nevada Wolf Pack,UTEP Miners,Sun Bowl,El Paso,TX,False,ESPN_PUBLIC,STATUS_SCHEDULED
ESPN-NCAA_Football-401864518-20261004T221534Z,2026-10-04T15:15:34.362224-07:00,NCAA_Football,NCAA_Football,401864518,2026-10-10T23:00Z,North Dakota State Bison,UNLV Rebels,Allegiant Stadium,Las Vegas,NV,True,ESPN_PUBLIC,STATUS_SCHEDULED
ESPN-NCAA_Football-401869943-20261004T221534Z,2026-10-04T15:15:34.362224-07:00,NCAA_Football,NCAA_Football,401869943,2026-10-10T23:00Z,Coastal Carolina Chanticleers,Marshall Thundering Herd,Joan C. Edwards Stadium,Huntington,WV,False,ESPN_PUBLIC,STATUS_SCHEDULED
ESPN-NCAA_Football-401856712-20261004T221534Z,2026-10-04T15:15:34.362224-07:00,NCAA_Football,NCAA_Football,401856712,2026-10-10T23:30Z,Georgia Bulldogs,Alabama Crimson Tide,Bryant-Denny Stadium,Tuscaloosa,AL,False,ESPN_PUBLIC,STATUS_SCHEDULED
ESPN-NCAA_Football-401858485-20261004T221534Z,2026-10-04T15:15:34.362224-07:00,NCAA_Football,NCAA_Football,401858485,2026-10-10T23:30Z,USC Trojans,Penn State Nittany Lions,Beaver Stadium,University Park,PA,False,ESPN_PUBLIC,STATUS_SCHEDULED
ESPN-NCAA_Football-401858258-20261004T221534Z,2026-10-04T15:15:34.362224-07:00,NCAA_Football,NCAA_Football,401858258,2026-10-10T23:30Z,Syracuse Orange,Virginia Cavaliers,Scott Stadium,Charlottesville,VA,False,ESPN_PUBLIC,STATUS_SCHEDULED
ESPN-NCAA_Football-401864516-20261004T221534Z,2026-10-04T15:15:34.362224-07:00,NCAA_Football,NCAA_Football,401864516,2026-10-10T23:30Z,Air Force Falcons,Northern Illinois Huskies,Huskie Stadium,Dekalb,IL,False,ESPN_PUBLIC,STATUS_SCHEDULED
ESPN-NCAA_Football-401869949-20261004T221534Z,2026-10-04T15:15:34.362224-07:00,NCAA_Football,NCAA_Football,401869949,2026-10-10T23:30Z,James Madison Dukes,Georgia Southern Eagles,Allen E. Paulson Stadium,Statesboro,GA,False,ESPN_PUBLIC,STATUS_SCHEDULED
ESPN-NCAA_Football-401869965-20261004T221534Z,2026-10-04T15:15:34.362224-07:00,NCAA_Football,NCAA_Football,401869965,2026-10-10T23:30Z,Louisiana Ragin' Cajuns,Louisiana Tech Bulldogs,Joe Aillet Stadium,Ruston,LA,False,ESPN_PUBLIC,STATUS_SCHEDULED
ESPN-NCAA_Football-401858486-20261004T221534Z,2026-10-04T15:15:34.362224-07:00,NCAA_Football,NCAA_Football,401858486,2026-10-11T00:00Z,Minnesota Golden Gophers,Purdue Boilermakers,Ross-Ade Stadium,West Lafayette,IN,False,ESPN_PUBLIC,STATUS_SCHEDULED
ESPN-NCAA_Football-401856808-20261004T221534Z,2026-10-04T15:15:34.362224-07:00,NCAA_Football,NCAA_Football,401856808,2026-10-11T01:30Z,Hawai'i Rainbow Warriors,Arizona State Sun Devils,Mountain America Stadium,Tempe,AZ,False,ESPN_PUBLIC,STATUS_SCHEDULED
ESPN-NCAA_Football-401856827-20261004T221534Z,2026-10-04T15:15:34.362224-07:00,NCAA_Football,NCAA_Football,401856827,2026-10-11T02:15Z,Kansas Jayhawks,Utah Utes,Rice-Eccles Stadium,Salt Lake City,UT,False,ESPN_PUBLIC,STATUS_SCHEDULED
ESPN-NCAA_Football-401860901-20261004T221534Z,2026-10-04T15:15:34.362224-07:00,NCAA_Football,NCAA_Football,401860901,2026-10-11T02:30Z,Boise State Broncos,Fresno State Bulldogs,Valley Children's Stadium,Fresno,CA,False,ESPN_PUBLIC,STATUS_SCHEDULED
ESPN-WNBA-401918301-20261004T221534Z,2026-10-04T15:15:34.362224-07:00,WNBA,WNBA,401918301,2026-10-11T04:00Z,Atlanta Dream,New York Liberty,Barclays Center,Brooklyn,NY,True,ESPN_PUBLIC,STATUS_SCHEDULED
ESPN-WNBA-401918302-20261004T221534Z,2026-10-04T15:15:34.362224-07:00,WNBA,WNBA,401918302,2026-10-11T04:00Z,Golden State Valkyries,Las Vegas Aces,Michelob ULTRA Arena,Las Vegas,NV,True,ESPN_PUBLIC,STATUS_SCHEDULED
ESPN-WNBA-401918299-20261004T221534Z,2026-10-04T15:15:34.362224-07:00,WNBA,WNBA,401918299,2026-10-09T23:30Z,Atlanta Dream,New York Liberty,Barclays Center,Brooklyn,NY,True,ESPN_PUBLIC,STATUS_SCHEDULED
ESPN-WNBA-401918300-20261004T221534Z,2026-10-04T15:15:34.362224-07:00,WNBA,WNBA,401918300,2026-10-10T01:30Z,Golden State Valkyries,Las Vegas Aces,Michelob ULTRA Arena,Las Vegas,NV,True,ESPN_PUBLIC,STATUS_SCHEDULED
ESPN-WNBA-401918297-20261004T221534Z,2026-10-04T15:15:34.362224-07:00,WNBA,WNBA,401918297,2026-10-07T23:30Z,New York Liberty,Atlanta Dream,State Farm Arena,Atlanta,GA,True,ESPN_PUBLIC,STATUS_SCHEDULED
ESPN-WNBA-401918298-20261004T221534Z,2026-10-04T15:15:34.362224-07:00,WNBA,WNBA,401918298,2026-10-08T01:30Z,Las Vegas Aces,Golden State Valkyries,Chase Center,San Francisco,CA,True,ESPN_PUBLIC,STATUS_SCHEDULED
ESPN-WNBA-401918295-20261004T221534Z,2026-10-04T15:15:34.362224-07:00,WNBA,WNBA,401918295,2026-10-04T18:00Z,New York Liberty,Atlanta Dream,State Farm Arena,Atlanta,GA,True,ESPN_PUBLIC,STATUS_FINAL
ESPN-WNBA-401918296-20261004T221534Z,2026-10-04T15:15:34.362224-07:00,WNBA,WNBA,401918296,2026-10-04T20:00Z,Las Vegas Aces,Golden State Valkyries,Chase Center,San Francisco,CA,True,ESPN_PUBLIC,STATUS_FINAL
ESPN-NFL-401872974-20261004T221534Z,2026-10-04T15:15:34.362224-07:00,NFL,NFL,401872974,2026-10-04T20:05Z,Miami Dolphins,Minnesota Vikings,U.S. Bank Stadium,Minneapolis,MN,True,ESPN_PUBLIC,STATUS_IN_PROGRESS
ESPN-NFL-401872976-20261004T221534Z,2026-10-04T15:15:34.362224-07:00,NFL,NFL,401872976,2026-10-04T20:25Z,Kansas City Chiefs,Las Vegas Raiders,Allegiant Stadium,Las Vegas,NV,True,ESPN_PUBLIC,STATUS_IN_PROGRESS
ESPN-NFL-401872975-20261004T221534Z,2026-10-04T15:15:34.362224-07:00,NFL,NFL,401872975,2026-10-04T20:25Z,Denver Broncos,San Francisco 49ers,Levi's Stadium,Santa Clara,CA,False,ESPN_PUBLIC,STATUS_IN_PROGRESS
ESPN-NFL-401872977-20261004T221534Z,2026-10-04T15:15:34.362224-07:00,NFL,NFL,401872977,2026-10-04T20:25Z,Los Angeles Chargers,Seattle Seahawks,Lumen Field,Seattle,WA,False,ESPN_PUBLIC,STATUS_HALFTIME
ESPN-NFL-401872965-20261004T221534Z,2026-10-04T15:15:34.362224-07:00,NFL,NFL,401872965,2026-10-04T13:30Z,Indianapolis Colts,Washington Commanders,Tottenham Hotspur Stadium,London,,False,ESPN_PUBLIC,STATUS_FINAL
ESPN-NFL-401872971-20261004T221534Z,2026-10-04T15:15:34.362224-07:00,NFL,NFL,401872971,2026-10-04T17:00Z,New England Patriots,Buffalo Bills,Highmark Stadium,Orchard Park,NY,False,ESPN_PUBLIC,STATUS_FINAL
ESPN-NFL-401872972-20261004T221534Z,2026-10-04T15:15:34.362224-07:00,NFL,NFL,401872972,2026-10-04T17:00Z,New York Jets,Chicago Bears,Soldier Field,Chicago,IL,False,ESPN_PUBLIC,STATUS_FINAL
ESPN-NFL-401872969-20261004T221534Z,2026-10-04T15:15:34.362224-07:00,NFL,NFL,401872969,2026-10-04T17:00Z,Jacksonville Jaguars,Cincinnati Bengals,Paycor Stadium,Cincinnati,OH,False,ESPN_PUBLIC,STATUS_FINAL
ESPN-NFL-401872966-20261004T221534Z,2026-10-04T15:15:34.362224-07:00,NFL,NFL,401872966,2026-10-04T17:00Z,Arizona Cardinals,New York Giants,MetLife Stadium,East Rutherford,NJ,False,ESPN_PUBLIC,STATUS_FINAL
ESPN-NFL-401872970-20261004T221534Z,2026-10-04T15:15:34.362224-07:00,NFL,NFL,401872970,2026-10-04T17:00Z,Los Angeles Rams,Philadelphia Eagles,Lincoln Financial Field,Philadelphia,PA,False,ESPN_PUBLIC,STATUS_FINAL
ESPN-NFL-401872968-20261004T221534Z,2026-10-04T15:15:34.362224-07:00,NFL,NFL,401872968,2026-10-04T17:00Z,Green Bay Packers,Tampa Bay Buccaneers,Raymond James Stadium,Tampa,FL,False,ESPN_PUBLIC,STATUS_FINAL
ESPN-NFL-401872973-20261004T221534Z,2026-10-04T15:15:34.362224-07:00,NFL,NFL,401872973,2026-10-04T17:00Z,Tennessee Titans,Baltimore Ravens,M&T Bank Stadium,Baltimore,MD,False,ESPN_PUBLIC,STATUS_FINAL
ESPN-NFL-401872967-20261004T221534Z,2026-10-04T15:15:34.362224-07:00,NFL,NFL,401872967,2026-10-04T17:00Z,Dallas Cowboys,Houston Texans,Reliant Stadium,Houston,TX,True,ESPN_PUBLIC,STATUS_FINAL
ESPN-NFL-401872978-20261004T221534Z,2026-10-04T15:15:34.362224-07:00,NFL,NFL,401872978,2026-10-05T00:20Z,Detroit Lions,Carolina Panthers,Bank of America Stadium,Charlotte,NC,False,ESPN_PUBLIC,STATUS_SCHEDULED
ESPN-NFL-401872979-20261004T221534Z,2026-10-04T15:15:34.362224-07:00,NFL,NFL,401872979,2026-10-06T00:15Z,Atlanta Falcons,New Orleans Saints,Caesars Superdome,New Orleans,LA,True,ESPN_PUBLIC,STATUS_SCHEDULED
ESPN-NFL-401872980-20261004T221534Z,2026-10-04T15:15:34.362224-07:00,NFL,NFL,401872980,2026-10-09T00:15Z,Tampa Bay Buccaneers,Dallas Cowboys,AT&T Stadium,Arlington,TX,True,ESPN_PUBLIC,STATUS_SCHEDULED
ESPN-NFL-401872981-20261004T221534Z,2026-10-04T15:15:34.362224-07:00,NFL,NFL,401872981,2026-10-11T13:30Z,Philadelphia Eagles,Jacksonville Jaguars,Tottenham Hotspur Stadium,London,,False,ESPN_PUBLIC,STATUS_SCHEDULED
ESPN-NFL-401872990-20261004T221534Z,2026-10-04T15:15:34.362224-07:00,NFL,NFL,401872990,2026-10-11T17:00Z,Chicago Bears,Green Bay Packers,Lambeau Field,Green Bay,WI,False,ESPN_PUBLIC,STATUS_SCHEDULED
ESPN-NFL-401872984-20261004T221534Z,2026-10-04T15:15:34.362224-07:00,NFL,NFL,401872984,2026-10-11T17:00Z,Houston Texans,Tennessee Titans,Nissan Stadium,Nashville,TN,False,ESPN_PUBLIC,STATUS_SCHEDULED
ESPN-NFL-401872982-20261004T221534Z,2026-10-04T15:15:34.362224-07:00,NFL,NFL,401872982,2026-10-11T17:00Z,Cincinnati Bengals,Miami Dolphins,Hard Rock Stadium,Miami Gardens,FL,False,ESPN_PUBLIC,STATUS_SCHEDULED
ESPN-NFL-401872986-20261004T221534Z,2026-10-04T15:15:34.362224-07:00,NFL,NFL,401872986,2026-10-11T17:00Z,Las Vegas Raiders,New England Patriots,Gillette Stadium,Foxborough,MA,False,ESPN_PUBLIC,STATUS_SCHEDULED
ESPN-NFL-401872987-20261004T221534Z,2026-10-04T15:15:34.362224-07:00,NFL,NFL,401872987,2026-10-11T17:00Z,Minnesota Vikings,New Orleans Saints,Caesars Superdome,New Orleans,LA,True,ESPN_PUBLIC,STATUS_SCHEDULED
ESPN-NFL-401872983-20261004T221534Z,2026-10-04T15:15:34.362224-07:00,NFL,NFL,401872983,2026-10-11T17:00Z,Cleveland Browns,New York Jets,MetLife Stadium,East Rutherford,NJ,False,ESPN_PUBLIC,STATUS_SCHEDULED
ESPN-NFL-401872985-20261004T221534Z,2026-10-04T15:15:34.362224-07:00,NFL,NFL,401872985,2026-10-11T17:00Z,Indianapolis Colts,Pittsburgh Steelers,Acrisure Stadium,Pittsburgh,PA,False,ESPN_PUBLIC,STATUS_SCHEDULED
ESPN-NFL-401872988-20261004T221534Z,2026-10-04T15:15:34.362224-07:00,NFL,NFL,401872988,2026-10-11T17:00Z,New York Giants,Washington Commanders,Northwest Stadium,Landover,MD,False,ESPN_PUBLIC,STATUS_SCHEDULED
ESPN-NFL-401872989-20261004T221534Z,2026-10-04T15:15:34.362224-07:00,NFL,NFL,401872989,2026-10-11T20:05Z,Denver Broncos,Los Angeles Chargers,SoFi Stadium,Inglewood,CA,False,ESPN_PUBLIC,STATUS_SCHEDULED
ESPN-NFL-401872991-20261004T221534Z,2026-10-04T15:15:34.362224-07:00,NFL,NFL,401872991,2026-10-11T20:25Z,Detroit Lions,Arizona Cardinals,State Farm Stadium,Glendale,AZ,True,ESPN_PUBLIC,STATUS_SCHEDULED
ESPN-NFL-401872992-20261004T221534Z,2026-10-04T15:15:34.362224-07:00,NFL,NFL,401872992,2026-10-11T20:25Z,San Francisco 49ers,Seattle Seahawks,Lumen Field,Seattle,WA,False,ESPN_PUBLIC,STATUS_SCHEDULED
ESPN-NFL-401872993-20261004T221534Z,2026-10-04T15:15:34.362224-07:00,NFL,NFL,401872993,2026-10-12T00:20Z,Baltimore Ravens,Atlanta Falcons,Mercedes-Benz Stadium,Atlanta,GA,True,ESPN_PUBLIC,STATUS_SCHEDULED
ESPN-NBA-401914127-20261004T221534Z,2026-10-04T15:15:34.362224-07:00,NBA,NBA,401914127,2026-10-04T23:00Z,Utah Jazz,Denver Nuggets,CU Events Center,Boulder,CO,True,ESPN_PUBLIC,STATUS_SCHEDULED
ESPN-NBA-401918010-20261004T221534Z,2026-10-04T15:15:34.362224-07:00,NBA,NBA,401918010,2026-10-04T23:00Z,Golden State Warriors,LA Clippers,Stan Sheriff Center,Honolulu,HI,True,ESPN_PUBLIC,STATUS_SCHEDULED
ESPN-NBA-401898388-20261004T221534Z,2026-10-04T15:15:34.362224-07:00,NBA,NBA,401898388,2026-10-05T23:00Z,Memphis Grizzlies,Atlanta Hawks,State Farm Arena,Atlanta,GA,True,ESPN_PUBLIC,STATUS_SCHEDULED
ESPN-NBA-401908947-20261004T221534Z,2026-10-04T15:15:34.362224-07:00,NBA,NBA,401908947,2026-10-05T23:00Z,Phoenix Suns,Detroit Pistons,Little Caesars Arena,Detroit,MI,True,ESPN_PUBLIC,STATUS_SCHEDULED
ESPN-NBA-401914101-20261004T221534Z,2026-10-04T15:15:34.362224-07:00,NBA,NBA,401914101,2026-10-05T23:00Z,New York Knicks,Philadelphia 76ers,Xfinity Mobile Arena,Philadelphia,PA,True,ESPN_PUBLIC,STATUS_SCHEDULED
ESPN-NBA-401914102-20261004T221534Z,2026-10-04T15:15:34.362224-07:00,NBA,NBA,401914102,2026-10-06T00:00Z,Minnesota Timberwolves,Milwaukee Bucks,Fiserv Forum,Milwaukee,WI,True,ESPN_PUBLIC,STATUS_SCHEDULED
ESPN-NBA-401898716-20261004T221534Z,2026-10-04T15:15:34.362224-07:00,NBA,NBA,401898716,2026-10-06T02:00Z,Los Angeles Lakers,Sacramento Kings,Golden 1 Center,Sacramento,CA,True,ESPN_PUBLIC,STATUS_SCHEDULED
ESPN-NBA-401898395-20261004T221534Z,2026-10-04T15:15:34.362224-07:00,NBA,NBA,401898395,2026-10-09T12:00Z,Houston Rockets,Dallas Mavericks,Venetian Arena,,,True,ESPN_PUBLIC,STATUS_SCHEDULED
ESPN-NBA-401908940-20261004T221534Z,2026-10-04T15:15:34.362224-07:00,NBA,NBA,401908940,2026-10-10T00:00Z,Memphis Grizzlies,Chicago Bulls,United Center,Chicago,IL,True,ESPN_PUBLIC,STATUS_SCHEDULED
ESPN-NBA-401901820-20261004T221534Z,2026-10-04T15:15:34.362224-07:00,NBA,NBA,401901820,2026-10-06T23:00Z,Brooklyn Nets,Charlotte Hornets,Spectrum Center,Charlotte,NC,True,ESPN_PUBLIC,STATUS_SCHEDULED
ESPN-NBA-401898389-20261004T221534Z,2026-10-04T15:15:34.362224-07:00,NBA,NBA,401898389,2026-10-07T00:00Z,New Orleans Pelicans,Oklahoma City Thunder,BOK Center,Tulsa,OK,True,ESPN_PUBLIC,STATUS_SCHEDULED
ESPN-NBA-401914128-20261004T221534Z,2026-10-04T15:15:34.362224-07:00,NBA,NBA,401914128,2026-10-07T01:00Z,Denver Nuggets,Utah Jazz,Delta Center,Salt Lake City,UT,True,ESPN_PUBLIC,STATUS_SCHEDULED
ESPN-NBA-401898390-20261004T221534Z,2026-10-04T15:15:34.362224-07:00,NBA,NBA,401898390,2026-10-07T02:00Z,Los Angeles Lakers,Golden State Warriors,Chase Center,San Francisco,CA,True,ESPN_PUBLIC,STATUS_SCHEDULED
ESPN-NBA-401898400-20261004T221534Z,2026-10-04T15:15:34.362224-07:00,NBA,NBA,401898400,2026-10-11T10:00Z,Dallas Mavericks,Houston Rockets,Venetian Arena,,,True,ESPN_PUBLIC,STATUS_SCHEDULED
ESPN-NBA-401898401-20261004T221534Z,2026-10-04T15:15:34.362224-07:00,NBA,NBA,401898401,2026-10-11T22:30Z,Orlando Magic,Cleveland Cavaliers,Rocket Arena,Cleveland,OH,True,ESPN_PUBLIC,STATUS_SCHEDULED
ESPN-NBA-401901821-20261004T221534Z,2026-10-04T15:15:34.362224-07:00,NBA,NBA,401901821,2026-10-11T23:00Z,Milwaukee Bucks,Charlotte Hornets,Spectrum Center,Charlotte,NC,True,ESPN_PUBLIC,STATUS_SCHEDULED
ESPN-NBA-401908941-20261004T221534Z,2026-10-04T15:15:34.362224-07:00,NBA,NBA,401908941,2026-10-12T01:00Z,Chicago Bulls,Denver Nuggets,Ball Arena,Denver,CO,True,ESPN_PUBLIC,STATUS_SCHEDULED
ESPN-NBA-401902645-20261004T221534Z,2026-10-04T15:15:34.362224-07:00,NBA,NBA,401902645,2026-10-10T22:30Z,LA Clippers,Toronto Raptors,Rogers Arena,Vancouver,BC,True,ESPN_PUBLIC,STATUS_SCHEDULED
ESPN-NBA-401898396-20261004T221534Z,2026-10-04T15:15:34.362224-07:00,NBA,NBA,401898396,2026-10-10T23:00Z,Atlanta Hawks,Indiana Pacers,Gainbridge Fieldhouse,Indianapolis,IN,True,ESPN_PUBLIC,STATUS_SCHEDULED
ESPN-NBA-401906510-20261004T221534Z,2026-10-04T15:15:34.362224-07:00,NBA,NBA,401906510,2026-10-10T23:00Z,Detroit Pistons,Washington Wizards,Capital One Arena,Washington,DC,True,ESPN_PUBLIC,STATUS_SCHEDULED
ESPN-NBA-401898397-20261004T221534Z,2026-10-04T15:15:34.362224-07:00,NBA,NBA,401898397,2026-10-11T00:00Z,Minnesota Timberwolves,Miami Heat,Kaseya Center,Miami,FL,True,ESPN_PUBLIC,STATUS_SCHEDULED
ESPN-NBA-401898398-20261004T221534Z,2026-10-04T15:15:34.362224-07:00,NBA,NBA,401898398,2026-10-11T00:00Z,Philadelphia 76ers,Boston Celtics,TD Garden,Boston,MA,True,ESPN_PUBLIC,STATUS_SCHEDULED
ESPN-NBA-401898399-20261004T221534Z,2026-10-04T15:15:34.362224-07:00,NBA,NBA,401898399,2026-10-11T00:30Z,Sacramento Kings,Golden State Warriors,Chase Center,San Francisco,CA,True,ESPN_PUBLIC,STATUS_SCHEDULED
ESPN-NBA-401898720-20261004T221534Z,2026-10-04T15:15:34.362224-07:00,NBA,NBA,401898720,2026-10-11T02:30Z,San Antonio Spurs,Phoenix Suns,Mortgage Matchup Center,Phoenix,AZ,True,ESPN_PUBLIC,STATUS_SCHEDULED
ESPN-NBA-401914123-20261004T221534Z,2026-10-04T15:15:34.362224-07:00,NBA,NBA,401914123,2026-10-07T23:00Z,Minnesota Timberwolves,Indiana Pacers,Hilton Coliseum,Ames,IA,True,ESPN_PUBLIC,STATUS_SCHEDULED
ESPN-NBA-401898391-20261004T221534Z,2026-10-04T15:15:34.362224-07:00,NBA,NBA,401898391,2026-10-08T00:00Z,Orlando Magic,Memphis Grizzlies,FedExForum,Memphis,TN,True,ESPN_PUBLIC,STATUS_SCHEDULED
ESPN-NBA-401908620-20261004T221534Z,2026-10-04T15:15:34.362224-07:00,NBA,NBA,401908620,2026-10-08T00:00Z,Milwaukee Bucks,Oklahoma City Thunder,Paycom Center,Oklahoma City,OK,True,ESPN_PUBLIC,STATUS_SCHEDULED
ESPN-NBA-401908939-20261004T221534Z,2026-10-04T15:15:34.362224-07:00,NBA,NBA,401908939,2026-10-08T00:00Z,Phoenix Suns,Chicago Bulls,United Center,Chicago,IL,True,ESPN_PUBLIC,STATUS_SCHEDULED
ESPN-NBA-401914129-20261004T221534Z,2026-10-04T15:15:34.362224-07:00,NBA,NBA,401914129,2026-10-08T02:00Z,Golden State Warriors,Portland Trail Blazers,Moda Center,Portland,OR,True,ESPN_PUBLIC,STATUS_SCHEDULED
ESPN-NBA-401898392-20261004T221534Z,2026-10-04T15:15:34.362224-07:00,NBA,NBA,401898392,2026-10-08T23:00Z,Boston Celtics,Cleveland Cavaliers,Rocket Arena,Cleveland,OH,True,ESPN_PUBLIC,STATUS_SCHEDULED
ESPN-NBA-401898393-20261004T221534Z,2026-10-04T15:15:34.362224-07:00,NBA,NBA,401898393,2026-10-08T23:30Z,New Orleans Pelicans,Miami Heat,Kaseya Center,Miami,FL,True,ESPN_PUBLIC,STATUS_SCHEDULED
ESPN-NBA-401901823-20261004T221534Z,2026-10-04T15:15:34.362224-07:00,NBA,NBA,401901823,2026-10-08T23:30Z,Philadelphia 76ers,Brooklyn Nets,Barclays Center,Brooklyn,NY,True,ESPN_PUBLIC,STATUS_SCHEDULED
ESPN-NBA-401906508-20261004T221534Z,2026-10-04T15:15:34.362224-07:00,NBA,NBA,401906508,2026-10-08T23:30Z,Washington Wizards,New York Knicks,Madison Square Garden,New York,NY,True,ESPN_PUBLIC,STATUS_SCHEDULED
ESPN-NBA-401898394-20261004T221534Z,2026-10-04T15:15:34.362224-07:00,NBA,NBA,401898394,2026-10-09T00:00Z,Atlanta Hawks,San Antonio Spurs,Frost Bank Center,San Antonio,TX,True,ESPN_PUBLIC,STATUS_SCHEDULED
ESPN-NBA-401898717-20261004T221534Z,2026-10-04T15:15:34.362224-07:00,NBA,NBA,401898717,2026-10-09T02:30Z,Sacramento Kings,Los Angeles Lakers,crypto.com Arena,Los Angeles,CA,True,ESPN_PUBLIC,STATUS_SCHEDULED
ESPN-NHL-401892445-20261004T221534Z,2026-10-04T15:15:34.362224-07:00,NHL,NHL,401892445,2026-10-05T23:00Z,Philadelphia Flyers,Tampa Bay Lightning,Benchmark International Arena,Tampa,FL,True,ESPN_PUBLIC,STATUS_SCHEDULED
ESPN-NHL-401892446-20261004T221534Z,2026-10-04T15:15:34.362224-07:00,NHL,NHL,401892446,2026-10-05T23:30Z,Ottawa Senators,Boston Bruins,TD Garden,Boston,MA,True,ESPN_PUBLIC,STATUS_SCHEDULED
ESPN-NHL-401892447-20261004T221534Z,2026-10-04T15:15:34.362224-07:00,NHL,NHL,401892447,2026-10-05T23:30Z,Winnipeg Jets,Pittsburgh Penguins,PPG Paints Arena,Pittsburgh,PA,True,ESPN_PUBLIC,STATUS_SCHEDULED
ESPN-NHL-401892448-20261004T221534Z,2026-10-04T15:15:34.362224-07:00,NHL,NHL,401892448,2026-10-06T00:00Z,San Jose Sharks,Dallas Stars,American Airlines Center,Dallas,TX,True,ESPN_PUBLIC,STATUS_SCHEDULED
ESPN-NHL-401891820-20261004T221534Z,2026-10-04T15:15:34.362224-07:00,NHL,NHL,401891820,2026-10-08T23:00Z,Philadelphia Flyers,Ottawa Senators,Canadian Tire Centre,Ottawa,ON,True,ESPN_PUBLIC,STATUS_SCHEDULED
ESPN-NHL-401892457-20261004T221534Z,2026-10-04T15:15:34.362224-07:00,NHL,NHL,401892457,2026-10-08T23:00Z,Utah Mammoth,Boston Bruins,TD Garden,Boston,MA,True,ESPN_PUBLIC,STATUS_SCHEDULED
ESPN-NHL-401892458-20261004T221534Z,2026-10-04T15:15:34.362224-07:00,NHL,NHL,401892458,2026-10-08T23:00Z,Dallas Stars,Buffalo Sabres,KeyBank Center,Buffalo,NY,True,ESPN_PUBLIC,STATUS_SCHEDULED
ESPN-NHL-401892459-20261004T221534Z,2026-10-04T15:15:34.362224-07:00,NHL,NHL,401892459,2026-10-08T23:00Z,Nashville Predators,Montreal Canadiens,Bell Centre,Montreal,QC,True,ESPN_PUBLIC,STATUS_SCHEDULED
ESPN-NHL-401892460-20261004T221534Z,2026-10-04T15:15:34.362224-07:00,NHL,NHL,401892460,2026-10-08T23:00Z,Minnesota Wild,Tampa Bay Lightning,Benchmark International Arena,Tampa,FL,True,ESPN_PUBLIC,STATUS_SCHEDULED
ESPN-NHL-401892461-20261004T221534Z,2026-10-04T15:15:34.362224-07:00,NHL,NHL,401892461,2026-10-08T23:00Z,Vancouver Canucks,Carolina Hurricanes,Lenovo Center,Raleigh,NC,True,ESPN_PUBLIC,STATUS_SCHEDULED
ESPN-NHL-401892462-20261004T221534Z,2026-10-04T15:15:34.362224-07:00,NHL,NHL,401892462,2026-10-08T23:30Z,Chicago Blackhawks,New York Islanders,UBS Arena,Elmont,NY,True,ESPN_PUBLIC,STATUS_SCHEDULED
ESPN-NHL-401891825-20261004T221534Z,2026-10-04T15:15:34.362224-07:00,NHL,NHL,401891825,2026-10-09T00:00Z,San Jose Sharks,St. Louis Blues,Enterprise Center,St. Louis,MO,True,ESPN_PUBLIC,STATUS_SCHEDULED
ESPN-NHL-401892463-20261004T221534Z,2026-10-04T15:15:34.362224-07:00,NHL,NHL,401892463,2026-10-09T01:00Z,Colorado Avalanche,Calgary Flames,Scotiabank Saddledome,Calgary,AB,True,ESPN_PUBLIC,STATUS_SCHEDULED
ESPN-NHL-401892464-20261004T221534Z,2026-10-04T15:15:34.362224-07:00,NHL,NHL,401892464,2026-10-09T02:00Z,Toronto Maple Leafs,Vegas Golden Knights,T-Mobile Arena,Las Vegas,NV,True,ESPN_PUBLIC,STATUS_SCHEDULED
ESPN-NHL-401891830-20261004T221534Z,2026-10-04T15:15:34.362224-07:00,NHL,NHL,401891830,2026-10-07T23:30Z,Pittsburgh Penguins,Washington Capitals,Capital One Arena,Washington,DC,True,ESPN_PUBLIC,STATUS_SCHEDULED
ESPN-NHL-401892455-20261004T221534Z,2026-10-04T15:15:34.362224-07:00,NHL,NHL,401892455,2026-10-07T23:30Z,Colorado Avalanche,Winnipeg Jets,Canada Life Centre,Winnipeg,MB,True,ESPN_PUBLIC,STATUS_SCHEDULED
ESPN-NHL-401892456-20261004T221534Z,2026-10-04T15:15:34.362224-07:00,NHL,NHL,401892456,2026-10-08T02:00Z,Edmonton Oilers,Anaheim Ducks,Honda Center,Anaheim,CA,True,ESPN_PUBLIC,STATUS_SCHEDULED
ESPN-NHL-401892465-20261004T221534Z,2026-10-04T15:15:34.362224-07:00,NHL,NHL,401892465,2026-10-09T23:00Z,Seattle Kraken,Detroit Red Wings,Little Caesars Arena,Detroit,MI,True,ESPN_PUBLIC,STATUS_SCHEDULED
ESPN-NHL-401892466-20261004T221534Z,2026-10-04T15:15:34.362224-07:00,NHL,NHL,401892466,2026-10-09T23:00Z,New York Rangers,Washington Capitals,Capital One Arena,Washington,DC,True,ESPN_PUBLIC,STATUS_SCHEDULED
ESPN-NHL-401892467-20261004T221534Z,2026-10-04T15:15:34.362224-07:00,NHL,NHL,401892467,2026-10-09T23:00Z,Pittsburgh Penguins,Columbus Blue Jackets,Nationwide Arena,Columbus,OH,True,ESPN_PUBLIC,STATUS_SCHEDULED
ESPN-NHL-401892468-20261004T221534Z,2026-10-04T15:15:34.362224-07:00,NHL,NHL,401892468,2026-10-10T00:00Z,Anaheim Ducks,Winnipeg Jets,Canada Life Centre,Winnipeg,MB,True,ESPN_PUBLIC,STATUS_SCHEDULED
ESPN-NHL-401892442-20261004T221534Z,2026-10-04T15:15:34.362224-07:00,NHL,NHL,401892442,2026-10-04T17:00Z,Winnipeg Jets,Detroit Red Wings,Little Caesars Arena,Detroit,MI,True,ESPN_PUBLIC,STATUS_FINAL
ESPN-NHL-401892443-20261004T221534Z,2026-10-04T15:15:34.362224-07:00,NHL,NHL,401892443,2026-10-04T22:00Z,Utah Mammoth,New York Rangers,Madison Square Garden,New York,NY,True,ESPN_PUBLIC,STATUS_IN_PROGRESS
ESPN-NHL-401891778-20261004T221534Z,2026-10-04T15:15:34.362224-07:00,NHL,NHL,401891778,2026-10-05T00:00Z,Florida Panthers,Anaheim Ducks,Honda Center,Anaheim,CA,True,ESPN_PUBLIC,STATUS_SCHEDULED
ESPN-NHL-401891824-20261004T221534Z,2026-10-04T15:15:34.362224-07:00,NHL,NHL,401891824,2026-10-05T00:00Z,Calgary Flames,Seattle Kraken,Climate Pledge Arena,Seattle,WA,True,ESPN_PUBLIC,STATUS_SCHEDULED
ESPN-NHL-401892444-20261004T221534Z,2026-10-04T15:15:34.362224-07:00,NHL,NHL,401892444,2026-10-05T01:00Z,Vegas Golden Knights,Vancouver Canucks,Rogers Arena,Vancouver,BC,True,ESPN_PUBLIC,STATUS_SCHEDULED
ESPN-NHL-401891815-20261004T221534Z,2026-10-04T15:15:34.362224-07:00,NHL,NHL,401891815,2026-10-06T23:00Z,Carolina Hurricanes,Montreal Canadiens,Bell Centre,Montreal,QC,True,ESPN_PUBLIC,STATUS_SCHEDULED
ESPN-NHL-401892449-20261004T221534Z,2026-10-04T15:15:34.362224-07:00,NHL,NHL,401892449,2026-10-06T23:00Z,Nashville Predators,Toronto Maple Leafs,Scotiabank Arena,Toronto,ON,True,ESPN_PUBLIC,STATUS_SCHEDULED
ESPN-NHL-401892450-20261004T221534Z,2026-10-04T15:15:34.362224-07:00,NHL,NHL,401892450,2026-10-06T23:00Z,Ottawa Senators,Detroit Red Wings,Little Caesars Arena,Detroit,MI,True,ESPN_PUBLIC,STATUS_SCHEDULED
ESPN-NHL-401892451-20261004T221534Z,2026-10-04T15:15:34.362224-07:00,NHL,NHL,401892451,2026-10-06T23:00Z,Utah Mammoth,New Jersey Devils,Prudential Center,Newark,NJ,True,ESPN_PUBLIC,STATUS_SCHEDULED
ESPN-NHL-401892453-20261004T221534Z,2026-10-04T15:15:34.362224-07:00,NHL,NHL,401892453,2026-10-06T23:00Z,Minnesota Wild,Buffalo Sabres,KeyBank Center,Buffalo,NY,True,ESPN_PUBLIC,STATUS_SCHEDULED
ESPN-NHL-401892452-20261004T221534Z,2026-10-04T15:15:34.362224-07:00,NHL,NHL,401892452,2026-10-06T23:30Z,New York Islanders,New York Rangers,Madison Square Garden,New York,NY,True,ESPN_PUBLIC,STATUS_SCHEDULED
ESPN-NHL-401891779-20261004T221534Z,2026-10-04T15:15:34.362224-07:00,NHL,NHL,401891779,2026-10-07T00:00Z,St. Louis Blues,Chicago Blackhawks,United Center,Chicago,IL,True,ESPN_PUBLIC,STATUS_SCHEDULED
ESPN-NHL-401892454-20261004T221534Z,2026-10-04T15:15:34.362224-07:00,NHL,NHL,401892454,2026-10-07T01:00Z,Vegas Golden Knights,Seattle Kraken,Climate Pledge Arena,Seattle,WA,True,ESPN_PUBLIC,STATUS_SCHEDULED
ESPN-NHL-401891806-20261004T221534Z,2026-10-04T15:15:34.362224-07:00,NHL,NHL,401891806,2026-10-07T02:00Z,Florida Panthers,Los Angeles Kings,crypto.com Arena,Los Angeles,CA,True,ESPN_PUBLIC,STATUS_SCHEDULED
ESPN-NHL-401892469-20261004T221534Z,2026-10-04T15:15:34.362224-07:00,NHL,NHL,401892469,2026-10-10T17:00Z,Philadelphia Flyers,Boston Bruins,TD Garden,Boston,MA,True,ESPN_PUBLIC,STATUS_SCHEDULED
ESPN-NHL-401892470-20261004T221534Z,2026-10-04T15:15:34.362224-07:00,NHL,NHL,401892470,2026-10-10T19:30Z,Vancouver Canucks,New Jersey Devils,Prudential Center,Newark,NJ,True,ESPN_PUBLIC,STATUS_SCHEDULED
ESPN-NHL-401892471-20261004T221534Z,2026-10-04T15:15:34.362224-07:00,NHL,NHL,401892471,2026-10-10T20:00Z,Edmonton Oilers,San Jose Sharks,SAP Center at San Jose,San Jose,CA,True,ESPN_PUBLIC,STATUS_SCHEDULED
ESPN-NHL-401891805-20261004T221534Z,2026-10-04T15:15:34.362224-07:00,NHL,NHL,401891805,2026-10-10T22:00Z,Minnesota Wild,Florida Panthers,Amerant Bank Arena,Sunrise,FL,True,ESPN_PUBLIC,STATUS_SCHEDULED
ESPN-NHL-401892472-20261004T221534Z,2026-10-04T15:15:34.362224-07:00,NHL,NHL,401892472,2026-10-10T23:00Z,Utah Mammoth,Buffalo Sabres,KeyBank Center,Buffalo,NY,True,ESPN_PUBLIC,STATUS_SCHEDULED
ESPN-NHL-401892473-20261004T221534Z,2026-10-04T15:15:34.362224-07:00,NHL,NHL,401892473,2026-10-10T23:00Z,Detroit Red Wings,Montreal Canadiens,Bell Centre,Montreal,QC,True,ESPN_PUBLIC,STATUS_SCHEDULED
ESPN-NHL-401892474-20261004T221534Z,2026-10-04T15:15:34.362224-07:00,NHL,NHL,401892474,2026-10-10T23:00Z,Nashville Predators,Ottawa Senators,Canadian Tire Centre,Ottawa,ON,True,ESPN_PUBLIC,STATUS_SCHEDULED
ESPN-NHL-401892475-20261004T221534Z,2026-10-04T15:15:34.362224-07:00,NHL,NHL,401892475,2026-10-10T23:00Z,Dallas Stars,Pittsburgh Penguins,PPG Paints Arena,Pittsburgh,PA,True,ESPN_PUBLIC,STATUS_SCHEDULED
ESPN-NHL-401892476-20261004T221534Z,2026-10-04T15:15:34.362224-07:00,NHL,NHL,401892476,2026-10-10T23:00Z,Carolina Hurricanes,Chicago Blackhawks,United Center,Chicago,IL,True,ESPN_PUBLIC,STATUS_SCHEDULED
ESPN-NHL-401892477-20261004T221534Z,2026-10-04T15:15:34.362224-07:00,NHL,NHL,401892477,2026-10-10T23:00Z,Columbus Blue Jackets,St. Louis Blues,Enterprise Center,St. Louis,MO,True,ESPN_PUBLIC,STATUS_SCHEDULED
ESPN-NHL-401892478-20261004T221534Z,2026-10-04T15:15:34.362224-07:00,NHL,NHL,401892478,2026-10-10T23:00Z,Toronto Maple Leafs,Colorado Avalanche,Ball Arena,Denver,CO,True,ESPN_PUBLIC,STATUS_SCHEDULED
ESPN-NHL-401892479-20261004T221534Z,2026-10-04T15:15:34.362224-07:00,NHL,NHL,401892479,2026-10-10T23:30Z,Tampa Bay Lightning,New York Islanders,UBS Arena,Elmont,NY,True,ESPN_PUBLIC,STATUS_SCHEDULED
ESPN-NHL-401892480-20261004T221534Z,2026-10-04T15:15:34.362224-07:00,NHL,NHL,401892480,2026-10-11T02:00Z,Anaheim Ducks,Calgary Flames,Scotiabank Saddledome,Calgary,AB,True,ESPN_PUBLIC,STATUS_SCHEDULED
ESPN-NHL-401892481-20261004T221534Z,2026-10-04T15:15:34.362224-07:00,NHL,NHL,401892481,2026-10-11T02:00Z,Los Angeles Kings,Vegas Golden Knights,T-Mobile Arena,Las Vegas,NV,True,ESPN_PUBLIC,STATUS_SCHEDULED
ESPN-NHL-401892482-20261004T221534Z,2026-10-04T15:15:34.362224-07:00,NHL,NHL,401892482,2026-10-11T21:00Z,Seattle Kraken,Washington Capitals,Capital One Arena,Washington,DC,True,ESPN_PUBLIC,STATUS_SCHEDULED
ESPN-NHL-401892483-20261004T221534Z,2026-10-04T15:15:34.362224-07:00,NHL,NHL,401892483,2026-10-11T22:00Z,Vancouver Canucks,New York Rangers,Madison Square Garden,New York,NY,True,ESPN_PUBLIC,STATUS_SCHEDULED
ESPN-NHL-401892484-20261004T221534Z,2026-10-04T15:15:34.362224-07:00,NHL,NHL,401892484,2026-10-11T23:00Z,Carolina Hurricanes,Philadelphia Flyers,Xfinity Mobile Arena,Philadelphia,PA,True,ESPN_PUBLIC,STATUS_SCHEDULED
NHLWEB-2026020035-20261004T221748Z,2026-10-04T15:17:48.385069-07:00,NHL,NHL,2026020035,2026-10-04T17:00:00Z,Winnipeg,Detroit,NHL_WEB,OFF
NHLWEB-2026020036-20261004T221748Z,2026-10-04T15:17:48.385069-07:00,NHL,NHL,2026020036,2026-10-04T22:00:00Z,Utah,New York,NHL_WEB,LIVE
NHLWEB-2026020037-20261004T221748Z,2026-10-04T15:17:48.385069-07:00,NHL,NHL,2026020037,2026-10-05T00:00:00Z,Florida,Anaheim,NHL_WEB,FUT
NHLWEB-2026020038-20261004T221748Z,2026-10-04T15:17:48.385069-07:00,NHL,NHL,2026020038,2026-10-05T00:00:00Z,Calgary,Seattle,NHL_WEB,FUT
NHLWEB-2026020039-20261004T221748Z,2026-10-04T15:17:48.385069-07:00,NHL,NHL,2026020039,2026-10-05T01:00:00Z,Vegas,Vancouver,NHL_WEB,FUT
NHLWEB-2026020040-20261004T221748Z,2026-10-04T15:17:48.385069-07:00,NHL,NHL,2026020040,2026-10-05T23:00:00Z,Philadelphia,Tampa Bay,NHL_WEB,FUT
NHLWEB-2026020041-20261004T221748Z,2026-10-04T15:17:48.385069-07:00,NHL,NHL,2026020041,2026-10-05T23:30:00Z,Ottawa,Boston,NHL_WEB,FUT
NHLWEB-2026020042-20261004T221748Z,2026-10-04T15:17:48.385069-07:00,NHL,NHL,2026020042,2026-10-05T23:30:00Z,Winnipeg,Pittsburgh,NHL_WEB,FUT
NHLWEB-2026020043-20261004T221748Z,2026-10-04T15:17:48.385069-07:00,NHL,NHL,2026020043,2026-10-06T00:00:00Z,San Jose,Dallas,NHL_WEB,FUT
NHLWEB-2026020044-20261004T221748Z,2026-10-04T15:17:48.385069-07:00,NHL,NHL,2026020044,2026-10-06T23:00:00Z,Nashville,Toronto,NHL_WEB,FUT
NHLWEB-2026020045-20261004T221748Z,2026-10-04T15:17:48.385069-07:00,NHL,NHL,2026020045,2026-10-06T23:00:00Z,Carolina,Montréal,NHL_WEB,FUT
NHLWEB-2026020046-20261004T221748Z,2026-10-04T15:17:48.385069-07:00,NHL,NHL,2026020046,2026-10-06T23:00:00Z,Ottawa,Detroit,NHL_WEB,FUT
NHLWEB-2026020047-20261004T221748Z,2026-10-04T15:17:48.385069-07:00,NHL,NHL,2026020047,2026-10-06T23:00:00Z,Utah,New Jersey,NHL_WEB,FUT
NHLWEB-2026020049-20261004T221748Z,2026-10-04T15:17:48.385069-07:00,NHL,NHL,2026020049,2026-10-06T23:00:00Z,Minnesota,Buffalo,NHL_WEB,FUT
NHLWEB-2026020048-20261004T221748Z,2026-10-04T15:17:48.385069-07:00,NHL,NHL,2026020048,2026-10-06T23:30:00Z,New York,New York,NHL_WEB,FUT
NHLWEB-2026020050-20261004T221748Z,2026-10-04T15:17:48.385069-07:00,NHL,NHL,2026020050,2026-10-07T00:00:00Z,St. Louis,Chicago,NHL_WEB,FUT
NHLWEB-2026020051-20261004T221748Z,2026-10-04T15:17:48.385069-07:00,NHL,NHL,2026020051,2026-10-07T01:40:00Z,Vegas,Seattle,NHL_WEB,FUT
NHLWEB-2026020052-20261004T221748Z,2026-10-04T15:17:48.385069-07:00,NHL,NHL,2026020052,2026-10-07T02:00:00Z,Florida,Los Angeles,NHL_WEB,FUT
NHLWEB-2026020053-20261004T221748Z,2026-10-04T15:17:48.385069-07:00,NHL,NHL,2026020053,2026-10-07T23:30:00Z,Pittsburgh,Washington,NHL_WEB,FUT
NHLWEB-2026020054-20261004T221748Z,2026-10-04T15:17:48.385069-07:00,NHL,NHL,2026020054,2026-10-07T23:30:00Z,Colorado,Winnipeg,NHL_WEB,FUT
NHLWEB-2026020055-20261004T221748Z,2026-10-04T15:17:48.385069-07:00,NHL,NHL,2026020055,2026-10-08T02:00:00Z,Edmonton,Anaheim,NHL_WEB,FUT
NHLWEB-2026020056-20261004T221748Z,2026-10-04T15:17:48.385069-07:00,NHL,NHL,2026020056,2026-10-08T23:00:00Z,Utah,Boston,NHL_WEB,FUT
NHLWEB-2026020057-20261004T221748Z,2026-10-04T15:17:48.385069-07:00,NHL,NHL,2026020057,2026-10-08T23:00:00Z,Dallas,Buffalo,NHL_WEB,FUT
NHLWEB-2026020058-20261004T221748Z,2026-10-04T15:17:48.385069-07:00,NHL,NHL,2026020058,2026-10-08T23:00:00Z,Nashville,Montréal,NHL_WEB,FUT
NHLWEB-2026020059-20261004T221748Z,2026-10-04T15:17:48.385069-07:00,NHL,NHL,2026020059,2026-10-08T23:00:00Z,Philadelphia,Ottawa,NHL_WEB,FUT
NHLWEB-2026020060-20261004T221748Z,2026-10-04T15:17:48.385069-07:00,NHL,NHL,2026020060,2026-10-08T23:00:00Z,Minnesota,Tampa Bay,NHL_WEB,FUT
NHLWEB-2026020061-20261004T221748Z,2026-10-04T15:17:48.385069-07:00,NHL,NHL,2026020061,2026-10-08T23:00:00Z,Vancouver,Carolina,NHL_WEB,FUT
NHLWEB-2026020062-20261004T221748Z,2026-10-04T15:17:48.385069-07:00,NHL,NHL,2026020062,2026-10-08T23:30:00Z,Chicago,New York,NHL_WEB,FUT
NHLWEB-2026020063-20261004T221748Z,2026-10-04T15:17:48.385069-07:00,NHL,NHL,2026020063,2026-10-09T00:00:00Z,San Jose,St. Louis,NHL_WEB,FUT
NHLWEB-2026020064-20261004T221748Z,2026-10-04T15:17:48.385069-07:00,NHL,NHL,2026020064,2026-10-09T01:00:00Z,Colorado,Calgary,NHL_WEB,FUT
NHLWEB-2026020065-20261004T221748Z,2026-10-04T15:17:48.385069-07:00,NHL,NHL,2026020065,2026-10-09T02:00:00Z,Toronto,Vegas,NHL_WEB,FUT
NHLWEB-2026020066-20261004T221748Z,2026-10-04T15:17:48.385069-07:00,NHL,NHL,2026020066,2026-10-09T23:00:00Z,Seattle,Detroit,NHL_WEB,FUT
NHLWEB-2026020067-20261004T221748Z,2026-10-04T15:17:48.385069-07:00,NHL,NHL,2026020067,2026-10-09T23:00:00Z,New York,Washington,NHL_WEB,FUT
NHLWEB-2026020068-20261004T221748Z,2026-10-04T15:17:48.385069-07:00,NHL,NHL,2026020068,2026-10-09T23:00:00Z,Pittsburgh,Columbus,NHL_WEB,FUT
NHLWEB-2026020069-20261004T221748Z,2026-10-04T15:17:48.385069-07:00,NHL,NHL,2026020069,2026-10-10T00:00:00Z,Anaheim,Winnipeg,NHL_WEB,FUT
NHLWEB-2026020070-20261004T221748Z,2026-10-04T15:17:48.385069-07:00,NHL,NHL,2026020070,2026-10-10T17:00:00Z,Philadelphia,Boston,NHL_WEB,FUT
NHLWEB-2026020071-20261004T221748Z,2026-10-04T15:17:48.385069-07:00,NHL,NHL,2026020071,2026-10-10T19:30:00Z,Vancouver,New Jersey,NHL_WEB,FUT
NHLWEB-2026020072-20261004T221748Z,2026-10-04T15:17:48.385069-07:00,NHL,NHL,2026020072,2026-10-10T20:00:00Z,Edmonton,San Jose,NHL_WEB,FUT
NHLWEB-2026020073-20261004T221748Z,2026-10-04T15:17:48.385069-07:00,NHL,NHL,2026020073,2026-10-10T22:00:00Z,Minnesota,Florida,NHL_WEB,FUT
NHLWEB-2026020074-20261004T221748Z,2026-10-04T15:17:48.385069-07:00,NHL,NHL,2026020074,2026-10-10T23:00:00Z,Utah,Buffalo,NHL_WEB,FUT
NHLWEB-2026020075-20261004T221748Z,2026-10-04T15:17:48.385069-07:00,NHL,NHL,2026020075,2026-10-10T23:00:00Z,Detroit,Montréal,NHL_WEB,FUT
NHLWEB-2026020076-20261004T221748Z,2026-10-04T15:17:48.385069-07:00,NHL,NHL,2026020076,2026-10-10T23:00:00Z,Nashville,Ottawa,NHL_WEB,FUT
NHLWEB-2026020077-20261004T221748Z,2026-10-04T15:17:48.385069-07:00,NHL,NHL,2026020077,2026-10-10T23:00:00Z,Dallas,Pittsburgh,NHL_WEB,FUT
NHLWEB-2026020078-20261004T221748Z,2026-10-04T15:17:48.385069-07:00,NHL,NHL,2026020078,2026-10-10T23:00:00Z,Carolina,Chicago,NHL_WEB,FUT
NHLWEB-2026020079-20261004T221748Z,2026-10-04T15:17:48.385069-07:00,NHL,NHL,2026020079,2026-10-10T23:00:00Z,Columbus,St. Louis,NHL_WEB,FUT
NHLWEB-2026020080-20261004T221748Z,2026-10-04T15:17:48.385069-07:00,NHL,NHL,2026020080,2026-10-10T23:00:00Z,Toronto,Colorado,NHL_WEB,FUT
NHLWEB-2026020081-20261004T221748Z,2026-10-04T15:17:48.385069-07:00,NHL,NHL,2026020081,2026-10-10T23:30:00Z,Tampa Bay,New York,NHL_WEB,FUT
NHLWEB-2026020082-20261004T221748Z,2026-10-04T15:17:48.385069-07:00,NHL,NHL,2026020082,2026-10-11T02:00:00Z,Anaheim,Calgary,NHL_WEB,FUT
NHLWEB-2026020083-20261004T221748Z,2026-10-04T15:17:48.385069-07:00,NHL,NHL,2026020083,2026-10-11T02:00:00Z,Los Angeles,Vegas,NHL_WEB,FUT
ESPN-NCAA_Football-401870766-20261005T002416Z,2026-10-04T17:24:16.155482-07:00,NCAA_Football,NCAA_Football,401870766,2026-10-08T23:00Z,Sam Houston Bearkats,Liberty Flames,Williams Stadium (VA),Lynchburg,VA,False,ESPN_PUBLIC,STATUS_SCHEDULED
ESPN-NCAA_Football-401871052-20261005T002416Z,2026-10-04T17:24:16.155482-07:00,NCAA_Football,NCAA_Football,401871052,2026-10-08T23:00Z,Missouri State Bears,Western Kentucky Hilltoppers,Houchens Industries-L.T. Smith Stadium,Bowling Green,KY,False,ESPN_PUBLIC,STATUS_SCHEDULED
ESPN-NCAA_Football-401862794-20261005T002416Z,2026-10-04T17:24:16.155482-07:00,NCAA_Football,NCAA_Football,401862794,2026-10-08T23:30Z,South Florida Bulls,UTSA Roadrunners,Alamodome,San Antonio,TX,True,ESPN_PUBLIC,STATUS_SCHEDULED
ESPN-NCAA_Football-401869933-20261005T002416Z,2026-10-04T17:24:16.155482-07:00,NCAA_Football,NCAA_Football,401869933,2026-10-08T23:30Z,South Alabama Jaguars,Arkansas State Red Wolves,Centennial Bank Stadium,Jonesboro,AR,False,ESPN_PUBLIC,STATUS_SCHEDULED
ESPN-NCAA_Football-401871051-20261005T002416Z,2026-10-04T17:24:16.155482-07:00,NCAA_Football,NCAA_Football,401871051,2026-10-07T23:00Z,Jacksonville State Gamecocks,Kennesaw State Owls,Walens Family Field at Fifth Third Stadium,Kennesaw,GA,False,ESPN_PUBLIC,STATUS_SCHEDULED
ESPN-NCAA_Football-401871066-20261005T002416Z,2026-10-04T17:24:16.155482-07:00,NCAA_Football,NCAA_Football,401871066,2026-10-07T23:30Z,New Mexico State Aggies,Florida International Panthers,Pitbull Stadium,Miami,FL,False,ESPN_PUBLIC,STATUS_SCHEDULED
ESPN-NCAA_Football-401871090-20261005T002416Z,2026-10-04T17:24:16.155482-07:00,NCAA_Football,NCAA_Football,401871090,2026-10-07T00:00Z,Southern Miss Golden Eagles,Troy Trojans,Veterans Memorial Stadium (AL),Troy,AL,False,ESPN_PUBLIC,STATUS_SCHEDULED
ESPN-NCAA_Football-401858481-20261005T002416Z,2026-10-04T17:24:16.155482-07:00,NCAA_Football,NCAA_Football,401858481,2026-10-10T16:00Z,Indiana Hoosiers,Nebraska Cornhuskers,"Memorial Stadium (Lincoln, NE)",Lincoln,NE,False,ESPN_PUBLIC,STATUS_SCHEDULED
ESPN-NCAA_Football-401856716-20261005T002416Z,2026-10-04T17:24:16.155482-07:00,NCAA_Football,NCAA_Football,401856716,2026-10-10T16:00Z,Texas A&M Aggies,Missouri Tigers,Memorial Stadium,Columbia,MO,False,ESPN_PUBLIC,STATUS_SCHEDULED
ESPN-NCAA_Football-401856824-20261005T002416Z,2026-10-04T17:24:16.155482-07:00,NCAA_Football,NCAA_Football,401856824,2026-10-10T16:00Z,UCF Knights,Oklahoma State Cowboys,Boone Pickens Stadium,Stillwater,OK,False,ESPN_PUBLIC,STATUS_SCHEDULED
ESPN-NCAA_Football-401858256-20261005T002416Z,2026-10-04T17:24:16.155482-07:00,NCAA_Football,NCAA_Football,401858256,2026-10-10T16:00Z,North Carolina Tar Heels,Pittsburgh Panthers,Acrisure Stadium,Pittsburgh,PA,False,ESPN_PUBLIC,STATUS_SCHEDULED
ESPN-NCAA_Football-401856823-20261005T002416Z,2026-10-04T17:24:16.155482-07:00,NCAA_Football,NCAA_Football,401856823,2026-10-10T16:00Z,Arizona Wildcats,West Virginia Mountaineers,Milan Puskar Stadium,Morgantown,WV,False,ESPN_PUBLIC,STATUS_SCHEDULED
ESPN-NCAA_Football-401858260-20261005T002416Z,2026-10-04T17:24:16.155482-07:00,NCAA_Football,NCAA_Football,401858260,2026-10-10T16:00Z,Wake Forest Demon Deacons,NC State Wolfpack,Carter-Finley Stadium,Raleigh,NC,False,ESPN_PUBLIC,STATUS_SCHEDULED
ESPN-NCAA_Football-401862795-20261005T002416Z,2026-10-04T17:24:16.155482-07:00,NCAA_Football,NCAA_Football,401862795,2026-10-10T16:00Z,Tulane Green Wave,Army Black Knights,Michie Stadium,West Point,NY,False,ESPN_PUBLIC,STATUS_SCHEDULED
ESPN-NCAA_Football-401866436-20261005T002416Z,2026-10-04T17:24:16.155482-07:00,NCAA_Football,NCAA_Football,401866436,2026-10-10T16:00Z,Sacramento State Hornets,Bowling Green Falcons,Doyt L. Perry Stadium,Bowling Green,OH,False,ESPN_PUBLIC,STATUS_SCHEDULED
ESPN-NCAA_Football-401858482-20261005T002416Z,2026-10-04T17:24:16.155482-07:00,NCAA_Football,NCAA_Football,401858482,2026-10-10T16:30Z,Ball State Cardinals,Northwestern Wildcats,Ryan Field,Evanston,IL,False,ESPN_PUBLIC,STATUS_SCHEDULED
ESPN-NCAA_Football-401856714-20261005T002416Z,2026-10-04T17:24:16.155482-07:00,NCAA_Football,NCAA_Football,401856714,2026-10-10T16:45Z,South Carolina Gamecocks,Florida Gators,Ben Hill Griffin Stadium,Gainesville,FL,False,ESPN_PUBLIC,STATUS_SCHEDULED
ESPN-NCAA_Football-401869843-20261005T002416Z,2026-10-04T17:24:16.155482-07:00,NCAA_Football,NCAA_Football,401869843,2026-10-10T17:00Z,Old Dominion Monarchs,App State Mountaineers,Kidd Brewer Stadium,Boone,NC,False,ESPN_PUBLIC,STATUS_SCHEDULED
ESPN-NCAA_Football-401866440-20261005T002416Z,2026-10-04T17:24:16.155482-07:00,NCAA_Football,NCAA_Football,401866440,2026-10-10T18:00Z,Miami (OH) RedHawks,Massachusetts Minutemen,Warren McGuirk Alumni Stadium,Amherst,MA,False,ESPN_PUBLIC,STATUS_SCHEDULED
ESPN-NCAA_Football-401856717-20261005T002416Z,2026-10-04T17:24:16.155482-07:00,NCAA_Football,NCAA_Football,401856717,2026-10-10T19:30Z,Texas Longhorns,Oklahoma Sooners,Cotton Bowl,Dallas,TX,False,ESPN_PUBLIC,STATUS_SCHEDULED
ESPN-NCAA_Football-401858257-20261005T002416Z,2026-10-04T17:24:16.155482-07:00,NCAA_Football,NCAA_Football,401858257,2026-10-10T19:30Z,Stanford Cardinal,Notre Dame Fighting Irish,Notre Dame Stadium,Notre Dame,IN,False,ESPN_PUBLIC,STATUS_SCHEDULED
ESPN-NCAA_Football-401856718-20261005T002416Z,2026-10-04T17:24:16.155482-07:00,NCAA_Football,NCAA_Football,401856718,2026-10-10T19:30Z,Ole Miss Rebels,Vanderbilt Commodores,FirstBank Stadium,Nashville,TN,False,ESPN_PUBLIC,STATUS_SCHEDULED
ESPN-NCAA_Football-401858484-20261005T002416Z,2026-10-04T17:24:16.155482-07:00,NCAA_Football,NCAA_Football,401858484,2026-10-10T19:30Z,UCLA Bruins,Oregon Ducks,Autzen Stadium,Eugene,OR,False,ESPN_PUBLIC,STATUS_SCHEDULED
ESPN-NCAA_Football-401856825-20261005T002416Z,2026-10-04T17:24:16.155482-07:00,NCAA_Football,NCAA_Football,401856825,2026-10-10T19:30Z,Houston Cougars,Kansas State Wildcats,Bill Snyder Family Stadium,Manhattan,KS,False,ESPN_PUBLIC,STATUS_SCHEDULED
ESPN-NCAA_Football-401858255-20261005T002416Z,2026-10-04T17:24:16.155482-07:00,NCAA_Football,NCAA_Football,401858255,2026-10-10T19:30Z,Duke Blue Devils,Georgia Tech Yellow Jackets,Bobby Dodd Stadium,Atlanta,GA,False,ESPN_PUBLIC,STATUS_SCHEDULED
ESPN-NCAA_Football-401858259-20261005T002416Z,2026-10-04T17:24:16.155482-07:00,NCAA_Football,NCAA_Football,401858259,2026-10-10T19:30Z,Virginia Tech Hokies,California Golden Bears,California Memorial Stadium,Berkeley,CA,False,ESPN_PUBLIC,STATUS_SCHEDULED
ESPN-NCAA_Football-401858480-20261005T002416Z,2026-10-04T17:24:16.155482-07:00,NCAA_Football,NCAA_Football,401858480,2026-10-10T19:30Z,Illinois Fighting Illini,Michigan State Spartans,Spartan Stadium,East Lansing,MI,False,ESPN_PUBLIC,STATUS_SCHEDULED
ESPN-NCAA_Football-401862796-20261005T002416Z,2026-10-04T17:24:16.155482-07:00,NCAA_Football,NCAA_Football,401862796,2026-10-10T19:30Z,Charlotte 49ers,North Texas Mean Green,DATCU Stadium,Denton,TX,False,ESPN_PUBLIC,STATUS_SCHEDULED
ESPN-NCAA_Football-401862799-20261005T002416Z,2026-10-04T17:24:16.155482-07:00,NCAA_Football,NCAA_Football,401862799,2026-10-10T19:30Z,Tulsa Golden Hurricane,Navy Midshipmen,Navy-Marine Corps Memorial Stadium,Annapolis,MD,False,ESPN_PUBLIC,STATUS_SCHEDULED
ESPN-NCAA_Football-401866435-20261005T002416Z,2026-10-04T17:24:16.155482-07:00,NCAA_Football,NCAA_Football,401866435,2026-10-10T19:30Z,Eastern Michigan Eagles,Akron Zips,InfoCision Stadium,Akron,OH,False,ESPN_PUBLIC,STATUS_SCHEDULED
ESPN-NCAA_Football-401866437-20261005T002416Z,2026-10-04T17:24:16.155482-07:00,NCAA_Football,NCAA_Football,401866437,2026-10-10T19:30Z,Buffalo Bulls,Toledo Rockets,Glass Bowl,Toledo,OH,False,ESPN_PUBLIC,STATUS_SCHEDULED
ESPN-NCAA_Football-401866438-20261005T002416Z,2026-10-04T17:24:16.155482-07:00,NCAA_Football,NCAA_Football,401866438,2026-10-10T19:30Z,Central Michigan Chippewas,Ohio Bobcats,Peden Stadium,Athens,OH,False,ESPN_PUBLIC,STATUS_SCHEDULED
ESPN-NCAA_Football-401866439-20261005T002416Z,2026-10-04T17:24:16.155482-07:00,NCAA_Football,NCAA_Football,401866439,2026-10-10T19:30Z,Kent State Golden Flashes,Western Michigan Broncos,Waldo Stadium,Kalamazoo,MI,False,ESPN_PUBLIC,STATUS_SCHEDULED
ESPN-NCAA_Football-401861964-20261005T002416Z,2026-10-04T17:24:16.155482-07:00,NCAA_Football,NCAA_Football,401861964,2026-10-10T19:45Z,UConn Huskies,Temple Owls,Lincoln Financial Field,Philadelphia,PA,False,ESPN_PUBLIC,STATUS_SCHEDULED
ESPN-NCAA_Football-401862797-20261005T002416Z,2026-10-04T17:24:16.155482-07:00,NCAA_Football,NCAA_Football,401862797,2026-10-10T20:00Z,Rice Owls,East Carolina Pirates,Dowdy-Ficklen Stadium,Greenville,NC,False,ESPN_PUBLIC,STATUS_SCHEDULED
ESPN-NCAA_Football-401858483-20261005T002416Z,2026-10-04T17:24:16.155482-07:00,NCAA_Football,NCAA_Football,401858483,2026-10-10T20:15Z,Maryland Terrapins,Ohio State Buckeyes,Ohio Stadium,Columbus,OH,False,ESPN_PUBLIC,STATUS_SCHEDULED
ESPN-NCAA_Football-401856713-20261005T002416Z,2026-10-04T17:24:16.155482-07:00,NCAA_Football,NCAA_Football,401856713,2026-10-10T20:15Z,Tennessee Volunteers,Arkansas Razorbacks,Donald W. Reynolds Razorback Stadium,Fayetteville,AR,False,ESPN_PUBLIC,STATUS_SCHEDULED
ESPN-NCAA_Football-401860902-20261005T002416Z,2026-10-04T17:24:16.155482-07:00,NCAA_Football,NCAA_Football,401860902,2026-10-10T22:00Z,San Diego State Aztecs,Oregon State Beavers,Reser Stadium,Corvallis,OR,False,ESPN_PUBLIC,STATUS_SCHEDULED
ESPN-NCAA_Football-401856715-20261005T002416Z,2026-10-04T17:24:16.155482-07:00,NCAA_Football,NCAA_Football,401856715,2026-10-10T23:00Z,LSU Tigers,Kentucky Wildcats,Kroger Field,Lexington,KY,False,ESPN_PUBLIC,STATUS_SCHEDULED
ESPN-NCAA_Football-401862798-20261005T002416Z,2026-10-04T17:24:16.155482-07:00,NCAA_Football,NCAA_Football,401862798,2026-10-10T23:00Z,UAB Blazers,Memphis Tigers,Simmons Bank Liberty Stadium,Memphis,TN,False,ESPN_PUBLIC,STATUS_SCHEDULED
ESPN-NCAA_Football-401864517-20261005T002416Z,2026-10-04T17:24:16.155482-07:00,NCAA_Football,NCAA_Football,401864517,2026-10-10T23:00Z,Nevada Wolf Pack,UTEP Miners,Sun Bowl,El Paso,TX,False,ESPN_PUBLIC,STATUS_SCHEDULED
ESPN-NCAA_Football-401864518-20261005T002416Z,2026-10-04T17:24:16.155482-07:00,NCAA_Football,NCAA_Football,401864518,2026-10-10T23:00Z,North Dakota State Bison,UNLV Rebels,Allegiant Stadium,Las Vegas,NV,True,ESPN_PUBLIC,STATUS_SCHEDULED
ESPN-NCAA_Football-401869943-20261005T002416Z,2026-10-04T17:24:16.155482-07:00,NCAA_Football,NCAA_Football,401869943,2026-10-10T23:00Z,Coastal Carolina Chanticleers,Marshall Thundering Herd,Joan C. Edwards Stadium,Huntington,WV,False,ESPN_PUBLIC,STATUS_SCHEDULED
ESPN-NCAA_Football-401856712-20261005T002416Z,2026-10-04T17:24:16.155482-07:00,NCAA_Football,NCAA_Football,401856712,2026-10-10T23:30Z,Georgia Bulldogs,Alabama Crimson Tide,Bryant-Denny Stadium,Tuscaloosa,AL,False,ESPN_PUBLIC,STATUS_SCHEDULED
ESPN-NCAA_Football-401858485-20261005T002416Z,2026-10-04T17:24:16.155482-07:00,NCAA_Football,NCAA_Football,401858485,2026-10-10T23:30Z,USC Trojans,Penn State Nittany Lions,Beaver Stadium,University Park,PA,False,ESPN_PUBLIC,STATUS_SCHEDULED
ESPN-NCAA_Football-401858258-20261005T002416Z,2026-10-04T17:24:16.155482-07:00,NCAA_Football,NCAA_Football,401858258,2026-10-10T23:30Z,Syracuse Orange,Virginia Cavaliers,Scott Stadium,Charlottesville,VA,False,ESPN_PUBLIC,STATUS_SCHEDULED
ESPN-NCAA_Football-401864516-20261005T002416Z,2026-10-04T17:24:16.155482-07:00,NCAA_Football,NCAA_Football,401864516,2026-10-10T23:30Z,Air Force Falcons,Northern Illinois Huskies,Huskie Stadium,Dekalb,IL,False,ESPN_PUBLIC,STATUS_SCHEDULED
ESPN-NCAA_Football-401869949-20261005T002416Z,2026-10-04T17:24:16.155482-07:00,NCAA_Football,NCAA_Football,401869949,2026-10-10T23:30Z,James Madison Dukes,Georgia Southern Eagles,Allen E. Paulson Stadium,Statesboro,GA,False,ESPN_PUBLIC,STATUS_SCHEDULED
ESPN-NCAA_Football-401869965-20261005T002416Z,2026-10-04T17:24:16.155482-07:00,NCAA_Football,NCAA_Football,401869965,2026-10-10T23:30Z,Louisiana Ragin' Cajuns,Louisiana Tech Bulldogs,Joe Aillet Stadium,Ruston,LA,False,ESPN_PUBLIC,STATUS_SCHEDULED
ESPN-NCAA_Football-401858486-20261005T002416Z,2026-10-04T17:24:16.155482-07:00,NCAA_Football,NCAA_Football,401858486,2026-10-11T00:00Z,Minnesota Golden Gophers,Purdue Boilermakers,Ross-Ade Stadium,West Lafayette,IN,False,ESPN_PUBLIC,STATUS_SCHEDULED
ESPN-NCAA_Football-401856808-20261005T002416Z,2026-10-04T17:24:16.155482-07:00,NCAA_Football,NCAA_Football,401856808,2026-10-11T01:30Z,Hawai'i Rainbow Warriors,Arizona State Sun Devils,Mountain America Stadium,Tempe,AZ,False,ESPN_PUBLIC,STATUS_SCHEDULED
ESPN-NCAA_Football-401856827-20261005T002416Z,2026-10-04T17:24:16.155482-07:00,NCAA_Football,NCAA_Football,401856827,2026-10-11T02:15Z,Kansas Jayhawks,Utah Utes,Rice-Eccles Stadium,Salt Lake City,UT,False,ESPN_PUBLIC,STATUS_SCHEDULED
ESPN-NCAA_Football-401860901-20261005T002416Z,2026-10-04T17:24:16.155482-07:00,NCAA_Football,NCAA_Football,401860901,2026-10-11T02:30Z,Boise State Broncos,Fresno State Bulldogs,Valley Children's Stadium,Fresno,CA,False,ESPN_PUBLIC,STATUS_SCHEDULED
ESPN-NCAA_Football-401858254-20261005T002416Z,2026-10-04T17:24:16.155482-07:00,NCAA_Football,NCAA_Football,401858254,2026-10-09T23:00Z,Florida State Seminoles,Louisville Cardinals,L&N Federal Credit Union Stadium,Louisville,KY,False,ESPN_PUBLIC,STATUS_SCHEDULED
ESPN-NCAA_Football-401858487-20261005T002416Z,2026-10-04T17:24:16.155482-07:00,NCAA_Football,NCAA_Football,401858487,2026-10-10T01:00Z,Iowa Hawkeyes,Washington Huskies,Husky Stadium,Seattle,WA,False,ESPN_PUBLIC,STATUS_SCHEDULED
ESPN-NCAA_Football-401860922-20261005T002416Z,2026-10-04T17:24:16.155482-07:00,NCAA_Football,NCAA_Football,401860922,2026-10-10T01:00Z,Washington State Cougars,Utah State Aggies,Maverik Stadium,Logan,UT,False,ESPN_PUBLIC,STATUS_SCHEDULED
ESPN-NCAA_Football-401864519-20261005T002416Z,2026-10-04T17:24:16.155482-07:00,NCAA_Football,NCAA_Football,401864519,2026-10-10T01:00Z,Wyoming Cowboys,San José State Spartans,CEFCU Stadium,San Jose,CA,False,ESPN_PUBLIC,STATUS_SCHEDULED
ESPN-NCAA_Football-401856826-20261005T002416Z,2026-10-04T17:24:16.155482-07:00,NCAA_Football,NCAA_Football,401856826,2026-10-10T02:15Z,Iowa State Cyclones,BYU Cougars,LaVell Edwards Stadium,Provo,UT,False,ESPN_PUBLIC,STATUS_SCHEDULED
ESPN-WNBA-401918297-20261005T002416Z,2026-10-04T17:24:16.155482-07:00,WNBA,WNBA,401918297,2026-10-07T23:30Z,New York Liberty,Atlanta Dream,State Farm Arena,Atlanta,GA,True,ESPN_PUBLIC,STATUS_SCHEDULED
ESPN-WNBA-401918298-20261005T002416Z,2026-10-04T17:24:16.155482-07:00,WNBA,WNBA,401918298,2026-10-08T01:30Z,Las Vegas Aces,Golden State Valkyries,Chase Center,San Francisco,CA,True,ESPN_PUBLIC,STATUS_SCHEDULED
ESPN-WNBA-401918301-20261005T002416Z,2026-10-04T17:24:16.155482-07:00,WNBA,WNBA,401918301,2026-10-11T04:00Z,Atlanta Dream,New York Liberty,Barclays Center,Brooklyn,NY,True,ESPN_PUBLIC,STATUS_SCHEDULED
ESPN-WNBA-401918302-20261005T002416Z,2026-10-04T17:24:16.155482-07:00,WNBA,WNBA,401918302,2026-10-11T04:00Z,Golden State Valkyries,Las Vegas Aces,Michelob ULTRA Arena,Las Vegas,NV,True,ESPN_PUBLIC,STATUS_SCHEDULED
ESPN-WNBA-401918299-20261005T002416Z,2026-10-04T17:24:16.155482-07:00,WNBA,WNBA,401918299,2026-10-09T23:30Z,Atlanta Dream,New York Liberty,Barclays Center,Brooklyn,NY,True,ESPN_PUBLIC,STATUS_SCHEDULED
ESPN-WNBA-401918300-20261005T002416Z,2026-10-04T17:24:16.155482-07:00,WNBA,WNBA,401918300,2026-10-10T01:30Z,Golden State Valkyries,Las Vegas Aces,Michelob ULTRA Arena,Las Vegas,NV,True,ESPN_PUBLIC,STATUS_SCHEDULED
ESPN-WNBA-401918295-20261005T002416Z,2026-10-04T17:24:16.155482-07:00,WNBA,WNBA,401918295,2026-10-04T18:00Z,New York Liberty,Atlanta Dream,State Farm Arena,Atlanta,GA,True,ESPN_PUBLIC,STATUS_FINAL
ESPN-WNBA-401918296-20261005T002416Z,2026-10-04T17:24:16.155482-07:00,WNBA,WNBA,401918296,2026-10-04T20:00Z,Las Vegas Aces,Golden State Valkyries,Chase Center,San Francisco,CA,True,ESPN_PUBLIC,STATUS_FINAL
ESPN-NBA-401914123-20261005T002416Z,2026-10-04T17:24:16.155482-07:00,NBA,NBA,401914123,2026-10-07T23:00Z,Minnesota Timberwolves,Indiana Pacers,Hilton Coliseum,Ames,IA,True,ESPN_PUBLIC,STATUS_SCHEDULED
ESPN-NBA-401898391-20261005T002416Z,2026-10-04T17:24:16.155482-07:00,NBA,NBA,401898391,2026-10-08T00:00Z,Orlando Magic,Memphis Grizzlies,FedExForum,Memphis,TN,True,ESPN_PUBLIC,STATUS_SCHEDULED
ESPN-NBA-401908620-20261005T002416Z,2026-10-04T17:24:16.155482-07:00,NBA,NBA,401908620,2026-10-08T00:00Z,Milwaukee Bucks,Oklahoma City Thunder,Paycom Center,Oklahoma City,OK,True,ESPN_PUBLIC,STATUS_SCHEDULED
ESPN-NBA-401908939-20261005T002416Z,2026-10-04T17:24:16.155482-07:00,NBA,NBA,401908939,2026-10-08T00:00Z,Phoenix Suns,Chicago Bulls,United Center,Chicago,IL,True,ESPN_PUBLIC,STATUS_SCHEDULED
ESPN-NBA-401914129-20261005T002416Z,2026-10-04T17:24:16.155482-07:00,NBA,NBA,401914129,2026-10-08T02:00Z,Golden State Warriors,Portland Trail Blazers,Moda Center,Portland,OR,True,ESPN_PUBLIC,STATUS_SCHEDULED
ESPN-NBA-401898400-20261005T002416Z,2026-10-04T17:24:16.155482-07:00,NBA,NBA,401898400,2026-10-11T10:00Z,Dallas Mavericks,Houston Rockets,Venetian Arena,,,True,ESPN_PUBLIC,STATUS_SCHEDULED
ESPN-NBA-401898401-20261005T002416Z,2026-10-04T17:24:16.155482-07:00,NBA,NBA,401898401,2026-10-11T22:30Z,Orlando Magic,Cleveland Cavaliers,Rocket Arena,Cleveland,OH,True,ESPN_PUBLIC,STATUS_SCHEDULED
ESPN-NBA-401901821-20261005T002416Z,2026-10-04T17:24:16.155482-07:00,NBA,NBA,401901821,2026-10-11T23:00Z,Milwaukee Bucks,Charlotte Hornets,Spectrum Center,Charlotte,NC,True,ESPN_PUBLIC,STATUS_SCHEDULED
ESPN-NBA-401908941-20261005T002416Z,2026-10-04T17:24:16.155482-07:00,NBA,NBA,401908941,2026-10-12T01:00Z,Chicago Bulls,Denver Nuggets,Ball Arena,Denver,CO,True,ESPN_PUBLIC,STATUS_SCHEDULED
ESPN-NBA-401901820-20261005T002416Z,2026-10-04T17:24:16.155482-07:00,NBA,NBA,401901820,2026-10-06T23:00Z,Brooklyn Nets,Charlotte Hornets,Spectrum Center,Charlotte,NC,True,ESPN_PUBLIC,STATUS_SCHEDULED
ESPN-NBA-401898389-20261005T002416Z,2026-10-04T17:24:16.155482-07:00,NBA,NBA,401898389,2026-10-07T00:00Z,New Orleans Pelicans,Oklahoma City Thunder,BOK Center,Tulsa,OK,True,ESPN_PUBLIC,STATUS_SCHEDULED
ESPN-NBA-401914128-20261005T002416Z,2026-10-04T17:24:16.155482-07:00,NBA,NBA,401914128,2026-10-07T01:00Z,Denver Nuggets,Utah Jazz,Delta Center,Salt Lake City,UT,True,ESPN_PUBLIC,STATUS_SCHEDULED
ESPN-NBA-401898390-20261005T002416Z,2026-10-04T17:24:16.155482-07:00,NBA,NBA,401898390,2026-10-07T02:00Z,Los Angeles Lakers,Golden State Warriors,Chase Center,San Francisco,CA,True,ESPN_PUBLIC,STATUS_SCHEDULED
ESPN-NBA-401902645-20261005T002416Z,2026-10-04T17:24:16.155482-07:00,NBA,NBA,401902645,2026-10-10T22:30Z,LA Clippers,Toronto Raptors,Rogers Arena,Vancouver,BC,True,ESPN_PUBLIC,STATUS_SCHEDULED
ESPN-NBA-401898396-20261005T002416Z,2026-10-04T17:24:16.155482-07:00,NBA,NBA,401898396,2026-10-10T23:00Z,Atlanta Hawks,Indiana Pacers,Gainbridge Fieldhouse,Indianapolis,IN,True,ESPN_PUBLIC,STATUS_SCHEDULED
ESPN-NBA-401906510-20261005T002416Z,2026-10-04T17:24:16.155482-07:00,NBA,NBA,401906510,2026-10-10T23:00Z,Detroit Pistons,Washington Wizards,Capital One Arena,Washington,DC,True,ESPN_PUBLIC,STATUS_SCHEDULED
ESPN-NBA-401898397-20261005T002416Z,2026-10-04T17:24:16.155482-07:00,NBA,NBA,401898397,2026-10-11T00:00Z,Minnesota Timberwolves,Miami Heat,Kaseya Center,Miami,FL,True,ESPN_PUBLIC,STATUS_SCHEDULED
ESPN-NBA-401898398-20261005T002416Z,2026-10-04T17:24:16.155482-07:00,NBA,NBA,401898398,2026-10-11T00:00Z,Philadelphia 76ers,Boston Celtics,TD Garden,Boston,MA,True,ESPN_PUBLIC,STATUS_SCHEDULED
ESPN-NBA-401898399-20261005T002416Z,2026-10-04T17:24:16.155482-07:00,NBA,NBA,401898399,2026-10-11T00:30Z,Sacramento Kings,Golden State Warriors,Chase Center,San Francisco,CA,True,ESPN_PUBLIC,STATUS_SCHEDULED
ESPN-NBA-401898720-20261005T002416Z,2026-10-04T17:24:16.155482-07:00,NBA,NBA,401898720,2026-10-11T02:30Z,San Antonio Spurs,Phoenix Suns,Mortgage Matchup Center,Phoenix,AZ,True,ESPN_PUBLIC,STATUS_SCHEDULED
ESPN-NBA-401898395-20261005T002416Z,2026-10-04T17:24:16.155482-07:00,NBA,NBA,401898395,2026-10-09T12:00Z,Houston Rockets,Dallas Mavericks,Venetian Arena,,,True,ESPN_PUBLIC,STATUS_SCHEDULED
ESPN-NBA-401908940-20261005T002416Z,2026-10-04T17:24:16.155482-07:00,NBA,NBA,401908940,2026-10-10T00:00Z,Memphis Grizzlies,Chicago Bulls,United Center,Chicago,IL,True,ESPN_PUBLIC,STATUS_SCHEDULED
ESPN-NBA-401898388-20261005T002416Z,2026-10-04T17:24:16.155482-07:00,NBA,NBA,401898388,2026-10-05T23:00Z,Memphis Grizzlies,Atlanta Hawks,State Farm Arena,Atlanta,GA,True,ESPN_PUBLIC,STATUS_SCHEDULED
ESPN-NBA-401908947-20261005T002416Z,2026-10-04T17:24:16.155482-07:00,NBA,NBA,401908947,2026-10-05T23:00Z,Phoenix Suns,Detroit Pistons,Little Caesars Arena,Detroit,MI,True,ESPN_PUBLIC,STATUS_SCHEDULED
ESPN-NBA-401914101-20261005T002416Z,2026-10-04T17:24:16.155482-07:00,NBA,NBA,401914101,2026-10-05T23:00Z,New York Knicks,Philadelphia 76ers,Xfinity Mobile Arena,Philadelphia,PA,True,ESPN_PUBLIC,STATUS_SCHEDULED
ESPN-NBA-401914102-20261005T002416Z,2026-10-04T17:24:16.155482-07:00,NBA,NBA,401914102,2026-10-06T00:00Z,Minnesota Timberwolves,Milwaukee Bucks,Fiserv Forum,Milwaukee,WI,True,ESPN_PUBLIC,STATUS_SCHEDULED
ESPN-NBA-401898716-20261005T002416Z,2026-10-04T17:24:16.155482-07:00,NBA,NBA,401898716,2026-10-06T02:00Z,Los Angeles Lakers,Sacramento Kings,Golden 1 Center,Sacramento,CA,True,ESPN_PUBLIC,STATUS_SCHEDULED
ESPN-NBA-401914127-20261005T002416Z,2026-10-04T17:24:16.155482-07:00,NBA,NBA,401914127,2026-10-04T23:00Z,Utah Jazz,Denver Nuggets,CU Events Center,Boulder,CO,True,ESPN_PUBLIC,STATUS_HALFTIME
ESPN-NBA-401918010-20261005T002416Z,2026-10-04T17:24:16.155482-07:00,NBA,NBA,401918010,2026-10-04T23:00Z,Golden State Warriors,LA Clippers,Stan Sheriff Center,Honolulu,HI,True,ESPN_PUBLIC,STATUS_HALFTIME
ESPN-NBA-401898392-20261005T002416Z,2026-10-04T17:24:16.155482-07:00,NBA,NBA,401898392,2026-10-08T23:00Z,Boston Celtics,Cleveland Cavaliers,Rocket Arena,Cleveland,OH,True,ESPN_PUBLIC,STATUS_SCHEDULED
ESPN-NBA-401898393-20261005T002416Z,2026-10-04T17:24:16.155482-07:00,NBA,NBA,401898393,2026-10-08T23:30Z,New Orleans Pelicans,Miami Heat,Kaseya Center,Miami,FL,True,ESPN_PUBLIC,STATUS_SCHEDULED
ESPN-NBA-401901823-20261005T002416Z,2026-10-04T17:24:16.155482-07:00,NBA,NBA,401901823,2026-10-08T23:30Z,Philadelphia 76ers,Brooklyn Nets,Barclays Center,Brooklyn,NY,True,ESPN_PUBLIC,STATUS_SCHEDULED
ESPN-NBA-401906508-20261005T002416Z,2026-10-04T17:24:16.155482-07:00,NBA,NBA,401906508,2026-10-08T23:30Z,Washington Wizards,New York Knicks,Madison Square Garden,New York,NY,True,ESPN_PUBLIC,STATUS_SCHEDULED
ESPN-NBA-401898394-20261005T002416Z,2026-10-04T17:24:16.155482-07:00,NBA,NBA,401898394,2026-10-09T00:00Z,Atlanta Hawks,San Antonio Spurs,Frost Bank Center,San Antonio,TX,True,ESPN_PUBLIC,STATUS_SCHEDULED
ESPN-NBA-401898717-20261005T002416Z,2026-10-04T17:24:16.155482-07:00,NBA,NBA,401898717,2026-10-09T02:30Z,Sacramento Kings,Los Angeles Lakers,crypto.com Arena,Los Angeles,CA,True,ESPN_PUBLIC,STATUS_SCHEDULED
ESPN-NFL-401872981-20261005T002416Z,2026-10-04T17:24:16.155482-07:00,NFL,NFL,401872981,2026-10-11T13:30Z,Philadelphia Eagles,Jacksonville Jaguars,Tottenham Hotspur Stadium,London,,False,ESPN_PUBLIC,STATUS_SCHEDULED
ESPN-NFL-401872990-20261005T002416Z,2026-10-04T17:24:16.155482-07:00,NFL,NFL,401872990,2026-10-11T17:00Z,Chicago Bears,Green Bay Packers,Lambeau Field,Green Bay,WI,False,ESPN_PUBLIC,STATUS_SCHEDULED
ESPN-NFL-401872984-20261005T002416Z,2026-10-04T17:24:16.155482-07:00,NFL,NFL,401872984,2026-10-11T17:00Z,Houston Texans,Tennessee Titans,Nissan Stadium,Nashville,TN,False,ESPN_PUBLIC,STATUS_SCHEDULED
ESPN-NFL-401872982-20261005T002416Z,2026-10-04T17:24:16.155482-07:00,NFL,NFL,401872982,2026-10-11T17:00Z,Cincinnati Bengals,Miami Dolphins,Hard Rock Stadium,Miami Gardens,FL,False,ESPN_PUBLIC,STATUS_SCHEDULED
ESPN-NFL-401872986-20261005T002416Z,2026-10-04T17:24:16.155482-07:00,NFL,NFL,401872986,2026-10-11T17:00Z,Las Vegas Raiders,New England Patriots,Gillette Stadium,Foxborough,MA,False,ESPN_PUBLIC,STATUS_SCHEDULED
ESPN-NFL-401872987-20261005T002416Z,2026-10-04T17:24:16.155482-07:00,NFL,NFL,401872987,2026-10-11T17:00Z,Minnesota Vikings,New Orleans Saints,Caesars Superdome,New Orleans,LA,True,ESPN_PUBLIC,STATUS_SCHEDULED
ESPN-NFL-401872983-20261005T002416Z,2026-10-04T17:24:16.155482-07:00,NFL,NFL,401872983,2026-10-11T17:00Z,Cleveland Browns,New York Jets,MetLife Stadium,East Rutherford,NJ,False,ESPN_PUBLIC,STATUS_SCHEDULED
ESPN-NFL-401872985-20261005T002416Z,2026-10-04T17:24:16.155482-07:00,NFL,NFL,401872985,2026-10-11T17:00Z,Indianapolis Colts,Pittsburgh Steelers,Acrisure Stadium,Pittsburgh,PA,False,ESPN_PUBLIC,STATUS_SCHEDULED
ESPN-NFL-401872988-20261005T002416Z,2026-10-04T17:24:16.155482-07:00,NFL,NFL,401872988,2026-10-11T17:00Z,New York Giants,Washington Commanders,Northwest Stadium,Landover,MD,False,ESPN_PUBLIC,STATUS_SCHEDULED
ESPN-NFL-401872989-20261005T002416Z,2026-10-04T17:24:16.155482-07:00,NFL,NFL,401872989,2026-10-11T20:05Z,Denver Broncos,Los Angeles Chargers,SoFi Stadium,Inglewood,CA,False,ESPN_PUBLIC,STATUS_SCHEDULED
ESPN-NFL-401872991-20261005T002416Z,2026-10-04T17:24:16.155482-07:00,NFL,NFL,401872991,2026-10-11T20:25Z,Detroit Lions,Arizona Cardinals,State Farm Stadium,Glendale,AZ,True,ESPN_PUBLIC,STATUS_SCHEDULED
ESPN-NFL-401872992-20261005T002416Z,2026-10-04T17:24:16.155482-07:00,NFL,NFL,401872992,2026-10-11T20:25Z,San Francisco 49ers,Seattle Seahawks,Lumen Field,Seattle,WA,False,ESPN_PUBLIC,STATUS_SCHEDULED
ESPN-NFL-401872993-20261005T002416Z,2026-10-04T17:24:16.155482-07:00,NFL,NFL,401872993,2026-10-12T00:20Z,Baltimore Ravens,Atlanta Falcons,Mercedes-Benz Stadium,Atlanta,GA,True,ESPN_PUBLIC,STATUS_SCHEDULED
ESPN-NFL-401872979-20261005T002416Z,2026-10-04T17:24:16.155482-07:00,NFL,NFL,401872979,2026-10-06T00:15Z,Atlanta Falcons,New Orleans Saints,Caesars Superdome,New Orleans,LA,True,ESPN_PUBLIC,STATUS_SCHEDULED
ESPN-NFL-401872965-20261005T002416Z,2026-10-04T17:24:16.155482-07:00,NFL,NFL,401872965,2026-10-04T13:30Z,Indianapolis Colts,Washington Commanders,Tottenham Hotspur Stadium,London,,False,ESPN_PUBLIC,STATUS_FINAL
ESPN-NFL-401872971-20261005T002416Z,2026-10-04T17:24:16.155482-07:00,NFL,NFL,401872971,2026-10-04T17:00Z,New England Patriots,Buffalo Bills,Highmark Stadium,Orchard Park,NY,False,ESPN_PUBLIC,STATUS_FINAL
ESPN-NFL-401872972-20261005T002416Z,2026-10-04T17:24:16.155482-07:00,NFL,NFL,401872972,2026-10-04T17:00Z,New York Jets,Chicago Bears,Soldier Field,Chicago,IL,False,ESPN_PUBLIC,STATUS_FINAL
ESPN-NFL-401872969-20261005T002416Z,2026-10-04T17:24:16.155482-07:00,NFL,NFL,401872969,2026-10-04T17:00Z,Jacksonville Jaguars,Cincinnati Bengals,Paycor Stadium,Cincinnati,OH,False,ESPN_PUBLIC,STATUS_FINAL
ESPN-NFL-401872966-20261005T002416Z,2026-10-04T17:24:16.155482-07:00,NFL,NFL,401872966,2026-10-04T17:00Z,Arizona Cardinals,New York Giants,MetLife Stadium,East Rutherford,NJ,False,ESPN_PUBLIC,STATUS_FINAL
ESPN-NFL-401872970-20261005T002416Z,2026-10-04T17:24:16.155482-07:00,NFL,NFL,401872970,2026-10-04T17:00Z,Los Angeles Rams,Philadelphia Eagles,Lincoln Financial Field,Philadelphia,PA,False,ESPN_PUBLIC,STATUS_FINAL
ESPN-NFL-401872968-20261005T002416Z,2026-10-04T17:24:16.155482-07:00,NFL,NFL,401872968,2026-10-04T17:00Z,Green Bay Packers,Tampa Bay Buccaneers,Raymond James Stadium,Tampa,FL,False,ESPN_PUBLIC,STATUS_FINAL
ESPN-NFL-401872973-20261005T002416Z,2026-10-04T17:24:16.155482-07:00,NFL,NFL,401872973,2026-10-04T17:00Z,Tennessee Titans,Baltimore Ravens,M&T Bank Stadium,Baltimore,MD,False,ESPN_PUBLIC,STATUS_FINAL
ESPN-NFL-401872967-20261005T002416Z,2026-10-04T17:24:16.155482-07:00,NFL,NFL,401872967,2026-10-04T17:00Z,Dallas Cowboys,Houston Texans,Reliant Stadium,Houston,TX,True,ESPN_PUBLIC,STATUS_FINAL
ESPN-NFL-401872974-20261005T002416Z,2026-10-04T17:24:16.155482-07:00,NFL,NFL,401872974,2026-10-04T20:05Z,Miami Dolphins,Minnesota Vikings,U.S. Bank Stadium,Minneapolis,MN,True,ESPN_PUBLIC,STATUS_FINAL
ESPN-NFL-401872976-20261005T002416Z,2026-10-04T17:24:16.155482-07:00,NFL,NFL,401872976,2026-10-04T20:25Z,Kansas City Chiefs,Las Vegas Raiders,Allegiant Stadium,Las Vegas,NV,True,ESPN_PUBLIC,STATUS_FINAL
ESPN-NFL-401872975-20261005T002416Z,2026-10-04T17:24:16.155482-07:00,NFL,NFL,401872975,2026-10-04T20:25Z,Denver Broncos,San Francisco 49ers,Levi's Stadium,Santa Clara,CA,False,ESPN_PUBLIC,STATUS_FINAL
ESPN-NFL-401872977-20261005T002416Z,2026-10-04T17:24:16.155482-07:00,NFL,NFL,401872977,2026-10-04T20:25Z,Los Angeles Chargers,Seattle Seahawks,Lumen Field,Seattle,WA,False,ESPN_PUBLIC,STATUS_FINAL
ESPN-NFL-401872978-20261005T002416Z,2026-10-04T17:24:16.155482-07:00,NFL,NFL,401872978,2026-10-05T00:20Z,Detroit Lions,Carolina Panthers,Bank of America Stadium,Charlotte,NC,False,ESPN_PUBLIC,STATUS_IN_PROGRESS
ESPN-NFL-401872980-20261005T002416Z,2026-10-04T17:24:16.155482-07:00,NFL,NFL,401872980,2026-10-09T00:15Z,Tampa Bay Buccaneers,Dallas Cowboys,AT&T Stadium,Arlington,TX,True,ESPN_PUBLIC,STATUS_SCHEDULED
ESPN-NHL-401892469-20261005T002416Z,2026-10-04T17:24:16.155482-07:00,NHL,NHL,401892469,2026-10-10T17:00Z,Philadelphia Flyers,Boston Bruins,TD Garden,Boston,MA,True,ESPN_PUBLIC,STATUS_SCHEDULED
ESPN-NHL-401892470-20261005T002416Z,2026-10-04T17:24:16.155482-07:00,NHL,NHL,401892470,2026-10-10T19:30Z,Vancouver Canucks,New Jersey Devils,Prudential Center,Newark,NJ,True,ESPN_PUBLIC,STATUS_SCHEDULED
ESPN-NHL-401892471-20261005T002416Z,2026-10-04T17:24:16.155482-07:00,NHL,NHL,401892471,2026-10-10T20:00Z,Edmonton Oilers,San Jose Sharks,SAP Center at San Jose,San Jose,CA,True,ESPN_PUBLIC,STATUS_SCHEDULED
ESPN-NHL-401891805-20261005T002416Z,2026-10-04T17:24:16.155482-07:00,NHL,NHL,401891805,2026-10-10T22:00Z,Minnesota Wild,Florida Panthers,Amerant Bank Arena,Sunrise,FL,True,ESPN_PUBLIC,STATUS_SCHEDULED
ESPN-NHL-401892472-20261005T002416Z,2026-10-04T17:24:16.155482-07:00,NHL,NHL,401892472,2026-10-10T23:00Z,Utah Mammoth,Buffalo Sabres,KeyBank Center,Buffalo,NY,True,ESPN_PUBLIC,STATUS_SCHEDULED
ESPN-NHL-401892473-20261005T002416Z,2026-10-04T17:24:16.155482-07:00,NHL,NHL,401892473,2026-10-10T23:00Z,Detroit Red Wings,Montreal Canadiens,Bell Centre,Montreal,QC,True,ESPN_PUBLIC,STATUS_SCHEDULED
ESPN-NHL-401892474-20261005T002416Z,2026-10-04T17:24:16.155482-07:00,NHL,NHL,401892474,2026-10-10T23:00Z,Nashville Predators,Ottawa Senators,Canadian Tire Centre,Ottawa,ON,True,ESPN_PUBLIC,STATUS_SCHEDULED
ESPN-NHL-401892475-20261005T002416Z,2026-10-04T17:24:16.155482-07:00,NHL,NHL,401892475,2026-10-10T23:00Z,Dallas Stars,Pittsburgh Penguins,PPG Paints Arena,Pittsburgh,PA,True,ESPN_PUBLIC,STATUS_SCHEDULED
ESPN-NHL-401892476-20261005T002416Z,2026-10-04T17:24:16.155482-07:00,NHL,NHL,401892476,2026-10-10T23:00Z,Carolina Hurricanes,Chicago Blackhawks,United Center,Chicago,IL,True,ESPN_PUBLIC,STATUS_SCHEDULED
ESPN-NHL-401892477-20261005T002416Z,2026-10-04T17:24:16.155482-07:00,NHL,NHL,401892477,2026-10-10T23:00Z,Columbus Blue Jackets,St. Louis Blues,Enterprise Center,St. Louis,MO,True,ESPN_PUBLIC,STATUS_SCHEDULED
ESPN-NHL-401892478-20261005T002416Z,2026-10-04T17:24:16.155482-07:00,NHL,NHL,401892478,2026-10-10T23:00Z,Toronto Maple Leafs,Colorado Avalanche,Ball Arena,Denver,CO,True,ESPN_PUBLIC,STATUS_SCHEDULED
ESPN-NHL-401892479-20261005T002416Z,2026-10-04T17:24:16.155482-07:00,NHL,NHL,401892479,2026-10-10T23:30Z,Tampa Bay Lightning,New York Islanders,UBS Arena,Elmont,NY,True,ESPN_PUBLIC,STATUS_SCHEDULED
ESPN-NHL-401892480-20261005T002416Z,2026-10-04T17:24:16.155482-07:00,NHL,NHL,401892480,2026-10-11T02:00Z,Anaheim Ducks,Calgary Flames,Scotiabank Saddledome,Calgary,AB,True,ESPN_PUBLIC,STATUS_SCHEDULED
ESPN-NHL-401892481-20261005T002416Z,2026-10-04T17:24:16.155482-07:00,NHL,NHL,401892481,2026-10-11T02:00Z,Los Angeles Kings,Vegas Golden Knights,T-Mobile Arena,Las Vegas,NV,True,ESPN_PUBLIC,STATUS_SCHEDULED
ESPN-NHL-401892442-20261005T002416Z,2026-10-04T17:24:16.155482-07:00,NHL,NHL,401892442,2026-10-04T17:00Z,Winnipeg Jets,Detroit Red Wings,Little Caesars Arena,Detroit,MI,True,ESPN_PUBLIC,STATUS_FINAL
ESPN-NHL-401892443-20261005T002416Z,2026-10-04T17:24:16.155482-07:00,NHL,NHL,401892443,2026-10-04T22:00Z,Utah Mammoth,New York Rangers,Madison Square Garden,New York,NY,True,ESPN_PUBLIC,STATUS_IN_PROGRESS
ESPN-NHL-401891778-20261005T002416Z,2026-10-04T17:24:16.155482-07:00,NHL,NHL,401891778,2026-10-05T00:00Z,Florida Panthers,Anaheim Ducks,Honda Center,Anaheim,CA,True,ESPN_PUBLIC,STATUS_IN_PROGRESS
ESPN-NHL-401891824-20261005T002416Z,2026-10-04T17:24:16.155482-07:00,NHL,NHL,401891824,2026-10-05T00:00Z,Calgary Flames,Seattle Kraken,Climate Pledge Arena,Seattle,WA,True,ESPN_PUBLIC,STATUS_IN_PROGRESS
ESPN-NHL-401892444-20261005T002416Z,2026-10-04T17:24:16.155482-07:00,NHL,NHL,401892444,2026-10-05T01:00Z,Vegas Golden Knights,Vancouver Canucks,Rogers Arena,Vancouver,BC,True,ESPN_PUBLIC,STATUS_SCHEDULED
ESPN-NHL-401892465-20261005T002416Z,2026-10-04T17:24:16.155482-07:00,NHL,NHL,401892465,2026-10-09T23:00Z,Seattle Kraken,Detroit Red Wings,Little Caesars Arena,Detroit,MI,True,ESPN_PUBLIC,STATUS_SCHEDULED
ESPN-NHL-401892466-20261005T002416Z,2026-10-04T17:24:16.155482-07:00,NHL,NHL,401892466,2026-10-09T23:00Z,New York Rangers,Washington Capitals,Capital One Arena,Washington,DC,True,ESPN_PUBLIC,STATUS_SCHEDULED
ESPN-NHL-401892467-20261005T002416Z,2026-10-04T17:24:16.155482-07:00,NHL,NHL,401892467,2026-10-09T23:00Z,Pittsburgh Penguins,Columbus Blue Jackets,Nationwide Arena,Columbus,OH,True,ESPN_PUBLIC,STATUS_SCHEDULED
ESPN-NHL-401892468-20261005T002416Z,2026-10-04T17:24:16.155482-07:00,NHL,NHL,401892468,2026-10-10T00:00Z,Anaheim Ducks,Winnipeg Jets,Canada Life Centre,Winnipeg,MB,True,ESPN_PUBLIC,STATUS_SCHEDULED
ESPN-NHL-401892445-20261005T002416Z,2026-10-04T17:24:16.155482-07:00,NHL,NHL,401892445,2026-10-05T23:00Z,Philadelphia Flyers,Tampa Bay Lightning,Benchmark International Arena,Tampa,FL,True,ESPN_PUBLIC,STATUS_SCHEDULED
ESPN-NHL-401892446-20261005T002416Z,2026-10-04T17:24:16.155482-07:00,NHL,NHL,401892446,2026-10-05T23:30Z,Ottawa Senators,Boston Bruins,TD Garden,Boston,MA,True,ESPN_PUBLIC,STATUS_SCHEDULED
ESPN-NHL-401892447-20261005T002416Z,2026-10-04T17:24:16.155482-07:00,NHL,NHL,401892447,2026-10-05T23:30Z,Winnipeg Jets,Pittsburgh Penguins,PPG Paints Arena,Pittsburgh,PA,True,ESPN_PUBLIC,STATUS_SCHEDULED
ESPN-NHL-401892448-20261005T002416Z,2026-10-04T17:24:16.155482-07:00,NHL,NHL,401892448,2026-10-06T00:00Z,San Jose Sharks,Dallas Stars,American Airlines Center,Dallas,TX,True,ESPN_PUBLIC,STATUS_SCHEDULED
ESPN-NHL-401891815-20261005T002416Z,2026-10-04T17:24:16.155482-07:00,NHL,NHL,401891815,2026-10-06T23:00Z,Carolina Hurricanes,Montreal Canadiens,Bell Centre,Montreal,QC,True,ESPN_PUBLIC,STATUS_SCHEDULED
ESPN-NHL-401892449-20261005T002416Z,2026-10-04T17:24:16.155482-07:00,NHL,NHL,401892449,2026-10-06T23:00Z,Nashville Predators,Toronto Maple Leafs,Scotiabank Arena,Toronto,ON,True,ESPN_PUBLIC,STATUS_SCHEDULED
ESPN-NHL-401892450-20261005T002416Z,2026-10-04T17:24:16.155482-07:00,NHL,NHL,401892450,2026-10-06T23:00Z,Ottawa Senators,Detroit Red Wings,Little Caesars Arena,Detroit,MI,True,ESPN_PUBLIC,STATUS_SCHEDULED
ESPN-NHL-401892451-20261005T002416Z,2026-10-04T17:24:16.155482-07:00,NHL,NHL,401892451,2026-10-06T23:00Z,Utah Mammoth,New Jersey Devils,Prudential Center,Newark,NJ,True,ESPN_PUBLIC,STATUS_SCHEDULED
ESPN-NHL-401892453-20261005T002416Z,2026-10-04T17:24:16.155482-07:00,NHL,NHL,401892453,2026-10-06T23:00Z,Minnesota Wild,Buffalo Sabres,KeyBank Center,Buffalo,NY,True,ESPN_PUBLIC,STATUS_SCHEDULED
ESPN-NHL-401892452-20261005T002416Z,2026-10-04T17:24:16.155482-07:00,NHL,NHL,401892452,2026-10-06T23:30Z,New York Islanders,New York Rangers,Madison Square Garden,New York,NY,True,ESPN_PUBLIC,STATUS_SCHEDULED
ESPN-NHL-401891779-20261005T002416Z,2026-10-04T17:24:16.155482-07:00,NHL,NHL,401891779,2026-10-07T00:00Z,St. Louis Blues,Chicago Blackhawks,United Center,Chicago,IL,True,ESPN_PUBLIC,STATUS_SCHEDULED
ESPN-NHL-401892454-20261005T002416Z,2026-10-04T17:24:16.155482-07:00,NHL,NHL,401892454,2026-10-07T01:00Z,Vegas Golden Knights,Seattle Kraken,Climate Pledge Arena,Seattle,WA,True,ESPN_PUBLIC,STATUS_SCHEDULED
ESPN-NHL-401891806-20261005T002416Z,2026-10-04T17:24:16.155482-07:00,NHL,NHL,401891806,2026-10-07T02:00Z,Florida Panthers,Los Angeles Kings,crypto.com Arena,Los Angeles,CA,True,ESPN_PUBLIC,STATUS_SCHEDULED
ESPN-NHL-401892482-20261005T002416Z,2026-10-04T17:24:16.155482-07:00,NHL,NHL,401892482,2026-10-11T21:00Z,Seattle Kraken,Washington Capitals,Capital One Arena,Washington,DC,True,ESPN_PUBLIC,STATUS_SCHEDULED
ESPN-NHL-401892483-20261005T002416Z,2026-10-04T17:24:16.155482-07:00,NHL,NHL,401892483,2026-10-11T22:00Z,Vancouver Canucks,New York Rangers,Madison Square Garden,New York,NY,True,ESPN_PUBLIC,STATUS_SCHEDULED
ESPN-NHL-401892484-20261005T002416Z,2026-10-04T17:24:16.155482-07:00,NHL,NHL,401892484,2026-10-11T23:00Z,Carolina Hurricanes,Philadelphia Flyers,Xfinity Mobile Arena,Philadelphia,PA,True,ESPN_PUBLIC,STATUS_SCHEDULED
ESPN-NHL-401891830-20261005T002416Z,2026-10-04T17:24:16.155482-07:00,NHL,NHL,401891830,2026-10-07T23:30Z,Pittsburgh Penguins,Washington Capitals,Capital One Arena,Washington,DC,True,ESPN_PUBLIC,STATUS_SCHEDULED
ESPN-NHL-401892455-20261005T002416Z,2026-10-04T17:24:16.155482-07:00,NHL,NHL,401892455,2026-10-07T23:30Z,Colorado Avalanche,Winnipeg Jets,Canada Life Centre,Winnipeg,MB,True,ESPN_PUBLIC,STATUS_SCHEDULED
ESPN-NHL-401892456-20261005T002416Z,2026-10-04T17:24:16.155482-07:00,NHL,NHL,401892456,2026-10-08T02:00Z,Edmonton Oilers,Anaheim Ducks,Honda Center,Anaheim,CA,True,ESPN_PUBLIC,STATUS_SCHEDULED
ESPN-NHL-401891820-20261005T002416Z,2026-10-04T17:24:16.155482-07:00,NHL,NHL,401891820,2026-10-08T23:00Z,Philadelphia Flyers,Ottawa Senators,Canadian Tire Centre,Ottawa,ON,True,ESPN_PUBLIC,STATUS_SCHEDULED
ESPN-NHL-401892457-20261005T002416Z,2026-10-04T17:24:16.155482-07:00,NHL,NHL,401892457,2026-10-08T23:00Z,Utah Mammoth,Boston Bruins,TD Garden,Boston,MA,True,ESPN_PUBLIC,STATUS_SCHEDULED
ESPN-NHL-401892458-20261005T002416Z,2026-10-04T17:24:16.155482-07:00,NHL,NHL,401892458,2026-10-08T23:00Z,Dallas Stars,Buffalo Sabres,KeyBank Center,Buffalo,NY,True,ESPN_PUBLIC,STATUS_SCHEDULED
ESPN-NHL-401892459-20261005T002416Z,2026-10-04T17:24:16.155482-07:00,NHL,NHL,401892459,2026-10-08T23:00Z,Nashville Predators,Montreal Canadiens,Bell Centre,Montreal,QC,True,ESPN_PUBLIC,STATUS_SCHEDULED
ESPN-NHL-401892460-20261005T002416Z,2026-10-04T17:24:16.155482-07:00,NHL,NHL,401892460,2026-10-08T23:00Z,Minnesota Wild,Tampa Bay Lightning,Benchmark International Arena,Tampa,FL,True,ESPN_PUBLIC,STATUS_SCHEDULED
ESPN-NHL-401892461-20261005T002416Z,2026-10-04T17:24:16.155482-07:00,NHL,NHL,401892461,2026-10-08T23:00Z,Vancouver Canucks,Carolina Hurricanes,Lenovo Center,Raleigh,NC,True,ESPN_PUBLIC,STATUS_SCHEDULED
ESPN-NHL-401892462-20261005T002416Z,2026-10-04T17:24:16.155482-07:00,NHL,NHL,401892462,2026-10-08T23:30Z,Chicago Blackhawks,New York Islanders,UBS Arena,Elmont,NY,True,ESPN_PUBLIC,STATUS_SCHEDULED
ESPN-NHL-401891825-20261005T002416Z,2026-10-04T17:24:16.155482-07:00,NHL,NHL,401891825,2026-10-09T00:00Z,San Jose Sharks,St. Louis Blues,Enterprise Center,St. Louis,MO,True,ESPN_PUBLIC,STATUS_SCHEDULED
ESPN-NHL-401892463-20261005T002416Z,2026-10-04T17:24:16.155482-07:00,NHL,NHL,401892463,2026-10-09T01:00Z,Colorado Avalanche,Calgary Flames,Scotiabank Saddledome,Calgary,AB,True,ESPN_PUBLIC,STATUS_SCHEDULED
ESPN-NHL-401892464-20261005T002416Z,2026-10-04T17:24:16.155482-07:00,NHL,NHL,401892464,2026-10-09T02:00Z,Toronto Maple Leafs,Vegas Golden Knights,T-Mobile Arena,Las Vegas,NV,True,ESPN_PUBLIC,STATUS_SCHEDULED
ESPN-MLB-401907991-20261005T002416Z,2026-10-04T17:24:16.155482-07:00,MLB,MLB,401907991,2026-10-05T21:00Z,Chicago White Sox,Cleveland Guardians,Progressive Field,Cleveland,Ohio,False,ESPN_PUBLIC,STATUS_SCHEDULED
ESPN-MLB-401907986-20261005T002416Z,2026-10-04T17:24:16.155482-07:00,MLB,MLB,401907986,2026-10-06T00:00Z,New York Yankees,Tampa Bay Rays,Tropicana Field,St. Petersburg,Florida,True,ESPN_PUBLIC,STATUS_SCHEDULED
ESPN-MLB-401908006-20261005T002416Z,2026-10-04T17:24:16.155482-07:00,MLB,MLB,401908006,2026-10-09T20:30Z,San Diego Padres,Milwaukee Brewers,American Family Field,Milwaukee,Wisconsin,True,ESPN_PUBLIC,STATUS_SCHEDULED
ESPN-MLB-401908017-20261005T002416Z,2026-10-04T17:24:16.155482-07:00,MLB,MLB,401908017,2026-10-10T00:00Z,Atlanta Braves,Los Angeles Dodgers,Dodger Stadium,Los Angeles,California,False,ESPN_PUBLIC,STATUS_SCHEDULED
ESPN-MLB-401907994-20261005T002416Z,2026-10-04T17:24:16.155482-07:00,MLB,MLB,401907994,2026-10-10T21:00Z,Chicago White Sox,Cleveland Guardians,Progressive Field,Cleveland,Ohio,False,ESPN_PUBLIC,STATUS_SCHEDULED
ESPN-MLB-401907989-20261005T002416Z,2026-10-04T17:24:16.155482-07:00,MLB,MLB,401907989,2026-10-11T00:00Z,New York Yankees,Tampa Bay Rays,Tropicana Field,St. Petersburg,Florida,True,ESPN_PUBLIC,STATUS_SCHEDULED
ESPN-MLB-401907993-20261005T002416Z,2026-10-04T17:24:16.155482-07:00,MLB,MLB,401907993,2026-10-08T21:00Z,Cleveland Guardians,Chicago White Sox,Rate Field,Chicago,Illinois,False,ESPN_PUBLIC,STATUS_SCHEDULED
ESPN-MLB-401907988-20261005T002416Z,2026-10-04T17:24:16.155482-07:00,MLB,MLB,401907988,2026-10-09T00:00Z,Tampa Bay Rays,New York Yankees,Yankee Stadium,Bronx,New York,False,ESPN_PUBLIC,STATUS_SCHEDULED
ESPN-MLB-401908030-20261005T002416Z,2026-10-04T17:24:16.155482-07:00,MLB,MLB,401908030,2026-10-11T04:00Z,TBD,TBD,,,,,ESPN_PUBLIC,STATUS_SCHEDULED
ESPN-MLB-401908003-20261005T002416Z,2026-10-04T17:24:16.155482-07:00,MLB,MLB,401908003,2026-10-04T20:00Z,San Diego Padres,Milwaukee Brewers,American Family Field,Milwaukee,Wisconsin,True,ESPN_PUBLIC,STATUS_FINAL
ESPN-MLB-401908014-20261005T002416Z,2026-10-04T17:24:16.155482-07:00,MLB,MLB,401908014,2026-10-05T00:00Z,Atlanta Braves,Los Angeles Dodgers,Dodger Stadium,Los Angeles,California,False,ESPN_PUBLIC,STATUS_IN_PROGRESS
ESPN-MLB-401907992-20261005T002416Z,2026-10-04T17:24:16.155482-07:00,MLB,MLB,401907992,2026-10-07T20:00Z,Cleveland Guardians,Chicago White Sox,Rate Field,Chicago,Illinois,False,ESPN_PUBLIC,STATUS_SCHEDULED
ESPN-MLB-401908016-20261005T002416Z,2026-10-04T17:24:16.155482-07:00,MLB,MLB,401908016,2026-10-07T22:00Z,Los Angeles Dodgers,Atlanta Braves,Truist Park,Atlanta,Georgia,False,ESPN_PUBLIC,STATUS_SCHEDULED
ESPN-MLB-401907987-20261005T002416Z,2026-10-04T17:24:16.155482-07:00,MLB,MLB,401907987,2026-10-08T00:00Z,Tampa Bay Rays,New York Yankees,Yankee Stadium,Bronx,New York,False,ESPN_PUBLIC,STATUS_SCHEDULED
ESPN-MLB-401908005-20261005T002416Z,2026-10-04T17:24:16.155482-07:00,MLB,MLB,401908005,2026-10-08T02:00Z,Milwaukee Brewers,San Diego Padres,Petco Park,San Diego,California,False,ESPN_PUBLIC,STATUS_SCHEDULED
ESPN-MLB-401908015-20261005T002416Z,2026-10-04T17:24:16.155482-07:00,MLB,MLB,401908015,2026-10-06T22:00Z,Los Angeles Dodgers,Atlanta Braves,Truist Park,Atlanta,Georgia,False,ESPN_PUBLIC,STATUS_SCHEDULED
ESPN-MLB-401908004-20261005T002416Z,2026-10-04T17:24:16.155482-07:00,MLB,MLB,401908004,2026-10-07T01:30Z,Milwaukee Brewers,San Diego Padres,Petco Park,San Diego,California,False,ESPN_PUBLIC,STATUS_SCHEDULED
NHLWEB-2026020035-20261005T002725Z,2026-10-04T17:27:25.238225-07:00,NHL,NHL,2026020035,2026-10-04T17:00:00Z,Winnipeg,Detroit,NHL_WEB,OFF
NHLWEB-2026020036-20261005T002725Z,2026-10-04T17:27:25.238225-07:00,NHL,NHL,2026020036,2026-10-04T22:00:00Z,Utah,New York,NHL_WEB,CRIT
NHLWEB-2026020037-20261005T002725Z,2026-10-04T17:27:25.238225-07:00,NHL,NHL,2026020037,2026-10-05T00:00:00Z,Florida,Anaheim,NHL_WEB,LIVE
NHLWEB-2026020038-20261005T002725Z,2026-10-04T17:27:25.238225-07:00,NHL,NHL,2026020038,2026-10-05T00:00:00Z,Calgary,Seattle,NHL_WEB,LIVE
NHLWEB-2026020039-20261005T002725Z,2026-10-04T17:27:25.238225-07:00,NHL,NHL,2026020039,2026-10-05T01:00:00Z,Vegas,Vancouver,NHL_WEB,FUT
NHLWEB-2026020040-20261005T002725Z,2026-10-04T17:27:25.238225-07:00,NHL,NHL,2026020040,2026-10-05T23:00:00Z,Philadelphia,Tampa Bay,NHL_WEB,FUT
NHLWEB-2026020041-20261005T002725Z,2026-10-04T17:27:25.238225-07:00,NHL,NHL,2026020041,2026-10-05T23:30:00Z,Ottawa,Boston,NHL_WEB,FUT
NHLWEB-2026020042-20261005T002725Z,2026-10-04T17:27:25.238225-07:00,NHL,NHL,2026020042,2026-10-05T23:30:00Z,Winnipeg,Pittsburgh,NHL_WEB,FUT
NHLWEB-2026020043-20261005T002725Z,2026-10-04T17:27:25.238225-07:00,NHL,NHL,2026020043,2026-10-06T00:00:00Z,San Jose,Dallas,NHL_WEB,FUT
NHLWEB-2026020044-20261005T002725Z,2026-10-04T17:27:25.238225-07:00,NHL,NHL,2026020044,2026-10-06T23:00:00Z,Nashville,Toronto,NHL_WEB,FUT
NHLWEB-2026020045-20261005T002725Z,2026-10-04T17:27:25.238225-07:00,NHL,NHL,2026020045,2026-10-06T23:00:00Z,Carolina,Montréal,NHL_WEB,FUT
NHLWEB-2026020046-20261005T002725Z,2026-10-04T17:27:25.238225-07:00,NHL,NHL,2026020046,2026-10-06T23:00:00Z,Ottawa,Detroit,NHL_WEB,FUT
NHLWEB-2026020047-20261005T002725Z,2026-10-04T17:27:25.238225-07:00,NHL,NHL,2026020047,2026-10-06T23:00:00Z,Utah,New Jersey,NHL_WEB,FUT
NHLWEB-2026020049-20261005T002725Z,2026-10-04T17:27:25.238225-07:00,NHL,NHL,2026020049,2026-10-06T23:00:00Z,Minnesota,Buffalo,NHL_WEB,FUT
NHLWEB-2026020048-20261005T002725Z,2026-10-04T17:27:25.238225-07:00,NHL,NHL,2026020048,2026-10-06T23:30:00Z,New York,New York,NHL_WEB,FUT
NHLWEB-2026020050-20261005T002725Z,2026-10-04T17:27:25.238225-07:00,NHL,NHL,2026020050,2026-10-07T00:00:00Z,St. Louis,Chicago,NHL_WEB,FUT
NHLWEB-2026020051-20261005T002725Z,2026-10-04T17:27:25.238225-07:00,NHL,NHL,2026020051,2026-10-07T01:40:00Z,Vegas,Seattle,NHL_WEB,FUT
NHLWEB-2026020052-20261005T002725Z,2026-10-04T17:27:25.238225-07:00,NHL,NHL,2026020052,2026-10-07T02:00:00Z,Florida,Los Angeles,NHL_WEB,FUT
NHLWEB-2026020053-20261005T002725Z,2026-10-04T17:27:25.238225-07:00,NHL,NHL,2026020053,2026-10-07T23:30:00Z,Pittsburgh,Washington,NHL_WEB,FUT
NHLWEB-2026020054-20261005T002725Z,2026-10-04T17:27:25.238225-07:00,NHL,NHL,2026020054,2026-10-07T23:30:00Z,Colorado,Winnipeg,NHL_WEB,FUT
NHLWEB-2026020055-20261005T002725Z,2026-10-04T17:27:25.238225-07:00,NHL,NHL,2026020055,2026-10-08T02:00:00Z,Edmonton,Anaheim,NHL_WEB,FUT
NHLWEB-2026020056-20261005T002725Z,2026-10-04T17:27:25.238225-07:00,NHL,NHL,2026020056,2026-10-08T23:00:00Z,Utah,Boston,NHL_WEB,FUT
NHLWEB-2026020057-20261005T002725Z,2026-10-04T17:27:25.238225-07:00,NHL,NHL,2026020057,2026-10-08T23:00:00Z,Dallas,Buffalo,NHL_WEB,FUT
NHLWEB-2026020058-20261005T002725Z,2026-10-04T17:27:25.238225-07:00,NHL,NHL,2026020058,2026-10-08T23:00:00Z,Nashville,Montréal,NHL_WEB,FUT
NHLWEB-2026020059-20261005T002725Z,2026-10-04T17:27:25.238225-07:00,NHL,NHL,2026020059,2026-10-08T23:00:00Z,Philadelphia,Ottawa,NHL_WEB,FUT
NHLWEB-2026020060-20261005T002725Z,2026-10-04T17:27:25.238225-07:00,NHL,NHL,2026020060,2026-10-08T23:00:00Z,Minnesota,Tampa Bay,NHL_WEB,FUT
NHLWEB-2026020061-20261005T002725Z,2026-10-04T17:27:25.238225-07:00,NHL,NHL,2026020061,2026-10-08T23:00:00Z,Vancouver,Carolina,NHL_WEB,FUT
NHLWEB-2026020062-20261005T002725Z,2026-10-04T17:27:25.238225-07:00,NHL,NHL,2026020062,2026-10-08T23:30:00Z,Chicago,New York,NHL_WEB,FUT
NHLWEB-2026020063-20261005T002725Z,2026-10-04T17:27:25.238225-07:00,NHL,NHL,2026020063,2026-10-09T00:00:00Z,San Jose,St. Louis,NHL_WEB,FUT
NHLWEB-2026020064-20261005T002725Z,2026-10-04T17:27:25.238225-07:00,NHL,NHL,2026020064,2026-10-09T01:00:00Z,Colorado,Calgary,NHL_WEB,FUT
NHLWEB-2026020065-20261005T002725Z,2026-10-04T17:27:25.238225-07:00,NHL,NHL,2026020065,2026-10-09T02:00:00Z,Toronto,Vegas,NHL_WEB,FUT
NHLWEB-2026020066-20261005T002725Z,2026-10-04T17:27:25.238225-07:00,NHL,NHL,2026020066,2026-10-09T23:00:00Z,Seattle,Detroit,NHL_WEB,FUT
NHLWEB-2026020067-20261005T002725Z,2026-10-04T17:27:25.238225-07:00,NHL,NHL,2026020067,2026-10-09T23:00:00Z,New York,Washington,NHL_WEB,FUT
NHLWEB-2026020068-20261005T002725Z,2026-10-04T17:27:25.238225-07:00,NHL,NHL,2026020068,2026-10-09T23:00:00Z,Pittsburgh,Columbus,NHL_WEB,FUT
NHLWEB-2026020069-20261005T002725Z,2026-10-04T17:27:25.238225-07:00,NHL,NHL,2026020069,2026-10-10T00:00:00Z,Anaheim,Winnipeg,NHL_WEB,FUT
NHLWEB-2026020070-20261005T002725Z,2026-10-04T17:27:25.238225-07:00,NHL,NHL,2026020070,2026-10-10T17:00:00Z,Philadelphia,Boston,NHL_WEB,FUT
NHLWEB-2026020071-20261005T002725Z,2026-10-04T17:27:25.238225-07:00,NHL,NHL,2026020071,2026-10-10T19:30:00Z,Vancouver,New Jersey,NHL_WEB,FUT
NHLWEB-2026020072-20261005T002725Z,2026-10-04T17:27:25.238225-07:00,NHL,NHL,2026020072,2026-10-10T20:00:00Z,Edmonton,San Jose,NHL_WEB,FUT
NHLWEB-2026020073-20261005T002725Z,2026-10-04T17:27:25.238225-07:00,NHL,NHL,2026020073,2026-10-10T22:00:00Z,Minnesota,Florida,NHL_WEB,FUT
NHLWEB-2026020074-20261005T002725Z,2026-10-04T17:27:25.238225-07:00,NHL,NHL,2026020074,2026-10-10T23:00:00Z,Utah,Buffalo,NHL_WEB,FUT
NHLWEB-2026020075-20261005T002725Z,2026-10-04T17:27:25.238225-07:00,NHL,NHL,2026020075,2026-10-10T23:00:00Z,Detroit,Montréal,NHL_WEB,FUT
NHLWEB-2026020076-20261005T002725Z,2026-10-04T17:27:25.238225-07:00,NHL,NHL,2026020076,2026-10-10T23:00:00Z,Nashville,Ottawa,NHL_WEB,FUT
NHLWEB-2026020077-20261005T002725Z,2026-10-04T17:27:25.238225-07:00,NHL,NHL,2026020077,2026-10-10T23:00:00Z,Dallas,Pittsburgh,NHL_WEB,FUT
NHLWEB-2026020078-20261005T002725Z,2026-10-04T17:27:25.238225-07:00,NHL,NHL,2026020078,2026-10-10T23:00:00Z,Carolina,Chicago,NHL_WEB,FUT
NHLWEB-2026020079-20261005T002725Z,2026-10-04T17:27:25.238225-07:00,NHL,NHL,2026020079,2026-10-10T23:00:00Z,Columbus,St. Louis,NHL_WEB,FUT
NHLWEB-2026020080-20261005T002725Z,2026-10-04T17:27:25.238225-07:00,NHL,NHL,2026020080,2026-10-10T23:00:00Z,Toronto,Colorado,NHL_WEB,FUT
NHLWEB-2026020081-20261005T002725Z,2026-10-04T17:27:25.238225-07:00,NHL,NHL,2026020081,2026-10-10T23:30:00Z,Tampa Bay,New York,NHL_WEB,FUT
NHLWEB-2026020082-20261005T002725Z,2026-10-04T17:27:25.238225-07:00,NHL,NHL,2026020082,2026-10-11T02:00:00Z,Anaheim,Calgary,NHL_WEB,FUT
NHLWEB-2026020083-20261005T002725Z,2026-10-04T17:27:25.238225-07:00,NHL,NHL,2026020083,2026-10-11T02:00:00Z,Los Angeles,Vegas,NHL_WEB,FUT
ESPN-WNBA-401918299-20261005T064133Z,2026-10-04T23:41:33.653916-07:00,WNBA,WNBA,401918299,2026-10-09T23:30Z,Atlanta Dream,New York Liberty,Barclays Center,Brooklyn,NY,True,ESPN_PUBLIC,STATUS_SCHEDULED
ESPN-WNBA-401918300-20261005T064133Z,2026-10-04T23:41:33.653916-07:00,WNBA,WNBA,401918300,2026-10-10T01:30Z,Golden State Valkyries,Las Vegas Aces,Michelob ULTRA Arena,Las Vegas,NV,True,ESPN_PUBLIC,STATUS_SCHEDULED
ESPN-WNBA-401918301-20261005T064133Z,2026-10-04T23:41:33.653916-07:00,WNBA,WNBA,401918301,2026-10-11T04:00Z,Atlanta Dream,New York Liberty,Barclays Center,Brooklyn,NY,True,ESPN_PUBLIC,STATUS_SCHEDULED
ESPN-WNBA-401918302-20261005T064133Z,2026-10-04T23:41:33.653916-07:00,WNBA,WNBA,401918302,2026-10-11T04:00Z,Golden State Valkyries,Las Vegas Aces,Michelob ULTRA Arena,Las Vegas,NV,True,ESPN_PUBLIC,STATUS_SCHEDULED
ESPN-WNBA-401918295-20261005T064133Z,2026-10-04T23:41:33.653916-07:00,WNBA,WNBA,401918295,2026-10-04T18:00Z,New York Liberty,Atlanta Dream,State Farm Arena,Atlanta,GA,True,ESPN_PUBLIC,STATUS_FINAL
ESPN-WNBA-401918296-20261005T064133Z,2026-10-04T23:41:33.653916-07:00,WNBA,WNBA,401918296,2026-10-04T20:00Z,Las Vegas Aces,Golden State Valkyries,Chase Center,San Francisco,CA,True,ESPN_PUBLIC,STATUS_FINAL
ESPN-WNBA-401918297-20261005T064133Z,2026-10-04T23:41:33.653916-07:00,WNBA,WNBA,401918297,2026-10-07T23:30Z,New York Liberty,Atlanta Dream,State Farm Arena,Atlanta,GA,True,ESPN_PUBLIC,STATUS_SCHEDULED
ESPN-WNBA-401918298-20261005T064133Z,2026-10-04T23:41:33.653916-07:00,WNBA,WNBA,401918298,2026-10-08T01:30Z,Las Vegas Aces,Golden State Valkyries,Chase Center,San Francisco,CA,True,ESPN_PUBLIC,STATUS_SCHEDULED
ESPN-NCAA_Football-401858254-20261005T064133Z,2026-10-04T23:41:33.653916-07:00,NCAA_Football,NCAA_Football,401858254,2026-10-09T23:00Z,Florida State Seminoles,Louisville Cardinals,L&N Federal Credit Union Stadium,Louisville,KY,False,ESPN_PUBLIC,STATUS_SCHEDULED
ESPN-NCAA_Football-401858487-20261005T064133Z,2026-10-04T23:41:33.653916-07:00,NCAA_Football,NCAA_Football,401858487,2026-10-10T01:00Z,Iowa Hawkeyes,Washington Huskies,Husky Stadium,Seattle,WA,False,ESPN_PUBLIC,STATUS_SCHEDULED
ESPN-NCAA_Football-401860922-20261005T064133Z,2026-10-04T23:41:33.653916-07:00,NCAA_Football,NCAA_Football,401860922,2026-10-10T01:00Z,Washington State Cougars,Utah State Aggies,Maverik Stadium,Logan,UT,False,ESPN_PUBLIC,STATUS_SCHEDULED
ESPN-NCAA_Football-401864519-20261005T064133Z,2026-10-04T23:41:33.653916-07:00,NCAA_Football,NCAA_Football,401864519,2026-10-10T01:00Z,Wyoming Cowboys,San José State Spartans,CEFCU Stadium,San Jose,CA,False,ESPN_PUBLIC,STATUS_SCHEDULED
ESPN-NCAA_Football-401856826-20261005T064133Z,2026-10-04T23:41:33.653916-07:00,NCAA_Football,NCAA_Football,401856826,2026-10-10T02:15Z,Iowa State Cyclones,BYU Cougars,LaVell Edwards Stadium,Provo,UT,False,ESPN_PUBLIC,STATUS_SCHEDULED
ESPN-NCAA_Football-401871090-20261005T064133Z,2026-10-04T23:41:33.653916-07:00,NCAA_Football,NCAA_Football,401871090,2026-10-07T00:00Z,Southern Miss Golden Eagles,Troy Trojans,Veterans Memorial Stadium (AL),Troy,AL,False,ESPN_PUBLIC,STATUS_SCHEDULED
ESPN-NCAA_Football-401871051-20261005T064133Z,2026-10-04T23:41:33.653916-07:00,NCAA_Football,NCAA_Football,401871051,2026-10-07T23:00Z,Jacksonville State Gamecocks,Kennesaw State Owls,Walens Family Field at Fifth Third Stadium,Kennesaw,GA,False,ESPN_PUBLIC,STATUS_SCHEDULED
ESPN-NCAA_Football-401871066-20261005T064133Z,2026-10-04T23:41:33.653916-07:00,NCAA_Football,NCAA_Football,401871066,2026-10-07T23:30Z,New Mexico State Aggies,Florida International Panthers,Pitbull Stadium,Miami,FL,False,ESPN_PUBLIC,STATUS_SCHEDULED
ESPN-NCAA_Football-401858481-20261005T064133Z,2026-10-04T23:41:33.653916-07:00,NCAA_Football,NCAA_Football,401858481,2026-10-10T16:00Z,Indiana Hoosiers,Nebraska Cornhuskers,"Memorial Stadium (Lincoln, NE)",Lincoln,NE,False,ESPN_PUBLIC,STATUS_SCHEDULED
ESPN-NCAA_Football-401856716-20261005T064133Z,2026-10-04T23:41:33.653916-07:00,NCAA_Football,NCAA_Football,401856716,2026-10-10T16:00Z,Texas A&M Aggies,Missouri Tigers,Memorial Stadium,Columbia,MO,False,ESPN_PUBLIC,STATUS_SCHEDULED
ESPN-NCAA_Football-401856824-20261005T064133Z,2026-10-04T23:41:33.653916-07:00,NCAA_Football,NCAA_Football,401856824,2026-10-10T16:00Z,UCF Knights,Oklahoma State Cowboys,Boone Pickens Stadium,Stillwater,OK,False,ESPN_PUBLIC,STATUS_SCHEDULED
ESPN-NCAA_Football-401858256-20261005T064133Z,2026-10-04T23:41:33.653916-07:00,NCAA_Football,NCAA_Football,401858256,2026-10-10T16:00Z,North Carolina Tar Heels,Pittsburgh Panthers,Acrisure Stadium,Pittsburgh,PA,False,ESPN_PUBLIC,STATUS_SCHEDULED
ESPN-NCAA_Football-401856823-20261005T064133Z,2026-10-04T23:41:33.653916-07:00,NCAA_Football,NCAA_Football,401856823,2026-10-10T16:00Z,Arizona Wildcats,West Virginia Mountaineers,Milan Puskar Stadium,Morgantown,WV,False,ESPN_PUBLIC,STATUS_SCHEDULED
ESPN-NCAA_Football-401858260-20261005T064133Z,2026-10-04T23:41:33.653916-07:00,NCAA_Football,NCAA_Football,401858260,2026-10-10T16:00Z,Wake Forest Demon Deacons,NC State Wolfpack,Carter-Finley Stadium,Raleigh,NC,False,ESPN_PUBLIC,STATUS_SCHEDULED
ESPN-NCAA_Football-401862795-20261005T064133Z,2026-10-04T23:41:33.653916-07:00,NCAA_Football,NCAA_Football,401862795,2026-10-10T16:00Z,Tulane Green Wave,Army Black Knights,Michie Stadium,West Point,NY,False,ESPN_PUBLIC,STATUS_SCHEDULED
ESPN-NCAA_Football-401866436-20261005T064133Z,2026-10-04T23:41:33.653916-07:00,NCAA_Football,NCAA_Football,401866436,2026-10-10T16:00Z,Sacramento State Hornets,Bowling Green Falcons,Doyt L. Perry Stadium,Bowling Green,OH,False,ESPN_PUBLIC,STATUS_SCHEDULED
ESPN-NCAA_Football-401858482-20261005T064133Z,2026-10-04T23:41:33.653916-07:00,NCAA_Football,NCAA_Football,401858482,2026-10-10T16:30Z,Ball State Cardinals,Northwestern Wildcats,Ryan Field,Evanston,IL,False,ESPN_PUBLIC,STATUS_SCHEDULED
ESPN-NCAA_Football-401856714-20261005T064133Z,2026-10-04T23:41:33.653916-07:00,NCAA_Football,NCAA_Football,401856714,2026-10-10T16:45Z,South Carolina Gamecocks,Florida Gators,Ben Hill Griffin Stadium,Gainesville,FL,False,ESPN_PUBLIC,STATUS_SCHEDULED
ESPN-NCAA_Football-401869843-20261005T064133Z,2026-10-04T23:41:33.653916-07:00,NCAA_Football,NCAA_Football,401869843,2026-10-10T17:00Z,Old Dominion Monarchs,App State Mountaineers,Kidd Brewer Stadium,Boone,NC,False,ESPN_PUBLIC,STATUS_SCHEDULED
ESPN-NCAA_Football-401866440-20261005T064133Z,2026-10-04T23:41:33.653916-07:00,NCAA_Football,NCAA_Football,401866440,2026-10-10T18:00Z,Miami (OH) RedHawks,Massachusetts Minutemen,Warren McGuirk Alumni Stadium,Amherst,MA,False,ESPN_PUBLIC,STATUS_SCHEDULED
ESPN-NCAA_Football-401856717-20261005T064133Z,2026-10-04T23:41:33.653916-07:00,NCAA_Football,NCAA_Football,401856717,2026-10-10T19:30Z,Texas Longhorns,Oklahoma Sooners,Cotton Bowl,Dallas,TX,False,ESPN_PUBLIC,STATUS_SCHEDULED
ESPN-NCAA_Football-401858257-20261005T064133Z,2026-10-04T23:41:33.653916-07:00,NCAA_Football,NCAA_Football,401858257,2026-10-10T19:30Z,Stanford Cardinal,Notre Dame Fighting Irish,Notre Dame Stadium,Notre Dame,IN,False,ESPN_PUBLIC,STATUS_SCHEDULED
ESPN-NCAA_Football-401856718-20261005T064133Z,2026-10-04T23:41:33.653916-07:00,NCAA_Football,NCAA_Football,401856718,2026-10-10T19:30Z,Ole Miss Rebels,Vanderbilt Commodores,FirstBank Stadium,Nashville,TN,False,ESPN_PUBLIC,STATUS_SCHEDULED
ESPN-NCAA_Football-401858484-20261005T064133Z,2026-10-04T23:41:33.653916-07:00,NCAA_Football,NCAA_Football,401858484,2026-10-10T19:30Z,UCLA Bruins,Oregon Ducks,Autzen Stadium,Eugene,OR,False,ESPN_PUBLIC,STATUS_SCHEDULED
ESPN-NCAA_Football-401856825-20261005T064133Z,2026-10-04T23:41:33.653916-07:00,NCAA_Football,NCAA_Football,401856825,2026-10-10T19:30Z,Houston Cougars,Kansas State Wildcats,Bill Snyder Family Stadium,Manhattan,KS,False,ESPN_PUBLIC,STATUS_SCHEDULED
ESPN-NCAA_Football-401858255-20261005T064133Z,2026-10-04T23:41:33.653916-07:00,NCAA_Football,NCAA_Football,401858255,2026-10-10T19:30Z,Duke Blue Devils,Georgia Tech Yellow Jackets,Bobby Dodd Stadium,Atlanta,GA,False,ESPN_PUBLIC,STATUS_SCHEDULED
ESPN-NCAA_Football-401858259-20261005T064133Z,2026-10-04T23:41:33.653916-07:00,NCAA_Football,NCAA_Football,401858259,2026-10-10T19:30Z,Virginia Tech Hokies,California Golden Bears,California Memorial Stadium,Berkeley,CA,False,ESPN_PUBLIC,STATUS_SCHEDULED
ESPN-NCAA_Football-401858480-20261005T064133Z,2026-10-04T23:41:33.653916-07:00,NCAA_Football,NCAA_Football,401858480,2026-10-10T19:30Z,Illinois Fighting Illini,Michigan State Spartans,Spartan Stadium,East Lansing,MI,False,ESPN_PUBLIC,STATUS_SCHEDULED
ESPN-NCAA_Football-401862796-20261005T064133Z,2026-10-04T23:41:33.653916-07:00,NCAA_Football,NCAA_Football,401862796,2026-10-10T19:30Z,Charlotte 49ers,North Texas Mean Green,DATCU Stadium,Denton,TX,False,ESPN_PUBLIC,STATUS_SCHEDULED
ESPN-NCAA_Football-401862799-20261005T064133Z,2026-10-04T23:41:33.653916-07:00,NCAA_Football,NCAA_Football,401862799,2026-10-10T19:30Z,Tulsa Golden Hurricane,Navy Midshipmen,Navy-Marine Corps Memorial Stadium,Annapolis,MD,False,ESPN_PUBLIC,STATUS_SCHEDULED
ESPN-NCAA_Football-401866435-20261005T064133Z,2026-10-04T23:41:33.653916-07:00,NCAA_Football,NCAA_Football,401866435,2026-10-10T19:30Z,Eastern Michigan Eagles,Akron Zips,InfoCision Stadium,Akron,OH,False,ESPN_PUBLIC,STATUS_SCHEDULED
ESPN-NCAA_Football-401866437-20261005T064133Z,2026-10-04T23:41:33.653916-07:00,NCAA_Football,NCAA_Football,401866437,2026-10-10T19:30Z,Buffalo Bulls,Toledo Rockets,Glass Bowl,Toledo,OH,False,ESPN_PUBLIC,STATUS_SCHEDULED
ESPN-NCAA_Football-401866438-20261005T064133Z,2026-10-04T23:41:33.653916-07:00,NCAA_Football,NCAA_Football,401866438,2026-10-10T19:30Z,Central Michigan Chippewas,Ohio Bobcats,Peden Stadium,Athens,OH,False,ESPN_PUBLIC,STATUS_SCHEDULED
ESPN-NCAA_Football-401866439-20261005T064133Z,2026-10-04T23:41:33.653916-07:00,NCAA_Football,NCAA_Football,401866439,2026-10-10T19:30Z,Kent State Golden Flashes,Western Michigan Broncos,Waldo Stadium,Kalamazoo,MI,False,ESPN_PUBLIC,STATUS_SCHEDULED
ESPN-NCAA_Football-401861964-20261005T064133Z,2026-10-04T23:41:33.653916-07:00,NCAA_Football,NCAA_Football,401861964,2026-10-10T19:45Z,UConn Huskies,Temple Owls,Lincoln Financial Field,Philadelphia,PA,False,ESPN_PUBLIC,STATUS_SCHEDULED
ESPN-NCAA_Football-401862797-20261005T064133Z,2026-10-04T23:41:33.653916-07:00,NCAA_Football,NCAA_Football,401862797,2026-10-10T20:00Z,Rice Owls,East Carolina Pirates,Dowdy-Ficklen Stadium,Greenville,NC,False,ESPN_PUBLIC,STATUS_SCHEDULED
ESPN-NCAA_Football-401858483-20261005T064133Z,2026-10-04T23:41:33.653916-07:00,NCAA_Football,NCAA_Football,401858483,2026-10-10T20:15Z,Maryland Terrapins,Ohio State Buckeyes,Ohio Stadium,Columbus,OH,False,ESPN_PUBLIC,STATUS_SCHEDULED
ESPN-NCAA_Football-401856713-20261005T064133Z,2026-10-04T23:41:33.653916-07:00,NCAA_Football,NCAA_Football,401856713,2026-10-10T20:15Z,Tennessee Volunteers,Arkansas Razorbacks,Donald W. Reynolds Razorback Stadium,Fayetteville,AR,False,ESPN_PUBLIC,STATUS_SCHEDULED
ESPN-NCAA_Football-401860902-20261005T064133Z,2026-10-04T23:41:33.653916-07:00,NCAA_Football,NCAA_Football,401860902,2026-10-10T22:00Z,San Diego State Aztecs,Oregon State Beavers,Reser Stadium,Corvallis,OR,False,ESPN_PUBLIC,STATUS_SCHEDULED
ESPN-NCAA_Football-401856715-20261005T064133Z,2026-10-04T23:41:33.653916-07:00,NCAA_Football,NCAA_Football,401856715,2026-10-10T23:00Z,LSU Tigers,Kentucky Wildcats,Kroger Field,Lexington,KY,False,ESPN_PUBLIC,STATUS_SCHEDULED
ESPN-NCAA_Football-401862798-20261005T064133Z,2026-10-04T23:41:33.653916-07:00,NCAA_Football,NCAA_Football,401862798,2026-10-10T23:00Z,UAB Blazers,Memphis Tigers,Simmons Bank Liberty Stadium,Memphis,TN,False,ESPN_PUBLIC,STATUS_SCHEDULED
ESPN-NCAA_Football-401864517-20261005T064133Z,2026-10-04T23:41:33.653916-07:00,NCAA_Football,NCAA_Football,401864517,2026-10-10T23:00Z,Nevada Wolf Pack,UTEP Miners,Sun Bowl,El Paso,TX,False,ESPN_PUBLIC,STATUS_SCHEDULED
ESPN-NCAA_Football-401864518-20261005T064133Z,2026-10-04T23:41:33.653916-07:00,NCAA_Football,NCAA_Football,401864518,2026-10-10T23:00Z,North Dakota State Bison,UNLV Rebels,Allegiant Stadium,Las Vegas,NV,True,ESPN_PUBLIC,STATUS_SCHEDULED
ESPN-NCAA_Football-401869943-20261005T064133Z,2026-10-04T23:41:33.653916-07:00,NCAA_Football,NCAA_Football,401869943,2026-10-10T23:00Z,Coastal Carolina Chanticleers,Marshall Thundering Herd,Joan C. Edwards Stadium,Huntington,WV,False,ESPN_PUBLIC,STATUS_SCHEDULED
ESPN-NCAA_Football-401856712-20261005T064133Z,2026-10-04T23:41:33.653916-07:00,NCAA_Football,NCAA_Football,401856712,2026-10-10T23:30Z,Georgia Bulldogs,Alabama Crimson Tide,Bryant-Denny Stadium,Tuscaloosa,AL,False,ESPN_PUBLIC,STATUS_SCHEDULED
ESPN-NCAA_Football-401858485-20261005T064133Z,2026-10-04T23:41:33.653916-07:00,NCAA_Football,NCAA_Football,401858485,2026-10-10T23:30Z,USC Trojans,Penn State Nittany Lions,Beaver Stadium,University Park,PA,False,ESPN_PUBLIC,STATUS_SCHEDULED
ESPN-NCAA_Football-401858258-20261005T064133Z,2026-10-04T23:41:33.653916-07:00,NCAA_Football,NCAA_Football,401858258,2026-10-10T23:30Z,Syracuse Orange,Virginia Cavaliers,Scott Stadium,Charlottesville,VA,False,ESPN_PUBLIC,STATUS_SCHEDULED
ESPN-NCAA_Football-401864516-20261005T064133Z,2026-10-04T23:41:33.653916-07:00,NCAA_Football,NCAA_Football,401864516,2026-10-10T23:30Z,Air Force Falcons,Northern Illinois Huskies,Huskie Stadium,Dekalb,IL,False,ESPN_PUBLIC,STATUS_SCHEDULED
ESPN-NCAA_Football-401869949-20261005T064133Z,2026-10-04T23:41:33.653916-07:00,NCAA_Football,NCAA_Football,401869949,2026-10-10T23:30Z,James Madison Dukes,Georgia Southern Eagles,Allen E. Paulson Stadium,Statesboro,GA,False,ESPN_PUBLIC,STATUS_SCHEDULED
ESPN-NCAA_Football-401869965-20261005T064133Z,2026-10-04T23:41:33.653916-07:00,NCAA_Football,NCAA_Football,401869965,2026-10-10T23:30Z,Louisiana Ragin' Cajuns,Louisiana Tech Bulldogs,Joe Aillet Stadium,Ruston,LA,False,ESPN_PUBLIC,STATUS_SCHEDULED
ESPN-NCAA_Football-401858486-20261005T064133Z,2026-10-04T23:41:33.653916-07:00,NCAA_Football,NCAA_Football,401858486,2026-10-11T00:00Z,Minnesota Golden Gophers,Purdue Boilermakers,Ross-Ade Stadium,West Lafayette,IN,False,ESPN_PUBLIC,STATUS_SCHEDULED
ESPN-NCAA_Football-401856808-20261005T064133Z,2026-10-04T23:41:33.653916-07:00,NCAA_Football,NCAA_Football,401856808,2026-10-11T01:30Z,Hawai'i Rainbow Warriors,Arizona State Sun Devils,Mountain America Stadium,Tempe,AZ,False,ESPN_PUBLIC,STATUS_SCHEDULED
ESPN-NCAA_Football-401856827-20261005T064133Z,2026-10-04T23:41:33.653916-07:00,NCAA_Football,NCAA_Football,401856827,2026-10-11T02:15Z,Kansas Jayhawks,Utah Utes,Rice-Eccles Stadium,Salt Lake City,UT,False,ESPN_PUBLIC,STATUS_SCHEDULED
ESPN-NCAA_Football-401860901-20261005T064133Z,2026-10-04T23:41:33.653916-07:00,NCAA_Football,NCAA_Football,401860901,2026-10-11T02:30Z,Boise State Broncos,Fresno State Bulldogs,Valley Children's Stadium,Fresno,CA,False,ESPN_PUBLIC,STATUS_SCHEDULED
ESPN-NCAA_Football-401870766-20261005T064133Z,2026-10-04T23:41:33.653916-07:00,NCAA_Football,NCAA_Football,401870766,2026-10-08T23:00Z,Sam Houston Bearkats,Liberty Flames,Williams Stadium (VA),Lynchburg,VA,False,ESPN_PUBLIC,STATUS_SCHEDULED
ESPN-NCAA_Football-401871052-20261005T064133Z,2026-10-04T23:41:33.653916-07:00,NCAA_Football,NCAA_Football,401871052,2026-10-08T23:00Z,Missouri State Bears,Western Kentucky Hilltoppers,Houchens Industries-L.T. Smith Stadium,Bowling Green,KY,False,ESPN_PUBLIC,STATUS_SCHEDULED
ESPN-NCAA_Football-401862794-20261005T064133Z,2026-10-04T23:41:33.653916-07:00,NCAA_Football,NCAA_Football,401862794,2026-10-08T23:30Z,South Florida Bulls,UTSA Roadrunners,Alamodome,San Antonio,TX,True,ESPN_PUBLIC,STATUS_SCHEDULED
ESPN-NCAA_Football-401869933-20261005T064133Z,2026-10-04T23:41:33.653916-07:00,NCAA_Football,NCAA_Football,401869933,2026-10-08T23:30Z,South Alabama Jaguars,Arkansas State Red Wolves,Centennial Bank Stadium,Jonesboro,AR,False,ESPN_PUBLIC,STATUS_SCHEDULED
ESPN-MLB-401907991-20261005T064133Z,2026-10-04T23:41:33.653916-07:00,MLB,MLB,401907991,2026-10-05T21:00Z,Chicago White Sox,Cleveland Guardians,Progressive Field,Cleveland,Ohio,False,ESPN_PUBLIC,STATUS_SCHEDULED
ESPN-MLB-401907986-20261005T064133Z,2026-10-04T23:41:33.653916-07:00,MLB,MLB,401907986,2026-10-06T00:00Z,New York Yankees,Tampa Bay Rays,Tropicana Field,St. Petersburg,Florida,True,ESPN_PUBLIC,STATUS_SCHEDULED
ESPN-MLB-401908006-20261005T064133Z,2026-10-04T23:41:33.653916-07:00,MLB,MLB,401908006,2026-10-09T20:30Z,San Diego Padres,Milwaukee Brewers,American Family Field,Milwaukee,Wisconsin,True,ESPN_PUBLIC,STATUS_SCHEDULED
ESPN-MLB-401908017-20261005T064133Z,2026-10-04T23:41:33.653916-07:00,MLB,MLB,401908017,2026-10-10T00:00Z,Atlanta Braves,Los Angeles Dodgers,Dodger Stadium,Los Angeles,California,False,ESPN_PUBLIC,STATUS_SCHEDULED
ESPN-MLB-401907992-20261005T064133Z,2026-10-04T23:41:33.653916-07:00,MLB,MLB,401907992,2026-10-07T20:00Z,Cleveland Guardians,Chicago White Sox,Rate Field,Chicago,Illinois,False,ESPN_PUBLIC,STATUS_SCHEDULED
ESPN-MLB-401908016-20261005T064133Z,2026-10-04T23:41:33.653916-07:00,MLB,MLB,401908016,2026-10-07T22:00Z,Los Angeles Dodgers,Atlanta Braves,Truist Park,Atlanta,Georgia,False,ESPN_PUBLIC,STATUS_SCHEDULED
ESPN-MLB-401907987-20261005T064133Z,2026-10-04T23:41:33.653916-07:00,MLB,MLB,401907987,2026-10-08T00:00Z,Tampa Bay Rays,New York Yankees,Yankee Stadium,Bronx,New York,False,ESPN_PUBLIC,STATUS_SCHEDULED
ESPN-MLB-401908005-20261005T064133Z,2026-10-04T23:41:33.653916-07:00,MLB,MLB,401908005,2026-10-08T02:00Z,Milwaukee Brewers,San Diego Padres,Petco Park,San Diego,California,False,ESPN_PUBLIC,STATUS_SCHEDULED
ESPN-MLB-401908030-20261005T064133Z,2026-10-04T23:41:33.653916-07:00,MLB,MLB,401908030,2026-10-11T04:00Z,TBD,TBD,,,,,ESPN_PUBLIC,STATUS_SCHEDULED
ESPN-MLB-401908015-20261005T064133Z,2026-10-04T23:41:33.653916-07:00,MLB,MLB,401908015,2026-10-06T22:00Z,Los Angeles Dodgers,Atlanta Braves,Truist Park,Atlanta,Georgia,False,ESPN_PUBLIC,STATUS_SCHEDULED
ESPN-MLB-401908004-20261005T064133Z,2026-10-04T23:41:33.653916-07:00,MLB,MLB,401908004,2026-10-07T01:30Z,Milwaukee Brewers,San Diego Padres,Petco Park,San Diego,California,False,ESPN_PUBLIC,STATUS_SCHEDULED
ESPN-MLB-401908003-20261005T064133Z,2026-10-04T23:41:33.653916-07:00,MLB,MLB,401908003,2026-10-04T20:00Z,San Diego Padres,Milwaukee Brewers,American Family Field,Milwaukee,Wisconsin,True,ESPN_PUBLIC,STATUS_FINAL
ESPN-MLB-401908014-20261005T064133Z,2026-10-04T23:41:33.653916-07:00,MLB,MLB,401908014,2026-10-05T00:00Z,Atlanta Braves,Los Angeles Dodgers,Dodger Stadium,Los Angeles,California,False,ESPN_PUBLIC,STATUS_FINAL
ESPN-MLB-401907993-20261005T064133Z,2026-10-04T23:41:33.653916-07:00,MLB,MLB,401907993,2026-10-08T21:00Z,Cleveland Guardians,Chicago White Sox,Rate Field,Chicago,Illinois,False,ESPN_PUBLIC,STATUS_SCHEDULED
ESPN-MLB-401907988-20261005T064133Z,2026-10-04T23:41:33.653916-07:00,MLB,MLB,401907988,2026-10-09T00:00Z,Tampa Bay Rays,New York Yankees,Yankee Stadium,Bronx,New York,False,ESPN_PUBLIC,STATUS_SCHEDULED
ESPN-MLB-401907994-20261005T064133Z,2026-10-04T23:41:33.653916-07:00,MLB,MLB,401907994,2026-10-10T21:00Z,Chicago White Sox,Cleveland Guardians,Progressive Field,Cleveland,Ohio,False,ESPN_PUBLIC,STATUS_SCHEDULED
ESPN-MLB-401907989-20261005T064133Z,2026-10-04T23:41:33.653916-07:00,MLB,MLB,401907989,2026-10-11T00:00Z,New York Yankees,Tampa Bay Rays,Tropicana Field,St. Petersburg,Florida,True,ESPN_PUBLIC,STATUS_SCHEDULED
ESPN-NBA-401898400-20261005T064133Z,2026-10-04T23:41:33.653916-07:00,NBA,NBA,401898400,2026-10-11T10:00Z,Dallas Mavericks,Houston Rockets,Venetian Arena,,,True,ESPN_PUBLIC,STATUS_SCHEDULED
ESPN-NBA-401898401-20261005T064133Z,2026-10-04T23:41:33.653916-07:00,NBA,NBA,401898401,2026-10-11T22:30Z,Orlando Magic,Cleveland Cavaliers,Rocket Arena,Cleveland,OH,True,ESPN_PUBLIC,STATUS_SCHEDULED
ESPN-NBA-401901821-20261005T064133Z,2026-10-04T23:41:33.653916-07:00,NBA,NBA,401901821,2026-10-11T23:00Z,Milwaukee Bucks,Charlotte Hornets,Spectrum Center,Charlotte,NC,True,ESPN_PUBLIC,STATUS_SCHEDULED
ESPN-NBA-401908941-20261005T064133Z,2026-10-04T23:41:33.653916-07:00,NBA,NBA,401908941,2026-10-12T01:00Z,Chicago Bulls,Denver Nuggets,Ball Arena,Denver,CO,True,ESPN_PUBLIC,STATUS_SCHEDULED
ESPN-NBA-401914127-20261005T064133Z,2026-10-04T23:41:33.653916-07:00,NBA,NBA,401914127,2026-10-04T23:00Z,Utah Jazz,Denver Nuggets,CU Events Center,Boulder,CO,True,ESPN_PUBLIC,STATUS_FINAL
ESPN-NBA-401918010-20261005T064133Z,2026-10-04T23:41:33.653916-07:00,NBA,NBA,401918010,2026-10-04T23:00Z,Golden State Warriors,LA Clippers,Stan Sheriff Center,Honolulu,HI,True,ESPN_PUBLIC,STATUS_FINAL
ESPN-NBA-401898388-20261005T064133Z,2026-10-04T23:41:33.653916-07:00,NBA,NBA,401898388,2026-10-05T23:00Z,Memphis Grizzlies,Atlanta Hawks,State Farm Arena,Atlanta,GA,True,ESPN_PUBLIC,STATUS_SCHEDULED
ESPN-NBA-401908947-20261005T064133Z,2026-10-04T23:41:33.653916-07:00,NBA,NBA,401908947,2026-10-05T23:00Z,Phoenix Suns,Detroit Pistons,Little Caesars Arena,Detroit,MI,True,ESPN_PUBLIC,STATUS_SCHEDULED
ESPN-NBA-401914101-20261005T064133Z,2026-10-04T23:41:33.653916-07:00,NBA,NBA,401914101,2026-10-05T23:00Z,New York Knicks,Philadelphia 76ers,Xfinity Mobile Arena,Philadelphia,PA,True,ESPN_PUBLIC,STATUS_SCHEDULED
ESPN-NBA-401914102-20261005T064133Z,2026-10-04T23:41:33.653916-07:00,NBA,NBA,401914102,2026-10-06T00:00Z,Minnesota Timberwolves,Milwaukee Bucks,Fiserv Forum,Milwaukee,WI,True,ESPN_PUBLIC,STATUS_SCHEDULED
ESPN-NBA-401898716-20261005T064133Z,2026-10-04T23:41:33.653916-07:00,NBA,NBA,401898716,2026-10-06T02:00Z,Los Angeles Lakers,Sacramento Kings,Golden 1 Center,Sacramento,CA,True,ESPN_PUBLIC,STATUS_SCHEDULED
ESPN-NBA-401902645-20261005T064133Z,2026-10-04T23:41:33.653916-07:00,NBA,NBA,401902645,2026-10-10T22:30Z,LA Clippers,Toronto Raptors,Rogers Arena,Vancouver,BC,True,ESPN_PUBLIC,STATUS_SCHEDULED
ESPN-NBA-401898396-20261005T064133Z,2026-10-04T23:41:33.653916-07:00,NBA,NBA,401898396,2026-10-10T23:00Z,Atlanta Hawks,Indiana Pacers,Gainbridge Fieldhouse,Indianapolis,IN,True,ESPN_PUBLIC,STATUS_SCHEDULED
ESPN-NBA-401906510-20261005T064133Z,2026-10-04T23:41:33.653916-07:00,NBA,NBA,401906510,2026-10-10T23:00Z,Detroit Pistons,Washington Wizards,Capital One Arena,Washington,DC,True,ESPN_PUBLIC,STATUS_SCHEDULED
ESPN-NBA-401898397-20261005T064133Z,2026-10-04T23:41:33.653916-07:00,NBA,NBA,401898397,2026-10-11T00:00Z,Minnesota Timberwolves,Miami Heat,Kaseya Center,Miami,FL,True,ESPN_PUBLIC,STATUS_SCHEDULED
ESPN-NBA-401898398-20261005T064133Z,2026-10-04T23:41:33.653916-07:00,NBA,NBA,401898398,2026-10-11T00:00Z,Philadelphia 76ers,Boston Celtics,TD Garden,Boston,MA,True,ESPN_PUBLIC,STATUS_SCHEDULED
ESPN-NBA-401898399-20261005T064133Z,2026-10-04T23:41:33.653916-07:00,NBA,NBA,401898399,2026-10-11T00:30Z,Sacramento Kings,Golden State Warriors,Chase Center,San Francisco,CA,True,ESPN_PUBLIC,STATUS_SCHEDULED
ESPN-NBA-401898720-20261005T064133Z,2026-10-04T23:41:33.653916-07:00,NBA,NBA,401898720,2026-10-11T02:30Z,San Antonio Spurs,Phoenix Suns,Mortgage Matchup Center,Phoenix,AZ,True,ESPN_PUBLIC,STATUS_SCHEDULED
ESPN-NBA-401898392-20261005T064133Z,2026-10-04T23:41:33.653916-07:00,NBA,NBA,401898392,2026-10-08T23:00Z,Boston Celtics,Cleveland Cavaliers,Rocket Arena,Cleveland,OH,True,ESPN_PUBLIC,STATUS_SCHEDULED
ESPN-NBA-401898393-20261005T064133Z,2026-10-04T23:41:33.653916-07:00,NBA,NBA,401898393,2026-10-08T23:30Z,New Orleans Pelicans,Miami Heat,Kaseya Center,Miami,FL,True,ESPN_PUBLIC,STATUS_SCHEDULED
ESPN-NBA-401901823-20261005T064133Z,2026-10-04T23:41:33.653916-07:00,NBA,NBA,401901823,2026-10-08T23:30Z,Philadelphia 76ers,Brooklyn Nets,Barclays Center,Brooklyn,NY,True,ESPN_PUBLIC,STATUS_SCHEDULED
ESPN-NBA-401906508-20261005T064133Z,2026-10-04T23:41:33.653916-07:00,NBA,NBA,401906508,2026-10-08T23:30Z,Washington Wizards,New York Knicks,Madison Square Garden,New York,NY,True,ESPN_PUBLIC,STATUS_SCHEDULED
ESPN-NBA-401898394-20261005T064133Z,2026-10-04T23:41:33.653916-07:00,NBA,NBA,401898394,2026-10-09T00:00Z,Atlanta Hawks,San Antonio Spurs,Frost Bank Center,San Antonio,TX,True,ESPN_PUBLIC,STATUS_SCHEDULED
ESPN-NBA-401898717-20261005T064133Z,2026-10-04T23:41:33.653916-07:00,NBA,NBA,401898717,2026-10-09T02:30Z,Sacramento Kings,Los Angeles Lakers,crypto.com Arena,Los Angeles,CA,True,ESPN_PUBLIC,STATUS_SCHEDULED
ESPN-NBA-401898395-20261005T064133Z,2026-10-04T23:41:33.653916-07:00,NBA,NBA,401898395,2026-10-09T12:00Z,Houston Rockets,Dallas Mavericks,Venetian Arena,,,True,ESPN_PUBLIC,STATUS_SCHEDULED
ESPN-NBA-401908940-20261005T064133Z,2026-10-04T23:41:33.653916-07:00,NBA,NBA,401908940,2026-10-10T00:00Z,Memphis Grizzlies,Chicago Bulls,United Center,Chicago,IL,True,ESPN_PUBLIC,STATUS_SCHEDULED
ESPN-NBA-401901820-20261005T064133Z,2026-10-04T23:41:33.653916-07:00,NBA,NBA,401901820,2026-10-06T23:00Z,Brooklyn Nets,Charlotte Hornets,Spectrum Center,Charlotte,NC,True,ESPN_PUBLIC,STATUS_SCHEDULED
ESPN-NBA-401898389-20261005T064133Z,2026-10-04T23:41:33.653916-07:00,NBA,NBA,401898389,2026-10-07T00:00Z,New Orleans Pelicans,Oklahoma City Thunder,BOK Center,Tulsa,OK,True,ESPN_PUBLIC,STATUS_SCHEDULED
ESPN-NBA-401914128-20261005T064133Z,2026-10-04T23:41:33.653916-07:00,NBA,NBA,401914128,2026-10-07T01:00Z,Denver Nuggets,Utah Jazz,Delta Center,Salt Lake City,UT,True,ESPN_PUBLIC,STATUS_SCHEDULED
ESPN-NBA-401898390-20261005T064133Z,2026-10-04T23:41:33.653916-07:00,NBA,NBA,401898390,2026-10-07T02:00Z,Los Angeles Lakers,Golden State Warriors,Chase Center,San Francisco,CA,True,ESPN_PUBLIC,STATUS_SCHEDULED
ESPN-NBA-401914123-20261005T064133Z,2026-10-04T23:41:33.653916-07:00,NBA,NBA,401914123,2026-10-07T23:00Z,Minnesota Timberwolves,Indiana Pacers,Hilton Coliseum,Ames,IA,True,ESPN_PUBLIC,STATUS_SCHEDULED
ESPN-NBA-401898391-20261005T064133Z,2026-10-04T23:41:33.653916-07:00,NBA,NBA,401898391,2026-10-08T00:00Z,Orlando Magic,Memphis Grizzlies,FedExForum,Memphis,TN,True,ESPN_PUBLIC,STATUS_SCHEDULED
ESPN-NBA-401908620-20261005T064133Z,2026-10-04T23:41:33.653916-07:00,NBA,NBA,401908620,2026-10-08T00:00Z,Milwaukee Bucks,Oklahoma City Thunder,Paycom Center,Oklahoma City,OK,True,ESPN_PUBLIC,STATUS_SCHEDULED
ESPN-NBA-401908939-20261005T064133Z,2026-10-04T23:41:33.653916-07:00,NBA,NBA,401908939,2026-10-08T00:00Z,Phoenix Suns,Chicago Bulls,United Center,Chicago,IL,True,ESPN_PUBLIC,STATUS_SCHEDULED
ESPN-NBA-401914129-20261005T064133Z,2026-10-04T23:41:33.653916-07:00,NBA,NBA,401914129,2026-10-08T02:00Z,Golden State Warriors,Portland Trail Blazers,Moda Center,Portland,OR,True,ESPN_PUBLIC,STATUS_SCHEDULED
ESPN-NFL-401872979-20261005T064133Z,2026-10-04T23:41:33.653916-07:00,NFL,NFL,401872979,2026-10-06T00:15Z,Atlanta Falcons,New Orleans Saints,Caesars Superdome,New Orleans,LA,True,ESPN_PUBLIC,STATUS_SCHEDULED
ESPN-NFL-401872965-20261005T064133Z,2026-10-04T23:41:33.653916-07:00,NFL,NFL,401872965,2026-10-04T13:30Z,Indianapolis Colts,Washington Commanders,Tottenham Hotspur Stadium,London,,False,ESPN_PUBLIC,STATUS_FINAL
ESPN-NFL-401872971-20261005T064133Z,2026-10-04T23:41:33.653916-07:00,NFL,NFL,401872971,2026-10-04T17:00Z,New England Patriots,Buffalo Bills,Highmark Stadium,Orchard Park,NY,False,ESPN_PUBLIC,STATUS_FINAL
ESPN-NFL-401872972-20261005T064133Z,2026-10-04T23:41:33.653916-07:00,NFL,NFL,401872972,2026-10-04T17:00Z,New York Jets,Chicago Bears,Soldier Field,Chicago,IL,False,ESPN_PUBLIC,STATUS_FINAL
ESPN-NFL-401872969-20261005T064133Z,2026-10-04T23:41:33.653916-07:00,NFL,NFL,401872969,2026-10-04T17:00Z,Jacksonville Jaguars,Cincinnati Bengals,Paycor Stadium,Cincinnati,OH,False,ESPN_PUBLIC,STATUS_FINAL
ESPN-NFL-401872966-20261005T064133Z,2026-10-04T23:41:33.653916-07:00,NFL,NFL,401872966,2026-10-04T17:00Z,Arizona Cardinals,New York Giants,MetLife Stadium,East Rutherford,NJ,False,ESPN_PUBLIC,STATUS_FINAL
ESPN-NFL-401872970-20261005T064133Z,2026-10-04T23:41:33.653916-07:00,NFL,NFL,401872970,2026-10-04T17:00Z,Los Angeles Rams,Philadelphia Eagles,Lincoln Financial Field,Philadelphia,PA,False,ESPN_PUBLIC,STATUS_FINAL
ESPN-NFL-401872968-20261005T064133Z,2026-10-04T23:41:33.653916-07:00,NFL,NFL,401872968,2026-10-04T17:00Z,Green Bay Packers,Tampa Bay Buccaneers,Raymond James Stadium,Tampa,FL,False,ESPN_PUBLIC,STATUS_FINAL
ESPN-NFL-401872973-20261005T064133Z,2026-10-04T23:41:33.653916-07:00,NFL,NFL,401872973,2026-10-04T17:00Z,Tennessee Titans,Baltimore Ravens,M&T Bank Stadium,Baltimore,MD,False,ESPN_PUBLIC,STATUS_FINAL
ESPN-NFL-401872967-20261005T064133Z,2026-10-04T23:41:33.653916-07:00,NFL,NFL,401872967,2026-10-04T17:00Z,Dallas Cowboys,Houston Texans,Reliant Stadium,Houston,TX,True,ESPN_PUBLIC,STATUS_FINAL
ESPN-NFL-401872974-20261005T064133Z,2026-10-04T23:41:33.653916-07:00,NFL,NFL,401872974,2026-10-04T20:05Z,Miami Dolphins,Minnesota Vikings,U.S. Bank Stadium,Minneapolis,MN,True,ESPN_PUBLIC,STATUS_FINAL
ESPN-NFL-401872976-20261005T064133Z,2026-10-04T23:41:33.653916-07:00,NFL,NFL,401872976,2026-10-04T20:25Z,Kansas City Chiefs,Las Vegas Raiders,Allegiant Stadium,Las Vegas,NV,True,ESPN_PUBLIC,STATUS_FINAL
ESPN-NFL-401872975-20261005T064133Z,2026-10-04T23:41:33.653916-07:00,NFL,NFL,401872975,2026-10-04T20:25Z,Denver Broncos,San Francisco 49ers,Levi's Stadium,Santa Clara,CA,False,ESPN_PUBLIC,STATUS_FINAL
ESPN-NFL-401872977-20261005T064133Z,2026-10-04T23:41:33.653916-07:00,NFL,NFL,401872977,2026-10-04T20:25Z,Los Angeles Chargers,Seattle Seahawks,Lumen Field,Seattle,WA,False,ESPN_PUBLIC,STATUS_FINAL
ESPN-NFL-401872978-20261005T064133Z,2026-10-04T23:41:33.653916-07:00,NFL,NFL,401872978,2026-10-05T00:20Z,Detroit Lions,Carolina Panthers,Bank of America Stadium,Charlotte,NC,False,ESPN_PUBLIC,STATUS_FINAL
ESPN-NFL-401872980-20261005T064133Z,2026-10-04T23:41:33.653916-07:00,NFL,NFL,401872980,2026-10-09T00:15Z,Tampa Bay Buccaneers,Dallas Cowboys,AT&T Stadium,Arlington,TX,True,ESPN_PUBLIC,STATUS_SCHEDULED
ESPN-NFL-401872981-20261005T064133Z,2026-10-04T23:41:33.653916-07:00,NFL,NFL,401872981,2026-10-11T13:30Z,Philadelphia Eagles,Jacksonville Jaguars,Tottenham Hotspur Stadium,London,,False,ESPN_PUBLIC,STATUS_SCHEDULED
ESPN-NFL-401872990-20261005T064133Z,2026-10-04T23:41:33.653916-07:00,NFL,NFL,401872990,2026-10-11T17:00Z,Chicago Bears,Green Bay Packers,Lambeau Field,Green Bay,WI,False,ESPN_PUBLIC,STATUS_SCHEDULED
ESPN-NFL-401872984-20261005T064133Z,2026-10-04T23:41:33.653916-07:00,NFL,NFL,401872984,2026-10-11T17:00Z,Houston Texans,Tennessee Titans,Nissan Stadium,Nashville,TN,False,ESPN_PUBLIC,STATUS_SCHEDULED
ESPN-NFL-401872982-20261005T064133Z,2026-10-04T23:41:33.653916-07:00,NFL,NFL,401872982,2026-10-11T17:00Z,Cincinnati Bengals,Miami Dolphins,Hard Rock Stadium,Miami Gardens,FL,False,ESPN_PUBLIC,STATUS_SCHEDULED
ESPN-NFL-401872986-20261005T064133Z,2026-10-04T23:41:33.653916-07:00,NFL,NFL,401872986,2026-10-11T17:00Z,Las Vegas Raiders,New England Patriots,Gillette Stadium,Foxborough,MA,False,ESPN_PUBLIC,STATUS_SCHEDULED
ESPN-NFL-401872987-20261005T064133Z,2026-10-04T23:41:33.653916-07:00,NFL,NFL,401872987,2026-10-11T17:00Z,Minnesota Vikings,New Orleans Saints,Caesars Superdome,New Orleans,LA,True,ESPN_PUBLIC,STATUS_SCHEDULED
ESPN-NFL-401872983-20261005T064133Z,2026-10-04T23:41:33.653916-07:00,NFL,NFL,401872983,2026-10-11T17:00Z,Cleveland Browns,New York Jets,MetLife Stadium,East Rutherford,NJ,False,ESPN_PUBLIC,STATUS_SCHEDULED
ESPN-NFL-401872985-20261005T064133Z,2026-10-04T23:41:33.653916-07:00,NFL,NFL,401872985,2026-10-11T17:00Z,Indianapolis Colts,Pittsburgh Steelers,Acrisure Stadium,Pittsburgh,PA,False,ESPN_PUBLIC,STATUS_SCHEDULED
ESPN-NFL-401872988-20261005T064133Z,2026-10-04T23:41:33.653916-07:00,NFL,NFL,401872988,2026-10-11T17:00Z,New York Giants,Washington Commanders,Northwest Stadium,Landover,MD,False,ESPN_PUBLIC,STATUS_SCHEDULED
ESPN-NFL-401872989-20261005T064133Z,2026-10-04T23:41:33.653916-07:00,NFL,NFL,401872989,2026-10-11T20:05Z,Denver Broncos,Los Angeles Chargers,SoFi Stadium,Inglewood,CA,False,ESPN_PUBLIC,STATUS_SCHEDULED
ESPN-NFL-401872991-20261005T064133Z,2026-10-04T23:41:33.653916-07:00,NFL,NFL,401872991,2026-10-11T20:25Z,Detroit Lions,Arizona Cardinals,State Farm Stadium,Glendale,AZ,True,ESPN_PUBLIC,STATUS_SCHEDULED
ESPN-NFL-401872992-20261005T064133Z,2026-10-04T23:41:33.653916-07:00,NFL,NFL,401872992,2026-10-11T20:25Z,San Francisco 49ers,Seattle Seahawks,Lumen Field,Seattle,WA,False,ESPN_PUBLIC,STATUS_SCHEDULED
ESPN-NFL-401872993-20261005T064133Z,2026-10-04T23:41:33.653916-07:00,NFL,NFL,401872993,2026-10-12T00:20Z,Baltimore Ravens,Atlanta Falcons,Mercedes-Benz Stadium,Atlanta,GA,True,ESPN_PUBLIC,STATUS_SCHEDULED
ESPN-NHL-401892465-20261005T064133Z,2026-10-04T23:41:33.653916-07:00,NHL,NHL,401892465,2026-10-09T23:00Z,Seattle Kraken,Detroit Red Wings,Little Caesars Arena,Detroit,MI,True,ESPN_PUBLIC,STATUS_SCHEDULED
ESPN-NHL-401892466-20261005T064133Z,2026-10-04T23:41:33.653916-07:00,NHL,NHL,401892466,2026-10-09T23:00Z,New York Rangers,Washington Capitals,Capital One Arena,Washington,DC,True,ESPN_PUBLIC,STATUS_SCHEDULED
ESPN-NHL-401892467-20261005T064133Z,2026-10-04T23:41:33.653916-07:00,NHL,NHL,401892467,2026-10-09T23:00Z,Pittsburgh Penguins,Columbus Blue Jackets,Nationwide Arena,Columbus,OH,True,ESPN_PUBLIC,STATUS_SCHEDULED
ESPN-NHL-401892468-20261005T064133Z,2026-10-04T23:41:33.653916-07:00,NHL,NHL,401892468,2026-10-10T00:00Z,Anaheim Ducks,Winnipeg Jets,Canada Life Centre,Winnipeg,MB,True,ESPN_PUBLIC,STATUS_SCHEDULED
ESPN-NHL-401892445-20261005T064133Z,2026-10-04T23:41:33.653916-07:00,NHL,NHL,401892445,2026-10-05T23:00Z,Philadelphia Flyers,Tampa Bay Lightning,Benchmark International Arena,Tampa,FL,True,ESPN_PUBLIC,STATUS_SCHEDULED
ESPN-NHL-401892446-20261005T064133Z,2026-10-04T23:41:33.653916-07:00,NHL,NHL,401892446,2026-10-05T23:30Z,Ottawa Senators,Boston Bruins,TD Garden,Boston,MA,True,ESPN_PUBLIC,STATUS_SCHEDULED
ESPN-NHL-401892447-20261005T064133Z,2026-10-04T23:41:33.653916-07:00,NHL,NHL,401892447,2026-10-05T23:30Z,Winnipeg Jets,Pittsburgh Penguins,PPG Paints Arena,Pittsburgh,PA,True,ESPN_PUBLIC,STATUS_SCHEDULED
ESPN-NHL-401892448-20261005T064133Z,2026-10-04T23:41:33.653916-07:00,NHL,NHL,401892448,2026-10-06T00:00Z,San Jose Sharks,Dallas Stars,American Airlines Center,Dallas,TX,True,ESPN_PUBLIC,STATUS_SCHEDULED
ESPN-NHL-401891820-20261005T064133Z,2026-10-04T23:41:33.653916-07:00,NHL,NHL,401891820,2026-10-08T23:00Z,Philadelphia Flyers,Ottawa Senators,Canadian Tire Centre,Ottawa,ON,True,ESPN_PUBLIC,STATUS_SCHEDULED
ESPN-NHL-401892457-20261005T064133Z,2026-10-04T23:41:33.653916-07:00,NHL,NHL,401892457,2026-10-08T23:00Z,Utah Mammoth,Boston Bruins,TD Garden,Boston,MA,True,ESPN_PUBLIC,STATUS_SCHEDULED
ESPN-NHL-401892458-20261005T064133Z,2026-10-04T23:41:33.653916-07:00,NHL,NHL,401892458,2026-10-08T23:00Z,Dallas Stars,Buffalo Sabres,KeyBank Center,Buffalo,NY,True,ESPN_PUBLIC,STATUS_SCHEDULED
ESPN-NHL-401892459-20261005T064133Z,2026-10-04T23:41:33.653916-07:00,NHL,NHL,401892459,2026-10-08T23:00Z,Nashville Predators,Montreal Canadiens,Bell Centre,Montreal,QC,True,ESPN_PUBLIC,STATUS_SCHEDULED
ESPN-NHL-401892460-20261005T064133Z,2026-10-04T23:41:33.653916-07:00,NHL,NHL,401892460,2026-10-08T23:00Z,Minnesota Wild,Tampa Bay Lightning,Benchmark International Arena,Tampa,FL,True,ESPN_PUBLIC,STATUS_SCHEDULED
ESPN-NHL-401892461-20261005T064133Z,2026-10-04T23:41:33.653916-07:00,NHL,NHL,401892461,2026-10-08T23:00Z,Vancouver Canucks,Carolina Hurricanes,Lenovo Center,Raleigh,NC,True,ESPN_PUBLIC,STATUS_SCHEDULED
ESPN-NHL-401892462-20261005T064133Z,2026-10-04T23:41:33.653916-07:00,NHL,NHL,401892462,2026-10-08T23:30Z,Chicago Blackhawks,New York Islanders,UBS Arena,Elmont,NY,True,ESPN_PUBLIC,STATUS_SCHEDULED
ESPN-NHL-401891825-20261005T064133Z,2026-10-04T23:41:33.653916-07:00,NHL,NHL,401891825,2026-10-09T00:00Z,San Jose Sharks,St. Louis Blues,Enterprise Center,St. Louis,MO,True,ESPN_PUBLIC,STATUS_SCHEDULED
ESPN-NHL-401892463-20261005T064133Z,2026-10-04T23:41:33.653916-07:00,NHL,NHL,401892463,2026-10-09T01:00Z,Colorado Avalanche,Calgary Flames,Scotiabank Saddledome,Calgary,AB,True,ESPN_PUBLIC,STATUS_SCHEDULED
ESPN-NHL-401892464-20261005T064133Z,2026-10-04T23:41:33.653916-07:00,NHL,NHL,401892464,2026-10-09T02:00Z,Toronto Maple Leafs,Vegas Golden Knights,T-Mobile Arena,Las Vegas,NV,True,ESPN_PUBLIC,STATUS_SCHEDULED
ESPN-NHL-401892482-20261005T064133Z,2026-10-04T23:41:33.653916-07:00,NHL,NHL,401892482,2026-10-11T21:00Z,Seattle Kraken,Washington Capitals,Capital One Arena,Washington,DC,True,ESPN_PUBLIC,STATUS_SCHEDULED
ESPN-NHL-401892483-20261005T064133Z,2026-10-04T23:41:33.653916-07:00,NHL,NHL,401892483,2026-10-11T22:00Z,Vancouver Canucks,New York Rangers,Madison Square Garden,New York,NY,True,ESPN_PUBLIC,STATUS_SCHEDULED
ESPN-NHL-401892484-20261005T064133Z,2026-10-04T23:41:33.653916-07:00,NHL,NHL,401892484,2026-10-11T23:00Z,Carolina Hurricanes,Philadelphia Flyers,Xfinity Mobile Arena,Philadelphia,PA,True,ESPN_PUBLIC,STATUS_SCHEDULED
ESPN-NHL-401891830-20261005T064133Z,2026-10-04T23:41:33.653916-07:00,NHL,NHL,401891830,2026-10-07T23:30Z,Pittsburgh Penguins,Washington Capitals,Capital One Arena,Washington,DC,True,ESPN_PUBLIC,STATUS_SCHEDULED
ESPN-NHL-401892455-20261005T064133Z,2026-10-04T23:41:33.653916-07:00,NHL,NHL,401892455,2026-10-07T23:30Z,Colorado Avalanche,Winnipeg Jets,Canada Life Centre,Winnipeg,MB,True,ESPN_PUBLIC,STATUS_SCHEDULED
ESPN-NHL-401892456-20261005T064133Z,2026-10-04T23:41:33.653916-07:00,NHL,NHL,401892456,2026-10-08T02:00Z,Edmonton Oilers,Anaheim Ducks,Honda Center,Anaheim,CA,True,ESPN_PUBLIC,STATUS_SCHEDULED
ESPN-NHL-401892442-20261005T064133Z,2026-10-04T23:41:33.653916-07:00,NHL,NHL,401892442,2026-10-04T17:00Z,Winnipeg Jets,Detroit Red Wings,Little Caesars Arena,Detroit,MI,True,ESPN_PUBLIC,STATUS_FINAL
ESPN-NHL-401892443-20261005T064133Z,2026-10-04T23:41:33.653916-07:00,NHL,NHL,401892443,2026-10-04T22:00Z,Utah Mammoth,New York Rangers,Madison Square Garden,New York,NY,True,ESPN_PUBLIC,STATUS_FINAL
ESPN-NHL-401891778-20261005T064133Z,2026-10-04T23:41:33.653916-07:00,NHL,NHL,401891778,2026-10-05T00:00Z,Florida Panthers,Anaheim Ducks,Honda Center,Anaheim,CA,True,ESPN_PUBLIC,STATUS_FINAL
ESPN-NHL-401891824-20261005T064133Z,2026-10-04T23:41:33.653916-07:00,NHL,NHL,401891824,2026-10-05T00:00Z,Calgary Flames,Seattle Kraken,Climate Pledge Arena,Seattle,WA,True,ESPN_PUBLIC,STATUS_FINAL
ESPN-NHL-401892444-20261005T064133Z,2026-10-04T23:41:33.653916-07:00,NHL,NHL,401892444,2026-10-05T01:00Z,Vegas Golden Knights,Vancouver Canucks,Rogers Arena,Vancouver,BC,True,ESPN_PUBLIC,STATUS_FINAL
ESPN-NHL-401892469-20261005T064133Z,2026-10-04T23:41:33.653916-07:00,NHL,NHL,401892469,2026-10-10T17:00Z,Philadelphia Flyers,Boston Bruins,TD Garden,Boston,MA,True,ESPN_PUBLIC,STATUS_SCHEDULED
ESPN-NHL-401892470-20261005T064133Z,2026-10-04T23:41:33.653916-07:00,NHL,NHL,401892470,2026-10-10T19:30Z,Vancouver Canucks,New Jersey Devils,Prudential Center,Newark,NJ,True,ESPN_PUBLIC,STATUS_SCHEDULED
ESPN-NHL-401892471-20261005T064133Z,2026-10-04T23:41:33.653916-07:00,NHL,NHL,401892471,2026-10-10T20:00Z,Edmonton Oilers,San Jose Sharks,SAP Center at San Jose,San Jose,CA,True,ESPN_PUBLIC,STATUS_SCHEDULED
ESPN-NHL-401891805-20261005T064133Z,2026-10-04T23:41:33.653916-07:00,NHL,NHL,401891805,2026-10-10T22:00Z,Minnesota Wild,Florida Panthers,Amerant Bank Arena,Sunrise,FL,True,ESPN_PUBLIC,STATUS_SCHEDULED
ESPN-NHL-401892472-20261005T064133Z,2026-10-04T23:41:33.653916-07:00,NHL,NHL,401892472,2026-10-10T23:00Z,Utah Mammoth,Buffalo Sabres,KeyBank Center,Buffalo,NY,True,ESPN_PUBLIC,STATUS_SCHEDULED
ESPN-NHL-401892473-20261005T064133Z,2026-10-04T23:41:33.653916-07:00,NHL,NHL,401892473,2026-10-10T23:00Z,Detroit Red Wings,Montreal Canadiens,Bell Centre,Montreal,QC,True,ESPN_PUBLIC,STATUS_SCHEDULED
ESPN-NHL-401892474-20261005T064133Z,2026-10-04T23:41:33.653916-07:00,NHL,NHL,401892474,2026-10-10T23:00Z,Nashville Predators,Ottawa Senators,Canadian Tire Centre,Ottawa,ON,True,ESPN_PUBLIC,STATUS_SCHEDULED
ESPN-NHL-401892475-20261005T064133Z,2026-10-04T23:41:33.653916-07:00,NHL,NHL,401892475,2026-10-10T23:00Z,Dallas Stars,Pittsburgh Penguins,PPG Paints Arena,Pittsburgh,PA,True,ESPN_PUBLIC,STATUS_SCHEDULED
ESPN-NHL-401892476-20261005T064133Z,2026-10-04T23:41:33.653916-07:00,NHL,NHL,401892476,2026-10-10T23:00Z,Carolina Hurricanes,Chicago Blackhawks,United Center,Chicago,IL,True,ESPN_PUBLIC,STATUS_SCHEDULED
ESPN-NHL-401892477-20261005T064133Z,2026-10-04T23:41:33.653916-07:00,NHL,NHL,401892477,2026-10-10T23:00Z,Columbus Blue Jackets,St. Louis Blues,Enterprise Center,St. Louis,MO,True,ESPN_PUBLIC,STATUS_SCHEDULED
ESPN-NHL-401892478-20261005T064133Z,2026-10-04T23:41:33.653916-07:00,NHL,NHL,401892478,2026-10-10T23:00Z,Toronto Maple Leafs,Colorado Avalanche,Ball Arena,Denver,CO,True,ESPN_PUBLIC,STATUS_SCHEDULED
ESPN-NHL-401892479-20261005T064133Z,2026-10-04T23:41:33.653916-07:00,NHL,NHL,401892479,2026-10-10T23:30Z,Tampa Bay Lightning,New York Islanders,UBS Arena,Elmont,NY,True,ESPN_PUBLIC,STATUS_SCHEDULED
ESPN-NHL-401892480-20261005T064133Z,2026-10-04T23:41:33.653916-07:00,NHL,NHL,401892480,2026-10-11T02:00Z,Anaheim Ducks,Calgary Flames,Scotiabank Saddledome,Calgary,AB,True,ESPN_PUBLIC,STATUS_SCHEDULED
ESPN-NHL-401892481-20261005T064133Z,2026-10-04T23:41:33.653916-07:00,NHL,NHL,401892481,2026-10-11T02:00Z,Los Angeles Kings,Vegas Golden Knights,T-Mobile Arena,Las Vegas,NV,True,ESPN_PUBLIC,STATUS_SCHEDULED
ESPN-NHL-401891815-20261005T064133Z,2026-10-04T23:41:33.653916-07:00,NHL,NHL,401891815,2026-10-06T23:00Z,Carolina Hurricanes,Montreal Canadiens,Bell Centre,Montreal,QC,True,ESPN_PUBLIC,STATUS_SCHEDULED
ESPN-NHL-401892449-20261005T064133Z,2026-10-04T23:41:33.653916-07:00,NHL,NHL,401892449,2026-10-06T23:00Z,Nashville Predators,Toronto Maple Leafs,Scotiabank Arena,Toronto,ON,True,ESPN_PUBLIC,STATUS_SCHEDULED
ESPN-NHL-401892450-20261005T064133Z,2026-10-04T23:41:33.653916-07:00,NHL,NHL,401892450,2026-10-06T23:00Z,Ottawa Senators,Detroit Red Wings,Little Caesars Arena,Detroit,MI,True,ESPN_PUBLIC,STATUS_SCHEDULED
ESPN-NHL-401892451-20261005T064133Z,2026-10-04T23:41:33.653916-07:00,NHL,NHL,401892451,2026-10-06T23:00Z,Utah Mammoth,New Jersey Devils,Prudential Center,Newark,NJ,True,ESPN_PUBLIC,STATUS_SCHEDULED
ESPN-NHL-401892453-20261005T064133Z,2026-10-04T23:41:33.653916-07:00,NHL,NHL,401892453,2026-10-06T23:00Z,Minnesota Wild,Buffalo Sabres,KeyBank Center,Buffalo,NY,True,ESPN_PUBLIC,STATUS_SCHEDULED
ESPN-NHL-401892452-20261005T064133Z,2026-10-04T23:41:33.653916-07:00,NHL,NHL,401892452,2026-10-06T23:30Z,New York Islanders,New York Rangers,Madison Square Garden,New York,NY,True,ESPN_PUBLIC,STATUS_SCHEDULED
ESPN-NHL-401891779-20261005T064133Z,2026-10-04T23:41:33.653916-07:00,NHL,NHL,401891779,2026-10-07T00:00Z,St. Louis Blues,Chicago Blackhawks,United Center,Chicago,IL,True,ESPN_PUBLIC,STATUS_SCHEDULED
ESPN-NHL-401892454-20261005T064133Z,2026-10-04T23:41:33.653916-07:00,NHL,NHL,401892454,2026-10-07T01:00Z,Vegas Golden Knights,Seattle Kraken,Climate Pledge Arena,Seattle,WA,True,ESPN_PUBLIC,STATUS_SCHEDULED
ESPN-NHL-401891806-20261005T064133Z,2026-10-04T23:41:33.653916-07:00,NHL,NHL,401891806,2026-10-07T02:00Z,Florida Panthers,Los Angeles Kings,crypto.com Arena,Los Angeles,CA,True,ESPN_PUBLIC,STATUS_SCHEDULED
ESPN-NFL-401872981-20261005T111938Z,2026-10-05T04:19:38.223401-07:00,NFL,NFL,401872981,2026-10-11T13:30Z,Philadelphia Eagles,Jacksonville Jaguars,Tottenham Hotspur Stadium,London,,False,ESPN_PUBLIC,STATUS_SCHEDULED
ESPN-NFL-401872990-20261005T111938Z,2026-10-05T04:19:38.223401-07:00,NFL,NFL,401872990,2026-10-11T17:00Z,Chicago Bears,Green Bay Packers,Lambeau Field,Green Bay,WI,False,ESPN_PUBLIC,STATUS_SCHEDULED
ESPN-NFL-401872984-20261005T111938Z,2026-10-05T04:19:38.223401-07:00,NFL,NFL,401872984,2026-10-11T17:00Z,Houston Texans,Tennessee Titans,Nissan Stadium,Nashville,TN,False,ESPN_PUBLIC,STATUS_SCHEDULED
ESPN-NFL-401872982-20261005T111938Z,2026-10-05T04:19:38.223401-07:00,NFL,NFL,401872982,2026-10-11T17:00Z,Cincinnati Bengals,Miami Dolphins,Hard Rock Stadium,Miami Gardens,FL,False,ESPN_PUBLIC,STATUS_SCHEDULED
ESPN-NFL-401872986-20261005T111938Z,2026-10-05T04:19:38.223401-07:00,NFL,NFL,401872986,2026-10-11T17:00Z,Las Vegas Raiders,New England Patriots,Gillette Stadium,Foxborough,MA,False,ESPN_PUBLIC,STATUS_SCHEDULED
ESPN-NFL-401872987-20261005T111938Z,2026-10-05T04:19:38.223401-07:00,NFL,NFL,401872987,2026-10-11T17:00Z,Minnesota Vikings,New Orleans Saints,Caesars Superdome,New Orleans,LA,True,ESPN_PUBLIC,STATUS_SCHEDULED
ESPN-NFL-401872983-20261005T111938Z,2026-10-05T04:19:38.223401-07:00,NFL,NFL,401872983,2026-10-11T17:00Z,Cleveland Browns,New York Jets,MetLife Stadium,East Rutherford,NJ,False,ESPN_PUBLIC,STATUS_SCHEDULED
ESPN-NFL-401872985-20261005T111938Z,2026-10-05T04:19:38.223401-07:00,NFL,NFL,401872985,2026-10-11T17:00Z,Indianapolis Colts,Pittsburgh Steelers,Acrisure Stadium,Pittsburgh,PA,False,ESPN_PUBLIC,STATUS_SCHEDULED
ESPN-NFL-401872988-20261005T111938Z,2026-10-05T04:19:38.223401-07:00,NFL,NFL,401872988,2026-10-11T17:00Z,New York Giants,Washington Commanders,Northwest Stadium,Landover,MD,False,ESPN_PUBLIC,STATUS_SCHEDULED
ESPN-NFL-401872989-20261005T111938Z,2026-10-05T04:19:38.223401-07:00,NFL,NFL,401872989,2026-10-11T20:05Z,Denver Broncos,Los Angeles Chargers,SoFi Stadium,Inglewood,CA,False,ESPN_PUBLIC,STATUS_SCHEDULED
ESPN-NFL-401872991-20261005T111938Z,2026-10-05T04:19:38.223401-07:00,NFL,NFL,401872991,2026-10-11T20:25Z,Detroit Lions,Arizona Cardinals,State Farm Stadium,Glendale,AZ,True,ESPN_PUBLIC,STATUS_SCHEDULED
ESPN-NFL-401872992-20261005T111938Z,2026-10-05T04:19:38.223401-07:00,NFL,NFL,401872992,2026-10-11T20:25Z,San Francisco 49ers,Seattle Seahawks,Lumen Field,Seattle,WA,False,ESPN_PUBLIC,STATUS_SCHEDULED
ESPN-NFL-401872993-20261005T111938Z,2026-10-05T04:19:38.223401-07:00,NFL,NFL,401872993,2026-10-12T00:20Z,Baltimore Ravens,Atlanta Falcons,Mercedes-Benz Stadium,Atlanta,GA,True,ESPN_PUBLIC,STATUS_SCHEDULED
ESPN-NFL-401872994-20261005T111938Z,2026-10-05T04:19:38.223401-07:00,NFL,NFL,401872994,2026-10-13T00:15Z,Buffalo Bills,Los Angeles Rams,SoFi Stadium,Inglewood,CA,False,ESPN_PUBLIC,STATUS_SCHEDULED
ESPN-NFL-401872980-20261005T111938Z,2026-10-05T04:19:38.223401-07:00,NFL,NFL,401872980,2026-10-09T00:15Z,Tampa Bay Buccaneers,Dallas Cowboys,AT&T Stadium,Arlington,TX,True,ESPN_PUBLIC,STATUS_SCHEDULED
ESPN-NFL-401872979-20261005T111938Z,2026-10-05T04:19:38.223401-07:00,NFL,NFL,401872979,2026-10-06T00:15Z,Atlanta Falcons,New Orleans Saints,Caesars Superdome,New Orleans,LA,True,ESPN_PUBLIC,STATUS_SCHEDULED
ESPN-NBA-401898395-20261005T111938Z,2026-10-05T04:19:38.223401-07:00,NBA,NBA,401898395,2026-10-09T12:00Z,Houston Rockets,Dallas Mavericks,Venetian Arena,,,True,ESPN_PUBLIC,STATUS_SCHEDULED
ESPN-NBA-401908940-20261005T111938Z,2026-10-05T04:19:38.223401-07:00,NBA,NBA,401908940,2026-10-10T00:00Z,Memphis Grizzlies,Chicago Bulls,United Center,Chicago,IL,True,ESPN_PUBLIC,STATUS_SCHEDULED
ESPN-NBA-401898388-20261005T111938Z,2026-10-05T04:19:38.223401-07:00,NBA,NBA,401898388,2026-10-05T23:00Z,Memphis Grizzlies,Atlanta Hawks,State Farm Arena,Atlanta,GA,True,ESPN_PUBLIC,STATUS_SCHEDULED
ESPN-NBA-401908947-20261005T111938Z,2026-10-05T04:19:38.223401-07:00,NBA,NBA,401908947,2026-10-05T23:00Z,Phoenix Suns,Detroit Pistons,Little Caesars Arena,Detroit,MI,True,ESPN_PUBLIC,STATUS_SCHEDULED
ESPN-NBA-401914101-20261005T111938Z,2026-10-05T04:19:38.223401-07:00,NBA,NBA,401914101,2026-10-05T23:00Z,New York Knicks,Philadelphia 76ers,Xfinity Mobile Arena,Philadelphia,PA,True,ESPN_PUBLIC,STATUS_SCHEDULED
ESPN-NBA-401914102-20261005T111938Z,2026-10-05T04:19:38.223401-07:00,NBA,NBA,401914102,2026-10-06T00:00Z,Minnesota Timberwolves,Milwaukee Bucks,Fiserv Forum,Milwaukee,WI,True,ESPN_PUBLIC,STATUS_SCHEDULED
ESPN-NBA-401898716-20261005T111938Z,2026-10-05T04:19:38.223401-07:00,NBA,NBA,401898716,2026-10-06T02:00Z,Los Angeles Lakers,Sacramento Kings,Golden 1 Center,Sacramento,CA,True,ESPN_PUBLIC,STATUS_SCHEDULED
ESPN-NBA-401902645-20261005T111938Z,2026-10-05T04:19:38.223401-07:00,NBA,NBA,401902645,2026-10-10T22:30Z,LA Clippers,Toronto Raptors,Rogers Arena,Vancouver,BC,True,ESPN_PUBLIC,STATUS_SCHEDULED
ESPN-NBA-401898396-20261005T111938Z,2026-10-05T04:19:38.223401-07:00,NBA,NBA,401898396,2026-10-10T23:00Z,Atlanta Hawks,Indiana Pacers,Gainbridge Fieldhouse,Indianapolis,IN,True,ESPN_PUBLIC,STATUS_SCHEDULED
ESPN-NBA-401906510-20261005T111938Z,2026-10-05T04:19:38.223401-07:00,NBA,NBA,401906510,2026-10-10T23:00Z,Detroit Pistons,Washington Wizards,Capital One Arena,Washington,DC,True,ESPN_PUBLIC,STATUS_SCHEDULED
ESPN-NBA-401898397-20261005T111938Z,2026-10-05T04:19:38.223401-07:00,NBA,NBA,401898397,2026-10-11T00:00Z,Minnesota Timberwolves,Miami Heat,Kaseya Center,Miami,FL,True,ESPN_PUBLIC,STATUS_SCHEDULED
ESPN-NBA-401898398-20261005T111938Z,2026-10-05T04:19:38.223401-07:00,NBA,NBA,401898398,2026-10-11T00:00Z,Philadelphia 76ers,Boston Celtics,TD Garden,Boston,MA,True,ESPN_PUBLIC,STATUS_SCHEDULED
ESPN-NBA-401898399-20261005T111938Z,2026-10-05T04:19:38.223401-07:00,NBA,NBA,401898399,2026-10-11T00:30Z,Sacramento Kings,Golden State Warriors,Chase Center,San Francisco,CA,True,ESPN_PUBLIC,STATUS_SCHEDULED
ESPN-NBA-401898720-20261005T111938Z,2026-10-05T04:19:38.223401-07:00,NBA,NBA,401898720,2026-10-11T02:30Z,San Antonio Spurs,Phoenix Suns,Mortgage Matchup Center,Phoenix,AZ,True,ESPN_PUBLIC,STATUS_SCHEDULED
ESPN-NBA-401914130-20261005T111938Z,2026-10-05T04:19:38.223401-07:00,NBA,NBA,401914130,2026-10-12T20:00Z,London Lions,Portland Trail Blazers,Moda Center,Portland,OR,True,ESPN_PUBLIC,STATUS_SCHEDULED
ESPN-NBA-401898402-20261005T111938Z,2026-10-05T04:19:38.223401-07:00,NBA,NBA,401898402,2026-10-12T23:00Z,Oklahoma City Thunder,Atlanta Hawks,State Farm Arena,Atlanta,GA,True,ESPN_PUBLIC,STATUS_SCHEDULED
ESPN-NBA-401901824-20261005T111938Z,2026-10-05T04:19:38.223401-07:00,NBA,NBA,401901824,2026-10-12T23:00Z,Brooklyn Nets,Washington Wizards,Capital One Arena,Washington,DC,True,ESPN_PUBLIC,STATUS_SCHEDULED
ESPN-NBA-401914124-20261005T111938Z,2026-10-05T04:19:38.223401-07:00,NBA,NBA,401914124,2026-10-12T23:30Z,Minnesota Timberwolves,New York Knicks,Madison Square Garden,New York,NY,True,ESPN_PUBLIC,STATUS_SCHEDULED
ESPN-NBA-401898721-20261005T111938Z,2026-10-05T04:19:38.223401-07:00,NBA,NBA,401898721,2026-10-13T01:00Z,San Antonio Spurs,Utah Jazz,Delta Center,Salt Lake City,UT,True,ESPN_PUBLIC,STATUS_SCHEDULED
ESPN-NBA-401901820-20261005T111938Z,2026-10-05T04:19:38.223401-07:00,NBA,NBA,401901820,2026-10-06T23:00Z,Brooklyn Nets,Charlotte Hornets,Spectrum Center,Charlotte,NC,True,ESPN_PUBLIC,STATUS_SCHEDULED
ESPN-NBA-401898389-20261005T111938Z,2026-10-05T04:19:38.223401-07:00,NBA,NBA,401898389,2026-10-07T00:00Z,New Orleans Pelicans,Oklahoma City Thunder,BOK Center,Tulsa,OK,True,ESPN_PUBLIC,STATUS_SCHEDULED
ESPN-NBA-401914128-20261005T111938Z,2026-10-05T04:19:38.223401-07:00,NBA,NBA,401914128,2026-10-07T01:00Z,Denver Nuggets,Utah Jazz,Delta Center,Salt Lake City,UT,True,ESPN_PUBLIC,STATUS_SCHEDULED
ESPN-NBA-401898390-20261005T111938Z,2026-10-05T04:19:38.223401-07:00,NBA,NBA,401898390,2026-10-07T02:00Z,Los Angeles Lakers,Golden State Warriors,Chase Center,San Francisco,CA,True,ESPN_PUBLIC,STATUS_SCHEDULED
ESPN-NBA-401898392-20261005T111938Z,2026-10-05T04:19:38.223401-07:00,NBA,NBA,401898392,2026-10-08T23:00Z,Boston Celtics,Cleveland Cavaliers,Rocket Arena,Cleveland,OH,True,ESPN_PUBLIC,STATUS_SCHEDULED
ESPN-NBA-401898393-20261005T111938Z,2026-10-05T04:19:38.223401-07:00,NBA,NBA,401898393,2026-10-08T23:30Z,New Orleans Pelicans,Miami Heat,Kaseya Center,Miami,FL,True,ESPN_PUBLIC,STATUS_SCHEDULED
ESPN-NBA-401901823-20261005T111938Z,2026-10-05T04:19:38.223401-07:00,NBA,NBA,401901823,2026-10-08T23:30Z,Philadelphia 76ers,Brooklyn Nets,Barclays Center,Brooklyn,NY,True,ESPN_PUBLIC,STATUS_SCHEDULED
ESPN-NBA-401906508-20261005T111938Z,2026-10-05T04:19:38.223401-07:00,NBA,NBA,401906508,2026-10-08T23:30Z,Washington Wizards,New York Knicks,Madison Square Garden,New York,NY,True,ESPN_PUBLIC,STATUS_SCHEDULED
ESPN-NBA-401898394-20261005T111938Z,2026-10-05T04:19:38.223401-07:00,NBA,NBA,401898394,2026-10-09T00:00Z,Atlanta Hawks,San Antonio Spurs,Frost Bank Center,San Antonio,TX,True,ESPN_PUBLIC,STATUS_SCHEDULED
ESPN-NBA-401898717-20261005T111938Z,2026-10-05T04:19:38.223401-07:00,NBA,NBA,401898717,2026-10-09T02:30Z,Sacramento Kings,Los Angeles Lakers,crypto.com Arena,Los Angeles,CA,True,ESPN_PUBLIC,STATUS_SCHEDULED
ESPN-NBA-401914123-20261005T111938Z,2026-10-05T04:19:38.223401-07:00,NBA,NBA,401914123,2026-10-07T23:00Z,Minnesota Timberwolves,Indiana Pacers,Hilton Coliseum,Ames,IA,True,ESPN_PUBLIC,STATUS_SCHEDULED
ESPN-NBA-401898391-20261005T111938Z,2026-10-05T04:19:38.223401-07:00,NBA,NBA,401898391,2026-10-08T00:00Z,Orlando Magic,Memphis Grizzlies,FedExForum,Memphis,TN,True,ESPN_PUBLIC,STATUS_SCHEDULED
ESPN-NBA-401908620-20261005T111938Z,2026-10-05T04:19:38.223401-07:00,NBA,NBA,401908620,2026-10-08T00:00Z,Milwaukee Bucks,Oklahoma City Thunder,Paycom Center,Oklahoma City,OK,True,ESPN_PUBLIC,STATUS_SCHEDULED
ESPN-NBA-401908939-20261005T111938Z,2026-10-05T04:19:38.223401-07:00,NBA,NBA,401908939,2026-10-08T00:00Z,Phoenix Suns,Chicago Bulls,United Center,Chicago,IL,True,ESPN_PUBLIC,STATUS_SCHEDULED
ESPN-NBA-401914129-20261005T111938Z,2026-10-05T04:19:38.223401-07:00,NBA,NBA,401914129,2026-10-08T02:00Z,Golden State Warriors,Portland Trail Blazers,Moda Center,Portland,OR,True,ESPN_PUBLIC,STATUS_SCHEDULED
ESPN-NBA-401898400-20261005T111938Z,2026-10-05T04:19:38.223401-07:00,NBA,NBA,401898400,2026-10-11T10:00Z,Dallas Mavericks,Houston Rockets,Venetian Arena,,,True,ESPN_PUBLIC,STATUS_SCHEDULED
ESPN-NBA-401898401-20261005T111938Z,2026-10-05T04:19:38.223401-07:00,NBA,NBA,401898401,2026-10-11T22:30Z,Orlando Magic,Cleveland Cavaliers,Rocket Arena,Cleveland,OH,True,ESPN_PUBLIC,STATUS_SCHEDULED
ESPN-NBA-401901821-20261005T111938Z,2026-10-05T04:19:38.223401-07:00,NBA,NBA,401901821,2026-10-11T23:00Z,Milwaukee Bucks,Charlotte Hornets,Spectrum Center,Charlotte,NC,True,ESPN_PUBLIC,STATUS_SCHEDULED
ESPN-NBA-401908941-20261005T111938Z,2026-10-05T04:19:38.223401-07:00,NBA,NBA,401908941,2026-10-12T01:00Z,Chicago Bulls,Denver Nuggets,Ball Arena,Denver,CO,True,ESPN_PUBLIC,STATUS_SCHEDULED
ESPN-NHL-401892469-20261005T111938Z,2026-10-05T04:19:38.223401-07:00,NHL,NHL,401892469,2026-10-10T17:00Z,Philadelphia Flyers,Boston Bruins,TD Garden,Boston,MA,True,ESPN_PUBLIC,STATUS_SCHEDULED
ESPN-NHL-401892470-20261005T111938Z,2026-10-05T04:19:38.223401-07:00,NHL,NHL,401892470,2026-10-10T19:30Z,Vancouver Canucks,New Jersey Devils,Prudential Center,Newark,NJ,True,ESPN_PUBLIC,STATUS_SCHEDULED
ESPN-NHL-401892471-20261005T111938Z,2026-10-05T04:19:38.223401-07:00,NHL,NHL,401892471,2026-10-10T20:00Z,Edmonton Oilers,San Jose Sharks,SAP Center at San Jose,San Jose,CA,True,ESPN_PUBLIC,STATUS_SCHEDULED
ESPN-NHL-401891805-20261005T111938Z,2026-10-05T04:19:38.223401-07:00,NHL,NHL,401891805,2026-10-10T22:00Z,Minnesota Wild,Florida Panthers,Amerant Bank Arena,Sunrise,FL,True,ESPN_PUBLIC,STATUS_SCHEDULED
ESPN-NHL-401892472-20261005T111938Z,2026-10-05T04:19:38.223401-07:00,NHL,NHL,401892472,2026-10-10T23:00Z,Utah Mammoth,Buffalo Sabres,KeyBank Center,Buffalo,NY,True,ESPN_PUBLIC,STATUS_SCHEDULED
ESPN-NHL-401892473-20261005T111938Z,2026-10-05T04:19:38.223401-07:00,NHL,NHL,401892473,2026-10-10T23:00Z,Detroit Red Wings,Montreal Canadiens,Bell Centre,Montreal,QC,True,ESPN_PUBLIC,STATUS_SCHEDULED
ESPN-NHL-401892474-20261005T111938Z,2026-10-05T04:19:38.223401-07:00,NHL,NHL,401892474,2026-10-10T23:00Z,Nashville Predators,Ottawa Senators,Canadian Tire Centre,Ottawa,ON,True,ESPN_PUBLIC,STATUS_SCHEDULED
ESPN-NHL-401892475-20261005T111938Z,2026-10-05T04:19:38.223401-07:00,NHL,NHL,401892475,2026-10-10T23:00Z,Dallas Stars,Pittsburgh Penguins,PPG Paints Arena,Pittsburgh,PA,True,ESPN_PUBLIC,STATUS_SCHEDULED
ESPN-NHL-401892476-20261005T111938Z,2026-10-05T04:19:38.223401-07:00,NHL,NHL,401892476,2026-10-10T23:00Z,Carolina Hurricanes,Chicago Blackhawks,United Center,Chicago,IL,True,ESPN_PUBLIC,STATUS_SCHEDULED
ESPN-NHL-401892477-20261005T111938Z,2026-10-05T04:19:38.223401-07:00,NHL,NHL,401892477,2026-10-10T23:00Z,Columbus Blue Jackets,St. Louis Blues,Enterprise Center,St. Louis,MO,True,ESPN_PUBLIC,STATUS_SCHEDULED
ESPN-NHL-401892478-20261005T111938Z,2026-10-05T04:19:38.223401-07:00,NHL,NHL,401892478,2026-10-10T23:00Z,Toronto Maple Leafs,Colorado Avalanche,Ball Arena,Denver,CO,True,ESPN_PUBLIC,STATUS_SCHEDULED
ESPN-NHL-401892479-20261005T111938Z,2026-10-05T04:19:38.223401-07:00,NHL,NHL,401892479,2026-10-10T23:30Z,Tampa Bay Lightning,New York Islanders,UBS Arena,Elmont,NY,True,ESPN_PUBLIC,STATUS_SCHEDULED
ESPN-NHL-401892480-20261005T111938Z,2026-10-05T04:19:38.223401-07:00,NHL,NHL,401892480,2026-10-11T02:00Z,Anaheim Ducks,Calgary Flames,Scotiabank Saddledome,Calgary,AB,True,ESPN_PUBLIC,STATUS_SCHEDULED
ESPN-NHL-401892481-20261005T111938Z,2026-10-05T04:19:38.223401-07:00,NHL,NHL,401892481,2026-10-11T02:00Z,Los Angeles Kings,Vegas Golden Knights,T-Mobile Arena,Las Vegas,NV,True,ESPN_PUBLIC,STATUS_SCHEDULED
ESPN-NHL-401891820-20261005T111938Z,2026-10-05T04:19:38.223401-07:00,NHL,NHL,401891820,2026-10-08T23:00Z,Philadelphia Flyers,Ottawa Senators,Canadian Tire Centre,Ottawa,ON,True,ESPN_PUBLIC,STATUS_SCHEDULED
ESPN-NHL-401892457-20261005T111938Z,2026-10-05T04:19:38.223401-07:00,NHL,NHL,401892457,2026-10-08T23:00Z,Utah Mammoth,Boston Bruins,TD Garden,Boston,MA,True,ESPN_PUBLIC,STATUS_SCHEDULED
ESPN-NHL-401892458-20261005T111938Z,2026-10-05T04:19:38.223401-07:00,NHL,NHL,401892458,2026-10-08T23:00Z,Dallas Stars,Buffalo Sabres,KeyBank Center,Buffalo,NY,True,ESPN_PUBLIC,STATUS_SCHEDULED
ESPN-NHL-401892459-20261005T111938Z,2026-10-05T04:19:38.223401-07:00,NHL,NHL,401892459,2026-10-08T23:00Z,Nashville Predators,Montreal Canadiens,Bell Centre,Montreal,QC,True,ESPN_PUBLIC,STATUS_SCHEDULED
ESPN-NHL-401892460-20261005T111938Z,2026-10-05T04:19:38.223401-07:00,NHL,NHL,401892460,2026-10-08T23:00Z,Minnesota Wild,Tampa Bay Lightning,Benchmark International Arena,Tampa,FL,True,ESPN_PUBLIC,STATUS_SCHEDULED
ESPN-NHL-401892461-20261005T111938Z,2026-10-05T04:19:38.223401-07:00,NHL,NHL,401892461,2026-10-08T23:00Z,Vancouver Canucks,Carolina Hurricanes,Lenovo Center,Raleigh,NC,True,ESPN_PUBLIC,STATUS_SCHEDULED
ESPN-NHL-401892462-20261005T111938Z,2026-10-05T04:19:38.223401-07:00,NHL,NHL,401892462,2026-10-08T23:30Z,Chicago Blackhawks,New York Islanders,UBS Arena,Elmont,NY,True,ESPN_PUBLIC,STATUS_SCHEDULED
ESPN-NHL-401891825-20261005T111938Z,2026-10-05T04:19:38.223401-07:00,NHL,NHL,401891825,2026-10-09T00:00Z,San Jose Sharks,St. Louis Blues,Enterprise Center,St. Louis,MO,True,ESPN_PUBLIC,STATUS_SCHEDULED
ESPN-NHL-401892463-20261005T111938Z,2026-10-05T04:19:38.223401-07:00,NHL,NHL,401892463,2026-10-09T01:00Z,Colorado Avalanche,Calgary Flames,Scotiabank Saddledome,Calgary,AB,True,ESPN_PUBLIC,STATUS_SCHEDULED
ESPN-NHL-401892464-20261005T111938Z,2026-10-05T04:19:38.223401-07:00,NHL,NHL,401892464,2026-10-09T02:00Z,Toronto Maple Leafs,Vegas Golden Knights,T-Mobile Arena,Las Vegas,NV,True,ESPN_PUBLIC,STATUS_SCHEDULED
ESPN-NHL-401891815-20261005T111938Z,2026-10-05T04:19:38.223401-07:00,NHL,NHL,401891815,2026-10-06T23:00Z,Carolina Hurricanes,Montreal Canadiens,Bell Centre,Montreal,QC,True,ESPN_PUBLIC,STATUS_SCHEDULED
ESPN-NHL-401892449-20261005T111938Z,2026-10-05T04:19:38.223401-07:00,NHL,NHL,401892449,2026-10-06T23:00Z,Nashville Predators,Toronto Maple Leafs,Scotiabank Arena,Toronto,ON,True,ESPN_PUBLIC,STATUS_SCHEDULED
ESPN-NHL-401892450-20261005T111938Z,2026-10-05T04:19:38.223401-07:00,NHL,NHL,401892450,2026-10-06T23:00Z,Ottawa Senators,Detroit Red Wings,Little Caesars Arena,Detroit,MI,True,ESPN_PUBLIC,STATUS_SCHEDULED
ESPN-NHL-401892451-20261005T111938Z,2026-10-05T04:19:38.223401-07:00,NHL,NHL,401892451,2026-10-06T23:00Z,Utah Mammoth,New Jersey Devils,Prudential Center,Newark,NJ,True,ESPN_PUBLIC,STATUS_SCHEDULED
ESPN-NHL-401892453-20261005T111938Z,2026-10-05T04:19:38.223401-07:00,NHL,NHL,401892453,2026-10-06T23:00Z,Minnesota Wild,Buffalo Sabres,KeyBank Center,Buffalo,NY,True,ESPN_PUBLIC,STATUS_SCHEDULED
ESPN-NHL-401892452-20261005T111938Z,2026-10-05T04:19:38.223401-07:00,NHL,NHL,401892452,2026-10-06T23:30Z,New York Islanders,New York Rangers,Madison Square Garden,New York,NY,True,ESPN_PUBLIC,STATUS_SCHEDULED
ESPN-NHL-401891779-20261005T111938Z,2026-10-05T04:19:38.223401-07:00,NHL,NHL,401891779,2026-10-07T00:00Z,St. Louis Blues,Chicago Blackhawks,United Center,Chicago,IL,True,ESPN_PUBLIC,STATUS_SCHEDULED
ESPN-NHL-401892454-20261005T111938Z,2026-10-05T04:19:38.223401-07:00,NHL,NHL,401892454,2026-10-07T01:00Z,Vegas Golden Knights,Seattle Kraken,Climate Pledge Arena,Seattle,WA,True,ESPN_PUBLIC,STATUS_SCHEDULED
ESPN-NHL-401891806-20261005T111938Z,2026-10-05T04:19:38.223401-07:00,NHL,NHL,401891806,2026-10-07T02:00Z,Florida Panthers,Los Angeles Kings,crypto.com Arena,Los Angeles,CA,True,ESPN_PUBLIC,STATUS_SCHEDULED
ESPN-NHL-401892485-20261005T111938Z,2026-10-05T04:19:38.223401-07:00,NHL,NHL,401892485,2026-10-12T17:00Z,Florida Panthers,Buffalo Sabres,KeyBank Center,Buffalo,NY,True,ESPN_PUBLIC,STATUS_SCHEDULED
ESPN-NHL-401892486-20261005T111938Z,2026-10-05T04:19:38.223401-07:00,NHL,NHL,401892486,2026-10-12T23:00Z,Ottawa Senators,New Jersey Devils,Prudential Center,Newark,NJ,True,ESPN_PUBLIC,STATUS_SCHEDULED
ESPN-NHL-401892487-20261005T111938Z,2026-10-05T04:19:38.223401-07:00,NHL,NHL,401892487,2026-10-13T00:00Z,Vegas Golden Knights,Minnesota Wild,Grand Casino Arena,Saint Paul,MN,True,ESPN_PUBLIC,STATUS_SCHEDULED
ESPN-NHL-401892465-20261005T111938Z,2026-10-05T04:19:38.223401-07:00,NHL,NHL,401892465,2026-10-09T23:00Z,Seattle Kraken,Detroit Red Wings,Little Caesars Arena,Detroit,MI,True,ESPN_PUBLIC,STATUS_SCHEDULED
ESPN-NHL-401892466-20261005T111938Z,2026-10-05T04:19:38.223401-07:00,NHL,NHL,401892466,2026-10-09T23:00Z,New York Rangers,Washington Capitals,Capital One Arena,Washington,DC,True,ESPN_PUBLIC,STATUS_SCHEDULED
ESPN-NHL-401892467-20261005T111938Z,2026-10-05T04:19:38.223401-07:00,NHL,NHL,401892467,2026-10-09T23:00Z,Pittsburgh Penguins,Columbus Blue Jackets,Nationwide Arena,Columbus,OH,True,ESPN_PUBLIC,STATUS_SCHEDULED
ESPN-NHL-401892468-20261005T111938Z,2026-10-05T04:19:38.223401-07:00,NHL,NHL,401892468,2026-10-10T00:00Z,Anaheim Ducks,Winnipeg Jets,Canada Life Centre,Winnipeg,MB,True,ESPN_PUBLIC,STATUS_SCHEDULED
ESPN-NHL-401892445-20261005T111938Z,2026-10-05T04:19:38.223401-07:00,NHL,NHL,401892445,2026-10-05T23:00Z,Philadelphia Flyers,Tampa Bay Lightning,Benchmark International Arena,Tampa,FL,True,ESPN_PUBLIC,STATUS_SCHEDULED
ESPN-NHL-401892446-20261005T111938Z,2026-10-05T04:19:38.223401-07:00,NHL,NHL,401892446,2026-10-05T23:30Z,Ottawa Senators,Boston Bruins,TD Garden,Boston,MA,True,ESPN_PUBLIC,STATUS_SCHEDULED
ESPN-NHL-401892447-20261005T111938Z,2026-10-05T04:19:38.223401-07:00,NHL,NHL,401892447,2026-10-05T23:30Z,Winnipeg Jets,Pittsburgh Penguins,PPG Paints Arena,Pittsburgh,PA,True,ESPN_PUBLIC,STATUS_SCHEDULED
ESPN-NHL-401892448-20261005T111938Z,2026-10-05T04:19:38.223401-07:00,NHL,NHL,401892448,2026-10-06T00:00Z,San Jose Sharks,Dallas Stars,American Airlines Center,Dallas,TX,True,ESPN_PUBLIC,STATUS_SCHEDULED
ESPN-NHL-401891830-20261005T111938Z,2026-10-05T04:19:38.223401-07:00,NHL,NHL,401891830,2026-10-07T23:30Z,Pittsburgh Penguins,Washington Capitals,Capital One Arena,Washington,DC,True,ESPN_PUBLIC,STATUS_SCHEDULED
ESPN-NHL-401892455-20261005T111938Z,2026-10-05T04:19:38.223401-07:00,NHL,NHL,401892455,2026-10-07T23:30Z,Colorado Avalanche,Winnipeg Jets,Canada Life Centre,Winnipeg,MB,True,ESPN_PUBLIC,STATUS_SCHEDULED
ESPN-NHL-401892456-20261005T111938Z,2026-10-05T04:19:38.223401-07:00,NHL,NHL,401892456,2026-10-08T02:00Z,Edmonton Oilers,Anaheim Ducks,Honda Center,Anaheim,CA,True,ESPN_PUBLIC,STATUS_SCHEDULED
ESPN-NHL-401892482-20261005T111938Z,2026-10-05T04:19:38.223401-07:00,NHL,NHL,401892482,2026-10-11T21:00Z,Seattle Kraken,Washington Capitals,Capital One Arena,Washington,DC,True,ESPN_PUBLIC,STATUS_SCHEDULED
ESPN-NHL-401892483-20261005T111938Z,2026-10-05T04:19:38.223401-07:00,NHL,NHL,401892483,2026-10-11T22:00Z,Vancouver Canucks,New York Rangers,Madison Square Garden,New York,NY,True,ESPN_PUBLIC,STATUS_SCHEDULED
ESPN-NHL-401892484-20261005T111938Z,2026-10-05T04:19:38.223401-07:00,NHL,NHL,401892484,2026-10-11T23:00Z,Carolina Hurricanes,Philadelphia Flyers,Xfinity Mobile Arena,Philadelphia,PA,True,ESPN_PUBLIC,STATUS_SCHEDULED
ESPN-MLB-401907994-20261005T111938Z,2026-10-05T04:19:38.223401-07:00,MLB,MLB,401907994,2026-10-10T21:00Z,Chicago White Sox,Cleveland Guardians,Progressive Field,Cleveland,Ohio,False,ESPN_PUBLIC,STATUS_SCHEDULED
ESPN-MLB-401907989-20261005T111938Z,2026-10-05T04:19:38.223401-07:00,MLB,MLB,401907989,2026-10-11T00:00Z,New York Yankees,Tampa Bay Rays,Tropicana Field,St. Petersburg,Florida,True,ESPN_PUBLIC,STATUS_SCHEDULED
ESPN-MLB-401908006-20261005T111938Z,2026-10-05T04:19:38.223401-07:00,MLB,MLB,401908006,2026-10-09T20:30Z,San Diego Padres,Milwaukee Brewers,American Family Field,Milwaukee,Wisconsin,True,ESPN_PUBLIC,STATUS_SCHEDULED
ESPN-MLB-401908017-20261005T111938Z,2026-10-05T04:19:38.223401-07:00,MLB,MLB,401908017,2026-10-10T00:00Z,Atlanta Braves,Los Angeles Dodgers,Dodger Stadium,Los Angeles,California,False,ESPN_PUBLIC,STATUS_SCHEDULED
ESPN-MLB-401907991-20261005T111938Z,2026-10-05T04:19:38.223401-07:00,MLB,MLB,401907991,2026-10-05T21:00Z,Chicago White Sox,Cleveland Guardians,Progressive Field,Cleveland,Ohio,False,ESPN_PUBLIC,STATUS_SCHEDULED
ESPN-MLB-401907986-20261005T111938Z,2026-10-05T04:19:38.223401-07:00,MLB,MLB,401907986,2026-10-06T00:00Z,New York Yankees,Tampa Bay Rays,Tropicana Field,St. Petersburg,Florida,True,ESPN_PUBLIC,STATUS_SCHEDULED
ESPN-MLB-401907993-20261005T111938Z,2026-10-05T04:19:38.223401-07:00,MLB,MLB,401907993,2026-10-08T21:00Z,Cleveland Guardians,Chicago White Sox,Rate Field,Chicago,Illinois,False,ESPN_PUBLIC,STATUS_SCHEDULED
ESPN-MLB-401907988-20261005T111938Z,2026-10-05T04:19:38.223401-07:00,MLB,MLB,401907988,2026-10-09T00:00Z,Tampa Bay Rays,New York Yankees,Yankee Stadium,Bronx,New York,False,ESPN_PUBLIC,STATUS_SCHEDULED
ESPN-MLB-401907992-20261005T111938Z,2026-10-05T04:19:38.223401-07:00,MLB,MLB,401907992,2026-10-07T20:00Z,Cleveland Guardians,Chicago White Sox,Rate Field,Chicago,Illinois,False,ESPN_PUBLIC,STATUS_SCHEDULED
ESPN-MLB-401908016-20261005T111938Z,2026-10-05T04:19:38.223401-07:00,MLB,MLB,401908016,2026-10-07T22:00Z,Los Angeles Dodgers,Atlanta Braves,Truist Park,Atlanta,Georgia,False,ESPN_PUBLIC,STATUS_SCHEDULED
ESPN-MLB-401907987-20261005T111938Z,2026-10-05T04:19:38.223401-07:00,MLB,MLB,401907987,2026-10-08T00:00Z,Tampa Bay Rays,New York Yankees,Yankee Stadium,Bronx,New York,False,ESPN_PUBLIC,STATUS_SCHEDULED
ESPN-MLB-401908005-20261005T111938Z,2026-10-05T04:19:38.223401-07:00,MLB,MLB,401908005,2026-10-08T02:00Z,Milwaukee Brewers,San Diego Padres,Petco Park,San Diego,California,False,ESPN_PUBLIC,STATUS_SCHEDULED
ESPN-MLB-401908023-20261005T111938Z,2026-10-05T04:19:38.223401-07:00,MLB,MLB,401908023,2026-10-12T04:00Z,TBD,TBD,,,,,ESPN_PUBLIC,STATUS_SCHEDULED
ESPN-MLB-401908031-20261005T111938Z,2026-10-05T04:19:38.223401-07:00,MLB,MLB,401908031,2026-10-12T04:00Z,TBD,TBD,,,,,ESPN_PUBLIC,STATUS_SCHEDULED
ESPN-MLB-401908015-20261005T111938Z,2026-10-05T04:19:38.223401-07:00,MLB,MLB,401908015,2026-10-06T22:00Z,Los Angeles Dodgers,Atlanta Braves,Truist Park,Atlanta,Georgia,False,ESPN_PUBLIC,STATUS_SCHEDULED
ESPN-MLB-401908004-20261005T111938Z,2026-10-05T04:19:38.223401-07:00,MLB,MLB,401908004,2026-10-07T01:30Z,Milwaukee Brewers,San Diego Padres,Petco Park,San Diego,California,False,ESPN_PUBLIC,STATUS_SCHEDULED
ESPN-MLB-401908030-20261005T111938Z,2026-10-05T04:19:38.223401-07:00,MLB,MLB,401908030,2026-10-11T04:00Z,TBD,TBD,,,,,ESPN_PUBLIC,STATUS_SCHEDULED
ESPN-WNBA-401918299-20261005T111938Z,2026-10-05T04:19:38.223401-07:00,WNBA,WNBA,401918299,2026-10-09T23:30Z,Atlanta Dream,New York Liberty,Barclays Center,Brooklyn,NY,True,ESPN_PUBLIC,STATUS_SCHEDULED
ESPN-WNBA-401918300-20261005T111938Z,2026-10-05T04:19:38.223401-07:00,WNBA,WNBA,401918300,2026-10-10T01:30Z,Golden State Valkyries,Las Vegas Aces,Michelob ULTRA Arena,Las Vegas,NV,True,ESPN_PUBLIC,STATUS_SCHEDULED
ESPN-WNBA-401918301-20261005T111938Z,2026-10-05T04:19:38.223401-07:00,WNBA,WNBA,401918301,2026-10-11T04:00Z,Atlanta Dream,New York Liberty,Barclays Center,Brooklyn,NY,True,ESPN_PUBLIC,STATUS_SCHEDULED
ESPN-WNBA-401918302-20261005T111938Z,2026-10-05T04:19:38.223401-07:00,WNBA,WNBA,401918302,2026-10-11T04:00Z,Golden State Valkyries,Las Vegas Aces,Michelob ULTRA Arena,Las Vegas,NV,True,ESPN_PUBLIC,STATUS_SCHEDULED
ESPN-WNBA-401918297-20261005T111938Z,2026-10-05T04:19:38.223401-07:00,WNBA,WNBA,401918297,2026-10-07T23:30Z,New York Liberty,Atlanta Dream,State Farm Arena,Atlanta,GA,True,ESPN_PUBLIC,STATUS_SCHEDULED
ESPN-WNBA-401918298-20261005T111938Z,2026-10-05T04:19:38.223401-07:00,WNBA,WNBA,401918298,2026-10-08T01:30Z,Las Vegas Aces,Golden State Valkyries,Chase Center,San Francisco,CA,True,ESPN_PUBLIC,STATUS_SCHEDULED
ESPN-NCAA_Football-401858254-20261005T111938Z,2026-10-05T04:19:38.223401-07:00,NCAA_Football,NCAA_Football,401858254,2026-10-09T23:00Z,Florida State Seminoles,Louisville Cardinals,L&N Federal Credit Union Stadium,Louisville,KY,False,ESPN_PUBLIC,STATUS_SCHEDULED
ESPN-NCAA_Football-401858487-20261005T111938Z,2026-10-05T04:19:38.223401-07:00,NCAA_Football,NCAA_Football,401858487,2026-10-10T01:00Z,Iowa Hawkeyes,Washington Huskies,Husky Stadium,Seattle,WA,False,ESPN_PUBLIC,STATUS_SCHEDULED
ESPN-NCAA_Football-401860922-20261005T111938Z,2026-10-05T04:19:38.223401-07:00,NCAA_Football,NCAA_Football,401860922,2026-10-10T01:00Z,Washington State Cougars,Utah State Aggies,Maverik Stadium,Logan,UT,False,ESPN_PUBLIC,STATUS_SCHEDULED
ESPN-NCAA_Football-401864519-20261005T111938Z,2026-10-05T04:19:38.223401-07:00,NCAA_Football,NCAA_Football,401864519,2026-10-10T01:00Z,Wyoming Cowboys,San José State Spartans,CEFCU Stadium,San Jose,CA,False,ESPN_PUBLIC,STATUS_SCHEDULED
ESPN-NCAA_Football-401856826-20261005T111938Z,2026-10-05T04:19:38.223401-07:00,NCAA_Football,NCAA_Football,401856826,2026-10-10T02:15Z,Iowa State Cyclones,BYU Cougars,LaVell Edwards Stadium,Provo,UT,False,ESPN_PUBLIC,STATUS_SCHEDULED
ESPN-NCAA_Football-401858481-20261005T111938Z,2026-10-05T04:19:38.223401-07:00,NCAA_Football,NCAA_Football,401858481,2026-10-10T16:00Z,Indiana Hoosiers,Nebraska Cornhuskers,"Memorial Stadium (Lincoln, NE)",Lincoln,NE,False,ESPN_PUBLIC,STATUS_SCHEDULED
ESPN-NCAA_Football-401856716-20261005T111938Z,2026-10-05T04:19:38.223401-07:00,NCAA_Football,NCAA_Football,401856716,2026-10-10T16:00Z,Texas A&M Aggies,Missouri Tigers,Memorial Stadium,Columbia,MO,False,ESPN_PUBLIC,STATUS_SCHEDULED
ESPN-NCAA_Football-401856824-20261005T111938Z,2026-10-05T04:19:38.223401-07:00,NCAA_Football,NCAA_Football,401856824,2026-10-10T16:00Z,UCF Knights,Oklahoma State Cowboys,Boone Pickens Stadium,Stillwater,OK,False,ESPN_PUBLIC,STATUS_SCHEDULED
ESPN-NCAA_Football-401858256-20261005T111938Z,2026-10-05T04:19:38.223401-07:00,NCAA_Football,NCAA_Football,401858256,2026-10-10T16:00Z,North Carolina Tar Heels,Pittsburgh Panthers,Acrisure Stadium,Pittsburgh,PA,False,ESPN_PUBLIC,STATUS_SCHEDULED
ESPN-NCAA_Football-401856823-20261005T111938Z,2026-10-05T04:19:38.223401-07:00,NCAA_Football,NCAA_Football,401856823,2026-10-10T16:00Z,Arizona Wildcats,West Virginia Mountaineers,Milan Puskar Stadium,Morgantown,WV,False,ESPN_PUBLIC,STATUS_SCHEDULED
ESPN-NCAA_Football-401858260-20261005T111938Z,2026-10-05T04:19:38.223401-07:00,NCAA_Football,NCAA_Football,401858260,2026-10-10T16:00Z,Wake Forest Demon Deacons,NC State Wolfpack,Carter-Finley Stadium,Raleigh,NC,False,ESPN_PUBLIC,STATUS_SCHEDULED
ESPN-NCAA_Football-401862795-20261005T111938Z,2026-10-05T04:19:38.223401-07:00,NCAA_Football,NCAA_Football,401862795,2026-10-10T16:00Z,Tulane Green Wave,Army Black Knights,Michie Stadium,West Point,NY,False,ESPN_PUBLIC,STATUS_SCHEDULED
ESPN-NCAA_Football-401866436-20261005T111938Z,2026-10-05T04:19:38.223401-07:00,NCAA_Football,NCAA_Football,401866436,2026-10-10T16:00Z,Sacramento State Hornets,Bowling Green Falcons,Doyt L. Perry Stadium,Bowling Green,OH,False,ESPN_PUBLIC,STATUS_SCHEDULED
ESPN-NCAA_Football-401858482-20261005T111938Z,2026-10-05T04:19:38.223401-07:00,NCAA_Football,NCAA_Football,401858482,2026-10-10T16:30Z,Ball State Cardinals,Northwestern Wildcats,Ryan Field,Evanston,IL,False,ESPN_PUBLIC,STATUS_SCHEDULED
ESPN-NCAA_Football-401856714-20261005T111938Z,2026-10-05T04:19:38.223401-07:00,NCAA_Football,NCAA_Football,401856714,2026-10-10T16:45Z,South Carolina Gamecocks,Florida Gators,Ben Hill Griffin Stadium,Gainesville,FL,False,ESPN_PUBLIC,STATUS_SCHEDULED
ESPN-NCAA_Football-401869843-20261005T111938Z,2026-10-05T04:19:38.223401-07:00,NCAA_Football,NCAA_Football,401869843,2026-10-10T17:00Z,Old Dominion Monarchs,App State Mountaineers,Kidd Brewer Stadium,Boone,NC,False,ESPN_PUBLIC,STATUS_SCHEDULED
ESPN-NCAA_Football-401866440-20261005T111938Z,2026-10-05T04:19:38.223401-07:00,NCAA_Football,NCAA_Football,401866440,2026-10-10T18:00Z,Miami (OH) RedHawks,Massachusetts Minutemen,Warren McGuirk Alumni Stadium,Amherst,MA,False,ESPN_PUBLIC,STATUS_SCHEDULED
ESPN-NCAA_Football-401856717-20261005T111938Z,2026-10-05T04:19:38.223401-07:00,NCAA_Football,NCAA_Football,401856717,2026-10-10T19:30Z,Texas Longhorns,Oklahoma Sooners,Cotton Bowl,Dallas,TX,False,ESPN_PUBLIC,STATUS_SCHEDULED
ESPN-NCAA_Football-401858257-20261005T111938Z,2026-10-05T04:19:38.223401-07:00,NCAA_Football,NCAA_Football,401858257,2026-10-10T19:30Z,Stanford Cardinal,Notre Dame Fighting Irish,Notre Dame Stadium,Notre Dame,IN,False,ESPN_PUBLIC,STATUS_SCHEDULED
ESPN-NCAA_Football-401856718-20261005T111938Z,2026-10-05T04:19:38.223401-07:00,NCAA_Football,NCAA_Football,401856718,2026-10-10T19:30Z,Ole Miss Rebels,Vanderbilt Commodores,FirstBank Stadium,Nashville,TN,False,ESPN_PUBLIC,STATUS_SCHEDULED
ESPN-NCAA_Football-401858484-20261005T111938Z,2026-10-05T04:19:38.223401-07:00,NCAA_Football,NCAA_Football,401858484,2026-10-10T19:30Z,UCLA Bruins,Oregon Ducks,Autzen Stadium,Eugene,OR,False,ESPN_PUBLIC,STATUS_SCHEDULED
ESPN-NCAA_Football-401856825-20261005T111938Z,2026-10-05T04:19:38.223401-07:00,NCAA_Football,NCAA_Football,401856825,2026-10-10T19:30Z,Houston Cougars,Kansas State Wildcats,Bill Snyder Family Stadium,Manhattan,KS,False,ESPN_PUBLIC,STATUS_SCHEDULED
ESPN-NCAA_Football-401858255-20261005T111938Z,2026-10-05T04:19:38.223401-07:00,NCAA_Football,NCAA_Football,401858255,2026-10-10T19:30Z,Duke Blue Devils,Georgia Tech Yellow Jackets,Bobby Dodd Stadium,Atlanta,GA,False,ESPN_PUBLIC,STATUS_SCHEDULED
ESPN-NCAA_Football-401858259-20261005T111938Z,2026-10-05T04:19:38.223401-07:00,NCAA_Football,NCAA_Football,401858259,2026-10-10T19:30Z,Virginia Tech Hokies,California Golden Bears,California Memorial Stadium,Berkeley,CA,False,ESPN_PUBLIC,STATUS_SCHEDULED
ESPN-NCAA_Football-401858480-20261005T111938Z,2026-10-05T04:19:38.223401-07:00,NCAA_Football,NCAA_Football,401858480,2026-10-10T19:30Z,Illinois Fighting Illini,Michigan State Spartans,Spartan Stadium,East Lansing,MI,False,ESPN_PUBLIC,STATUS_SCHEDULED
ESPN-NCAA_Football-401862796-20261005T111938Z,2026-10-05T04:19:38.223401-07:00,NCAA_Football,NCAA_Football,401862796,2026-10-10T19:30Z,Charlotte 49ers,North Texas Mean Green,DATCU Stadium,Denton,TX,False,ESPN_PUBLIC,STATUS_SCHEDULED
ESPN-NCAA_Football-401862799-20261005T111938Z,2026-10-05T04:19:38.223401-07:00,NCAA_Football,NCAA_Football,401862799,2026-10-10T19:30Z,Tulsa Golden Hurricane,Navy Midshipmen,Navy-Marine Corps Memorial Stadium,Annapolis,MD,False,ESPN_PUBLIC,STATUS_SCHEDULED
ESPN-NCAA_Football-401866435-20261005T111938Z,2026-10-05T04:19:38.223401-07:00,NCAA_Football,NCAA_Football,401866435,2026-10-10T19:30Z,Eastern Michigan Eagles,Akron Zips,InfoCision Stadium,Akron,OH,False,ESPN_PUBLIC,STATUS_SCHEDULED
ESPN-NCAA_Football-401866437-20261005T111938Z,2026-10-05T04:19:38.223401-07:00,NCAA_Football,NCAA_Football,401866437,2026-10-10T19:30Z,Buffalo Bulls,Toledo Rockets,Glass Bowl,Toledo,OH,False,ESPN_PUBLIC,STATUS_SCHEDULED
ESPN-NCAA_Football-401866438-20261005T111938Z,2026-10-05T04:19:38.223401-07:00,NCAA_Football,NCAA_Football,401866438,2026-10-10T19:30Z,Central Michigan Chippewas,Ohio Bobcats,Peden Stadium,Athens,OH,False,ESPN_PUBLIC,STATUS_SCHEDULED
ESPN-NCAA_Football-401866439-20261005T111938Z,2026-10-05T04:19:38.223401-07:00,NCAA_Football,NCAA_Football,401866439,2026-10-10T19:30Z,Kent State Golden Flashes,Western Michigan Broncos,Waldo Stadium,Kalamazoo,MI,False,ESPN_PUBLIC,STATUS_SCHEDULED
ESPN-NCAA_Football-401861964-20261005T111938Z,2026-10-05T04:19:38.223401-07:00,NCAA_Football,NCAA_Football,401861964,2026-10-10T19:45Z,UConn Huskies,Temple Owls,Lincoln Financial Field,Philadelphia,PA,False,ESPN_PUBLIC,STATUS_SCHEDULED
ESPN-NCAA_Football-401862797-20261005T111938Z,2026-10-05T04:19:38.223401-07:00,NCAA_Football,NCAA_Football,401862797,2026-10-10T20:00Z,Rice Owls,East Carolina Pirates,Dowdy-Ficklen Stadium,Greenville,NC,False,ESPN_PUBLIC,STATUS_SCHEDULED
ESPN-NCAA_Football-401858483-20261005T111938Z,2026-10-05T04:19:38.223401-07:00,NCAA_Football,NCAA_Football,401858483,2026-10-10T20:15Z,Maryland Terrapins,Ohio State Buckeyes,Ohio Stadium,Columbus,OH,False,ESPN_PUBLIC,STATUS_SCHEDULED
ESPN-NCAA_Football-401856713-20261005T111938Z,2026-10-05T04:19:38.223401-07:00,NCAA_Football,NCAA_Football,401856713,2026-10-10T20:15Z,Tennessee Volunteers,Arkansas Razorbacks,Donald W. Reynolds Razorback Stadium,Fayetteville,AR,False,ESPN_PUBLIC,STATUS_SCHEDULED
ESPN-NCAA_Football-401860902-20261005T111938Z,2026-10-05T04:19:38.223401-07:00,NCAA_Football,NCAA_Football,401860902,2026-10-10T22:00Z,San Diego State Aztecs,Oregon State Beavers,Reser Stadium,Corvallis,OR,False,ESPN_PUBLIC,STATUS_SCHEDULED
ESPN-NCAA_Football-401856715-20261005T111938Z,2026-10-05T04:19:38.223401-07:00,NCAA_Football,NCAA_Football,401856715,2026-10-10T23:00Z,LSU Tigers,Kentucky Wildcats,Kroger Field,Lexington,KY,False,ESPN_PUBLIC,STATUS_SCHEDULED
ESPN-NCAA_Football-401862798-20261005T111938Z,2026-10-05T04:19:38.223401-07:00,NCAA_Football,NCAA_Football,401862798,2026-10-10T23:00Z,UAB Blazers,Memphis Tigers,Simmons Bank Liberty Stadium,Memphis,TN,False,ESPN_PUBLIC,STATUS_SCHEDULED
ESPN-NCAA_Football-401864517-20261005T111938Z,2026-10-05T04:19:38.223401-07:00,NCAA_Football,NCAA_Football,401864517,2026-10-10T23:00Z,Nevada Wolf Pack,UTEP Miners,Sun Bowl,El Paso,TX,False,ESPN_PUBLIC,STATUS_SCHEDULED
ESPN-NCAA_Football-401864518-20261005T111938Z,2026-10-05T04:19:38.223401-07:00,NCAA_Football,NCAA_Football,401864518,2026-10-10T23:00Z,North Dakota State Bison,UNLV Rebels,Allegiant Stadium,Las Vegas,NV,True,ESPN_PUBLIC,STATUS_SCHEDULED
ESPN-NCAA_Football-401869943-20261005T111938Z,2026-10-05T04:19:38.223401-07:00,NCAA_Football,NCAA_Football,401869943,2026-10-10T23:00Z,Coastal Carolina Chanticleers,Marshall Thundering Herd,Joan C. Edwards Stadium,Huntington,WV,False,ESPN_PUBLIC,STATUS_SCHEDULED
ESPN-NCAA_Football-401856712-20261005T111938Z,2026-10-05T04:19:38.223401-07:00,NCAA_Football,NCAA_Football,401856712,2026-10-10T23:30Z,Georgia Bulldogs,Alabama Crimson Tide,Bryant-Denny Stadium,Tuscaloosa,AL,False,ESPN_PUBLIC,STATUS_SCHEDULED
ESPN-NCAA_Football-401858485-20261005T111938Z,2026-10-05T04:19:38.223401-07:00,NCAA_Football,NCAA_Football,401858485,2026-10-10T23:30Z,USC Trojans,Penn State Nittany Lions,Beaver Stadium,University Park,PA,False,ESPN_PUBLIC,STATUS_SCHEDULED
ESPN-NCAA_Football-401858258-20261005T111938Z,2026-10-05T04:19:38.223401-07:00,NCAA_Football,NCAA_Football,401858258,2026-10-10T23:30Z,Syracuse Orange,Virginia Cavaliers,Scott Stadium,Charlottesville,VA,False,ESPN_PUBLIC,STATUS_SCHEDULED
ESPN-NCAA_Football-401864516-20261005T111938Z,2026-10-05T04:19:38.223401-07:00,NCAA_Football,NCAA_Football,401864516,2026-10-10T23:30Z,Air Force Falcons,Northern Illinois Huskies,Huskie Stadium,Dekalb,IL,False,ESPN_PUBLIC,STATUS_SCHEDULED
ESPN-NCAA_Football-401869949-20261005T111938Z,2026-10-05T04:19:38.223401-07:00,NCAA_Football,NCAA_Football,401869949,2026-10-10T23:30Z,James Madison Dukes,Georgia Southern Eagles,Allen E. Paulson Stadium,Statesboro,GA,False,ESPN_PUBLIC,STATUS_SCHEDULED
ESPN-NCAA_Football-401869965-20261005T111938Z,2026-10-05T04:19:38.223401-07:00,NCAA_Football,NCAA_Football,401869965,2026-10-10T23:30Z,Louisiana Ragin' Cajuns,Louisiana Tech Bulldogs,Joe Aillet Stadium,Ruston,LA,False,ESPN_PUBLIC,STATUS_SCHEDULED
ESPN-NCAA_Football-401858486-20261005T111938Z,2026-10-05T04:19:38.223401-07:00,NCAA_Football,NCAA_Football,401858486,2026-10-11T00:00Z,Minnesota Golden Gophers,Purdue Boilermakers,Ross-Ade Stadium,West Lafayette,IN,False,ESPN_PUBLIC,STATUS_SCHEDULED
ESPN-NCAA_Football-401856808-20261005T111938Z,2026-10-05T04:19:38.223401-07:00,NCAA_Football,NCAA_Football,401856808,2026-10-11T01:30Z,Hawai'i Rainbow Warriors,Arizona State Sun Devils,Mountain America Stadium,Tempe,AZ,False,ESPN_PUBLIC,STATUS_SCHEDULED
ESPN-NCAA_Football-401856827-20261005T111938Z,2026-10-05T04:19:38.223401-07:00,NCAA_Football,NCAA_Football,401856827,2026-10-11T02:15Z,Kansas Jayhawks,Utah Utes,Rice-Eccles Stadium,Salt Lake City,UT,False,ESPN_PUBLIC,STATUS_SCHEDULED
ESPN-NCAA_Football-401860901-20261005T111938Z,2026-10-05T04:19:38.223401-07:00,NCAA_Football,NCAA_Football,401860901,2026-10-11T02:30Z,Boise State Broncos,Fresno State Bulldogs,Valley Children's Stadium,Fresno,CA,False,ESPN_PUBLIC,STATUS_SCHEDULED
ESPN-NCAA_Football-401871090-20261005T111938Z,2026-10-05T04:19:38.223401-07:00,NCAA_Football,NCAA_Football,401871090,2026-10-07T00:00Z,Southern Miss Golden Eagles,Troy Trojans,Veterans Memorial Stadium (AL),Troy,AL,False,ESPN_PUBLIC,STATUS_SCHEDULED
ESPN-NCAA_Football-401870766-20261005T111938Z,2026-10-05T04:19:38.223401-07:00,NCAA_Football,NCAA_Football,401870766,2026-10-08T23:00Z,Sam Houston Bearkats,Liberty Flames,Williams Stadium (VA),Lynchburg,VA,False,ESPN_PUBLIC,STATUS_SCHEDULED
ESPN-NCAA_Football-401871052-20261005T111938Z,2026-10-05T04:19:38.223401-07:00,NCAA_Football,NCAA_Football,401871052,2026-10-08T23:00Z,Missouri State Bears,Western Kentucky Hilltoppers,Houchens Industries-L.T. Smith Stadium,Bowling Green,KY,False,ESPN_PUBLIC,STATUS_SCHEDULED
ESPN-NCAA_Football-401862794-20261005T111938Z,2026-10-05T04:19:38.223401-07:00,NCAA_Football,NCAA_Football,401862794,2026-10-08T23:30Z,South Florida Bulls,UTSA Roadrunners,Alamodome,San Antonio,TX,True,ESPN_PUBLIC,STATUS_SCHEDULED
ESPN-NCAA_Football-401869933-20261005T111938Z,2026-10-05T04:19:38.223401-07:00,NCAA_Football,NCAA_Football,401869933,2026-10-08T23:30Z,South Alabama Jaguars,Arkansas State Red Wolves,Centennial Bank Stadium,Jonesboro,AR,False,ESPN_PUBLIC,STATUS_SCHEDULED
ESPN-NCAA_Football-401871051-20261005T111938Z,2026-10-05T04:19:38.223401-07:00,NCAA_Football,NCAA_Football,401871051,2026-10-07T23:00Z,Jacksonville State Gamecocks,Kennesaw State Owls,Walens Family Field at Fifth Third Stadium,Kennesaw,GA,False,ESPN_PUBLIC,STATUS_SCHEDULED
ESPN-NCAA_Football-401871066-20261005T111938Z,2026-10-05T04:19:38.223401-07:00,NCAA_Football,NCAA_Football,401871066,2026-10-07T23:30Z,New Mexico State Aggies,Florida International Panthers,Pitbull Stadium,Miami,FL,False,ESPN_PUBLIC,STATUS_SCHEDULED
NHLWEB-2026020035-20261005T112244Z,2026-10-05T04:22:44.818014-07:00,NHL,NHL,2026020035,2026-10-04T17:00:00Z,Winnipeg,Detroit,NHL_WEB,OFF
NHLWEB-2026020036-20261005T112244Z,2026-10-05T04:22:44.818014-07:00,NHL,NHL,2026020036,2026-10-04T22:00:00Z,Utah,New York,NHL_WEB,OFF
NHLWEB-2026020037-20261005T112244Z,2026-10-05T04:22:44.818014-07:00,NHL,NHL,2026020037,2026-10-05T00:00:00Z,Florida,Anaheim,NHL_WEB,OFF
NHLWEB-2026020038-20261005T112244Z,2026-10-05T04:22:44.818014-07:00,NHL,NHL,2026020038,2026-10-05T00:00:00Z,Calgary,Seattle,NHL_WEB,OFF
NHLWEB-2026020039-20261005T112244Z,2026-10-05T04:22:44.818014-07:00,NHL,NHL,2026020039,2026-10-05T01:00:00Z,Vegas,Vancouver,NHL_WEB,OFF
NHLWEB-2026020040-20261005T112244Z,2026-10-05T04:22:44.818014-07:00,NHL,NHL,2026020040,2026-10-05T23:00:00Z,Philadelphia,Tampa Bay,NHL_WEB,FUT
NHLWEB-2026020041-20261005T112244Z,2026-10-05T04:22:44.818014-07:00,NHL,NHL,2026020041,2026-10-05T23:30:00Z,Ottawa,Boston,NHL_WEB,FUT
NHLWEB-2026020042-20261005T112244Z,2026-10-05T04:22:44.818014-07:00,NHL,NHL,2026020042,2026-10-05T23:30:00Z,Winnipeg,Pittsburgh,NHL_WEB,FUT
NHLWEB-2026020043-20261005T112244Z,2026-10-05T04:22:44.818014-07:00,NHL,NHL,2026020043,2026-10-06T00:00:00Z,San Jose,Dallas,NHL_WEB,FUT
NHLWEB-2026020044-20261005T112244Z,2026-10-05T04:22:44.818014-07:00,NHL,NHL,2026020044,2026-10-06T23:00:00Z,Nashville,Toronto,NHL_WEB,FUT
NHLWEB-2026020045-20261005T112244Z,2026-10-05T04:22:44.818014-07:00,NHL,NHL,2026020045,2026-10-06T23:00:00Z,Carolina,Montréal,NHL_WEB,FUT
NHLWEB-2026020046-20261005T112244Z,2026-10-05T04:22:44.818014-07:00,NHL,NHL,2026020046,2026-10-06T23:00:00Z,Ottawa,Detroit,NHL_WEB,FUT
NHLWEB-2026020047-20261005T112244Z,2026-10-05T04:22:44.818014-07:00,NHL,NHL,2026020047,2026-10-06T23:00:00Z,Utah,New Jersey,NHL_WEB,FUT
NHLWEB-2026020049-20261005T112244Z,2026-10-05T04:22:44.818014-07:00,NHL,NHL,2026020049,2026-10-06T23:00:00Z,Minnesota,Buffalo,NHL_WEB,FUT
NHLWEB-2026020048-20261005T112244Z,2026-10-05T04:22:44.818014-07:00,NHL,NHL,2026020048,2026-10-06T23:30:00Z,New York,New York,NHL_WEB,FUT
NHLWEB-2026020050-20261005T112244Z,2026-10-05T04:22:44.818014-07:00,NHL,NHL,2026020050,2026-10-07T00:00:00Z,St. Louis,Chicago,NHL_WEB,FUT
NHLWEB-2026020051-20261005T112244Z,2026-10-05T04:22:44.818014-07:00,NHL,NHL,2026020051,2026-10-07T01:40:00Z,Vegas,Seattle,NHL_WEB,FUT
NHLWEB-2026020052-20261005T112244Z,2026-10-05T04:22:44.818014-07:00,NHL,NHL,2026020052,2026-10-07T02:00:00Z,Florida,Los Angeles,NHL_WEB,FUT
NHLWEB-2026020053-20261005T112244Z,2026-10-05T04:22:44.818014-07:00,NHL,NHL,2026020053,2026-10-07T23:30:00Z,Pittsburgh,Washington,NHL_WEB,FUT
NHLWEB-2026020054-20261005T112244Z,2026-10-05T04:22:44.818014-07:00,NHL,NHL,2026020054,2026-10-07T23:30:00Z,Colorado,Winnipeg,NHL_WEB,FUT
NHLWEB-2026020055-20261005T112244Z,2026-10-05T04:22:44.818014-07:00,NHL,NHL,2026020055,2026-10-08T02:00:00Z,Edmonton,Anaheim,NHL_WEB,FUT
NHLWEB-2026020056-20261005T112244Z,2026-10-05T04:22:44.818014-07:00,NHL,NHL,2026020056,2026-10-08T23:00:00Z,Utah,Boston,NHL_WEB,FUT
NHLWEB-2026020057-20261005T112244Z,2026-10-05T04:22:44.818014-07:00,NHL,NHL,2026020057,2026-10-08T23:00:00Z,Dallas,Buffalo,NHL_WEB,FUT
NHLWEB-2026020058-20261005T112244Z,2026-10-05T04:22:44.818014-07:00,NHL,NHL,2026020058,2026-10-08T23:00:00Z,Nashville,Montréal,NHL_WEB,FUT
NHLWEB-2026020059-20261005T112244Z,2026-10-05T04:22:44.818014-07:00,NHL,NHL,2026020059,2026-10-08T23:00:00Z,Philadelphia,Ottawa,NHL_WEB,FUT
NHLWEB-2026020060-20261005T112244Z,2026-10-05T04:22:44.818014-07:00,NHL,NHL,2026020060,2026-10-08T23:00:00Z,Minnesota,Tampa Bay,NHL_WEB,FUT
NHLWEB-2026020061-20261005T112244Z,2026-10-05T04:22:44.818014-07:00,NHL,NHL,2026020061,2026-10-08T23:00:00Z,Vancouver,Carolina,NHL_WEB,FUT
NHLWEB-2026020062-20261005T112244Z,2026-10-05T04:22:44.818014-07:00,NHL,NHL,2026020062,2026-10-08T23:30:00Z,Chicago,New York,NHL_WEB,FUT
NHLWEB-2026020063-20261005T112244Z,2026-10-05T04:22:44.818014-07:00,NHL,NHL,2026020063,2026-10-09T00:00:00Z,San Jose,St. Louis,NHL_WEB,FUT
NHLWEB-2026020064-20261005T112244Z,2026-10-05T04:22:44.818014-07:00,NHL,NHL,2026020064,2026-10-09T01:00:00Z,Colorado,Calgary,NHL_WEB,FUT
NHLWEB-2026020065-20261005T112244Z,2026-10-05T04:22:44.818014-07:00,NHL,NHL,2026020065,2026-10-09T02:00:00Z,Toronto,Vegas,NHL_WEB,FUT
NHLWEB-2026020066-20261005T112244Z,2026-10-05T04:22:44.818014-07:00,NHL,NHL,2026020066,2026-10-09T23:00:00Z,Seattle,Detroit,NHL_WEB,FUT
NHLWEB-2026020067-20261005T112244Z,2026-10-05T04:22:44.818014-07:00,NHL,NHL,2026020067,2026-10-09T23:00:00Z,New York,Washington,NHL_WEB,FUT
NHLWEB-2026020068-20261005T112244Z,2026-10-05T04:22:44.818014-07:00,NHL,NHL,2026020068,2026-10-09T23:00:00Z,Pittsburgh,Columbus,NHL_WEB,FUT
NHLWEB-2026020069-20261005T112244Z,2026-10-05T04:22:44.818014-07:00,NHL,NHL,2026020069,2026-10-10T00:00:00Z,Anaheim,Winnipeg,NHL_WEB,FUT
NHLWEB-2026020070-20261005T112244Z,2026-10-05T04:22:44.818014-07:00,NHL,NHL,2026020070,2026-10-10T17:00:00Z,Philadelphia,Boston,NHL_WEB,FUT
NHLWEB-2026020071-20261005T112244Z,2026-10-05T04:22:44.818014-07:00,NHL,NHL,2026020071,2026-10-10T19:30:00Z,Vancouver,New Jersey,NHL_WEB,FUT
NHLWEB-2026020072-20261005T112244Z,2026-10-05T04:22:44.818014-07:00,NHL,NHL,2026020072,2026-10-10T20:00:00Z,Edmonton,San Jose,NHL_WEB,FUT
NHLWEB-2026020073-20261005T112244Z,2026-10-05T04:22:44.818014-07:00,NHL,NHL,2026020073,2026-10-10T22:00:00Z,Minnesota,Florida,NHL_WEB,FUT
NHLWEB-2026020074-20261005T112244Z,2026-10-05T04:22:44.818014-07:00,NHL,NHL,2026020074,2026-10-10T23:00:00Z,Utah,Buffalo,NHL_WEB,FUT
NHLWEB-2026020075-20261005T112244Z,2026-10-05T04:22:44.818014-07:00,NHL,NHL,2026020075,2026-10-10T23:00:00Z,Detroit,Montréal,NHL_WEB,FUT
NHLWEB-2026020076-20261005T112244Z,2026-10-05T04:22:44.818014-07:00,NHL,NHL,2026020076,2026-10-10T23:00:00Z,Nashville,Ottawa,NHL_WEB,FUT
NHLWEB-2026020077-20261005T112244Z,2026-10-05T04:22:44.818014-07:00,NHL,NHL,2026020077,2026-10-10T23:00:00Z,Dallas,Pittsburgh,NHL_WEB,FUT
NHLWEB-2026020078-20261005T112244Z,2026-10-05T04:22:44.818014-07:00,NHL,NHL,2026020078,2026-10-10T23:00:00Z,Carolina,Chicago,NHL_WEB,FUT
NHLWEB-2026020079-20261005T112244Z,2026-10-05T04:22:44.818014-07:00,NHL,NHL,2026020079,2026-10-10T23:00:00Z,Columbus,St. Louis,NHL_WEB,FUT
NHLWEB-2026020080-20261005T112244Z,2026-10-05T04:22:44.818014-07:00,NHL,NHL,2026020080,2026-10-10T23:00:00Z,Toronto,Colorado,NHL_WEB,FUT
NHLWEB-2026020081-20261005T112244Z,2026-10-05T04:22:44.818014-07:00,NHL,NHL,2026020081,2026-10-10T23:30:00Z,Tampa Bay,New York,NHL_WEB,FUT
NHLWEB-2026020082-20261005T112244Z,2026-10-05T04:22:44.818014-07:00,NHL,NHL,2026020082,2026-10-11T02:00:00Z,Anaheim,Calgary,NHL_WEB,FUT
NHLWEB-2026020083-20261005T112244Z,2026-10-05T04:22:44.818014-07:00,NHL,NHL,2026020083,2026-10-11T02:00:00Z,Los Angeles,Vegas,NHL_WEB,FUT
ESPN-WNBA-401918297-20261005T212021Z,2026-10-05T14:20:21.723163-07:00,WNBA,WNBA,401918297,2026-10-07T23:30Z,New York Liberty,Atlanta Dream,State Farm Arena,Atlanta,GA,True,ESPN_PUBLIC,STATUS_SCHEDULED
ESPN-WNBA-401918298-20261005T212021Z,2026-10-05T14:20:21.723163-07:00,WNBA,WNBA,401918298,2026-10-08T01:30Z,Las Vegas Aces,Golden State Valkyries,Chase Center,San Francisco,CA,True,ESPN_PUBLIC,STATUS_SCHEDULED
ESPN-WNBA-401918299-20261005T212021Z,2026-10-05T14:20:21.723163-07:00,WNBA,WNBA,401918299,2026-10-09T23:30Z,Atlanta Dream,New York Liberty,Barclays Center,Brooklyn,NY,True,ESPN_PUBLIC,STATUS_SCHEDULED
ESPN-WNBA-401918300-20261005T212021Z,2026-10-05T14:20:21.723163-07:00,WNBA,WNBA,401918300,2026-10-10T01:30Z,Golden State Valkyries,Las Vegas Aces,Michelob ULTRA Arena,Las Vegas,NV,True,ESPN_PUBLIC,STATUS_SCHEDULED
ESPN-WNBA-401918302-20261005T212021Z,2026-10-05T14:20:21.723163-07:00,WNBA,WNBA,401918302,2026-10-11T04:00Z,Golden State Valkyries,Las Vegas Aces,Michelob ULTRA Arena,Las Vegas,NV,True,ESPN_PUBLIC,STATUS_SCHEDULED
ESPN-WNBA-401918301-20261005T212021Z,2026-10-05T14:20:21.723163-07:00,WNBA,WNBA,401918301,2026-10-11T18:00Z,Atlanta Dream,New York Liberty,Barclays Center,Brooklyn,NY,True,ESPN_PUBLIC,STATUS_SCHEDULED
ESPN-NHL-401892482-20261005T212021Z,2026-10-05T14:20:21.723163-07:00,NHL,NHL,401892482,2026-10-11T21:00Z,Seattle Kraken,Washington Capitals,Capital One Arena,Washington,DC,True,ESPN_PUBLIC,STATUS_SCHEDULED
ESPN-NHL-401892483-20261005T212021Z,2026-10-05T14:20:21.723163-07:00,NHL,NHL,401892483,2026-10-11T22:00Z,Vancouver Canucks,New York Rangers,Madison Square Garden,New York,NY,True,ESPN_PUBLIC,STATUS_SCHEDULED
ESPN-NHL-401892484-20261005T212021Z,2026-10-05T14:20:21.723163-07:00,NHL,NHL,401892484,2026-10-11T23:00Z,Carolina Hurricanes,Philadelphia Flyers,Xfinity Mobile Arena,Philadelphia,PA,True,ESPN_PUBLIC,STATUS_SCHEDULED
ESPN-NHL-401892465-20261005T212021Z,2026-10-05T14:20:21.723163-07:00,NHL,NHL,401892465,2026-10-09T23:00Z,Seattle Kraken,Detroit Red Wings,Little Caesars Arena,Detroit,MI,True,ESPN_PUBLIC,STATUS_SCHEDULED
ESPN-NHL-401892466-20261005T212021Z,2026-10-05T14:20:21.723163-07:00,NHL,NHL,401892466,2026-10-09T23:00Z,New York Rangers,Washington Capitals,Capital One Arena,Washington,DC,True,ESPN_PUBLIC,STATUS_SCHEDULED
ESPN-NHL-401892467-20261005T212021Z,2026-10-05T14:20:21.723163-07:00,NHL,NHL,401892467,2026-10-09T23:00Z,Pittsburgh Penguins,Columbus Blue Jackets,Nationwide Arena,Columbus,OH,True,ESPN_PUBLIC,STATUS_SCHEDULED
ESPN-NHL-401892468-20261005T212021Z,2026-10-05T14:20:21.723163-07:00,NHL,NHL,401892468,2026-10-10T00:00Z,Anaheim Ducks,Winnipeg Jets,Canada Life Centre,Winnipeg,MB,True,ESPN_PUBLIC,STATUS_SCHEDULED
ESPN-NHL-401891820-20261005T212021Z,2026-10-05T14:20:21.723163-07:00,NHL,NHL,401891820,2026-10-08T23:00Z,Philadelphia Flyers,Ottawa Senators,Canadian Tire Centre,Ottawa,ON,True,ESPN_PUBLIC,STATUS_SCHEDULED
ESPN-NHL-401892457-20261005T212021Z,2026-10-05T14:20:21.723163-07:00,NHL,NHL,401892457,2026-10-08T23:00Z,Utah Mammoth,Boston Bruins,TD Garden,Boston,MA,True,ESPN_PUBLIC,STATUS_SCHEDULED
ESPN-NHL-401892458-20261005T212021Z,2026-10-05T14:20:21.723163-07:00,NHL,NHL,401892458,2026-10-08T23:00Z,Dallas Stars,Buffalo Sabres,KeyBank Center,Buffalo,NY,True,ESPN_PUBLIC,STATUS_SCHEDULED
ESPN-NHL-401892459-20261005T212021Z,2026-10-05T14:20:21.723163-07:00,NHL,NHL,401892459,2026-10-08T23:00Z,Nashville Predators,Montreal Canadiens,Bell Centre,Montreal,QC,True,ESPN_PUBLIC,STATUS_SCHEDULED
ESPN-NHL-401892460-20261005T212021Z,2026-10-05T14:20:21.723163-07:00,NHL,NHL,401892460,2026-10-08T23:00Z,Minnesota Wild,Tampa Bay Lightning,Benchmark International Arena,Tampa,FL,True,ESPN_PUBLIC,STATUS_SCHEDULED
ESPN-NHL-401892461-20261005T212021Z,2026-10-05T14:20:21.723163-07:00,NHL,NHL,401892461,2026-10-08T23:00Z,Vancouver Canucks,Carolina Hurricanes,Lenovo Center,Raleigh,NC,True,ESPN_PUBLIC,STATUS_SCHEDULED
ESPN-NHL-401892462-20261005T212021Z,2026-10-05T14:20:21.723163-07:00,NHL,NHL,401892462,2026-10-08T23:30Z,Chicago Blackhawks,New York Islanders,UBS Arena,Elmont,NY,True,ESPN_PUBLIC,STATUS_SCHEDULED
ESPN-NHL-401891825-20261005T212021Z,2026-10-05T14:20:21.723163-07:00,NHL,NHL,401891825,2026-10-09T00:00Z,San Jose Sharks,St. Louis Blues,Enterprise Center,St. Louis,MO,True,ESPN_PUBLIC,STATUS_SCHEDULED
ESPN-NHL-401892463-20261005T212021Z,2026-10-05T14:20:21.723163-07:00,NHL,NHL,401892463,2026-10-09T01:00Z,Colorado Avalanche,Calgary Flames,Scotiabank Saddledome,Calgary,AB,True,ESPN_PUBLIC,STATUS_SCHEDULED
ESPN-NHL-401892464-20261005T212021Z,2026-10-05T14:20:21.723163-07:00,NHL,NHL,401892464,2026-10-09T02:00Z,Toronto Maple Leafs,Vegas Golden Knights,T-Mobile Arena,Las Vegas,NV,True,ESPN_PUBLIC,STATUS_SCHEDULED
ESPN-NHL-401892445-20261005T212021Z,2026-10-05T14:20:21.723163-07:00,NHL,NHL,401892445,2026-10-05T23:00Z,Philadelphia Flyers,Tampa Bay Lightning,Benchmark International Arena,Tampa,FL,True,ESPN_PUBLIC,STATUS_SCHEDULED
ESPN-NHL-401892446-20261005T212021Z,2026-10-05T14:20:21.723163-07:00,NHL,NHL,401892446,2026-10-05T23:30Z,Ottawa Senators,Boston Bruins,TD Garden,Boston,MA,True,ESPN_PUBLIC,STATUS_SCHEDULED
ESPN-NHL-401892447-20261005T212021Z,2026-10-05T14:20:21.723163-07:00,NHL,NHL,401892447,2026-10-05T23:30Z,Winnipeg Jets,Pittsburgh Penguins,PPG Paints Arena,Pittsburgh,PA,True,ESPN_PUBLIC,STATUS_SCHEDULED
ESPN-NHL-401892448-20261005T212021Z,2026-10-05T14:20:21.723163-07:00,NHL,NHL,401892448,2026-10-06T00:00Z,San Jose Sharks,Dallas Stars,American Airlines Center,Dallas,TX,True,ESPN_PUBLIC,STATUS_SCHEDULED
ESPN-NHL-401891815-20261005T212021Z,2026-10-05T14:20:21.723163-07:00,NHL,NHL,401891815,2026-10-06T23:00Z,Carolina Hurricanes,Montreal Canadiens,Bell Centre,Montreal,QC,True,ESPN_PUBLIC,STATUS_SCHEDULED
ESPN-NHL-401892449-20261005T212021Z,2026-10-05T14:20:21.723163-07:00,NHL,NHL,401892449,2026-10-06T23:00Z,Nashville Predators,Toronto Maple Leafs,Scotiabank Arena,Toronto,ON,True,ESPN_PUBLIC,STATUS_SCHEDULED
ESPN-NHL-401892450-20261005T212021Z,2026-10-05T14:20:21.723163-07:00,NHL,NHL,401892450,2026-10-06T23:00Z,Ottawa Senators,Detroit Red Wings,Little Caesars Arena,Detroit,MI,True,ESPN_PUBLIC,STATUS_SCHEDULED
ESPN-NHL-401892451-20261005T212021Z,2026-10-05T14:20:21.723163-07:00,NHL,NHL,401892451,2026-10-06T23:00Z,Utah Mammoth,New Jersey Devils,Prudential Center,Newark,NJ,True,ESPN_PUBLIC,STATUS_SCHEDULED
ESPN-NHL-401892453-20261005T212021Z,2026-10-05T14:20:21.723163-07:00,NHL,NHL,401892453,2026-10-06T23:00Z,Minnesota Wild,Buffalo Sabres,KeyBank Center,Buffalo,NY,True,ESPN_PUBLIC,STATUS_SCHEDULED
ESPN-NHL-401892452-20261005T212021Z,2026-10-05T14:20:21.723163-07:00,NHL,NHL,401892452,2026-10-06T23:30Z,New York Islanders,New York Rangers,Madison Square Garden,New York,NY,True,ESPN_PUBLIC,STATUS_SCHEDULED
ESPN-NHL-401891779-20261005T212021Z,2026-10-05T14:20:21.723163-07:00,NHL,NHL,401891779,2026-10-07T00:00Z,St. Louis Blues,Chicago Blackhawks,United Center,Chicago,IL,True,ESPN_PUBLIC,STATUS_SCHEDULED
ESPN-NHL-401892454-20261005T212021Z,2026-10-05T14:20:21.723163-07:00,NHL,NHL,401892454,2026-10-07T01:00Z,Vegas Golden Knights,Seattle Kraken,Climate Pledge Arena,Seattle,WA,True,ESPN_PUBLIC,STATUS_SCHEDULED
ESPN-NHL-401891806-20261005T212021Z,2026-10-05T14:20:21.723163-07:00,NHL,NHL,401891806,2026-10-07T02:00Z,Florida Panthers,Los Angeles Kings,crypto.com Arena,Los Angeles,CA,True,ESPN_PUBLIC,STATUS_SCHEDULED
ESPN-NHL-401892485-20261005T212021Z,2026-10-05T14:20:21.723163-07:00,NHL,NHL,401892485,2026-10-12T17:00Z,Florida Panthers,Buffalo Sabres,KeyBank Center,Buffalo,NY,True,ESPN_PUBLIC,STATUS_SCHEDULED
ESPN-NHL-401892486-20261005T212021Z,2026-10-05T14:20:21.723163-07:00,NHL,NHL,401892486,2026-10-12T23:00Z,Ottawa Senators,New Jersey Devils,Prudential Center,Newark,NJ,True,ESPN_PUBLIC,STATUS_SCHEDULED
ESPN-NHL-401892487-20261005T212021Z,2026-10-05T14:20:21.723163-07:00,NHL,NHL,401892487,2026-10-13T00:00Z,Vegas Golden Knights,Minnesota Wild,Grand Casino Arena,Saint Paul,MN,True,ESPN_PUBLIC,STATUS_SCHEDULED
ESPN-NHL-401891830-20261005T212021Z,2026-10-05T14:20:21.723163-07:00,NHL,NHL,401891830,2026-10-07T23:30Z,Pittsburgh Penguins,Washington Capitals,Capital One Arena,Washington,DC,True,ESPN_PUBLIC,STATUS_SCHEDULED
ESPN-NHL-401892455-20261005T212021Z,2026-10-05T14:20:21.723163-07:00,NHL,NHL,401892455,2026-10-07T23:30Z,Colorado Avalanche,Winnipeg Jets,Canada Life Centre,Winnipeg,MB,True,ESPN_PUBLIC,STATUS_SCHEDULED
ESPN-NHL-401892456-20261005T212021Z,2026-10-05T14:20:21.723163-07:00,NHL,NHL,401892456,2026-10-08T02:00Z,Edmonton Oilers,Anaheim Ducks,Honda Center,Anaheim,CA,True,ESPN_PUBLIC,STATUS_SCHEDULED
ESPN-NHL-401892469-20261005T212021Z,2026-10-05T14:20:21.723163-07:00,NHL,NHL,401892469,2026-10-10T17:00Z,Philadelphia Flyers,Boston Bruins,TD Garden,Boston,MA,True,ESPN_PUBLIC,STATUS_SCHEDULED
ESPN-NHL-401892470-20261005T212021Z,2026-10-05T14:20:21.723163-07:00,NHL,NHL,401892470,2026-10-10T19:30Z,Vancouver Canucks,New Jersey Devils,Prudential Center,Newark,NJ,True,ESPN_PUBLIC,STATUS_SCHEDULED
ESPN-NHL-401892471-20261005T212021Z,2026-10-05T14:20:21.723163-07:00,NHL,NHL,401892471,2026-10-10T20:00Z,Edmonton Oilers,San Jose Sharks,SAP Center at San Jose,San Jose,CA,True,ESPN_PUBLIC,STATUS_SCHEDULED
ESPN-NHL-401891805-20261005T212021Z,2026-10-05T14:20:21.723163-07:00,NHL,NHL,401891805,2026-10-10T22:00Z,Minnesota Wild,Florida Panthers,Amerant Bank Arena,Sunrise,FL,True,ESPN_PUBLIC,STATUS_SCHEDULED
ESPN-NHL-401892472-20261005T212021Z,2026-10-05T14:20:21.723163-07:00,NHL,NHL,401892472,2026-10-10T23:00Z,Utah Mammoth,Buffalo Sabres,KeyBank Center,Buffalo,NY,True,ESPN_PUBLIC,STATUS_SCHEDULED
ESPN-NHL-401892473-20261005T212021Z,2026-10-05T14:20:21.723163-07:00,NHL,NHL,401892473,2026-10-10T23:00Z,Detroit Red Wings,Montreal Canadiens,Bell Centre,Montreal,QC,True,ESPN_PUBLIC,STATUS_SCHEDULED
ESPN-NHL-401892474-20261005T212021Z,2026-10-05T14:20:21.723163-07:00,NHL,NHL,401892474,2026-10-10T23:00Z,Nashville Predators,Ottawa Senators,Canadian Tire Centre,Ottawa,ON,True,ESPN_PUBLIC,STATUS_SCHEDULED
ESPN-NHL-401892475-20261005T212021Z,2026-10-05T14:20:21.723163-07:00,NHL,NHL,401892475,2026-10-10T23:00Z,Dallas Stars,Pittsburgh Penguins,PPG Paints Arena,Pittsburgh,PA,True,ESPN_PUBLIC,STATUS_SCHEDULED
ESPN-NHL-401892476-20261005T212021Z,2026-10-05T14:20:21.723163-07:00,NHL,NHL,401892476,2026-10-10T23:00Z,Carolina Hurricanes,Chicago Blackhawks,United Center,Chicago,IL,True,ESPN_PUBLIC,STATUS_SCHEDULED
ESPN-NHL-401892477-20261005T212021Z,2026-10-05T14:20:21.723163-07:00,NHL,NHL,401892477,2026-10-10T23:00Z,Columbus Blue Jackets,St. Louis Blues,Enterprise Center,St. Louis,MO,True,ESPN_PUBLIC,STATUS_SCHEDULED
ESPN-NHL-401892478-20261005T212021Z,2026-10-05T14:20:21.723163-07:00,NHL,NHL,401892478,2026-10-10T23:00Z,Toronto Maple Leafs,Colorado Avalanche,Ball Arena,Denver,CO,True,ESPN_PUBLIC,STATUS_SCHEDULED
ESPN-NHL-401892479-20261005T212021Z,2026-10-05T14:20:21.723163-07:00,NHL,NHL,401892479,2026-10-10T23:30Z,Tampa Bay Lightning,New York Islanders,UBS Arena,Elmont,NY,True,ESPN_PUBLIC,STATUS_SCHEDULED
ESPN-NHL-401892480-20261005T212021Z,2026-10-05T14:20:21.723163-07:00,NHL,NHL,401892480,2026-10-11T02:00Z,Anaheim Ducks,Calgary Flames,Scotiabank Saddledome,Calgary,AB,True,ESPN_PUBLIC,STATUS_SCHEDULED
ESPN-NHL-401892481-20261005T212021Z,2026-10-05T14:20:21.723163-07:00,NHL,NHL,401892481,2026-10-11T02:00Z,Los Angeles Kings,Vegas Golden Knights,T-Mobile Arena,Las Vegas,NV,True,ESPN_PUBLIC,STATUS_SCHEDULED
ESPN-NBA-401898395-20261005T212021Z,2026-10-05T14:20:21.723163-07:00,NBA,NBA,401898395,2026-10-09T12:00Z,Houston Rockets,Dallas Mavericks,Venetian Arena,,,True,ESPN_PUBLIC,STATUS_SCHEDULED
ESPN-NBA-401908940-20261005T212021Z,2026-10-05T14:20:21.723163-07:00,NBA,NBA,401908940,2026-10-10T00:00Z,Memphis Grizzlies,Chicago Bulls,United Center,Chicago,IL,True,ESPN_PUBLIC,STATUS_SCHEDULED
ESPN-NBA-401898388-20261005T212021Z,2026-10-05T14:20:21.723163-07:00,NBA,NBA,401898388,2026-10-05T23:00Z,Memphis Grizzlies,Atlanta Hawks,State Farm Arena,Atlanta,GA,True,ESPN_PUBLIC,STATUS_SCHEDULED
ESPN-NBA-401908947-20261005T212021Z,2026-10-05T14:20:21.723163-07:00,NBA,NBA,401908947,2026-10-05T23:00Z,Phoenix Suns,Detroit Pistons,Little Caesars Arena,Detroit,MI,True,ESPN_PUBLIC,STATUS_SCHEDULED
ESPN-NBA-401914101-20261005T212021Z,2026-10-05T14:20:21.723163-07:00,NBA,NBA,401914101,2026-10-05T23:00Z,New York Knicks,Philadelphia 76ers,Xfinity Mobile Arena,Philadelphia,PA,True,ESPN_PUBLIC,STATUS_SCHEDULED
ESPN-NBA-401914102-20261005T212021Z,2026-10-05T14:20:21.723163-07:00,NBA,NBA,401914102,2026-10-06T00:00Z,Minnesota Timberwolves,Milwaukee Bucks,Fiserv Forum,Milwaukee,WI,True,ESPN_PUBLIC,STATUS_SCHEDULED
ESPN-NBA-401898716-20261005T212021Z,2026-10-05T14:20:21.723163-07:00,NBA,NBA,401898716,2026-10-06T02:00Z,Los Angeles Lakers,Sacramento Kings,Golden 1 Center,Sacramento,CA,True,ESPN_PUBLIC,STATUS_SCHEDULED
ESPN-NBA-401898400-20261005T212021Z,2026-10-05T14:20:21.723163-07:00,NBA,NBA,401898400,2026-10-11T10:00Z,Dallas Mavericks,Houston Rockets,Venetian Arena,,,True,ESPN_PUBLIC,STATUS_SCHEDULED
ESPN-NBA-401898401-20261005T212021Z,2026-10-05T14:20:21.723163-07:00,NBA,NBA,401898401,2026-10-11T22:30Z,Orlando Magic,Cleveland Cavaliers,Rocket Arena,Cleveland,OH,True,ESPN_PUBLIC,STATUS_SCHEDULED
ESPN-NBA-401901821-20261005T212021Z,2026-10-05T14:20:21.723163-07:00,NBA,NBA,401901821,2026-10-11T23:00Z,Milwaukee Bucks,Charlotte Hornets,Spectrum Center,Charlotte,NC,True,ESPN_PUBLIC,STATUS_SCHEDULED
ESPN-NBA-401908941-20261005T212021Z,2026-10-05T14:20:21.723163-07:00,NBA,NBA,401908941,2026-10-12T01:00Z,Chicago Bulls,Denver Nuggets,Ball Arena,Denver,CO,True,ESPN_PUBLIC,STATUS_SCHEDULED
ESPN-NBA-401914130-20261005T212021Z,2026-10-05T14:20:21.723163-07:00,NBA,NBA,401914130,2026-10-12T20:00Z,London Lions,Portland Trail Blazers,Moda Center,Portland,OR,True,ESPN_PUBLIC,STATUS_SCHEDULED
ESPN-NBA-401898402-20261005T212021Z,2026-10-05T14:20:21.723163-07:00,NBA,NBA,401898402,2026-10-12T23:00Z,Oklahoma City Thunder,Atlanta Hawks,State Farm Arena,Atlanta,GA,True,ESPN_PUBLIC,STATUS_SCHEDULED
ESPN-NBA-401901824-20261005T212021Z,2026-10-05T14:20:21.723163-07:00,NBA,NBA,401901824,2026-10-12T23:00Z,Brooklyn Nets,Washington Wizards,Capital One Arena,Washington,DC,True,ESPN_PUBLIC,STATUS_SCHEDULED
ESPN-NBA-401914124-20261005T212021Z,2026-10-05T14:20:21.723163-07:00,NBA,NBA,401914124,2026-10-12T23:30Z,Minnesota Timberwolves,New York Knicks,Madison Square Garden,New York,NY,True,ESPN_PUBLIC,STATUS_SCHEDULED
ESPN-NBA-401898721-20261005T212021Z,2026-10-05T14:20:21.723163-07:00,NBA,NBA,401898721,2026-10-13T01:00Z,San Antonio Spurs,Utah Jazz,Delta Center,Salt Lake City,UT,True,ESPN_PUBLIC,STATUS_SCHEDULED
ESPN-NBA-401901820-20261005T212021Z,2026-10-05T14:20:21.723163-07:00,NBA,NBA,401901820,2026-10-06T23:00Z,Brooklyn Nets,Charlotte Hornets,Spectrum Center,Charlotte,NC,True,ESPN_PUBLIC,STATUS_SCHEDULED
ESPN-NBA-401898389-20261005T212021Z,2026-10-05T14:20:21.723163-07:00,NBA,NBA,401898389,2026-10-07T00:00Z,New Orleans Pelicans,Oklahoma City Thunder,BOK Center,Tulsa,OK,True,ESPN_PUBLIC,STATUS_SCHEDULED
ESPN-NBA-401914128-20261005T212021Z,2026-10-05T14:20:21.723163-07:00,NBA,NBA,401914128,2026-10-07T01:00Z,Denver Nuggets,Utah Jazz,Delta Center,Salt Lake City,UT,True,ESPN_PUBLIC,STATUS_SCHEDULED
ESPN-NBA-401898390-20261005T212021Z,2026-10-05T14:20:21.723163-07:00,NBA,NBA,401898390,2026-10-07T02:00Z,Los Angeles Lakers,Golden State Warriors,Chase Center,San Francisco,CA,True,ESPN_PUBLIC,STATUS_SCHEDULED
ESPN-NBA-401914123-20261005T212021Z,2026-10-05T14:20:21.723163-07:00,NBA,NBA,401914123,2026-10-07T23:00Z,Minnesota Timberwolves,Indiana Pacers,Hilton Coliseum,Ames,IA,True,ESPN_PUBLIC,STATUS_SCHEDULED
ESPN-NBA-401898391-20261005T212021Z,2026-10-05T14:20:21.723163-07:00,NBA,NBA,401898391,2026-10-08T00:00Z,Orlando Magic,Memphis Grizzlies,FedExForum,Memphis,TN,True,ESPN_PUBLIC,STATUS_SCHEDULED
ESPN-NBA-401908620-20261005T212021Z,2026-10-05T14:20:21.723163-07:00,NBA,NBA,401908620,2026-10-08T00:00Z,Milwaukee Bucks,Oklahoma City Thunder,Paycom Center,Oklahoma City,OK,True,ESPN_PUBLIC,STATUS_SCHEDULED
ESPN-NBA-401908939-20261005T212021Z,2026-10-05T14:20:21.723163-07:00,NBA,NBA,401908939,2026-10-08T00:00Z,Phoenix Suns,Chicago Bulls,United Center,Chicago,IL,True,ESPN_PUBLIC,STATUS_SCHEDULED
ESPN-NBA-401914129-20261005T212021Z,2026-10-05T14:20:21.723163-07:00,NBA,NBA,401914129,2026-10-08T02:00Z,Golden State Warriors,Portland Trail Blazers,Moda Center,Portland,OR,True,ESPN_PUBLIC,STATUS_SCHEDULED
ESPN-NBA-401898392-20261005T212021Z,2026-10-05T14:20:21.723163-07:00,NBA,NBA,401898392,2026-10-08T23:00Z,Boston Celtics,Cleveland Cavaliers,Rocket Arena,Cleveland,OH,True,ESPN_PUBLIC,STATUS_SCHEDULED
ESPN-NBA-401898393-20261005T212021Z,2026-10-05T14:20:21.723163-07:00,NBA,NBA,401898393,2026-10-08T23:30Z,New Orleans Pelicans,Miami Heat,Kaseya Center,Miami,FL,True,ESPN_PUBLIC,STATUS_SCHEDULED
ESPN-NBA-401901823-20261005T212021Z,2026-10-05T14:20:21.723163-07:00,NBA,NBA,401901823,2026-10-08T23:30Z,Philadelphia 76ers,Brooklyn Nets,Barclays Center,Brooklyn,NY,True,ESPN_PUBLIC,STATUS_SCHEDULED
ESPN-NBA-401906508-20261005T212021Z,2026-10-05T14:20:21.723163-07:00,NBA,NBA,401906508,2026-10-08T23:30Z,Washington Wizards,New York Knicks,Madison Square Garden,New York,NY,True,ESPN_PUBLIC,STATUS_SCHEDULED
ESPN-NBA-401898394-20261005T212021Z,2026-10-05T14:20:21.723163-07:00,NBA,NBA,401898394,2026-10-09T00:00Z,Atlanta Hawks,San Antonio Spurs,Frost Bank Center,San Antonio,TX,True,ESPN_PUBLIC,STATUS_SCHEDULED
ESPN-NBA-401898717-20261005T212021Z,2026-10-05T14:20:21.723163-07:00,NBA,NBA,401898717,2026-10-09T02:30Z,Sacramento Kings,Los Angeles Lakers,crypto.com Arena,Los Angeles,CA,True,ESPN_PUBLIC,STATUS_SCHEDULED
ESPN-NBA-401902645-20261005T212021Z,2026-10-05T14:20:21.723163-07:00,NBA,NBA,401902645,2026-10-10T22:30Z,LA Clippers,Toronto Raptors,Rogers Arena,Vancouver,BC,True,ESPN_PUBLIC,STATUS_SCHEDULED
ESPN-NBA-401898396-20261005T212021Z,2026-10-05T14:20:21.723163-07:00,NBA,NBA,401898396,2026-10-10T23:00Z,Atlanta Hawks,Indiana Pacers,Gainbridge Fieldhouse,Indianapolis,IN,True,ESPN_PUBLIC,STATUS_SCHEDULED
ESPN-NBA-401906510-20261005T212021Z,2026-10-05T14:20:21.723163-07:00,NBA,NBA,401906510,2026-10-10T23:00Z,Detroit Pistons,Washington Wizards,Capital One Arena,Washington,DC,True,ESPN_PUBLIC,STATUS_SCHEDULED
ESPN-NBA-401898397-20261005T212021Z,2026-10-05T14:20:21.723163-07:00,NBA,NBA,401898397,2026-10-11T00:00Z,Minnesota Timberwolves,Miami Heat,Kaseya Center,Miami,FL,True,ESPN_PUBLIC,STATUS_SCHEDULED
ESPN-NBA-401898398-20261005T212021Z,2026-10-05T14:20:21.723163-07:00,NBA,NBA,401898398,2026-10-11T00:00Z,Philadelphia 76ers,Boston Celtics,TD Garden,Boston,MA,True,ESPN_PUBLIC,STATUS_SCHEDULED
ESPN-NBA-401898399-20261005T212021Z,2026-10-05T14:20:21.723163-07:00,NBA,NBA,401898399,2026-10-11T00:30Z,Sacramento Kings,Golden State Warriors,Chase Center,San Francisco,CA,True,ESPN_PUBLIC,STATUS_SCHEDULED
ESPN-NBA-401898720-20261005T212021Z,2026-10-05T14:20:21.723163-07:00,NBA,NBA,401898720,2026-10-11T02:30Z,San Antonio Spurs,Phoenix Suns,Mortgage Matchup Center,Phoenix,AZ,True,ESPN_PUBLIC,STATUS_SCHEDULED
ESPN-NFL-401872980-20261005T212021Z,2026-10-05T14:20:21.723163-07:00,NFL,NFL,401872980,2026-10-09T00:15Z,Tampa Bay Buccaneers,Dallas Cowboys,AT&T Stadium,Arlington,TX,True,ESPN_PUBLIC,STATUS_SCHEDULED
ESPN-NFL-401872981-20261005T212021Z,2026-10-05T14:20:21.723163-07:00,NFL,NFL,401872981,2026-10-11T13:30Z,Philadelphia Eagles,Jacksonville Jaguars,Tottenham Hotspur Stadium,London,,False,ESPN_PUBLIC,STATUS_SCHEDULED
ESPN-NFL-401872990-20261005T212021Z,2026-10-05T14:20:21.723163-07:00,NFL,NFL,401872990,2026-10-11T17:00Z,Chicago Bears,Green Bay Packers,Lambeau Field,Green Bay,WI,False,ESPN_PUBLIC,STATUS_SCHEDULED
ESPN-NFL-401872984-20261005T212021Z,2026-10-05T14:20:21.723163-07:00,NFL,NFL,401872984,2026-10-11T17:00Z,Houston Texans,Tennessee Titans,Nissan Stadium,Nashville,TN,False,ESPN_PUBLIC,STATUS_SCHEDULED
ESPN-NFL-401872982-20261005T212021Z,2026-10-05T14:20:21.723163-07:00,NFL,NFL,401872982,2026-10-11T17:00Z,Cincinnati Bengals,Miami Dolphins,Hard Rock Stadium,Miami Gardens,FL,False,ESPN_PUBLIC,STATUS_SCHEDULED
ESPN-NFL-401872986-20261005T212021Z,2026-10-05T14:20:21.723163-07:00,NFL,NFL,401872986,2026-10-11T17:00Z,Las Vegas Raiders,New England Patriots,Gillette Stadium,Foxborough,MA,False,ESPN_PUBLIC,STATUS_SCHEDULED
ESPN-NFL-401872987-20261005T212021Z,2026-10-05T14:20:21.723163-07:00,NFL,NFL,401872987,2026-10-11T17:00Z,Minnesota Vikings,New Orleans Saints,Caesars Superdome,New Orleans,LA,True,ESPN_PUBLIC,STATUS_SCHEDULED
ESPN-NFL-401872983-20261005T212021Z,2026-10-05T14:20:21.723163-07:00,NFL,NFL,401872983,2026-10-11T17:00Z,Cleveland Browns,New York Jets,MetLife Stadium,East Rutherford,NJ,False,ESPN_PUBLIC,STATUS_SCHEDULED
ESPN-NFL-401872985-20261005T212021Z,2026-10-05T14:20:21.723163-07:00,NFL,NFL,401872985,2026-10-11T17:00Z,Indianapolis Colts,Pittsburgh Steelers,Acrisure Stadium,Pittsburgh,PA,False,ESPN_PUBLIC,STATUS_SCHEDULED
ESPN-NFL-401872988-20261005T212021Z,2026-10-05T14:20:21.723163-07:00,NFL,NFL,401872988,2026-10-11T17:00Z,New York Giants,Washington Commanders,Northwest Stadium,Landover,MD,False,ESPN_PUBLIC,STATUS_SCHEDULED
ESPN-NFL-401872989-20261005T212021Z,2026-10-05T14:20:21.723163-07:00,NFL,NFL,401872989,2026-10-11T20:05Z,Denver Broncos,Los Angeles Chargers,SoFi Stadium,Inglewood,CA,False,ESPN_PUBLIC,STATUS_SCHEDULED
ESPN-NFL-401872991-20261005T212021Z,2026-10-05T14:20:21.723163-07:00,NFL,NFL,401872991,2026-10-11T20:25Z,Detroit Lions,Arizona Cardinals,State Farm Stadium,Glendale,AZ,True,ESPN_PUBLIC,STATUS_SCHEDULED
ESPN-NFL-401872992-20261005T212021Z,2026-10-05T14:20:21.723163-07:00,NFL,NFL,401872992,2026-10-11T20:25Z,San Francisco 49ers,Seattle Seahawks,Lumen Field,Seattle,WA,False,ESPN_PUBLIC,STATUS_SCHEDULED
ESPN-NFL-401872993-20261005T212021Z,2026-10-05T14:20:21.723163-07:00,NFL,NFL,401872993,2026-10-12T00:20Z,Baltimore Ravens,Atlanta Falcons,Mercedes-Benz Stadium,Atlanta,GA,True,ESPN_PUBLIC,STATUS_SCHEDULED
ESPN-NFL-401872994-20261005T212021Z,2026-10-05T14:20:21.723163-07:00,NFL,NFL,401872994,2026-10-13T00:15Z,Buffalo Bills,Los Angeles Rams,SoFi Stadium,Inglewood,CA,False,ESPN_PUBLIC,STATUS_SCHEDULED
ESPN-NFL-401872979-20261005T212021Z,2026-10-05T14:20:21.723163-07:00,NFL,NFL,401872979,2026-10-06T00:15Z,Atlanta Falcons,New Orleans Saints,Caesars Superdome,New Orleans,LA,True,ESPN_PUBLIC,STATUS_SCHEDULED
ESPN-MLB-401908015-20261005T212021Z,2026-10-05T14:20:21.723163-07:00,MLB,MLB,401908015,2026-10-06T22:00Z,Los Angeles Dodgers,Atlanta Braves,Truist Park,Atlanta,Georgia,False,ESPN_PUBLIC,STATUS_SCHEDULED
ESPN-MLB-401908004-20261005T212021Z,2026-10-05T14:20:21.723163-07:00,MLB,MLB,401908004,2026-10-07T01:30Z,Milwaukee Brewers,San Diego Padres,Petco Park,San Diego,California,False,ESPN_PUBLIC,STATUS_SCHEDULED
ESPN-MLB-401908030-20261005T212021Z,2026-10-05T14:20:21.723163-07:00,MLB,MLB,401908030,2026-10-11T04:00Z,TBD,TBD,,,,,ESPN_PUBLIC,STATUS_SCHEDULED
ESPN-MLB-401907992-20261005T212021Z,2026-10-05T14:20:21.723163-07:00,MLB,MLB,401907992,2026-10-07T20:00Z,Cleveland Guardians,Chicago White Sox,Rate Field,Chicago,Illinois,False,ESPN_PUBLIC,STATUS_SCHEDULED
ESPN-MLB-401908016-20261005T212021Z,2026-10-05T14:20:21.723163-07:00,MLB,MLB,401908016,2026-10-07T22:00Z,Los Angeles Dodgers,Atlanta Braves,Truist Park,Atlanta,Georgia,False,ESPN_PUBLIC,STATUS_SCHEDULED
ESPN-MLB-401907987-20261005T212021Z,2026-10-05T14:20:21.723163-07:00,MLB,MLB,401907987,2026-10-08T00:00Z,Tampa Bay Rays,New York Yankees,Yankee Stadium,Bronx,New York,False,ESPN_PUBLIC,STATUS_SCHEDULED
ESPN-MLB-401908005-20261005T212021Z,2026-10-05T14:20:21.723163-07:00,MLB,MLB,401908005,2026-10-08T02:00Z,Milwaukee Brewers,San Diego Padres,Petco Park,San Diego,California,False,ESPN_PUBLIC,STATUS_SCHEDULED
ESPN-MLB-401907991-20261005T212021Z,2026-10-05T14:20:21.723163-07:00,MLB,MLB,401907991,2026-10-05T21:00Z,Chicago White Sox,Cleveland Guardians,Progressive Field,Cleveland,Ohio,False,ESPN_PUBLIC,STATUS_IN_PROGRESS
ESPN-MLB-401907986-20261005T212021Z,2026-10-05T14:20:21.723163-07:00,MLB,MLB,401907986,2026-10-06T00:00Z,New York Yankees,Tampa Bay Rays,Tropicana Field,St. Petersburg,Florida,True,ESPN_PUBLIC,STATUS_SCHEDULED
ESPN-MLB-401907994-20261005T212021Z,2026-10-05T14:20:21.723163-07:00,MLB,MLB,401907994,2026-10-10T21:00Z,Chicago White Sox,Cleveland Guardians,Progressive Field,Cleveland,Ohio,False,ESPN_PUBLIC,STATUS_SCHEDULED
ESPN-MLB-401907989-20261005T212021Z,2026-10-05T14:20:21.723163-07:00,MLB,MLB,401907989,2026-10-11T00:00Z,New York Yankees,Tampa Bay Rays,Tropicana Field,St. Petersburg,Florida,True,ESPN_PUBLIC,STATUS_SCHEDULED
ESPN-MLB-401908023-20261005T212021Z,2026-10-05T14:20:21.723163-07:00,MLB,MLB,401908023,2026-10-12T04:00Z,TBD,TBD,,,,,ESPN_PUBLIC,STATUS_SCHEDULED
ESPN-MLB-401908031-20261005T212021Z,2026-10-05T14:20:21.723163-07:00,MLB,MLB,401908031,2026-10-12T04:00Z,TBD,TBD,,,,,ESPN_PUBLIC,STATUS_SCHEDULED
ESPN-MLB-401907993-20261005T212021Z,2026-10-05T14:20:21.723163-07:00,MLB,MLB,401907993,2026-10-08T21:00Z,Cleveland Guardians,Chicago White Sox,Rate Field,Chicago,Illinois,False,ESPN_PUBLIC,STATUS_SCHEDULED
ESPN-MLB-401907988-20261005T212021Z,2026-10-05T14:20:21.723163-07:00,MLB,MLB,401907988,2026-10-09T00:00Z,Tampa Bay Rays,New York Yankees,Yankee Stadium,Bronx,New York,False,ESPN_PUBLIC,STATUS_SCHEDULED
ESPN-MLB-401908006-20261005T212021Z,2026-10-05T14:20:21.723163-07:00,MLB,MLB,401908006,2026-10-09T20:30Z,San Diego Padres,Milwaukee Brewers,American Family Field,Milwaukee,Wisconsin,True,ESPN_PUBLIC,STATUS_SCHEDULED
ESPN-MLB-401908017-20261005T212021Z,2026-10-05T14:20:21.723163-07:00,MLB,MLB,401908017,2026-10-10T00:00Z,Atlanta Braves,Los Angeles Dodgers,Dodger Stadium,Los Angeles,California,False,ESPN_PUBLIC,STATUS_SCHEDULED
ESPN-NCAA_Football-401858254-20261005T212021Z,2026-10-05T14:20:21.723163-07:00,NCAA_Football,NCAA_Football,401858254,2026-10-09T23:00Z,Florida State Seminoles,Louisville Cardinals,L&N Federal Credit Union Stadium,Louisville,KY,False,ESPN_PUBLIC,STATUS_SCHEDULED
ESPN-NCAA_Football-401858487-20261005T212021Z,2026-10-05T14:20:21.723163-07:00,NCAA_Football,NCAA_Football,401858487,2026-10-10T01:00Z,Iowa Hawkeyes,Washington Huskies,Husky Stadium,Seattle,WA,False,ESPN_PUBLIC,STATUS_SCHEDULED
ESPN-NCAA_Football-401860922-20261005T212021Z,2026-10-05T14:20:21.723163-07:00,NCAA_Football,NCAA_Football,401860922,2026-10-10T01:00Z,Washington State Cougars,Utah State Aggies,Maverik Stadium,Logan,UT,False,ESPN_PUBLIC,STATUS_SCHEDULED
ESPN-NCAA_Football-401864519-20261005T212021Z,2026-10-05T14:20:21.723163-07:00,NCAA_Football,NCAA_Football,401864519,2026-10-10T01:00Z,Wyoming Cowboys,San José State Spartans,CEFCU Stadium,San Jose,CA,False,ESPN_PUBLIC,STATUS_SCHEDULED
ESPN-NCAA_Football-401856826-20261005T212021Z,2026-10-05T14:20:21.723163-07:00,NCAA_Football,NCAA_Football,401856826,2026-10-10T02:15Z,Iowa State Cyclones,BYU Cougars,LaVell Edwards Stadium,Provo,UT,False,ESPN_PUBLIC,STATUS_SCHEDULED
ESPN-NCAA_Football-401858481-20261005T212021Z,2026-10-05T14:20:21.723163-07:00,NCAA_Football,NCAA_Football,401858481,2026-10-10T16:00Z,Indiana Hoosiers,Nebraska Cornhuskers,"Memorial Stadium (Lincoln, NE)",Lincoln,NE,False,ESPN_PUBLIC,STATUS_SCHEDULED
ESPN-NCAA_Football-401856716-20261005T212021Z,2026-10-05T14:20:21.723163-07:00,NCAA_Football,NCAA_Football,401856716,2026-10-10T16:00Z,Texas A&M Aggies,Missouri Tigers,Memorial Stadium,Columbia,MO,False,ESPN_PUBLIC,STATUS_SCHEDULED
ESPN-NCAA_Football-401856824-20261005T212021Z,2026-10-05T14:20:21.723163-07:00,NCAA_Football,NCAA_Football,401856824,2026-10-10T16:00Z,UCF Knights,Oklahoma State Cowboys,Boone Pickens Stadium,Stillwater,OK,False,ESPN_PUBLIC,STATUS_SCHEDULED
ESPN-NCAA_Football-401858256-20261005T212021Z,2026-10-05T14:20:21.723163-07:00,NCAA_Football,NCAA_Football,401858256,2026-10-10T16:00Z,North Carolina Tar Heels,Pittsburgh Panthers,Acrisure Stadium,Pittsburgh,PA,False,ESPN_PUBLIC,STATUS_SCHEDULED
ESPN-NCAA_Football-401856823-20261005T212021Z,2026-10-05T14:20:21.723163-07:00,NCAA_Football,NCAA_Football,401856823,2026-10-10T16:00Z,Arizona Wildcats,West Virginia Mountaineers,Milan Puskar Stadium,Morgantown,WV,False,ESPN_PUBLIC,STATUS_SCHEDULED
ESPN-NCAA_Football-401858260-20261005T212021Z,2026-10-05T14:20:21.723163-07:00,NCAA_Football,NCAA_Football,401858260,2026-10-10T16:00Z,Wake Forest Demon Deacons,NC State Wolfpack,Carter-Finley Stadium,Raleigh,NC,False,ESPN_PUBLIC,STATUS_SCHEDULED
ESPN-NCAA_Football-401862795-20261005T212021Z,2026-10-05T14:20:21.723163-07:00,NCAA_Football,NCAA_Football,401862795,2026-10-10T16:00Z,Tulane Green Wave,Army Black Knights,Michie Stadium,West Point,NY,False,ESPN_PUBLIC,STATUS_SCHEDULED
ESPN-NCAA_Football-401866436-20261005T212021Z,2026-10-05T14:20:21.723163-07:00,NCAA_Football,NCAA_Football,401866436,2026-10-10T16:00Z,Sacramento State Hornets,Bowling Green Falcons,Doyt L. Perry Stadium,Bowling Green,OH,False,ESPN_PUBLIC,STATUS_SCHEDULED
ESPN-NCAA_Football-401858482-20261005T212021Z,2026-10-05T14:20:21.723163-07:00,NCAA_Football,NCAA_Football,401858482,2026-10-10T16:30Z,Ball State Cardinals,Northwestern Wildcats,Ryan Field,Evanston,IL,False,ESPN_PUBLIC,STATUS_SCHEDULED
ESPN-NCAA_Football-401856714-20261005T212021Z,2026-10-05T14:20:21.723163-07:00,NCAA_Football,NCAA_Football,401856714,2026-10-10T16:45Z,South Carolina Gamecocks,Florida Gators,Ben Hill Griffin Stadium,Gainesville,FL,False,ESPN_PUBLIC,STATUS_SCHEDULED
ESPN-NCAA_Football-401869843-20261005T212021Z,2026-10-05T14:20:21.723163-07:00,NCAA_Football,NCAA_Football,401869843,2026-10-10T17:00Z,Old Dominion Monarchs,App State Mountaineers,Kidd Brewer Stadium,Boone,NC,False,ESPN_PUBLIC,STATUS_SCHEDULED
ESPN-NCAA_Football-401866440-20261005T212021Z,2026-10-05T14:20:21.723163-07:00,NCAA_Football,NCAA_Football,401866440,2026-10-10T18:00Z,Miami (OH) RedHawks,Massachusetts Minutemen,Warren McGuirk Alumni Stadium,Amherst,MA,False,ESPN_PUBLIC,STATUS_SCHEDULED
ESPN-NCAA_Football-401856717-20261005T212021Z,2026-10-05T14:20:21.723163-07:00,NCAA_Football,NCAA_Football,401856717,2026-10-10T19:30Z,Texas Longhorns,Oklahoma Sooners,Cotton Bowl,Dallas,TX,False,ESPN_PUBLIC,STATUS_SCHEDULED
ESPN-NCAA_Football-401858257-20261005T212021Z,2026-10-05T14:20:21.723163-07:00,NCAA_Football,NCAA_Football,401858257,2026-10-10T19:30Z,Stanford Cardinal,Notre Dame Fighting Irish,Notre Dame Stadium,Notre Dame,IN,False,ESPN_PUBLIC,STATUS_SCHEDULED
ESPN-NCAA_Football-401856718-20261005T212021Z,2026-10-05T14:20:21.723163-07:00,NCAA_Football,NCAA_Football,401856718,2026-10-10T19:30Z,Ole Miss Rebels,Vanderbilt Commodores,FirstBank Stadium,Nashville,TN,False,ESPN_PUBLIC,STATUS_SCHEDULED
ESPN-NCAA_Football-401858484-20261005T212021Z,2026-10-05T14:20:21.723163-07:00,NCAA_Football,NCAA_Football,401858484,2026-10-10T19:30Z,UCLA Bruins,Oregon Ducks,Autzen Stadium,Eugene,OR,False,ESPN_PUBLIC,STATUS_SCHEDULED
ESPN-NCAA_Football-401856825-20261005T212021Z,2026-10-05T14:20:21.723163-07:00,NCAA_Football,NCAA_Football,401856825,2026-10-10T19:30Z,Houston Cougars,Kansas State Wildcats,Bill Snyder Family Stadium,Manhattan,KS,False,ESPN_PUBLIC,STATUS_SCHEDULED
ESPN-NCAA_Football-401858255-20261005T212021Z,2026-10-05T14:20:21.723163-07:00,NCAA_Football,NCAA_Football,401858255,2026-10-10T19:30Z,Duke Blue Devils,Georgia Tech Yellow Jackets,Bobby Dodd Stadium,Atlanta,GA,False,ESPN_PUBLIC,STATUS_SCHEDULED
ESPN-NCAA_Football-401858259-20261005T212021Z,2026-10-05T14:20:21.723163-07:00,NCAA_Football,NCAA_Football,401858259,2026-10-10T19:30Z,Virginia Tech Hokies,California Golden Bears,California Memorial Stadium,Berkeley,CA,False,ESPN_PUBLIC,STATUS_SCHEDULED
ESPN-NCAA_Football-401858480-20261005T212021Z,2026-10-05T14:20:21.723163-07:00,NCAA_Football,NCAA_Football,401858480,2026-10-10T19:30Z,Illinois Fighting Illini,Michigan State Spartans,Spartan Stadium,East Lansing,MI,False,ESPN_PUBLIC,STATUS_SCHEDULED
ESPN-NCAA_Football-401862796-20261005T212021Z,2026-10-05T14:20:21.723163-07:00,NCAA_Football,NCAA_Football,401862796,2026-10-10T19:30Z,Charlotte 49ers,North Texas Mean Green,DATCU Stadium,Denton,TX,False,ESPN_PUBLIC,STATUS_SCHEDULED
ESPN-NCAA_Football-401862799-20261005T212021Z,2026-10-05T14:20:21.723163-07:00,NCAA_Football,NCAA_Football,401862799,2026-10-10T19:30Z,Tulsa Golden Hurricane,Navy Midshipmen,Navy-Marine Corps Memorial Stadium,Annapolis,MD,False,ESPN_PUBLIC,STATUS_SCHEDULED
ESPN-NCAA_Football-401866435-20261005T212021Z,2026-10-05T14:20:21.723163-07:00,NCAA_Football,NCAA_Football,401866435,2026-10-10T19:30Z,Eastern Michigan Eagles,Akron Zips,InfoCision Stadium,Akron,OH,False,ESPN_PUBLIC,STATUS_SCHEDULED
ESPN-NCAA_Football-401866437-20261005T212021Z,2026-10-05T14:20:21.723163-07:00,NCAA_Football,NCAA_Football,401866437,2026-10-10T19:30Z,Buffalo Bulls,Toledo Rockets,Glass Bowl,Toledo,OH,False,ESPN_PUBLIC,STATUS_SCHEDULED
ESPN-NCAA_Football-401866438-20261005T212021Z,2026-10-05T14:20:21.723163-07:00,NCAA_Football,NCAA_Football,401866438,2026-10-10T19:30Z,Central Michigan Chippewas,Ohio Bobcats,Peden Stadium,Athens,OH,False,ESPN_PUBLIC,STATUS_SCHEDULED
ESPN-NCAA_Football-401866439-20261005T212021Z,2026-10-05T14:20:21.723163-07:00,NCAA_Football,NCAA_Football,401866439,2026-10-10T19:30Z,Kent State Golden Flashes,Western Michigan Broncos,Waldo Stadium,Kalamazoo,MI,False,ESPN_PUBLIC,STATUS_SCHEDULED
ESPN-NCAA_Football-401861964-20261005T212021Z,2026-10-05T14:20:21.723163-07:00,NCAA_Football,NCAA_Football,401861964,2026-10-10T19:45Z,UConn Huskies,Temple Owls,Lincoln Financial Field,Philadelphia,PA,False,ESPN_PUBLIC,STATUS_SCHEDULED
ESPN-NCAA_Football-401862797-20261005T212021Z,2026-10-05T14:20:21.723163-07:00,NCAA_Football,NCAA_Football,401862797,2026-10-10T20:00Z,Rice Owls,East Carolina Pirates,Dowdy-Ficklen Stadium,Greenville,NC,False,ESPN_PUBLIC,STATUS_SCHEDULED
ESPN-NCAA_Football-401858483-20261005T212021Z,2026-10-05T14:20:21.723163-07:00,NCAA_Football,NCAA_Football,401858483,2026-10-10T20:15Z,Maryland Terrapins,Ohio State Buckeyes,Ohio Stadium,Columbus,OH,False,ESPN_PUBLIC,STATUS_SCHEDULED
ESPN-NCAA_Football-401856713-20261005T212021Z,2026-10-05T14:20:21.723163-07:00,NCAA_Football,NCAA_Football,401856713,2026-10-10T20:15Z,Tennessee Volunteers,Arkansas Razorbacks,Donald W. Reynolds Razorback Stadium,Fayetteville,AR,False,ESPN_PUBLIC,STATUS_SCHEDULED
ESPN-NCAA_Football-401860902-20261005T212021Z,2026-10-05T14:20:21.723163-07:00,NCAA_Football,NCAA_Football,401860902,2026-10-10T22:00Z,San Diego State Aztecs,Oregon State Beavers,Reser Stadium,Corvallis,OR,False,ESPN_PUBLIC,STATUS_SCHEDULED
ESPN-NCAA_Football-401856715-20261005T212021Z,2026-10-05T14:20:21.723163-07:00,NCAA_Football,NCAA_Football,401856715,2026-10-10T23:00Z,LSU Tigers,Kentucky Wildcats,Kroger Field,Lexington,KY,False,ESPN_PUBLIC,STATUS_SCHEDULED
ESPN-NCAA_Football-401862798-20261005T212021Z,2026-10-05T14:20:21.723163-07:00,NCAA_Football,NCAA_Football,401862798,2026-10-10T23:00Z,UAB Blazers,Memphis Tigers,Simmons Bank Liberty Stadium,Memphis,TN,False,ESPN_PUBLIC,STATUS_SCHEDULED
ESPN-NCAA_Football-401864517-20261005T212021Z,2026-10-05T14:20:21.723163-07:00,NCAA_Football,NCAA_Football,401864517,2026-10-10T23:00Z,Nevada Wolf Pack,UTEP Miners,Sun Bowl,El Paso,TX,False,ESPN_PUBLIC,STATUS_SCHEDULED
ESPN-NCAA_Football-401864518-20261005T212021Z,2026-10-05T14:20:21.723163-07:00,NCAA_Football,NCAA_Football,401864518,2026-10-10T23:00Z,North Dakota State Bison,UNLV Rebels,Allegiant Stadium,Las Vegas,NV,True,ESPN_PUBLIC,STATUS_SCHEDULED
ESPN-NCAA_Football-401869943-20261005T212021Z,2026-10-05T14:20:21.723163-07:00,NCAA_Football,NCAA_Football,401869943,2026-10-10T23:00Z,Coastal Carolina Chanticleers,Marshall Thundering Herd,Joan C. Edwards Stadium,Huntington,WV,False,ESPN_PUBLIC,STATUS_SCHEDULED
ESPN-NCAA_Football-401856712-20261005T212021Z,2026-10-05T14:20:21.723163-07:00,NCAA_Football,NCAA_Football,401856712,2026-10-10T23:30Z,Georgia Bulldogs,Alabama Crimson Tide,Bryant-Denny Stadium,Tuscaloosa,AL,False,ESPN_PUBLIC,STATUS_SCHEDULED
ESPN-NCAA_Football-401858485-20261005T212021Z,2026-10-05T14:20:21.723163-07:00,NCAA_Football,NCAA_Football,401858485,2026-10-10T23:30Z,USC Trojans,Penn State Nittany Lions,Beaver Stadium,University Park,PA,False,ESPN_PUBLIC,STATUS_SCHEDULED
ESPN-NCAA_Football-401858258-20261005T212021Z,2026-10-05T14:20:21.723163-07:00,NCAA_Football,NCAA_Football,401858258,2026-10-10T23:30Z,Syracuse Orange,Virginia Cavaliers,Scott Stadium,Charlottesville,VA,False,ESPN_PUBLIC,STATUS_SCHEDULED
ESPN-NCAA_Football-401864516-20261005T212021Z,2026-10-05T14:20:21.723163-07:00,NCAA_Football,NCAA_Football,401864516,2026-10-10T23:30Z,Air Force Falcons,Northern Illinois Huskies,Huskie Stadium,Dekalb,IL,False,ESPN_PUBLIC,STATUS_SCHEDULED
ESPN-NCAA_Football-401869949-20261005T212021Z,2026-10-05T14:20:21.723163-07:00,NCAA_Football,NCAA_Football,401869949,2026-10-10T23:30Z,James Madison Dukes,Georgia Southern Eagles,Allen E. Paulson Stadium,Statesboro,GA,False,ESPN_PUBLIC,STATUS_SCHEDULED
ESPN-NCAA_Football-401869965-20261005T212021Z,2026-10-05T14:20:21.723163-07:00,NCAA_Football,NCAA_Football,401869965,2026-10-10T23:30Z,Louisiana Ragin' Cajuns,Louisiana Tech Bulldogs,Joe Aillet Stadium,Ruston,LA,False,ESPN_PUBLIC,STATUS_SCHEDULED
ESPN-NCAA_Football-401858486-20261005T212021Z,2026-10-05T14:20:21.723163-07:00,NCAA_Football,NCAA_Football,401858486,2026-10-11T00:00Z,Minnesota Golden Gophers,Purdue Boilermakers,Ross-Ade Stadium,West Lafayette,IN,False,ESPN_PUBLIC,STATUS_SCHEDULED
ESPN-NCAA_Football-401856808-20261005T212021Z,2026-10-05T14:20:21.723163-07:00,NCAA_Football,NCAA_Football,401856808,2026-10-11T01:30Z,Hawai'i Rainbow Warriors,Arizona State Sun Devils,Mountain America Stadium,Tempe,AZ,False,ESPN_PUBLIC,STATUS_SCHEDULED
ESPN-NCAA_Football-401856827-20261005T212021Z,2026-10-05T14:20:21.723163-07:00,NCAA_Football,NCAA_Football,401856827,2026-10-11T02:15Z,Kansas Jayhawks,Utah Utes,Rice-Eccles Stadium,Salt Lake City,UT,False,ESPN_PUBLIC,STATUS_SCHEDULED
ESPN-NCAA_Football-401860901-20261005T212021Z,2026-10-05T14:20:21.723163-07:00,NCAA_Football,NCAA_Football,401860901,2026-10-11T02:30Z,Boise State Broncos,Fresno State Bulldogs,Valley Children's Stadium,Fresno,CA,False,ESPN_PUBLIC,STATUS_SCHEDULED
ESPN-NCAA_Football-401871090-20261005T212021Z,2026-10-05T14:20:21.723163-07:00,NCAA_Football,NCAA_Football,401871090,2026-10-07T00:00Z,Southern Miss Golden Eagles,Troy Trojans,Veterans Memorial Stadium (AL),Troy,AL,False,ESPN_PUBLIC,STATUS_SCHEDULED
ESPN-NCAA_Football-401870766-20261005T212021Z,2026-10-05T14:20:21.723163-07:00,NCAA_Football,NCAA_Football,401870766,2026-10-08T23:00Z,Sam Houston Bearkats,Liberty Flames,Williams Stadium (VA),Lynchburg,VA,False,ESPN_PUBLIC,STATUS_SCHEDULED
ESPN-NCAA_Football-401871052-20261005T212021Z,2026-10-05T14:20:21.723163-07:00,NCAA_Football,NCAA_Football,401871052,2026-10-08T23:00Z,Missouri State Bears,Western Kentucky Hilltoppers,Houchens Industries-L.T. Smith Stadium,Bowling Green,KY,False,ESPN_PUBLIC,STATUS_SCHEDULED
ESPN-NCAA_Football-401862794-20261005T212021Z,2026-10-05T14:20:21.723163-07:00,NCAA_Football,NCAA_Football,401862794,2026-10-08T23:30Z,South Florida Bulls,UTSA Roadrunners,Alamodome,San Antonio,TX,True,ESPN_PUBLIC,STATUS_SCHEDULED
ESPN-NCAA_Football-401869933-20261005T212021Z,2026-10-05T14:20:21.723163-07:00,NCAA_Football,NCAA_Football,401869933,2026-10-08T23:30Z,South Alabama Jaguars,Arkansas State Red Wolves,Centennial Bank Stadium,Jonesboro,AR,False,ESPN_PUBLIC,STATUS_SCHEDULED
ESPN-NCAA_Football-401871051-20261005T212021Z,2026-10-05T14:20:21.723163-07:00,NCAA_Football,NCAA_Football,401871051,2026-10-07T23:00Z,Jacksonville State Gamecocks,Kennesaw State Owls,Walens Family Field at Fifth Third Stadium,Kennesaw,GA,False,ESPN_PUBLIC,STATUS_SCHEDULED
ESPN-NCAA_Football-401871066-20261005T212021Z,2026-10-05T14:20:21.723163-07:00,NCAA_Football,NCAA_Football,401871066,2026-10-07T23:30Z,New Mexico State Aggies,Florida International Panthers,Pitbull Stadium,Miami,FL,False,ESPN_PUBLIC,STATUS_SCHEDULED
NHLWEB-2026020040-20261005T212452Z,2026-10-05T14:24:52.025843-07:00,NHL,NHL,2026020040,2026-10-05T23:00:00Z,Philadelphia,Tampa Bay,NHL_WEB,FUT
NHLWEB-2026020041-20261005T212452Z,2026-10-05T14:24:52.025843-07:00,NHL,NHL,2026020041,2026-10-05T23:30:00Z,Ottawa,Boston,NHL_WEB,FUT
NHLWEB-2026020042-20261005T212452Z,2026-10-05T14:24:52.025843-07:00,NHL,NHL,2026020042,2026-10-05T23:30:00Z,Winnipeg,Pittsburgh,NHL_WEB,FUT
NHLWEB-2026020043-20261005T212452Z,2026-10-05T14:24:52.025843-07:00,NHL,NHL,2026020043,2026-10-06T00:00:00Z,San Jose,Dallas,NHL_WEB,FUT
NHLWEB-2026020044-20261005T212452Z,2026-10-05T14:24:52.025843-07:00,NHL,NHL,2026020044,2026-10-06T23:00:00Z,Nashville,Toronto,NHL_WEB,FUT
NHLWEB-2026020045-20261005T212452Z,2026-10-05T14:24:52.025843-07:00,NHL,NHL,2026020045,2026-10-06T23:00:00Z,Carolina,Montréal,NHL_WEB,FUT
NHLWEB-2026020046-20261005T212452Z,2026-10-05T14:24:52.025843-07:00,NHL,NHL,2026020046,2026-10-06T23:00:00Z,Ottawa,Detroit,NHL_WEB,FUT
NHLWEB-2026020047-20261005T212452Z,2026-10-05T14:24:52.025843-07:00,NHL,NHL,2026020047,2026-10-06T23:00:00Z,Utah,New Jersey,NHL_WEB,FUT
NHLWEB-2026020049-20261005T212452Z,2026-10-05T14:24:52.025843-07:00,NHL,NHL,2026020049,2026-10-06T23:00:00Z,Minnesota,Buffalo,NHL_WEB,FUT
NHLWEB-2026020048-20261005T212452Z,2026-10-05T14:24:52.025843-07:00,NHL,NHL,2026020048,2026-10-06T23:30:00Z,New York,New York,NHL_WEB,FUT
NHLWEB-2026020050-20261005T212452Z,2026-10-05T14:24:52.025843-07:00,NHL,NHL,2026020050,2026-10-07T00:00:00Z,St. Louis,Chicago,NHL_WEB,FUT
NHLWEB-2026020051-20261005T212452Z,2026-10-05T14:24:52.025843-07:00,NHL,NHL,2026020051,2026-10-07T01:40:00Z,Vegas,Seattle,NHL_WEB,FUT
NHLWEB-2026020052-20261005T212452Z,2026-10-05T14:24:52.025843-07:00,NHL,NHL,2026020052,2026-10-07T02:00:00Z,Florida,Los Angeles,NHL_WEB,FUT
NHLWEB-2026020053-20261005T212452Z,2026-10-05T14:24:52.025843-07:00,NHL,NHL,2026020053,2026-10-07T23:30:00Z,Pittsburgh,Washington,NHL_WEB,FUT
NHLWEB-2026020054-20261005T212452Z,2026-10-05T14:24:52.025843-07:00,NHL,NHL,2026020054,2026-10-07T23:30:00Z,Colorado,Winnipeg,NHL_WEB,FUT
NHLWEB-2026020055-20261005T212452Z,2026-10-05T14:24:52.025843-07:00,NHL,NHL,2026020055,2026-10-08T02:00:00Z,Edmonton,Anaheim,NHL_WEB,FUT
NHLWEB-2026020056-20261005T212452Z,2026-10-05T14:24:52.025843-07:00,NHL,NHL,2026020056,2026-10-08T23:00:00Z,Utah,Boston,NHL_WEB,FUT
NHLWEB-2026020057-20261005T212452Z,2026-10-05T14:24:52.025843-07:00,NHL,NHL,2026020057,2026-10-08T23:00:00Z,Dallas,Buffalo,NHL_WEB,FUT
NHLWEB-2026020058-20261005T212452Z,2026-10-05T14:24:52.025843-07:00,NHL,NHL,2026020058,2026-10-08T23:00:00Z,Nashville,Montréal,NHL_WEB,FUT
NHLWEB-2026020059-20261005T212452Z,2026-10-05T14:24:52.025843-07:00,NHL,NHL,2026020059,2026-10-08T23:00:00Z,Philadelphia,Ottawa,NHL_WEB,FUT
NHLWEB-2026020060-20261005T212452Z,2026-10-05T14:24:52.025843-07:00,NHL,NHL,2026020060,2026-10-08T23:00:00Z,Minnesota,Tampa Bay,NHL_WEB,FUT
NHLWEB-2026020061-20261005T212452Z,2026-10-05T14:24:52.025843-07:00,NHL,NHL,2026020061,2026-10-08T23:00:00Z,Vancouver,Carolina,NHL_WEB,FUT
NHLWEB-2026020062-20261005T212452Z,2026-10-05T14:24:52.025843-07:00,NHL,NHL,2026020062,2026-10-08T23:30:00Z,Chicago,New York,NHL_WEB,FUT
NHLWEB-2026020063-20261005T212452Z,2026-10-05T14:24:52.025843-07:00,NHL,NHL,2026020063,2026-10-09T00:00:00Z,San Jose,St. Louis,NHL_WEB,FUT
NHLWEB-2026020064-20261005T212452Z,2026-10-05T14:24:52.025843-07:00,NHL,NHL,2026020064,2026-10-09T01:00:00Z,Colorado,Calgary,NHL_WEB,FUT
NHLWEB-2026020065-20261005T212452Z,2026-10-05T14:24:52.025843-07:00,NHL,NHL,2026020065,2026-10-09T02:00:00Z,Toronto,Vegas,NHL_WEB,FUT
NHLWEB-2026020066-20261005T212452Z,2026-10-05T14:24:52.025843-07:00,NHL,NHL,2026020066,2026-10-09T23:00:00Z,Seattle,Detroit,NHL_WEB,FUT
NHLWEB-2026020067-20261005T212452Z,2026-10-05T14:24:52.025843-07:00,NHL,NHL,2026020067,2026-10-09T23:00:00Z,New York,Washington,NHL_WEB,FUT
NHLWEB-2026020068-20261005T212452Z,2026-10-05T14:24:52.025843-07:00,NHL,NHL,2026020068,2026-10-09T23:00:00Z,Pittsburgh,Columbus,NHL_WEB,FUT
NHLWEB-2026020069-20261005T212452Z,2026-10-05T14:24:52.025843-07:00,NHL,NHL,2026020069,2026-10-10T00:00:00Z,Anaheim,Winnipeg,NHL_WEB,FUT
NHLWEB-2026020070-20261005T212452Z,2026-10-05T14:24:52.025843-07:00,NHL,NHL,2026020070,2026-10-10T17:00:00Z,Philadelphia,Boston,NHL_WEB,FUT
NHLWEB-2026020071-20261005T212452Z,2026-10-05T14:24:52.025843-07:00,NHL,NHL,2026020071,2026-10-10T19:30:00Z,Vancouver,New Jersey,NHL_WEB,FUT
NHLWEB-2026020072-20261005T212452Z,2026-10-05T14:24:52.025843-07:00,NHL,NHL,2026020072,2026-10-10T20:00:00Z,Edmonton,San Jose,NHL_WEB,FUT
NHLWEB-2026020073-20261005T212452Z,2026-10-05T14:24:52.025843-07:00,NHL,NHL,2026020073,2026-10-10T22:00:00Z,Minnesota,Florida,NHL_WEB,FUT
NHLWEB-2026020074-20261005T212452Z,2026-10-05T14:24:52.025843-07:00,NHL,NHL,2026020074,2026-10-10T23:00:00Z,Utah,Buffalo,NHL_WEB,FUT
NHLWEB-2026020075-20261005T212452Z,2026-10-05T14:24:52.025843-07:00,NHL,NHL,2026020075,2026-10-10T23:00:00Z,Detroit,Montréal,NHL_WEB,FUT
NHLWEB-2026020076-20261005T212452Z,2026-10-05T14:24:52.025843-07:00,NHL,NHL,2026020076,2026-10-10T23:00:00Z,Nashville,Ottawa,NHL_WEB,FUT
NHLWEB-2026020077-20261005T212452Z,2026-10-05T14:24:52.025843-07:00,NHL,NHL,2026020077,2026-10-10T23:00:00Z,Dallas,Pittsburgh,NHL_WEB,FUT
NHLWEB-2026020078-20261005T212452Z,2026-10-05T14:24:52.025843-07:00,NHL,NHL,2026020078,2026-10-10T23:00:00Z,Carolina,Chicago,NHL_WEB,FUT
NHLWEB-2026020079-20261005T212452Z,2026-10-05T14:24:52.025843-07:00,NHL,NHL,2026020079,2026-10-10T23:00:00Z,Columbus,St. Louis,NHL_WEB,FUT
NHLWEB-2026020080-20261005T212452Z,2026-10-05T14:24:52.025843-07:00,NHL,NHL,2026020080,2026-10-10T23:00:00Z,Toronto,Colorado,NHL_WEB,FUT
NHLWEB-2026020081-20261005T212452Z,2026-10-05T14:24:52.025843-07:00,NHL,NHL,2026020081,2026-10-10T23:30:00Z,Tampa Bay,New York,NHL_WEB,FUT
NHLWEB-2026020082-20261005T212452Z,2026-10-05T14:24:52.025843-07:00,NHL,NHL,2026020082,2026-10-11T02:00:00Z,Anaheim,Calgary,NHL_WEB,FUT
NHLWEB-2026020083-20261005T212452Z,2026-10-05T14:24:52.025843-07:00,NHL,NHL,2026020083,2026-10-11T02:00:00Z,Los Angeles,Vegas,NHL_WEB,FUT
NHLWEB-2026020084-20261005T212452Z,2026-10-05T14:24:52.025843-07:00,NHL,NHL,2026020084,2026-10-11T21:00:00Z,Seattle,Washington,NHL_WEB,FUT
NHLWEB-2026020085-20261005T212452Z,2026-10-05T14:24:52.025843-07:00,NHL,NHL,2026020085,2026-10-11T22:00:00Z,Vancouver,New York,NHL_WEB,FUT
NHLWEB-2026020086-20261005T212452Z,2026-10-05T14:24:52.025843-07:00,NHL,NHL,2026020086,2026-10-11T23:00:00Z,Carolina,Philadelphia,NHL_WEB,FUT
