feature_id,collected_at_utc,fixture_id,sport,league,tournament,event_start_utc,participant1,participant2,opticodds_id,pinnacle_id,bookmaker,market_id,market_name,market_type,player_prop,outcome_id,outcome_name,player_id,open_time_utc,close_time_utc,opening_decimal,closing_decimal,min_decimal,max_decimal,opening_implied_prob,closing_implied_prob,implied_prob_change_pp,max_limit,observations,active_at_close
ODDSPAPI|df3ba7829f23256ee7cc82b848e7,2026-09-18T00:47:57.962374+00:00,id1200390574532962,Tennis,Tennis,"ATP Challenger Tiburon, USA Men Singles",2026-09-17T23:00:00.000Z,"Zheng, Michael","Svajda, Trevor",20260917679E9D49,1636716474,draftkings,121,Winner,moneyline,false,121,1,0,2026-09-16T05:06:13.816Z,2026-09-18T00:18:28.138Z,1.312,1.004,1.002,1.459,0.762195,0.996016,23.382,,885,false
ODDSPAPI|a740bcf83a983cbcaa2c76463767,2026-09-18T00:47:57.962374+00:00,id1200390574532962,Tennis,Tennis,"ATP Challenger Tiburon, USA Men Singles",2026-09-17T23:00:00.000Z,"Zheng, Michael","Svajda, Trevor",20260917679E9D49,1636716474,draftkings,121,Winner,moneyline,false,122,2,0,2026-09-16T05:06:13.816Z,2026-09-18T00:08:40.547Z,3.3,101.0,2.62,101.0,0.30303,0.009901,-29.313,,931,false
ODDSPAPI|a1ff8d452a38465a9579851c0f0b,2026-09-18T00:47:57.962374+00:00,id1200390574532962,Tennis,Tennis,"ATP Challenger Tiburon, USA Men Singles",2026-09-17T23:00:00.000Z,"Zheng, Michael","Svajda, Trevor",20260917679E9D49,1636716474,draftkings,1213,,,false,1213,,0,2026-09-17T23:34:08.909Z,2026-09-17T23:56:08.825Z,1.444,1.286,1.286,2.5,0.692521,0.777605,8.508,,147,false
ODDSPAPI|8825355b6f7a2455cec4fdc48566,2026-09-18T00:47:57.962374+00:00,id1200390574532962,Tennis,Tennis,"ATP Challenger Tiburon, USA Men Singles",2026-09-17T23:00:00.000Z,"Zheng, Michael","Svajda, Trevor",20260917679E9D49,1636716474,draftkings,1213,,,false,1214,,0,2026-09-17T23:34:08.909Z,2026-09-17T23:56:08.825Z,2.6,3.3,1.465,3.3,0.384615,0.30303,-8.159,,154,false
ODDSPAPI|ab88d4410dbe5189a8229a260ce3,2026-09-18T00:47:57.962374+00:00,id1200390574532962,Tennis,Tennis,"ATP Challenger Tiburon, USA Men Singles",2026-09-17T23:00:00.000Z,"Zheng, Michael","Svajda, Trevor",20260917679E9D49,1636716474,draftkings,12151,,,false,12151,,0,2026-09-17T23:47:49.981Z,2026-09-17T23:51:22.329Z,6.0,5.25,5.25,6.5,0.166667,0.190476,2.381,,11,false
ODDSPAPI|4a78653c149a8dc2766d14e0e0df,2026-09-18T00:47:57.962374+00:00,id1200390574532962,Tennis,Tennis,"ATP Challenger Tiburon, USA Men Singles",2026-09-17T23:00:00.000Z,"Zheng, Michael","Svajda, Trevor",20260917679E9D49,1636716474,draftkings,12151,,,false,12152,,0,2026-09-17T23:47:49.981Z,2026-09-17T23:51:22.329Z,1.091,1.125,1.083,1.125,0.91659,0.888889,-2.77,,10,false
ODDSPAPI|f6dd7f78c587b883b6f89f4a6780,2026-09-18T00:47:57.962374+00:00,id1200390574532962,Tennis,Tennis,"ATP Challenger Tiburon, USA Men Singles",2026-09-17T23:00:00.000Z,"Zheng, Michael","Svajda, Trevor",20260917679E9D49,1636716474,draftkings,12155,,,false,12155,,0,2026-09-17T23:34:08.909Z,2026-09-17T23:56:08.825Z,3.4,5.25,1.833,5.25,0.294118,0.190476,-10.364,,149,false
ODDSPAPI|04a8e573fa7a6a8bd47196794689,2026-09-18T00:47:57.962374+00:00,id1200390574532962,Tennis,Tennis,"ATP Challenger Tiburon, USA Men Singles",2026-09-17T23:00:00.000Z,"Zheng, Michael","Svajda, Trevor",20260917679E9D49,1636716474,draftkings,12155,,,false,12156,,0,2026-09-17T23:34:08.909Z,2026-09-17T23:56:08.825Z,1.263,1.125,1.125,1.87,0.791766,0.888889,9.712,,150,false
ODDSPAPI|27aeaebee52244edf520a8e1a896,2026-09-18T00:47:57.962374+00:00,id1200390574532962,Tennis,Tennis,"ATP Challenger Tiburon, USA Men Singles",2026-09-17T23:00:00.000Z,"Zheng, Michael","Svajda, Trevor",20260917679E9D49,1636716474,draftkings,12159,,,false,12159,,0,2026-09-17T23:31:21.285Z,2026-09-17T23:56:23.621Z,3.2,5.0,1.465,5.0,0.3125,0.2,-11.25,,219,false
ODDSPAPI|a21b16e945286e63cad812f9f2ad,2026-09-18T00:47:57.962374+00:00,id1200390574532962,Tennis,Tennis,"ATP Challenger Tiburon, USA Men Singles",2026-09-17T23:00:00.000Z,"Zheng, Michael","Svajda, Trevor",20260917679E9D49,1636716474,draftkings,12159,,,false,12160,,0,2026-09-17T23:31:21.285Z,2026-09-17T23:56:23.621Z,1.303,1.133,1.133,2.5,0.76746,0.882613,11.515,,203,false
ODDSPAPI|cbcbc894a4ded57cc9703369a397,2026-09-18T00:47:57.962374+00:00,id1200390574532962,Tennis,Tennis,"ATP Challenger Tiburon, USA Men Singles",2026-09-17T23:00:00.000Z,"Zheng, Michael","Svajda, Trevor",20260917679E9D49,1636716474,draftkings,12163,,,false,12163,,0,2026-09-17T23:25:16.323Z,2026-09-18T00:18:28.138Z,2.6,1.029,1.01,2.75,0.384615,0.971817,58.72,,332,false
ODDSPAPI|74b0ddbf1c518fba69804308d513,2026-09-18T00:47:57.962374+00:00,id1200390574532962,Tennis,Tennis,"ATP Challenger Tiburon, USA Men Singles",2026-09-17T23:00:00.000Z,"Zheng, Michael","Svajda, Trevor",20260917679E9D49,1636716474,draftkings,12163,,,false,12164,,0,2026-09-17T23:25:16.323Z,2026-09-18T00:18:28.138Z,1.417,9.5,1.4,10.5,0.705716,0.105263,-60.045,,328,false
ODDSPAPI|646ce99ea53981e6dac19fecdb79,2026-09-18T00:47:57.962374+00:00,id1200390574532962,Tennis,Tennis,"ATP Challenger Tiburon, USA Men Singles",2026-09-17T23:00:00.000Z,"Zheng, Michael","Svajda, Trevor",20260917679E9D49,1636716474,draftkings,12167,,,false,12167,,0,2026-09-17T23:13:16.281Z,2026-09-18T00:05:33.899Z,2.75,1.002,1.002,2.75,0.363636,0.998004,63.437,,215,false
ODDSPAPI|d781c52e887625549af1dd951133,2026-09-18T00:47:57.962374+00:00,id1200390574532962,Tennis,Tennis,"ATP Challenger Tiburon, USA Men Singles",2026-09-17T23:00:00.000Z,"Zheng, Michael","Svajda, Trevor",20260917679E9D49,1636716474,draftkings,12167,,,false,12168,,0,2026-09-17T23:13:16.281Z,2026-09-18T00:05:33.899Z,1.4,12.0,1.4,12.0,0.714286,0.083333,-63.095,,222,false
ODDSPAPI|f734e6a08255a66c481dbddb5802,2026-09-18T00:47:57.962374+00:00,id1200390574532962,Tennis,Tennis,"ATP Challenger Tiburon, USA Men Singles",2026-09-17T23:00:00.000Z,"Zheng, Michael","Svajda, Trevor",20260917679E9D49,1636716474,draftkings,1217,,,false,1217,,0,2026-09-17T23:31:21.285Z,2026-09-18T00:18:28.138Z,1.667,11.0,1.5,11.0,0.59988,0.090909,-50.897,,273,false
ODDSPAPI|8e7984357d84772cd023f52577f8,2026-09-18T00:47:57.962374+00:00,id1200390574532962,Tennis,Tennis,"ATP Challenger Tiburon, USA Men Singles",2026-09-17T23:00:00.000Z,"Zheng, Michael","Svajda, Trevor",20260917679E9D49,1636716474,draftkings,1217,,,false,1218,,0,2026-09-17T23:31:21.285Z,2026-09-18T00:18:28.138Z,2.05,1.01,1.01,2.4,0.487805,0.990099,50.229,,259,false
ODDSPAPI|b1868cd476e74e027fa15371ade3,2026-09-18T00:47:57.962374+00:00,id1200390574532962,Tennis,Tennis,"ATP Challenger Tiburon, USA Men Singles",2026-09-17T23:00:00.000Z,"Zheng, Michael","Svajda, Trevor",20260917679E9D49,1636716474,draftkings,12171,,,false,12171,,0,2026-09-17T23:09:02.486Z,2026-09-18T00:05:15.356Z,1.952,1.004,1.004,2.35,0.512295,0.996016,48.372,,232,false
ODDSPAPI|81f91e018d89a61dba4cfe2a0c59,2026-09-18T00:47:57.962374+00:00,id1200390574532962,Tennis,Tennis,"ATP Challenger Tiburon, USA Men Singles",2026-09-17T23:00:00.000Z,"Zheng, Michael","Svajda, Trevor",20260917679E9D49,1636716474,draftkings,12171,,,false,12172,,0,2026-09-17T23:09:02.486Z,2026-09-18T00:05:15.356Z,1.741,12.0,1.541,12.0,0.574383,0.083333,-49.105,,235,false
ODDSPAPI|5166e48796b48dc8246ad3dc05aa,2026-09-18T00:47:57.962374+00:00,id1200390574532962,Tennis,Tennis,"ATP Challenger Tiburon, USA Men Singles",2026-09-17T23:00:00.000Z,"Zheng, Michael","Svajda, Trevor",20260917679E9D49,1636716474,draftkings,12175,,,false,12175,,0,2026-09-17T23:09:02.486Z,2026-09-17T23:24:35.084Z,1.667,1.465,1.444,2.05,0.59988,0.682594,8.271,,184,false
ODDSPAPI|581e4892fdc5f18e4b53a3df6b1a,2026-09-18T00:47:57.962374+00:00,id1200390574532962,Tennis,Tennis,"ATP Challenger Tiburon, USA Men Singles",2026-09-17T23:00:00.000Z,"Zheng, Michael","Svajda, Trevor",20260917679E9D49,1636716474,draftkings,12175,,,false,12176,,0,2026-09-17T23:09:02.486Z,2026-09-17T23:24:35.084Z,2.05,2.5,1.667,2.6,0.487805,0.4,-8.78,,194,false
ODDSPAPI|cf62614c1a9f1b1e6cf8d30fa60a,2026-09-18T00:47:57.962374+00:00,id1200390574532962,Tennis,Tennis,"ATP Challenger Tiburon, USA Men Singles",2026-09-17T23:00:00.000Z,"Zheng, Michael","Svajda, Trevor",20260917679E9D49,1636716474,draftkings,12179,,,false,12179,,0,2026-09-17T23:09:02.486Z,2026-09-17T23:34:19.726Z,1.417,1.417,1.364,1.667,0.705716,0.705716,0.0,,153,false
ODDSPAPI|f95d008a2f9f5ef7ab1e3a0a42f0,2026-09-18T00:47:57.962374+00:00,id1200390574532962,Tennis,Tennis,"ATP Challenger Tiburon, USA Men Singles",2026-09-17T23:00:00.000Z,"Zheng, Michael","Svajda, Trevor",20260917679E9D49,1636716474,draftkings,12179,,,false,12180,,0,2026-09-17T23:09:02.486Z,2026-09-17T23:34:19.726Z,2.6,2.6,2.05,2.85,0.384615,0.384615,0.0,,146,false
ODDSPAPI|fc5e5dc22ea031d2ab1d721be085,2026-09-18T00:47:57.962374+00:00,id1200390574532962,Tennis,Tennis,"ATP Challenger Tiburon, USA Men Singles",2026-09-17T23:00:00.000Z,"Zheng, Michael","Svajda, Trevor",20260917679E9D49,1636716474,draftkings,12183,,,false,12183,,0,2026-09-17T23:11:10.651Z,2026-09-17T23:23:55.330Z,1.541,1.571,1.541,1.571,0.648929,0.636537,-1.239,,23,false
ODDSPAPI|ee3c77fa589d15c7b765c175739b,2026-09-18T00:47:57.962374+00:00,id1200390574532962,Tennis,Tennis,"ATP Challenger Tiburon, USA Men Singles",2026-09-17T23:00:00.000Z,"Zheng, Michael","Svajda, Trevor",20260917679E9D49,1636716474,draftkings,12183,,,false,12184,,0,2026-09-17T23:11:10.651Z,2026-09-17T23:23:55.330Z,2.35,2.25,2.25,2.35,0.425532,0.444444,1.891,,23,false
ODDSPAPI|c2e370964350ce7db4968630e46c,2026-09-18T00:47:57.962374+00:00,id1200390574532962,Tennis,Tennis,"ATP Challenger Tiburon, USA Men Singles",2026-09-17T23:00:00.000Z,"Zheng, Michael","Svajda, Trevor",20260917679E9D49,1636716474,draftkings,1221,,,false,1221,,0,2026-09-17T23:27:56.280Z,2026-09-17T23:56:01.360Z,1.571,2.2,1.541,2.4,0.636537,0.454545,-18.199,,59,false
ODDSPAPI|6243d13bafe42945ec51bc5f760d,2026-09-18T00:47:57.962374+00:00,id1200390574532962,Tennis,Tennis,"ATP Challenger Tiburon, USA Men Singles",2026-09-17T23:00:00.000Z,"Zheng, Michael","Svajda, Trevor",20260917679E9D49,1636716474,draftkings,1221,,,false,1222,,0,2026-09-17T23:27:56.280Z,2026-09-17T23:56:01.360Z,2.25,1.606,1.5,2.25,0.444444,0.622665,17.822,,55,false
ODDSPAPI|58c2c64ec4a9b87f612adf404f93,2026-09-18T00:47:57.962374+00:00,id1200390574532962,Tennis,Tennis,"ATP Challenger Tiburon, USA Men Singles",2026-09-17T23:00:00.000Z,"Zheng, Michael","Svajda, Trevor",20260917679E9D49,1636716474,draftkings,12231,Total Sets Over Under,totals,false,12231,Over,0,2026-09-17T23:00:34.489Z,2026-09-18T00:18:28.138Z,2.25,36.0,1.667,41.0,0.444444,0.027778,-41.667,,371,false
ODDSPAPI|09a49793f6999e5b4bd11a220668,2026-09-18T00:47:57.962374+00:00,id1200390574532962,Tennis,Tennis,"ATP Challenger Tiburon, USA Men Singles",2026-09-17T23:00:00.000Z,"Zheng, Michael","Svajda, Trevor",20260917679E9D49,1636716474,draftkings,12231,Total Sets Over Under,totals,false,12232,Under,0,2026-09-17T23:00:34.489Z,2026-09-18T00:18:28.138Z,1.541,1.004,1.002,2.0,0.648929,0.996016,34.709,,319,false
ODDSPAPI|ce43c816823da1030b6c8c964f40,2026-09-18T00:47:57.962374+00:00,id1200390574532962,Tennis,Tennis,"ATP Challenger Tiburon, USA Men Singles",2026-09-17T23:00:00.000Z,"Zheng, Michael","Svajda, Trevor",20260917679E9D49,1636716474,draftkings,12239,,,false,12239,,0,2026-09-16T05:06:13.816Z,2026-09-17T23:11:48.441Z,1.952,1.909,1.833,1.952,0.512295,0.523834,1.154,,10,false
ODDSPAPI|46efdc710664651996e8006bc0b8,2026-09-18T00:47:57.962374+00:00,id1200390574532962,Tennis,Tennis,"ATP Challenger Tiburon, USA Men Singles",2026-09-17T23:00:00.000Z,"Zheng, Michael","Svajda, Trevor",20260917679E9D49,1636716474,draftkings,12239,,,false,12240,,0,2026-09-16T05:06:13.816Z,2026-09-17T23:11:48.441Z,1.769,1.8,1.769,1.833,0.565291,0.555556,-0.974,,8,false
ODDSPAPI|8a67fce12fcdbc5f6ca825a8aba8,2026-09-18T00:47:57.962374+00:00,id1200390574532962,Tennis,Tennis,"ATP Challenger Tiburon, USA Men Singles",2026-09-17T23:00:00.000Z,"Zheng, Michael","Svajda, Trevor",20260917679E9D49,1636716474,draftkings,12241,,,false,12241,,0,2026-09-16T05:06:13.816Z,2026-09-17T23:11:48.441Z,1.111,1.111,1.091,1.111,0.90009,0.90009,0.0,,8,false
ODDSPAPI|b44e0767484a4638c22cf4ba8b12,2026-09-18T00:47:57.962374+00:00,id1200390574532962,Tennis,Tennis,"ATP Challenger Tiburon, USA Men Singles",2026-09-17T23:00:00.000Z,"Zheng, Michael","Svajda, Trevor",20260917679E9D49,1636716474,draftkings,12241,,,false,12242,,0,2026-09-16T05:06:13.816Z,2026-09-17T23:11:48.441Z,6.0,6.0,6.0,6.5,0.166667,0.166667,0.0,,10,false
ODDSPAPI|33e2022334e0ef07306d3f7d45e9,2026-09-18T00:47:57.962374+00:00,id1200390574532962,Tennis,Tennis,"ATP Challenger Tiburon, USA Men Singles",2026-09-17T23:00:00.000Z,"Zheng, Michael","Svajda, Trevor",20260917679E9D49,1636716474,draftkings,1225,,,false,1225,,0,2026-09-17T23:23:22.161Z,2026-09-18T00:18:28.138Z,1.606,13.0,1.5,13.0,0.622665,0.076923,-54.574,,160,false
ODDSPAPI|7d7730deb5d0f52bad65fd827c53,2026-09-18T00:47:57.962374+00:00,id1200390574532962,Tennis,Tennis,"ATP Challenger Tiburon, USA Men Singles",2026-09-17T23:00:00.000Z,"Zheng, Michael","Svajda, Trevor",20260917679E9D49,1636716474,draftkings,1225,,,false,1226,,0,2026-09-17T23:23:22.161Z,2026-09-18T00:18:28.138Z,2.1,1.0,1.0,2.35,0.47619,,,,153,false
ODDSPAPI|50bc9e71c1b1537fb9931c4eda4c,2026-09-18T00:47:57.962374+00:00,id1200390574532962,Tennis,Tennis,"ATP Challenger Tiburon, USA Men Singles",2026-09-17T23:00:00.000Z,"Zheng, Michael","Svajda, Trevor",20260917679E9D49,1636716474,draftkings,12265,,,false,12265,,0,2026-09-17T23:05:34.870Z,2026-09-17T23:36:29.713Z,1.091,7.5,1.004,11.0,0.91659,0.133333,-78.326,,219,false
ODDSPAPI|6d79769cf4a06d6004388e6c2124,2026-09-18T00:47:57.962374+00:00,id1200390574532962,Tennis,Tennis,"ATP Challenger Tiburon, USA Men Singles",2026-09-17T23:00:00.000Z,"Zheng, Michael","Svajda, Trevor",20260917679E9D49,1636716474,draftkings,12265,,,false,12266,,0,2026-09-17T23:05:34.870Z,2026-09-17T23:36:29.713Z,5.75,1.04,1.0,10.5,0.173913,0.961538,78.763,,234,false
ODDSPAPI|cfc99ecddad35d4f58702165a6fd,2026-09-18T00:47:57.962374+00:00,id1200390574532962,Tennis,Tennis,"ATP Challenger Tiburon, USA Men Singles",2026-09-17T23:00:00.000Z,"Zheng, Michael","Svajda, Trevor",20260917679E9D49,1636716474,draftkings,12267,,,false,12267,,0,2026-09-17T23:05:34.870Z,2026-09-17T23:36:29.713Z,1.263,10.0,1.071,10.0,0.791766,0.1,-69.177,,232,false
ODDSPAPI|75bfca150a5c2375a6f1cba18afa,2026-09-18T00:47:57.962374+00:00,id1200390574532962,Tennis,Tennis,"ATP Challenger Tiburon, USA Men Singles",2026-09-17T23:00:00.000Z,"Zheng, Michael","Svajda, Trevor",20260917679E9D49,1636716474,draftkings,12267,,,false,12268,,0,2026-09-17T23:05:34.870Z,2026-09-17T23:36:29.713Z,3.35,1.01,1.01,6.0,0.298507,0.990099,69.159,,237,false
ODDSPAPI|f1dcd7ae738cb327f5b984aeebad,2026-09-18T00:47:57.962374+00:00,id1200390574532962,Tennis,Tennis,"ATP Challenger Tiburon, USA Men Singles",2026-09-17T23:00:00.000Z,"Zheng, Michael","Svajda, Trevor",20260917679E9D49,1636716474,draftkings,12269,,,false,12269,,0,2026-09-17T23:05:34.870Z,2026-09-17T23:36:29.631Z,1.87,7.0,1.541,7.5,0.534759,0.142857,-39.19,,217,false
ODDSPAPI|dcf36ed9cc1c1f19508c91582db3,2026-09-18T00:47:57.962374+00:00,id1200390574532962,Tennis,Tennis,"ATP Challenger Tiburon, USA Men Singles",2026-09-17T23:00:00.000Z,"Zheng, Michael","Svajda, Trevor",20260917679E9D49,1636716474,draftkings,12269,,,false,12270,,0,2026-09-17T23:05:34.870Z,2026-09-17T23:36:29.631Z,1.769,1.05,1.04,2.25,0.565291,0.952381,38.709,,224,false
ODDSPAPI|bdb79f032b9972e6b0c2c45c8ec7,2026-09-18T00:47:57.962374+00:00,id1200390574532962,Tennis,Tennis,"ATP Challenger Tiburon, USA Men Singles",2026-09-17T23:00:00.000Z,"Zheng, Michael","Svajda, Trevor",20260917679E9D49,1636716474,draftkings,12271,,,false,12271,,0,2026-09-17T23:05:34.870Z,2026-09-17T23:34:08.909Z,3.2,9.0,2.4,10.0,0.3125,0.111111,-20.139,,210,false
ODDSPAPI|5cd5bdd7748afe7c471bc6802476,2026-09-18T00:47:57.962374+00:00,id1200390574532962,Tennis,Tennis,"ATP Challenger Tiburon, USA Men Singles",2026-09-17T23:00:00.000Z,"Zheng, Michael","Svajda, Trevor",20260917679E9D49,1636716474,draftkings,12271,,,false,12272,,0,2026-09-17T23:05:34.870Z,2026-09-17T23:34:08.909Z,1.286,1.02,1.01,1.465,0.777605,0.980392,20.279,,181,false
ODDSPAPI|c8d0b667bff991a4db4a1908dfb3,2026-09-18T00:47:57.962374+00:00,id1200390574532962,Tennis,Tennis,"ATP Challenger Tiburon, USA Men Singles",2026-09-17T23:00:00.000Z,"Zheng, Michael","Svajda, Trevor",20260917679E9D49,1636716474,draftkings,12275,,,false,12275,,0,2026-09-17T23:05:34.870Z,2026-09-17T23:34:19.726Z,4.5,10.0,3.45,10.5,0.222222,0.1,-12.222,,182,false
ODDSPAPI|24f45b088c795cf271257c3c0ff8,2026-09-18T00:47:57.962374+00:00,id1200390574532962,Tennis,Tennis,"ATP Challenger Tiburon, USA Men Singles",2026-09-17T23:00:00.000Z,"Zheng, Michael","Svajda, Trevor",20260917679E9D49,1636716474,draftkings,12275,,,false,12276,,0,2026-09-17T23:05:34.870Z,2026-09-17T23:34:19.726Z,1.154,1.01,1.004,1.25,0.866551,0.990099,12.355,,180,false
ODDSPAPI|031601de93e610c33af5ea179976,2026-09-18T00:47:57.962374+00:00,id1200390574532962,Tennis,Tennis,"ATP Challenger Tiburon, USA Men Singles",2026-09-17T23:00:00.000Z,"Zheng, Michael","Svajda, Trevor",20260917679E9D49,1636716474,draftkings,1229,,,false,1229,,0,2026-09-17T23:09:44.319Z,2026-09-18T00:18:28.138Z,1.606,12.0,1.571,12.0,0.622665,0.083333,-53.933,,183,false
ODDSPAPI|a1bcb739c4ee926c15019a49cb0d,2026-09-18T00:47:57.962374+00:00,id1200390574532962,Tennis,Tennis,"ATP Challenger Tiburon, USA Men Singles",2026-09-17T23:00:00.000Z,"Zheng, Michael","Svajda, Trevor",20260917679E9D49,1636716474,draftkings,1229,,,false,1230,,0,2026-09-17T23:09:44.319Z,2026-09-18T00:18:28.138Z,2.2,1.004,1.004,2.25,0.454545,0.996016,54.147,,182,false
ODDSPAPI|e85702ddb804b1e787e584d45af4,2026-09-18T00:47:57.962374+00:00,id1200390574532962,Tennis,Tennis,"ATP Challenger Tiburon, USA Men Singles",2026-09-17T23:00:00.000Z,"Zheng, Michael","Svajda, Trevor",20260917679E9D49,1636716474,draftkings,123,First Set Winner,moneyline,false,123,1,0,2026-09-16T05:06:13.816Z,2026-09-17T23:34:19.726Z,1.417,1.01,1.01,1.769,0.705716,0.990099,28.438,,179,false
ODDSPAPI|7d6cedd4e186d315911025d60fd3,2026-09-18T00:47:57.962374+00:00,id1200390574532962,Tennis,Tennis,"ATP Challenger Tiburon, USA Men Singles",2026-09-17T23:00:00.000Z,"Zheng, Michael","Svajda, Trevor",20260917679E9D49,1636716474,draftkings,123,First Set Winner,moneyline,false,124,2,0,2026-09-16T05:06:13.816Z,2026-09-17T23:56:08.825Z,2.6,41.0,1.909,41.0,0.384615,0.02439,-36.023,,201,false
ODDSPAPI|351bb642afb2a154421f6f13a0be,2026-09-18T00:47:57.962374+00:00,id1200390574532962,Tennis,Tennis,"ATP Challenger Tiburon, USA Men Singles",2026-09-17T23:00:00.000Z,"Zheng, Michael","Svajda, Trevor",20260917679E9D49,1636716474,draftkings,1233,,,false,1233,,0,2026-09-17T23:09:02.486Z,2026-09-18T00:09:48.705Z,1.741,2.2,1.606,2.25,0.574383,0.454545,-11.984,,113,false
ODDSPAPI|f4f03476cb43de202ee2211bceb2,2026-09-18T00:47:57.962374+00:00,id1200390574532962,Tennis,Tennis,"ATP Challenger Tiburon, USA Men Singles",2026-09-17T23:00:00.000Z,"Zheng, Michael","Svajda, Trevor",20260917679E9D49,1636716474,draftkings,1233,,,false,1234,,0,2026-09-17T23:09:02.486Z,2026-09-18T00:09:48.705Z,2.0,1.606,1.541,2.1,0.5,0.622665,12.267,,115,false
ODDSPAPI|389592ef4844ffd291b02e970f0c,2026-09-18T00:47:57.962374+00:00,id1200390574532962,Tennis,Tennis,"ATP Challenger Tiburon, USA Men Singles",2026-09-17T23:00:00.000Z,"Zheng, Michael","Svajda, Trevor",20260917679E9D49,1636716474,draftkings,12354,,,false,12354,,0,2026-09-17T23:31:21.285Z,2026-09-17T23:36:29.713Z,2.0,1.04,1.002,2.0,0.5,0.961538,46.154,,26,false
ODDSPAPI|636c5b3fd8dc0954c744345f50af,2026-09-18T00:47:57.962374+00:00,id1200390574532962,Tennis,Tennis,"ATP Challenger Tiburon, USA Men Singles",2026-09-17T23:00:00.000Z,"Zheng, Michael","Svajda, Trevor",20260917679E9D49,1636716474,draftkings,12354,,,false,12355,,0,2026-09-17T23:31:21.285Z,2026-09-17T23:36:29.713Z,1.741,8.5,1.714,14.0,0.574383,0.117647,-45.674,,29,false
ODDSPAPI|39699bee7c45f2999113228b84d6,2026-09-18T00:47:57.962374+00:00,id1200390574532962,Tennis,Tennis,"ATP Challenger Tiburon, USA Men Singles",2026-09-17T23:00:00.000Z,"Zheng, Michael","Svajda, Trevor",20260917679E9D49,1636716474,draftkings,12358,,,false,12358,,0,2026-09-17T23:25:16.323Z,2026-09-17T23:33:24.786Z,2.4,1.769,1.667,2.5,0.416667,0.565291,14.862,,29,false
ODDSPAPI|09195db2222245b49e9850797524,2026-09-18T00:47:57.962374+00:00,id1200390574532962,Tennis,Tennis,"ATP Challenger Tiburon, USA Men Singles",2026-09-17T23:00:00.000Z,"Zheng, Michael","Svajda, Trevor",20260917679E9D49,1636716474,draftkings,12358,,,false,12359,,0,2026-09-17T23:25:16.323Z,2026-09-17T23:33:24.786Z,1.5,1.909,1.465,2.05,0.666667,0.523834,-14.283,,28,false
ODDSPAPI|8f59f486d0ea11d8b01f9072d6e5,2026-09-18T00:47:57.962374+00:00,id1200390574532962,Tennis,Tennis,"ATP Challenger Tiburon, USA Men Singles",2026-09-17T23:00:00.000Z,"Zheng, Michael","Svajda, Trevor",20260917679E9D49,1636716474,draftkings,12362,,,false,12362,,0,2026-09-17T23:05:34.870Z,2026-09-17T23:30:25.386Z,2.1,1.541,1.541,2.1,0.47619,0.648929,17.274,,71,false
ODDSPAPI|9882a8078e47ac0830328a7145c1,2026-09-18T00:47:57.962374+00:00,id1200390574532962,Tennis,Tennis,"ATP Challenger Tiburon, USA Men Singles",2026-09-17T23:00:00.000Z,"Zheng, Michael","Svajda, Trevor",20260917679E9D49,1636716474,draftkings,12362,,,false,12363,,0,2026-09-17T23:05:34.870Z,2026-09-17T23:30:25.386Z,1.606,2.35,1.606,2.35,0.622665,0.425532,-19.713,,72,false
ODDSPAPI|09671eac3425eb5e07dc20af2b3c,2026-09-18T00:47:57.962374+00:00,id1200390574532962,Tennis,Tennis,"ATP Challenger Tiburon, USA Men Singles",2026-09-17T23:00:00.000Z,"Zheng, Michael","Svajda, Trevor",20260917679E9D49,1636716474,draftkings,12366,,,false,12366,,0,2026-09-17T23:10:29.493Z,2026-09-17T23:34:19.726Z,1.606,1.741,1.606,2.1,0.622665,0.574383,-4.828,,89,false
ODDSPAPI|c089701aa2d8ca264a00c9ad885d,2026-09-18T00:47:57.962374+00:00,id1200390574532962,Tennis,Tennis,"ATP Challenger Tiburon, USA Men Singles",2026-09-17T23:00:00.000Z,"Zheng, Michael","Svajda, Trevor",20260917679E9D49,1636716474,draftkings,12366,,,false,12367,,0,2026-09-17T23:10:29.493Z,2026-09-17T23:34:19.726Z,2.1,1.952,1.667,2.2,0.47619,0.512295,3.61,,85,false
ODDSPAPI|7feb3213c593cc6be88720422e49,2026-09-18T00:47:57.962374+00:00,id1200390574532962,Tennis,Tennis,"ATP Challenger Tiburon, USA Men Singles",2026-09-17T23:00:00.000Z,"Zheng, Michael","Svajda, Trevor",20260917679E9D49,1636716474,draftkings,1237,,,false,1237,,0,2026-09-17T23:09:02.486Z,2026-09-18T00:02:43.309Z,1.952,2.1,1.714,2.35,0.512295,0.47619,-3.61,,189,false
ODDSPAPI|09da631438f5f1ae6a399eb6f74d,2026-09-18T00:47:57.962374+00:00,id1200390574532962,Tennis,Tennis,"ATP Challenger Tiburon, USA Men Singles",2026-09-17T23:00:00.000Z,"Zheng, Michael","Svajda, Trevor",20260917679E9D49,1636716474,draftkings,1237,,,false,1238,,0,2026-09-17T23:09:02.486Z,2026-09-18T00:02:43.309Z,1.769,1.606,1.541,2.0,0.565291,0.622665,5.737,,190,false
ODDSPAPI|f960134ed7b748bf6f39dd9a24da,2026-09-18T00:47:57.962374+00:00,id1200390574532962,Tennis,Tennis,"ATP Challenger Tiburon, USA Men Singles",2026-09-17T23:00:00.000Z,"Zheng, Michael","Svajda, Trevor",20260917679E9D49,1636716474,draftkings,12404,,,false,12404,,0,2026-09-17T23:09:02.486Z,2026-09-17T23:16:37.275Z,31.0,41.0,23.0,41.0,0.032258,0.02439,-0.787,,47,false
ODDSPAPI|235d1c4de3b5ae2e2fc65a5c0a9a,2026-09-18T00:47:57.962374+00:00,id1200390574532962,Tennis,Tennis,"ATP Challenger Tiburon, USA Men Singles",2026-09-17T23:00:00.000Z,"Zheng, Michael","Svajda, Trevor",20260917679E9D49,1636716474,draftkings,12404,,,false,12405,,0,2026-09-17T23:09:02.486Z,2026-09-17T23:36:29.713Z,8.0,1.05,1.02,23.0,0.125,0.952381,82.738,,256,false
ODDSPAPI|b9ade45919f7886c01c9c526df14,2026-09-18T00:47:57.962374+00:00,id1200390574532962,Tennis,Tennis,"ATP Challenger Tiburon, USA Men Singles",2026-09-17T23:00:00.000Z,"Zheng, Michael","Svajda, Trevor",20260917679E9D49,1636716474,draftkings,12404,,,false,12406,,0,2026-09-17T23:09:02.486Z,2026-09-17T23:36:29.713Z,9.0,23.0,3.7,41.0,0.111111,0.043478,-6.763,,228,false
ODDSPAPI|3db659b56ef5b41138e3b22ba488,2026-09-18T00:47:57.962374+00:00,id1200390574532962,Tennis,Tennis,"ATP Challenger Tiburon, USA Men Singles",2026-09-17T23:00:00.000Z,"Zheng, Michael","Svajda, Trevor",20260917679E9D49,1636716474,draftkings,12404,,,false,12407,,0,2026-09-17T23:09:02.486Z,2026-09-17T23:36:29.713Z,3.65,16.0,2.05,29.0,0.273973,0.0625,-21.147,,264,false
ODDSPAPI|7578a8105b45050bce7147e31875,2026-09-18T00:47:57.962374+00:00,id1200390574532962,Tennis,Tennis,"ATP Challenger Tiburon, USA Men Singles",2026-09-17T23:00:00.000Z,"Zheng, Michael","Svajda, Trevor",20260917679E9D49,1636716474,draftkings,12404,,,false,12408,,0,2026-09-17T23:09:02.486Z,2026-09-17T23:36:29.108Z,9.0,41.0,7.0,41.0,0.111111,0.02439,-8.672,,177,false
ODDSPAPI|7b36c98092352e388b1b881986e6,2026-09-18T00:47:57.962374+00:00,id1200390574532962,Tennis,Tennis,"ATP Challenger Tiburon, USA Men Singles",2026-09-17T23:00:00.000Z,"Zheng, Michael","Svajda, Trevor",20260917679E9D49,1636716474,draftkings,12404,,,false,12409,,0,2026-09-17T23:09:02.486Z,2026-09-17T23:36:29.108Z,12.0,41.0,10.0,41.0,0.083333,0.02439,-5.894,,163,false
ODDSPAPI|87049364fed87090038ce17e6a02,2026-09-18T00:47:57.962374+00:00,id1200390574532962,Tennis,Tennis,"ATP Challenger Tiburon, USA Men Singles",2026-09-17T23:00:00.000Z,"Zheng, Michael","Svajda, Trevor",20260917679E9D49,1636716474,draftkings,12404,,,false,12410,,0,2026-09-17T23:09:02.486Z,2026-09-17T23:36:29.108Z,7.5,41.0,6.0,41.0,0.133333,0.02439,-10.894,,186,false
ODDSPAPI|747fb11a5615d035ac3953b1769b,2026-09-18T00:47:57.962374+00:00,id1200390574532962,Tennis,Tennis,"ATP Challenger Tiburon, USA Men Singles",2026-09-17T23:00:00.000Z,"Zheng, Michael","Svajda, Trevor",20260917679E9D49,1636716474,draftkings,12404,,,false,12411,,0,2026-09-17T23:09:02.486Z,2026-09-17T23:12:45.034Z,41.0,41.0,36.0,41.0,0.02439,0.02439,0.0,,11,false
ODDSPAPI|3fd0147157f6d0e4270c9f8f1dfc,2026-09-18T00:47:57.962374+00:00,id1200390574532962,Tennis,Tennis,"ATP Challenger Tiburon, USA Men Singles",2026-09-17T23:00:00.000Z,"Zheng, Michael","Svajda, Trevor",20260917679E9D49,1636716474,draftkings,12404,,,false,12412,,0,2026-09-17T23:09:02.486Z,2026-09-17T23:18:04.431Z,41.0,41.0,23.0,41.0,0.02439,0.02439,0.0,,38,false
ODDSPAPI|f70966b85b3f22071516784ce0f1,2026-09-18T00:47:57.962374+00:00,id1200390574532962,Tennis,Tennis,"ATP Challenger Tiburon, USA Men Singles",2026-09-17T23:00:00.000Z,"Zheng, Michael","Svajda, Trevor",20260917679E9D49,1636716474,draftkings,12404,,,false,12413,,0,2026-09-17T23:09:02.486Z,2026-09-17T23:24:35.084Z,17.0,41.0,8.0,41.0,0.058824,0.02439,-3.443,,123,false
ODDSPAPI|2035b300ddd1a843fb08923a03d6,2026-09-18T00:47:57.962374+00:00,id1200390574532962,Tennis,Tennis,"ATP Challenger Tiburon, USA Men Singles",2026-09-17T23:00:00.000Z,"Zheng, Michael","Svajda, Trevor",20260917679E9D49,1636716474,draftkings,12404,,,false,12414,,0,2026-09-17T23:09:02.486Z,2026-09-17T23:28:02.623Z,21.0,41.0,12.0,41.0,0.047619,0.02439,-2.323,,152,false
ODDSPAPI|8e5ecea59a9f9a6da7c16d98830f,2026-09-18T00:47:57.962374+00:00,id1200390574532962,Tennis,Tennis,"ATP Challenger Tiburon, USA Men Singles",2026-09-17T23:00:00.000Z,"Zheng, Michael","Svajda, Trevor",20260917679E9D49,1636716474,draftkings,12404,,,false,12415,,0,2026-09-17T23:09:02.486Z,2026-09-17T23:34:08.909Z,6.0,41.0,4.9,41.0,0.166667,0.02439,-14.228,,184,false
ODDSPAPI|61c70fc908e5a806b9cec66236cf,2026-09-18T00:47:57.962374+00:00,id1200390574532962,Tennis,Tennis,"ATP Challenger Tiburon, USA Men Singles",2026-09-17T23:00:00.000Z,"Zheng, Michael","Svajda, Trevor",20260917679E9D49,1636716474,draftkings,12404,,,false,12416,,0,2026-09-17T23:09:02.486Z,2026-09-17T23:36:29.108Z,19.0,41.0,15.0,41.0,0.052632,0.02439,-2.824,,181,false
ODDSPAPI|211e41281cae345680c7a94fba07,2026-09-18T00:47:57.962374+00:00,id1200390574532962,Tennis,Tennis,"ATP Challenger Tiburon, USA Men Singles",2026-09-17T23:00:00.000Z,"Zheng, Michael","Svajda, Trevor",20260917679E9D49,1636716474,draftkings,12404,,,false,12417,,0,2026-09-17T23:09:02.486Z,2026-09-17T23:36:29.108Z,10.5,41.0,7.5,41.0,0.095238,0.02439,-7.085,,201,false
ODDSPAPI|0e4236b37b43c3384c6134111df1,2026-09-18T00:47:57.962374+00:00,id1200390574532962,Tennis,Tennis,"ATP Challenger Tiburon, USA Men Singles",2026-09-17T23:00:00.000Z,"Zheng, Michael","Svajda, Trevor",20260917679E9D49,1636716474,draftkings,1241,,,false,1241,,0,2026-09-17T23:09:02.486Z,2026-09-18T00:18:28.138Z,2.1,2.5,1.8,2.5,0.47619,0.4,-7.619,,162,false
ODDSPAPI|8176a6cba40c405907d993690d71,2026-09-18T00:47:57.962374+00:00,id1200390574532962,Tennis,Tennis,"ATP Challenger Tiburon, USA Men Singles",2026-09-17T23:00:00.000Z,"Zheng, Michael","Svajda, Trevor",20260917679E9D49,1636716474,draftkings,1241,,,false,1242,,0,2026-09-17T23:09:02.486Z,2026-09-18T00:18:28.138Z,1.606,1.465,1.465,1.909,0.622665,0.682594,5.993,,170,false
ODDSPAPI|6452b9885dd3421686e65535e0ae,2026-09-18T00:47:57.962374+00:00,id1200390574532962,Tennis,Tennis,"ATP Challenger Tiburon, USA Men Singles",2026-09-17T23:00:00.000Z,"Zheng, Michael","Svajda, Trevor",20260917679E9D49,1636716474,draftkings,12435,,,false,12435,,0,2026-09-17T23:36:47.915Z,2026-09-17T23:37:31.722Z,1.002,1.002,1.002,1.002,0.998004,0.998004,0.0,,2,false
ODDSPAPI|646823df7ba445d5f40d4f6af81e,2026-09-18T00:47:57.962374+00:00,id1200390574532962,Tennis,Tennis,"ATP Challenger Tiburon, USA Men Singles",2026-09-17T23:00:00.000Z,"Zheng, Michael","Svajda, Trevor",20260917679E9D49,1636716474,draftkings,12435,,,false,12436,,0,2026-09-17T23:36:47.915Z,2026-09-17T23:37:31.722Z,11.0,11.0,11.0,11.0,0.090909,0.090909,0.0,,2,false
ODDSPAPI|8ebffb1271013ccc2d9c7abedd51,2026-09-18T00:47:57.962374+00:00,id1200390574532962,Tennis,Tennis,"ATP Challenger Tiburon, USA Men Singles",2026-09-17T23:00:00.000Z,"Zheng, Michael","Svajda, Trevor",20260917679E9D49,1636716474,draftkings,12437,,,false,12437,,0,2026-09-17T23:36:47.915Z,2026-09-17T23:52:10.767Z,1.111,1.002,1.0,1.125,0.90009,0.998004,9.791,,52,false
ODDSPAPI|5b1b7abcda12119bbcde1dbc3f30,2026-09-18T00:47:57.962374+00:00,id1200390574532962,Tennis,Tennis,"ATP Challenger Tiburon, USA Men Singles",2026-09-17T23:00:00.000Z,"Zheng, Michael","Svajda, Trevor",20260917679E9D49,1636716474,draftkings,12437,,,false,12438,,0,2026-09-17T23:36:47.915Z,2026-09-17T23:52:10.767Z,5.25,11.0,5.0,11.0,0.190476,0.090909,-9.957,,50,false
ODDSPAPI|ee791c65a3eb36b84814809fd95b,2026-09-18T00:47:57.962374+00:00,id1200390574532962,Tennis,Tennis,"ATP Challenger Tiburon, USA Men Singles",2026-09-17T23:00:00.000Z,"Zheng, Michael","Svajda, Trevor",20260917679E9D49,1636716474,draftkings,12439,,,false,12439,,0,2026-09-17T23:36:47.915Z,2026-09-18T00:07:23.225Z,1.417,1.033,1.01,1.833,0.705716,0.968054,26.234,,82,false
ODDSPAPI|ce65e7ea2cd69c880a41d4d74e09,2026-09-18T00:47:57.962374+00:00,id1200390574532962,Tennis,Tennis,"ATP Challenger Tiburon, USA Men Singles",2026-09-17T23:00:00.000Z,"Zheng, Michael","Svajda, Trevor",20260917679E9D49,1636716474,draftkings,12439,,,false,12440,,0,2026-09-17T23:36:47.915Z,2026-09-18T00:07:23.225Z,2.6,8.0,1.833,9.5,0.384615,0.125,-25.962,,86,false
ODDSPAPI|bc7ac680bf71fad1fa0f3fc7cc18,2026-09-18T00:47:57.962374+00:00,id1200390574532962,Tennis,Tennis,"ATP Challenger Tiburon, USA Men Singles",2026-09-17T23:00:00.000Z,"Zheng, Michael","Svajda, Trevor",20260917679E9D49,1636716474,draftkings,12441,,,false,12441,,0,2026-09-17T23:36:47.915Z,2026-09-18T00:07:23.298Z,1.952,1.01,1.01,2.5,0.512295,0.990099,47.78,,131,false
ODDSPAPI|102f0b5e240998eb813874856ce6,2026-09-18T00:47:57.962374+00:00,id1200390574532962,Tennis,Tennis,"ATP Challenger Tiburon, USA Men Singles",2026-09-17T23:00:00.000Z,"Zheng, Michael","Svajda, Trevor",20260917679E9D49,1636716474,draftkings,12441,,,false,12442,,0,2026-09-17T23:36:47.915Z,2026-09-18T00:07:23.298Z,1.714,9.5,1.444,9.5,0.583431,0.105263,-47.817,,133,false
ODDSPAPI|f1afc6677cb2b7168a0c89fbc234,2026-09-18T00:47:57.962374+00:00,id1200390574532962,Tennis,Tennis,"ATP Challenger Tiburon, USA Men Singles",2026-09-17T23:00:00.000Z,"Zheng, Michael","Svajda, Trevor",20260917679E9D49,1636716474,draftkings,12443,,,false,12443,,0,2026-09-17T23:36:47.915Z,2026-09-18T00:18:28.138Z,3.9,10.5,1.465,11.0,0.25641,0.095238,-16.117,,179,false
ODDSPAPI|4e9f2d1c8df5022e39fb4d71e61a,2026-09-18T00:47:57.962374+00:00,id1200390574532962,Tennis,Tennis,"ATP Challenger Tiburon, USA Men Singles",2026-09-17T23:00:00.000Z,"Zheng, Michael","Svajda, Trevor",20260917679E9D49,1636716474,draftkings,12443,,,false,12444,,0,2026-09-17T23:36:47.915Z,2026-09-18T00:18:28.138Z,1.2,1.004,1.004,2.4,0.833333,0.996016,16.268,,172,false
ODDSPAPI|f74d1bb2889c1f968d2cc8455e12,2026-09-18T00:47:57.962374+00:00,id1200390574532962,Tennis,Tennis,"ATP Challenger Tiburon, USA Men Singles",2026-09-17T23:00:00.000Z,"Zheng, Michael","Svajda, Trevor",20260917679E9D49,1636716474,draftkings,12447,,,false,12447,,0,2026-09-17T23:36:47.915Z,2026-09-18T00:18:28.138Z,5.75,9.5,2.2,10.0,0.173913,0.105263,-6.865,,160,false
ODDSPAPI|0964cf0d4515af7e2e7677f70f64,2026-09-18T00:47:57.962374+00:00,id1200390574532962,Tennis,Tennis,"ATP Challenger Tiburon, USA Men Singles",2026-09-17T23:00:00.000Z,"Zheng, Michael","Svajda, Trevor",20260917679E9D49,1636716474,draftkings,12447,,,false,12448,,0,2026-09-17T23:36:47.915Z,2026-09-18T00:18:28.138Z,1.083,1.02,1.01,1.571,0.923361,0.980392,5.703,,167,false
ODDSPAPI|38cd147779928787ec56eb27a088,2026-09-18T00:47:57.962374+00:00,id1200390574532962,Tennis,Tennis,"ATP Challenger Tiburon, USA Men Singles",2026-09-17T23:00:00.000Z,"Zheng, Michael","Svajda, Trevor",20260917679E9D49,1636716474,draftkings,1245,,,false,1245,,0,2026-09-17T23:11:48.441Z,2026-09-18T00:18:28.138Z,2.05,2.25,1.909,2.35,0.487805,0.444444,-4.336,,55,false
ODDSPAPI|92228ea34e8e4196a3a96d353299,2026-09-18T00:47:57.962374+00:00,id1200390574532962,Tennis,Tennis,"ATP Challenger Tiburon, USA Men Singles",2026-09-17T23:00:00.000Z,"Zheng, Michael","Svajda, Trevor",20260917679E9D49,1636716474,draftkings,1245,,,false,1246,,0,2026-09-17T23:11:48.441Z,2026-09-18T00:18:28.138Z,1.667,1.541,1.5,1.769,0.59988,0.648929,4.905,,50,false
ODDSPAPI|422a75943e63bf0438d32ffb292c,2026-09-18T00:47:57.962374+00:00,id1200390574532962,Tennis,Tennis,"ATP Challenger Tiburon, USA Men Singles",2026-09-17T23:00:00.000Z,"Zheng, Michael","Svajda, Trevor",20260917679E9D49,1636716474,draftkings,12467,,,false,12467,,0,2026-09-17T23:47:49.981Z,2026-09-17T23:51:22.329Z,2.1,1.87,1.87,2.1,0.47619,0.534759,5.857,,15,false
ODDSPAPI|258a683f6a244668343505695f3d,2026-09-18T00:47:57.962374+00:00,id1200390574532962,Tennis,Tennis,"ATP Challenger Tiburon, USA Men Singles",2026-09-17T23:00:00.000Z,"Zheng, Michael","Svajda, Trevor",20260917679E9D49,1636716474,draftkings,12467,,,false,12468,,0,2026-09-17T23:47:49.981Z,2026-09-17T23:51:22.329Z,1.606,1.833,1.606,1.833,0.622665,0.545554,-7.711,,13,false
ODDSPAPI|6799e4a831fd75ac3e7dfa2a54e1,2026-09-18T00:47:57.962374+00:00,id1200390574532962,Tennis,Tennis,"ATP Challenger Tiburon, USA Men Singles",2026-09-17T23:00:00.000Z,"Zheng, Michael","Svajda, Trevor",20260917679E9D49,1636716474,draftkings,12471,,,false,12471,,0,2026-09-17T23:26:35.389Z,2026-09-18T00:04:48.463Z,2.4,2.5,1.606,2.5,0.416667,0.4,-1.667,,136,false
ODDSPAPI|bf3c52d764ee76cac96a2fc43c17,2026-09-18T00:47:57.962374+00:00,id1200390574532962,Tennis,Tennis,"ATP Challenger Tiburon, USA Men Singles",2026-09-17T23:00:00.000Z,"Zheng, Michael","Svajda, Trevor",20260917679E9D49,1636716474,draftkings,12471,,,false,12472,,0,2026-09-17T23:26:35.389Z,2026-09-18T00:04:48.463Z,1.5,1.444,1.444,2.1,0.666667,0.692521,2.585,,134,false
ODDSPAPI|e0e1dca6623ceb3c7ff88e8cbc7e,2026-09-18T00:47:57.962374+00:00,id1200390574532962,Tennis,Tennis,"ATP Challenger Tiburon, USA Men Singles",2026-09-17T23:00:00.000Z,"Zheng, Michael","Svajda, Trevor",20260917679E9D49,1636716474,draftkings,12475,,,false,12475,,0,2026-09-17T23:05:34.870Z,2026-09-18T00:08:40.547Z,1.606,1.002,1.0,2.6,0.622665,0.998004,37.534,,284,false
ODDSPAPI|c8ec40a964c6037c03d785f28a33,2026-09-18T00:47:57.962374+00:00,id1200390574532962,Tennis,Tennis,"ATP Challenger Tiburon, USA Men Singles",2026-09-17T23:00:00.000Z,"Zheng, Michael","Svajda, Trevor",20260917679E9D49,1636716474,draftkings,12475,,,false,12476,,0,2026-09-17T23:05:34.870Z,2026-09-18T00:08:40.547Z,2.2,19.0,1.417,23.0,0.454545,0.052632,-40.191,,305,false
ODDSPAPI|808ffc65ce11aa9a215450cdd306,2026-09-18T00:47:57.962374+00:00,id1200390574532962,Tennis,Tennis,"ATP Challenger Tiburon, USA Men Singles",2026-09-17T23:00:00.000Z,"Zheng, Michael","Svajda, Trevor",20260917679E9D49,1636716474,draftkings,12487,,,false,12487,,0,2026-09-17T23:58:43.917Z,2026-09-18T00:01:40.556Z,1.444,1.5,1.417,1.606,0.692521,0.666667,-2.585,,11,false
ODDSPAPI|04d2b0d2c772c62790660592088d,2026-09-18T00:47:57.962374+00:00,id1200390574532962,Tennis,Tennis,"ATP Challenger Tiburon, USA Men Singles",2026-09-17T23:00:00.000Z,"Zheng, Michael","Svajda, Trevor",20260917679E9D49,1636716474,draftkings,12487,,,false,12488,,0,2026-09-17T23:58:43.917Z,2026-09-18T00:01:40.556Z,2.5,2.4,2.1,2.6,0.4,0.416667,1.667,,10,false
ODDSPAPI|40927c7abb09a8a14ba233a0776f,2026-09-18T00:47:57.962374+00:00,id1200390574532962,Tennis,Tennis,"ATP Challenger Tiburon, USA Men Singles",2026-09-17T23:00:00.000Z,"Zheng, Michael","Svajda, Trevor",20260917679E9D49,1636716474,draftkings,125,Second Set Winner,moneyline,false,125,1,0,2026-09-16T05:06:13.816Z,2026-09-18T00:18:28.138Z,1.417,1.004,1.002,2.0,0.705716,0.996016,29.03,,437,false
ODDSPAPI|c735dfb3c5f673da6106927a08c8,2026-09-18T00:47:57.962374+00:00,id1200390574532962,Tennis,Tennis,"ATP Challenger Tiburon, USA Men Singles",2026-09-17T23:00:00.000Z,"Zheng, Michael","Svajda, Trevor",20260917679E9D49,1636716474,draftkings,125,Second Set Winner,moneyline,false,126,2,0,2026-09-16T05:06:13.816Z,2026-09-18T00:08:40.381Z,2.6,41.0,1.667,41.0,0.384615,0.02439,-36.023,,508,false
ODDSPAPI|28665a6279315141fed6a2297b34,2026-09-18T00:47:57.962374+00:00,id1200390574532962,Tennis,Tennis,"ATP Challenger Tiburon, USA Men Singles",2026-09-17T23:00:00.000Z,"Zheng, Michael","Svajda, Trevor",20260917679E9D49,1636716474,draftkings,12513,,,false,12513,,0,2026-09-17T23:00:34.489Z,2026-09-17T23:56:08.825Z,26.0,26.0,17.0,41.0,0.038462,0.038462,0.0,,155,false
ODDSPAPI|622854ed8a621bf3e9fd79e33ee2,2026-09-18T00:47:57.962374+00:00,id1200390574532962,Tennis,Tennis,"ATP Challenger Tiburon, USA Men Singles",2026-09-17T23:00:00.000Z,"Zheng, Michael","Svajda, Trevor",20260917679E9D49,1636716474,draftkings,12513,,,false,12514,,0,2026-09-17T23:00:34.489Z,2026-09-17T23:51:47.775Z,11.0,41.0,5.5,41.0,0.090909,0.02439,-6.652,,234,false
ODDSPAPI|5cb415c786fe2f80a0c53a45a896,2026-09-18T00:47:57.962374+00:00,id1200390574532962,Tennis,Tennis,"ATP Challenger Tiburon, USA Men Singles",2026-09-17T23:00:00.000Z,"Zheng, Michael","Svajda, Trevor",20260917679E9D49,1636716474,draftkings,12513,,,false,12515,,0,2026-09-17T23:00:34.489Z,2026-09-17T23:55:39.461Z,6.5,10.0,2.5,13.0,0.153846,0.1,-5.385,,304,false
ODDSPAPI|3a5e933f56b81789b5269b67abfe,2026-09-18T00:47:57.962374+00:00,id1200390574532962,Tennis,Tennis,"ATP Challenger Tiburon, USA Men Singles",2026-09-17T23:00:00.000Z,"Zheng, Michael","Svajda, Trevor",20260917679E9D49,1636716474,draftkings,12513,,,false,12516,,0,2026-09-17T23:00:34.489Z,2026-09-17T23:58:19.735Z,5.5,41.0,4.3,41.0,0.181818,0.02439,-15.743,,222,false
ODDSPAPI|b7ca3d1661c17f6a1123ab4c7d8c,2026-09-18T00:47:57.962374+00:00,id1200390574532962,Tennis,Tennis,"ATP Challenger Tiburon, USA Men Singles",2026-09-17T23:00:00.000Z,"Zheng, Michael","Svajda, Trevor",20260917679E9D49,1636716474,draftkings,12513,,,false,12517,,0,2026-09-17T23:00:34.489Z,2026-09-18T00:08:40.444Z,5.0,1.01,1.01,5.5,0.2,0.990099,79.01,,417,false
ODDSPAPI|fa08658e39f84f785b93b3c0b548,2026-09-18T00:47:57.962374+00:00,id1200390574532962,Tennis,Tennis,"ATP Challenger Tiburon, USA Men Singles",2026-09-17T23:00:00.000Z,"Zheng, Michael","Svajda, Trevor",20260917679E9D49,1636716474,draftkings,12513,,,false,12518,,0,2026-09-17T23:00:34.489Z,2026-09-18T00:08:40.444Z,12.0,41.0,5.5,41.0,0.083333,0.02439,-5.894,,271,false
ODDSPAPI|4f56c5bf8b03cefc0c6edd4525f5,2026-09-18T00:47:57.962374+00:00,id1200390574532962,Tennis,Tennis,"ATP Challenger Tiburon, USA Men Singles",2026-09-17T23:00:00.000Z,"Zheng, Michael","Svajda, Trevor",20260917679E9D49,1636716474,draftkings,12513,,,false,12519,,0,2026-09-17T23:00:34.489Z,2026-09-18T00:08:40.444Z,8.0,41.0,3.7,41.0,0.125,0.02439,-10.061,,382,false
ODDSPAPI|e60f00f82340f78733d9daa06e9f,2026-09-18T00:47:57.962374+00:00,id1200390574532962,Tennis,Tennis,"ATP Challenger Tiburon, USA Men Singles",2026-09-17T23:00:00.000Z,"Zheng, Michael","Svajda, Trevor",20260917679E9D49,1636716474,draftkings,12513,,,false,12520,,0,2026-09-17T23:00:34.489Z,2026-09-17T23:44:12.022Z,41.0,41.0,41.0,41.0,0.02439,0.02439,0.0,,8,false
ODDSPAPI|79d26c20edb2854e733615bc6992,2026-09-18T00:47:57.962374+00:00,id1200390574532962,Tennis,Tennis,"ATP Challenger Tiburon, USA Men Singles",2026-09-17T23:00:00.000Z,"Zheng, Michael","Svajda, Trevor",20260917679E9D49,1636716474,draftkings,12513,,,false,12521,,0,2026-09-17T23:00:34.489Z,2026-09-17T23:47:07.894Z,31.0,41.0,18.0,41.0,0.032258,0.02439,-0.787,,169,false
ODDSPAPI|50227d92af23436c2945ab29b326,2026-09-18T00:47:57.962374+00:00,id1200390574532962,Tennis,Tennis,"ATP Challenger Tiburon, USA Men Singles",2026-09-17T23:00:00.000Z,"Zheng, Michael","Svajda, Trevor",20260917679E9D49,1636716474,draftkings,12513,,,false,12522,,0,2026-09-17T23:00:34.489Z,2026-09-17T23:50:32.169Z,19.0,41.0,14.0,41.0,0.052632,0.02439,-2.824,,222,false
ODDSPAPI|996f0419a7b47b106327f004fea3,2026-09-18T00:47:57.962374+00:00,id1200390574532962,Tennis,Tennis,"ATP Challenger Tiburon, USA Men Singles",2026-09-17T23:00:00.000Z,"Zheng, Michael","Svajda, Trevor",20260917679E9D49,1636716474,draftkings,12513,,,false,12523,,0,2026-09-17T23:00:34.489Z,2026-09-18T00:02:44.422Z,10.0,13.0,3.65,41.0,0.1,0.076923,-2.308,,317,false
ODDSPAPI|5f8d12ba9e95d1838e4c8596a0eb,2026-09-18T00:47:57.962374+00:00,id1200390574532962,Tennis,Tennis,"ATP Challenger Tiburon, USA Men Singles",2026-09-17T23:00:00.000Z,"Zheng, Michael","Svajda, Trevor",20260917679E9D49,1636716474,draftkings,12513,,,false,12524,,0,2026-09-17T23:00:34.489Z,2026-09-18T00:05:16.160Z,9.0,26.0,5.5,41.0,0.111111,0.038462,-7.265,,359,false
ODDSPAPI|9ed579229d5457a7a1e7bfd2bda9,2026-09-18T00:47:57.962374+00:00,id1200390574532962,Tennis,Tennis,"ATP Challenger Tiburon, USA Men Singles",2026-09-17T23:00:00.000Z,"Zheng, Michael","Svajda, Trevor",20260917679E9D49,1636716474,draftkings,12513,,,false,12525,,0,2026-09-17T23:00:34.489Z,2026-09-18T00:08:40.444Z,19.0,41.0,8.5,41.0,0.052632,0.02439,-2.824,,378,false
ODDSPAPI|602da3daa487146066d5d9434a5c,2026-09-18T00:47:57.962374+00:00,id1200390574532962,Tennis,Tennis,"ATP Challenger Tiburon, USA Men Singles",2026-09-17T23:00:00.000Z,"Zheng, Michael","Svajda, Trevor",20260917679E9D49,1636716474,draftkings,12513,,,false,12526,,0,2026-09-17T23:00:34.489Z,2026-09-18T00:08:40.444Z,10.5,41.0,4.9,41.0,0.095238,0.02439,-7.085,,355,false
ODDSPAPI|f21b58e8f0a9cd6e3f7276d0b391,2026-09-18T00:47:57.962374+00:00,id1200390574532962,Tennis,Tennis,"ATP Challenger Tiburon, USA Men Singles",2026-09-17T23:00:00.000Z,"Zheng, Michael","Svajda, Trevor",20260917679E9D49,1636716474,draftkings,12582,,,false,12582,,0,2026-09-17T23:46:34.215Z,2026-09-18T00:08:40.401Z,2.25,2.2,1.952,2.35,0.444444,0.454545,1.01,,29,false
ODDSPAPI|8ecfdb710264ac0d88c85b0270d9,2026-09-18T00:47:57.962374+00:00,id1200390574532962,Tennis,Tennis,"ATP Challenger Tiburon, USA Men Singles",2026-09-17T23:00:00.000Z,"Zheng, Michael","Svajda, Trevor",20260917679E9D49,1636716474,draftkings,12582,,,false,12583,,0,2026-09-17T23:46:34.215Z,2026-09-18T00:08:40.401Z,1.571,1.571,1.541,1.769,0.636537,0.636537,0.0,,31,false
ODDSPAPI|f68ef8410f4fa349f6e5f0a92d88,2026-09-18T00:47:57.962374+00:00,id1200390574532962,Tennis,Tennis,"ATP Challenger Tiburon, USA Men Singles",2026-09-17T23:00:00.000Z,"Zheng, Michael","Svajda, Trevor",20260917679E9D49,1636716474,draftkings,12586,,,false,12586,,0,2026-09-17T23:36:47.915Z,2026-09-18T00:08:41.362Z,1.571,1.541,1.541,1.952,0.636537,0.648929,1.239,,149,false
ODDSPAPI|c8598a450424a03dda441f2eea51,2026-09-18T00:47:57.962374+00:00,id1200390574532962,Tennis,Tennis,"ATP Challenger Tiburon, USA Men Singles",2026-09-17T23:00:00.000Z,"Zheng, Michael","Svajda, Trevor",20260917679E9D49,1636716474,draftkings,12586,,,false,12587,,0,2026-09-17T23:36:47.915Z,2026-09-18T00:08:41.362Z,2.2,2.25,1.741,2.35,0.454545,0.444444,-1.01,,156,false
ODDSPAPI|05d951d9598ffcf5e196b2cca7b7,2026-09-18T00:47:57.962374+00:00,id1200390574532962,Tennis,Tennis,"ATP Challenger Tiburon, USA Men Singles",2026-09-17T23:00:00.000Z,"Zheng, Michael","Svajda, Trevor",20260917679E9D49,1636716474,draftkings,12624,,,false,12624,,0,2026-09-17T23:36:47.915Z,2026-09-18T00:08:40.444Z,23.0,31.0,19.0,36.0,0.043478,0.032258,-1.122,,137,false
ODDSPAPI|ee3e924f81f3e9a3b67678d3ffeb,2026-09-18T00:47:57.962374+00:00,id1200390574532962,Tennis,Tennis,"ATP Challenger Tiburon, USA Men Singles",2026-09-17T23:00:00.000Z,"Zheng, Michael","Svajda, Trevor",20260917679E9D49,1636716474,draftkings,12624,,,false,12625,,0,2026-09-17T23:36:47.915Z,2026-09-18T00:08:41.564Z,9.0,7.0,6.5,13.0,0.111111,0.142857,3.175,,155,false
ODDSPAPI|0cfb09494ad16acea468e83377a4,2026-09-18T00:47:57.962374+00:00,id1200390574532962,Tennis,Tennis,"ATP Challenger Tiburon, USA Men Singles",2026-09-17T23:00:00.000Z,"Zheng, Michael","Svajda, Trevor",20260917679E9D49,1636716474,draftkings,12624,,,false,12626,,0,2026-09-17T23:36:47.915Z,2026-09-18T00:08:41.564Z,7.0,8.0,5.75,9.5,0.142857,0.125,-1.786,,142,false
ODDSPAPI|bb1205f997fc1d8fcac74b8c3e43,2026-09-18T00:47:57.962374+00:00,id1200390574532962,Tennis,Tennis,"ATP Challenger Tiburon, USA Men Singles",2026-09-17T23:00:00.000Z,"Zheng, Michael","Svajda, Trevor",20260917679E9D49,1636716474,draftkings,12624,,,false,12627,,0,2026-09-17T23:36:47.915Z,2026-09-18T00:08:40.444Z,5.0,5.0,3.9,6.5,0.2,0.2,0.0,,179,false
ODDSPAPI|851606d6bfabcfa3201a44b76fe9,2026-09-18T00:47:57.962374+00:00,id1200390574532962,Tennis,Tennis,"ATP Challenger Tiburon, USA Men Singles",2026-09-17T23:00:00.000Z,"Zheng, Michael","Svajda, Trevor",20260917679E9D49,1636716474,draftkings,12624,,,false,12628,,0,2026-09-17T23:36:47.915Z,2026-09-18T00:08:40.444Z,6.0,6.0,5.0,6.5,0.166667,0.166667,0.0,,121,false
ODDSPAPI|39b33fa79e4c1409ca5edb873666,2026-09-18T00:47:57.962374+00:00,id1200390574532962,Tennis,Tennis,"ATP Challenger Tiburon, USA Men Singles",2026-09-17T23:00:00.000Z,"Zheng, Michael","Svajda, Trevor",20260917679E9D49,1636716474,draftkings,12624,,,false,12629,,0,2026-09-17T23:36:47.915Z,2026-09-18T00:08:40.444Z,12.0,10.5,10.5,17.0,0.083333,0.095238,1.19,,130,false
ODDSPAPI|7d16bbabaf9107bf5c8ca973be21,2026-09-18T00:47:57.962374+00:00,id1200390574532962,Tennis,Tennis,"ATP Challenger Tiburon, USA Men Singles",2026-09-17T23:00:00.000Z,"Zheng, Michael","Svajda, Trevor",20260917679E9D49,1636716474,draftkings,12624,,,false,12630,,0,2026-09-17T23:36:47.915Z,2026-09-18T00:08:40.444Z,9.5,8.5,7.0,10.0,0.105263,0.117647,1.238,,126,false
ODDSPAPI|81c081e4ba7a6e9578bd63a18661,2026-09-18T00:47:57.962374+00:00,id1200390574532962,Tennis,Tennis,"ATP Challenger Tiburon, USA Men Singles",2026-09-17T23:00:00.000Z,"Zheng, Michael","Svajda, Trevor",20260917679E9D49,1636716474,draftkings,12624,,,false,12631,,0,2026-09-17T23:36:47.915Z,2026-09-18T00:18:28.138Z,41.0,41.0,41.0,41.0,0.02439,0.02439,0.0,,6,false
ODDSPAPI|2b7a382e8df318c53e9ef92c905a,2026-09-18T00:47:57.962374+00:00,id1200390574532962,Tennis,Tennis,"ATP Challenger Tiburon, USA Men Singles",2026-09-17T23:00:00.000Z,"Zheng, Michael","Svajda, Trevor",20260917679E9D49,1636716474,draftkings,12624,,,false,12632,,0,2026-09-17T23:36:47.915Z,2026-09-18T00:08:41.564Z,26.0,21.0,19.0,41.0,0.038462,0.047619,0.916,,151,false
ODDSPAPI|5d56ae2b7a62d02275c40e64cc45,2026-09-18T00:47:57.962374+00:00,id1200390574532962,Tennis,Tennis,"ATP Challenger Tiburon, USA Men Singles",2026-09-17T23:00:00.000Z,"Zheng, Michael","Svajda, Trevor",20260917679E9D49,1636716474,draftkings,12624,,,false,12633,,0,2026-09-17T23:36:47.915Z,2026-09-18T00:08:40.444Z,15.0,19.0,12.0,23.0,0.066667,0.052632,-1.404,,158,false
ODDSPAPI|b69f32683379a7dde80f59db1998,2026-09-18T00:47:57.962374+00:00,id1200390574532962,Tennis,Tennis,"ATP Challenger Tiburon, USA Men Singles",2026-09-17T23:00:00.000Z,"Zheng, Michael","Svajda, Trevor",20260917679E9D49,1636716474,draftkings,12624,,,false,12634,,0,2026-09-17T23:36:47.915Z,2026-09-18T00:08:41.564Z,10.5,13.0,7.0,15.0,0.095238,0.076923,-1.832,,170,false
ODDSPAPI|bf94a3c9eacefd1709c2c0a42346,2026-09-18T00:47:57.962374+00:00,id1200390574532962,Tennis,Tennis,"ATP Challenger Tiburon, USA Men Singles",2026-09-17T23:00:00.000Z,"Zheng, Michael","Svajda, Trevor",20260917679E9D49,1636716474,draftkings,12624,,,false,12635,,0,2026-09-17T23:36:47.915Z,2026-09-18T00:08:41.564Z,8.0,9.0,6.5,11.0,0.125,0.111111,-1.389,,143,false
ODDSPAPI|692f68e4523f334641602e578d18,2026-09-18T00:47:57.962374+00:00,id1200390574532962,Tennis,Tennis,"ATP Challenger Tiburon, USA Men Singles",2026-09-17T23:00:00.000Z,"Zheng, Michael","Svajda, Trevor",20260917679E9D49,1636716474,draftkings,12624,,,false,12636,,0,2026-09-17T23:36:47.915Z,2026-09-18T00:08:41.564Z,18.0,21.0,14.0,26.0,0.055556,0.047619,-0.794,,169,false
ODDSPAPI|f8be017a139859622c18e4bf68b7,2026-09-18T00:47:57.962374+00:00,id1200390574532962,Tennis,Tennis,"ATP Challenger Tiburon, USA Men Singles",2026-09-17T23:00:00.000Z,"Zheng, Michael","Svajda, Trevor",20260917679E9D49,1636716474,draftkings,12624,,,false,12637,,0,2026-09-17T23:36:47.915Z,2026-09-18T00:08:41.564Z,13.0,10.0,9.5,15.0,0.076923,0.1,2.308,,130,false
ODDSPAPI|d646104e09b7e103761751dfef6b,2026-09-18T00:47:57.962374+00:00,id1200390574532962,Tennis,Tennis,"ATP Challenger Tiburon, USA Men Singles",2026-09-17T23:00:00.000Z,"Zheng, Michael","Svajda, Trevor",20260917679E9D49,1636716474,draftkings,12883,,,false,12883,,0,2026-09-16T05:06:13.816Z,2026-09-18T00:18:28.138Z,1.952,1.004,1.002,2.4,0.512295,0.996016,48.372,,487,false
ODDSPAPI|2c24689c8462cc7d0d34a872461e,2026-09-18T00:47:57.962374+00:00,id1200390574532962,Tennis,Tennis,"ATP Challenger Tiburon, USA Men Singles",2026-09-17T23:00:00.000Z,"Zheng, Michael","Svajda, Trevor",20260917679E9D49,1636716474,draftkings,12883,,,false,12884,,0,2026-09-16T05:06:13.816Z,2026-09-18T00:08:40.547Z,3.4,41.0,2.6,41.0,0.294118,0.02439,-26.973,,550,false
ODDSPAPI|56bb82ce1434dfe9c19207adec35,2026-09-18T00:47:57.962374+00:00,id1200390574532962,Tennis,Tennis,"ATP Challenger Tiburon, USA Men Singles",2026-09-17T23:00:00.000Z,"Zheng, Michael","Svajda, Trevor",20260917679E9D49,1636716474,draftkings,12883,,,false,12885,,0,2026-09-16T05:06:13.816Z,2026-09-17T23:56:08.825Z,6.0,41.0,4.3,41.0,0.166667,0.02439,-14.228,,219,false
ODDSPAPI|d913d3c716f4401cf24343ec2e2a,2026-09-18T00:47:57.962374+00:00,id1200390574532962,Tennis,Tennis,"ATP Challenger Tiburon, USA Men Singles",2026-09-17T23:00:00.000Z,"Zheng, Michael","Svajda, Trevor",20260917679E9D49,1636716474,draftkings,12883,,,false,12886,,0,2026-09-16T05:06:13.816Z,2026-09-18T00:08:40.547Z,5.75,41.0,3.8,41.0,0.173913,0.02439,-14.952,,484,false
ODDSPAPI|b97a352923e983e58d1cae7854de,2026-09-18T00:47:57.962374+00:00,id1200390574532962,Tennis,Tennis,"ATP Challenger Tiburon, USA Men Singles",2026-09-17T23:00:00.000Z,"Zheng, Michael","Svajda, Trevor",20260917679E9D49,1636716474,draftkings,129,,,false,1210,,0,2026-09-17T23:45:49.281Z,2026-09-17T23:54:36.033Z,2.8,3.75,1.87,3.9,0.357143,0.266667,-9.048,,42,false
ODDSPAPI|18f9e9cd9bcb703f7c58298acfa9,2026-09-18T00:47:57.962374+00:00,id1200390574532962,Tennis,Tennis,"ATP Challenger Tiburon, USA Men Singles",2026-09-17T23:00:00.000Z,"Zheng, Michael","Svajda, Trevor",20260917679E9D49,1636716474,draftkings,129,,,false,129,,0,2026-09-17T23:45:49.281Z,2026-09-17T23:54:36.033Z,1.364,1.235,1.211,1.833,0.733138,0.809717,7.658,,45,false
ODDSPAPI|76472fd611da447dd407b1003fa4,2026-09-18T00:47:57.962374+00:00,id1200390574532962,Tennis,Tennis,"ATP Challenger Tiburon, USA Men Singles",2026-09-17T23:00:00.000Z,"Zheng, Michael","Svajda, Trevor",20260917679E9D49,1636716474,fanduel,121,Winner,moneyline,false,121,1,0,2026-09-17T22:59:16.976Z,2026-09-18T00:08:49.903Z,1.26,1.002,1.0,1.36,0.793651,0.998004,20.435,20000.0,109,false
ODDSPAPI|85c0202167ad87d2983db0f7375b,2026-09-18T00:47:57.962374+00:00,id1200390574532962,Tennis,Tennis,"ATP Challenger Tiburon, USA Men Singles",2026-09-17T23:00:00.000Z,"Zheng, Michael","Svajda, Trevor",20260917679E9D49,1636716474,fanduel,121,Winner,moneyline,false,122,2,0,2026-09-17T22:59:16.976Z,2026-09-18T00:08:49.903Z,3.6,101.0,3.0,101.0,0.277778,0.009901,-26.788,1600.0,118,false
ODDSPAPI|e36e07f946c92454ff29d503135f,2026-09-18T00:47:57.962374+00:00,id1200390574532962,Tennis,Tennis,"ATP Challenger Tiburon, USA Men Singles",2026-09-17T23:00:00.000Z,"Zheng, Michael","Svajda, Trevor",20260917679E9D49,1636716474,fanduel,121033,,,false,121033,,0,2026-09-17T22:59:16.976Z,2026-09-18T00:08:49.903Z,2.4,51.0,1.8,51.0,0.416667,0.019608,-39.706,2857.0,127,false
ODDSPAPI|36341935df3a67cd352dce596e7f,2026-09-18T00:47:57.962374+00:00,id1200390574532962,Tennis,Tennis,"ATP Challenger Tiburon, USA Men Singles",2026-09-17T23:00:00.000Z,"Zheng, Michael","Svajda, Trevor",20260917679E9D49,1636716474,fanduel,121033,,,false,121034,,0,2026-09-17T22:59:16.976Z,2026-09-18T00:08:49.903Z,1.53,1.004,1.002,1.95,0.653595,0.996016,34.242,20000.0,133,false
ODDSPAPI|b6631ebab048059f034a4e595e6d,2026-09-18T00:47:57.962374+00:00,id1200390574532962,Tennis,Tennis,"ATP Challenger Tiburon, USA Men Singles",2026-09-17T23:00:00.000Z,"Zheng, Michael","Svajda, Trevor",20260917679E9D49,1636716474,fanduel,1213,,,false,1213,,0,2026-09-17T23:04:48.248Z,2026-09-18T00:10:17.283Z,1.09,1.59,1.04,2.55,0.917431,0.628931,-28.85,16000.0,116,false
ODDSPAPI|9c1c0e2b4a72bf645e76559220cb,2026-09-18T00:47:57.962374+00:00,id1200390574532962,Tennis,Tennis,"ATP Challenger Tiburon, USA Men Singles",2026-09-17T23:00:00.000Z,"Zheng, Michael","Svajda, Trevor",20260917679E9D49,1636716474,fanduel,1213,,,false,1214,,0,2026-09-17T23:04:48.248Z,2026-09-18T00:10:17.283Z,7.5,2.2,1.42,76.0,0.133333,0.454545,32.121,2480.0,127,false
ODDSPAPI|0933df184fa7478cf6e9f3ae0a68,2026-09-18T00:47:57.962374+00:00,id1200390574532962,Tennis,Tennis,"ATP Challenger Tiburon, USA Men Singles",2026-09-17T23:00:00.000Z,"Zheng, Michael","Svajda, Trevor",20260917679E9D49,1636716474,fanduel,12151,,,false,12151,,0,2026-09-17T23:04:48.248Z,2026-09-18T00:10:17.283Z,31.0,16.0,5.6,51.0,0.032258,0.0625,3.024,174.0,82,false
ODDSPAPI|adf947b4bb6d13e968e47b08540f,2026-09-18T00:47:57.962374+00:00,id1200390574532962,Tennis,Tennis,"ATP Challenger Tiburon, USA Men Singles",2026-09-17T23:00:00.000Z,"Zheng, Michael","Svajda, Trevor",20260917679E9D49,1636716474,fanduel,12151,,,false,12152,,0,2026-09-17T23:29:14.001Z,2026-09-18T00:10:17.283Z,1.01,1.02,1.004,1.13,0.990099,0.980392,-0.971,20000.0,49,false
ODDSPAPI|c3e83fb5972a2b3b2a2c811ba094,2026-09-18T00:47:57.962374+00:00,id1200390574532962,Tennis,Tennis,"ATP Challenger Tiburon, USA Men Singles",2026-09-17T23:00:00.000Z,"Zheng, Michael","Svajda, Trevor",20260917679E9D49,1636716474,fanduel,12155,,,false,12155,,0,2026-09-17T23:04:48.248Z,2026-09-18T00:10:17.283Z,12.0,1.83,1.74,56.0,0.083333,0.546448,46.311,1386.0,123,false
ODDSPAPI|a2d1fea41bd0a07f16f701061ff7,2026-09-18T00:47:57.962374+00:00,id1200390574532962,Tennis,Tennis,"ATP Challenger Tiburon, USA Men Singles",2026-09-17T23:00:00.000Z,"Zheng, Michael","Svajda, Trevor",20260917679E9D49,1636716474,fanduel,12155,,,false,12156,,0,2026-09-17T23:04:48.248Z,2026-09-18T00:10:17.283Z,1.04,1.74,1.01,1.83,0.961538,0.574713,-38.683,20000.0,100,false
ODDSPAPI|384e8a0ac4c50b7430313817d220,2026-09-18T00:47:57.962374+00:00,id1200390574532962,Tennis,Tennis,"ATP Challenger Tiburon, USA Men Singles",2026-09-17T23:00:00.000Z,"Zheng, Michael","Svajda, Trevor",20260917679E9D49,1636716474,fanduel,12159,,,false,12159,,0,2026-09-17T23:04:48.248Z,2026-09-18T00:10:17.283Z,7.5,2.95,1.42,46.0,0.133333,0.338983,20.565,1920.0,134,false
ODDSPAPI|4216c1be0b04ce454396ba85989f,2026-09-18T00:47:57.962374+00:00,id1200390574532962,Tennis,Tennis,"ATP Challenger Tiburon, USA Men Singles",2026-09-17T23:00:00.000Z,"Zheng, Michael","Svajda, Trevor",20260917679E9D49,1636716474,fanduel,12159,,,false,12160,,0,2026-09-17T23:04:48.248Z,2026-09-18T00:10:17.283Z,1.09,1.34,1.01,2.6,0.917431,0.746269,-17.116,20000.0,126,false
ODDSPAPI|10b0d701b026530281442c4068f0,2026-09-18T00:47:57.962374+00:00,id1200390574532962,Tennis,Tennis,"ATP Challenger Tiburon, USA Men Singles",2026-09-17T23:00:00.000Z,"Zheng, Michael","Svajda, Trevor",20260917679E9D49,1636716474,fanduel,12163,,,false,12163,,0,2026-09-17T23:04:48.248Z,2026-09-18T00:10:17.283Z,3.5,1.0,1.0,4.5,0.285714,,,20000.0,153,false
ODDSPAPI|7536afcb9827bb06c644ab1a12a8,2026-09-18T00:47:57.962374+00:00,id1200390574532962,Tennis,Tennis,"ATP Challenger Tiburon, USA Men Singles",2026-09-17T23:00:00.000Z,"Zheng, Michael","Svajda, Trevor",20260917679E9D49,1636716474,fanduel,12163,,,false,12164,,0,2026-09-17T23:04:48.248Z,2026-09-18T00:10:17.283Z,1.26,46.0,1.18,101.0,0.793651,0.021739,-77.191,4400.0,155,false
ODDSPAPI|956d8533e7c7a81d7dde5f84de99,2026-09-18T00:47:57.962374+00:00,id1200390574532962,Tennis,Tennis,"ATP Challenger Tiburon, USA Men Singles",2026-09-17T23:00:00.000Z,"Zheng, Michael","Svajda, Trevor",20260917679E9D49,1636716474,fanduel,12167,,,false,12167,,0,2026-09-17T23:04:48.248Z,2026-09-18T00:10:17.283Z,2.75,1.62,1.01,3.3,0.363636,0.617284,25.365,20000.0,143,false
ODDSPAPI|3fa1c33c3466110947fb19bb9bac,2026-09-18T00:47:57.962374+00:00,id1200390574532962,Tennis,Tennis,"ATP Challenger Tiburon, USA Men Singles",2026-09-17T23:00:00.000Z,"Zheng, Michael","Svajda, Trevor",20260917679E9D49,1636716474,fanduel,12167,,,false,12168,,0,2026-09-17T23:04:48.248Z,2026-09-18T00:10:17.283Z,1.38,2.0,1.28,36.0,0.724638,0.5,-22.464,2560.0,151,false
ODDSPAPI|fbd18a66adba29a03a27720c063d,2026-09-18T00:47:57.962374+00:00,id1200390574532962,Tennis,Tennis,"ATP Challenger Tiburon, USA Men Singles",2026-09-17T23:00:00.000Z,"Zheng, Michael","Svajda, Trevor",20260917679E9D49,1636716474,fanduel,1217,,,false,1217,,0,2026-09-17T23:04:48.248Z,2026-09-18T00:10:17.283Z,1.21,11.0,1.14,31.0,0.826446,0.090909,-73.554,5600.0,144,false
ODDSPAPI|f623c5947533c30a73bfb98d425e,2026-09-18T00:47:57.962374+00:00,id1200390574532962,Tennis,Tennis,"ATP Challenger Tiburon, USA Men Singles",2026-09-17T23:00:00.000Z,"Zheng, Michael","Svajda, Trevor",20260917679E9D49,1636716474,fanduel,1217,,,false,1218,,0,2026-09-17T23:04:48.248Z,2026-09-18T00:10:17.283Z,4.1,1.01,1.002,5.3,0.243902,0.990099,74.62,11200.0,151,false
ODDSPAPI|56b269c7bc82a23151e75022f019,2026-09-18T00:47:57.962374+00:00,id1200390574532962,Tennis,Tennis,"ATP Challenger Tiburon, USA Men Singles",2026-09-17T23:00:00.000Z,"Zheng, Michael","Svajda, Trevor",20260917679E9D49,1636716474,fanduel,12171,,,false,12171,,0,2026-09-17T22:59:16.976Z,2026-09-18T00:10:17.283Z,1.95,1.67,1.01,2.15,0.512821,0.598802,8.598,10000.0,129,false
ODDSPAPI|07b5ea879ec22b3c8a19606f935d,2026-09-18T00:47:57.962374+00:00,id1200390574532962,Tennis,Tennis,"ATP Challenger Tiburon, USA Men Singles",2026-09-17T23:00:00.000Z,"Zheng, Michael","Svajda, Trevor",20260917679E9D49,1636716474,fanduel,12171,,,false,12172,,0,2026-09-17T22:59:16.976Z,2026-09-18T00:10:17.283Z,1.65,1.95,1.57,56.0,0.606061,0.512821,-9.324,1716.0,148,false
ODDSPAPI|4b7246fb721f82daba99614d175c,2026-09-18T00:47:57.962374+00:00,id1200390574532962,Tennis,Tennis,"ATP Challenger Tiburon, USA Men Singles",2026-09-17T23:00:00.000Z,"Zheng, Michael","Svajda, Trevor",20260917679E9D49,1636716474,fanduel,12175,,,false,12175,,0,2026-09-17T23:04:48.248Z,2026-09-18T00:10:17.283Z,1.59,1.8,1.01,1.8,0.628931,0.555556,-7.338,12000.0,112,false
ODDSPAPI|b11bb695878a25aef60a7850f501,2026-09-18T00:47:57.962374+00:00,id1200390574532962,Tennis,Tennis,"ATP Challenger Tiburon, USA Men Singles",2026-09-17T23:00:00.000Z,"Zheng, Michael","Svajda, Trevor",20260917679E9D49,1636716474,fanduel,12175,,,false,12176,,0,2026-09-17T23:04:48.248Z,2026-09-18T00:10:17.283Z,2.1,1.8,1.8,61.0,0.47619,0.555556,7.937,762.0,138,false
ODDSPAPI|e7a2d5dbfedc2663a9cdc089a7f4,2026-09-18T00:47:57.962374+00:00,id1200390574532962,Tennis,Tennis,"ATP Challenger Tiburon, USA Men Singles",2026-09-17T23:00:00.000Z,"Zheng, Michael","Svajda, Trevor",20260917679E9D49,1636716474,fanduel,12179,,,false,12179,,0,2026-09-17T23:04:48.248Z,2026-09-18T00:09:06.697Z,1.4,1.01,1.01,1.53,0.714286,0.990099,27.581,16000.0,112,false
ODDSPAPI|bcadf64f9cd2369ec018a6799e11,2026-09-18T00:47:57.962374+00:00,id1200390574532962,Tennis,Tennis,"ATP Challenger Tiburon, USA Men Singles",2026-09-17T23:00:00.000Z,"Zheng, Michael","Svajda, Trevor",20260917679E9D49,1636716474,fanduel,12179,,,false,12180,,0,2026-09-17T23:04:48.248Z,2026-09-18T00:09:06.697Z,2.65,34.0,2.25,61.0,0.377358,0.029412,-34.795,485.0,137,false
ODDSPAPI|b408a1f91bb0f9b5cf5e8e9cd2f0,2026-09-18T00:47:57.962374+00:00,id1200390574532962,Tennis,Tennis,"ATP Challenger Tiburon, USA Men Singles",2026-09-17T23:00:00.000Z,"Zheng, Michael","Svajda, Trevor",20260917679E9D49,1636716474,fanduel,12183,,,false,12183,,0,2026-09-17T23:04:48.248Z,2026-09-18T00:09:06.697Z,1.32,1.02,1.01,1.43,0.757576,0.980392,22.282,20000.0,103,false
ODDSPAPI|28bbbb9fb982cb236393edce0512,2026-09-18T00:47:57.962374+00:00,id1200390574532962,Tennis,Tennis,"ATP Challenger Tiburon, USA Men Singles",2026-09-17T23:00:00.000Z,"Zheng, Michael","Svajda, Trevor",20260917679E9D49,1636716474,fanduel,12183,,,false,12184,,0,2026-09-17T23:04:48.248Z,2026-09-18T00:09:06.697Z,3.0,28.0,2.5,46.0,0.333333,0.035714,-29.762,400.0,133,false
ODDSPAPI|95d5aeb96fa23671d281a859dd89,2026-09-18T00:47:57.962374+00:00,id1200390574532962,Tennis,Tennis,"ATP Challenger Tiburon, USA Men Singles",2026-09-17T23:00:00.000Z,"Zheng, Michael","Svajda, Trevor",20260917679E9D49,1636716474,fanduel,12187,,,false,12187,,0,2026-09-17T23:04:48.248Z,2026-09-18T00:09:06.697Z,1.28,1.02,1.01,1.36,0.78125,0.980392,19.914,20000.0,94,false
ODDSPAPI|06d22cbc9fcf731a7cc7ae5ff164,2026-09-18T00:47:57.962374+00:00,id1200390574532962,Tennis,Tennis,"ATP Challenger Tiburon, USA Men Singles",2026-09-17T23:00:00.000Z,"Zheng, Michael","Svajda, Trevor",20260917679E9D49,1636716474,fanduel,12187,,,false,12188,,0,2026-09-17T23:04:48.248Z,2026-09-18T00:09:06.697Z,3.4,41.0,2.85,46.0,0.294118,0.02439,-26.973,333.0,121,false
ODDSPAPI|594ce27641a237c2d012e7b17f0d,2026-09-18T00:47:57.962374+00:00,id1200390574532962,Tennis,Tennis,"ATP Challenger Tiburon, USA Men Singles",2026-09-17T23:00:00.000Z,"Zheng, Michael","Svajda, Trevor",20260917679E9D49,1636716474,fanduel,12191,,,false,12191,,0,2026-09-17T23:04:48.248Z,2026-09-18T00:09:06.697Z,1.22,1.01,1.01,1.31,0.819672,0.990099,17.043,20000.0,79,false
ODDSPAPI|c3ffadff78776c7794a16dcd326d,2026-09-18T00:47:57.962374+00:00,id1200390574532962,Tennis,Tennis,"ATP Challenger Tiburon, USA Men Singles",2026-09-17T23:00:00.000Z,"Zheng, Michael","Svajda, Trevor",20260917679E9D49,1636716474,fanduel,12191,,,false,12192,,0,2026-09-17T23:04:48.248Z,2026-09-18T00:09:06.697Z,3.8,41.0,3.1,66.0,0.263158,0.02439,-23.877,286.0,113,false
ODDSPAPI|32fab7b267fc10e66b96ad10939e,2026-09-18T00:47:57.962374+00:00,id1200390574532962,Tennis,Tennis,"ATP Challenger Tiburon, USA Men Singles",2026-09-17T23:00:00.000Z,"Zheng, Michael","Svajda, Trevor",20260917679E9D49,1636716474,fanduel,12195,,,false,12195,,0,2026-09-17T23:04:48.248Z,2026-09-18T00:09:06.697Z,1.2,1.02,1.01,1.27,0.833333,0.980392,14.706,16000.0,57,false
ODDSPAPI|0c06a81765dc21662e4753219d0e,2026-09-18T00:47:57.962374+00:00,id1200390574532962,Tennis,Tennis,"ATP Challenger Tiburon, USA Men Singles",2026-09-17T23:00:00.000Z,"Zheng, Michael","Svajda, Trevor",20260917679E9D49,1636716474,fanduel,12195,,,false,12196,,0,2026-09-17T23:04:48.248Z,2026-09-18T00:09:06.697Z,4.2,41.0,3.4,61.0,0.238095,0.02439,-21.37,250.0,95,false
ODDSPAPI|7bdd664b029f214f8e853a127c73,2026-09-18T00:47:57.962374+00:00,id1200390574532962,Tennis,Tennis,"ATP Challenger Tiburon, USA Men Singles",2026-09-17T23:00:00.000Z,"Zheng, Michael","Svajda, Trevor",20260917679E9D49,1636716474,fanduel,12199,,,false,12199,,0,2026-09-17T23:04:48.248Z,2026-09-18T00:09:06.697Z,1.15,1.01,1.01,1.21,0.869565,0.990099,12.053,20000.0,55,false
ODDSPAPI|9430b8fa8cf81bf5320f57bbe3b7,2026-09-18T00:47:57.962374+00:00,id1200390574532962,Tennis,Tennis,"ATP Challenger Tiburon, USA Men Singles",2026-09-17T23:00:00.000Z,"Zheng, Michael","Svajda, Trevor",20260917679E9D49,1636716474,fanduel,12199,,,false,12200,,0,2026-09-17T23:04:48.248Z,2026-09-18T00:09:06.697Z,5.1,41.0,3.9,51.0,0.196078,0.02439,-17.169,195.0,67,false
ODDSPAPI|b29183cffffc51d400ee962d183a,2026-09-18T00:47:57.962374+00:00,id1200390574532962,Tennis,Tennis,"ATP Challenger Tiburon, USA Men Singles",2026-09-17T23:00:00.000Z,"Zheng, Michael","Svajda, Trevor",20260917679E9D49,1636716474,fanduel,12203,,,false,12203,,0,2026-09-17T23:04:48.248Z,2026-09-18T00:09:06.697Z,1.11,1.01,1.01,1.17,0.900901,0.990099,8.92,20000.0,45,false
ODDSPAPI|5e802bcee608a40414870d16b214,2026-09-18T00:47:57.962374+00:00,id1200390574532962,Tennis,Tennis,"ATP Challenger Tiburon, USA Men Singles",2026-09-17T23:00:00.000Z,"Zheng, Michael","Svajda, Trevor",20260917679E9D49,1636716474,fanduel,12203,,,false,12204,,0,2026-09-17T23:04:48.248Z,2026-09-18T00:09:06.697Z,6.0,34.0,4.7,81.0,0.166667,0.029412,-13.725,160.0,60,false
ODDSPAPI|1de2fd590b89f3ca256b7852f044,2026-09-18T00:47:57.962374+00:00,id1200390574532962,Tennis,Tennis,"ATP Challenger Tiburon, USA Men Singles",2026-09-17T23:00:00.000Z,"Zheng, Michael","Svajda, Trevor",20260917679E9D49,1636716474,fanduel,12207,,,false,12207,,0,2026-09-17T23:04:48.248Z,2026-09-18T00:09:06.697Z,1.05,1.02,1.01,1.09,0.952381,0.980392,2.801,20000.0,30,false
ODDSPAPI|809a8b563251e60426e3d8ab0e5a,2026-09-18T00:47:57.962374+00:00,id1200390574532962,Tennis,Tennis,"ATP Challenger Tiburon, USA Men Singles",2026-09-17T23:00:00.000Z,"Zheng, Michael","Svajda, Trevor",20260917679E9D49,1636716474,fanduel,12207,,,false,12208,,0,2026-09-17T23:04:48.248Z,2026-09-18T00:09:06.697Z,10.5,51.0,7.5,51.0,0.095238,0.019608,-7.563,100.0,47,false
ODDSPAPI|a915d164eed9d2079ff02dd70195,2026-09-18T00:47:57.962374+00:00,id1200390574532962,Tennis,Tennis,"ATP Challenger Tiburon, USA Men Singles",2026-09-17T23:00:00.000Z,"Zheng, Michael","Svajda, Trevor",20260917679E9D49,1636716474,fanduel,1221,,,false,1221,,0,2026-09-17T23:04:48.248Z,2026-09-18T00:10:17.283Z,1.3,2.15,1.15,31.0,0.769231,0.465116,-30.411,5200.0,154,false
ODDSPAPI|d4046d3f09e9790664dcdccda31f,2026-09-18T00:47:57.962374+00:00,id1200390574532962,Tennis,Tennis,"ATP Challenger Tiburon, USA Men Singles",2026-09-17T23:00:00.000Z,"Zheng, Michael","Svajda, Trevor",20260917679E9D49,1636716474,fanduel,1221,,,false,1222,,0,2026-09-17T23:04:48.248Z,2026-09-18T00:10:17.283Z,3.1,1.63,1.05,4.9,0.322581,0.613497,29.092,8000.0,145,false
ODDSPAPI|9faa9806aff447b0e72e28b2281e,2026-09-18T00:47:57.962374+00:00,id1200390574532962,Tennis,Tennis,"ATP Challenger Tiburon, USA Men Singles",2026-09-17T23:00:00.000Z,"Zheng, Michael","Svajda, Trevor",20260917679E9D49,1636716474,fanduel,12211,,,false,12211,,0,2026-09-17T23:04:48.248Z,2026-09-18T00:09:06.697Z,1.03,1.01,1.01,1.05,0.970874,0.990099,1.923,20000.0,27,false
ODDSPAPI|13006b0b51aab8feb118a8fa76fe,2026-09-18T00:47:57.962374+00:00,id1200390574532962,Tennis,Tennis,"ATP Challenger Tiburon, USA Men Singles",2026-09-17T23:00:00.000Z,"Zheng, Michael","Svajda, Trevor",20260917679E9D49,1636716474,fanduel,12211,,,false,12212,,0,2026-09-17T23:04:48.248Z,2026-09-18T00:09:06.697Z,14.0,46.0,10.0,66.0,0.071429,0.021739,-4.969,100.0,44,false
ODDSPAPI|b5c432187b05d7db6dd0fc450c8f,2026-09-18T00:47:57.962374+00:00,id1200390574532962,Tennis,Tennis,"ATP Challenger Tiburon, USA Men Singles",2026-09-17T23:00:00.000Z,"Zheng, Michael","Svajda, Trevor",20260917679E9D49,1636716474,fanduel,12215,,,false,12216,,0,2026-09-17T23:04:48.248Z,2026-09-18T00:09:06.697Z,31.0,46.0,21.0,61.0,0.032258,0.021739,-1.052,100.0,25,false
ODDSPAPI|dbed527c0562d88d130772849892,2026-09-18T00:47:57.962374+00:00,id1200390574532962,Tennis,Tennis,"ATP Challenger Tiburon, USA Men Singles",2026-09-17T23:00:00.000Z,"Zheng, Michael","Svajda, Trevor",20260917679E9D49,1636716474,fanduel,12219,,,false,12220,,0,2026-09-17T23:12:20.308Z,2026-09-18T00:09:06.697Z,46.0,46.0,46.0,46.0,0.021739,0.021739,0.0,100.0,4,false
ODDSPAPI|f71159339c8e0601f956ce7b651d,2026-09-18T00:47:57.962374+00:00,id1200390574532962,Tennis,Tennis,"ATP Challenger Tiburon, USA Men Singles",2026-09-17T23:00:00.000Z,"Zheng, Michael","Svajda, Trevor",20260917679E9D49,1636716474,fanduel,1225,,,false,1225,,0,2026-09-17T23:04:48.248Z,2026-09-18T00:10:17.283Z,1.48,2.0,1.34,41.0,0.675676,0.5,-17.568,2320.0,150,false
ODDSPAPI|d97a528c16194ca68030a77748ca,2026-09-18T00:47:57.962374+00:00,id1200390574532962,Tennis,Tennis,"ATP Challenger Tiburon, USA Men Singles",2026-09-17T23:00:00.000Z,"Zheng, Michael","Svajda, Trevor",20260917679E9D49,1636716474,fanduel,1225,,,false,1226,,0,2026-09-17T23:04:48.248Z,2026-09-18T00:10:17.283Z,2.35,1.71,1.03,2.9,0.425532,0.584795,15.926,12000.0,145,false
ODDSPAPI|c940d5b59c2a91c53bd2d811f4dd,2026-09-18T00:47:57.962374+00:00,id1200390574532962,Tennis,Tennis,"ATP Challenger Tiburon, USA Men Singles",2026-09-17T23:00:00.000Z,"Zheng, Michael","Svajda, Trevor",20260917679E9D49,1636716474,fanduel,1229,,,false,1229,,0,2026-09-17T23:04:48.248Z,2026-09-18T00:10:17.283Z,1.63,2.2,1.54,41.0,0.613497,0.454545,-15.895,1480.0,143,false
ODDSPAPI|1bb04a54f6b1050af56e03c52c2d,2026-09-18T00:47:57.962374+00:00,id1200390574532962,Tennis,Tennis,"ATP Challenger Tiburon, USA Men Singles",2026-09-17T23:00:00.000Z,"Zheng, Michael","Svajda, Trevor",20260917679E9D49,1636716474,fanduel,1229,,,false,1230,,0,2026-09-17T23:04:48.248Z,2026-09-18T00:10:17.283Z,2.0,1.61,1.01,2.2,0.5,0.621118,12.112,20000.0,143,false
ODDSPAPI|071ec8df68c40a7d1d65cdbf9e90,2026-09-18T00:47:57.962374+00:00,id1200390574532962,Tennis,Tennis,"ATP Challenger Tiburon, USA Men Singles",2026-09-17T23:00:00.000Z,"Zheng, Michael","Svajda, Trevor",20260917679E9D49,1636716474,fanduel,123,First Set Winner,moneyline,false,123,1,0,2026-09-17T22:59:16.976Z,2026-09-17T23:36:38.637Z,1.38,1.002,1.0,1.67,0.724638,0.998004,27.337,20000.0,71,false
ODDSPAPI|efd49956f34ae649532457f6aa8a,2026-09-18T00:47:57.962374+00:00,id1200390574532962,Tennis,Tennis,"ATP Challenger Tiburon, USA Men Singles",2026-09-17T23:00:00.000Z,"Zheng, Michael","Svajda, Trevor",20260917679E9D49,1636716474,fanduel,123,First Set Winner,moneyline,false,124,2,0,2026-09-17T22:59:16.976Z,2026-09-17T23:36:38.637Z,2.88,31.0,2.1,31.0,0.347222,0.032258,-31.496,1765.0,69,false
ODDSPAPI|9d5a661267a24267401ea288b30a,2026-09-18T00:47:57.962374+00:00,id1200390574532962,Tennis,Tennis,"ATP Challenger Tiburon, USA Men Singles",2026-09-17T23:00:00.000Z,"Zheng, Michael","Svajda, Trevor",20260917679E9D49,1636716474,fanduel,1233,,,false,1233,,0,2026-09-17T22:59:16.976Z,2026-09-18T00:10:17.283Z,1.85,1.91,1.67,41.0,0.540541,0.52356,-1.698,1920.0,140,false
ODDSPAPI|d45a33d814e8c4c57d6fcb091729,2026-09-18T00:47:57.962374+00:00,id1200390574532962,Tennis,Tennis,"ATP Challenger Tiburon, USA Men Singles",2026-09-17T23:00:00.000Z,"Zheng, Michael","Svajda, Trevor",20260917679E9D49,1636716474,fanduel,1233,,,false,1234,,0,2026-09-17T22:59:16.976Z,2026-09-18T00:10:17.283Z,1.89,1.8,1.01,1.95,0.529101,0.555556,2.646,20000.0,138,false
ODDSPAPI|5fda8d1dea198d1e79a198514e81,2026-09-18T00:47:57.962374+00:00,id1200390574532962,Tennis,Tennis,"ATP Challenger Tiburon, USA Men Singles",2026-09-17T23:00:00.000Z,"Zheng, Michael","Svajda, Trevor",20260917679E9D49,1636716474,fanduel,1237,,,false,1237,,0,2026-09-17T23:04:48.248Z,2026-09-18T00:10:17.283Z,2.05,1.91,1.74,41.0,0.487805,0.52356,3.576,1080.0,134,false
ODDSPAPI|582aff855b760201d32bd8959e18,2026-09-18T00:47:57.962374+00:00,id1200390574532962,Tennis,Tennis,"ATP Challenger Tiburon, USA Men Singles",2026-09-17T23:00:00.000Z,"Zheng, Michael","Svajda, Trevor",20260917679E9D49,1636716474,fanduel,1237,,,false,1238,,0,2026-09-17T23:04:48.248Z,2026-09-18T00:10:17.283Z,1.61,1.8,1.01,1.87,0.621118,0.555556,-6.556,20000.0,133,false
ODDSPAPI|bb8a7e43c07613bbc3743337e263,2026-09-18T00:47:57.962374+00:00,id1200390574532962,Tennis,Tennis,"ATP Challenger Tiburon, USA Men Singles",2026-09-17T23:00:00.000Z,"Zheng, Michael","Svajda, Trevor",20260917679E9D49,1636716474,fanduel,12404,,,false,12404,,0,2026-09-17T22:59:16.976Z,2026-09-17T23:38:22.867Z,31.0,51.0,21.0,51.0,0.032258,0.019608,-1.265,100.0,20,false
ODDSPAPI|a274f3c980fdcb6aac33fe2565f0,2026-09-18T00:47:57.962374+00:00,id1200390574532962,Tennis,Tennis,"ATP Challenger Tiburon, USA Men Singles",2026-09-17T23:00:00.000Z,"Zheng, Michael","Svajda, Trevor",20260917679E9D49,1636716474,fanduel,12404,,,false,12405,,0,2026-09-17T22:59:16.976Z,2026-09-17T23:36:38.637Z,10.5,1.04,1.01,18.0,0.095238,0.961538,86.63,20000.0,73,false
ODDSPAPI|08813c99c44488ba39e3d667e366,2026-09-18T00:47:57.962374+00:00,id1200390574532962,Tennis,Tennis,"ATP Challenger Tiburon, USA Men Singles",2026-09-17T23:00:00.000Z,"Zheng, Michael","Svajda, Trevor",20260917679E9D49,1636716474,fanduel,12404,,,false,12406,,0,2026-09-17T22:59:16.976Z,2026-09-17T23:36:38.637Z,7.0,21.0,3.8,41.0,0.142857,0.047619,-9.524,529.0,66,false
ODDSPAPI|fc9bcff71859285cc24a34468e65,2026-09-18T00:47:57.962374+00:00,id1200390574532962,Tennis,Tennis,"ATP Challenger Tiburon, USA Men Singles",2026-09-17T23:00:00.000Z,"Zheng, Michael","Svajda, Trevor",20260917679E9D49,1636716474,fanduel,12404,,,false,12407,,0,2026-09-17T22:59:16.976Z,2026-09-17T23:36:38.637Z,5.3,17.0,2.2,31.0,0.188679,0.058824,-12.986,1161.0,67,false
ODDSPAPI|d371ec674eaa417302c72c4a39f4,2026-09-18T00:47:57.962374+00:00,id1200390574532962,Tennis,Tennis,"ATP Challenger Tiburon, USA Men Singles",2026-09-17T23:00:00.000Z,"Zheng, Michael","Svajda, Trevor",20260917679E9D49,1636716474,fanduel,12404,,,false,12408,,0,2026-09-17T22:59:16.976Z,2026-09-17T23:36:38.637Z,5.4,51.0,5.4,51.0,0.185185,0.019608,-16.558,307.0,50,false
ODDSPAPI|bcbea5162ac085959bc811d15d03,2026-09-18T00:47:57.962374+00:00,id1200390574532962,Tennis,Tennis,"ATP Challenger Tiburon, USA Men Singles",2026-09-17T23:00:00.000Z,"Zheng, Michael","Svajda, Trevor",20260917679E9D49,1636716474,fanduel,12404,,,false,12409,,0,2026-09-17T22:59:16.976Z,2026-09-17T23:36:38.637Z,12.0,51.0,9.5,51.0,0.083333,0.019608,-6.373,180.0,48,false
ODDSPAPI|8dc17c03edc4dbdc011236bff32b,2026-09-18T00:47:57.962374+00:00,id1200390574532962,Tennis,Tennis,"ATP Challenger Tiburon, USA Men Singles",2026-09-17T23:00:00.000Z,"Zheng, Michael","Svajda, Trevor",20260917679E9D49,1636716474,fanduel,12404,,,false,12410,,0,2026-09-17T22:59:16.976Z,2026-09-17T23:36:38.637Z,9.5,51.0,7.5,51.0,0.105263,0.019608,-8.566,257.0,47,false
ODDSPAPI|387ec653223d8351305efd646e9c,2026-09-18T00:47:57.962374+00:00,id1200390574532962,Tennis,Tennis,"ATP Challenger Tiburon, USA Men Singles",2026-09-17T23:00:00.000Z,"Zheng, Michael","Svajda, Trevor",20260917679E9D49,1636716474,fanduel,12404,,,false,12411,,0,2026-09-17T22:59:16.976Z,2026-09-17T23:38:22.867Z,51.0,51.0,51.0,51.0,0.019608,0.019608,0.0,100.0,3,false
ODDSPAPI|22bf1463fe21122c56c7b9bd3596,2026-09-18T00:47:57.962374+00:00,id1200390574532962,Tennis,Tennis,"ATP Challenger Tiburon, USA Men Singles",2026-09-17T23:00:00.000Z,"Zheng, Michael","Svajda, Trevor",20260917679E9D49,1636716474,fanduel,12404,,,false,12412,,0,2026-09-17T22:59:16.976Z,2026-09-17T23:38:22.867Z,36.0,51.0,28.0,51.0,0.027778,0.019608,-0.817,100.0,8,false
ODDSPAPI|038e370cf0ef2aec11317fe15890,2026-09-18T00:47:57.962374+00:00,id1200390574532962,Tennis,Tennis,"ATP Challenger Tiburon, USA Men Singles",2026-09-17T23:00:00.000Z,"Zheng, Michael","Svajda, Trevor",20260917679E9D49,1636716474,fanduel,12404,,,false,12413,,0,2026-09-17T22:59:16.976Z,2026-09-17T23:38:22.867Z,19.0,51.0,9.5,51.0,0.052632,0.019608,-3.302,129.0,39,false
ODDSPAPI|f7b1f164069dd5a3cf21c28bffab,2026-09-18T00:47:57.962374+00:00,id1200390574532962,Tennis,Tennis,"ATP Challenger Tiburon, USA Men Singles",2026-09-17T23:00:00.000Z,"Zheng, Michael","Svajda, Trevor",20260917679E9D49,1636716474,fanduel,12404,,,false,12414,,0,2026-09-17T22:59:16.976Z,2026-09-17T23:38:22.867Z,10.5,51.0,10.5,51.0,0.095238,0.019608,-7.563,142.0,41,false
ODDSPAPI|4b54a2c9e4c657878d56f518b17b,2026-09-18T00:47:57.962374+00:00,id1200390574532962,Tennis,Tennis,"ATP Challenger Tiburon, USA Men Singles",2026-09-17T23:00:00.000Z,"Zheng, Michael","Svajda, Trevor",20260917679E9D49,1636716474,fanduel,12404,,,false,12415,,0,2026-09-17T22:59:16.976Z,2026-09-17T23:38:22.867Z,8.5,51.0,5.4,51.0,0.117647,0.019608,-9.804,360.0,55,false
ODDSPAPI|509626528b58ad7267ef6b63ad75,2026-09-18T00:47:57.962374+00:00,id1200390574532962,Tennis,Tennis,"ATP Challenger Tiburon, USA Men Singles",2026-09-17T23:00:00.000Z,"Zheng, Michael","Svajda, Trevor",20260917679E9D49,1636716474,fanduel,12404,,,false,12416,,0,2026-09-17T22:59:16.976Z,2026-09-17T23:36:38.637Z,19.0,51.0,15.0,51.0,0.052632,0.019608,-3.302,120.0,52,false
ODDSPAPI|e73ab42330d3e36a19a3d82d65b9,2026-09-18T00:47:57.962374+00:00,id1200390574532962,Tennis,Tennis,"ATP Challenger Tiburon, USA Men Singles",2026-09-17T23:00:00.000Z,"Zheng, Michael","Svajda, Trevor",20260917679E9D49,1636716474,fanduel,12404,,,false,12417,,0,2026-09-17T22:59:16.976Z,2026-09-17T23:36:38.637Z,12.0,51.0,9.5,51.0,0.083333,0.019608,-6.373,189.0,47,false
ODDSPAPI|67af7ef1b5aded32aa1f60a6b6e9,2026-09-18T00:47:57.962374+00:00,id1200390574532962,Tennis,Tennis,"ATP Challenger Tiburon, USA Men Singles",2026-09-17T23:00:00.000Z,"Zheng, Michael","Svajda, Trevor",20260917679E9D49,1636716474,fanduel,1241,,,false,1241,,0,2026-09-17T23:04:48.248Z,2026-09-18T00:09:06.697Z,2.25,41.0,1.83,41.0,0.444444,0.02439,-42.005,960.0,134,false
ODDSPAPI|3e6dcc3aa6850ffd62051c6721a7,2026-09-18T00:47:57.962374+00:00,id1200390574532962,Tennis,Tennis,"ATP Challenger Tiburon, USA Men Singles",2026-09-17T23:00:00.000Z,"Zheng, Michael","Svajda, Trevor",20260917679E9D49,1636716474,fanduel,1241,,,false,1242,,0,2026-09-17T23:04:48.248Z,2026-09-18T00:09:06.697Z,1.53,1.03,1.01,1.77,0.653595,0.970874,31.728,20000.0,133,false
ODDSPAPI|64c176173f67abf7c12300131e73,2026-09-18T00:47:57.962374+00:00,id1200390574532962,Tennis,Tennis,"ATP Challenger Tiburon, USA Men Singles",2026-09-17T23:00:00.000Z,"Zheng, Michael","Svajda, Trevor",20260917679E9D49,1636716474,fanduel,1245,,,false,1245,,0,2026-09-17T23:04:48.248Z,2026-09-18T00:09:06.697Z,2.35,41.0,2.0,41.0,0.425532,0.02439,-40.114,800.0,135,false
ODDSPAPI|4227d73fa5d03a54b0a2d5c9bd10,2026-09-18T00:47:57.962374+00:00,id1200390574532962,Tennis,Tennis,"ATP Challenger Tiburon, USA Men Singles",2026-09-17T23:00:00.000Z,"Zheng, Michael","Svajda, Trevor",20260917679E9D49,1636716474,fanduel,1245,,,false,1246,,0,2026-09-17T23:04:48.248Z,2026-09-18T00:09:06.697Z,1.48,1.03,1.01,1.65,0.675676,0.970874,29.52,20000.0,132,false
ODDSPAPI|2a0274714f1c300e5c0ea75538c8,2026-09-18T00:47:57.962374+00:00,id1200390574532962,Tennis,Tennis,"ATP Challenger Tiburon, USA Men Singles",2026-09-17T23:00:00.000Z,"Zheng, Michael","Svajda, Trevor",20260917679E9D49,1636716474,fanduel,1249,,,false,1249,,0,2026-09-17T23:04:48.248Z,2026-09-18T00:09:06.697Z,2.65,41.0,2.45,41.0,0.377358,0.02439,-35.297,552.0,133,false
ODDSPAPI|eea3a8b1591de2c7966e43cfd491,2026-09-18T00:47:57.962374+00:00,id1200390574532962,Tennis,Tennis,"ATP Challenger Tiburon, USA Men Singles",2026-09-17T23:00:00.000Z,"Zheng, Michael","Svajda, Trevor",20260917679E9D49,1636716474,fanduel,1249,,,false,1250,,0,2026-09-17T23:04:48.248Z,2026-09-18T00:09:06.697Z,1.4,1.03,1.01,1.45,0.714286,0.970874,25.659,20000.0,126,false
ODDSPAPI|fa2010d67d576d9e27edd2c34a8b,2026-09-18T00:47:57.962374+00:00,id1200390574532962,Tennis,Tennis,"ATP Challenger Tiburon, USA Men Singles",2026-09-17T23:00:00.000Z,"Zheng, Michael","Svajda, Trevor",20260917679E9D49,1636716474,fanduel,125,Second Set Winner,moneyline,false,125,1,0,2026-09-17T22:59:16.976Z,2026-09-18T00:08:49.903Z,1.36,1.004,1.002,1.91,0.735294,0.996016,26.072,20000.0,120,false
ODDSPAPI|0191dcddc272e6932e3256274826,2026-09-18T00:47:57.962374+00:00,id1200390574532962,Tennis,Tennis,"ATP Challenger Tiburon, USA Men Singles",2026-09-17T23:00:00.000Z,"Zheng, Michael","Svajda, Trevor",20260917679E9D49,1636716474,fanduel,125,Second Set Winner,moneyline,false,126,2,0,2026-09-17T22:59:16.976Z,2026-09-18T00:08:49.903Z,2.98,43.0,1.8,51.0,0.33557,0.023256,-31.231,3000.0,119,false
ODDSPAPI|5f3be8c301e52a0f64bd467b74a5,2026-09-18T00:47:57.962374+00:00,id1200390574532962,Tennis,Tennis,"ATP Challenger Tiburon, USA Men Singles",2026-09-17T23:00:00.000Z,"Zheng, Michael","Svajda, Trevor",20260917679E9D49,1636716474,fanduel,12513,,,false,12513,,0,2026-09-17T22:59:16.976Z,2026-09-18T00:10:17.283Z,23.0,51.0,16.0,51.0,0.043478,0.019608,-2.387,120.0,44,false
ODDSPAPI|ac2071b943f7b68bde257cdf84bd,2026-09-18T00:47:57.962374+00:00,id1200390574532962,Tennis,Tennis,"ATP Challenger Tiburon, USA Men Singles",2026-09-17T23:00:00.000Z,"Zheng, Michael","Svajda, Trevor",20260917679E9D49,1636716474,fanduel,12513,,,false,12514,,0,2026-09-17T22:59:16.976Z,2026-09-18T00:10:17.283Z,9.5,51.0,5.4,51.0,0.105263,0.019608,-8.566,360.0,56,false
ODDSPAPI|725f5dcfc5d0b29143235299cee6,2026-09-18T00:47:57.962374+00:00,id1200390574532962,Tennis,Tennis,"ATP Challenger Tiburon, USA Men Singles",2026-09-17T23:00:00.000Z,"Zheng, Michael","Svajda, Trevor",20260917679E9D49,1636716474,fanduel,12513,,,false,12515,,0,2026-09-17T22:59:16.976Z,2026-09-18T00:10:17.283Z,6.0,10.0,2.55,12.0,0.166667,0.1,-6.667,1091.0,87,false
ODDSPAPI|fa02776eaf5a10a9174111608cfb,2026-09-18T00:47:57.962374+00:00,id1200390574532962,Tennis,Tennis,"ATP Challenger Tiburon, USA Men Singles",2026-09-17T23:00:00.000Z,"Zheng, Michael","Svajda, Trevor",20260917679E9D49,1636716474,fanduel,12513,,,false,12516,,0,2026-09-17T22:59:16.976Z,2026-09-18T00:10:17.283Z,5.5,51.0,4.3,51.0,0.181818,0.019608,-16.221,409.0,86,false
ODDSPAPI|805f3d2cbeab21ecf916d911704c,2026-09-18T00:47:57.962374+00:00,id1200390574532962,Tennis,Tennis,"ATP Challenger Tiburon, USA Men Singles",2026-09-17T23:00:00.000Z,"Zheng, Michael","Svajda, Trevor",20260917679E9D49,1636716474,fanduel,12513,,,false,12517,,0,2026-09-17T22:59:16.976Z,2026-09-18T00:08:49.903Z,5.5,1.01,1.002,5.8,0.181818,0.990099,80.828,3060.0,117,false
ODDSPAPI|c87b549e3a07d68d042706067395,2026-09-18T00:47:57.962374+00:00,id1200390574532962,Tennis,Tennis,"ATP Challenger Tiburon, USA Men Singles",2026-09-17T23:00:00.000Z,"Zheng, Michael","Svajda, Trevor",20260917679E9D49,1636716474,fanduel,12513,,,false,12518,,0,2026-09-17T22:59:16.976Z,2026-09-18T00:08:49.903Z,13.0,51.0,5.4,51.0,0.076923,0.019608,-5.732,367.0,79,false
ODDSPAPI|babfe07a0b8e0788eb2cb4394d28,2026-09-18T00:47:57.962374+00:00,id1200390574532962,Tennis,Tennis,"ATP Challenger Tiburon, USA Men Singles",2026-09-17T23:00:00.000Z,"Zheng, Michael","Svajda, Trevor",20260917679E9D49,1636716474,fanduel,12513,,,false,12519,,0,2026-09-17T22:59:16.976Z,2026-09-18T00:08:49.903Z,10.0,51.0,4.0,51.0,0.1,0.019608,-8.039,500.0,68,false
ODDSPAPI|ccf0346bedbdfaa74367a2da9d49,2026-09-18T00:47:57.962374+00:00,id1200390574532962,Tennis,Tennis,"ATP Challenger Tiburon, USA Men Singles",2026-09-17T23:00:00.000Z,"Zheng, Michael","Svajda, Trevor",20260917679E9D49,1636716474,fanduel,12513,,,false,12520,,0,2026-09-17T22:59:16.976Z,2026-09-18T00:10:17.283Z,51.0,51.0,51.0,51.0,0.019608,0.019608,0.0,100.0,4,false
ODDSPAPI|0cb6a281640e87d8b5406968286c,2026-09-18T00:47:57.962374+00:00,id1200390574532962,Tennis,Tennis,"ATP Challenger Tiburon, USA Men Singles",2026-09-17T23:00:00.000Z,"Zheng, Michael","Svajda, Trevor",20260917679E9D49,1636716474,fanduel,12513,,,false,12521,,0,2026-09-17T22:59:16.976Z,2026-09-18T00:10:17.283Z,31.0,51.0,19.0,51.0,0.032258,0.019608,-1.265,100.0,54,false
ODDSPAPI|6524e5d6961bed4f3b0eec44341e,2026-09-18T00:47:57.962374+00:00,id1200390574532962,Tennis,Tennis,"ATP Challenger Tiburon, USA Men Singles",2026-09-17T23:00:00.000Z,"Zheng, Michael","Svajda, Trevor",20260917679E9D49,1636716474,fanduel,12513,,,false,12522,,0,2026-09-17T22:59:16.976Z,2026-09-18T00:10:17.283Z,18.0,51.0,17.0,51.0,0.055556,0.019608,-3.595,113.0,72,false
ODDSPAPI|824b9ae23c4c367fdcb2dea23f1b,2026-09-18T00:47:57.962374+00:00,id1200390574532962,Tennis,Tennis,"ATP Challenger Tiburon, USA Men Singles",2026-09-17T23:00:00.000Z,"Zheng, Michael","Svajda, Trevor",20260917679E9D49,1636716474,fanduel,12513,,,false,12523,,0,2026-09-17T22:59:16.976Z,2026-09-18T00:10:17.283Z,10.5,12.0,3.7,51.0,0.095238,0.083333,-1.19,360.0,74,false
ODDSPAPI|4e58c31363c8f4c6a5ec337f5982,2026-09-18T00:47:57.962374+00:00,id1200390574532962,Tennis,Tennis,"ATP Challenger Tiburon, USA Men Singles",2026-09-17T23:00:00.000Z,"Zheng, Michael","Svajda, Trevor",20260917679E9D49,1636716474,fanduel,12513,,,false,12524,,0,2026-09-17T22:59:16.976Z,2026-09-18T00:10:17.283Z,9.0,31.0,6.0,46.0,0.111111,0.032258,-7.885,327.0,95,false
ODDSPAPI|536974c612144bd53d5565e25c8c,2026-09-18T00:47:57.962374+00:00,id1200390574532962,Tennis,Tennis,"ATP Challenger Tiburon, USA Men Singles",2026-09-17T23:00:00.000Z,"Zheng, Michael","Svajda, Trevor",20260917679E9D49,1636716474,fanduel,12513,,,false,12525,,0,2026-09-17T22:59:16.976Z,2026-09-18T00:08:49.903Z,21.0,51.0,10.0,51.0,0.047619,0.019608,-2.801,189.0,62,false
ODDSPAPI|b93690a271c2c4a0cde0d210c4f1,2026-09-18T00:47:57.962374+00:00,id1200390574532962,Tennis,Tennis,"ATP Challenger Tiburon, USA Men Singles",2026-09-17T23:00:00.000Z,"Zheng, Michael","Svajda, Trevor",20260917679E9D49,1636716474,fanduel,12513,,,false,12526,,0,2026-09-17T22:59:16.976Z,2026-09-18T00:08:49.903Z,14.0,51.0,6.0,51.0,0.071429,0.019608,-5.182,327.0,80,false
ODDSPAPI|941439fb446c405f02aa5ffa6a17,2026-09-18T00:47:57.962374+00:00,id1200390574532962,Tennis,Tennis,"ATP Challenger Tiburon, USA Men Singles",2026-09-17T23:00:00.000Z,"Zheng, Michael","Svajda, Trevor",20260917679E9D49,1636716474,fanduel,1253,,,false,1253,,0,2026-09-17T23:04:48.248Z,2026-09-18T00:09:06.697Z,3.0,41.0,2.75,41.0,0.333333,0.02439,-30.894,432.0,127,false
ODDSPAPI|1a4f55660abdd0610db61657dbda,2026-09-18T00:47:57.962374+00:00,id1200390574532962,Tennis,Tennis,"ATP Challenger Tiburon, USA Men Singles",2026-09-17T23:00:00.000Z,"Zheng, Michael","Svajda, Trevor",20260917679E9D49,1636716474,fanduel,1253,,,false,1254,,0,2026-09-17T23:04:48.248Z,2026-09-18T00:09:06.697Z,1.33,1.07,1.03,1.37,0.75188,0.934579,18.27,8800.0,101,false
ODDSPAPI|9eaad62df8fbabf77bcf1a222214,2026-09-18T00:47:57.962374+00:00,id1200390574532962,Tennis,Tennis,"ATP Challenger Tiburon, USA Men Singles",2026-09-17T23:00:00.000Z,"Zheng, Michael","Svajda, Trevor",20260917679E9D49,1636716474,fanduel,12542,Third Set Winner,moneyline,false,12542,1,0,2026-09-17T22:59:16.976Z,2026-09-18T00:08:50.544Z,1.41,1.48,1.38,1.54,0.70922,0.675676,-3.354,3432.0,105,false
ODDSPAPI|42000a12ddeadd9ee13ade5485c5,2026-09-18T00:47:57.962374+00:00,id1200390574532962,Tennis,Tennis,"ATP Challenger Tiburon, USA Men Singles",2026-09-17T23:00:00.000Z,"Zheng, Michael","Svajda, Trevor",20260917679E9D49,1636716474,fanduel,12542,Third Set Winner,moneyline,false,12543,2,0,2026-09-17T22:59:16.976Z,2026-09-18T00:08:50.544Z,2.78,2.4,2.3,2.78,0.359712,0.416667,5.695,978.0,92,false
ODDSPAPI|b8962d54df8a6825fcb494315487,2026-09-18T00:47:57.962374+00:00,id1200390574532962,Tennis,Tennis,"ATP Challenger Tiburon, USA Men Singles",2026-09-17T23:00:00.000Z,"Zheng, Michael","Svajda, Trevor",20260917679E9D49,1636716474,fanduel,1257,,,false,1257,,0,2026-09-17T23:04:48.248Z,2026-09-18T00:09:06.697Z,3.5,46.0,3.2,46.0,0.285714,0.021739,-26.398,364.0,120,false
ODDSPAPI|337340234582c9e7bda1919d53f0,2026-09-18T00:47:57.962374+00:00,id1200390574532962,Tennis,Tennis,"ATP Challenger Tiburon, USA Men Singles",2026-09-17T23:00:00.000Z,"Zheng, Michael","Svajda, Trevor",20260917679E9D49,1636716474,fanduel,1257,,,false,1258,,0,2026-09-17T23:04:48.248Z,2026-09-18T00:09:06.697Z,1.26,1.05,1.04,1.3,0.793651,0.952381,15.873,12000.0,95,false
ODDSPAPI|2989875dd8b2ef6bf8f1c921630d,2026-09-18T00:47:57.962374+00:00,id1200390574532962,Tennis,Tennis,"ATP Challenger Tiburon, USA Men Singles",2026-09-17T23:00:00.000Z,"Zheng, Michael","Svajda, Trevor",20260917679E9D49,1636716474,fanduel,1261,,,false,1261,,0,2026-09-17T23:04:48.248Z,2026-09-18T00:09:06.697Z,4.1,20.0,3.6,34.0,0.243902,0.05,-19.39,308.0,112,false
ODDSPAPI|aeec760e49edf2fcbbbf5f6b38cc,2026-09-18T00:47:57.962374+00:00,id1200390574532962,Tennis,Tennis,"ATP Challenger Tiburon, USA Men Singles",2026-09-17T23:00:00.000Z,"Zheng, Michael","Svajda, Trevor",20260917679E9D49,1636716474,fanduel,1261,,,false,1262,,0,2026-09-17T23:04:48.248Z,2026-09-18T00:09:06.697Z,1.21,1.03,1.03,1.24,0.826446,0.970874,14.443,16000.0,78,false
ODDSPAPI|4845b616d791b022358e93d4d658,2026-09-18T00:47:57.962374+00:00,id1200390574532962,Tennis,Tennis,"ATP Challenger Tiburon, USA Men Singles",2026-09-17T23:00:00.000Z,"Zheng, Michael","Svajda, Trevor",20260917679E9D49,1636716474,fanduel,12624,,,false,12624,,0,2026-09-17T22:59:16.976Z,2026-09-18T00:08:50.544Z,23.0,28.0,21.0,51.0,0.043478,0.035714,-0.776,100.0,78,false
ODDSPAPI|6ebb67e528a279bfbbc4137c6c2f,2026-09-18T00:47:57.962374+00:00,id1200390574532962,Tennis,Tennis,"ATP Challenger Tiburon, USA Men Singles",2026-09-17T23:00:00.000Z,"Zheng, Michael","Svajda, Trevor",20260917679E9D49,1636716474,fanduel,12624,,,false,12625,,0,2026-09-17T22:59:16.976Z,2026-09-18T00:08:50.544Z,10.0,12.0,9.5,14.0,0.1,0.083333,-1.667,235.0,96,false
ODDSPAPI|03a3fbf857ecf10255d02d1a9bcc,2026-09-18T00:47:57.962374+00:00,id1200390574532962,Tennis,Tennis,"ATP Challenger Tiburon, USA Men Singles",2026-09-17T23:00:00.000Z,"Zheng, Michael","Svajda, Trevor",20260917679E9D49,1636716474,fanduel,12624,,,false,12626,,0,2026-09-17T22:59:16.976Z,2026-09-18T00:08:50.544Z,7.0,7.5,6.0,8.5,0.142857,0.133333,-0.952,364.0,78,false
ODDSPAPI|ae780da2255257f4651928771afe,2026-09-18T00:47:57.962374+00:00,id1200390574532962,Tennis,Tennis,"ATP Challenger Tiburon, USA Men Singles",2026-09-17T23:00:00.000Z,"Zheng, Michael","Svajda, Trevor",20260917679E9D49,1636716474,fanduel,12624,,,false,12627,,0,2026-09-17T22:59:16.976Z,2026-09-18T00:08:50.544Z,5.5,5.6,5.0,6.0,0.181818,0.178571,-0.325,488.0,119,false
ODDSPAPI|d69c86facc97ec8f6711dc8c27a0,2026-09-18T00:47:57.962374+00:00,id1200390574532962,Tennis,Tennis,"ATP Challenger Tiburon, USA Men Singles",2026-09-17T23:00:00.000Z,"Zheng, Michael","Svajda, Trevor",20260917679E9D49,1636716474,fanduel,12624,,,false,12628,,0,2026-09-17T22:59:16.976Z,2026-09-18T00:08:50.544Z,5.8,5.9,5.1,6.5,0.172414,0.169492,-0.292,465.0,90,false
ODDSPAPI|371fbb66323f3976338707a62ed1,2026-09-18T00:47:57.962374+00:00,id1200390574532962,Tennis,Tennis,"ATP Challenger Tiburon, USA Men Singles",2026-09-17T23:00:00.000Z,"Zheng, Michael","Svajda, Trevor",20260917679E9D49,1636716474,fanduel,12624,,,false,12629,,0,2026-09-17T22:59:16.976Z,2026-09-18T00:08:50.544Z,14.0,12.0,11.0,16.0,0.071429,0.083333,1.19,182.0,67,false
ODDSPAPI|791439e1d8cebf08493c7177afc2,2026-09-18T00:47:57.962374+00:00,id1200390574532962,Tennis,Tennis,"ATP Challenger Tiburon, USA Men Singles",2026-09-17T23:00:00.000Z,"Zheng, Michael","Svajda, Trevor",20260917679E9D49,1636716474,fanduel,12624,,,false,12630,,0,2026-09-17T22:59:16.976Z,2026-09-18T00:08:50.544Z,9.5,9.0,8.0,11.0,0.105263,0.111111,0.585,250.0,95,false
ODDSPAPI|3b2e6585c5ea7fd64e84a0b6a158,2026-09-18T00:47:57.962374+00:00,id1200390574532962,Tennis,Tennis,"ATP Challenger Tiburon, USA Men Singles",2026-09-17T23:00:00.000Z,"Zheng, Michael","Svajda, Trevor",20260917679E9D49,1636716474,fanduel,12624,,,false,12631,,0,2026-09-17T22:59:16.976Z,2026-09-18T00:08:50.544Z,51.0,51.0,51.0,51.0,0.019608,0.019608,0.0,100.0,4,false
ODDSPAPI|86bfdc67b32e901c071c3dbc49fa,2026-09-18T00:47:57.962374+00:00,id1200390574532962,Tennis,Tennis,"ATP Challenger Tiburon, USA Men Singles",2026-09-17T23:00:00.000Z,"Zheng, Michael","Svajda, Trevor",20260917679E9D49,1636716474,fanduel,12624,,,false,12632,,0,2026-09-17T22:59:16.976Z,2026-09-18T00:08:50.544Z,31.0,34.0,23.0,51.0,0.032258,0.029412,-0.285,100.0,92,false
ODDSPAPI|79cb0f6c0808eaad3a2b895ea518,2026-09-18T00:47:57.962374+00:00,id1200390574532962,Tennis,Tennis,"ATP Challenger Tiburon, USA Men Singles",2026-09-17T23:00:00.000Z,"Zheng, Michael","Svajda, Trevor",20260917679E9D49,1636716474,fanduel,12624,,,false,12633,,0,2026-09-17T22:59:16.976Z,2026-09-18T00:08:50.544Z,15.0,14.0,13.0,19.0,0.066667,0.071429,0.476,154.0,98,false
ODDSPAPI|c2ca88dbbd28b76e699237ce67c8,2026-09-18T00:47:57.962374+00:00,id1200390574532962,Tennis,Tennis,"ATP Challenger Tiburon, USA Men Singles",2026-09-17T23:00:00.000Z,"Zheng, Michael","Svajda, Trevor",20260917679E9D49,1636716474,fanduel,12624,,,false,12634,,0,2026-09-17T22:59:16.976Z,2026-09-18T00:08:50.544Z,10.0,9.5,8.0,11.0,0.1,0.105263,0.526,286.0,94,false
ODDSPAPI|87838221a006afca2649b3887767,2026-09-18T00:47:57.962374+00:00,id1200390574532962,Tennis,Tennis,"ATP Challenger Tiburon, USA Men Singles",2026-09-17T23:00:00.000Z,"Zheng, Michael","Svajda, Trevor",20260917679E9D49,1636716474,fanduel,12624,,,false,12635,,0,2026-09-17T22:59:16.976Z,2026-09-18T00:08:50.544Z,8.5,7.5,6.5,9.0,0.117647,0.133333,1.569,333.0,68,false
ODDSPAPI|263f11641468f2ff564944af814e,2026-09-18T00:47:57.962374+00:00,id1200390574532962,Tennis,Tennis,"ATP Challenger Tiburon, USA Men Singles",2026-09-17T23:00:00.000Z,"Zheng, Michael","Svajda, Trevor",20260917679E9D49,1636716474,fanduel,12624,,,false,12636,,0,2026-09-17T22:59:16.976Z,2026-09-18T00:08:50.544Z,19.0,17.0,15.0,28.0,0.052632,0.058824,0.619,143.0,111,false
ODDSPAPI|dfe6bbe146a1b8d01b0670cac373,2026-09-18T00:47:57.962374+00:00,id1200390574532962,Tennis,Tennis,"ATP Challenger Tiburon, USA Men Singles",2026-09-17T23:00:00.000Z,"Zheng, Michael","Svajda, Trevor",20260917679E9D49,1636716474,fanduel,12624,,,false,12637,,0,2026-09-17T22:59:16.976Z,2026-09-18T00:08:50.544Z,13.0,13.0,10.5,14.0,0.076923,0.076923,0.0,200.0,74,false
ODDSPAPI|b6d163a613e88059155bb5348507,2026-09-18T00:47:57.962374+00:00,id1200390574532962,Tennis,Tennis,"ATP Challenger Tiburon, USA Men Singles",2026-09-17T23:00:00.000Z,"Zheng, Michael","Svajda, Trevor",20260917679E9D49,1636716474,fanduel,1265,,,false,1265,,0,2026-09-17T23:04:48.248Z,2026-09-18T00:09:06.697Z,5.2,31.0,4.5,56.0,0.192308,0.032258,-16.005,229.0,118,false
ODDSPAPI|7757609d4c5221ca9c307b8cb24a,2026-09-18T00:47:57.962374+00:00,id1200390574532962,Tennis,Tennis,"ATP Challenger Tiburon, USA Men Singles",2026-09-17T23:00:00.000Z,"Zheng, Michael","Svajda, Trevor",20260917679E9D49,1636716474,fanduel,1265,,,false,1266,,0,2026-09-17T23:04:48.248Z,2026-09-18T00:09:06.697Z,1.15,1.03,1.03,1.18,0.869565,0.970874,10.131,16000.0,57,false
ODDSPAPI|299629f4a6b184a099c5145bb469,2026-09-18T00:47:57.962374+00:00,id1200390574532962,Tennis,Tennis,"ATP Challenger Tiburon, USA Men Singles",2026-09-17T23:00:00.000Z,"Zheng, Michael","Svajda, Trevor",20260917679E9D49,1636716474,fanduel,1269,,,false,1269,,0,2026-09-17T23:04:48.248Z,2026-09-18T00:09:06.697Z,6.5,46.0,5.6,81.0,0.153846,0.021739,-13.211,174.0,89,false
ODDSPAPI|1a40a1b081355e31bfebbf779d73,2026-09-18T00:47:57.962374+00:00,id1200390574532962,Tennis,Tennis,"ATP Challenger Tiburon, USA Men Singles",2026-09-17T23:00:00.000Z,"Zheng, Michael","Svajda, Trevor",20260917679E9D49,1636716474,fanduel,1269,,,false,1270,,0,2026-09-17T23:04:48.248Z,2026-09-18T00:09:06.697Z,1.11,1.05,1.03,1.13,0.900901,0.952381,5.148,16000.0,47,false
ODDSPAPI|7cd32b6ea81147a10c489331badf,2026-09-18T00:47:57.962374+00:00,id1200390574532962,Tennis,Tennis,"ATP Challenger Tiburon, USA Men Singles",2026-09-17T23:00:00.000Z,"Zheng, Michael","Svajda, Trevor",20260917679E9D49,1636716474,fanduel,1273,,,false,1273,,0,2026-09-17T23:04:48.248Z,2026-09-18T00:09:06.697Z,9.0,36.0,7.5,46.0,0.111111,0.027778,-8.333,123.0,85,false
ODDSPAPI|e3702497a533ba034ab75c3c3446,2026-09-18T00:47:57.962374+00:00,id1200390574532962,Tennis,Tennis,"ATP Challenger Tiburon, USA Men Singles",2026-09-17T23:00:00.000Z,"Zheng, Michael","Svajda, Trevor",20260917679E9D49,1636716474,fanduel,1273,,,false,1274,,0,2026-09-17T23:04:48.248Z,2026-09-18T00:09:06.697Z,1.07,1.03,1.03,1.08,0.934579,0.970874,3.629,20000.0,33,false
ODDSPAPI|a73ab9addc78ebaf8cd4796f674d,2026-09-18T00:47:57.962374+00:00,id1200390574532962,Tennis,Tennis,"ATP Challenger Tiburon, USA Men Singles",2026-09-17T23:00:00.000Z,"Zheng, Michael","Svajda, Trevor",20260917679E9D49,1636716474,fanduel,1277,,,false,1277,,0,2026-09-17T23:04:48.248Z,2026-09-18T00:09:06.697Z,13.0,41.0,11.0,61.0,0.076923,0.02439,-5.253,100.0,53,false
ODDSPAPI|d4dd33623e6e711c77093ed71f0c,2026-09-18T00:47:57.962374+00:00,id1200390574532962,Tennis,Tennis,"ATP Challenger Tiburon, USA Men Singles",2026-09-17T23:00:00.000Z,"Zheng, Michael","Svajda, Trevor",20260917679E9D49,1636716474,fanduel,1277,,,false,1278,,0,2026-09-17T23:04:48.248Z,2026-09-18T00:09:06.697Z,1.03,1.03,1.03,1.05,0.970874,0.970874,0.0,20000.0,14,false
ODDSPAPI|fca9e2afa767612ff93e63d06d48,2026-09-18T00:47:57.962374+00:00,id1200390574532962,Tennis,Tennis,"ATP Challenger Tiburon, USA Men Singles",2026-09-17T23:00:00.000Z,"Zheng, Michael","Svajda, Trevor",20260917679E9D49,1636716474,fanduel,1281,,,false,1281,,0,2026-09-17T23:04:48.248Z,2026-09-18T00:09:06.697Z,19.0,36.0,16.0,41.0,0.052632,0.027778,-2.485,100.0,44,false
ODDSPAPI|1bfb45f8a0ae156366d4c2506f6c,2026-09-18T00:47:57.962374+00:00,id1200390574532962,Tennis,Tennis,"ATP Challenger Tiburon, USA Men Singles",2026-09-17T23:00:00.000Z,"Zheng, Michael","Svajda, Trevor",20260917679E9D49,1636716474,fanduel,1285,,,false,1285,,0,2026-09-17T23:04:48.248Z,2026-09-18T00:09:06.697Z,28.0,56.0,23.0,56.0,0.035714,0.017857,-1.786,100.0,35,false
ODDSPAPI|0b924abfc2384ec57beba7c4184f,2026-09-18T00:47:57.962374+00:00,id1200390574532962,Tennis,Tennis,"ATP Challenger Tiburon, USA Men Singles",2026-09-17T23:00:00.000Z,"Zheng, Michael","Svajda, Trevor",20260917679E9D49,1636716474,fanduel,12883,,,false,12883,,0,2026-09-17T22:59:16.976Z,2026-09-18T00:08:49.903Z,1.87,1.004,1.002,2.15,0.534759,0.996016,46.126,20000.0,141,false
ODDSPAPI|0ce3dc24b6e7e435f64db45b8fe5,2026-09-18T00:47:57.962374+00:00,id1200390574532962,Tennis,Tennis,"ATP Challenger Tiburon, USA Men Singles",2026-09-17T23:00:00.000Z,"Zheng, Michael","Svajda, Trevor",20260917679E9D49,1636716474,fanduel,12883,,,false,12884,,0,2026-09-17T22:59:16.976Z,2026-09-18T00:08:49.903Z,3.5,51.0,2.7,51.0,0.285714,0.019608,-26.611,952.0,131,false
ODDSPAPI|91c172f65fef2c9c612fcfaa884c,2026-09-18T00:47:57.962374+00:00,id1200390574532962,Tennis,Tennis,"ATP Challenger Tiburon, USA Men Singles",2026-09-17T23:00:00.000Z,"Zheng, Michael","Svajda, Trevor",20260917679E9D49,1636716474,fanduel,12883,,,false,12885,,0,2026-09-17T22:59:16.976Z,2026-09-18T00:10:17.283Z,6.5,51.0,5.2,51.0,0.153846,0.019608,-13.424,364.0,63,false
ODDSPAPI|1125afe989c7959cb12a48ea6777,2026-09-18T00:47:57.962374+00:00,id1200390574532962,Tennis,Tennis,"ATP Challenger Tiburon, USA Men Singles",2026-09-17T23:00:00.000Z,"Zheng, Michael","Svajda, Trevor",20260917679E9D49,1636716474,fanduel,12883,,,false,12886,,0,2026-09-17T22:59:16.976Z,2026-09-18T00:08:49.903Z,6.5,51.0,4.6,51.0,0.153846,0.019608,-13.424,455.0,94,false
ODDSPAPI|0f0b80b3fd336a0dfd31bdb01db6,2026-09-18T00:47:57.962374+00:00,id1200390574532962,Tennis,Tennis,"ATP Challenger Tiburon, USA Men Singles",2026-09-17T23:00:00.000Z,"Zheng, Michael","Svajda, Trevor",20260917679E9D49,1636716474,fanduel,1289,,,false,1289,,0,2026-09-17T23:17:11.391Z,2026-09-18T00:09:06.697Z,46.0,46.0,46.0,51.0,0.021739,0.021739,0.0,100.0,10,false
ODDSPAPI|5c0898139c090a008017dc564687,2026-09-18T00:47:57.962374+00:00,id1200390574532962,Tennis,Tennis,"ATP Challenger Tiburon, USA Men Singles",2026-09-17T23:00:00.000Z,"Zheng, Michael","Svajda, Trevor",20260917679E9D49,1636716474,fanduel,129,,,false,1210,,0,2026-09-17T23:04:48.248Z,2026-09-18T00:10:17.283Z,12.0,10.5,1.77,21.0,0.083333,0.095238,1.19,1040.0,113,false
ODDSPAPI|651f763e2448e8b6ed70f7318f73,2026-09-18T00:47:57.962374+00:00,id1200390574532962,Tennis,Tennis,"ATP Challenger Tiburon, USA Men Singles",2026-09-17T23:00:00.000Z,"Zheng, Michael","Svajda, Trevor",20260917679E9D49,1636716474,fanduel,129,,,false,129,,0,2026-09-17T23:04:48.248Z,2026-09-18T00:10:17.283Z,1.04,1.05,1.03,1.83,0.961538,0.952381,-0.916,20000.0,96,false
ODDSPAPI|a6acce1007129f52c47f13cda3c4,2026-09-18T00:47:57.962374+00:00,id1200390574532962,Tennis,Tennis,"ATP Challenger Tiburon, USA Men Singles",2026-09-17T23:00:00.000Z,"Zheng, Michael","Svajda, Trevor",20260917679E9D49,1636716474,pinnacle,121,Winner,moneyline,false,121,1,0,2026-09-17T08:11:23.176Z,2026-09-18T00:07:08.512Z,1.319,1.022,1.02,1.389,0.75815,0.978474,22.032,5555.0,222,false
ODDSPAPI|cb255365c82ffd202e898c100129,2026-09-18T00:47:57.962374+00:00,id1200390574532962,Tennis,Tennis,"ATP Challenger Tiburon, USA Men Singles",2026-09-17T23:00:00.000Z,"Zheng, Michael","Svajda, Trevor",20260917679E9D49,1636716474,pinnacle,121,Winner,moneyline,false,122,2,0,2026-09-17T08:11:23.176Z,2026-09-18T00:07:08.512Z,3.56,36.93,3.16,42.29,0.280899,0.027078,-25.382,1350.0,222,false
ODDSPAPI|41c2eb7741b1e901b0cead9500bc,2026-09-18T00:47:57.962374+00:00,id1200390574532962,Tennis,Tennis,"ATP Challenger Tiburon, USA Men Singles",2026-09-17T23:00:00.000Z,"Zheng, Michael","Svajda, Trevor",20260917679E9D49,1636716474,pinnacle,121077,,,false,121077,,0,2026-09-17T08:11:23.527Z,2026-09-17T23:08:02.699Z,2.64,2.6,2.6,2.66,0.378788,0.384615,0.583,210.0,16,false
ODDSPAPI|4047c9d994c60d95710c7927b5a4,2026-09-18T00:47:57.962374+00:00,id1200390574532962,Tennis,Tennis,"ATP Challenger Tiburon, USA Men Singles",2026-09-17T23:00:00.000Z,"Zheng, Michael","Svajda, Trevor",20260917679E9D49,1636716474,pinnacle,121077,,,false,121078,,0,2026-09-17T08:11:23.527Z,2026-09-17T23:08:02.699Z,1.473,1.497,1.473,1.497,0.678887,0.668003,-1.088,439.0,16,false
ODDSPAPI|49da396d78c7dbac5160768a0788,2026-09-18T00:47:57.962374+00:00,id1200390574532962,Tennis,Tennis,"ATP Challenger Tiburon, USA Men Singles",2026-09-17T23:00:00.000Z,"Zheng, Michael","Svajda, Trevor",20260917679E9D49,1636716474,pinnacle,121139,,,false,121139,,0,2026-09-17T08:11:23.527Z,2026-09-17T23:08:02.699Z,1.775,1.84,1.769,1.854,0.56338,0.543478,-1.99,268.0,16,false
ODDSPAPI|e9bdf98aab9e762af71b31f5d7cd,2026-09-18T00:47:57.962374+00:00,id1200390574532962,Tennis,Tennis,"ATP Challenger Tiburon, USA Men Singles",2026-09-17T23:00:00.000Z,"Zheng, Michael","Svajda, Trevor",20260917679E9D49,1636716474,pinnacle,121139,,,false,121140,,0,2026-09-17T08:11:23.527Z,2026-09-17T23:08:02.699Z,2.07,1.961,1.952,2.07,0.483092,0.509944,2.685,220.0,16,false
ODDSPAPI|a8dd616f10f48080316a5d0648a6,2026-09-18T00:47:57.962374+00:00,id1200390574532962,Tennis,Tennis,"ATP Challenger Tiburon, USA Men Singles",2026-09-17T23:00:00.000Z,"Zheng, Michael","Svajda, Trevor",20260917679E9D49,1636716474,pinnacle,121141,,,false,121141,,0,2026-09-17T08:11:23.527Z,2026-09-17T23:08:02.699Z,1.961,2.029,1.961,2.04,0.509944,0.492854,-1.709,214.0,16,false
ODDSPAPI|761001e85103370511b63afd5e8f,2026-09-18T00:47:57.962374+00:00,id1200390574532962,Tennis,Tennis,"ATP Challenger Tiburon, USA Men Singles",2026-09-17T23:00:00.000Z,"Zheng, Michael","Svajda, Trevor",20260917679E9D49,1636716474,pinnacle,121141,,,false,121142,,0,2026-09-17T08:11:23.527Z,2026-09-17T23:08:02.699Z,1.854,1.787,1.781,1.854,0.539374,0.559597,2.022,268.0,16,false
ODDSPAPI|af98cfd71599d7a314414c7c4ef6,2026-09-18T00:47:57.962374+00:00,id1200390574532962,Tennis,Tennis,"ATP Challenger Tiburon, USA Men Singles",2026-09-17T23:00:00.000Z,"Zheng, Michael","Svajda, Trevor",20260917679E9D49,1636716474,pinnacle,1213,,,false,1213,,0,2026-09-17T23:31:05.468Z,2026-09-17T23:56:39.236Z,1.364,1.13,1.13,2.63,0.733138,0.884956,15.182,8269.0,68,false
ODDSPAPI|e028dc37792761279b163658ae47,2026-09-18T00:47:57.962374+00:00,id1200390574532962,Tennis,Tennis,"ATP Challenger Tiburon, USA Men Singles",2026-09-17T23:00:00.000Z,"Zheng, Michael","Svajda, Trevor",20260917679E9D49,1636716474,pinnacle,1213,,,false,1214,,0,2026-09-17T23:31:05.468Z,2026-09-17T23:56:39.236Z,3.22,6.31,1.507,6.31,0.310559,0.158479,-15.208,2120.0,68,false
ODDSPAPI|abf533379be537f4ce74a31a58ad,2026-09-18T00:47:57.962374+00:00,id1200390574532962,Tennis,Tennis,"ATP Challenger Tiburon, USA Men Singles",2026-09-17T23:00:00.000Z,"Zheng, Michael","Svajda, Trevor",20260917679E9D49,1636716474,pinnacle,12151,,,false,12151,,0,2026-09-17T23:47:37.514Z,2026-09-17T23:50:36.199Z,6.24,5.09,5.09,6.24,0.160256,0.196464,3.621,1075.0,9,false
ODDSPAPI|95e2aeeca2d8019259dcc9724cdc,2026-09-18T00:47:57.962374+00:00,id1200390574532962,Tennis,Tennis,"ATP Challenger Tiburon, USA Men Singles",2026-09-17T23:00:00.000Z,"Zheng, Michael","Svajda, Trevor",20260917679E9D49,1636716474,pinnacle,12151,,,false,12152,,0,2026-09-17T23:47:37.514Z,2026-09-17T23:50:36.199Z,1.132,1.18,1.132,1.18,0.883392,0.847458,-3.593,8143.0,9,false
ODDSPAPI|78b7e29021b9b116389516dc0d4d,2026-09-18T00:47:57.962374+00:00,id1200390574532962,Tennis,Tennis,"ATP Challenger Tiburon, USA Men Singles",2026-09-17T23:00:00.000Z,"Zheng, Michael","Svajda, Trevor",20260917679E9D49,1636716474,pinnacle,12155,,,false,12155,,0,2026-09-17T23:33:40.195Z,2026-09-17T23:54:46.038Z,3.13,5.68,1.884,5.68,0.319489,0.176056,-14.343,1216.0,57,false
ODDSPAPI|cf21266c780270a9f8fa7dfec5e3,2026-09-18T00:47:57.962374+00:00,id1200390574532962,Tennis,Tennis,"ATP Challenger Tiburon, USA Men Singles",2026-09-17T23:00:00.000Z,"Zheng, Michael","Svajda, Trevor",20260917679E9D49,1636716474,pinnacle,12155,,,false,12156,,0,2026-09-17T23:33:40.195Z,2026-09-17T23:54:46.038Z,1.383,1.153,1.153,1.952,0.723066,0.867303,14.424,6323.0,57,false
ODDSPAPI|e64ce0fad5d28a7a22e660eb1010,2026-09-18T00:47:57.962374+00:00,id1200390574532962,Tennis,Tennis,"ATP Challenger Tiburon, USA Men Singles",2026-09-17T23:00:00.000Z,"Zheng, Michael","Svajda, Trevor",20260917679E9D49,1636716474,pinnacle,12159,,,false,12159,,0,2026-09-17T23:28:07.662Z,2026-09-17T23:58:01.695Z,3.83,8.87,1.492,8.87,0.261097,0.11274,-14.836,2184.0,89,false
ODDSPAPI|802ce68c9c774863532a121e094f,2026-09-18T00:47:57.962374+00:00,id1200390574532962,Tennis,Tennis,"ATP Challenger Tiburon, USA Men Singles",2026-09-17T23:00:00.000Z,"Zheng, Michael","Svajda, Trevor",20260917679E9D49,1636716474,pinnacle,12159,,,false,12160,,0,2026-09-17T23:28:07.662Z,2026-09-17T23:58:01.695Z,1.278,1.074,1.074,2.68,0.782473,0.931099,14.863,14527.0,89,false
ODDSPAPI|de7c67b75235c374ed9cdd9742d0,2026-09-18T00:47:57.962374+00:00,id1200390574532962,Tennis,Tennis,"ATP Challenger Tiburon, USA Men Singles",2026-09-17T23:00:00.000Z,"Zheng, Michael","Svajda, Trevor",20260917679E9D49,1636716474,pinnacle,12163,,,false,12163,,0,2026-09-17T23:22:06.137Z,2026-09-18T00:07:22.612Z,2.95,1.062,1.062,2.95,0.338983,0.94162,60.264,10336.0,136,false
ODDSPAPI|10ac65fbd79f77aeec2283fda164,2026-09-18T00:47:57.962374+00:00,id1200390574532962,Tennis,Tennis,"ATP Challenger Tiburon, USA Men Singles",2026-09-17T23:00:00.000Z,"Zheng, Michael","Svajda, Trevor",20260917679E9D49,1636716474,pinnacle,12163,,,false,12164,,0,2026-09-17T23:22:06.137Z,2026-09-18T00:07:22.612Z,1.42,9.84,1.42,9.84,0.704225,0.101626,-60.26,2559.0,136,false
ODDSPAPI|8dd795e1e42c6fefbc77468a4d4d,2026-09-18T00:47:57.962374+00:00,id1200390574532962,Tennis,Tennis,"ATP Challenger Tiburon, USA Men Singles",2026-09-17T23:00:00.000Z,"Zheng, Michael","Svajda, Trevor",20260917679E9D49,1636716474,pinnacle,12167,,,false,12167,,0,2026-09-17T23:03:24.919Z,2026-09-18T00:05:31.395Z,2.56,1.064,1.064,3.13,0.390625,0.93985,54.922,8958.0,163,false
ODDSPAPI|639c6ef885834bb0435ea59c0596,2026-09-18T00:47:57.962374+00:00,id1200390574532962,Tennis,Tennis,"ATP Challenger Tiburon, USA Men Singles",2026-09-17T23:00:00.000Z,"Zheng, Michael","Svajda, Trevor",20260917679E9D49,1636716474,pinnacle,12167,,,false,12168,,0,2026-09-17T23:03:24.919Z,2026-09-18T00:05:31.395Z,1.531,9.64,1.381,9.64,0.653168,0.103734,-54.943,2821.0,163,false
ODDSPAPI|a37b8caf25cdce3497fa4f13dbe2,2026-09-18T00:47:57.962374+00:00,id1200390574532962,Tennis,Tennis,"ATP Challenger Tiburon, USA Men Singles",2026-09-17T23:00:00.000Z,"Zheng, Michael","Svajda, Trevor",20260917679E9D49,1636716474,pinnacle,12169,,,false,12169,,0,2026-09-17T08:11:23.527Z,2026-09-17T23:08:02.699Z,2.44,2.19,2.17,2.44,0.409836,0.456621,4.678,1260.0,18,false
ODDSPAPI|d4d71292abf9453610828012c28e,2026-09-18T00:47:57.962374+00:00,id1200390574532962,Tennis,Tennis,"ATP Challenger Tiburon, USA Men Singles",2026-09-17T23:00:00.000Z,"Zheng, Michael","Svajda, Trevor",20260917679E9D49,1636716474,pinnacle,12169,,,false,12170,,0,2026-09-17T08:11:23.527Z,2026-09-17T23:08:02.699Z,1.568,1.704,1.568,1.719,0.637755,0.586854,-5.09,2117.0,18,false
ODDSPAPI|f084a11ac6f7ff6807b31d15a9fd,2026-09-18T00:47:57.962374+00:00,id1200390574532962,Tennis,Tennis,"ATP Challenger Tiburon, USA Men Singles",2026-09-17T23:00:00.000Z,"Zheng, Michael","Svajda, Trevor",20260917679E9D49,1636716474,pinnacle,1217,,,false,1217,,0,2026-09-17T23:27:44.673Z,2026-09-18T00:07:50.375Z,1.602,10.4,1.602,10.4,0.62422,0.096154,-52.807,1785.0,95,false
ODDSPAPI|b905274326cba24bd7b2324f3141,2026-09-18T00:47:57.962374+00:00,id1200390574532962,Tennis,Tennis,"ATP Challenger Tiburon, USA Men Singles",2026-09-17T23:00:00.000Z,"Zheng, Michael","Svajda, Trevor",20260917679E9D49,1636716474,pinnacle,1217,,,false,1218,,0,2026-09-17T23:27:44.673Z,2026-09-18T00:07:50.375Z,2.39,1.056,1.056,2.39,0.41841,0.94697,52.856,6107.0,95,false
ODDSPAPI|ff529c040490a98f2a4302249850,2026-09-18T00:47:57.962374+00:00,id1200390574532962,Tennis,Tennis,"ATP Challenger Tiburon, USA Men Singles",2026-09-17T23:00:00.000Z,"Zheng, Michael","Svajda, Trevor",20260917679E9D49,1636716474,pinnacle,12171,,,false,12171,,0,2026-09-17T08:11:23.527Z,2026-09-17T23:30:25.556Z,2.17,1.386,1.358,2.17,0.460829,0.721501,26.067,3002.0,117,false
ODDSPAPI|c17b143f6b76e4f06bd4b3b0d3b4,2026-09-18T00:47:57.962374+00:00,id1200390574532962,Tennis,Tennis,"ATP Challenger Tiburon, USA Men Singles",2026-09-17T23:00:00.000Z,"Zheng, Michael","Svajda, Trevor",20260917679E9D49,1636716474,pinnacle,12171,,,false,12172,,0,2026-09-17T08:11:23.527Z,2026-09-17T23:30:25.556Z,1.709,3.11,1.709,3.26,0.585138,0.321543,-26.359,1714.0,117,false
ODDSPAPI|bb3c02afd46c2d075f66ffda7cbf,2026-09-18T00:47:57.962374+00:00,id1200390574532962,Tennis,Tennis,"ATP Challenger Tiburon, USA Men Singles",2026-09-17T23:00:00.000Z,"Zheng, Michael","Svajda, Trevor",20260917679E9D49,1636716474,pinnacle,12173,,,false,12173,,0,2026-09-17T08:11:23.527Z,2026-09-17T23:08:02.699Z,1.869,1.699,1.689,1.869,0.535045,0.588582,5.354,1828.0,18,false
ODDSPAPI|7297d7981c3ae1703539eedebcf6,2026-09-18T00:47:57.962374+00:00,id1200390574532962,Tennis,Tennis,"ATP Challenger Tiburon, USA Men Singles",2026-09-17T23:00:00.000Z,"Zheng, Michael","Svajda, Trevor",20260917679E9D49,1636716474,pinnacle,12173,,,false,12174,,0,2026-09-17T08:11:23.527Z,2026-09-17T23:08:02.699Z,1.97,2.2,1.97,2.22,0.507614,0.454545,-5.307,1260.0,18,false
ODDSPAPI|a51808118098d116f441f8ae980d,2026-09-18T00:47:57.962374+00:00,id1200390574532962,Tennis,Tennis,"ATP Challenger Tiburon, USA Men Singles",2026-09-17T23:00:00.000Z,"Zheng, Michael","Svajda, Trevor",20260917679E9D49,1636716474,pinnacle,12175,,,false,12175,,0,2026-09-17T08:11:23.527Z,2026-09-17T23:24:10.703Z,1.645,1.555,1.502,1.833,0.607903,0.643087,3.518,2079.0,98,false
ODDSPAPI|caf418c6bb01da2983354c81f8f4,2026-09-18T00:47:57.962374+00:00,id1200390574532962,Tennis,Tennis,"ATP Challenger Tiburon, USA Men Singles",2026-09-17T23:00:00.000Z,"Zheng, Michael","Svajda, Trevor",20260917679E9D49,1636716474,pinnacle,12175,,,false,12176,,0,2026-09-17T08:11:23.527Z,2026-09-17T23:24:10.703Z,2.28,2.5,2.009,2.65,0.438596,0.4,-3.86,1260.0,98,false
ODDSPAPI|77aa99e7b9fd080e3ff09f77adeb,2026-09-18T00:47:57.962374+00:00,id1200390574532962,Tennis,Tennis,"ATP Challenger Tiburon, USA Men Singles",2026-09-17T23:00:00.000Z,"Zheng, Michael","Svajda, Trevor",20260917679E9D49,1636716474,pinnacle,12177,,,false,12177,,0,2026-09-17T08:11:23.527Z,2026-09-17T23:00:15.449Z,1.552,1.529,1.529,1.552,0.64433,0.654022,0.969,2381.0,15,false
ODDSPAPI|7634fc24f536dff4306dbfb67a37,2026-09-18T00:47:57.962374+00:00,id1200390574532962,Tennis,Tennis,"ATP Challenger Tiburon, USA Men Singles",2026-09-17T23:00:00.000Z,"Zheng, Michael","Svajda, Trevor",20260917679E9D49,1636716474,pinnacle,12177,,,false,12178,,0,2026-09-17T08:11:23.527Z,2026-09-17T23:00:15.449Z,2.48,2.57,2.48,2.57,0.403226,0.389105,-1.412,1260.0,15,false
ODDSPAPI|3410335f187da3f0fb70677242df,2026-09-18T00:47:57.962374+00:00,id1200390574532962,Tennis,Tennis,"ATP Challenger Tiburon, USA Men Singles",2026-09-17T23:00:00.000Z,"Zheng, Michael","Svajda, Trevor",20260917679E9D49,1636716474,pinnacle,12179,,,false,12179,,0,2026-09-17T23:10:44.918Z,2026-09-17T23:12:11.496Z,1.568,1.581,1.568,1.581,0.637755,0.632511,-0.524,836.0,5,false
ODDSPAPI|bef3eaa6beb5e1f95e33692b4f56,2026-09-18T00:47:57.962374+00:00,id1200390574532962,Tennis,Tennis,"ATP Challenger Tiburon, USA Men Singles",2026-09-17T23:00:00.000Z,"Zheng, Michael","Svajda, Trevor",20260917679E9D49,1636716474,pinnacle,12179,,,false,12180,,0,2026-09-17T23:10:44.918Z,2026-09-17T23:12:11.496Z,2.46,2.44,2.43,2.46,0.406504,0.409836,0.333,475.0,5,false
ODDSPAPI|6554dd629f8fabd76b6d9bc0bbcc,2026-09-18T00:47:57.962374+00:00,id1200390574532962,Tennis,Tennis,"ATP Challenger Tiburon, USA Men Singles",2026-09-17T23:00:00.000Z,"Zheng, Michael","Svajda, Trevor",20260917679E9D49,1636716474,pinnacle,1221,,,false,1221,,0,2026-09-17T23:23:20.126Z,2026-09-18T00:04:01.373Z,1.518,1.689,1.324,2.4,0.658762,0.592066,-6.67,3317.0,49,false
ODDSPAPI|9e2775fae973f0b0bdf2191ed23a,2026-09-18T00:47:57.962374+00:00,id1200390574532962,Tennis,Tennis,"ATP Challenger Tiburon, USA Men Singles",2026-09-17T23:00:00.000Z,"Zheng, Michael","Svajda, Trevor",20260917679E9D49,1636716474,pinnacle,1221,,,false,1222,,0,2026-09-17T23:23:20.126Z,2026-09-18T00:04:01.373Z,2.6,2.22,1.598,3.47,0.384615,0.45045,6.584,1797.0,49,false
ODDSPAPI|e10bfc26cbedb7021f883ea9390d,2026-09-18T00:47:57.962374+00:00,id1200390574532962,Tennis,Tennis,"ATP Challenger Tiburon, USA Men Singles",2026-09-17T23:00:00.000Z,"Zheng, Michael","Svajda, Trevor",20260917679E9D49,1636716474,pinnacle,12231,Total Sets Over Under,totals,false,12231,Over,0,2026-09-17T08:11:23.176Z,2026-09-18T00:07:08.512Z,2.8,9.24,1.854,9.92,0.357143,0.108225,-24.892,1258.0,221,false
ODDSPAPI|3dc0ccda81e7f0a7b89076c6c691,2026-09-18T00:47:57.962374+00:00,id1200390574532962,Tennis,Tennis,"ATP Challenger Tiburon, USA Men Singles",2026-09-17T23:00:00.000Z,"Zheng, Michael","Svajda, Trevor",20260917679E9D49,1636716474,pinnacle,12231,Total Sets Over Under,totals,false,12232,Under,0,2026-09-17T08:11:23.176Z,2026-09-18T00:07:08.512Z,1.478,1.069,1.061,1.99,0.67659,0.935454,25.886,2898.0,221,false
ODDSPAPI|64df9e91e8b6d45249e25ad232db,2026-09-18T00:47:57.962374+00:00,id1200390574532962,Tennis,Tennis,"ATP Challenger Tiburon, USA Men Singles",2026-09-17T23:00:00.000Z,"Zheng, Michael","Svajda, Trevor",20260917679E9D49,1636716474,pinnacle,12239,,,false,12239,,0,2026-09-17T08:11:23.176Z,2026-09-18T00:07:08.512Z,1.884,1.069,1.061,2.07,0.530786,0.935454,40.467,2898.0,233,false
ODDSPAPI|0a140a03dce1f37707f236ae6c30,2026-09-18T00:47:57.962374+00:00,id1200390574532962,Tennis,Tennis,"ATP Challenger Tiburon, USA Men Singles",2026-09-17T23:00:00.000Z,"Zheng, Michael","Svajda, Trevor",20260917679E9D49,1636716474,pinnacle,12239,,,false,12240,,0,2026-09-17T08:11:23.176Z,2026-09-18T00:07:08.512Z,1.99,9.24,1.787,9.92,0.502513,0.108225,-39.429,1301.0,233,false
ODDSPAPI|e0e175b6a5833aff6bb13d4d9650,2026-09-18T00:47:57.962374+00:00,id1200390574532962,Tennis,Tennis,"ATP Challenger Tiburon, USA Men Singles",2026-09-17T23:00:00.000Z,"Zheng, Michael","Svajda, Trevor",20260917679E9D49,1636716474,pinnacle,12241,,,false,12241,,0,2026-09-17T08:11:23.176Z,2026-09-17T23:27:00.913Z,1.148,1.054,1.051,1.204,0.87108,0.948767,7.769,19907.0,115,false
ODDSPAPI|a801766d7e21acfb8afec0043cf3,2026-09-18T00:47:57.962374+00:00,id1200390574532962,Tennis,Tennis,"ATP Challenger Tiburon, USA Men Singles",2026-09-17T23:00:00.000Z,"Zheng, Michael","Svajda, Trevor",20260917679E9D49,1636716474,pinnacle,12241,,,false,12242,,0,2026-09-17T08:11:23.176Z,2026-09-17T23:27:00.913Z,6.18,10.05,4.61,10.37,0.161812,0.099502,-6.231,1075.0,115,false
ODDSPAPI|e786e4c56fbc42bdf197c447832c,2026-09-18T00:47:57.962374+00:00,id1200390574532962,Tennis,Tennis,"ATP Challenger Tiburon, USA Men Singles",2026-09-17T23:00:00.000Z,"Zheng, Michael","Svajda, Trevor",20260917679E9D49,1636716474,pinnacle,1225,,,false,1225,,0,2026-09-17T19:22:27.587Z,2026-09-18T00:04:01.373Z,1.588,2.16,1.507,2.34,0.629723,0.462963,-16.676,2120.0,104,false
ODDSPAPI|0c8c41ee6dafad3287832c90c153,2026-09-18T00:47:57.962374+00:00,id1200390574532962,Tennis,Tennis,"ATP Challenger Tiburon, USA Men Singles",2026-09-17T23:00:00.000Z,"Zheng, Michael","Svajda, Trevor",20260917679E9D49,1636716474,pinnacle,1225,,,false,1226,,0,2026-09-17T19:22:27.587Z,2026-09-18T00:04:01.373Z,2.39,1.724,1.625,2.63,0.41841,0.580046,16.164,1720.0,104,false
ODDSPAPI|8083230197c32fe0ef4ee4bfd43d,2026-09-18T00:47:57.962374+00:00,id1200390574532962,Tennis,Tennis,"ATP Challenger Tiburon, USA Men Singles",2026-09-17T23:00:00.000Z,"Zheng, Michael","Svajda, Trevor",20260917679E9D49,1636716474,pinnacle,12265,,,false,12265,,0,2026-09-17T23:24:51.863Z,2026-09-17T23:36:17.287Z,1.273,3.74,1.206,10.79,0.785546,0.26738,-51.817,5218.0,43,false
ODDSPAPI|b41ece3c16b24e994714d6c28b5a,2026-09-18T00:47:57.962374+00:00,id1200390574532962,Tennis,Tennis,"ATP Challenger Tiburon, USA Men Singles",2026-09-17T23:00:00.000Z,"Zheng, Michael","Svajda, Trevor",20260917679E9D49,1636716474,pinnacle,12265,,,false,12266,,0,2026-09-17T23:24:51.863Z,2026-09-17T23:36:17.287Z,3.88,1.289,1.052,4.66,0.257732,0.775795,51.806,5269.0,43,false
ODDSPAPI|9f40c091c628705dc6b7e78bb727,2026-09-18T00:47:57.962374+00:00,id1200390574532962,Tennis,Tennis,"ATP Challenger Tiburon, USA Men Singles",2026-09-17T23:00:00.000Z,"Zheng, Michael","Svajda, Trevor",20260917679E9D49,1636716474,pinnacle,12267,,,false,12267,,0,2026-09-17T08:11:23.527Z,2026-09-17T23:36:17.287Z,1.389,5.42,1.173,9.74,0.719942,0.184502,-53.544,6213.0,136,false
ODDSPAPI|7e2715629dffb81adfd54f79936a,2026-09-18T00:47:57.962374+00:00,id1200390574532962,Tennis,Tennis,"ATP Challenger Tiburon, USA Men Singles",2026-09-17T23:00:00.000Z,"Zheng, Michael","Svajda, Trevor",20260917679E9D49,1636716474,pinnacle,12267,,,false,12268,,0,2026-09-17T08:11:23.527Z,2026-09-17T23:36:17.287Z,3.05,1.164,1.063,5.25,0.327869,0.859107,53.124,9033.0,136,false
ODDSPAPI|c866c2dd1b4316f388ea8e395db4,2026-09-18T00:47:57.962374+00:00,id1200390574532962,Tennis,Tennis,"ATP Challenger Tiburon, USA Men Singles",2026-09-17T23:00:00.000Z,"Zheng, Michael","Svajda, Trevor",20260917679E9D49,1636716474,pinnacle,12269,,,false,12269,,0,2026-09-17T23:08:06.225Z,2026-09-17T23:33:00.860Z,2.22,5.41,1.769,5.41,0.45045,0.184843,-26.561,1397.0,106,false
ODDSPAPI|3152c941593b18c57a1db94d3ab8,2026-09-18T00:47:57.962374+00:00,id1200390574532962,Tennis,Tennis,"ATP Challenger Tiburon, USA Men Singles",2026-09-17T23:00:00.000Z,"Zheng, Michael","Svajda, Trevor",20260917679E9D49,1636716474,pinnacle,12269,,,false,12270,,0,2026-09-17T23:08:06.225Z,2026-09-17T23:33:00.860Z,1.689,1.165,1.165,2.1,0.592066,0.858369,26.63,6515.0,106,false
ODDSPAPI|a784f1fd9a848db9ed73bfafcb79,2026-09-18T00:47:57.962374+00:00,id1200390574532962,Tennis,Tennis,"ATP Challenger Tiburon, USA Men Singles",2026-09-17T23:00:00.000Z,"Zheng, Michael","Svajda, Trevor",20260917679E9D49,1636716474,pinnacle,1227,,,false,1227,,0,2026-09-17T08:11:23.527Z,2026-09-17T23:08:02.699Z,1.689,1.763,1.689,1.775,0.592066,0.567215,-2.485,1342.0,18,false
ODDSPAPI|64d3f13fbcc7602335b4fdebd56a,2026-09-18T00:47:57.962374+00:00,id1200390574532962,Tennis,Tennis,"ATP Challenger Tiburon, USA Men Singles",2026-09-17T23:00:00.000Z,"Zheng, Michael","Svajda, Trevor",20260917679E9D49,1636716474,pinnacle,1227,,,false,1228,,0,2026-09-17T08:11:23.527Z,2026-09-17T23:08:02.699Z,2.2,2.1,2.09,2.2,0.454545,0.47619,2.165,945.0,18,false
ODDSPAPI|a669b46787d0fd2bed99a1272104,2026-09-18T00:47:57.962374+00:00,id1200390574532962,Tennis,Tennis,"ATP Challenger Tiburon, USA Men Singles",2026-09-17T23:00:00.000Z,"Zheng, Michael","Svajda, Trevor",20260917679E9D49,1636716474,pinnacle,12271,,,false,12271,,0,2026-09-17T08:11:23.527Z,2026-09-17T23:24:51.863Z,3.97,4.15,2.98,4.15,0.251889,0.240964,-1.093,1075.0,96,false
ODDSPAPI|02c2afc8f7eeef02e5d03d9660a5,2026-09-18T00:47:57.962374+00:00,id1200390574532962,Tennis,Tennis,"ATP Challenger Tiburon, USA Men Singles",2026-09-17T23:00:00.000Z,"Zheng, Michael","Svajda, Trevor",20260917679E9D49,1636716474,pinnacle,12271,,,false,12272,,0,2026-09-17T08:11:23.527Z,2026-09-17T23:24:51.863Z,1.248,1.246,1.246,1.413,0.801282,0.802568,0.129,4369.0,96,false
ODDSPAPI|cc0aa559985111ff484348055951,2026-09-18T00:47:57.962374+00:00,id1200390574532962,Tennis,Tennis,"ATP Challenger Tiburon, USA Men Singles",2026-09-17T23:00:00.000Z,"Zheng, Michael","Svajda, Trevor",20260917679E9D49,1636716474,pinnacle,1229,,,false,1229,,0,2026-09-17T08:11:23.527Z,2026-09-18T00:04:01.373Z,1.854,3.32,1.694,3.32,0.539374,0.301205,-23.817,1548.0,127,false
ODDSPAPI|e5a864e30e69ffdfbd63dfd0800b,2026-09-18T00:47:57.962374+00:00,id1200390574532962,Tennis,Tennis,"ATP Challenger Tiburon, USA Men Singles",2026-09-17T23:00:00.000Z,"Zheng, Michael","Svajda, Trevor",20260917679E9D49,1636716474,pinnacle,1229,,,false,1230,,0,2026-09-17T08:11:23.527Z,2026-09-18T00:04:01.373Z,1.97,1.347,1.347,2.21,0.507614,0.74239,23.478,3097.0,127,false
ODDSPAPI|c97facb57b217261917786d9e4bc,2026-09-18T00:47:57.962374+00:00,id1200390574532962,Tennis,Tennis,"ATP Challenger Tiburon, USA Men Singles",2026-09-17T23:00:00.000Z,"Zheng, Michael","Svajda, Trevor",20260917679E9D49,1636716474,pinnacle,123,First Set Winner,moneyline,false,123,1,0,2026-09-17T08:11:23.176Z,2026-09-17T23:32:45.334Z,1.427,1.05,1.05,1.602,0.700771,0.952381,25.161,5168.0,143,false
ODDSPAPI|bec5c6fc450f646240367ec3a5ed,2026-09-18T00:47:57.962374+00:00,id1200390574532962,Tennis,Tennis,"ATP Challenger Tiburon, USA Men Singles",2026-09-17T23:00:00.000Z,"Zheng, Michael","Svajda, Trevor",20260917679E9D49,1636716474,pinnacle,123,First Set Winner,moneyline,false,124,2,0,2026-09-17T08:11:23.176Z,2026-09-17T23:32:45.334Z,2.96,17.54,2.4,17.72,0.337838,0.057013,-28.083,950.0,143,false
ODDSPAPI|1a64aa77ff6c8f2fb5af799455f0,2026-09-18T00:47:57.962374+00:00,id1200390574532962,Tennis,Tennis,"ATP Challenger Tiburon, USA Men Singles",2026-09-17T23:00:00.000Z,"Zheng, Michael","Svajda, Trevor",20260917679E9D49,1636716474,pinnacle,1231,,,false,1231,,0,2026-09-17T08:11:23.527Z,2026-09-17T23:08:02.699Z,1.952,1.99,1.952,2.0,0.512295,0.502513,-0.978,974.0,18,false
ODDSPAPI|d7bfe152e719c12341de6a8ede92,2026-09-18T00:47:57.962374+00:00,id1200390574532962,Tennis,Tennis,"ATP Challenger Tiburon, USA Men Singles",2026-09-17T23:00:00.000Z,"Zheng, Michael","Svajda, Trevor",20260917679E9D49,1636716474,pinnacle,1231,,,false,1232,,0,2026-09-17T08:11:23.527Z,2026-09-17T23:08:02.699Z,1.884,1.854,1.84,1.884,0.530786,0.539374,0.859,1125.0,18,false
ODDSPAPI|2fefec6b536c2ee81222c796b8da,2026-09-18T00:47:57.962374+00:00,id1200390574532962,Tennis,Tennis,"ATP Challenger Tiburon, USA Men Singles",2026-09-17T23:00:00.000Z,"Zheng, Michael","Svajda, Trevor",20260917679E9D49,1636716474,pinnacle,1233,,,false,1233,,0,2026-09-17T08:11:23.527Z,2026-09-18T00:00:38.743Z,2.04,1.854,1.854,2.27,0.490196,0.539374,4.918,1258.0,99,false
ODDSPAPI|a2fa3ebbfa327de9ba5b11c6605b,2026-09-18T00:47:57.962374+00:00,id1200390574532962,Tennis,Tennis,"ATP Challenger Tiburon, USA Men Singles",2026-09-17T23:00:00.000Z,"Zheng, Michael","Svajda, Trevor",20260917679E9D49,1636716474,pinnacle,1233,,,false,1234,,0,2026-09-17T08:11:23.527Z,2026-09-18T00:00:38.743Z,1.793,1.99,1.657,1.99,0.557724,0.502513,-5.521,1636.0,99,false
ODDSPAPI|e17fce85d065c14c224ceabcfb14,2026-09-18T00:47:57.962374+00:00,id1200390574532962,Tennis,Tennis,"ATP Challenger Tiburon, USA Men Singles",2026-09-17T23:00:00.000Z,"Zheng, Michael","Svajda, Trevor",20260917679E9D49,1636716474,pinnacle,1235,,,false,1235,,0,2026-09-17T08:11:23.527Z,2026-09-17T19:22:27.587Z,2.23,2.24,2.23,2.24,0.44843,0.446429,-0.2,712.0,10,false
ODDSPAPI|c6e0a5837392598bed6e26891cd7,2026-09-18T00:47:57.962374+00:00,id1200390574532962,Tennis,Tennis,"ATP Challenger Tiburon, USA Men Singles",2026-09-17T23:00:00.000Z,"Zheng, Michael","Svajda, Trevor",20260917679E9D49,1636716474,pinnacle,1235,,,false,1236,,0,2026-09-17T08:11:23.527Z,2026-09-17T19:22:27.587Z,1.671,1.666,1.666,1.671,0.598444,0.60024,0.18,1069.0,10,false
ODDSPAPI|66eb5357343aa9e8cb22aa9344ef,2026-09-18T00:47:57.962374+00:00,id1200390574532962,Tennis,Tennis,"ATP Challenger Tiburon, USA Men Singles",2026-09-17T23:00:00.000Z,"Zheng, Michael","Svajda, Trevor",20260917679E9D49,1636716474,pinnacle,12358,,,false,12358,,0,2026-09-17T08:11:23.527Z,2026-09-17T23:08:02.699Z,3.81,3.71,3.69,3.81,0.262467,0.269542,0.707,630.0,17,false
ODDSPAPI|53338748a0f58c4dbc7df1453d7c,2026-09-18T00:47:57.962374+00:00,id1200390574532962,Tennis,Tennis,"ATP Challenger Tiburon, USA Men Singles",2026-09-17T23:00:00.000Z,"Zheng, Michael","Svajda, Trevor",20260917679E9D49,1636716474,pinnacle,12358,,,false,12359,,0,2026-09-17T08:11:23.527Z,2026-09-17T23:08:02.699Z,1.265,1.284,1.265,1.286,0.790514,0.778816,-1.17,2299.0,17,false
ODDSPAPI|e815361d960dc90c62908b7abf55,2026-09-18T00:47:57.962374+00:00,id1200390574532962,Tennis,Tennis,"ATP Challenger Tiburon, USA Men Singles",2026-09-17T23:00:00.000Z,"Zheng, Michael","Svajda, Trevor",20260917679E9D49,1636716474,pinnacle,12366,,,false,12366,,0,2026-09-17T08:11:23.527Z,2026-09-17T23:08:02.699Z,1.588,1.564,1.552,1.588,0.629723,0.639386,0.966,1141.0,17,false
ODDSPAPI|c50e26ebf00ae189a4b5eebd2b17,2026-09-18T00:47:57.962374+00:00,id1200390574532962,Tennis,Tennis,"ATP Challenger Tiburon, USA Men Singles",2026-09-17T23:00:00.000Z,"Zheng, Michael","Svajda, Trevor",20260917679E9D49,1636716474,pinnacle,12366,,,false,12367,,0,2026-09-17T08:11:23.527Z,2026-09-17T23:08:02.699Z,2.4,2.48,2.4,2.49,0.416667,0.403226,-1.344,630.0,17,false
ODDSPAPI|af6b2a35de6b755f60709075c563,2026-09-18T00:47:57.962374+00:00,id1200390574532962,Tennis,Tennis,"ATP Challenger Tiburon, USA Men Singles",2026-09-17T23:00:00.000Z,"Zheng, Michael","Svajda, Trevor",20260917679E9D49,1636716474,pinnacle,1237,,,false,1237,,0,2026-09-17T23:10:44.918Z,2026-09-18T00:00:38.743Z,2.24,1.877,1.877,2.36,0.446429,0.532765,8.634,1225.0,39,false
ODDSPAPI|ad06d44d8468363ce82494e6f4c3,2026-09-18T00:47:57.962374+00:00,id1200390574532962,Tennis,Tennis,"ATP Challenger Tiburon, USA Men Singles",2026-09-17T23:00:00.000Z,"Zheng, Michael","Svajda, Trevor",20260917679E9D49,1636716474,pinnacle,1237,,,false,1238,,0,2026-09-17T23:10:44.918Z,2026-09-18T00:00:38.743Z,1.68,1.961,1.617,1.961,0.595238,0.509944,-8.529,1742.0,39,false
ODDSPAPI|9e689fc093804ee69a67b176bc62,2026-09-18T00:47:57.962374+00:00,id1200390574532962,Tennis,Tennis,"ATP Challenger Tiburon, USA Men Singles",2026-09-17T23:00:00.000Z,"Zheng, Michael","Svajda, Trevor",20260917679E9D49,1636716474,pinnacle,12378,,,false,12378,,0,2026-09-17T08:11:23.527Z,2026-09-17T23:08:02.699Z,1.309,1.286,1.284,1.309,0.763942,0.777605,1.366,2218.0,17,false
ODDSPAPI|c13c339eb067d671d3775b790393,2026-09-18T00:47:57.962374+00:00,id1200390574532962,Tennis,Tennis,"ATP Challenger Tiburon, USA Men Singles",2026-09-17T23:00:00.000Z,"Zheng, Michael","Svajda, Trevor",20260917679E9D49,1636716474,pinnacle,12378,,,false,12379,,0,2026-09-17T08:11:23.527Z,2026-09-17T23:08:02.699Z,3.46,3.69,3.46,3.72,0.289017,0.271003,-1.801,630.0,17,false
ODDSPAPI|402a7589ae5cbf063c98a47d214a,2026-09-18T00:47:57.962374+00:00,id1200390574532962,Tennis,Tennis,"ATP Challenger Tiburon, USA Men Singles",2026-09-17T23:00:00.000Z,"Zheng, Michael","Svajda, Trevor",20260917679E9D49,1636716474,pinnacle,1241,,,false,1241,,0,2026-09-18T00:00:16.775Z,2026-09-18T00:00:38.743Z,1.99,1.98,1.98,1.99,0.502513,0.505051,0.254,1096.0,4,false
ODDSPAPI|39fa7ec6f177faed5788b037abda,2026-09-18T00:47:57.962374+00:00,id1200390574532962,Tennis,Tennis,"ATP Challenger Tiburon, USA Men Singles",2026-09-17T23:00:00.000Z,"Zheng, Michael","Svajda, Trevor",20260917679E9D49,1636716474,pinnacle,1241,,,false,1242,,0,2026-09-18T00:00:16.775Z,2026-09-18T00:00:38.743Z,1.854,1.862,1.854,1.862,0.539374,0.537057,-0.232,1258.0,4,false
ODDSPAPI|edf0f8dd189b4c0406230c0ebcfe,2026-09-18T00:47:57.962374+00:00,id1200390574532962,Tennis,Tennis,"ATP Challenger Tiburon, USA Men Singles",2026-09-17T23:00:00.000Z,"Zheng, Michael","Svajda, Trevor",20260917679E9D49,1636716474,pinnacle,12437,,,false,12437,,0,2026-09-17T23:47:11.409Z,2026-09-17T23:50:36.199Z,1.13,1.18,1.13,1.18,0.884956,0.847458,-3.75,8269.0,10,false
ODDSPAPI|4233f3d4b758145f2c0edda70ef0,2026-09-18T00:47:57.962374+00:00,id1200390574532962,Tennis,Tennis,"ATP Challenger Tiburon, USA Men Singles",2026-09-17T23:00:00.000Z,"Zheng, Michael","Svajda, Trevor",20260917679E9D49,1636716474,pinnacle,12437,,,false,12438,,0,2026-09-17T23:47:11.409Z,2026-09-17T23:50:36.199Z,6.3,5.11,5.11,6.3,0.15873,0.195695,3.696,1075.0,10,false
ODDSPAPI|284c3b52066d3dc73fd0d644abc6,2026-09-18T00:47:57.962374+00:00,id1200390574532962,Tennis,Tennis,"ATP Challenger Tiburon, USA Men Singles",2026-09-17T23:00:00.000Z,"Zheng, Michael","Svajda, Trevor",20260917679E9D49,1636716474,pinnacle,12439,,,false,12439,,0,2026-09-17T23:36:37.510Z,2026-09-17T23:54:46.038Z,1.529,1.141,1.141,1.934,0.654022,0.876424,22.24,7624.0,40,false
ODDSPAPI|9d31c25adb762956d54e1a9c47cd,2026-09-18T00:47:57.962374+00:00,id1200390574532962,Tennis,Tennis,"ATP Challenger Tiburon, USA Men Singles",2026-09-17T23:00:00.000Z,"Zheng, Michael","Svajda, Trevor",20260917679E9D49,1636716474,pinnacle,12439,,,false,12440,,0,2026-09-17T23:36:37.510Z,2026-09-17T23:54:46.038Z,2.57,5.99,1.9,5.99,0.389105,0.166945,-22.216,1194.0,40,false
ODDSPAPI|71994eae35abd1d5f3206d59b3e2,2026-09-18T00:47:57.962374+00:00,id1200390574532962,Tennis,Tennis,"ATP Challenger Tiburon, USA Men Singles",2026-09-17T23:00:00.000Z,"Zheng, Michael","Svajda, Trevor",20260917679E9D49,1636716474,pinnacle,12441,,,false,12441,,0,2026-09-17T23:36:37.510Z,2026-09-18T00:02:53.664Z,2.1,1.064,1.064,2.69,0.47619,0.93985,46.366,16796.0,63,false
ODDSPAPI|e409727a96d46c1013cb3776c13f,2026-09-18T00:47:57.962374+00:00,id1200390574532962,Tennis,Tennis,"ATP Challenger Tiburon, USA Men Singles",2026-09-17T23:00:00.000Z,"Zheng, Michael","Svajda, Trevor",20260917679E9D49,1636716474,pinnacle,12441,,,false,12442,,0,2026-09-17T23:36:37.510Z,2026-09-18T00:02:53.664Z,1.763,9.64,1.49,9.64,0.567215,0.103734,-46.348,2193.0,63,false
ODDSPAPI|29bd8bbf0660941b54cd3e20ffed,2026-09-18T00:47:57.962374+00:00,id1200390574532962,Tennis,Tennis,"ATP Challenger Tiburon, USA Men Singles",2026-09-17T23:00:00.000Z,"Zheng, Michael","Svajda, Trevor",20260917679E9D49,1636716474,pinnacle,12443,,,false,12443,,0,2026-09-17T23:36:37.510Z,2026-09-18T00:07:50.375Z,4.4,10.4,1.666,10.4,0.227273,0.096154,-13.112,1614.0,79,false
ODDSPAPI|f9ab3f23707a540b2edb55c0559c,2026-09-18T00:47:57.962374+00:00,id1200390574532962,Tennis,Tennis,"ATP Challenger Tiburon, USA Men Singles",2026-09-17T23:00:00.000Z,"Zheng, Michael","Svajda, Trevor",20260917679E9D49,1636716474,pinnacle,12443,,,false,12444,,0,2026-09-17T23:36:37.510Z,2026-09-18T00:07:50.375Z,1.225,1.056,1.056,2.26,0.816327,0.94697,13.064,7789.0,79,false
ODDSPAPI|57088243f2cec32155b0a18c6472,2026-09-18T00:47:57.962374+00:00,id1200390574532962,Tennis,Tennis,"ATP Challenger Tiburon, USA Men Singles",2026-09-17T23:00:00.000Z,"Zheng, Michael","Svajda, Trevor",20260917679E9D49,1636716474,pinnacle,12447,,,false,12447,,0,2026-09-17T23:54:46.038Z,2026-09-18T00:07:22.612Z,4.44,10.14,2.7,10.14,0.225225,0.098619,-12.661,1075.0,45,false
ODDSPAPI|2f843416789e81cb3c67ea6ef20d,2026-09-18T00:47:57.962374+00:00,id1200390574532962,Tennis,Tennis,"ATP Challenger Tiburon, USA Men Singles",2026-09-17T23:00:00.000Z,"Zheng, Michael","Svajda, Trevor",20260917679E9D49,1636716474,pinnacle,12447,,,false,12448,,0,2026-09-17T23:54:46.038Z,2026-09-18T00:07:22.612Z,1.222,1.058,1.058,1.483,0.818331,0.94518,12.685,9267.0,45,false
ODDSPAPI|045bf56ad22b1c50f3410d83862f,2026-09-18T00:47:57.962374+00:00,id1200390574532962,Tennis,Tennis,"ATP Challenger Tiburon, USA Men Singles",2026-09-17T23:00:00.000Z,"Zheng, Michael","Svajda, Trevor",20260917679E9D49,1636716474,pinnacle,125,Second Set Winner,moneyline,false,125,1,0,2026-09-17T23:08:06.225Z,2026-09-18T00:07:08.512Z,1.396,1.067,1.056,1.99,0.716332,0.937207,22.087,4799.0,213,false
ODDSPAPI|89bd42dfafd467dd10f6d9717168,2026-09-18T00:47:57.962374+00:00,id1200390574532962,Tennis,Tennis,"ATP Challenger Tiburon, USA Men Singles",2026-09-17T23:00:00.000Z,"Zheng, Michael","Svajda, Trevor",20260917679E9D49,1636716474,pinnacle,125,Second Set Winner,moneyline,false,126,2,0,2026-09-17T23:08:06.225Z,2026-09-18T00:07:08.512Z,3.12,13.46,1.847,15.84,0.320513,0.074294,-24.622,1269.0,213,false
ODDSPAPI|3a58f9a548d284f4e72e65e1808a,2026-09-18T00:47:57.962374+00:00,id1200390574532962,Tennis,Tennis,"ATP Challenger Tiburon, USA Men Singles",2026-09-17T23:00:00.000Z,"Zheng, Michael","Svajda, Trevor",20260917679E9D49,1636716474,pinnacle,129,,,false,1210,,0,2026-09-17T23:33:40.195Z,2026-09-17T23:54:03.292Z,3.18,4.27,1.9,4.27,0.314465,0.234192,-8.027,1194.0,38,false
ODDSPAPI|246cd8d132e192a191154aa4e7dd,2026-09-18T00:47:57.962374+00:00,id1200390574532962,Tennis,Tennis,"ATP Challenger Tiburon, USA Men Singles",2026-09-17T23:00:00.000Z,"Zheng, Michael","Svajda, Trevor",20260917679E9D49,1636716474,pinnacle,129,,,false,129,,0,2026-09-17T23:33:40.195Z,2026-09-17T23:54:03.292Z,1.373,1.236,1.236,1.934,0.728332,0.809061,8.073,4555.0,38,false
ODDSPAPI|7cd8fdde3bf72c3a26ed48237e72,2026-09-18T00:47:57.962374+00:00,id1200390574532962,Tennis,Tennis,"ATP Challenger Tiburon, USA Men Singles",2026-09-17T23:00:00.000Z,"Zheng, Michael","Svajda, Trevor",20260917679E9D49,1636716474,pinnacle,12915,,,false,12915,,0,2026-09-17T08:11:23.527Z,2026-09-17T23:08:02.699Z,1.157,1.141,1.14,1.157,0.864304,0.876424,1.212,1500.0,16,false
ODDSPAPI|a0308c07945356cf8bcca20313f2,2026-09-18T00:47:57.962374+00:00,id1200390574532962,Tennis,Tennis,"ATP Challenger Tiburon, USA Men Singles",2026-09-17T23:00:00.000Z,"Zheng, Michael","Svajda, Trevor",20260917679E9D49,1636716474,pinnacle,12915,,,false,12916,,0,2026-09-17T08:11:23.527Z,2026-09-17T23:08:02.699Z,5.2,5.72,5.2,5.76,0.192308,0.174825,-1.748,210.0,16,false
ODDSPAPI|66f1a10a423913d801d51cd28d35,2026-09-18T00:47:57.962374+00:00,id1200390574532962,Tennis,Tennis,"ATP Challenger Tiburon, USA Men Singles",2026-09-17T23:00:00.000Z,"Zheng, Michael","Svajda, Trevor",20260917679E9D49,1636716474,pinnacle,12917,,,false,12917,,0,2026-09-17T08:11:23.527Z,2026-09-17T23:08:02.699Z,2.02,2.0,2.0,2.02,0.49505,0.5,0.495,210.0,16,false
ODDSPAPI|1416a9eccaa739c2d85b0b930070,2026-09-18T00:47:57.962374+00:00,id1200390574532962,Tennis,Tennis,"ATP Challenger Tiburon, USA Men Singles",2026-09-17T23:00:00.000Z,"Zheng, Michael","Svajda, Trevor",20260917679E9D49,1636716474,pinnacle,12917,,,false,12918,,0,2026-09-17T08:11:23.527Z,2026-09-17T23:08:02.699Z,1.813,1.84,1.813,1.84,0.551572,0.543478,-0.809,254.0,16,false
ODDSPAPI|1674145f326df58ef9b61edc510c,2026-09-18T00:47:57.962374+00:00,id1200390574532962,Tennis,Tennis,"ATP Challenger Tiburon, USA Men Singles",2026-09-17T23:00:00.000Z,"Zheng, Michael","Svajda, Trevor",20260917679E9D49,1636716474,pinnacle,12981,,,false,12981,,0,2026-09-17T08:11:23.527Z,2026-09-17T23:08:02.699Z,1.9,1.943,1.892,1.961,0.526316,0.514668,-1.165,231.0,16,false
ODDSPAPI|fd838ed082f76418558602a27370,2026-09-18T00:47:57.962374+00:00,id1200390574532962,Tennis,Tennis,"ATP Challenger Tiburon, USA Men Singles",2026-09-17T23:00:00.000Z,"Zheng, Michael","Svajda, Trevor",20260917679E9D49,1636716474,pinnacle,12981,,,false,12982,,0,2026-09-17T08:11:23.527Z,2026-09-17T23:08:02.699Z,1.952,1.884,1.877,1.952,0.512295,0.530786,1.849,239.0,16,false
ODDSPAPI|cd08c13a1130d67608e63fd49dae,2026-09-18T00:47:57.962374+00:00,id1205321274666558,Tennis,Tennis,UTR PTT Sydney Men 03,2026-09-17T23:00:00.000Z,"Bulte, Alex","Rogowski, Roger",2026091764DFB31D,,draftkings,121,Winner,moneyline,false,121,1,0,2026-09-17T13:10:36.251Z,2026-09-17T23:07:07.944Z,1.004,1.004,1.004,1.004,0.996016,0.996016,0.0,,4,false
ODDSPAPI|8c098ab3869ddfc5bdd9d8f368d8,2026-09-18T00:47:57.962374+00:00,id1205321274666558,Tennis,Tennis,UTR PTT Sydney Men 03,2026-09-17T23:00:00.000Z,"Bulte, Alex","Rogowski, Roger",2026091764DFB31D,,draftkings,121,Winner,moneyline,false,122,2,0,2026-09-17T13:10:36.251Z,2026-09-17T23:21:59.295Z,13.0,41.0,13.0,41.0,0.076923,0.02439,-5.253,,8,false
ODDSPAPI|f8140a6ab03a5849161931d9ad44,2026-09-18T00:47:57.962374+00:00,id1205321274666558,Tennis,Tennis,UTR PTT Sydney Men 03,2026-09-17T23:00:00.000Z,"Bulte, Alex","Rogowski, Roger",2026091764DFB31D,,draftkings,12151,,,false,12151,,0,2026-09-17T23:21:16.021Z,2026-09-17T23:21:59.295Z,2.2,2.5,2.2,2.5,0.454545,0.4,-5.455,,6,false
ODDSPAPI|1a9b578c485ac41a9a39f56b8d38,2026-09-18T00:47:57.962374+00:00,id1205321274666558,Tennis,Tennis,UTR PTT Sydney Men 03,2026-09-17T23:00:00.000Z,"Bulte, Alex","Rogowski, Roger",2026091764DFB31D,,draftkings,12151,,,false,12152,,0,2026-09-17T23:21:16.021Z,2026-09-17T23:21:59.295Z,1.571,1.465,1.465,1.571,0.636537,0.682594,4.606,,5,false
ODDSPAPI|9fbd6009866eefe7b3b1a0acc4ed,2026-09-18T00:47:57.962374+00:00,id1205321274666558,Tennis,Tennis,UTR PTT Sydney Men 03,2026-09-17T23:00:00.000Z,"Bulte, Alex","Rogowski, Roger",2026091764DFB31D,,draftkings,12231,Total Sets Over Under,totals,false,12231,Over,0,2026-09-17T23:21:16.021Z,2026-09-17T23:21:59.295Z,26.0,19.0,19.0,29.0,0.038462,0.052632,1.417,,4,false
ODDSPAPI|79dc0fe98897ae18fd2daaf4e351,2026-09-18T00:47:57.962374+00:00,id1205321274666558,Tennis,Tennis,UTR PTT Sydney Men 03,2026-09-17T23:00:00.000Z,"Bulte, Alex","Rogowski, Roger",2026091764DFB31D,,draftkings,12231,Total Sets Over Under,totals,false,12232,Under,0,2026-09-17T23:21:16.021Z,2026-09-17T23:21:59.295Z,1.01,1.02,1.01,1.02,0.990099,0.980392,-0.971,,3,false
ODDSPAPI|ecea471eb18804cf9eef74a86091,2026-09-18T00:47:57.962374+00:00,id1205321274666558,Tennis,Tennis,UTR PTT Sydney Men 03,2026-09-17T23:00:00.000Z,"Bulte, Alex","Rogowski, Roger",2026091764DFB31D,,draftkings,12263,,,false,12263,,0,2026-09-17T23:21:16.021Z,2026-09-17T23:21:23.803Z,1.167,1.154,1.154,1.167,0.856898,0.866551,0.965,,3,false
ODDSPAPI|3d3feb6ad67b40c35189c40eaf4d,2026-09-18T00:47:57.962374+00:00,id1205321274666558,Tennis,Tennis,UTR PTT Sydney Men 03,2026-09-17T23:00:00.000Z,"Bulte, Alex","Rogowski, Roger",2026091764DFB31D,,draftkings,12263,,,false,12264,,0,2026-09-17T23:21:16.021Z,2026-09-17T23:21:23.803Z,4.5,4.8,4.5,4.8,0.222222,0.208333,-1.389,,3,false
ODDSPAPI|309173782538badff95bbcf3da29,2026-09-18T00:47:57.962374+00:00,id1205321274666558,Tennis,Tennis,UTR PTT Sydney Men 03,2026-09-17T23:00:00.000Z,"Bulte, Alex","Rogowski, Roger",2026091764DFB31D,,draftkings,12265,,,false,12265,,0,2026-09-17T23:21:16.021Z,2026-09-17T23:21:59.295Z,11.0,8.0,8.0,11.0,0.090909,0.125,3.409,,5,false
ODDSPAPI|918c32114c02cf5d979e2ce15acc,2026-09-18T00:47:57.962374+00:00,id1205321274666558,Tennis,Tennis,UTR PTT Sydney Men 03,2026-09-17T23:00:00.000Z,"Bulte, Alex","Rogowski, Roger",2026091764DFB31D,,draftkings,12265,,,false,12266,,0,2026-09-17T23:21:16.021Z,2026-09-17T23:21:59.295Z,1.02,1.05,1.02,1.05,0.980392,0.952381,-2.801,,5,false
ODDSPAPI|ef5f13b599ef600ed9623a3cbc5a,2026-09-18T00:47:57.962374+00:00,id1205321274666558,Tennis,Tennis,UTR PTT Sydney Men 03,2026-09-17T23:00:00.000Z,"Bulte, Alex","Rogowski, Roger",2026091764DFB31D,,draftkings,123,First Set Winner,moneyline,false,124,2,0,2026-09-17T23:21:16.021Z,2026-09-17T23:21:59.295Z,41.0,41.0,41.0,41.0,0.02439,0.02439,0.0,,2,false
ODDSPAPI|3346dd87e7661f15c31632140f70,2026-09-18T00:47:57.962374+00:00,id1205321274666558,Tennis,Tennis,UTR PTT Sydney Men 03,2026-09-17T23:00:00.000Z,"Bulte, Alex","Rogowski, Roger",2026091764DFB31D,,draftkings,12350,,,false,12350,,0,2026-09-17T23:21:16.021Z,2026-09-17T23:21:23.702Z,4.5,4.9,4.5,4.9,0.222222,0.204082,-1.814,,3,false
ODDSPAPI|62d374b6c9a8940e8bc8dc18eeb6,2026-09-18T00:47:57.962374+00:00,id1205321274666558,Tennis,Tennis,UTR PTT Sydney Men 03,2026-09-17T23:00:00.000Z,"Bulte, Alex","Rogowski, Roger",2026091764DFB31D,,draftkings,12350,,,false,12351,,0,2026-09-17T23:21:16.021Z,2026-09-17T23:21:23.702Z,1.154,1.143,1.143,1.154,0.866551,0.874891,0.834,,3,false
ODDSPAPI|7705bf04b5b22c9d83d9babb04d0,2026-09-18T00:47:57.962374+00:00,id1205321274666558,Tennis,Tennis,UTR PTT Sydney Men 03,2026-09-17T23:00:00.000Z,"Bulte, Alex","Rogowski, Roger",2026091764DFB31D,,draftkings,12404,,,false,12404,,0,2026-09-17T23:21:16.021Z,2026-09-17T23:21:23.702Z,3.4,3.5,3.4,3.5,0.294118,0.285714,-0.84,,3,false
ODDSPAPI|690384ee731a5cde150018af253d,2026-09-18T00:47:57.962374+00:00,id1205321274666558,Tennis,Tennis,UTR PTT Sydney Men 03,2026-09-17T23:00:00.000Z,"Bulte, Alex","Rogowski, Roger",2026091764DFB31D,,draftkings,12404,,,false,12405,,0,2026-09-17T23:21:16.021Z,2026-09-17T23:21:23.702Z,1.133,1.125,1.125,1.133,0.882613,0.888889,0.628,,3,false
ODDSPAPI|ac70976b0ec5cab2662d7f079c69,2026-09-18T00:47:57.962374+00:00,id1205321274666558,Tennis,Tennis,UTR PTT Sydney Men 03,2026-09-17T23:00:00.000Z,"Bulte, Alex","Rogowski, Roger",2026091764DFB31D,,draftkings,12404,,,false,12406,,0,2026-09-17T23:21:16.021Z,2026-09-17T23:21:59.295Z,12.0,6.5,6.5,12.0,0.083333,0.153846,7.051,,5,false
ODDSPAPI|6f44644d49cec027d17c780d971d,2026-09-18T00:47:57.962374+00:00,id1205321274666558,Tennis,Tennis,UTR PTT Sydney Men 03,2026-09-17T23:00:00.000Z,"Bulte, Alex","Rogowski, Roger",2026091764DFB31D,,draftkings,12404,,,false,12407,,0,2026-09-17T23:21:16.021Z,2026-09-17T23:21:59.295Z,15.0,9.5,9.5,15.0,0.066667,0.105263,3.86,,5,false
ODDSPAPI|49098f4a182437125515b91786e4,2026-09-18T00:47:57.962374+00:00,id1205321274666558,Tennis,Tennis,UTR PTT Sydney Men 03,2026-09-17T23:00:00.000Z,"Bulte, Alex","Rogowski, Roger",2026091764DFB31D,,draftkings,12404,,,false,12408,,0,2026-09-17T23:21:16.021Z,2026-09-17T23:21:59.295Z,41.0,41.0,41.0,41.0,0.02439,0.02439,0.0,,4,false
ODDSPAPI|4cf7b0e1ee13cc7796ce9fc42e2d,2026-09-18T00:47:57.962374+00:00,id1205321274666558,Tennis,Tennis,UTR PTT Sydney Men 03,2026-09-17T23:00:00.000Z,"Bulte, Alex","Rogowski, Roger",2026091764DFB31D,,draftkings,12404,,,false,12409,,0,2026-09-17T23:21:16.021Z,2026-09-17T23:21:59.295Z,41.0,41.0,41.0,41.0,0.02439,0.02439,0.0,,4,false
ODDSPAPI|724e2a13a18dbbad48c629603825,2026-09-18T00:47:57.962374+00:00,id1205321274666558,Tennis,Tennis,UTR PTT Sydney Men 03,2026-09-17T23:00:00.000Z,"Bulte, Alex","Rogowski, Roger",2026091764DFB31D,,draftkings,12404,,,false,12410,,0,2026-09-17T23:21:16.021Z,2026-09-17T23:21:59.295Z,41.0,41.0,41.0,41.0,0.02439,0.02439,0.0,,4,false
ODDSPAPI|ea9e85a7c9a59541d0854ab0d9e8,2026-09-18T00:47:57.962374+00:00,id1205321274666558,Tennis,Tennis,UTR PTT Sydney Men 03,2026-09-17T23:00:00.000Z,"Bulte, Alex","Rogowski, Roger",2026091764DFB31D,,draftkings,12404,,,false,12416,,0,2026-09-17T23:21:16.021Z,2026-09-17T23:21:59.295Z,41.0,41.0,41.0,41.0,0.02439,0.02439,0.0,,4,false
ODDSPAPI|679e3a8fd20dde2e987bdfd08f85,2026-09-18T00:47:57.962374+00:00,id1205321274666558,Tennis,Tennis,UTR PTT Sydney Men 03,2026-09-17T23:00:00.000Z,"Bulte, Alex","Rogowski, Roger",2026091764DFB31D,,draftkings,12404,,,false,12417,,0,2026-09-17T23:21:16.021Z,2026-09-17T23:21:59.295Z,41.0,41.0,41.0,41.0,0.02439,0.02439,0.0,,4,false
ODDSPAPI|c13b47cf971af80be0bba2d03611,2026-09-18T00:47:57.962374+00:00,id1205321274666558,Tennis,Tennis,UTR PTT Sydney Men 03,2026-09-17T23:00:00.000Z,"Bulte, Alex","Rogowski, Roger",2026091764DFB31D,,draftkings,12463,,,false,12463,,0,2026-09-17T23:21:16.021Z,2026-09-17T23:21:59.295Z,2.25,2.35,2.25,2.35,0.444444,0.425532,-1.891,,3,false
ODDSPAPI|5f065aa0aea659f2ddc95db584fb,2026-09-18T00:47:57.962374+00:00,id1205321274666558,Tennis,Tennis,UTR PTT Sydney Men 03,2026-09-17T23:00:00.000Z,"Bulte, Alex","Rogowski, Roger",2026091764DFB31D,,draftkings,12463,,,false,12464,,0,2026-09-17T23:21:16.021Z,2026-09-17T23:21:59.295Z,1.541,1.541,1.541,1.541,0.648929,0.648929,0.0,,2,false
ODDSPAPI|3f9077140074a74de17f3fc9cc66,2026-09-18T00:47:57.962374+00:00,id1205321274666558,Tennis,Tennis,UTR PTT Sydney Men 03,2026-09-17T23:00:00.000Z,"Bulte, Alex","Rogowski, Roger",2026091764DFB31D,,draftkings,125,Second Set Winner,moneyline,false,125,1,0,2026-09-17T23:21:16.021Z,2026-09-17T23:21:59.295Z,1.01,1.02,1.01,1.02,0.990099,0.980392,-0.971,,3,false
ODDSPAPI|c43e8655cfff49c847be19d79bd8,2026-09-18T00:47:57.962374+00:00,id1205321274666558,Tennis,Tennis,UTR PTT Sydney Men 03,2026-09-17T23:00:00.000Z,"Bulte, Alex","Rogowski, Roger",2026091764DFB31D,,draftkings,125,Second Set Winner,moneyline,false,126,2,0,2026-09-17T23:21:16.021Z,2026-09-17T23:21:59.295Z,23.0,19.0,19.0,29.0,0.043478,0.052632,0.915,,4,false
ODDSPAPI|28fa068e728b2fd2b06055266fad,2026-09-18T00:47:57.962374+00:00,id1205321274666558,Tennis,Tennis,UTR PTT Sydney Men 03,2026-09-17T23:00:00.000Z,"Bulte, Alex","Rogowski, Roger",2026091764DFB31D,,draftkings,12513,,,false,12513,,0,2026-09-17T23:21:16.021Z,2026-09-17T23:21:59.295Z,4.3,4.1,3.75,4.3,0.232558,0.243902,1.134,,4,false
ODDSPAPI|34360dbde6bd864280d8f2e97d07,2026-09-18T00:47:57.962374+00:00,id1205321274666558,Tennis,Tennis,UTR PTT Sydney Men 03,2026-09-17T23:00:00.000Z,"Bulte, Alex","Rogowski, Roger",2026091764DFB31D,,draftkings,12513,,,false,12514,,0,2026-09-17T23:21:16.021Z,2026-09-17T23:21:59.295Z,3.15,3.35,3.15,3.35,0.31746,0.298507,-1.895,,4,false
ODDSPAPI|3b5c92b2ccab6695f9502fbbfc81,2026-09-18T00:47:57.962374+00:00,id1205321274666558,Tennis,Tennis,UTR PTT Sydney Men 03,2026-09-17T23:00:00.000Z,"Bulte, Alex","Rogowski, Roger",2026091764DFB31D,,draftkings,12513,,,false,12515,,0,2026-09-17T23:21:16.021Z,2026-09-17T23:21:59.295Z,2.6,2.6,2.5,2.6,0.384615,0.384615,0.0,,4,false
ODDSPAPI|702d749771b639e4964014803e71,2026-09-18T00:47:57.962374+00:00,id1205321274666558,Tennis,Tennis,UTR PTT Sydney Men 03,2026-09-17T23:00:00.000Z,"Bulte, Alex","Rogowski, Roger",2026091764DFB31D,,draftkings,12513,,,false,12516,,0,2026-09-17T23:21:16.021Z,2026-09-17T23:21:59.295Z,5.5,5.75,5.5,6.0,0.181818,0.173913,-0.791,,4,false
ODDSPAPI|f08aa3b356fa3e30aa560f7ea134,2026-09-18T00:47:57.962374+00:00,id1205321274666558,Tennis,Tennis,UTR PTT Sydney Men 03,2026-09-17T23:00:00.000Z,"Bulte, Alex","Rogowski, Roger",2026091764DFB31D,,draftkings,12513,,,false,12517,,0,2026-09-17T23:21:16.021Z,2026-09-17T23:21:59.295Z,5.5,5.5,5.5,5.75,0.181818,0.181818,0.0,,4,false
ODDSPAPI|6c116c2753f49d7967f854add171,2026-09-18T00:47:57.962374+00:00,id1205321274666558,Tennis,Tennis,UTR PTT Sydney Men 03,2026-09-17T23:00:00.000Z,"Bulte, Alex","Rogowski, Roger",2026091764DFB31D,,draftkings,12513,,,false,12518,,0,2026-09-17T23:21:16.021Z,2026-09-17T23:21:59.295Z,23.0,21.0,21.0,23.0,0.043478,0.047619,0.414,,3,false
ODDSPAPI|8a8b4426986ad19c6ca3f3bbe3a1,2026-09-18T00:47:57.962374+00:00,id1205321274666558,Tennis,Tennis,UTR PTT Sydney Men 03,2026-09-17T23:00:00.000Z,"Bulte, Alex","Rogowski, Roger",2026091764DFB31D,,draftkings,12513,,,false,12519,,0,2026-09-17T23:21:16.021Z,2026-09-17T23:21:59.295Z,19.0,21.0,19.0,23.0,0.052632,0.047619,-0.501,,4,false
ODDSPAPI|0852efb3c441244b845de0371fde,2026-09-18T00:47:57.962374+00:00,id1205321274666558,Tennis,Tennis,UTR PTT Sydney Men 03,2026-09-17T23:00:00.000Z,"Bulte, Alex","Rogowski, Roger",2026091764DFB31D,,draftkings,12513,,,false,12520,,0,2026-09-17T23:21:16.021Z,2026-09-17T23:21:59.295Z,41.0,41.0,41.0,41.0,0.02439,0.02439,0.0,,2,false
ODDSPAPI|2a820d15cfc53e030c270c25daf3,2026-09-18T00:47:57.962374+00:00,id1205321274666558,Tennis,Tennis,UTR PTT Sydney Men 03,2026-09-17T23:00:00.000Z,"Bulte, Alex","Rogowski, Roger",2026091764DFB31D,,draftkings,12513,,,false,12521,,0,2026-09-17T23:21:16.021Z,2026-09-17T23:21:59.295Z,41.0,41.0,41.0,41.0,0.02439,0.02439,0.0,,2,false
ODDSPAPI|959e98836bb1ffd0465605476a9a,2026-09-18T00:47:57.962374+00:00,id1205321274666558,Tennis,Tennis,UTR PTT Sydney Men 03,2026-09-17T23:00:00.000Z,"Bulte, Alex","Rogowski, Roger",2026091764DFB31D,,draftkings,12513,,,false,12522,,0,2026-09-17T23:21:16.021Z,2026-09-17T23:21:59.295Z,41.0,41.0,41.0,41.0,0.02439,0.02439,0.0,,2,false
ODDSPAPI|1cb7b5221292a964f1548f84541f,2026-09-18T00:47:57.962374+00:00,id1205321274666558,Tennis,Tennis,UTR PTT Sydney Men 03,2026-09-17T23:00:00.000Z,"Bulte, Alex","Rogowski, Roger",2026091764DFB31D,,draftkings,12513,,,false,12523,,0,2026-09-17T23:21:16.021Z,2026-09-17T23:21:59.295Z,41.0,41.0,41.0,41.0,0.02439,0.02439,0.0,,2,false
ODDSPAPI|a3aaa55fd08fdb0c2d0053b1f22f,2026-09-18T00:47:57.962374+00:00,id1205321274666558,Tennis,Tennis,UTR PTT Sydney Men 03,2026-09-17T23:00:00.000Z,"Bulte, Alex","Rogowski, Roger",2026091764DFB31D,,draftkings,12513,,,false,12524,,0,2026-09-17T23:21:16.021Z,2026-09-17T23:21:59.295Z,41.0,41.0,41.0,41.0,0.02439,0.02439,0.0,,2,false
ODDSPAPI|1b325f8449231afa64f99a04b391,2026-09-18T00:47:57.962374+00:00,id1205321274666558,Tennis,Tennis,UTR PTT Sydney Men 03,2026-09-17T23:00:00.000Z,"Bulte, Alex","Rogowski, Roger",2026091764DFB31D,,draftkings,12513,,,false,12525,,0,2026-09-17T23:21:16.021Z,2026-09-17T23:21:59.295Z,41.0,41.0,41.0,41.0,0.02439,0.02439,0.0,,2,false
ODDSPAPI|3683cb40a47adb5b5bf5d2603991,2026-09-18T00:47:57.962374+00:00,id1205321274666558,Tennis,Tennis,UTR PTT Sydney Men 03,2026-09-17T23:00:00.000Z,"Bulte, Alex","Rogowski, Roger",2026091764DFB31D,,draftkings,12513,,,false,12526,,0,2026-09-17T23:21:16.021Z,2026-09-17T23:21:59.295Z,41.0,41.0,41.0,41.0,0.02439,0.02439,0.0,,2,false
ODDSPAPI|fc3b8b382e6deba5904845debbef,2026-09-18T00:47:57.962374+00:00,id1205321274666558,Tennis,Tennis,UTR PTT Sydney Men 03,2026-09-17T23:00:00.000Z,"Bulte, Alex","Rogowski, Roger",2026091764DFB31D,,draftkings,12883,,,false,12884,,0,2026-09-17T23:21:16.021Z,2026-09-17T23:21:59.295Z,12.0,11.0,11.0,14.0,0.083333,0.090909,0.758,,4,false
ODDSPAPI|33e441ff2aa8ae9a197a51ed9acf,2026-09-18T00:47:57.962374+00:00,id1205321274666558,Tennis,Tennis,UTR PTT Sydney Men 03,2026-09-17T23:00:00.000Z,"Bulte, Alex","Rogowski, Roger",2026091764DFB31D,,draftkings,12883,,,false,12885,,0,2026-09-17T23:21:16.021Z,2026-09-17T23:21:59.295Z,41.0,41.0,41.0,41.0,0.02439,0.02439,0.0,,2,false
ODDSPAPI|c20cefb82a56945cfc968cda7c20,2026-09-18T00:47:57.962374+00:00,id1205321274666558,Tennis,Tennis,UTR PTT Sydney Men 03,2026-09-17T23:00:00.000Z,"Bulte, Alex","Rogowski, Roger",2026091764DFB31D,,draftkings,12883,,,false,12886,,0,2026-09-17T23:21:16.021Z,2026-09-17T23:21:59.295Z,31.0,23.0,23.0,36.0,0.032258,0.043478,1.122,,4,false
ODDSPAPI|4e106c7fa1e75504463390f3894e,2026-09-18T00:47:57.962374+00:00,id1205321274666558,Tennis,Tennis,UTR PTT Sydney Men 03,2026-09-17T23:00:00.000Z,"Bulte, Alex","Rogowski, Roger",2026091764DFB31D,,fanduel,121,Winner,moneyline,false,121,1,0,2026-09-17T22:59:08.420Z,2026-09-17T23:50:30.559Z,1.01,1.0,1.0,1.02,0.990099,,,20000.0,28,false
ODDSPAPI|43cbb1a56b0ea1cd91b99cee340f,2026-09-18T00:47:57.962374+00:00,id1205321274666558,Tennis,Tennis,UTR PTT Sydney Men 03,2026-09-17T23:00:00.000Z,"Bulte, Alex","Rogowski, Roger",2026091764DFB31D,,fanduel,121,Winner,moneyline,false,122,2,0,2026-09-17T22:59:08.420Z,2026-09-17T23:50:30.559Z,15.0,101.0,10.0,101.0,0.066667,0.009901,-5.677,158.0,64,false
ODDSPAPI|3501f437c31321949d1ffb5793ab,2026-09-18T00:47:57.962374+00:00,id1205321274666558,Tennis,Tennis,UTR PTT Sydney Men 03,2026-09-17T23:00:00.000Z,"Bulte, Alex","Rogowski, Roger",2026091764DFB31D,,fanduel,121033,,,false,121033,,0,2026-09-17T22:59:08.420Z,2026-09-17T23:51:06.353Z,6.2,51.0,5.9,51.0,0.16129,0.019608,-14.168,225.0,60,false
ODDSPAPI|38e3ba235c9adecc36b005331433,2026-09-18T00:47:57.962374+00:00,id1205321274666558,Tennis,Tennis,UTR PTT Sydney Men 03,2026-09-17T23:00:00.000Z,"Bulte, Alex","Rogowski, Roger",2026091764DFB31D,,fanduel,121033,,,false,121034,,0,2026-09-17T22:59:08.420Z,2026-09-17T23:51:06.353Z,1.1,1.0,1.0,1.12,0.909091,,,20000.0,40,false
ODDSPAPI|c98eb70f3ac89b9aee55de0cfb56,2026-09-18T00:47:57.962374+00:00,id1205321274666558,Tennis,Tennis,UTR PTT Sydney Men 03,2026-09-17T23:00:00.000Z,"Bulte, Alex","Rogowski, Roger",2026091764DFB31D,,fanduel,123,First Set Winner,moneyline,false,123,1,0,2026-09-17T22:59:08.420Z,2026-09-17T23:11:30.365Z,1.05,1.0,1.0,1.07,0.952381,,,20000.0,18,false
ODDSPAPI|fc499808cf4a5ed6e21cf69e67bb,2026-09-18T00:47:57.962374+00:00,id1205321274666558,Tennis,Tennis,UTR PTT Sydney Men 03,2026-09-17T23:00:00.000Z,"Bulte, Alex","Rogowski, Roger",2026091764DFB31D,,fanduel,123,First Set Winner,moneyline,false,124,2,0,2026-09-17T22:59:08.420Z,2026-09-17T23:26:45.752Z,9.0,31.0,7.4,31.0,0.111111,0.032258,-7.885,141.0,29,false
ODDSPAPI|d3a753420b5c2a990924d87e0f11,2026-09-18T00:47:57.962374+00:00,id1205321274666558,Tennis,Tennis,UTR PTT Sydney Men 03,2026-09-17T23:00:00.000Z,"Bulte, Alex","Rogowski, Roger",2026091764DFB31D,,fanduel,125,Second Set Winner,moneyline,false,125,1,0,2026-09-17T22:59:08.420Z,2026-09-17T23:51:04.518Z,1.03,1.0,1.0,1.05,0.970874,,,20000.0,21,false
ODDSPAPI|22b176c09a1ab398215d0d6e34de,2026-09-18T00:47:57.962374+00:00,id1205321274666558,Tennis,Tennis,UTR PTT Sydney Men 03,2026-09-17T23:00:00.000Z,"Bulte, Alex","Rogowski, Roger",2026091764DFB31D,,fanduel,125,Second Set Winner,moneyline,false,126,2,0,2026-09-17T22:59:08.420Z,2026-09-17T23:51:04.518Z,9.8,51.0,9.0,51.0,0.102041,0.019608,-8.243,128.0,45,false
ODDSPAPI|1513624560b46c2234c0ddd91e06,2026-09-18T00:47:57.962374+00:00,id1205321274666558,Tennis,Tennis,UTR PTT Sydney Men 03,2026-09-17T23:00:00.000Z,"Bulte, Alex","Rogowski, Roger",2026091764DFB31D,,fanduel,12542,Third Set Winner,moneyline,false,12542,1,0,2026-09-17T22:59:08.420Z,2026-09-17T23:29:59.934Z,1.13,1.2,1.1,1.24,0.884956,0.833333,-5.162,3960.0,55,false
ODDSPAPI|9aac2f6184878ec9e9ad29e873aa,2026-09-18T00:47:57.962374+00:00,id1205321274666558,Tennis,Tennis,UTR PTT Sydney Men 03,2026-09-17T23:00:00.000Z,"Bulte, Alex","Rogowski, Roger",2026091764DFB31D,,fanduel,12542,Third Set Winner,moneyline,false,12543,2,0,2026-09-17T22:59:08.420Z,2026-09-17T23:29:59.934Z,5.5,4.2,3.8,6.2,0.181818,0.238095,5.628,155.0,62,false
ODDSPAPI|87cc94f95951aaa39777d0f58a09,2026-09-18T00:47:57.962374+00:00,id1205321274666558,Tennis,Tennis,UTR PTT Sydney Men 03,2026-09-17T23:00:00.000Z,"Bulte, Alex","Rogowski, Roger",2026091764DFB31D,,fanduel,12883,,,false,12883,,0,2026-09-17T22:59:08.420Z,2026-09-17T23:51:04.518Z,1.09,1.0,1.0,1.14,0.917431,,,20000.0,39,false
ODDSPAPI|e3f3f407bc66c1a67cb177da08e7,2026-09-18T00:47:57.962374+00:00,id1205321274666558,Tennis,Tennis,UTR PTT Sydney Men 03,2026-09-17T23:00:00.000Z,"Bulte, Alex","Rogowski, Roger",2026091764DFB31D,,fanduel,12883,,,false,12884,,0,2026-09-17T22:59:08.420Z,2026-09-17T23:51:04.518Z,7.5,51.0,7.0,51.0,0.133333,0.019608,-11.373,115.0,51,false
ODDSPAPI|99dff816eb5cd5a72504afb8ca8e,2026-09-18T00:47:57.962374+00:00,id1205321274666558,Tennis,Tennis,UTR PTT Sydney Men 03,2026-09-17T23:00:00.000Z,"Bulte, Alex","Rogowski, Roger",2026091764DFB31D,,fanduel,12883,,,false,12885,,0,2026-09-17T22:59:08.420Z,2026-09-17T23:48:46.020Z,41.0,51.0,34.0,51.0,0.02439,0.019608,-0.478,100.0,13,false
ODDSPAPI|090ddea63758d5e5c3c0398715c5,2026-09-18T00:47:57.962374+00:00,id1205321274666558,Tennis,Tennis,UTR PTT Sydney Men 03,2026-09-17T23:00:00.000Z,"Bulte, Alex","Rogowski, Roger",2026091764DFB31D,,fanduel,12883,,,false,12886,,0,2026-09-17T22:59:08.420Z,2026-09-17T23:48:46.020Z,31.0,51.0,31.0,51.0,0.032258,0.019608,-1.265,100.0,19,false
ODDSPAPI|d29940f27f4663c503be72384518,2026-09-18T00:47:57.962374+00:00,id1204695574628624,Tennis,Tennis,"WTA Sao Paulo, Brazil Women, Doubles",2026-09-17T22:45:00.000Z,Ovcharenko E / Pigossi L,Stoiana M / Valdmannova V,20260914BA93CECF,,draftkings,121,Winner,moneyline,false,121,1,0,2026-09-13T07:58:57.292Z,2026-09-17T23:58:32.912Z,2.04,101.0,2.04,101.0,0.490196,0.009901,-48.03,,564,false
ODDSPAPI|715e5694b712338b829b283c7e87,2026-09-18T00:47:57.962374+00:00,id1204695574628624,Tennis,Tennis,"WTA Sao Paulo, Brazil Women, Doubles",2026-09-17T22:45:00.000Z,Ovcharenko E / Pigossi L,Stoiana M / Valdmannova V,20260914BA93CECF,,draftkings,121,Winner,moneyline,false,122,2,0,2026-09-13T07:58:57.292Z,2026-09-17T23:59:24.768Z,1.73,1.002,1.0,1.73,0.578035,0.998004,41.997,,509,false
ODDSPAPI|ce799fe4032820112d0542d83849,2026-09-18T00:47:57.962374+00:00,id1204695574628624,Tennis,Tennis,"WTA Sao Paulo, Brazil Women, Doubles",2026-09-17T22:45:00.000Z,Ovcharenko E / Pigossi L,Stoiana M / Valdmannova V,20260914BA93CECF,,draftkings,12231,Total Sets Over Under,totals,false,12231,Over,0,2026-09-17T22:00:15.391Z,2026-09-18T00:22:14.263Z,2.35,41.0,2.35,41.0,0.425532,0.02439,-40.114,,221,false
ODDSPAPI|33508e9b9be2be1f1b8da202843b,2026-09-18T00:47:57.962374+00:00,id1204695574628624,Tennis,Tennis,"WTA Sao Paulo, Brazil Women, Doubles",2026-09-17T22:45:00.000Z,Ovcharenko E / Pigossi L,Stoiana M / Valdmannova V,20260914BA93CECF,,draftkings,12231,Total Sets Over Under,totals,false,12232,Under,0,2026-09-17T22:00:15.391Z,2026-09-18T00:22:14.263Z,1.5,1.0,1.0,1.5,0.666667,,,,201,false
ODDSPAPI|c70f865771147993b880fc39cb66,2026-09-18T00:47:57.962374+00:00,id1204695574628624,Tennis,Tennis,"WTA Sao Paulo, Brazil Women, Doubles",2026-09-17T22:45:00.000Z,Ovcharenko E / Pigossi L,Stoiana M / Valdmannova V,20260914BA93CECF,,draftkings,12239,,,false,12239,,0,2026-09-13T07:58:57.292Z,2026-09-17T23:09:06.261Z,3.15,5.25,3.15,5.5,0.31746,0.190476,-12.698,,61,false
ODDSPAPI|3e1944eaad424fb19343b88240a9,2026-09-18T00:47:57.962374+00:00,id1204695574628624,Tennis,Tennis,"WTA Sao Paulo, Brazil Women, Doubles",2026-09-17T22:45:00.000Z,Ovcharenko E / Pigossi L,Stoiana M / Valdmannova V,20260914BA93CECF,,draftkings,12239,,,false,12240,,0,2026-09-13T07:58:57.292Z,2026-09-17T23:09:06.261Z,1.222,1.05,1.05,1.222,0.818331,0.952381,13.405,,57,false
ODDSPAPI|8daf6718b0d5315863a4fd52fe3c,2026-09-18T00:47:57.962374+00:00,id1204695574628624,Tennis,Tennis,"WTA Sao Paulo, Brazil Women, Doubles",2026-09-17T22:45:00.000Z,Ovcharenko E / Pigossi L,Stoiana M / Valdmannova V,20260914BA93CECF,,draftkings,12241,,,false,12241,,0,2026-09-13T07:58:57.292Z,2026-09-17T23:09:06.261Z,1.333,1.8,1.333,1.833,0.750188,0.555556,-19.463,,59,false
ODDSPAPI|7203228d3e0021f31e171765feae,2026-09-18T00:47:57.962374+00:00,id1204695574628624,Tennis,Tennis,"WTA Sao Paulo, Brazil Women, Doubles",2026-09-17T22:45:00.000Z,Ovcharenko E / Pigossi L,Stoiana M / Valdmannova V,20260914BA93CECF,,draftkings,12241,,,false,12242,,0,2026-09-13T07:58:57.292Z,2026-09-17T23:09:06.261Z,2.6,1.741,1.714,2.6,0.384615,0.574383,18.977,,60,false
ODDSPAPI|85d0c0e71ffdd4fde3fcdb2bd5c4,2026-09-18T00:47:57.962374+00:00,id1204695574628624,Tennis,Tennis,"WTA Sao Paulo, Brazil Women, Doubles",2026-09-17T22:45:00.000Z,Ovcharenko E / Pigossi L,Stoiana M / Valdmannova V,20260914BA93CECF,,draftkings,12245,,,false,12245,,0,2026-09-13T07:58:57.292Z,2026-09-17T23:09:06.261Z,1.303,1.8,1.303,1.833,0.76746,0.555556,-21.19,,60,false
ODDSPAPI|9c5d10d37d46cca0f5c3797f70a2,2026-09-18T00:47:57.962374+00:00,id1204695574628624,Tennis,Tennis,"WTA Sao Paulo, Brazil Women, Doubles",2026-09-17T22:45:00.000Z,Ovcharenko E / Pigossi L,Stoiana M / Valdmannova V,20260914BA93CECF,,draftkings,12245,,,false,12246,,0,2026-09-13T07:58:57.292Z,2026-09-17T23:09:06.261Z,2.6,1.741,1.714,2.6,0.384615,0.574383,18.977,,59,false
ODDSPAPI|d219999f8f0c68bf1c005bf96d2d,2026-09-18T00:47:57.962374+00:00,id1204695574628624,Tennis,Tennis,"WTA Sao Paulo, Brazil Women, Doubles",2026-09-17T22:45:00.000Z,Ovcharenko E / Pigossi L,Stoiana M / Valdmannova V,20260914BA93CECF,,draftkings,12247,,,false,12247,,0,2026-09-13T07:58:57.292Z,2026-09-17T23:09:06.261Z,1.2,1.05,1.05,1.211,0.833333,0.952381,11.905,,54,false
ODDSPAPI|b94c1527509150040b664cc7c344,2026-09-18T00:47:57.962374+00:00,id1204695574628624,Tennis,Tennis,"WTA Sao Paulo, Brazil Women, Doubles",2026-09-17T22:45:00.000Z,Ovcharenko E / Pigossi L,Stoiana M / Valdmannova V,20260914BA93CECF,,draftkings,12247,,,false,12248,,0,2026-09-13T07:58:57.292Z,2026-09-17T23:09:06.261Z,3.25,5.75,3.25,5.75,0.307692,0.173913,-13.378,,62,false
ODDSPAPI|5dd4c873898bc78ab79cd9586546,2026-09-18T00:47:57.962374+00:00,id1204695574628624,Tennis,Tennis,"WTA Sao Paulo, Brazil Women, Doubles",2026-09-17T22:45:00.000Z,Ovcharenko E / Pigossi L,Stoiana M / Valdmannova V,20260914BA93CECF,,draftkings,12263,,,false,12263,,0,2026-09-17T22:00:15.391Z,2026-09-17T23:33:57.144Z,1.029,1.071,1.004,1.465,0.971817,0.933707,-3.811,,98,false
ODDSPAPI|d448566bf858675c57743e9ae0eb,2026-09-18T00:47:57.962374+00:00,id1204695574628624,Tennis,Tennis,"WTA Sao Paulo, Brazil Women, Doubles",2026-09-17T22:45:00.000Z,Ovcharenko E / Pigossi L,Stoiana M / Valdmannova V,20260914BA93CECF,,draftkings,12263,,,false,12264,,0,2026-09-17T22:00:15.391Z,2026-09-17T23:33:57.144Z,17.0,8.5,2.5,31.0,0.058824,0.117647,5.882,,111,false
ODDSPAPI|50578fcf2da6760d107eb01c7924,2026-09-18T00:47:57.962374+00:00,id1204695574628624,Tennis,Tennis,"WTA Sao Paulo, Brazil Women, Doubles",2026-09-17T22:45:00.000Z,Ovcharenko E / Pigossi L,Stoiana M / Valdmannova V,20260914BA93CECF,,draftkings,12265,,,false,12265,,0,2026-09-17T22:00:15.391Z,2026-09-17T23:27:26.081Z,1.154,1.909,1.091,4.5,0.866551,0.523834,-34.272,,190,false
ODDSPAPI|c18cc6503057e156916bb50a4262,2026-09-18T00:47:57.962374+00:00,id1204695574628624,Tennis,Tennis,"WTA Sao Paulo, Brazil Women, Doubles",2026-09-17T22:45:00.000Z,Ovcharenko E / Pigossi L,Stoiana M / Valdmannova V,20260914BA93CECF,,draftkings,12265,,,false,12266,,0,2026-09-17T22:00:15.391Z,2026-09-17T23:27:26.081Z,5.25,1.8,1.19,7.5,0.190476,0.555556,36.508,,200,false
ODDSPAPI|19eae2efb32d98041ec72a5e33a2,2026-09-18T00:47:57.962374+00:00,id1204695574628624,Tennis,Tennis,"WTA Sao Paulo, Brazil Women, Doubles",2026-09-17T22:45:00.000Z,Ovcharenko E / Pigossi L,Stoiana M / Valdmannova V,20260914BA93CECF,,draftkings,12267,,,false,12267,,0,2026-09-17T22:00:15.391Z,2026-09-17T23:27:59.832Z,1.417,1.303,1.111,7.5,0.705716,0.76746,6.174,,217,false
ODDSPAPI|c7d98e69993be9cf7c00aba96ca5,2026-09-18T00:47:57.962374+00:00,id1204695574628624,Tennis,Tennis,"WTA Sao Paulo, Brazil Women, Doubles",2026-09-17T22:45:00.000Z,Ovcharenko E / Pigossi L,Stoiana M / Valdmannova V,20260914BA93CECF,,draftkings,12267,,,false,12268,,0,2026-09-17T22:00:15.391Z,2026-09-17T23:27:59.832Z,2.6,3.3,1.091,6.5,0.384615,0.30303,-8.159,,208,false
ODDSPAPI|deeb517134cbf15dc143fd3d7d16,2026-09-18T00:47:57.962374+00:00,id1204695574628624,Tennis,Tennis,"WTA Sao Paulo, Brazil Women, Doubles",2026-09-17T22:45:00.000Z,Ovcharenko E / Pigossi L,Stoiana M / Valdmannova V,20260914BA93CECF,,draftkings,12269,,,false,12269,,0,2026-09-17T22:00:15.391Z,2026-09-17T23:31:39.254Z,2.1,4.5,1.909,26.0,0.47619,0.222222,-25.397,,251,false
ODDSPAPI|fa7ff43dc5cc963e55ede74e4ba3,2026-09-18T00:47:57.962374+00:00,id1204695574628624,Tennis,Tennis,"WTA Sao Paulo, Brazil Women, Doubles",2026-09-17T22:45:00.000Z,Ovcharenko E / Pigossi L,Stoiana M / Valdmannova V,20260914BA93CECF,,draftkings,12269,,,false,12270,,0,2026-09-17T22:00:15.391Z,2026-09-17T23:31:39.254Z,1.667,1.19,1.01,1.833,0.59988,0.840336,24.046,,217,false
ODDSPAPI|8967eef123666cde1fa9ee20741c,2026-09-18T00:47:57.962374+00:00,id1204695574628624,Tennis,Tennis,"WTA Sao Paulo, Brazil Women, Doubles",2026-09-17T22:45:00.000Z,Ovcharenko E / Pigossi L,Stoiana M / Valdmannova V,20260914BA93CECF,,draftkings,12271,,,false,12271,,0,2026-09-17T22:00:15.391Z,2026-09-17T23:31:39.254Z,4.0,7.0,3.4,41.0,0.25,0.142857,-10.714,,242,false
ODDSPAPI|7d9ddc2cad11983f32db9a17415f,2026-09-18T00:47:57.962374+00:00,id1204695574628624,Tennis,Tennis,"WTA Sao Paulo, Brazil Women, Doubles",2026-09-17T22:45:00.000Z,Ovcharenko E / Pigossi L,Stoiana M / Valdmannova V,20260914BA93CECF,,draftkings,12271,,,false,12272,,0,2026-09-17T22:00:15.391Z,2026-09-17T23:31:39.254Z,1.235,1.091,1.004,1.286,0.809717,0.91659,10.687,,207,false
ODDSPAPI|972af3e1dec0b5f762c458ae00ea,2026-09-18T00:47:57.962374+00:00,id1204695574628624,Tennis,Tennis,"WTA Sao Paulo, Brazil Women, Doubles",2026-09-17T22:45:00.000Z,Ovcharenko E / Pigossi L,Stoiana M / Valdmannova V,20260914BA93CECF,,draftkings,12275,,,false,12275,,0,2026-09-17T22:00:15.391Z,2026-09-17T23:31:39.254Z,7.0,12.0,5.5,41.0,0.142857,0.083333,-5.952,,215,false
ODDSPAPI|b059bbb430eb4bbf931632dbe54d,2026-09-18T00:47:57.962374+00:00,id1204695574628624,Tennis,Tennis,"WTA Sao Paulo, Brazil Women, Doubles",2026-09-17T22:45:00.000Z,Ovcharenko E / Pigossi L,Stoiana M / Valdmannova V,20260914BA93CECF,,draftkings,12275,,,false,12276,,0,2026-09-17T22:00:15.391Z,2026-09-17T23:31:39.254Z,1.091,1.04,1.0,1.143,0.91659,0.961538,4.495,,185,false
ODDSPAPI|2e4bd81c71e47fde7959bcb6623f,2026-09-18T00:47:57.962374+00:00,id1204695574628624,Tennis,Tennis,"WTA Sao Paulo, Brazil Women, Doubles",2026-09-17T22:45:00.000Z,Ovcharenko E / Pigossi L,Stoiana M / Valdmannova V,20260914BA93CECF,,draftkings,123,First Set Winner,moneyline,false,123,1,0,2026-09-13T07:58:57.292Z,2026-09-17T23:33:57.144Z,2.0,17.0,2.0,41.0,0.5,0.058824,-44.118,,189,false
ODDSPAPI|8615114dbe226043a7157f9a142f,2026-09-18T00:47:57.962374+00:00,id1204695574628624,Tennis,Tennis,"WTA Sao Paulo, Brazil Women, Doubles",2026-09-17T22:45:00.000Z,Ovcharenko E / Pigossi L,Stoiana M / Valdmannova V,20260914BA93CECF,,draftkings,123,First Set Winner,moneyline,false,124,2,0,2026-09-13T07:58:57.292Z,2026-09-17T23:33:57.144Z,1.741,1.029,1.0,1.741,0.574383,0.971817,39.743,,172,false
ODDSPAPI|f6ccaa956221e5253df7b4bad87b,2026-09-18T00:47:57.962374+00:00,id1204695574628624,Tennis,Tennis,"WTA Sao Paulo, Brazil Women, Doubles",2026-09-17T22:45:00.000Z,Ovcharenko E / Pigossi L,Stoiana M / Valdmannova V,20260914BA93CECF,,draftkings,12435,,,false,12435,,0,2026-09-17T23:32:31.862Z,2026-09-17T23:56:27.079Z,1.04,1.5,1.04,2.35,0.961538,0.666667,-29.487,,113,false
ODDSPAPI|feeb2a3e948cb3e16ec14e5bf339,2026-09-18T00:47:57.962374+00:00,id1204695574628624,Tennis,Tennis,"WTA Sao Paulo, Brazil Women, Doubles",2026-09-17T22:45:00.000Z,Ovcharenko E / Pigossi L,Stoiana M / Valdmannova V,20260914BA93CECF,,draftkings,12435,,,false,12436,,0,2026-09-17T23:32:31.862Z,2026-09-17T23:56:27.079Z,14.0,2.4,1.541,14.0,0.071429,0.416667,34.524,,119,false
ODDSPAPI|905d59174e25b06645ac8232da74,2026-09-18T00:47:57.962374+00:00,id1204695574628624,Tennis,Tennis,"WTA Sao Paulo, Brazil Women, Doubles",2026-09-17T22:45:00.000Z,Ovcharenko E / Pigossi L,Stoiana M / Valdmannova V,20260914BA93CECF,,draftkings,12437,,,false,12437,,0,2026-09-17T23:32:31.862Z,2026-09-17T23:58:32.912Z,1.167,4.3,1.167,4.3,0.856898,0.232558,-62.434,,180,false
ODDSPAPI|3321a526c03271646e3771e621e0,2026-09-18T00:47:57.962374+00:00,id1204695574628624,Tennis,Tennis,"WTA Sao Paulo, Brazil Women, Doubles",2026-09-17T22:45:00.000Z,Ovcharenko E / Pigossi L,Stoiana M / Valdmannova V,20260914BA93CECF,,draftkings,12437,,,false,12438,,0,2026-09-17T23:32:31.862Z,2026-09-17T23:58:32.912Z,5.0,1.2,1.2,5.0,0.2,0.833333,63.333,,181,false
ODDSPAPI|02bd2d5244c4b85862b444a4c26d,2026-09-18T00:47:57.962374+00:00,id1204695574628624,Tennis,Tennis,"WTA Sao Paulo, Brazil Women, Doubles",2026-09-17T22:45:00.000Z,Ovcharenko E / Pigossi L,Stoiana M / Valdmannova V,20260914BA93CECF,,draftkings,12439,,,false,12439,,0,2026-09-17T23:32:31.862Z,2026-09-17T23:58:32.912Z,1.541,17.0,1.5,17.0,0.648929,0.058824,-59.011,,170,false
ODDSPAPI|e3ec8e79e6e2779f0a66ea028371,2026-09-18T00:47:57.962374+00:00,id1204695574628624,Tennis,Tennis,"WTA Sao Paulo, Brazil Women, Doubles",2026-09-17T22:45:00.000Z,Ovcharenko E / Pigossi L,Stoiana M / Valdmannova V,20260914BA93CECF,,draftkings,12439,,,false,12440,,0,2026-09-17T23:32:31.862Z,2026-09-17T23:58:32.912Z,2.35,1.029,1.029,2.4,0.425532,0.971817,54.629,,168,false
ODDSPAPI|792813989b370def83f156668213,2026-09-18T00:47:57.962374+00:00,id1204695574628624,Tennis,Tennis,"WTA Sao Paulo, Brazil Women, Doubles",2026-09-17T22:45:00.000Z,Ovcharenko E / Pigossi L,Stoiana M / Valdmannova V,20260914BA93CECF,,draftkings,12441,,,false,12441,,0,2026-09-17T23:32:31.862Z,2026-09-17T23:58:32.912Z,2.2,29.0,2.1,29.0,0.454545,0.034483,-42.006,,163,false
ODDSPAPI|ae5287496be83eb255924c7eadea,2026-09-18T00:47:57.962374+00:00,id1204695574628624,Tennis,Tennis,"WTA Sao Paulo, Brazil Women, Doubles",2026-09-17T22:45:00.000Z,Ovcharenko E / Pigossi L,Stoiana M / Valdmannova V,20260914BA93CECF,,draftkings,12441,,,false,12442,,0,2026-09-17T23:32:31.862Z,2026-09-17T23:58:32.912Z,1.606,1.01,1.01,1.606,0.622665,0.990099,36.743,,166,false
ODDSPAPI|db8c5ec424a6eabe97a39bb13550,2026-09-18T00:47:57.962374+00:00,id1204695574628624,Tennis,Tennis,"WTA Sao Paulo, Brazil Women, Doubles",2026-09-17T22:45:00.000Z,Ovcharenko E / Pigossi L,Stoiana M / Valdmannova V,20260914BA93CECF,,draftkings,12443,,,false,12443,,0,2026-09-17T23:32:31.862Z,2026-09-18T00:22:14.263Z,4.8,41.0,4.5,41.0,0.208333,0.02439,-18.394,,138,false
ODDSPAPI|527424ecf6e1bb27a4aca9ac893c,2026-09-18T00:47:57.962374+00:00,id1204695574628624,Tennis,Tennis,"WTA Sao Paulo, Brazil Women, Doubles",2026-09-17T22:45:00.000Z,Ovcharenko E / Pigossi L,Stoiana M / Valdmannova V,20260914BA93CECF,,draftkings,12443,,,false,12444,,0,2026-09-17T23:32:31.862Z,2026-09-18T00:22:14.263Z,1.174,1.002,1.0,1.19,0.851789,0.998004,14.622,,138,false
ODDSPAPI|d35852586e9601175d3a755cd418,2026-09-18T00:47:57.962374+00:00,id1204695574628624,Tennis,Tennis,"WTA Sao Paulo, Brazil Women, Doubles",2026-09-17T22:45:00.000Z,Ovcharenko E / Pigossi L,Stoiana M / Valdmannova V,20260914BA93CECF,,draftkings,12447,,,false,12447,,0,2026-09-17T23:32:31.862Z,2026-09-18T00:22:14.263Z,8.5,41.0,8.0,41.0,0.117647,0.02439,-9.326,,99,false
ODDSPAPI|d0950515562f1825212066adc392,2026-09-18T00:47:57.962374+00:00,id1204695574628624,Tennis,Tennis,"WTA Sao Paulo, Brazil Women, Doubles",2026-09-17T22:45:00.000Z,Ovcharenko E / Pigossi L,Stoiana M / Valdmannova V,20260914BA93CECF,,draftkings,12447,,,false,12448,,0,2026-09-17T23:32:31.862Z,2026-09-18T00:22:14.263Z,1.071,1.002,1.0,1.083,0.933707,0.998004,6.43,,91,false
ODDSPAPI|d640a97b2d0de843d5109c5a8bce,2026-09-18T00:47:57.962374+00:00,id1204695574628624,Tennis,Tennis,"WTA Sao Paulo, Brazil Women, Doubles",2026-09-17T22:45:00.000Z,Ovcharenko E / Pigossi L,Stoiana M / Valdmannova V,20260914BA93CECF,,draftkings,125,Second Set Winner,moneyline,false,125,1,0,2026-09-13T07:58:57.292Z,2026-09-17T23:58:32.811Z,2.0,41.0,2.0,41.0,0.5,0.02439,-47.561,,298,false
ODDSPAPI|32a988a67d03d7de488e63fb6684,2026-09-18T00:47:57.962374+00:00,id1204695574628624,Tennis,Tennis,"WTA Sao Paulo, Brazil Women, Doubles",2026-09-17T22:45:00.000Z,Ovcharenko E / Pigossi L,Stoiana M / Valdmannova V,20260914BA93CECF,,draftkings,125,Second Set Winner,moneyline,false,126,2,0,2026-09-13T07:58:57.292Z,2026-09-18T00:22:14.263Z,1.741,1.002,1.0,1.741,0.574383,0.998004,42.362,,263,false
ODDSPAPI|22338932fc84f9386e3393d21463,2026-09-18T00:47:57.962374+00:00,id1204695574628624,Tennis,Tennis,"WTA Sao Paulo, Brazil Women, Doubles",2026-09-17T22:45:00.000Z,Ovcharenko E / Pigossi L,Stoiana M / Valdmannova V,20260914BA93CECF,,draftkings,12883,,,false,12883,,0,2026-09-13T07:58:57.292Z,2026-09-17T23:33:57.144Z,3.5,41.0,3.5,41.0,0.285714,0.02439,-26.132,,111,false
ODDSPAPI|9b7a1de704f8ac898c07dbe2ff0c,2026-09-18T00:47:57.962374+00:00,id1204695574628624,Tennis,Tennis,"WTA Sao Paulo, Brazil Women, Doubles",2026-09-17T22:45:00.000Z,Ovcharenko E / Pigossi L,Stoiana M / Valdmannova V,20260914BA93CECF,,draftkings,12883,,,false,12884,,0,2026-09-13T07:58:57.292Z,2026-09-17T23:58:32.912Z,4.0,41.0,4.0,41.0,0.25,0.02439,-22.561,,246,false
ODDSPAPI|152338b7ba369f316b5bdb62d0f1,2026-09-18T00:47:57.962374+00:00,id1204695574628624,Tennis,Tennis,"WTA Sao Paulo, Brazil Women, Doubles",2026-09-17T22:45:00.000Z,Ovcharenko E / Pigossi L,Stoiana M / Valdmannova V,20260914BA93CECF,,draftkings,12883,,,false,12885,,0,2026-09-13T07:58:57.292Z,2026-09-18T00:22:14.263Z,2.8,1.0,1.0,2.8,0.357143,,,,299,false
ODDSPAPI|1985903249176cd21aab74c2f622,2026-09-18T00:47:57.962374+00:00,id1204695574628624,Tennis,Tennis,"WTA Sao Paulo, Brazil Women, Doubles",2026-09-17T22:45:00.000Z,Ovcharenko E / Pigossi L,Stoiana M / Valdmannova V,20260914BA93CECF,,draftkings,12883,,,false,12886,,0,2026-09-13T07:58:57.292Z,2026-09-17T23:58:32.912Z,3.75,41.0,3.7,41.0,0.266667,0.02439,-24.228,,227,false
ODDSPAPI|159baa0afe62372d69d2b69d5d75,2026-09-18T00:47:57.962374+00:00,id1204695574628624,Tennis,Tennis,"WTA Sao Paulo, Brazil Women, Doubles",2026-09-17T22:45:00.000Z,Ovcharenko E / Pigossi L,Stoiana M / Valdmannova V,20260914BA93CECF,,fanduel,121,Winner,moneyline,false,121,1,0,2026-09-13T13:49:05.585Z,2026-09-18T00:00:05.282Z,2.1,101.0,2.06,101.0,0.47619,0.009901,-46.629,1739.0,141,false
ODDSPAPI|e6eee9de38b76f255469f57b42a5,2026-09-18T00:47:57.962374+00:00,id1204695574628624,Tennis,Tennis,"WTA Sao Paulo, Brazil Women, Doubles",2026-09-17T22:45:00.000Z,Ovcharenko E / Pigossi L,Stoiana M / Valdmannova V,20260914BA93CECF,,fanduel,121,Winner,moneyline,false,122,2,0,2026-09-13T13:49:05.585Z,2026-09-17T23:54:42.923Z,1.72,1.0,1.0,1.76,0.581395,,,30000.0,136,false
ODDSPAPI|6e8d424ec87baa575e26cbe0046f,2026-09-18T00:47:57.962374+00:00,id1204695574628624,Tennis,Tennis,"WTA Sao Paulo, Brazil Women, Doubles",2026-09-17T22:45:00.000Z,Ovcharenko E / Pigossi L,Stoiana M / Valdmannova V,20260914BA93CECF,,fanduel,121033,,,false,121033,,0,2026-09-14T11:44:22.023Z,2026-09-18T00:00:05.282Z,2.18,51.0,2.18,51.0,0.458716,0.019608,-43.911,2143.0,113,false
ODDSPAPI|c761c20a3cd8c1523d9cb80c1726,2026-09-18T00:47:57.962374+00:00,id1204695574628624,Tennis,Tennis,"WTA Sao Paulo, Brazil Women, Doubles",2026-09-17T22:45:00.000Z,Ovcharenko E / Pigossi L,Stoiana M / Valdmannova V,20260914BA93CECF,,fanduel,121033,,,false,121034,,0,2026-09-14T11:44:22.023Z,2026-09-17T23:58:06.272Z,1.64,1.0,1.0,1.64,0.609756,,,30000.0,110,false
ODDSPAPI|262863c9b6da3ddf60215c085dd1,2026-09-18T00:47:57.962374+00:00,id1204695574628624,Tennis,Tennis,"WTA Sao Paulo, Brazil Women, Doubles",2026-09-17T22:45:00.000Z,Ovcharenko E / Pigossi L,Stoiana M / Valdmannova V,20260914BA93CECF,,fanduel,12245,,,false,12245,,0,2026-09-14T11:44:22.023Z,2026-09-14T19:16:49.939Z,1.49,1.49,1.49,1.49,0.671141,0.671141,0.0,513.0,14,false
ODDSPAPI|b79a41b3846f508d59bf96cdc817,2026-09-18T00:47:57.962374+00:00,id1204695574628624,Tennis,Tennis,"WTA Sao Paulo, Brazil Women, Doubles",2026-09-17T22:45:00.000Z,Ovcharenko E / Pigossi L,Stoiana M / Valdmannova V,20260914BA93CECF,,fanduel,12245,,,false,12246,,0,2026-09-14T11:44:22.023Z,2026-09-14T19:16:49.939Z,2.5,2.5,2.5,2.5,0.4,0.4,0.0,167.0,14,false
ODDSPAPI|94eec673e25fc76e329dfc540921,2026-09-18T00:47:57.962374+00:00,id1204695574628624,Tennis,Tennis,"WTA Sao Paulo, Brazil Women, Doubles",2026-09-17T22:45:00.000Z,Ovcharenko E / Pigossi L,Stoiana M / Valdmannova V,20260914BA93CECF,,fanduel,12247,,,false,12247,,0,2026-09-14T11:44:22.023Z,2026-09-14T19:16:49.939Z,1.21,1.21,1.21,1.21,0.826446,0.826446,0.0,1200.0,14,false
ODDSPAPI|1856134ab49f42f788f7d31702e0,2026-09-18T00:47:57.962374+00:00,id1204695574628624,Tennis,Tennis,"WTA Sao Paulo, Brazil Women, Doubles",2026-09-17T22:45:00.000Z,Ovcharenko E / Pigossi L,Stoiana M / Valdmannova V,20260914BA93CECF,,fanduel,12247,,,false,12248,,0,2026-09-14T11:44:22.023Z,2026-09-14T19:16:49.939Z,4.2,4.2,4.2,4.2,0.238095,0.238095,0.0,100.0,14,false
ODDSPAPI|63b31c2578fd726e0239403c9588,2026-09-18T00:47:57.962374+00:00,id1204695574628624,Tennis,Tennis,"WTA Sao Paulo, Brazil Women, Doubles",2026-09-17T22:45:00.000Z,Ovcharenko E / Pigossi L,Stoiana M / Valdmannova V,20260914BA93CECF,,fanduel,123,First Set Winner,moneyline,false,123,1,0,2026-09-15T20:57:53.225Z,2026-09-17T23:31:44.684Z,2.4,13.8,2.4,31.0,0.416667,0.072464,-34.42,1546.0,78,false
ODDSPAPI|a7411a963758dfc0c7c73f65e7ce,2026-09-18T00:47:57.962374+00:00,id1204695574628624,Tennis,Tennis,"WTA Sao Paulo, Brazil Women, Doubles",2026-09-17T22:45:00.000Z,Ovcharenko E / Pigossi L,Stoiana M / Valdmannova V,20260914BA93CECF,,fanduel,123,First Set Winner,moneyline,false,124,2,0,2026-09-15T20:57:53.225Z,2026-09-17T23:31:44.684Z,1.53,1.01,1.0,1.53,0.653595,0.990099,33.65,30000.0,64,false
ODDSPAPI|ba532d0e258301e5110369d4c467,2026-09-18T00:47:57.962374+00:00,id1204695574628624,Tennis,Tennis,"WTA Sao Paulo, Brazil Women, Doubles",2026-09-17T22:45:00.000Z,Ovcharenko E / Pigossi L,Stoiana M / Valdmannova V,20260914BA93CECF,,fanduel,125,Second Set Winner,moneyline,false,125,1,0,2026-09-13T20:50:14.319Z,2026-09-18T00:00:05.282Z,2.04,51.0,2.0,51.0,0.490196,0.019608,-47.059,1546.0,155,false
ODDSPAPI|0154cac2366e8dbebdc430e452e5,2026-09-18T00:47:57.962374+00:00,id1204695574628624,Tennis,Tennis,"WTA Sao Paulo, Brazil Women, Doubles",2026-09-17T22:45:00.000Z,Ovcharenko E / Pigossi L,Stoiana M / Valdmannova V,20260914BA93CECF,,fanduel,125,Second Set Winner,moneyline,false,126,2,0,2026-09-13T20:50:14.319Z,2026-09-17T23:53:59.923Z,1.72,1.0,1.0,1.76,0.581395,,,30000.0,140,false
ODDSPAPI|2a3df380b1e76fa260d704a562fb,2026-09-18T00:47:57.962374+00:00,id1204695574628624,Tennis,Tennis,"WTA Sao Paulo, Brazil Women, Doubles",2026-09-17T22:45:00.000Z,Ovcharenko E / Pigossi L,Stoiana M / Valdmannova V,20260914BA93CECF,,fanduel,12542,Third Set Winner,moneyline,false,12542,1,0,2026-09-13T20:50:14.319Z,2026-09-17T23:46:52.166Z,1.98,2.36,1.94,2.62,0.505051,0.423729,-8.132,1031.0,148,false
ODDSPAPI|00d0f033e5195b095de737d0368c,2026-09-18T00:47:57.962374+00:00,id1204695574628624,Tennis,Tennis,"WTA Sao Paulo, Brazil Women, Doubles",2026-09-17T22:45:00.000Z,Ovcharenko E / Pigossi L,Stoiana M / Valdmannova V,20260914BA93CECF,,fanduel,12542,Third Set Winner,moneyline,false,12543,2,0,2026-09-13T20:50:14.319Z,2026-09-17T23:46:52.166Z,1.77,1.55,1.45,1.8,0.564972,0.645161,8.019,2482.0,139,false
ODDSPAPI|d99e571a661bea53f55f391a6126,2026-09-18T00:47:57.962374+00:00,id1204695574628624,Tennis,Tennis,"WTA Sao Paulo, Brazil Women, Doubles",2026-09-17T22:45:00.000Z,Ovcharenko E / Pigossi L,Stoiana M / Valdmannova V,20260914BA93CECF,,fanduel,12883,,,false,12883,,0,2026-09-14T11:44:22.023Z,2026-09-18T00:00:05.282Z,4.1,46.0,4.1,51.0,0.243902,0.021739,-22.216,333.0,67,false
ODDSPAPI|910901fb6354ee63563a6dc4e084,2026-09-18T00:47:57.962374+00:00,id1204695574628624,Tennis,Tennis,"WTA Sao Paulo, Brazil Women, Doubles",2026-09-17T22:45:00.000Z,Ovcharenko E / Pigossi L,Stoiana M / Valdmannova V,20260914BA93CECF,,fanduel,12883,,,false,12884,,0,2026-09-14T11:44:22.023Z,2026-09-18T00:00:05.282Z,4.5,51.0,4.5,51.0,0.222222,0.019608,-20.261,408.0,77,false
ODDSPAPI|b390ba1d576bd6e8152a7bed244e,2026-09-18T00:47:57.962374+00:00,id1204695574628624,Tennis,Tennis,"WTA Sao Paulo, Brazil Women, Doubles",2026-09-17T22:45:00.000Z,Ovcharenko E / Pigossi L,Stoiana M / Valdmannova V,20260914BA93CECF,,fanduel,12883,,,false,12885,,0,2026-09-14T11:44:22.023Z,2026-09-17T23:54:42.923Z,2.5,1.002,1.002,2.5,0.4,0.998004,59.8,25000.0,112,false
ODDSPAPI|4651b3daaa1d77ad6f6bfa03ff0d,2026-09-18T00:47:57.962374+00:00,id1204695574628624,Tennis,Tennis,"WTA Sao Paulo, Brazil Women, Doubles",2026-09-17T22:45:00.000Z,Ovcharenko E / Pigossi L,Stoiana M / Valdmannova V,20260914BA93CECF,,fanduel,12883,,,false,12886,,0,2026-09-14T11:44:22.023Z,2026-09-18T00:00:05.282Z,3.9,51.0,3.8,51.0,0.25641,0.019608,-23.68,714.0,99,false
ODDSPAPI|6ac3644ea2067e5762e3d93e30f4,2026-09-18T00:47:57.962374+00:00,id1204695574628624,Tennis,Tennis,"WTA Sao Paulo, Brazil Women, Doubles",2026-09-17T22:45:00.000Z,Ovcharenko E / Pigossi L,Stoiana M / Valdmannova V,20260914BA93CECF,,pinnacle,121,Winner,moneyline,false,121,1,0,2026-09-14T09:37:47.624Z,2026-09-17T22:00:24.049Z,2.12,3.53,2.04,4.22,0.471698,0.283286,-18.841,250.0,148,false
ODDSPAPI|c5db3eeb82fcc070e0488ee6b718,2026-09-18T00:47:57.962374+00:00,id1204695574628624,Tennis,Tennis,"WTA Sao Paulo, Brazil Women, Doubles",2026-09-17T22:45:00.000Z,Ovcharenko E / Pigossi L,Stoiana M / Valdmannova V,20260914BA93CECF,,pinnacle,121,Winner,moneyline,false,122,2,0,2026-09-14T09:37:47.624Z,2026-09-17T22:00:24.049Z,1.694,1.308,1.233,1.775,0.590319,0.764526,17.421,1072.0,148,false
ODDSPAPI|ee239772d481fc132a8f75b22056,2026-09-18T00:47:57.962374+00:00,id1200390774532998,Tennis,Tennis,"ATP Challenger Tiburon, USA Men Doubles",2026-09-17T22:00:00.000Z,Gonzalez S / Smith J-P,Gomez F A / Martinez L D,,,draftkings,121,Winner,moneyline,false,121,1,0,2026-09-17T07:39:19.687Z,2026-09-17T23:44:13.984Z,1.481,1.071,1.01,1.952,0.675219,0.933707,25.849,,1127,false
ODDSPAPI|e9db37c951cbcfaf164059fc9842,2026-09-18T00:47:57.962374+00:00,id1200390774532998,Tennis,Tennis,"ATP Challenger Tiburon, USA Men Doubles",2026-09-17T22:00:00.000Z,Gonzalez S / Smith J-P,Gomez F A / Martinez L D,,,draftkings,121,Winner,moneyline,false,122,2,0,2026-09-17T07:39:19.687Z,2026-09-17T23:44:13.984Z,2.49,8.7,1.763,24.0,0.401606,0.114943,-28.666,,1154,false
ODDSPAPI|b825c8b715c844601a74ba8be057,2026-09-18T00:47:57.962374+00:00,id1200390774532998,Tennis,Tennis,"ATP Challenger Tiburon, USA Men Doubles",2026-09-17T22:00:00.000Z,Gonzalez S / Smith J-P,Gomez F A / Martinez L D,,,draftkings,12231,Total Sets Over Under,totals,false,12231,Over,0,2026-09-17T22:17:39.008Z,2026-09-17T23:44:11.928Z,2.1,3.7,1.5,9.5,0.47619,0.27027,-20.592,,502,false
ODDSPAPI|e92274baf7f0f7ac0c31bf6b4092,2026-09-18T00:47:57.962374+00:00,id1200390774532998,Tennis,Tennis,"ATP Challenger Tiburon, USA Men Doubles",2026-09-17T22:00:00.000Z,Gonzalez S / Smith J-P,Gomez F A / Martinez L D,,,draftkings,12231,Total Sets Over Under,totals,false,12232,Under,0,2026-09-17T22:17:39.008Z,2026-09-17T23:44:11.928Z,1.667,1.25,1.05,2.4,0.59988,0.8,20.012,,483,false
ODDSPAPI|8989bdf614ac11ae8a3cb4e4acda,2026-09-18T00:47:57.962374+00:00,id1200390774532998,Tennis,Tennis,"ATP Challenger Tiburon, USA Men Doubles",2026-09-17T22:00:00.000Z,Gonzalez S / Smith J-P,Gomez F A / Martinez L D,,,draftkings,123,First Set Winner,moneyline,false,123,1,0,2026-09-17T07:39:19.687Z,2026-09-17T22:52:29.993Z,1.5,1.01,1.002,2.25,0.666667,0.990099,32.343,,123,false
ODDSPAPI|806b473c165fa8e70b0af2697663,2026-09-18T00:47:57.962374+00:00,id1200390774532998,Tennis,Tennis,"ATP Challenger Tiburon, USA Men Doubles",2026-09-17T22:00:00.000Z,Gonzalez S / Smith J-P,Gomez F A / Martinez L D,,,draftkings,123,First Set Winner,moneyline,false,124,2,0,2026-09-17T07:39:19.687Z,2026-09-17T22:52:29.993Z,2.35,41.0,1.541,41.0,0.425532,0.02439,-40.114,,133,false
ODDSPAPI|2c22f486351efe63106205752dbb,2026-09-18T00:47:57.962374+00:00,id1200390774532998,Tennis,Tennis,"ATP Challenger Tiburon, USA Men Doubles",2026-09-17T22:00:00.000Z,Gonzalez S / Smith J-P,Gomez F A / Martinez L D,,,draftkings,125,Second Set Winner,moneyline,false,125,1,0,2026-09-17T22:17:39.008Z,2026-09-17T23:44:11.882Z,1.541,1.235,1.05,2.4,0.648929,0.809717,16.079,,596,false
ODDSPAPI|1d494849adba747ff9f56d0758ce,2026-09-18T00:47:57.962374+00:00,id1200390774532998,Tennis,Tennis,"ATP Challenger Tiburon, USA Men Doubles",2026-09-17T22:00:00.000Z,Gonzalez S / Smith J-P,Gomez F A / Martinez L D,,,draftkings,125,Second Set Winner,moneyline,false,126,2,0,2026-09-17T22:17:39.008Z,2026-09-17T23:44:11.882Z,2.25,3.8,1.5,9.5,0.444444,0.263158,-18.129,,628,false
ODDSPAPI|9990525784d419d82f4fa006200e,2026-09-18T00:47:57.962374+00:00,id1200390774532998,Tennis,Tennis,"ATP Challenger Tiburon, USA Men Doubles",2026-09-17T22:00:00.000Z,Gonzalez S / Smith J-P,Gomez F A / Martinez L D,,,draftkings,12883,,,false,12883,,0,2026-09-17T22:17:39.008Z,2026-09-17T23:44:11.928Z,2.4,1.19,1.01,3.65,0.416667,0.840336,42.367,,647,false
ODDSPAPI|e1398719e6ce92a94cb563919f33,2026-09-18T00:47:57.962374+00:00,id1200390774532998,Tennis,Tennis,"ATP Challenger Tiburon, USA Men Doubles",2026-09-17T22:00:00.000Z,Gonzalez S / Smith J-P,Gomez F A / Martinez L D,,,draftkings,12883,,,false,12884,,0,2026-09-17T22:17:39.008Z,2026-09-17T23:44:11.928Z,3.45,5.25,2.25,9.5,0.289855,0.190476,-9.938,,604,false
ODDSPAPI|c39d31f7e70d8ac77be79e346ef6,2026-09-18T00:47:57.962374+00:00,id1200390774532998,Tennis,Tennis,"ATP Challenger Tiburon, USA Men Doubles",2026-09-17T22:00:00.000Z,Gonzalez S / Smith J-P,Gomez F A / Martinez L D,,,draftkings,12883,,,false,12885,,0,2026-09-17T22:17:39.008Z,2026-09-17T22:52:29.993Z,4.1,41.0,2.8,41.0,0.243902,0.02439,-21.951,,177,false
ODDSPAPI|cacb163bc8d21c3587ca9767a689,2026-09-18T00:47:57.962374+00:00,id1200390774532998,Tennis,Tennis,"ATP Challenger Tiburon, USA Men Doubles",2026-09-17T22:00:00.000Z,Gonzalez S / Smith J-P,Gomez F A / Martinez L D,,,draftkings,12883,,,false,12886,,0,2026-09-17T22:17:39.008Z,2026-09-17T23:44:11.928Z,4.3,6.5,3.0,11.0,0.232558,0.153846,-7.871,,618,false
ODDSPAPI|c8c16469f2fd09b63e127644ad3a,2026-09-18T00:47:57.962374+00:00,id1200390774532998,Tennis,Tennis,"ATP Challenger Tiburon, USA Men Doubles",2026-09-17T22:00:00.000Z,Gonzalez S / Smith J-P,Gomez F A / Martinez L D,,,fanduel,121,Winner,moneyline,false,121,1,0,2026-09-17T21:39:00.267Z,2026-09-17T23:44:28.298Z,1.48,1.09,1.02,2.0,0.675676,0.917431,24.176,20000.0,178,false
ODDSPAPI|5a748bddbebd67267a7185b08802,2026-09-18T00:47:57.962374+00:00,id1200390774532998,Tennis,Tennis,"ATP Challenger Tiburon, USA Men Doubles",2026-09-17T22:00:00.000Z,Gonzalez S / Smith J-P,Gomez F A / Martinez L D,,,fanduel,121,Winner,moneyline,false,122,2,0,2026-09-17T21:39:00.267Z,2026-09-17T23:44:28.298Z,2.54,6.5,1.74,12.0,0.393701,0.153846,-23.985,2308.0,187,false
ODDSPAPI|04d4467edbb2be411cf9794407a8,2026-09-18T00:47:57.962374+00:00,id1200390774532998,Tennis,Tennis,"ATP Challenger Tiburon, USA Men Doubles",2026-09-17T22:00:00.000Z,Gonzalez S / Smith J-P,Gomez F A / Martinez L D,,,fanduel,123,First Set Winner,moneyline,false,123,1,0,2026-09-17T21:39:00.267Z,2026-09-17T22:44:44.014Z,1.53,1.002,1.002,2.75,0.653595,0.998004,34.441,6300.0,85,false
ODDSPAPI|05fb693c0662084bc8ee01f5b209,2026-09-18T00:47:57.962374+00:00,id1200390774532998,Tennis,Tennis,"ATP Challenger Tiburon, USA Men Doubles",2026-09-17T22:00:00.000Z,Gonzalez S / Smith J-P,Gomez F A / Martinez L D,,,fanduel,123,First Set Winner,moneyline,false,124,2,0,2026-09-17T21:39:00.267Z,2026-09-17T22:44:44.014Z,2.4,31.0,1.42,31.0,0.416667,0.032258,-38.441,1875.0,84,false
ODDSPAPI|ab9efb0f0dfa6a292893818e0a1f,2026-09-18T00:47:57.962374+00:00,id1200390774532998,Tennis,Tennis,"ATP Challenger Tiburon, USA Men Doubles",2026-09-17T22:00:00.000Z,Gonzalez S / Smith J-P,Gomez F A / Martinez L D,,,fanduel,125,Second Set Winner,moneyline,false,125,1,0,2026-09-17T21:39:00.267Z,2026-09-17T23:44:28.298Z,1.54,1.24,1.05,2.48,0.649351,0.806452,15.71,20000.0,183,false
ODDSPAPI|499d069fa57e48248e8a6e384a1f,2026-09-18T00:47:57.962374+00:00,id1200390774532998,Tennis,Tennis,"ATP Challenger Tiburon, USA Men Doubles",2026-09-17T22:00:00.000Z,Gonzalez S / Smith J-P,Gomez F A / Martinez L D,,,fanduel,125,Second Set Winner,moneyline,false,126,2,0,2026-09-17T21:39:00.267Z,2026-09-17T23:44:28.298Z,2.38,3.8,1.5,9.0,0.420168,0.263158,-15.701,2295.0,191,false
ODDSPAPI|2bbf7d09d2bea956fd042c09b1ba,2026-09-18T00:47:57.962374+00:00,id1200390774532998,Tennis,Tennis,"ATP Challenger Tiburon, USA Men Doubles",2026-09-17T22:00:00.000Z,Gonzalez S / Smith J-P,Gomez F A / Martinez L D,,,fanduel,12542,Third Set Winner,moneyline,false,12542,1,0,2026-09-17T21:39:00.267Z,2026-09-17T23:44:28.298Z,1.65,1.76,1.62,1.8,0.606061,0.568182,-3.788,1525.0,150,false
ODDSPAPI|f78f213c5b84ca6f355238c62424,2026-09-18T00:47:57.962374+00:00,id1200390774532998,Tennis,Tennis,"ATP Challenger Tiburon, USA Men Doubles",2026-09-17T22:00:00.000Z,Gonzalez S / Smith J-P,Gomez F A / Martinez L D,,,fanduel,12542,Third Set Winner,moneyline,false,12543,2,0,2026-09-17T21:39:00.267Z,2026-09-17T23:44:28.298Z,2.16,2.0,1.94,2.22,0.462963,0.5,3.704,1010.0,150,false
