record_id,collected_at_utc,league,event_id,provider_event_id,event_start_utc,participant,provider_player_id,team,metric,value,source
ESPNHIST-7929903aa9c94040c7d9e266,2026-09-19T17:39:56.545928+00:00,NFL,ESPN-401872932,401872932,2026-09-18T00:15Z,Jared Goff,3046779,DET,pass_yards,327.0,ESPN_PUBLIC_BOX_SCORE
ESPNHIST-dfeac31b6546a8b06a0cfb51,2026-09-19T17:39:56.545928+00:00,NFL,ESPN-401872932,401872932,2026-09-18T00:15Z,Jared Goff,3046779,DET,pass_tds,4.0,ESPN_PUBLIC_BOX_SCORE
ESPNHIST-0337df1185a398eebe2dea9e,2026-09-19T17:39:56.545928+00:00,NFL,ESPN-401872932,401872932,2026-09-18T00:15Z,Jared Goff,3046779,DET,pass_interceptions,0.0,ESPN_PUBLIC_BOX_SCORE
ESPNHIST-4300cf17cc8bce921f5cad4f,2026-09-19T17:39:56.545928+00:00,NFL,ESPN-401872932,401872932,2026-09-18T00:15Z,Jahmyr Gibbs,4429795,DET,rush_attempts,16.0,ESPN_PUBLIC_BOX_SCORE
ESPNHIST-1c0ea10bff2086edd276e669,2026-09-19T17:39:56.545928+00:00,NFL,ESPN-401872932,401872932,2026-09-18T00:15Z,Jahmyr Gibbs,4429795,DET,rush_yards,52.0,ESPN_PUBLIC_BOX_SCORE
ESPNHIST-6fbde3075761f156adb4d383,2026-09-19T17:39:56.545928+00:00,NFL,ESPN-401872932,401872932,2026-09-18T00:15Z,Jahmyr Gibbs,4429795,DET,rush_tds,0.0,ESPN_PUBLIC_BOX_SCORE
ESPNHIST-df4d31ee641ecce842a41915,2026-09-19T17:39:56.545928+00:00,NFL,ESPN-401872932,401872932,2026-09-18T00:15Z,Sione Vaki,4912274,DET,rush_attempts,1.0,ESPN_PUBLIC_BOX_SCORE
ESPNHIST-e84decea2d2de03c91aeb271,2026-09-19T17:39:56.545928+00:00,NFL,ESPN-401872932,401872932,2026-09-18T00:15Z,Sione Vaki,4912274,DET,rush_yards,7.0,ESPN_PUBLIC_BOX_SCORE
ESPNHIST-d92c232ce7ab1cbef39ba416,2026-09-19T17:39:56.545928+00:00,NFL,ESPN-401872932,401872932,2026-09-18T00:15Z,Sione Vaki,4912274,DET,rush_tds,0.0,ESPN_PUBLIC_BOX_SCORE
ESPNHIST-69d2d7729b6d3e9ba1ffb1e9,2026-09-19T17:39:56.545928+00:00,NFL,ESPN-401872932,401872932,2026-09-18T00:15Z,Jared Goff,3046779,DET,rush_attempts,3.0,ESPN_PUBLIC_BOX_SCORE
ESPNHIST-a19f2c08493f00a43a352039,2026-09-19T17:39:56.545928+00:00,NFL,ESPN-401872932,401872932,2026-09-18T00:15Z,Jared Goff,3046779,DET,rush_yards,7.0,ESPN_PUBLIC_BOX_SCORE
ESPNHIST-5d15e610258a2380c2ca32e8,2026-09-19T17:39:56.545928+00:00,NFL,ESPN-401872932,401872932,2026-09-18T00:15Z,Jared Goff,3046779,DET,rush_tds,0.0,ESPN_PUBLIC_BOX_SCORE
ESPNHIST-a0b38eed2df2adf007f3abee,2026-09-19T17:39:56.545928+00:00,NFL,ESPN-401872932,401872932,2026-09-18T00:15Z,Amon-Ra St. Brown,4374302,DET,receptions,9.0,ESPN_PUBLIC_BOX_SCORE
ESPNHIST-f68c9eb03926544493331c2c,2026-09-19T17:39:56.545928+00:00,NFL,ESPN-401872932,401872932,2026-09-18T00:15Z,Amon-Ra St. Brown,4374302,DET,receiving_yards,142.0,ESPN_PUBLIC_BOX_SCORE
ESPNHIST-a2e4a5bf685373affb52b802,2026-09-19T17:39:56.545928+00:00,NFL,ESPN-401872932,401872932,2026-09-18T00:15Z,Amon-Ra St. Brown,4374302,DET,receiving_tds,2.0,ESPN_PUBLIC_BOX_SCORE
ESPNHIST-76b7fcdb4fd4fc9d26022e33,2026-09-19T17:39:56.545928+00:00,NFL,ESPN-401872932,401872932,2026-09-18T00:15Z,Amon-Ra St. Brown,4374302,DET,targets,13.0,ESPN_PUBLIC_BOX_SCORE
ESPNHIST-30fd987430f7f0e25c489ff3,2026-09-19T17:39:56.545928+00:00,NFL,ESPN-401872932,401872932,2026-09-18T00:15Z,Jahmyr Gibbs,4429795,DET,receptions,6.0,ESPN_PUBLIC_BOX_SCORE
ESPNHIST-89db46f1d3df0a9cabeb7e53,2026-09-19T17:39:56.545928+00:00,NFL,ESPN-401872932,401872932,2026-09-18T00:15Z,Jahmyr Gibbs,4429795,DET,receiving_yards,61.0,ESPN_PUBLIC_BOX_SCORE
ESPNHIST-2a9f0e94fc936d06b09c328d,2026-09-19T17:39:56.545928+00:00,NFL,ESPN-401872932,401872932,2026-09-18T00:15Z,Jahmyr Gibbs,4429795,DET,receiving_tds,1.0,ESPN_PUBLIC_BOX_SCORE
ESPNHIST-03e0ca9bbb8b15036d2fd76f,2026-09-19T17:39:56.545928+00:00,NFL,ESPN-401872932,401872932,2026-09-18T00:15Z,Jahmyr Gibbs,4429795,DET,targets,8.0,ESPN_PUBLIC_BOX_SCORE
ESPNHIST-497d52a907447c559459a996,2026-09-19T17:39:56.545928+00:00,NFL,ESPN-401872932,401872932,2026-09-18T00:15Z,Sam LaPorta,4430027,DET,receptions,6.0,ESPN_PUBLIC_BOX_SCORE
ESPNHIST-dc0af96661076c0083781ea2,2026-09-19T17:39:56.545928+00:00,NFL,ESPN-401872932,401872932,2026-09-18T00:15Z,Sam LaPorta,4430027,DET,receiving_yards,52.0,ESPN_PUBLIC_BOX_SCORE
ESPNHIST-de1414232d74c8d222ea5c45,2026-09-19T17:39:56.545928+00:00,NFL,ESPN-401872932,401872932,2026-09-18T00:15Z,Sam LaPorta,4430027,DET,receiving_tds,1.0,ESPN_PUBLIC_BOX_SCORE
ESPNHIST-4e7e5cb3ae5b2fca8a23757c,2026-09-19T17:39:56.545928+00:00,NFL,ESPN-401872932,401872932,2026-09-18T00:15Z,Sam LaPorta,4430027,DET,targets,7.0,ESPN_PUBLIC_BOX_SCORE
ESPNHIST-bf8a90136275650a209fe5fa,2026-09-19T17:39:56.545928+00:00,NFL,ESPN-401872932,401872932,2026-09-18T00:15Z,Jameson Williams,4426388,DET,receptions,2.0,ESPN_PUBLIC_BOX_SCORE
ESPNHIST-2be8ffaffc9ee2f1edcf0c2a,2026-09-19T17:39:56.545928+00:00,NFL,ESPN-401872932,401872932,2026-09-18T00:15Z,Jameson Williams,4426388,DET,receiving_yards,33.0,ESPN_PUBLIC_BOX_SCORE
ESPNHIST-f97cf195dab36174d517f828,2026-09-19T17:39:56.545928+00:00,NFL,ESPN-401872932,401872932,2026-09-18T00:15Z,Jameson Williams,4426388,DET,receiving_tds,0.0,ESPN_PUBLIC_BOX_SCORE
ESPNHIST-aa1bd58d9635a6e0d628eac2,2026-09-19T17:39:56.545928+00:00,NFL,ESPN-401872932,401872932,2026-09-18T00:15Z,Jameson Williams,4426388,DET,targets,4.0,ESPN_PUBLIC_BOX_SCORE
ESPNHIST-1ebe26a85758f118e5752610,2026-09-19T17:39:56.545928+00:00,NFL,ESPN-401872932,401872932,2026-09-18T00:15Z,Isaac TeSlaa,5123663,DET,receptions,2.0,ESPN_PUBLIC_BOX_SCORE
ESPNHIST-2bb7537bdd37ddc40af5ec94,2026-09-19T17:39:56.545928+00:00,NFL,ESPN-401872932,401872932,2026-09-18T00:15Z,Isaac TeSlaa,5123663,DET,receiving_yards,26.0,ESPN_PUBLIC_BOX_SCORE
ESPNHIST-136c5c91397212a4f66bbfd4,2026-09-19T17:39:56.545928+00:00,NFL,ESPN-401872932,401872932,2026-09-18T00:15Z,Isaac TeSlaa,5123663,DET,receiving_tds,0.0,ESPN_PUBLIC_BOX_SCORE
ESPNHIST-f385e910689808cda699bd34,2026-09-19T17:39:56.545928+00:00,NFL,ESPN-401872932,401872932,2026-09-18T00:15Z,Isaac TeSlaa,5123663,DET,targets,5.0,ESPN_PUBLIC_BOX_SCORE
ESPNHIST-10827d02949e756af6b33c9d,2026-09-19T17:39:56.545928+00:00,NFL,ESPN-401872932,401872932,2026-09-18T00:15Z,Sione Vaki,4912274,DET,receptions,1.0,ESPN_PUBLIC_BOX_SCORE
ESPNHIST-d167baf7de590a41d60f058f,2026-09-19T17:39:56.545928+00:00,NFL,ESPN-401872932,401872932,2026-09-18T00:15Z,Sione Vaki,4912274,DET,receiving_yards,13.0,ESPN_PUBLIC_BOX_SCORE
ESPNHIST-a85f3ce241cc243d98d5143f,2026-09-19T17:39:56.545928+00:00,NFL,ESPN-401872932,401872932,2026-09-18T00:15Z,Sione Vaki,4912274,DET,receiving_tds,0.0,ESPN_PUBLIC_BOX_SCORE
ESPNHIST-83ca014bb8e9828693aabe42,2026-09-19T17:39:56.545928+00:00,NFL,ESPN-401872932,401872932,2026-09-18T00:15Z,Sione Vaki,4912274,DET,targets,1.0,ESPN_PUBLIC_BOX_SCORE
ESPNHIST-a597638af5b044b1fcdf23d3,2026-09-19T17:39:56.545928+00:00,NFL,ESPN-401872932,401872932,2026-09-18T00:15Z,Jake Bates,4689936,DET,points,7.0,ESPN_PUBLIC_BOX_SCORE
ESPNHIST-d40bfe4de3c4fed62c8ad362,2026-09-19T17:39:56.545928+00:00,NFL,ESPN-401872932,401872932,2026-09-18T00:15Z,Josh Allen,3918298,BUF,pass_yards,248.0,ESPN_PUBLIC_BOX_SCORE
ESPNHIST-91dc8f7194b5ed9f331e339d,2026-09-19T17:39:56.545928+00:00,NFL,ESPN-401872932,401872932,2026-09-18T00:15Z,Josh Allen,3918298,BUF,pass_tds,3.0,ESPN_PUBLIC_BOX_SCORE
ESPNHIST-75e92d035d2bcb2d300f6d79,2026-09-19T17:39:56.545928+00:00,NFL,ESPN-401872932,401872932,2026-09-18T00:15Z,Josh Allen,3918298,BUF,pass_interceptions,0.0,ESPN_PUBLIC_BOX_SCORE
ESPNHIST-b8d9018f6cdb0b74919c7ade,2026-09-19T17:39:56.545928+00:00,NFL,ESPN-401872932,401872932,2026-09-18T00:15Z,James Cook III,4379399,BUF,rush_attempts,21.0,ESPN_PUBLIC_BOX_SCORE
ESPNHIST-6f1574c81f0778a5dbc9085c,2026-09-19T17:39:56.545928+00:00,NFL,ESPN-401872932,401872932,2026-09-18T00:15Z,James Cook III,4379399,BUF,rush_yards,135.0,ESPN_PUBLIC_BOX_SCORE
ESPNHIST-242b6f3150aee3c6c9fb0ca5,2026-09-19T17:39:56.545928+00:00,NFL,ESPN-401872932,401872932,2026-09-18T00:15Z,James Cook III,4379399,BUF,rush_tds,1.0,ESPN_PUBLIC_BOX_SCORE
ESPNHIST-2440910ba70ac3ca4f25f863,2026-09-19T17:39:56.545928+00:00,NFL,ESPN-401872932,401872932,2026-09-18T00:15Z,Josh Allen,3918298,BUF,rush_attempts,14.0,ESPN_PUBLIC_BOX_SCORE
ESPNHIST-f3f4dc1e1b4d26b7abded424,2026-09-19T17:39:56.545928+00:00,NFL,ESPN-401872932,401872932,2026-09-18T00:15Z,Josh Allen,3918298,BUF,rush_yards,69.0,ESPN_PUBLIC_BOX_SCORE
ESPNHIST-8f11c49eef8ff82a926aed6e,2026-09-19T17:39:56.545928+00:00,NFL,ESPN-401872932,401872932,2026-09-18T00:15Z,Josh Allen,3918298,BUF,rush_tds,2.0,ESPN_PUBLIC_BOX_SCORE
ESPNHIST-b23ffb234798585892495071,2026-09-19T17:39:56.545928+00:00,NFL,ESPN-401872932,401872932,2026-09-18T00:15Z,DJ Moore,3915416,BUF,rush_attempts,1.0,ESPN_PUBLIC_BOX_SCORE
ESPNHIST-01fb50fb26d7c47600201468,2026-09-19T17:39:56.545928+00:00,NFL,ESPN-401872932,401872932,2026-09-18T00:15Z,DJ Moore,3915416,BUF,rush_yards,-1.0,ESPN_PUBLIC_BOX_SCORE
ESPNHIST-2ebe8907dbe03ecc3a6ba49b,2026-09-19T17:39:56.545928+00:00,NFL,ESPN-401872932,401872932,2026-09-18T00:15Z,DJ Moore,3915416,BUF,rush_tds,0.0,ESPN_PUBLIC_BOX_SCORE
ESPNHIST-4c4f6eaad32237c6bb560b62,2026-09-19T17:39:56.545928+00:00,NFL,ESPN-401872932,401872932,2026-09-18T00:15Z,Dalton Kincaid,4385690,BUF,receptions,7.0,ESPN_PUBLIC_BOX_SCORE
ESPNHIST-e14d250c6f2e482fec7879f7,2026-09-19T17:39:56.545928+00:00,NFL,ESPN-401872932,401872932,2026-09-18T00:15Z,Dalton Kincaid,4385690,BUF,receiving_yards,95.0,ESPN_PUBLIC_BOX_SCORE
ESPNHIST-104a34101e46404479386865,2026-09-19T17:39:56.545928+00:00,NFL,ESPN-401872932,401872932,2026-09-18T00:15Z,Dalton Kincaid,4385690,BUF,receiving_tds,1.0,ESPN_PUBLIC_BOX_SCORE
ESPNHIST-d384761e500bd5c3913730d5,2026-09-19T17:39:56.545928+00:00,NFL,ESPN-401872932,401872932,2026-09-18T00:15Z,Dalton Kincaid,4385690,BUF,targets,8.0,ESPN_PUBLIC_BOX_SCORE
ESPNHIST-48d28759e917d69fa78f1e74,2026-09-19T17:39:56.545928+00:00,NFL,ESPN-401872932,401872932,2026-09-18T00:15Z,Keon Coleman,4635008,BUF,receptions,6.0,ESPN_PUBLIC_BOX_SCORE
ESPNHIST-16196d4146a0df6913421cd1,2026-09-19T17:39:56.545928+00:00,NFL,ESPN-401872932,401872932,2026-09-18T00:15Z,Keon Coleman,4635008,BUF,receiving_yards,63.0,ESPN_PUBLIC_BOX_SCORE
ESPNHIST-9c3eb6d77d1856552b277820,2026-09-19T17:39:56.545928+00:00,NFL,ESPN-401872932,401872932,2026-09-18T00:15Z,Keon Coleman,4635008,BUF,receiving_tds,0.0,ESPN_PUBLIC_BOX_SCORE
ESPNHIST-6bdf37d9e5e7d04202a6757b,2026-09-19T17:39:56.545928+00:00,NFL,ESPN-401872932,401872932,2026-09-18T00:15Z,Keon Coleman,4635008,BUF,targets,6.0,ESPN_PUBLIC_BOX_SCORE
ESPNHIST-62b8f7f6b73ef976ad9419aa,2026-09-19T17:39:56.545928+00:00,NFL,ESPN-401872932,401872932,2026-09-18T00:15Z,Joshua Palmer,4242433,BUF,receptions,1.0,ESPN_PUBLIC_BOX_SCORE
ESPNHIST-7737e0a7ca76713c623eacb2,2026-09-19T17:39:56.545928+00:00,NFL,ESPN-401872932,401872932,2026-09-18T00:15Z,Joshua Palmer,4242433,BUF,receiving_yards,43.0,ESPN_PUBLIC_BOX_SCORE
ESPNHIST-46d6b88a6c37cafbf47f3d2e,2026-09-19T17:39:56.545928+00:00,NFL,ESPN-401872932,401872932,2026-09-18T00:15Z,Joshua Palmer,4242433,BUF,receiving_tds,1.0,ESPN_PUBLIC_BOX_SCORE
ESPNHIST-d1a62154626242b55ba1623c,2026-09-19T17:39:56.545928+00:00,NFL,ESPN-401872932,401872932,2026-09-18T00:15Z,Joshua Palmer,4242433,BUF,targets,3.0,ESPN_PUBLIC_BOX_SCORE
ESPNHIST-e95ecf89bec98cc5ae352f39,2026-09-19T17:39:56.545928+00:00,NFL,ESPN-401872932,401872932,2026-09-18T00:15Z,Khalil Shakir,4373678,BUF,receptions,3.0,ESPN_PUBLIC_BOX_SCORE
ESPNHIST-b339db9c24bb8d18bdd8fabb,2026-09-19T17:39:56.545928+00:00,NFL,ESPN-401872932,401872932,2026-09-18T00:15Z,Khalil Shakir,4373678,BUF,receiving_yards,38.0,ESPN_PUBLIC_BOX_SCORE
ESPNHIST-3e8df7cc0e8ff2b5f66946da,2026-09-19T17:39:56.545928+00:00,NFL,ESPN-401872932,401872932,2026-09-18T00:15Z,Khalil Shakir,4373678,BUF,receiving_tds,0.0,ESPN_PUBLIC_BOX_SCORE
ESPNHIST-40d9dd79f771829824af839e,2026-09-19T17:39:56.545928+00:00,NFL,ESPN-401872932,401872932,2026-09-18T00:15Z,Khalil Shakir,4373678,BUF,targets,6.0,ESPN_PUBLIC_BOX_SCORE
ESPNHIST-5693c27c974ac24bd9838065,2026-09-19T17:39:56.545928+00:00,NFL,ESPN-401872932,401872932,2026-09-18T00:15Z,Dawson Knox,3930086,BUF,receptions,2.0,ESPN_PUBLIC_BOX_SCORE
ESPNHIST-0d1a02e1105d180fc4954a04,2026-09-19T17:39:56.545928+00:00,NFL,ESPN-401872932,401872932,2026-09-18T00:15Z,Dawson Knox,3930086,BUF,receiving_yards,5.0,ESPN_PUBLIC_BOX_SCORE
ESPNHIST-d018f865bd1058d8c428dfd5,2026-09-19T17:39:56.545928+00:00,NFL,ESPN-401872932,401872932,2026-09-18T00:15Z,Dawson Knox,3930086,BUF,receiving_tds,1.0,ESPN_PUBLIC_BOX_SCORE
ESPNHIST-619641ef9e674d6fcc808140,2026-09-19T17:39:56.545928+00:00,NFL,ESPN-401872932,401872932,2026-09-18T00:15Z,Dawson Knox,3930086,BUF,targets,2.0,ESPN_PUBLIC_BOX_SCORE
ESPNHIST-c2182aa8f3bec525b2120b3e,2026-09-19T17:39:56.545928+00:00,NFL,ESPN-401872932,401872932,2026-09-18T00:15Z,James Cook III,4379399,BUF,receptions,1.0,ESPN_PUBLIC_BOX_SCORE
ESPNHIST-14b7ba7d9487a0543caa9f8a,2026-09-19T17:39:56.545928+00:00,NFL,ESPN-401872932,401872932,2026-09-18T00:15Z,James Cook III,4379399,BUF,receiving_yards,4.0,ESPN_PUBLIC_BOX_SCORE
ESPNHIST-c5d049c42a2be4c97b6a0f7f,2026-09-19T17:39:56.545928+00:00,NFL,ESPN-401872932,401872932,2026-09-18T00:15Z,James Cook III,4379399,BUF,receiving_tds,0.0,ESPN_PUBLIC_BOX_SCORE
ESPNHIST-503f97e53106719691d7439c,2026-09-19T17:39:56.545928+00:00,NFL,ESPN-401872932,401872932,2026-09-18T00:15Z,James Cook III,4379399,BUF,targets,3.0,ESPN_PUBLIC_BOX_SCORE
ESPNHIST-d899fc6c849a6181cfc779a0,2026-09-19T17:39:56.545928+00:00,NFL,ESPN-401872932,401872932,2026-09-18T00:15Z,Tyler Bass,3917232,BUF,points,5.0,ESPN_PUBLIC_BOX_SCORE
ESPNHIST-2707506fb815411ddd812527,2026-09-19T17:39:56.545928+00:00,NCAA_Football,ESPN-401858226,401858226,2026-09-18T23:30Z,Darian Mensah,5121169,MIA,pass_yards,220.0,ESPN_PUBLIC_BOX_SCORE
ESPNHIST-9e4d6f1b58c8b3ef8fca6d80,2026-09-19T17:39:56.545928+00:00,NCAA_Football,ESPN-401858226,401858226,2026-09-18T23:30Z,Darian Mensah,5121169,MIA,pass_tds,3.0,ESPN_PUBLIC_BOX_SCORE
ESPNHIST-1a90cf229e5e0369a365c723,2026-09-19T17:39:56.545928+00:00,NCAA_Football,ESPN-401858226,401858226,2026-09-18T23:30Z,Darian Mensah,5121169,MIA,pass_interceptions,0.0,ESPN_PUBLIC_BOX_SCORE
ESPNHIST-7bd689ccee8287ba36cff42f,2026-09-19T17:39:56.545928+00:00,NCAA_Football,ESPN-401858226,401858226,2026-09-18T23:30Z,Mark Fletcher Jr.,4870736,MIA,rush_attempts,16.0,ESPN_PUBLIC_BOX_SCORE
ESPNHIST-265fa63249e4d6f6d0c51f4c,2026-09-19T17:39:56.545928+00:00,NCAA_Football,ESPN-401858226,401858226,2026-09-18T23:30Z,Mark Fletcher Jr.,4870736,MIA,rush_yards,85.0,ESPN_PUBLIC_BOX_SCORE
ESPNHIST-2f66f57cbfac42835fb99840,2026-09-19T17:39:56.545928+00:00,NCAA_Football,ESPN-401858226,401858226,2026-09-18T23:30Z,Mark Fletcher Jr.,4870736,MIA,rush_tds,1.0,ESPN_PUBLIC_BOX_SCORE
ESPNHIST-0dfdfbf6c1fcb00ff9ddc406,2026-09-19T17:39:56.545928+00:00,NCAA_Football,ESPN-401858226,401858226,2026-09-18T23:30Z,CharMar Brown,5156998,MIA,rush_attempts,2.0,ESPN_PUBLIC_BOX_SCORE
ESPNHIST-8fc7651c62ad23c7045be509,2026-09-19T17:39:56.545928+00:00,NCAA_Football,ESPN-401858226,401858226,2026-09-18T23:30Z,CharMar Brown,5156998,MIA,rush_yards,35.0,ESPN_PUBLIC_BOX_SCORE
ESPNHIST-f49ba57542ca0d1cd50c3ecb,2026-09-19T17:39:56.545928+00:00,NCAA_Football,ESPN-401858226,401858226,2026-09-18T23:30Z,CharMar Brown,5156998,MIA,rush_tds,0.0,ESPN_PUBLIC_BOX_SCORE
ESPNHIST-16165102efbcdf74c7f1bcef,2026-09-19T17:39:56.545928+00:00,NCAA_Football,ESPN-401858226,401858226,2026-09-18T23:30Z,Javian Mallory,5160496,MIA,rush_attempts,7.0,ESPN_PUBLIC_BOX_SCORE
ESPNHIST-53b522db9057d1467516f6b4,2026-09-19T17:39:56.545928+00:00,NCAA_Football,ESPN-401858226,401858226,2026-09-18T23:30Z,Javian Mallory,5160496,MIA,rush_yards,23.0,ESPN_PUBLIC_BOX_SCORE
ESPNHIST-a14e2e9b01b4ef00a2e2f0fe,2026-09-19T17:39:56.545928+00:00,NCAA_Football,ESPN-401858226,401858226,2026-09-18T23:30Z,Javian Mallory,5160496,MIA,rush_tds,0.0,ESPN_PUBLIC_BOX_SCORE
ESPNHIST-4c0525328515f06979e4d0c5,2026-09-19T17:39:56.545928+00:00,NCAA_Football,ESPN-401858226,401858226,2026-09-18T23:30Z,Girard Pringle Jr.,5164331,MIA,rush_attempts,4.0,ESPN_PUBLIC_BOX_SCORE
ESPNHIST-2f69d05cf8892073f57ecd23,2026-09-19T17:39:56.545928+00:00,NCAA_Football,ESPN-401858226,401858226,2026-09-18T23:30Z,Girard Pringle Jr.,5164331,MIA,rush_yards,12.0,ESPN_PUBLIC_BOX_SCORE
ESPNHIST-787eadf8b0597d8dd7b055b4,2026-09-19T17:39:56.545928+00:00,NCAA_Football,ESPN-401858226,401858226,2026-09-18T23:30Z,Girard Pringle Jr.,5164331,MIA,rush_tds,0.0,ESPN_PUBLIC_BOX_SCORE
ESPNHIST-22ed17aed4796db69b1c8ae3,2026-09-19T17:39:56.545928+00:00,NCAA_Football,ESPN-401858226,401858226,2026-09-18T23:30Z,Darian Mensah,5121169,MIA,rush_attempts,2.0,ESPN_PUBLIC_BOX_SCORE
ESPNHIST-38cc9226d2633897a23946f6,2026-09-19T17:39:56.545928+00:00,NCAA_Football,ESPN-401858226,401858226,2026-09-18T23:30Z,Darian Mensah,5121169,MIA,rush_yards,5.0,ESPN_PUBLIC_BOX_SCORE
ESPNHIST-0b2177c95af263ca2ed1fc8c,2026-09-19T17:39:56.545928+00:00,NCAA_Football,ESPN-401858226,401858226,2026-09-18T23:30Z,Darian Mensah,5121169,MIA,rush_tds,0.0,ESPN_PUBLIC_BOX_SCORE
ESPNHIST-c196fab10f332e790cea8f74,2026-09-19T17:39:56.545928+00:00,NCAA_Football,ESPN-401858226,401858226,2026-09-18T23:30Z, Team,-6626,MIA,rush_attempts,3.0,ESPN_PUBLIC_BOX_SCORE
ESPNHIST-e38a2806875b8865b10d5400,2026-09-19T17:39:56.545928+00:00,NCAA_Football,ESPN-401858226,401858226,2026-09-18T23:30Z, Team,-6626,MIA,rush_yards,-2.0,ESPN_PUBLIC_BOX_SCORE
ESPNHIST-d1e9e05127b1a1ecbaa524b3,2026-09-19T17:39:56.545928+00:00,NCAA_Football,ESPN-401858226,401858226,2026-09-18T23:30Z, Team,-6626,MIA,rush_tds,0.0,ESPN_PUBLIC_BOX_SCORE
ESPNHIST-8de13a842c6992ef7ea2fc77,2026-09-19T17:39:56.545928+00:00,NCAA_Football,ESPN-401858226,401858226,2026-09-18T23:30Z,Malachi Toney,5159175,MIA,receptions,12.0,ESPN_PUBLIC_BOX_SCORE
ESPNHIST-f30964a4a9b0b69c44a15f19,2026-09-19T17:39:56.545928+00:00,NCAA_Football,ESPN-401858226,401858226,2026-09-18T23:30Z,Malachi Toney,5159175,MIA,receiving_yards,114.0,ESPN_PUBLIC_BOX_SCORE
ESPNHIST-ab4a6b2c1ed9ef2a34c0a352,2026-09-19T17:39:56.545928+00:00,NCAA_Football,ESPN-401858226,401858226,2026-09-18T23:30Z,Malachi Toney,5159175,MIA,receiving_tds,1.0,ESPN_PUBLIC_BOX_SCORE
ESPNHIST-3381da57f592456dbb0e1d24,2026-09-19T17:39:56.545928+00:00,NCAA_Football,ESPN-401858226,401858226,2026-09-18T23:30Z,Elija Lofton,5079503,MIA,receptions,5.0,ESPN_PUBLIC_BOX_SCORE
ESPNHIST-5c536c177c22bc7f04419358,2026-09-19T17:39:56.545928+00:00,NCAA_Football,ESPN-401858226,401858226,2026-09-18T23:30Z,Elija Lofton,5079503,MIA,receiving_yards,39.0,ESPN_PUBLIC_BOX_SCORE
ESPNHIST-30da7ca94ce2d6baea31b57f,2026-09-19T17:39:56.545928+00:00,NCAA_Football,ESPN-401858226,401858226,2026-09-18T23:30Z,Elija Lofton,5079503,MIA,receiving_tds,1.0,ESPN_PUBLIC_BOX_SCORE
ESPNHIST-515d9a3429126a2a0b81a10d,2026-09-19T17:39:56.545928+00:00,NCAA_Football,ESPN-401858226,401858226,2026-09-18T23:30Z,Daylyn Upshaw,5164365,MIA,receptions,4.0,ESPN_PUBLIC_BOX_SCORE
ESPNHIST-431030294fe7c11f5fe7e905,2026-09-19T17:39:56.545928+00:00,NCAA_Football,ESPN-401858226,401858226,2026-09-18T23:30Z,Daylyn Upshaw,5164365,MIA,receiving_yards,22.0,ESPN_PUBLIC_BOX_SCORE
ESPNHIST-8d52c716daa81b08f69464bd,2026-09-19T17:39:56.545928+00:00,NCAA_Football,ESPN-401858226,401858226,2026-09-18T23:30Z,Daylyn Upshaw,5164365,MIA,receiving_tds,0.0,ESPN_PUBLIC_BOX_SCORE
ESPNHIST-918e1106e11c796ea39628fb,2026-09-19T17:39:56.545928+00:00,NCAA_Football,ESPN-401858226,401858226,2026-09-18T23:30Z,Joshua Moore,5141593,MIA,receptions,3.0,ESPN_PUBLIC_BOX_SCORE
ESPNHIST-14acfa2cecacd3af09718dd2,2026-09-19T17:39:56.545928+00:00,NCAA_Football,ESPN-401858226,401858226,2026-09-18T23:30Z,Joshua Moore,5141593,MIA,receiving_yards,16.0,ESPN_PUBLIC_BOX_SCORE
ESPNHIST-2722d482b3974c29d4070e2b,2026-09-19T17:39:56.545928+00:00,NCAA_Football,ESPN-401858226,401858226,2026-09-18T23:30Z,Joshua Moore,5141593,MIA,receiving_tds,1.0,ESPN_PUBLIC_BOX_SCORE
ESPNHIST-5c1c30c5440ba91ee0788b7d,2026-09-19T17:39:56.545928+00:00,NCAA_Football,ESPN-401858226,401858226,2026-09-18T23:30Z,Cooper Barkate,4804878,MIA,receptions,4.0,ESPN_PUBLIC_BOX_SCORE
ESPNHIST-496300564de70c7a4812ce01,2026-09-19T17:39:56.545928+00:00,NCAA_Football,ESPN-401858226,401858226,2026-09-18T23:30Z,Cooper Barkate,4804878,MIA,receiving_yards,13.0,ESPN_PUBLIC_BOX_SCORE
ESPNHIST-077ba9afa5c6c8e725999a16,2026-09-19T17:39:56.545928+00:00,NCAA_Football,ESPN-401858226,401858226,2026-09-18T23:30Z,Cooper Barkate,4804878,MIA,receiving_tds,0.0,ESPN_PUBLIC_BOX_SCORE
ESPNHIST-b288d20c0389afdaf7cd240a,2026-09-19T17:39:56.545928+00:00,NCAA_Football,ESPN-401858226,401858226,2026-09-18T23:30Z,Girard Pringle Jr.,5164331,MIA,receptions,1.0,ESPN_PUBLIC_BOX_SCORE
ESPNHIST-8cc007f0f9e7b332c4a5023d,2026-09-19T17:39:56.545928+00:00,NCAA_Football,ESPN-401858226,401858226,2026-09-18T23:30Z,Girard Pringle Jr.,5164331,MIA,receiving_yards,10.0,ESPN_PUBLIC_BOX_SCORE
ESPNHIST-117cd47a679125180e033052,2026-09-19T17:39:56.545928+00:00,NCAA_Football,ESPN-401858226,401858226,2026-09-18T23:30Z,Girard Pringle Jr.,5164331,MIA,receiving_tds,0.0,ESPN_PUBLIC_BOX_SCORE
ESPNHIST-66fd7f2dd41ba4ea96cda755,2026-09-19T17:39:56.545928+00:00,NCAA_Football,ESPN-401858226,401858226,2026-09-18T23:30Z,CharMar Brown,5156998,MIA,receptions,1.0,ESPN_PUBLIC_BOX_SCORE
ESPNHIST-c5e3640790d7c24d46c849f1,2026-09-19T17:39:56.545928+00:00,NCAA_Football,ESPN-401858226,401858226,2026-09-18T23:30Z,CharMar Brown,5156998,MIA,receiving_yards,6.0,ESPN_PUBLIC_BOX_SCORE
ESPNHIST-7a86404c1d9c97470dba7bdb,2026-09-19T17:39:56.545928+00:00,NCAA_Football,ESPN-401858226,401858226,2026-09-18T23:30Z,CharMar Brown,5156998,MIA,receiving_tds,0.0,ESPN_PUBLIC_BOX_SCORE
ESPNHIST-7752475685edf57b18bdf5da,2026-09-19T17:39:56.545928+00:00,NCAA_Football,ESPN-401858226,401858226,2026-09-18T23:30Z,Jake Weinberg,5123219,MIA,points,7.0,ESPN_PUBLIC_BOX_SCORE
ESPNHIST-bc36d1d541b9b82575c8a421,2026-09-19T17:39:56.545928+00:00,NCAA_Football,ESPN-401858226,401858226,2026-09-18T23:30Z,Gio Lopez,4920227,WAKE,pass_yards,312.0,ESPN_PUBLIC_BOX_SCORE
ESPNHIST-3dc3491a01df274d487e3d31,2026-09-19T17:39:56.545928+00:00,NCAA_Football,ESPN-401858226,401858226,2026-09-18T23:30Z,Gio Lopez,4920227,WAKE,pass_tds,3.0,ESPN_PUBLIC_BOX_SCORE
ESPNHIST-a8d224bd2a71fc08868023b5,2026-09-19T17:39:56.545928+00:00,NCAA_Football,ESPN-401858226,401858226,2026-09-18T23:30Z,Gio Lopez,4920227,WAKE,pass_interceptions,1.0,ESPN_PUBLIC_BOX_SCORE
ESPNHIST-827556b87ed6c1187b57fe5f,2026-09-19T17:39:56.545928+00:00,NCAA_Football,ESPN-401858226,401858226,2026-09-18T23:30Z,Deuce Lawrence,5382529,WAKE,rush_attempts,6.0,ESPN_PUBLIC_BOX_SCORE
ESPNHIST-b449bc3e65cc9379691d0d32,2026-09-19T17:39:56.545928+00:00,NCAA_Football,ESPN-401858226,401858226,2026-09-18T23:30Z,Deuce Lawrence,5382529,WAKE,rush_yards,27.0,ESPN_PUBLIC_BOX_SCORE
ESPNHIST-91e49ac7ca0997cd6dddcd3c,2026-09-19T17:39:56.545928+00:00,NCAA_Football,ESPN-401858226,401858226,2026-09-18T23:30Z,Deuce Lawrence,5382529,WAKE,rush_tds,0.0,ESPN_PUBLIC_BOX_SCORE
ESPNHIST-3cc16128bfeaa010bc0612a3,2026-09-19T17:39:56.545928+00:00,NCAA_Football,ESPN-401858226,401858226,2026-09-18T23:30Z,Ty Clark III,5186586,WAKE,rush_attempts,3.0,ESPN_PUBLIC_BOX_SCORE
ESPNHIST-220f625dafd596af99675bfd,2026-09-19T17:39:56.545928+00:00,NCAA_Football,ESPN-401858226,401858226,2026-09-18T23:30Z,Ty Clark III,5186586,WAKE,rush_yards,3.0,ESPN_PUBLIC_BOX_SCORE
ESPNHIST-1703e018cbb786cd876bca67,2026-09-19T17:39:56.545928+00:00,NCAA_Football,ESPN-401858226,401858226,2026-09-18T23:30Z,Ty Clark III,5186586,WAKE,rush_tds,0.0,ESPN_PUBLIC_BOX_SCORE
ESPNHIST-2f9c6f15241641b6513801a5,2026-09-19T17:39:56.545928+00:00,NCAA_Football,ESPN-401858226,401858226,2026-09-18T23:30Z,Gio Lopez,4920227,WAKE,rush_attempts,7.0,ESPN_PUBLIC_BOX_SCORE
ESPNHIST-e76eb65732f9856f09fb5697,2026-09-19T17:39:56.545928+00:00,NCAA_Football,ESPN-401858226,401858226,2026-09-18T23:30Z,Gio Lopez,4920227,WAKE,rush_yards,-8.0,ESPN_PUBLIC_BOX_SCORE
ESPNHIST-6df277b2c5346e3be5e00dd6,2026-09-19T17:39:56.545928+00:00,NCAA_Football,ESPN-401858226,401858226,2026-09-18T23:30Z,Gio Lopez,4920227,WAKE,rush_tds,0.0,ESPN_PUBLIC_BOX_SCORE
ESPNHIST-60772890820c7dc6de6b6273,2026-09-19T17:39:56.545928+00:00,NCAA_Football,ESPN-401858226,401858226,2026-09-18T23:30Z,Jack Foley,5239156,WAKE,receptions,6.0,ESPN_PUBLIC_BOX_SCORE
ESPNHIST-7fe2fb4d760e3d02f3802e29,2026-09-19T17:39:56.545928+00:00,NCAA_Football,ESPN-401858226,401858226,2026-09-18T23:30Z,Jack Foley,5239156,WAKE,receiving_yards,118.0,ESPN_PUBLIC_BOX_SCORE
ESPNHIST-249d5251365e2f1c5fcbfabe,2026-09-19T17:39:56.545928+00:00,NCAA_Football,ESPN-401858226,401858226,2026-09-18T23:30Z,Jack Foley,5239156,WAKE,receiving_tds,1.0,ESPN_PUBLIC_BOX_SCORE
ESPNHIST-c7f808a3385634b7a85af814,2026-09-19T17:39:56.545928+00:00,NCAA_Football,ESPN-401858226,401858226,2026-09-18T23:30Z,Carlos Hernandez,5153074,WAKE,receptions,10.0,ESPN_PUBLIC_BOX_SCORE
ESPNHIST-bca858c6003eb488c51f8c68,2026-09-19T17:39:56.545928+00:00,NCAA_Football,ESPN-401858226,401858226,2026-09-18T23:30Z,Carlos Hernandez,5153074,WAKE,receiving_yards,69.0,ESPN_PUBLIC_BOX_SCORE
ESPNHIST-e23736ddc8be17f75007fb55,2026-09-19T17:39:56.545928+00:00,NCAA_Football,ESPN-401858226,401858226,2026-09-18T23:30Z,Carlos Hernandez,5153074,WAKE,receiving_tds,1.0,ESPN_PUBLIC_BOX_SCORE
ESPNHIST-6b062b8d28452cb16d2eec3d,2026-09-19T17:39:56.545928+00:00,NCAA_Football,ESPN-401858226,401858226,2026-09-18T23:30Z,Kamrean Johnson,5086448,WAKE,receptions,2.0,ESPN_PUBLIC_BOX_SCORE
ESPNHIST-25be93d7d80493e083cdab17,2026-09-19T17:39:56.545928+00:00,NCAA_Football,ESPN-401858226,401858226,2026-09-18T23:30Z,Kamrean Johnson,5086448,WAKE,receiving_yards,25.0,ESPN_PUBLIC_BOX_SCORE
ESPNHIST-fe86bdd2fb3679d009ef8d61,2026-09-19T17:39:56.545928+00:00,NCAA_Football,ESPN-401858226,401858226,2026-09-18T23:30Z,Kamrean Johnson,5086448,WAKE,receiving_tds,1.0,ESPN_PUBLIC_BOX_SCORE
ESPNHIST-86eca8428328134699463667,2026-09-19T17:39:56.545928+00:00,NCAA_Football,ESPN-401858226,401858226,2026-09-18T23:30Z,Drayden Dickmann,5151274,WAKE,receptions,2.0,ESPN_PUBLIC_BOX_SCORE
ESPNHIST-ebcfa4636fa47fe6ecbe0e2e,2026-09-19T17:39:56.545928+00:00,NCAA_Football,ESPN-401858226,401858226,2026-09-18T23:30Z,Drayden Dickmann,5151274,WAKE,receiving_yards,22.0,ESPN_PUBLIC_BOX_SCORE
ESPNHIST-274ff11b296dd1704fb1a740,2026-09-19T17:39:56.545928+00:00,NCAA_Football,ESPN-401858226,401858226,2026-09-18T23:30Z,Drayden Dickmann,5151274,WAKE,receiving_tds,0.0,ESPN_PUBLIC_BOX_SCORE
ESPNHIST-994978afb4add9cb39eec052,2026-09-19T17:39:56.545928+00:00,NCAA_Football,ESPN-401858226,401858226,2026-09-18T23:30Z,Kam Shanks,5121666,WAKE,receptions,2.0,ESPN_PUBLIC_BOX_SCORE
ESPNHIST-674d0d4435cc5fcad9748e8b,2026-09-19T17:39:56.545928+00:00,NCAA_Football,ESPN-401858226,401858226,2026-09-18T23:30Z,Kam Shanks,5121666,WAKE,receiving_yards,17.0,ESPN_PUBLIC_BOX_SCORE
ESPNHIST-c39456b104efb5b8756fe534,2026-09-19T17:39:56.545928+00:00,NCAA_Football,ESPN-401858226,401858226,2026-09-18T23:30Z,Kam Shanks,5121666,WAKE,receiving_tds,0.0,ESPN_PUBLIC_BOX_SCORE
ESPNHIST-82675039b3bde1ec85d67e3d,2026-09-19T17:39:56.545928+00:00,NCAA_Football,ESPN-401858226,401858226,2026-09-18T23:30Z,Will Loerzel,5155870,WAKE,receptions,1.0,ESPN_PUBLIC_BOX_SCORE
ESPNHIST-b637b05841cbd6be355bdacd,2026-09-19T17:39:56.545928+00:00,NCAA_Football,ESPN-401858226,401858226,2026-09-18T23:30Z,Will Loerzel,5155870,WAKE,receiving_yards,15.0,ESPN_PUBLIC_BOX_SCORE
ESPNHIST-fdd4e304852b1dd4b3142618,2026-09-19T17:39:56.545928+00:00,NCAA_Football,ESPN-401858226,401858226,2026-09-18T23:30Z,Will Loerzel,5155870,WAKE,receiving_tds,0.0,ESPN_PUBLIC_BOX_SCORE
ESPNHIST-78f845f0a06d3fe8ba2230ea,2026-09-19T17:39:56.545928+00:00,NCAA_Football,ESPN-401858226,401858226,2026-09-18T23:30Z,Deuce Lawrence,5382529,WAKE,receptions,1.0,ESPN_PUBLIC_BOX_SCORE
ESPNHIST-8524b5b59108aba059f1fc13,2026-09-19T17:39:56.545928+00:00,NCAA_Football,ESPN-401858226,401858226,2026-09-18T23:30Z,Deuce Lawrence,5382529,WAKE,receiving_yards,14.0,ESPN_PUBLIC_BOX_SCORE
ESPNHIST-35f6be9ac623b720e6efad2f,2026-09-19T17:39:56.545928+00:00,NCAA_Football,ESPN-401858226,401858226,2026-09-18T23:30Z,Deuce Lawrence,5382529,WAKE,receiving_tds,0.0,ESPN_PUBLIC_BOX_SCORE
ESPNHIST-4aae34d15a8ca1fe79bc98fb,2026-09-19T17:39:56.545928+00:00,NCAA_Football,ESPN-401858226,401858226,2026-09-18T23:30Z,Ty Clark III,5186586,WAKE,receptions,1.0,ESPN_PUBLIC_BOX_SCORE
ESPNHIST-240e878b014c4a694a977148,2026-09-19T17:39:56.545928+00:00,NCAA_Football,ESPN-401858226,401858226,2026-09-18T23:30Z,Ty Clark III,5186586,WAKE,receiving_yards,13.0,ESPN_PUBLIC_BOX_SCORE
ESPNHIST-4f0f57d7b7d09056c0cb1759,2026-09-19T17:39:56.545928+00:00,NCAA_Football,ESPN-401858226,401858226,2026-09-18T23:30Z,Ty Clark III,5186586,WAKE,receiving_tds,0.0,ESPN_PUBLIC_BOX_SCORE
ESPNHIST-554dceea9588bec97ac256ac,2026-09-19T17:39:56.545928+00:00,NCAA_Football,ESPN-401858226,401858226,2026-09-18T23:30Z,Antonio Meeks,5099305,WAKE,receptions,2.0,ESPN_PUBLIC_BOX_SCORE
ESPNHIST-c16838cf16a1af2586f9d60d,2026-09-19T17:39:56.545928+00:00,NCAA_Football,ESPN-401858226,401858226,2026-09-18T23:30Z,Antonio Meeks,5099305,WAKE,receiving_yards,9.0,ESPN_PUBLIC_BOX_SCORE
ESPNHIST-d1e04c097c225a89147f50c1,2026-09-19T17:39:56.545928+00:00,NCAA_Football,ESPN-401858226,401858226,2026-09-18T23:30Z,Antonio Meeks,5099305,WAKE,receiving_tds,0.0,ESPN_PUBLIC_BOX_SCORE
ESPNHIST-0b269773ac0deb87802edbb1,2026-09-19T17:39:56.545928+00:00,NCAA_Football,ESPN-401858226,401858226,2026-09-18T23:30Z,Dominick Barry,5211200,WAKE,receptions,1.0,ESPN_PUBLIC_BOX_SCORE
ESPNHIST-7d4d6104362f51d6751d7ede,2026-09-19T17:39:56.545928+00:00,NCAA_Football,ESPN-401858226,401858226,2026-09-18T23:30Z,Dominick Barry,5211200,WAKE,receiving_yards,6.0,ESPN_PUBLIC_BOX_SCORE
ESPNHIST-3abca314a58e979a50c38fdc,2026-09-19T17:39:56.545928+00:00,NCAA_Football,ESPN-401858226,401858226,2026-09-18T23:30Z,Dominick Barry,5211200,WAKE,receiving_tds,0.0,ESPN_PUBLIC_BOX_SCORE
ESPNHIST-d45a1fc6a5308ec81ac710dd,2026-09-19T17:39:56.545928+00:00,NCAA_Football,ESPN-401858226,401858226,2026-09-18T23:30Z,Steele Pizzella,5141634,WAKE,receptions,1.0,ESPN_PUBLIC_BOX_SCORE
ESPNHIST-4dd8d059f9ce8a740a72466e,2026-09-19T17:39:56.545928+00:00,NCAA_Football,ESPN-401858226,401858226,2026-09-18T23:30Z,Steele Pizzella,5141634,WAKE,receiving_yards,4.0,ESPN_PUBLIC_BOX_SCORE
ESPNHIST-c8578dbcb3ba13491bb61b00,2026-09-19T17:39:56.545928+00:00,NCAA_Football,ESPN-401858226,401858226,2026-09-18T23:30Z,Steele Pizzella,5141634,WAKE,receiving_tds,0.0,ESPN_PUBLIC_BOX_SCORE
ESPNHIST-22cce4d32364d171a04d49fe,2026-09-19T17:39:56.545928+00:00,NCAA_Football,ESPN-401858226,401858226,2026-09-18T23:30Z,Connor Calvert,5228152,WAKE,points,2.0,ESPN_PUBLIC_BOX_SCORE
ESPNHIST-06d2b92542d68230f3b39a9a,2026-09-19T17:39:56.545928+00:00,NCAA_Football,ESPN-401856811,401856811,2026-09-19T00:00Z,Conner Weigman,4685574,HOU,pass_yards,282.0,ESPN_PUBLIC_BOX_SCORE
ESPNHIST-f977fd86fbfd81f315d595b7,2026-09-19T17:39:56.545928+00:00,NCAA_Football,ESPN-401856811,401856811,2026-09-19T00:00Z,Conner Weigman,4685574,HOU,pass_tds,3.0,ESPN_PUBLIC_BOX_SCORE
ESPNHIST-8015755859ca8cd0c494dda9,2026-09-19T17:39:56.545928+00:00,NCAA_Football,ESPN-401856811,401856811,2026-09-19T00:00Z,Conner Weigman,4685574,HOU,pass_interceptions,0.0,ESPN_PUBLIC_BOX_SCORE
ESPNHIST-70b4624e6050fc5743f4c6fd,2026-09-19T17:39:56.545928+00:00,NCAA_Football,ESPN-401856811,401856811,2026-09-19T00:00Z,Makhi Hughes,4816098,HOU,rush_attempts,15.0,ESPN_PUBLIC_BOX_SCORE
ESPNHIST-b06bf37a36a5569dafa85e50,2026-09-19T17:39:56.545928+00:00,NCAA_Football,ESPN-401856811,401856811,2026-09-19T00:00Z,Makhi Hughes,4816098,HOU,rush_yards,71.0,ESPN_PUBLIC_BOX_SCORE
ESPNHIST-f5507c23ca4a26e93799415f,2026-09-19T17:39:56.545928+00:00,NCAA_Football,ESPN-401856811,401856811,2026-09-19T00:00Z,Makhi Hughes,4816098,HOU,rush_tds,0.0,ESPN_PUBLIC_BOX_SCORE
ESPNHIST-88558252a27b6490f833d1ea,2026-09-19T17:39:56.545928+00:00,NCAA_Football,ESPN-401856811,401856811,2026-09-19T00:00Z,Conner Weigman,4685574,HOU,rush_attempts,13.0,ESPN_PUBLIC_BOX_SCORE
ESPNHIST-f07a5c33f0e237d0ab361d7c,2026-09-19T17:39:56.545928+00:00,NCAA_Football,ESPN-401856811,401856811,2026-09-19T00:00Z,Conner Weigman,4685574,HOU,rush_yards,56.0,ESPN_PUBLIC_BOX_SCORE
ESPNHIST-6d5ece56a8545742a1d19e7f,2026-09-19T17:39:56.545928+00:00,NCAA_Football,ESPN-401856811,401856811,2026-09-19T00:00Z,Conner Weigman,4685574,HOU,rush_tds,0.0,ESPN_PUBLIC_BOX_SCORE
ESPNHIST-e350bbb9bfa4c7f64d3c2c4a,2026-09-19T17:39:56.545928+00:00,NCAA_Football,ESPN-401856811,401856811,2026-09-19T00:00Z,Re'Shaun Sanford II,5078223,HOU,rush_attempts,5.0,ESPN_PUBLIC_BOX_SCORE
ESPNHIST-c7f3a4b06264cec446a8e1b3,2026-09-19T17:39:56.545928+00:00,NCAA_Football,ESPN-401856811,401856811,2026-09-19T00:00Z,Re'Shaun Sanford II,5078223,HOU,rush_yards,30.0,ESPN_PUBLIC_BOX_SCORE
ESPNHIST-d9be8892b3100c1c9f776587,2026-09-19T17:39:56.545928+00:00,NCAA_Football,ESPN-401856811,401856811,2026-09-19T00:00Z,Re'Shaun Sanford II,5078223,HOU,rush_tds,0.0,ESPN_PUBLIC_BOX_SCORE
ESPNHIST-e9d0095bb5afaedbc5c1d702,2026-09-19T17:39:56.545928+00:00,NCAA_Football,ESPN-401856811,401856811,2026-09-19T00:00Z,DJ Butler,5149563,HOU,rush_attempts,2.0,ESPN_PUBLIC_BOX_SCORE
ESPNHIST-b3c6c6d2143e1e09c9eddc44,2026-09-19T17:39:56.545928+00:00,NCAA_Football,ESPN-401856811,401856811,2026-09-19T00:00Z,DJ Butler,5149563,HOU,rush_yards,11.0,ESPN_PUBLIC_BOX_SCORE
ESPNHIST-dc32601899b39e9396b6294c,2026-09-19T17:39:56.545928+00:00,NCAA_Football,ESPN-401856811,401856811,2026-09-19T00:00Z,DJ Butler,5149563,HOU,rush_tds,0.0,ESPN_PUBLIC_BOX_SCORE
ESPNHIST-23382c6d8d7ba3548cd85712,2026-09-19T17:39:56.545928+00:00,NCAA_Football,ESPN-401856811,401856811,2026-09-19T00:00Z,Koby Young,5146728,HOU,rush_attempts,1.0,ESPN_PUBLIC_BOX_SCORE
ESPNHIST-410063a4db61053d561ce13f,2026-09-19T17:39:56.545928+00:00,NCAA_Football,ESPN-401856811,401856811,2026-09-19T00:00Z,Koby Young,5146728,HOU,rush_yards,10.0,ESPN_PUBLIC_BOX_SCORE
ESPNHIST-7edcf50151edd621c00aed3d,2026-09-19T17:39:56.545928+00:00,NCAA_Football,ESPN-401856811,401856811,2026-09-19T00:00Z,Koby Young,5146728,HOU,rush_tds,0.0,ESPN_PUBLIC_BOX_SCORE
ESPNHIST-bbad8605695a4c64c010059a,2026-09-19T17:39:56.545928+00:00,NCAA_Football,ESPN-401856811,401856811,2026-09-19T00:00Z, Team,-6175,HOU,rush_attempts,1.0,ESPN_PUBLIC_BOX_SCORE
ESPNHIST-d0c6caea1735e5ade218a399,2026-09-19T17:39:56.545928+00:00,NCAA_Football,ESPN-401856811,401856811,2026-09-19T00:00Z, Team,-6175,HOU,rush_yards,-2.0,ESPN_PUBLIC_BOX_SCORE
ESPNHIST-e0a6ccbd14eec5db1bf17644,2026-09-19T17:39:56.545928+00:00,NCAA_Football,ESPN-401856811,401856811,2026-09-19T00:00Z, Team,-6175,HOU,rush_tds,0.0,ESPN_PUBLIC_BOX_SCORE
ESPNHIST-10124983fbe7e472d2edf232,2026-09-19T17:39:56.545928+00:00,NCAA_Football,ESPN-401856811,401856811,2026-09-19T00:00Z,Amare Thomas,5077060,HOU,receptions,7.0,ESPN_PUBLIC_BOX_SCORE
ESPNHIST-cfd8a8a25bf5e544c89edb8e,2026-09-19T17:39:56.545928+00:00,NCAA_Football,ESPN-401856811,401856811,2026-09-19T00:00Z,Amare Thomas,5077060,HOU,receiving_yards,75.0,ESPN_PUBLIC_BOX_SCORE
ESPNHIST-4494bff029b8ffd1c9ef02e5,2026-09-19T17:39:56.545928+00:00,NCAA_Football,ESPN-401856811,401856811,2026-09-19T00:00Z,Amare Thomas,5077060,HOU,receiving_tds,1.0,ESPN_PUBLIC_BOX_SCORE
ESPNHIST-1382e65abdecad7ea62eda4d,2026-09-19T17:39:56.545928+00:00,NCAA_Football,ESPN-401856811,401856811,2026-09-19T00:00Z,Patrick Overmyer,5120299,HOU,receptions,8.0,ESPN_PUBLIC_BOX_SCORE
ESPNHIST-b170d159cbb5e3d999909696,2026-09-19T17:39:56.545928+00:00,NCAA_Football,ESPN-401856811,401856811,2026-09-19T00:00Z,Patrick Overmyer,5120299,HOU,receiving_yards,72.0,ESPN_PUBLIC_BOX_SCORE
ESPNHIST-70430f003eed5d8bab5cae3e,2026-09-19T17:39:56.545928+00:00,NCAA_Football,ESPN-401856811,401856811,2026-09-19T00:00Z,Patrick Overmyer,5120299,HOU,receiving_tds,1.0,ESPN_PUBLIC_BOX_SCORE
ESPNHIST-52d9d13285e61424449a8986,2026-09-19T17:39:56.545928+00:00,NCAA_Football,ESPN-401856811,401856811,2026-09-19T00:00Z,Re'Shaun Sanford II,5078223,HOU,receptions,5.0,ESPN_PUBLIC_BOX_SCORE
ESPNHIST-6f9a90a3edf6abfc914bd059,2026-09-19T17:39:56.545928+00:00,NCAA_Football,ESPN-401856811,401856811,2026-09-19T00:00Z,Re'Shaun Sanford II,5078223,HOU,receiving_yards,50.0,ESPN_PUBLIC_BOX_SCORE
ESPNHIST-32d47da27f6dfef027e92c51,2026-09-19T17:39:56.545928+00:00,NCAA_Football,ESPN-401856811,401856811,2026-09-19T00:00Z,Re'Shaun Sanford II,5078223,HOU,receiving_tds,0.0,ESPN_PUBLIC_BOX_SCORE
ESPNHIST-be6e5d1cf0c55505a0d420fc,2026-09-19T17:39:56.545928+00:00,NCAA_Football,ESPN-401856811,401856811,2026-09-19T00:00Z,Koby Young,5146728,HOU,receptions,2.0,ESPN_PUBLIC_BOX_SCORE
ESPNHIST-9ac5c6f149fab91d95319f57,2026-09-19T17:39:56.545928+00:00,NCAA_Football,ESPN-401856811,401856811,2026-09-19T00:00Z,Koby Young,5146728,HOU,receiving_yards,48.0,ESPN_PUBLIC_BOX_SCORE
ESPNHIST-960d5385bf2a8c4c5b8efd66,2026-09-19T17:39:56.545928+00:00,NCAA_Football,ESPN-401856811,401856811,2026-09-19T00:00Z,Koby Young,5146728,HOU,receiving_tds,1.0,ESPN_PUBLIC_BOX_SCORE
ESPNHIST-159ad286518cfdfcc1b2aef5,2026-09-19T17:39:56.545928+00:00,NCAA_Football,ESPN-401856811,401856811,2026-09-19T00:00Z,Makhi Hughes,4816098,HOU,receptions,2.0,ESPN_PUBLIC_BOX_SCORE
ESPNHIST-ab626422db16d0fa7298a40e,2026-09-19T17:39:56.545928+00:00,NCAA_Football,ESPN-401856811,401856811,2026-09-19T00:00Z,Makhi Hughes,4816098,HOU,receiving_yards,28.0,ESPN_PUBLIC_BOX_SCORE
ESPNHIST-782b36749b52d9647c369ef7,2026-09-19T17:39:56.545928+00:00,NCAA_Football,ESPN-401856811,401856811,2026-09-19T00:00Z,Makhi Hughes,4816098,HOU,receiving_tds,0.0,ESPN_PUBLIC_BOX_SCORE
ESPNHIST-e90358a644eb4c13f141e4a1,2026-09-19T17:39:56.545928+00:00,NCAA_Football,ESPN-401856811,401856811,2026-09-19T00:00Z,Trent Walker,4879567,HOU,receptions,2.0,ESPN_PUBLIC_BOX_SCORE
ESPNHIST-3e724d8ee7f14ae684d8ebde,2026-09-19T17:39:56.545928+00:00,NCAA_Football,ESPN-401856811,401856811,2026-09-19T00:00Z,Trent Walker,4879567,HOU,receiving_yards,5.0,ESPN_PUBLIC_BOX_SCORE
ESPNHIST-845c04e976a21f74b676bf73,2026-09-19T17:39:56.545928+00:00,NCAA_Football,ESPN-401856811,401856811,2026-09-19T00:00Z,Trent Walker,4879567,HOU,receiving_tds,0.0,ESPN_PUBLIC_BOX_SCORE
ESPNHIST-cb3405899c30abd35e96eb4b,2026-09-19T17:39:56.545928+00:00,NCAA_Football,ESPN-401856811,401856811,2026-09-19T00:00Z,Kaleb Thomas,5148827,HOU,receptions,1.0,ESPN_PUBLIC_BOX_SCORE
ESPNHIST-063c12549115d4804bd26b14,2026-09-19T17:39:56.545928+00:00,NCAA_Football,ESPN-401856811,401856811,2026-09-19T00:00Z,Kaleb Thomas,5148827,HOU,receiving_yards,4.0,ESPN_PUBLIC_BOX_SCORE
ESPNHIST-1ba5e4a71ed463a2a736feb9,2026-09-19T17:39:56.545928+00:00,NCAA_Football,ESPN-401856811,401856811,2026-09-19T00:00Z,Kaleb Thomas,5148827,HOU,receiving_tds,0.0,ESPN_PUBLIC_BOX_SCORE
ESPNHIST-8df849acca3a385f28516dfb,2026-09-19T17:39:56.545928+00:00,NCAA_Football,ESPN-401856811,401856811,2026-09-19T00:00Z,Jonathan Dimas,5192408,HOU,points,8.0,ESPN_PUBLIC_BOX_SCORE
ESPNHIST-c85eae92ab9cd5ca6473bdb0,2026-09-19T17:39:56.545928+00:00,NCAA_Football,ESPN-401856811,401856811,2026-09-19T00:00Z,Will Hammond,5126468,TTU,pass_yards,257.0,ESPN_PUBLIC_BOX_SCORE
ESPNHIST-f7e92c43c968a25d5dea5678,2026-09-19T17:39:56.545928+00:00,NCAA_Football,ESPN-401856811,401856811,2026-09-19T00:00Z,Will Hammond,5126468,TTU,pass_tds,1.0,ESPN_PUBLIC_BOX_SCORE
ESPNHIST-fd5a9f2427f201020194146e,2026-09-19T17:39:56.545928+00:00,NCAA_Football,ESPN-401856811,401856811,2026-09-19T00:00Z,Will Hammond,5126468,TTU,pass_interceptions,1.0,ESPN_PUBLIC_BOX_SCORE
ESPNHIST-4f27c8f8e839b7602d1a0c07,2026-09-19T17:39:56.545928+00:00,NCAA_Football,ESPN-401856811,401856811,2026-09-19T00:00Z,Thomas Castellanos,4773919,TTU,pass_yards,0.0,ESPN_PUBLIC_BOX_SCORE
ESPNHIST-8debd3b488f53042a68482c6,2026-09-19T17:39:56.545928+00:00,NCAA_Football,ESPN-401856811,401856811,2026-09-19T00:00Z,Thomas Castellanos,4773919,TTU,pass_tds,0.0,ESPN_PUBLIC_BOX_SCORE
ESPNHIST-eb22245c03cb8b738f29a038,2026-09-19T17:39:56.545928+00:00,NCAA_Football,ESPN-401856811,401856811,2026-09-19T00:00Z,Thomas Castellanos,4773919,TTU,pass_interceptions,1.0,ESPN_PUBLIC_BOX_SCORE
ESPNHIST-3cff29637d0f5f01e45db2da,2026-09-19T17:39:56.545928+00:00,NCAA_Football,ESPN-401856811,401856811,2026-09-19T00:00Z,Cameron Dickey,5193580,TTU,rush_attempts,16.0,ESPN_PUBLIC_BOX_SCORE
ESPNHIST-4bc2aaac00155e682316f9f4,2026-09-19T17:39:56.545928+00:00,NCAA_Football,ESPN-401856811,401856811,2026-09-19T00:00Z,Cameron Dickey,5193580,TTU,rush_yards,65.0,ESPN_PUBLIC_BOX_SCORE
ESPNHIST-dd2cdcbe95aada8840affefc,2026-09-19T17:39:56.545928+00:00,NCAA_Football,ESPN-401856811,401856811,2026-09-19T00:00Z,Cameron Dickey,5193580,TTU,rush_tds,1.0,ESPN_PUBLIC_BOX_SCORE
ESPNHIST-e9e23c30d4e87e04dea83918,2026-09-19T17:39:56.545928+00:00,NCAA_Football,ESPN-401856811,401856811,2026-09-19T00:00Z,J'Koby Williams,5086393,TTU,rush_attempts,7.0,ESPN_PUBLIC_BOX_SCORE
ESPNHIST-b3536e8b9c8592d92082cd0c,2026-09-19T17:39:56.545928+00:00,NCAA_Football,ESPN-401856811,401856811,2026-09-19T00:00Z,J'Koby Williams,5086393,TTU,rush_yards,62.0,ESPN_PUBLIC_BOX_SCORE
ESPNHIST-f9cf0a2b0c38f3fcbb44ce6e,2026-09-19T17:39:56.545928+00:00,NCAA_Football,ESPN-401856811,401856811,2026-09-19T00:00Z,J'Koby Williams,5086393,TTU,rush_tds,1.0,ESPN_PUBLIC_BOX_SCORE
ESPNHIST-a4b1ab6b03d86da412bc58d9,2026-09-19T17:39:56.545928+00:00,NCAA_Football,ESPN-401856811,401856811,2026-09-19T00:00Z,Will Hammond,5126468,TTU,rush_attempts,5.0,ESPN_PUBLIC_BOX_SCORE
ESPNHIST-5cad39dfc5daeb8b34c449af,2026-09-19T17:39:56.545928+00:00,NCAA_Football,ESPN-401856811,401856811,2026-09-19T00:00Z,Will Hammond,5126468,TTU,rush_yards,30.0,ESPN_PUBLIC_BOX_SCORE
ESPNHIST-e15b7b91ac504e9d175a13ac,2026-09-19T17:39:56.545928+00:00,NCAA_Football,ESPN-401856811,401856811,2026-09-19T00:00Z,Will Hammond,5126468,TTU,rush_tds,0.0,ESPN_PUBLIC_BOX_SCORE
ESPNHIST-471d6cdae285346cb0d755a7,2026-09-19T17:39:56.545928+00:00,NCAA_Football,ESPN-401856811,401856811,2026-09-19T00:00Z,Quinten Joyner,4917949,TTU,rush_attempts,2.0,ESPN_PUBLIC_BOX_SCORE
ESPNHIST-5176b782769ac5cf2571a9dc,2026-09-19T17:39:56.545928+00:00,NCAA_Football,ESPN-401856811,401856811,2026-09-19T00:00Z,Quinten Joyner,4917949,TTU,rush_yards,11.0,ESPN_PUBLIC_BOX_SCORE
ESPNHIST-fb1731530a689e52c3becd5e,2026-09-19T17:39:56.545928+00:00,NCAA_Football,ESPN-401856811,401856811,2026-09-19T00:00Z,Quinten Joyner,4917949,TTU,rush_tds,0.0,ESPN_PUBLIC_BOX_SCORE
ESPNHIST-dc990867f2f61e758fd37db1,2026-09-19T17:39:56.545928+00:00,NCAA_Football,ESPN-401856811,401856811,2026-09-19T00:00Z,Thomas Castellanos,4773919,TTU,rush_attempts,1.0,ESPN_PUBLIC_BOX_SCORE
ESPNHIST-7069c1e8c356fa2607b61064,2026-09-19T17:39:56.545928+00:00,NCAA_Football,ESPN-401856811,401856811,2026-09-19T00:00Z,Thomas Castellanos,4773919,TTU,rush_yards,3.0,ESPN_PUBLIC_BOX_SCORE
ESPNHIST-252d4fdec28ad677b5e06444,2026-09-19T17:39:56.545928+00:00,NCAA_Football,ESPN-401856811,401856811,2026-09-19T00:00Z,Thomas Castellanos,4773919,TTU,rush_tds,1.0,ESPN_PUBLIC_BOX_SCORE
ESPNHIST-ceaad3a0c3f5f7e1217b2489,2026-09-19T17:39:56.545928+00:00,NCAA_Football,ESPN-401856811,401856811,2026-09-19T00:00Z, Team,-7627,TTU,rush_attempts,1.0,ESPN_PUBLIC_BOX_SCORE
ESPNHIST-68eebca1d41ef7ad636a7339,2026-09-19T17:39:56.545928+00:00,NCAA_Football,ESPN-401856811,401856811,2026-09-19T00:00Z, Team,-7627,TTU,rush_yards,-3.0,ESPN_PUBLIC_BOX_SCORE
ESPNHIST-4130014acf4b21d3f871f50a,2026-09-19T17:39:56.545928+00:00,NCAA_Football,ESPN-401856811,401856811,2026-09-19T00:00Z, Team,-7627,TTU,rush_tds,0.0,ESPN_PUBLIC_BOX_SCORE
ESPNHIST-9a570910cf3f73e7ad407607,2026-09-19T17:39:56.545928+00:00,NCAA_Football,ESPN-401856811,401856811,2026-09-19T00:00Z,Kenny Johnson,4923295,TTU,receptions,4.0,ESPN_PUBLIC_BOX_SCORE
ESPNHIST-25d1847c3eaae1c8f3e03c78,2026-09-19T17:39:56.545928+00:00,NCAA_Football,ESPN-401856811,401856811,2026-09-19T00:00Z,Kenny Johnson,4923295,TTU,receiving_yards,113.0,ESPN_PUBLIC_BOX_SCORE
ESPNHIST-b38bbdd8146c9709981f6cc5,2026-09-19T17:39:56.545928+00:00,NCAA_Football,ESPN-401856811,401856811,2026-09-19T00:00Z,Kenny Johnson,4923295,TTU,receiving_tds,1.0,ESPN_PUBLIC_BOX_SCORE
ESPNHIST-932d2c1a0dccf58360da1788,2026-09-19T17:39:56.545928+00:00,NCAA_Football,ESPN-401856811,401856811,2026-09-19T00:00Z,Coy Eakin,4916941,TTU,receptions,3.0,ESPN_PUBLIC_BOX_SCORE
ESPNHIST-040a0fe604dc717aeba48d4d,2026-09-19T17:39:56.545928+00:00,NCAA_Football,ESPN-401856811,401856811,2026-09-19T00:00Z,Coy Eakin,4916941,TTU,receiving_yards,40.0,ESPN_PUBLIC_BOX_SCORE
ESPNHIST-3d36e0f9aaa3b2b1fcd4ea06,2026-09-19T17:39:56.545928+00:00,NCAA_Football,ESPN-401856811,401856811,2026-09-19T00:00Z,Coy Eakin,4916941,TTU,receiving_tds,0.0,ESPN_PUBLIC_BOX_SCORE
ESPNHIST-9def66ea53be15c3dc812d49,2026-09-19T17:39:56.545928+00:00,NCAA_Football,ESPN-401856811,401856811,2026-09-19T00:00Z,Terrance Carter Jr.,4867887,TTU,receptions,2.0,ESPN_PUBLIC_BOX_SCORE
ESPNHIST-791ffb6d965bf2d5f3f6cc03,2026-09-19T17:39:56.545928+00:00,NCAA_Football,ESPN-401856811,401856811,2026-09-19T00:00Z,Terrance Carter Jr.,4867887,TTU,receiving_yards,34.0,ESPN_PUBLIC_BOX_SCORE
ESPNHIST-956e8ab9aeccf0ec70d28dd2,2026-09-19T17:39:56.545928+00:00,NCAA_Football,ESPN-401856811,401856811,2026-09-19T00:00Z,Terrance Carter Jr.,4867887,TTU,receiving_tds,0.0,ESPN_PUBLIC_BOX_SCORE
ESPNHIST-845b592a6bc354eb7a98d50a,2026-09-19T17:39:56.545928+00:00,NCAA_Football,ESPN-401856811,401856811,2026-09-19T00:00Z,Jett Carpenter,4695195,TTU,receptions,2.0,ESPN_PUBLIC_BOX_SCORE
ESPNHIST-ceffb967bed4ec44970fb9bb,2026-09-19T17:39:56.545928+00:00,NCAA_Football,ESPN-401856811,401856811,2026-09-19T00:00Z,Jett Carpenter,4695195,TTU,receiving_yards,27.0,ESPN_PUBLIC_BOX_SCORE
ESPNHIST-b73b8631e2c7c3b77f1cb902,2026-09-19T17:39:56.545928+00:00,NCAA_Football,ESPN-401856811,401856811,2026-09-19T00:00Z,Jett Carpenter,4695195,TTU,receiving_tds,0.0,ESPN_PUBLIC_BOX_SCORE
ESPNHIST-b3761a17f5c284c0d0bf7124,2026-09-19T17:39:56.545928+00:00,NCAA_Football,ESPN-401856811,401856811,2026-09-19T00:00Z,J'Koby Williams,5086393,TTU,receptions,3.0,ESPN_PUBLIC_BOX_SCORE
ESPNHIST-215faa60a3f2a6b8eea041bb,2026-09-19T17:39:56.545928+00:00,NCAA_Football,ESPN-401856811,401856811,2026-09-19T00:00Z,J'Koby Williams,5086393,TTU,receiving_yards,14.0,ESPN_PUBLIC_BOX_SCORE
ESPNHIST-408eb27f57747bcae35ce208,2026-09-19T17:39:56.545928+00:00,NCAA_Football,ESPN-401856811,401856811,2026-09-19T00:00Z,J'Koby Williams,5086393,TTU,receiving_tds,0.0,ESPN_PUBLIC_BOX_SCORE
ESPNHIST-d865efed7b1545ad46417e75,2026-09-19T17:39:56.545928+00:00,NCAA_Football,ESPN-401856811,401856811,2026-09-19T00:00Z,Cameron Dickey,5193580,TTU,receptions,1.0,ESPN_PUBLIC_BOX_SCORE
ESPNHIST-eb1fbaba1a869c1ded2d1d9d,2026-09-19T17:39:56.545928+00:00,NCAA_Football,ESPN-401856811,401856811,2026-09-19T00:00Z,Cameron Dickey,5193580,TTU,receiving_yards,13.0,ESPN_PUBLIC_BOX_SCORE
ESPNHIST-ffc620b4eb27679bc8d908f7,2026-09-19T17:39:56.545928+00:00,NCAA_Football,ESPN-401856811,401856811,2026-09-19T00:00Z,Cameron Dickey,5193580,TTU,receiving_tds,0.0,ESPN_PUBLIC_BOX_SCORE
ESPNHIST-7e7a1d3a7b1a78f8cb28ac4e,2026-09-19T17:39:56.545928+00:00,NCAA_Football,ESPN-401856811,401856811,2026-09-19T00:00Z,Jalen Jones,5227057,TTU,receptions,1.0,ESPN_PUBLIC_BOX_SCORE
ESPNHIST-5f9de14daa97feef54fe222b,2026-09-19T17:39:56.545928+00:00,NCAA_Football,ESPN-401856811,401856811,2026-09-19T00:00Z,Jalen Jones,5227057,TTU,receiving_yards,11.0,ESPN_PUBLIC_BOX_SCORE
ESPNHIST-b3febd9d1357b9c49761e575,2026-09-19T17:39:56.545928+00:00,NCAA_Football,ESPN-401856811,401856811,2026-09-19T00:00Z,Jalen Jones,5227057,TTU,receiving_tds,0.0,ESPN_PUBLIC_BOX_SCORE
ESPNHIST-e7f48bc2cbbb46fcb5190d85,2026-09-19T17:39:56.545928+00:00,NCAA_Football,ESPN-401856811,401856811,2026-09-19T00:00Z,Donte Lee Jr.,5220256,TTU,receptions,1.0,ESPN_PUBLIC_BOX_SCORE
ESPNHIST-d5a180d724d636395cf18fe3,2026-09-19T17:39:56.545928+00:00,NCAA_Football,ESPN-401856811,401856811,2026-09-19T00:00Z,Donte Lee Jr.,5220256,TTU,receiving_yards,5.0,ESPN_PUBLIC_BOX_SCORE
ESPNHIST-aacedf6b40caf9b4aef0d3e3,2026-09-19T17:39:56.545928+00:00,NCAA_Football,ESPN-401856811,401856811,2026-09-19T00:00Z,Donte Lee Jr.,5220256,TTU,receiving_tds,0.0,ESPN_PUBLIC_BOX_SCORE
ESPNHIST-ca7a0bace0583f74940b74cc,2026-09-19T17:39:56.545928+00:00,NCAA_Football,ESPN-401856811,401856811,2026-09-19T00:00Z,Stone Harrington,5103116,TTU,points,4.0,ESPN_PUBLIC_BOX_SCORE
ESPNHIST-2619032cd6f85c896d279255,2026-09-19T17:39:56.545928+00:00,NCAA_Football,ESPN-401858455,401858455,2026-09-19T02:30Z,Gabe Downing,5152778,PRST,pass_yards,101.0,ESPN_PUBLIC_BOX_SCORE
ESPNHIST-f508a6925e7b4a078809c6c7,2026-09-19T17:39:56.545928+00:00,NCAA_Football,ESPN-401858455,401858455,2026-09-19T02:30Z,Gabe Downing,5152778,PRST,pass_tds,0.0,ESPN_PUBLIC_BOX_SCORE
ESPNHIST-f29583536e10afcd313b272c,2026-09-19T17:39:56.545928+00:00,NCAA_Football,ESPN-401858455,401858455,2026-09-19T02:30Z,Gabe Downing,5152778,PRST,pass_interceptions,3.0,ESPN_PUBLIC_BOX_SCORE
ESPNHIST-b1e27db5962cda16370d7e79,2026-09-19T17:39:56.545928+00:00,NCAA_Football,ESPN-401858455,401858455,2026-09-19T02:30Z,Delon Thompson,5152791,PRST,rush_attempts,9.0,ESPN_PUBLIC_BOX_SCORE
ESPNHIST-e58d162eb01836634a9197e8,2026-09-19T17:39:56.545928+00:00,NCAA_Football,ESPN-401858455,401858455,2026-09-19T02:30Z,Delon Thompson,5152791,PRST,rush_yards,12.0,ESPN_PUBLIC_BOX_SCORE
ESPNHIST-535eb067a83d987a0b41705c,2026-09-19T17:39:56.545928+00:00,NCAA_Football,ESPN-401858455,401858455,2026-09-19T02:30Z,Delon Thompson,5152791,PRST,rush_tds,0.0,ESPN_PUBLIC_BOX_SCORE
ESPNHIST-0701c2e21d68e310eaeb228a,2026-09-19T17:39:56.545928+00:00,NCAA_Football,ESPN-401858455,401858455,2026-09-19T02:30Z,Niall Raby,5441326,PRST,rush_attempts,5.0,ESPN_PUBLIC_BOX_SCORE
ESPNHIST-9caaed1cca84edc0ce6fb62f,2026-09-19T17:39:56.545928+00:00,NCAA_Football,ESPN-401858455,401858455,2026-09-19T02:30Z,Niall Raby,5441326,PRST,rush_yards,7.0,ESPN_PUBLIC_BOX_SCORE
ESPNHIST-599f5aef319586db307088b1,2026-09-19T17:39:56.545928+00:00,NCAA_Football,ESPN-401858455,401858455,2026-09-19T02:30Z,Niall Raby,5441326,PRST,rush_tds,0.0,ESPN_PUBLIC_BOX_SCORE
ESPNHIST-54c837065898bbbfc610cf7b,2026-09-19T17:39:56.545928+00:00,NCAA_Football,ESPN-401858455,401858455,2026-09-19T02:30Z, Team,-7132,PRST,rush_attempts,1.0,ESPN_PUBLIC_BOX_SCORE
ESPNHIST-abd8574fa16daf4c899a1d33,2026-09-19T17:39:56.545928+00:00,NCAA_Football,ESPN-401858455,401858455,2026-09-19T02:30Z, Team,-7132,PRST,rush_yards,-2.0,ESPN_PUBLIC_BOX_SCORE
ESPNHIST-18527447b9282bf21a219850,2026-09-19T17:39:56.545928+00:00,NCAA_Football,ESPN-401858455,401858455,2026-09-19T02:30Z, Team,-7132,PRST,rush_tds,0.0,ESPN_PUBLIC_BOX_SCORE
ESPNHIST-aa2c69ca777d4256455451cf,2026-09-19T17:39:56.545928+00:00,NCAA_Football,ESPN-401858455,401858455,2026-09-19T02:30Z,Gabe Downing,5152778,PRST,rush_attempts,2.0,ESPN_PUBLIC_BOX_SCORE
ESPNHIST-ae3d86670c0010de1975990a,2026-09-19T17:39:56.545928+00:00,NCAA_Football,ESPN-401858455,401858455,2026-09-19T02:30Z,Gabe Downing,5152778,PRST,rush_yards,-15.0,ESPN_PUBLIC_BOX_SCORE
ESPNHIST-4987ff69bb183847dc04edc9,2026-09-19T17:39:56.545928+00:00,NCAA_Football,ESPN-401858455,401858455,2026-09-19T02:30Z,Gabe Downing,5152778,PRST,rush_tds,0.0,ESPN_PUBLIC_BOX_SCORE
ESPNHIST-ee8902f9081a49139ebbf1a1,2026-09-19T17:39:56.545928+00:00,NCAA_Football,ESPN-401858455,401858455,2026-09-19T02:30Z,Terence Loville,4613112,PRST,receptions,2.0,ESPN_PUBLIC_BOX_SCORE
ESPNHIST-3bdf6809aea7800036750daf,2026-09-19T17:39:56.545928+00:00,NCAA_Football,ESPN-401858455,401858455,2026-09-19T02:30Z,Terence Loville,4613112,PRST,receiving_yards,50.0,ESPN_PUBLIC_BOX_SCORE
ESPNHIST-c691ba39b22bafc243a6ad8d,2026-09-19T17:39:56.545928+00:00,NCAA_Football,ESPN-401858455,401858455,2026-09-19T02:30Z,Terence Loville,4613112,PRST,receiving_tds,0.0,ESPN_PUBLIC_BOX_SCORE
ESPNHIST-6fe3aba649505ff992e0da59,2026-09-19T17:39:56.545928+00:00,NCAA_Football,ESPN-401858455,401858455,2026-09-19T02:30Z,Tanner Beaman,5085598,PRST,receptions,1.0,ESPN_PUBLIC_BOX_SCORE
ESPNHIST-7a67b3489db799442c8c8589,2026-09-19T17:39:56.545928+00:00,NCAA_Football,ESPN-401858455,401858455,2026-09-19T02:30Z,Tanner Beaman,5085598,PRST,receiving_yards,21.0,ESPN_PUBLIC_BOX_SCORE
ESPNHIST-c5ca9674bdb71354ef6f4b30,2026-09-19T17:39:56.545928+00:00,NCAA_Football,ESPN-401858455,401858455,2026-09-19T02:30Z,Tanner Beaman,5085598,PRST,receiving_tds,0.0,ESPN_PUBLIC_BOX_SCORE
ESPNHIST-d1b070a7203bd96303bc7508,2026-09-19T17:39:56.545928+00:00,NCAA_Football,ESPN-401858455,401858455,2026-09-19T02:30Z,Jason Robinson Jr.,5079692,PRST,receptions,1.0,ESPN_PUBLIC_BOX_SCORE
ESPNHIST-0062403a66e9eedc11c3da28,2026-09-19T17:39:56.545928+00:00,NCAA_Football,ESPN-401858455,401858455,2026-09-19T02:30Z,Jason Robinson Jr.,5079692,PRST,receiving_yards,14.0,ESPN_PUBLIC_BOX_SCORE
ESPNHIST-4e23392da53b5ff3bc81a894,2026-09-19T17:39:56.545928+00:00,NCAA_Football,ESPN-401858455,401858455,2026-09-19T02:30Z,Jason Robinson Jr.,5079692,PRST,receiving_tds,0.0,ESPN_PUBLIC_BOX_SCORE
ESPNHIST-4613a55817a6f282182cfb8c,2026-09-19T17:39:56.545928+00:00,NCAA_Football,ESPN-401858455,401858455,2026-09-19T02:30Z,Darius Bailey,5414672,PRST,receptions,1.0,ESPN_PUBLIC_BOX_SCORE
ESPNHIST-501336a104374ffd2c349dcf,2026-09-19T17:39:56.545928+00:00,NCAA_Football,ESPN-401858455,401858455,2026-09-19T02:30Z,Darius Bailey,5414672,PRST,receiving_yards,6.0,ESPN_PUBLIC_BOX_SCORE
ESPNHIST-29f5c05d40b33ea04ddca7a9,2026-09-19T17:39:56.545928+00:00,NCAA_Football,ESPN-401858455,401858455,2026-09-19T02:30Z,Darius Bailey,5414672,PRST,receiving_tds,0.0,ESPN_PUBLIC_BOX_SCORE
ESPNHIST-bae04d8198b465d0e44a5236,2026-09-19T17:39:56.545928+00:00,NCAA_Football,ESPN-401858455,401858455,2026-09-19T02:30Z,Cru Newman,5225571,PRST,receptions,1.0,ESPN_PUBLIC_BOX_SCORE
ESPNHIST-ad307bbcba01dc7c62f41bb4,2026-09-19T17:39:56.545928+00:00,NCAA_Football,ESPN-401858455,401858455,2026-09-19T02:30Z,Cru Newman,5225571,PRST,receiving_yards,5.0,ESPN_PUBLIC_BOX_SCORE
ESPNHIST-dfcac873a26a9243c8a04de8,2026-09-19T17:39:56.545928+00:00,NCAA_Football,ESPN-401858455,401858455,2026-09-19T02:30Z,Cru Newman,5225571,PRST,receiving_tds,0.0,ESPN_PUBLIC_BOX_SCORE
ESPNHIST-c87b9ef89ea867660fc38864,2026-09-19T17:39:56.545928+00:00,NCAA_Football,ESPN-401858455,401858455,2026-09-19T02:30Z,Delon Thompson,5152791,PRST,receptions,2.0,ESPN_PUBLIC_BOX_SCORE
ESPNHIST-5011dd3bc4871b542edd3b3b,2026-09-19T17:39:56.545928+00:00,NCAA_Football,ESPN-401858455,401858455,2026-09-19T02:30Z,Delon Thompson,5152791,PRST,receiving_yards,5.0,ESPN_PUBLIC_BOX_SCORE
ESPNHIST-7710f6a8fbb6e0af00e67b99,2026-09-19T17:39:56.545928+00:00,NCAA_Football,ESPN-401858455,401858455,2026-09-19T02:30Z,Delon Thompson,5152791,PRST,receiving_tds,0.0,ESPN_PUBLIC_BOX_SCORE
ESPNHIST-72cabb164780978b13abffe9,2026-09-19T17:39:56.545928+00:00,NCAA_Football,ESPN-401858455,401858455,2026-09-19T02:30Z,Dante Moore,4870921,ORE,pass_yards,280.0,ESPN_PUBLIC_BOX_SCORE
ESPNHIST-5196945b6bda90d1bd2adfe3,2026-09-19T17:39:56.545928+00:00,NCAA_Football,ESPN-401858455,401858455,2026-09-19T02:30Z,Dante Moore,4870921,ORE,pass_tds,4.0,ESPN_PUBLIC_BOX_SCORE
ESPNHIST-ff419aa9fd8f921646afa1e1,2026-09-19T17:39:56.545928+00:00,NCAA_Football,ESPN-401858455,401858455,2026-09-19T02:30Z,Dante Moore,4870921,ORE,pass_interceptions,0.0,ESPN_PUBLIC_BOX_SCORE
ESPNHIST-39de3e0c9c1965750b5d22b3,2026-09-19T17:39:56.545928+00:00,NCAA_Football,ESPN-401858455,401858455,2026-09-19T02:30Z,Dylan Raiola,5079572,ORE,pass_yards,124.0,ESPN_PUBLIC_BOX_SCORE
ESPNHIST-67ba426e9c1f73cceedefc2c,2026-09-19T17:39:56.545928+00:00,NCAA_Football,ESPN-401858455,401858455,2026-09-19T02:30Z,Dylan Raiola,5079572,ORE,pass_tds,3.0,ESPN_PUBLIC_BOX_SCORE
ESPNHIST-9faac6bd7fdb63abc72d43ee,2026-09-19T17:39:56.545928+00:00,NCAA_Football,ESPN-401858455,401858455,2026-09-19T02:30Z,Dylan Raiola,5079572,ORE,pass_interceptions,0.0,ESPN_PUBLIC_BOX_SCORE
ESPNHIST-53971cdf5a01fea0b33273e3,2026-09-19T17:39:56.545928+00:00,NCAA_Football,ESPN-401858455,401858455,2026-09-19T02:30Z,Akili Smith Jr.,5141659,ORE,pass_yards,31.0,ESPN_PUBLIC_BOX_SCORE
ESPNHIST-d4cd9d109a94240ebb438aec,2026-09-19T17:39:56.545928+00:00,NCAA_Football,ESPN-401858455,401858455,2026-09-19T02:30Z,Akili Smith Jr.,5141659,ORE,pass_tds,0.0,ESPN_PUBLIC_BOX_SCORE
ESPNHIST-68e1298a6fd7b73c8772855a,2026-09-19T17:39:56.545928+00:00,NCAA_Football,ESPN-401858455,401858455,2026-09-19T02:30Z,Akili Smith Jr.,5141659,ORE,pass_interceptions,0.0,ESPN_PUBLIC_BOX_SCORE
ESPNHIST-a14db92a6ac17f03e87cc063,2026-09-19T17:39:56.545928+00:00,NCAA_Football,ESPN-401858455,401858455,2026-09-19T02:30Z,Brock Thomas,5158446,ORE,pass_yards,18.0,ESPN_PUBLIC_BOX_SCORE
ESPNHIST-8aa736bdc22330a67e6c907f,2026-09-19T17:39:56.545928+00:00,NCAA_Football,ESPN-401858455,401858455,2026-09-19T02:30Z,Brock Thomas,5158446,ORE,pass_tds,0.0,ESPN_PUBLIC_BOX_SCORE
ESPNHIST-3e05d964cdcb40d361cc842f,2026-09-19T17:39:56.545928+00:00,NCAA_Football,ESPN-401858455,401858455,2026-09-19T02:30Z,Brock Thomas,5158446,ORE,pass_interceptions,0.0,ESPN_PUBLIC_BOX_SCORE
ESPNHIST-9a3fbb107e89399fa803a21c,2026-09-19T17:39:56.545928+00:00,NCAA_Football,ESPN-401858455,401858455,2026-09-19T02:30Z,Jordon Davison,5141423,ORE,rush_attempts,13.0,ESPN_PUBLIC_BOX_SCORE
ESPNHIST-8be4e09ce0f3223b4f92397a,2026-09-19T17:39:56.545928+00:00,NCAA_Football,ESPN-401858455,401858455,2026-09-19T02:30Z,Jordon Davison,5141423,ORE,rush_yards,81.0,ESPN_PUBLIC_BOX_SCORE
ESPNHIST-53449dd7659e0f4a5babc95d,2026-09-19T17:39:56.545928+00:00,NCAA_Football,ESPN-401858455,401858455,2026-09-19T02:30Z,Jordon Davison,5141423,ORE,rush_tds,2.0,ESPN_PUBLIC_BOX_SCORE
ESPNHIST-687a8a950a52159f4f15d1d8,2026-09-19T17:39:56.545928+00:00,NCAA_Football,ESPN-401858455,401858455,2026-09-19T02:30Z,Brandon Smith,5198506,ORE,rush_attempts,16.0,ESPN_PUBLIC_BOX_SCORE
ESPNHIST-462c22bb40856aae6b9fa011,2026-09-19T17:39:56.545928+00:00,NCAA_Football,ESPN-401858455,401858455,2026-09-19T02:30Z,Brandon Smith,5198506,ORE,rush_yards,71.0,ESPN_PUBLIC_BOX_SCORE
ESPNHIST-40ee4e70dbe5b2320f11ee62,2026-09-19T17:39:56.545928+00:00,NCAA_Football,ESPN-401858455,401858455,2026-09-19T02:30Z,Brandon Smith,5198506,ORE,rush_tds,1.0,ESPN_PUBLIC_BOX_SCORE
ESPNHIST-ded7a887856a0321a9fcceb3,2026-09-19T17:39:56.545928+00:00,NCAA_Football,ESPN-401858455,401858455,2026-09-19T02:30Z,Da'Jaun Riggs,5146711,ORE,rush_attempts,9.0,ESPN_PUBLIC_BOX_SCORE
ESPNHIST-0ed7fb3ad265ca05a8f93938,2026-09-19T17:39:56.545928+00:00,NCAA_Football,ESPN-401858455,401858455,2026-09-19T02:30Z,Da'Jaun Riggs,5146711,ORE,rush_yards,68.0,ESPN_PUBLIC_BOX_SCORE
ESPNHIST-88d47f978f9b960913ad3df6,2026-09-19T17:39:56.545928+00:00,NCAA_Football,ESPN-401858455,401858455,2026-09-19T02:30Z,Da'Jaun Riggs,5146711,ORE,rush_tds,0.0,ESPN_PUBLIC_BOX_SCORE
ESPNHIST-6c24a14be6d48f7ea5a9ebb1,2026-09-19T17:39:56.545928+00:00,NCAA_Football,ESPN-401858455,401858455,2026-09-19T02:30Z,Tradarian Ball,5158939,ORE,rush_attempts,7.0,ESPN_PUBLIC_BOX_SCORE
ESPNHIST-e83b253d13e951d799a2010c,2026-09-19T17:39:56.545928+00:00,NCAA_Football,ESPN-401858455,401858455,2026-09-19T02:30Z,Tradarian Ball,5158939,ORE,rush_yards,47.0,ESPN_PUBLIC_BOX_SCORE
ESPNHIST-1af0d2be9f78a01cdd1c3384,2026-09-19T17:39:56.545928+00:00,NCAA_Football,ESPN-401858455,401858455,2026-09-19T02:30Z,Tradarian Ball,5158939,ORE,rush_tds,1.0,ESPN_PUBLIC_BOX_SCORE
ESPNHIST-8c4b34ecbc67f08eeb64121b,2026-09-19T17:39:56.545928+00:00,NCAA_Football,ESPN-401858455,401858455,2026-09-19T02:30Z,Dierre Hill Jr.,5141499,ORE,rush_attempts,2.0,ESPN_PUBLIC_BOX_SCORE
ESPNHIST-96a16cf524e614f1c0e91ca9,2026-09-19T17:39:56.545928+00:00,NCAA_Football,ESPN-401858455,401858455,2026-09-19T02:30Z,Dierre Hill Jr.,5141499,ORE,rush_yards,11.0,ESPN_PUBLIC_BOX_SCORE
ESPNHIST-bbda76245a1b5e8dd7fe3272,2026-09-19T17:39:56.545928+00:00,NCAA_Football,ESPN-401858455,401858455,2026-09-19T02:30Z,Dierre Hill Jr.,5141499,ORE,rush_tds,1.0,ESPN_PUBLIC_BOX_SCORE
ESPNHIST-1e56708aa9e1614e7bfce1d8,2026-09-19T17:39:56.545928+00:00,NCAA_Football,ESPN-401858455,401858455,2026-09-19T02:30Z,Akili Smith Jr.,5141659,ORE,rush_attempts,2.0,ESPN_PUBLIC_BOX_SCORE
ESPNHIST-55b5d229ee226492b149b75f,2026-09-19T17:39:56.545928+00:00,NCAA_Football,ESPN-401858455,401858455,2026-09-19T02:30Z,Akili Smith Jr.,5141659,ORE,rush_yards,7.0,ESPN_PUBLIC_BOX_SCORE
ESPNHIST-1ba7b85553ad6f21df3255c2,2026-09-19T17:39:56.545928+00:00,NCAA_Football,ESPN-401858455,401858455,2026-09-19T02:30Z,Akili Smith Jr.,5141659,ORE,rush_tds,0.0,ESPN_PUBLIC_BOX_SCORE
ESPNHIST-030304881397c2e94005c3f9,2026-09-19T17:39:56.545928+00:00,NCAA_Football,ESPN-401858455,401858455,2026-09-19T02:30Z,Dante Moore,4870921,ORE,rush_attempts,1.0,ESPN_PUBLIC_BOX_SCORE
ESPNHIST-dd6ba8bfbf5a2d16b7d6d0c6,2026-09-19T17:39:56.545928+00:00,NCAA_Football,ESPN-401858455,401858455,2026-09-19T02:30Z,Dante Moore,4870921,ORE,rush_yards,-3.0,ESPN_PUBLIC_BOX_SCORE
ESPNHIST-a77161faf3d461187339f013,2026-09-19T17:39:56.545928+00:00,NCAA_Football,ESPN-401858455,401858455,2026-09-19T02:30Z,Dante Moore,4870921,ORE,rush_tds,0.0,ESPN_PUBLIC_BOX_SCORE
ESPNHIST-11af8be43b84e4cfcc7cf844,2026-09-19T17:39:56.545928+00:00,NCAA_Football,ESPN-401858455,401858455,2026-09-19T02:30Z,Dylan Raiola,5079572,ORE,rush_attempts,1.0,ESPN_PUBLIC_BOX_SCORE
ESPNHIST-bec7dee27460e58b4b252f7c,2026-09-19T17:39:56.545928+00:00,NCAA_Football,ESPN-401858455,401858455,2026-09-19T02:30Z,Dylan Raiola,5079572,ORE,rush_yards,-9.0,ESPN_PUBLIC_BOX_SCORE
ESPNHIST-3dd6c6759091b78cea0d8e9c,2026-09-19T17:39:56.545928+00:00,NCAA_Football,ESPN-401858455,401858455,2026-09-19T02:30Z,Dylan Raiola,5079572,ORE,rush_tds,0.0,ESPN_PUBLIC_BOX_SCORE
ESPNHIST-cb46f438928996008c93af3b,2026-09-19T17:39:56.545928+00:00,NCAA_Football,ESPN-401858455,401858455,2026-09-19T02:30Z,Evan Stewart,4685565,ORE,receptions,3.0,ESPN_PUBLIC_BOX_SCORE
ESPNHIST-f7ee186bf6381844ef981c4b,2026-09-19T17:39:56.545928+00:00,NCAA_Football,ESPN-401858455,401858455,2026-09-19T02:30Z,Evan Stewart,4685565,ORE,receiving_yards,72.0,ESPN_PUBLIC_BOX_SCORE
ESPNHIST-eb8646ee38ad5f50d3a17deb,2026-09-19T17:39:56.545928+00:00,NCAA_Football,ESPN-401858455,401858455,2026-09-19T02:30Z,Evan Stewart,4685565,ORE,receiving_tds,1.0,ESPN_PUBLIC_BOX_SCORE
ESPNHIST-1e6554b22f8368c23553f049,2026-09-19T17:39:56.545928+00:00,NCAA_Football,ESPN-401858455,401858455,2026-09-19T02:30Z,Messiah Hampton,5211889,ORE,receptions,6.0,ESPN_PUBLIC_BOX_SCORE
ESPNHIST-ba75f7ae1265f3cd75d1dca0,2026-09-19T17:39:56.545928+00:00,NCAA_Football,ESPN-401858455,401858455,2026-09-19T02:30Z,Messiah Hampton,5211889,ORE,receiving_yards,71.0,ESPN_PUBLIC_BOX_SCORE
ESPNHIST-b1a42db2561563a93b5cd6c0,2026-09-19T17:39:56.545928+00:00,NCAA_Football,ESPN-401858455,401858455,2026-09-19T02:30Z,Messiah Hampton,5211889,ORE,receiving_tds,2.0,ESPN_PUBLIC_BOX_SCORE
ESPNHIST-3f9693e88b628f658708cef1,2026-09-19T17:39:56.545928+00:00,NCAA_Football,ESPN-401858455,401858455,2026-09-19T02:30Z,Dakorien Moore,5141586,ORE,receptions,2.0,ESPN_PUBLIC_BOX_SCORE
ESPNHIST-88e74e99ccd8915522de33f5,2026-09-19T17:39:56.545928+00:00,NCAA_Football,ESPN-401858455,401858455,2026-09-19T02:30Z,Dakorien Moore,5141586,ORE,receiving_yards,54.0,ESPN_PUBLIC_BOX_SCORE
ESPNHIST-83219edc3786131daaf58d2e,2026-09-19T17:39:56.545928+00:00,NCAA_Football,ESPN-401858455,401858455,2026-09-19T02:30Z,Dakorien Moore,5141586,ORE,receiving_tds,1.0,ESPN_PUBLIC_BOX_SCORE
ESPNHIST-a5fbc5b14d8606931343f9d5,2026-09-19T17:39:56.545928+00:00,NCAA_Football,ESPN-401858455,401858455,2026-09-19T02:30Z,Kendre Harrison,5159026,ORE,receptions,4.0,ESPN_PUBLIC_BOX_SCORE
ESPNHIST-f8a4f59778414fabc5520337,2026-09-19T17:39:56.545928+00:00,NCAA_Football,ESPN-401858455,401858455,2026-09-19T02:30Z,Kendre Harrison,5159026,ORE,receiving_yards,53.0,ESPN_PUBLIC_BOX_SCORE
ESPNHIST-378da3263c18ad0558b6827c,2026-09-19T17:39:56.545928+00:00,NCAA_Football,ESPN-401858455,401858455,2026-09-19T02:30Z,Kendre Harrison,5159026,ORE,receiving_tds,1.0,ESPN_PUBLIC_BOX_SCORE
ESPNHIST-413924d20cbceb691b58fa92,2026-09-19T17:39:56.545928+00:00,NCAA_Football,ESPN-401858455,401858455,2026-09-19T02:30Z,Dierre Hill Jr.,5141499,ORE,receptions,3.0,ESPN_PUBLIC_BOX_SCORE
ESPNHIST-8015987bae073ddebf98b57d,2026-09-19T17:39:56.545928+00:00,NCAA_Football,ESPN-401858455,401858455,2026-09-19T02:30Z,Dierre Hill Jr.,5141499,ORE,receiving_yards,50.0,ESPN_PUBLIC_BOX_SCORE
ESPNHIST-9e34ddb153c52711d4b3edbb,2026-09-19T17:39:56.545928+00:00,NCAA_Football,ESPN-401858455,401858455,2026-09-19T02:30Z,Dierre Hill Jr.,5141499,ORE,receiving_tds,0.0,ESPN_PUBLIC_BOX_SCORE
ESPNHIST-7a0633863e16c4676d17651c,2026-09-19T17:39:56.545928+00:00,NCAA_Football,ESPN-401858455,401858455,2026-09-19T02:30Z,Hudson Lewis,5282366,ORE,receptions,3.0,ESPN_PUBLIC_BOX_SCORE
ESPNHIST-db7a382c9846af53539a8d95,2026-09-19T17:39:56.545928+00:00,NCAA_Football,ESPN-401858455,401858455,2026-09-19T02:30Z,Hudson Lewis,5282366,ORE,receiving_yards,25.0,ESPN_PUBLIC_BOX_SCORE
ESPNHIST-073a6531bb39cc8c19bd5548,2026-09-19T17:39:56.545928+00:00,NCAA_Football,ESPN-401858455,401858455,2026-09-19T02:30Z,Hudson Lewis,5282366,ORE,receiving_tds,0.0,ESPN_PUBLIC_BOX_SCORE
ESPNHIST-bf7b3623d000ad52505b399e,2026-09-19T17:39:56.545928+00:00,NCAA_Football,ESPN-401858455,401858455,2026-09-19T02:30Z,Gatlin Bair,5327431,ORE,receptions,3.0,ESPN_PUBLIC_BOX_SCORE
ESPNHIST-da31f37a246b0d81f05c7dbe,2026-09-19T17:39:56.545928+00:00,NCAA_Football,ESPN-401858455,401858455,2026-09-19T02:30Z,Gatlin Bair,5327431,ORE,receiving_yards,25.0,ESPN_PUBLIC_BOX_SCORE
ESPNHIST-9cc1871e0827db037964c25d,2026-09-19T17:39:56.545928+00:00,NCAA_Football,ESPN-401858455,401858455,2026-09-19T02:30Z,Gatlin Bair,5327431,ORE,receiving_tds,0.0,ESPN_PUBLIC_BOX_SCORE
ESPNHIST-ec2b4deb52ee85c71f334f13,2026-09-19T17:39:56.545928+00:00,NCAA_Football,ESPN-401858455,401858455,2026-09-19T02:30Z,Andrew Olesh,5201878,ORE,receptions,2.0,ESPN_PUBLIC_BOX_SCORE
ESPNHIST-d5ea172208cd3be8ceaabb79,2026-09-19T17:39:56.545928+00:00,NCAA_Football,ESPN-401858455,401858455,2026-09-19T02:30Z,Andrew Olesh,5201878,ORE,receiving_yards,23.0,ESPN_PUBLIC_BOX_SCORE
ESPNHIST-8f8b576d3c27d5ac8dfa366d,2026-09-19T17:39:56.545928+00:00,NCAA_Football,ESPN-401858455,401858455,2026-09-19T02:30Z,Andrew Olesh,5201878,ORE,receiving_tds,1.0,ESPN_PUBLIC_BOX_SCORE
ESPNHIST-465fa5f25f8c49e30e92a644,2026-09-19T17:39:56.545928+00:00,NCAA_Football,ESPN-401858455,401858455,2026-09-19T02:30Z,Da'Jaun Riggs,5146711,ORE,receptions,2.0,ESPN_PUBLIC_BOX_SCORE
ESPNHIST-53857490511b503b71263879,2026-09-19T17:39:56.545928+00:00,NCAA_Football,ESPN-401858455,401858455,2026-09-19T02:30Z,Da'Jaun Riggs,5146711,ORE,receiving_yards,21.0,ESPN_PUBLIC_BOX_SCORE
ESPNHIST-03d4fcaf233d327f527980d6,2026-09-19T17:39:56.545928+00:00,NCAA_Football,ESPN-401858455,401858455,2026-09-19T02:30Z,Da'Jaun Riggs,5146711,ORE,receiving_tds,0.0,ESPN_PUBLIC_BOX_SCORE
ESPNHIST-4ee311d76c5f03e708bf0690,2026-09-19T17:39:56.545928+00:00,NCAA_Football,ESPN-401858455,401858455,2026-09-19T02:30Z,Tradarian Ball,5158939,ORE,receptions,2.0,ESPN_PUBLIC_BOX_SCORE
ESPNHIST-f1ea129c54e35144c2ca8559,2026-09-19T17:39:56.545928+00:00,NCAA_Football,ESPN-401858455,401858455,2026-09-19T02:30Z,Tradarian Ball,5158939,ORE,receiving_yards,21.0,ESPN_PUBLIC_BOX_SCORE
ESPNHIST-68b1dd38b5b84c9002389386,2026-09-19T17:39:56.545928+00:00,NCAA_Football,ESPN-401858455,401858455,2026-09-19T02:30Z,Tradarian Ball,5158939,ORE,receiving_tds,0.0,ESPN_PUBLIC_BOX_SCORE
ESPNHIST-8b54214939843db12ed9b734,2026-09-19T17:39:56.545928+00:00,NCAA_Football,ESPN-401858455,401858455,2026-09-19T02:30Z,Brady Bidwell,5221319,ORE,receptions,2.0,ESPN_PUBLIC_BOX_SCORE
ESPNHIST-0bd67a0f0680ba98dab0a974,2026-09-19T17:39:56.545928+00:00,NCAA_Football,ESPN-401858455,401858455,2026-09-19T02:30Z,Brady Bidwell,5221319,ORE,receiving_yards,12.0,ESPN_PUBLIC_BOX_SCORE
ESPNHIST-eef42fe8e13aac6e441b6a92,2026-09-19T17:39:56.545928+00:00,NCAA_Football,ESPN-401858455,401858455,2026-09-19T02:30Z,Brady Bidwell,5221319,ORE,receiving_tds,1.0,ESPN_PUBLIC_BOX_SCORE
ESPNHIST-885f56e9176989140a31cbc1,2026-09-19T17:39:56.545928+00:00,NCAA_Football,ESPN-401858455,401858455,2026-09-19T02:30Z,Nathan McCoy II,5296018,ORE,receptions,1.0,ESPN_PUBLIC_BOX_SCORE
ESPNHIST-a744bbf4146b592c9a0b3306,2026-09-19T17:39:56.545928+00:00,NCAA_Football,ESPN-401858455,401858455,2026-09-19T02:30Z,Nathan McCoy II,5296018,ORE,receiving_yards,11.0,ESPN_PUBLIC_BOX_SCORE
ESPNHIST-1d398c9e2dfc19ee78fe9d95,2026-09-19T17:39:56.545928+00:00,NCAA_Football,ESPN-401858455,401858455,2026-09-19T02:30Z,Nathan McCoy II,5296018,ORE,receiving_tds,0.0,ESPN_PUBLIC_BOX_SCORE
ESPNHIST-ad7698953699839dc6a5ee31,2026-09-19T17:39:56.545928+00:00,NCAA_Football,ESPN-401858455,401858455,2026-09-19T02:30Z,Jordon Davison,5141423,ORE,receptions,1.0,ESPN_PUBLIC_BOX_SCORE
ESPNHIST-1f2b5f2c54f5d3c63bce8b64,2026-09-19T17:39:56.545928+00:00,NCAA_Football,ESPN-401858455,401858455,2026-09-19T02:30Z,Jordon Davison,5141423,ORE,receiving_yards,9.0,ESPN_PUBLIC_BOX_SCORE
ESPNHIST-2dfcf2ed99d22e93600c830d,2026-09-19T17:39:56.545928+00:00,NCAA_Football,ESPN-401858455,401858455,2026-09-19T02:30Z,Jordon Davison,5141423,ORE,receiving_tds,0.0,ESPN_PUBLIC_BOX_SCORE
ESPNHIST-a779736fa3a2b10d39c67bea,2026-09-19T17:39:56.545928+00:00,NCAA_Football,ESPN-401858455,401858455,2026-09-19T02:30Z,Iverson Hooks,4912286,ORE,receptions,1.0,ESPN_PUBLIC_BOX_SCORE
ESPNHIST-f591fe3b31fa01f11e144ce3,2026-09-19T17:39:56.545928+00:00,NCAA_Football,ESPN-401858455,401858455,2026-09-19T02:30Z,Iverson Hooks,4912286,ORE,receiving_yards,6.0,ESPN_PUBLIC_BOX_SCORE
ESPNHIST-ce60bba422995a55cb177c0e,2026-09-19T17:39:56.545928+00:00,NCAA_Football,ESPN-401858455,401858455,2026-09-19T02:30Z,Iverson Hooks,4912286,ORE,receiving_tds,0.0,ESPN_PUBLIC_BOX_SCORE
ESPNHIST-0e1383510fd7a8ad1920a3f6,2026-09-19T17:39:56.545928+00:00,NCAA_Football,ESPN-401858455,401858455,2026-09-19T02:30Z,Gage Hurych,5192414,ORE,points,6.0,ESPN_PUBLIC_BOX_SCORE
ESPNHIST-91edf76293f4f2875008f22f,2026-09-19T17:39:56.545928+00:00,NCAA_Football,ESPN-401858455,401858455,2026-09-19T02:30Z,Rocco Graziano,5228661,ORE,points,6.0,ESPN_PUBLIC_BOX_SCORE
ESPNHIST-1b01f6dbf835ecb44f10bd59,2026-09-19T17:39:56.545928+00:00,NCAA_Football,ESPN-401858225,401858225,2026-09-17T23:30Z,Steve Angeli,4685694,SYR,pass_yards,161.0,ESPN_PUBLIC_BOX_SCORE
ESPNHIST-c03227a28d91ee8625ef9cd7,2026-09-19T17:39:56.545928+00:00,NCAA_Football,ESPN-401858225,401858225,2026-09-17T23:30Z,Steve Angeli,4685694,SYR,pass_tds,0.0,ESPN_PUBLIC_BOX_SCORE
ESPNHIST-c325e2456e20c0ac4429a77c,2026-09-19T17:39:56.545928+00:00,NCAA_Football,ESPN-401858225,401858225,2026-09-17T23:30Z,Steve Angeli,4685694,SYR,pass_interceptions,2.0,ESPN_PUBLIC_BOX_SCORE
ESPNHIST-437d46b675d777bac57fec3b,2026-09-19T17:39:56.545928+00:00,NCAA_Football,ESPN-401858225,401858225,2026-09-17T23:30Z,Amari Odom,5153782,SYR,pass_yards,44.0,ESPN_PUBLIC_BOX_SCORE
ESPNHIST-d2a03fe661dfd3244b448207,2026-09-19T17:39:56.545928+00:00,NCAA_Football,ESPN-401858225,401858225,2026-09-17T23:30Z,Amari Odom,5153782,SYR,pass_tds,0.0,ESPN_PUBLIC_BOX_SCORE
ESPNHIST-3586cf29e9660bd606db5a37,2026-09-19T17:39:56.545928+00:00,NCAA_Football,ESPN-401858225,401858225,2026-09-17T23:30Z,Amari Odom,5153782,SYR,pass_interceptions,0.0,ESPN_PUBLIC_BOX_SCORE
ESPNHIST-a173407f6136ead877d59bb6,2026-09-19T17:39:56.545928+00:00,NCAA_Football,ESPN-401858225,401858225,2026-09-17T23:30Z,Ahmad Miller,5154420,SYR,rush_attempts,14.0,ESPN_PUBLIC_BOX_SCORE
ESPNHIST-14bb08c678e6d177bd0d8c46,2026-09-19T17:39:56.545928+00:00,NCAA_Football,ESPN-401858225,401858225,2026-09-17T23:30Z,Ahmad Miller,5154420,SYR,rush_yards,78.0,ESPN_PUBLIC_BOX_SCORE
ESPNHIST-d90e684b6258c92b0a144805,2026-09-19T17:39:56.545928+00:00,NCAA_Football,ESPN-401858225,401858225,2026-09-17T23:30Z,Ahmad Miller,5154420,SYR,rush_tds,1.0,ESPN_PUBLIC_BOX_SCORE
ESPNHIST-7d45a70f6ff763a3cc099d85,2026-09-19T17:39:56.545928+00:00,NCAA_Football,ESPN-401858225,401858225,2026-09-17T23:30Z,Umari Hatcher,4691315,SYR,rush_attempts,1.0,ESPN_PUBLIC_BOX_SCORE
ESPNHIST-95d1c141ca2a04c176034d6b,2026-09-19T17:39:56.545928+00:00,NCAA_Football,ESPN-401858225,401858225,2026-09-17T23:30Z,Umari Hatcher,4691315,SYR,rush_yards,28.0,ESPN_PUBLIC_BOX_SCORE
ESPNHIST-3d5499c4915f619d25c1f161,2026-09-19T17:39:56.545928+00:00,NCAA_Football,ESPN-401858225,401858225,2026-09-17T23:30Z,Umari Hatcher,4691315,SYR,rush_tds,0.0,ESPN_PUBLIC_BOX_SCORE
ESPNHIST-6ac77801212d85177ef94c67,2026-09-19T17:39:56.545928+00:00,NCAA_Football,ESPN-401858225,401858225,2026-09-17T23:30Z,Shavane Anderson Jr.,5289321,SYR,rush_attempts,11.0,ESPN_PUBLIC_BOX_SCORE
ESPNHIST-b62b3ea6f55b745e216c97b0,2026-09-19T17:39:56.545928+00:00,NCAA_Football,ESPN-401858225,401858225,2026-09-17T23:30Z,Shavane Anderson Jr.,5289321,SYR,rush_yards,26.0,ESPN_PUBLIC_BOX_SCORE
ESPNHIST-3d807a5def88d5c534c54dbc,2026-09-19T17:39:56.545928+00:00,NCAA_Football,ESPN-401858225,401858225,2026-09-17T23:30Z,Shavane Anderson Jr.,5289321,SYR,rush_tds,0.0,ESPN_PUBLIC_BOX_SCORE
ESPNHIST-41e5ba1ab610f58fa474b2d0,2026-09-19T17:39:56.545928+00:00,NCAA_Football,ESPN-401858225,401858225,2026-09-17T23:30Z,Ju'Juan Johnson,5079537,SYR,rush_attempts,6.0,ESPN_PUBLIC_BOX_SCORE
ESPNHIST-8a996dedbb633f39ffbe7bcd,2026-09-19T17:39:56.545928+00:00,NCAA_Football,ESPN-401858225,401858225,2026-09-17T23:30Z,Ju'Juan Johnson,5079537,SYR,rush_yards,13.0,ESPN_PUBLIC_BOX_SCORE
ESPNHIST-df30144b1c72499a35be2c4c,2026-09-19T17:39:56.545928+00:00,NCAA_Football,ESPN-401858225,401858225,2026-09-17T23:30Z,Ju'Juan Johnson,5079537,SYR,rush_tds,0.0,ESPN_PUBLIC_BOX_SCORE
ESPNHIST-6fdd589d0fbf574ff77b1921,2026-09-19T17:39:56.545928+00:00,NCAA_Football,ESPN-401858225,401858225,2026-09-17T23:30Z,Amari Odom,5153782,SYR,rush_attempts,1.0,ESPN_PUBLIC_BOX_SCORE
ESPNHIST-58a8723a7f16c97b0d3eb085,2026-09-19T17:39:56.545928+00:00,NCAA_Football,ESPN-401858225,401858225,2026-09-17T23:30Z,Amari Odom,5153782,SYR,rush_yards,2.0,ESPN_PUBLIC_BOX_SCORE
ESPNHIST-5a415f9a2321aacac7c3eaa2,2026-09-19T17:39:56.545928+00:00,NCAA_Football,ESPN-401858225,401858225,2026-09-17T23:30Z,Amari Odom,5153782,SYR,rush_tds,0.0,ESPN_PUBLIC_BOX_SCORE
ESPNHIST-db7c87cb05b64612aed1ae40,2026-09-19T17:39:56.545928+00:00,NCAA_Football,ESPN-401858225,401858225,2026-09-17T23:30Z,Steve Angeli,4685694,SYR,rush_attempts,5.0,ESPN_PUBLIC_BOX_SCORE
ESPNHIST-5f8a7deb48431ec1c3ebef74,2026-09-19T17:39:56.545928+00:00,NCAA_Football,ESPN-401858225,401858225,2026-09-17T23:30Z,Steve Angeli,4685694,SYR,rush_yards,-5.0,ESPN_PUBLIC_BOX_SCORE
ESPNHIST-b75a344f6aa3d73a2e0aeb8e,2026-09-19T17:39:56.545928+00:00,NCAA_Football,ESPN-401858225,401858225,2026-09-17T23:30Z,Steve Angeli,4685694,SYR,rush_tds,0.0,ESPN_PUBLIC_BOX_SCORE
ESPNHIST-0224b6b433d18813ddb19299,2026-09-19T17:39:56.545928+00:00,NCAA_Football,ESPN-401858225,401858225,2026-09-17T23:30Z,Umari Hatcher,4691315,SYR,receptions,3.0,ESPN_PUBLIC_BOX_SCORE
ESPNHIST-8ceb7eb5098da5173399cb2a,2026-09-19T17:39:56.545928+00:00,NCAA_Football,ESPN-401858225,401858225,2026-09-17T23:30Z,Umari Hatcher,4691315,SYR,receiving_yards,58.0,ESPN_PUBLIC_BOX_SCORE
ESPNHIST-0f3cb07b254e03b0b97d1ced,2026-09-19T17:39:56.545928+00:00,NCAA_Football,ESPN-401858225,401858225,2026-09-17T23:30Z,Umari Hatcher,4691315,SYR,receiving_tds,0.0,ESPN_PUBLIC_BOX_SCORE
ESPNHIST-2b5d3fe26d81ee3611a7aed5,2026-09-19T17:39:56.545928+00:00,NCAA_Football,ESPN-401858225,401858225,2026-09-17T23:30Z,Darius Johnson,5212990,SYR,receptions,5.0,ESPN_PUBLIC_BOX_SCORE
ESPNHIST-c7796c6b1b2dc592d755cbda,2026-09-19T17:39:56.545928+00:00,NCAA_Football,ESPN-401858225,401858225,2026-09-17T23:30Z,Darius Johnson,5212990,SYR,receiving_yards,42.0,ESPN_PUBLIC_BOX_SCORE
ESPNHIST-2f9dc241197aadba48125b10,2026-09-19T17:39:56.545928+00:00,NCAA_Football,ESPN-401858225,401858225,2026-09-17T23:30Z,Darius Johnson,5212990,SYR,receiving_tds,0.0,ESPN_PUBLIC_BOX_SCORE
ESPNHIST-60d2a815f2c65a8a76479d8e,2026-09-19T17:39:56.545928+00:00,NCAA_Football,ESPN-401858225,401858225,2026-09-17T23:30Z,Ju'Juan Johnson,5079537,SYR,receptions,4.0,ESPN_PUBLIC_BOX_SCORE
ESPNHIST-23badcbd553ac142923155e4,2026-09-19T17:39:56.545928+00:00,NCAA_Football,ESPN-401858225,401858225,2026-09-17T23:30Z,Ju'Juan Johnson,5079537,SYR,receiving_yards,27.0,ESPN_PUBLIC_BOX_SCORE
ESPNHIST-2d5010d6f0a3affa2762ddf9,2026-09-19T17:39:56.545928+00:00,NCAA_Football,ESPN-401858225,401858225,2026-09-17T23:30Z,Ju'Juan Johnson,5079537,SYR,receiving_tds,0.0,ESPN_PUBLIC_BOX_SCORE
ESPNHIST-f658ffe4a852553e7d985c01,2026-09-19T17:39:56.545928+00:00,NCAA_Football,ESPN-401858225,401858225,2026-09-17T23:30Z,Justus Ross-Simmons,4910239,SYR,receptions,1.0,ESPN_PUBLIC_BOX_SCORE
ESPNHIST-321b77a638b0f769a962c8ba,2026-09-19T17:39:56.545928+00:00,NCAA_Football,ESPN-401858225,401858225,2026-09-17T23:30Z,Justus Ross-Simmons,4910239,SYR,receiving_yards,25.0,ESPN_PUBLIC_BOX_SCORE
ESPNHIST-84bd506c0a580546205c6ac5,2026-09-19T17:39:56.545928+00:00,NCAA_Football,ESPN-401858225,401858225,2026-09-17T23:30Z,Justus Ross-Simmons,4910239,SYR,receiving_tds,0.0,ESPN_PUBLIC_BOX_SCORE
ESPNHIST-8ee0aed33c03a2b486e92720,2026-09-19T17:39:56.545928+00:00,NCAA_Football,ESPN-401858225,401858225,2026-09-17T23:30Z,Noah Meyers,5121720,SYR,receptions,1.0,ESPN_PUBLIC_BOX_SCORE
ESPNHIST-0815d0956b7e5dd5ef95645f,2026-09-19T17:39:56.545928+00:00,NCAA_Football,ESPN-401858225,401858225,2026-09-17T23:30Z,Noah Meyers,5121720,SYR,receiving_yards,15.0,ESPN_PUBLIC_BOX_SCORE
ESPNHIST-19358a87250b89ffd9ef8878,2026-09-19T17:39:56.545928+00:00,NCAA_Football,ESPN-401858225,401858225,2026-09-17T23:30Z,Noah Meyers,5121720,SYR,receiving_tds,0.0,ESPN_PUBLIC_BOX_SCORE
ESPNHIST-75e907f9a8329e03983c357f,2026-09-19T17:39:56.545928+00:00,NCAA_Football,ESPN-401858225,401858225,2026-09-17T23:30Z,Shavane Anderson Jr.,5289321,SYR,receptions,2.0,ESPN_PUBLIC_BOX_SCORE
ESPNHIST-c22b637e0bc6acec968c14c7,2026-09-19T17:39:56.545928+00:00,NCAA_Football,ESPN-401858225,401858225,2026-09-17T23:30Z,Shavane Anderson Jr.,5289321,SYR,receiving_yards,15.0,ESPN_PUBLIC_BOX_SCORE
ESPNHIST-533777c044a7da4988a439e9,2026-09-19T17:39:56.545928+00:00,NCAA_Football,ESPN-401858225,401858225,2026-09-17T23:30Z,Shavane Anderson Jr.,5289321,SYR,receiving_tds,0.0,ESPN_PUBLIC_BOX_SCORE
ESPNHIST-b0311e65bcd4a38b4206d008,2026-09-19T17:39:56.545928+00:00,NCAA_Football,ESPN-401858225,401858225,2026-09-17T23:30Z,David Clement,5004520,SYR,receptions,1.0,ESPN_PUBLIC_BOX_SCORE
ESPNHIST-a05ccac856e7414aceac80bc,2026-09-19T17:39:56.545928+00:00,NCAA_Football,ESPN-401858225,401858225,2026-09-17T23:30Z,David Clement,5004520,SYR,receiving_yards,12.0,ESPN_PUBLIC_BOX_SCORE
ESPNHIST-b3820a8ec19f02392ba1d651,2026-09-19T17:39:56.545928+00:00,NCAA_Football,ESPN-401858225,401858225,2026-09-17T23:30Z,David Clement,5004520,SYR,receiving_tds,0.0,ESPN_PUBLIC_BOX_SCORE
ESPNHIST-28272b630f78da83612a5b41,2026-09-19T17:39:56.545928+00:00,NCAA_Football,ESPN-401858225,401858225,2026-09-17T23:30Z,Cole Weaver,5122076,SYR,receptions,2.0,ESPN_PUBLIC_BOX_SCORE
ESPNHIST-329a6182018e76286b79a1b7,2026-09-19T17:39:56.545928+00:00,NCAA_Football,ESPN-401858225,401858225,2026-09-17T23:30Z,Cole Weaver,5122076,SYR,receiving_yards,9.0,ESPN_PUBLIC_BOX_SCORE
ESPNHIST-4349b02b00fd21a31edc9fd2,2026-09-19T17:39:56.545928+00:00,NCAA_Football,ESPN-401858225,401858225,2026-09-17T23:30Z,Cole Weaver,5122076,SYR,receiving_tds,0.0,ESPN_PUBLIC_BOX_SCORE
ESPNHIST-4881079718f2cb4259f94881,2026-09-19T17:39:56.545928+00:00,NCAA_Football,ESPN-401858225,401858225,2026-09-17T23:30Z,Ahmad Miller,5154420,SYR,receptions,1.0,ESPN_PUBLIC_BOX_SCORE
ESPNHIST-15a7cdfaa61cfe171d93b1aa,2026-09-19T17:39:56.545928+00:00,NCAA_Football,ESPN-401858225,401858225,2026-09-17T23:30Z,Ahmad Miller,5154420,SYR,receiving_yards,2.0,ESPN_PUBLIC_BOX_SCORE
ESPNHIST-b6a78975ea3f077af85d3b74,2026-09-19T17:39:56.545928+00:00,NCAA_Football,ESPN-401858225,401858225,2026-09-17T23:30Z,Ahmad Miller,5154420,SYR,receiving_tds,0.0,ESPN_PUBLIC_BOX_SCORE
ESPNHIST-f70507aa08c383889cdc0342,2026-09-19T17:39:56.545928+00:00,NCAA_Football,ESPN-401858225,401858225,2026-09-17T23:30Z,Shay Barker,5291728,SYR,points,7.0,ESPN_PUBLIC_BOX_SCORE
ESPNHIST-57547a4088cf0ac303e67fc0,2026-09-19T17:39:56.545928+00:00,NCAA_Football,ESPN-401858225,401858225,2026-09-17T23:30Z,Tripp Woody,5218933,SYR,points,0.0,ESPN_PUBLIC_BOX_SCORE
ESPNHIST-f25267134cecd69a200cc69d,2026-09-19T17:39:56.545928+00:00,NCAA_Football,ESPN-401858225,401858225,2026-09-17T23:30Z,Mason Heintschel,5208095,PITT,pass_yards,123.0,ESPN_PUBLIC_BOX_SCORE
ESPNHIST-0f51a7820ab8ae6c30202e29,2026-09-19T17:39:56.545928+00:00,NCAA_Football,ESPN-401858225,401858225,2026-09-17T23:30Z,Mason Heintschel,5208095,PITT,pass_tds,0.0,ESPN_PUBLIC_BOX_SCORE
ESPNHIST-570884d9856c3839f3cff845,2026-09-19T17:39:56.545928+00:00,NCAA_Football,ESPN-401858225,401858225,2026-09-17T23:30Z,Mason Heintschel,5208095,PITT,pass_interceptions,1.0,ESPN_PUBLIC_BOX_SCORE
ESPNHIST-6b638a86f1a8ca4154fd6abc,2026-09-19T17:39:56.545928+00:00,NCAA_Football,ESPN-401858225,401858225,2026-09-17T23:30Z,Damon Ferguson Jr.,5158978,PITT,rush_attempts,10.0,ESPN_PUBLIC_BOX_SCORE
ESPNHIST-a84040ffc1dbc7098efc2001,2026-09-19T17:39:56.545928+00:00,NCAA_Football,ESPN-401858225,401858225,2026-09-17T23:30Z,Damon Ferguson Jr.,5158978,PITT,rush_yards,102.0,ESPN_PUBLIC_BOX_SCORE
ESPNHIST-a043bd1c741a57678ec537f6,2026-09-19T17:39:56.545928+00:00,NCAA_Football,ESPN-401858225,401858225,2026-09-17T23:30Z,Damon Ferguson Jr.,5158978,PITT,rush_tds,1.0,ESPN_PUBLIC_BOX_SCORE
ESPNHIST-d05fad3401c872fd8eeacc9b,2026-09-19T17:39:56.545928+00:00,NCAA_Football,ESPN-401858225,401858225,2026-09-17T23:30Z,La'Vell Wright,4683234,PITT,rush_attempts,14.0,ESPN_PUBLIC_BOX_SCORE
ESPNHIST-8a5877466aa1463d030793d2,2026-09-19T17:39:56.545928+00:00,NCAA_Football,ESPN-401858225,401858225,2026-09-17T23:30Z,La'Vell Wright,4683234,PITT,rush_yards,81.0,ESPN_PUBLIC_BOX_SCORE
ESPNHIST-e653d5a99a4a7f3d6432de97,2026-09-19T17:39:56.545928+00:00,NCAA_Football,ESPN-401858225,401858225,2026-09-17T23:30Z,La'Vell Wright,4683234,PITT,rush_tds,1.0,ESPN_PUBLIC_BOX_SCORE
ESPNHIST-b458f5a05b7ea5d8954ab1a2,2026-09-19T17:39:56.545928+00:00,NCAA_Football,ESPN-401858225,401858225,2026-09-17T23:30Z,Mason Heintschel,5208095,PITT,rush_attempts,11.0,ESPN_PUBLIC_BOX_SCORE
ESPNHIST-245d514cb6a86e677d1a998b,2026-09-19T17:39:56.545928+00:00,NCAA_Football,ESPN-401858225,401858225,2026-09-17T23:30Z,Mason Heintschel,5208095,PITT,rush_yards,41.0,ESPN_PUBLIC_BOX_SCORE
ESPNHIST-f76a7311a18c8018d0661d86,2026-09-19T17:39:56.545928+00:00,NCAA_Football,ESPN-401858225,401858225,2026-09-17T23:30Z,Mason Heintschel,5208095,PITT,rush_tds,1.0,ESPN_PUBLIC_BOX_SCORE
ESPNHIST-454e1d65d10c45df65f9d44b,2026-09-19T17:39:56.545928+00:00,NCAA_Football,ESPN-401858225,401858225,2026-09-17T23:30Z,Justin Cook,5296232,PITT,rush_attempts,1.0,ESPN_PUBLIC_BOX_SCORE
ESPNHIST-aa78c3f28076fa34c1234990,2026-09-19T17:39:56.545928+00:00,NCAA_Football,ESPN-401858225,401858225,2026-09-17T23:30Z,Justin Cook,5296232,PITT,rush_yards,23.0,ESPN_PUBLIC_BOX_SCORE
ESPNHIST-90b4fea163486d943ed192db,2026-09-19T17:39:56.545928+00:00,NCAA_Football,ESPN-401858225,401858225,2026-09-17T23:30Z,Justin Cook,5296232,PITT,rush_tds,0.0,ESPN_PUBLIC_BOX_SCORE
ESPNHIST-180559e7165aa6809b4e082b,2026-09-19T17:39:56.545928+00:00,NCAA_Football,ESPN-401858225,401858225,2026-09-17T23:30Z, Team,-7111,PITT,rush_attempts,1.0,ESPN_PUBLIC_BOX_SCORE
ESPNHIST-07631db230b36985e882dc5d,2026-09-19T17:39:56.545928+00:00,NCAA_Football,ESPN-401858225,401858225,2026-09-17T23:30Z, Team,-7111,PITT,rush_yards,-2.0,ESPN_PUBLIC_BOX_SCORE
ESPNHIST-9f6ec7df1185c61ea47004b7,2026-09-19T17:39:56.545928+00:00,NCAA_Football,ESPN-401858225,401858225,2026-09-17T23:30Z, Team,-7111,PITT,rush_tds,0.0,ESPN_PUBLIC_BOX_SCORE
ESPNHIST-c03b99a19f7731d7be7ae5f7,2026-09-19T17:39:56.545928+00:00,NCAA_Football,ESPN-401858225,401858225,2026-09-17T23:30Z,Carson Kent,5083135,PITT,receptions,2.0,ESPN_PUBLIC_BOX_SCORE
ESPNHIST-253bea6a52f4a5949de0eeff,2026-09-19T17:39:56.545928+00:00,NCAA_Football,ESPN-401858225,401858225,2026-09-17T23:30Z,Carson Kent,5083135,PITT,receiving_yards,63.0,ESPN_PUBLIC_BOX_SCORE
ESPNHIST-af525e7a9a274044d7035214,2026-09-19T17:39:56.545928+00:00,NCAA_Football,ESPN-401858225,401858225,2026-09-17T23:30Z,Carson Kent,5083135,PITT,receiving_tds,0.0,ESPN_PUBLIC_BOX_SCORE
ESPNHIST-e686b513d161067cb7716f77,2026-09-19T17:39:56.545928+00:00,NCAA_Football,ESPN-401858225,401858225,2026-09-17T23:30Z,Bryce Yates,5210164,PITT,receptions,3.0,ESPN_PUBLIC_BOX_SCORE
ESPNHIST-e1621bd113de9829c483127e,2026-09-19T17:39:56.545928+00:00,NCAA_Football,ESPN-401858225,401858225,2026-09-17T23:30Z,Bryce Yates,5210164,PITT,receiving_yards,36.0,ESPN_PUBLIC_BOX_SCORE
ESPNHIST-55b2b091c4c1630a0442963d,2026-09-19T17:39:56.545928+00:00,NCAA_Football,ESPN-401858225,401858225,2026-09-17T23:30Z,Bryce Yates,5210164,PITT,receiving_tds,0.0,ESPN_PUBLIC_BOX_SCORE
ESPNHIST-10d08101c4d6f3504c5c453b,2026-09-19T17:39:56.545928+00:00,NCAA_Football,ESPN-401858225,401858225,2026-09-17T23:30Z,Censere Lee,5089539,PITT,receptions,1.0,ESPN_PUBLIC_BOX_SCORE
ESPNHIST-719b1e63098f1c2e66a8635d,2026-09-19T17:39:56.545928+00:00,NCAA_Football,ESPN-401858225,401858225,2026-09-17T23:30Z,Censere Lee,5089539,PITT,receiving_yards,9.0,ESPN_PUBLIC_BOX_SCORE
ESPNHIST-016934c401820584b3f2425e,2026-09-19T17:39:56.545928+00:00,NCAA_Football,ESPN-401858225,401858225,2026-09-17T23:30Z,Censere Lee,5089539,PITT,receiving_tds,0.0,ESPN_PUBLIC_BOX_SCORE
ESPNHIST-d611d907e2cac281ef74e90b,2026-09-19T17:39:56.545928+00:00,NCAA_Football,ESPN-401858225,401858225,2026-09-17T23:30Z,Cataurus Hicks,5102556,PITT,receptions,1.0,ESPN_PUBLIC_BOX_SCORE
ESPNHIST-b0af874fee6ddb33545b7b67,2026-09-19T17:39:56.545928+00:00,NCAA_Football,ESPN-401858225,401858225,2026-09-17T23:30Z,Cataurus Hicks,5102556,PITT,receiving_yards,8.0,ESPN_PUBLIC_BOX_SCORE
ESPNHIST-85681f4c84e1708a7d3f91e9,2026-09-19T17:39:56.545928+00:00,NCAA_Football,ESPN-401858225,401858225,2026-09-17T23:30Z,Cataurus Hicks,5102556,PITT,receiving_tds,0.0,ESPN_PUBLIC_BOX_SCORE
ESPNHIST-85e4f5dea9878696e5b6c0b2,2026-09-19T17:39:56.545928+00:00,NCAA_Football,ESPN-401858225,401858225,2026-09-17T23:30Z,La'Vell Wright,4683234,PITT,receptions,1.0,ESPN_PUBLIC_BOX_SCORE
ESPNHIST-4ad85fdfd21f5430c9b67845,2026-09-19T17:39:56.545928+00:00,NCAA_Football,ESPN-401858225,401858225,2026-09-17T23:30Z,La'Vell Wright,4683234,PITT,receiving_yards,5.0,ESPN_PUBLIC_BOX_SCORE
ESPNHIST-aa4efd8a893b8636e9f2788b,2026-09-19T17:39:56.545928+00:00,NCAA_Football,ESPN-401858225,401858225,2026-09-17T23:30Z,La'Vell Wright,4683234,PITT,receiving_tds,0.0,ESPN_PUBLIC_BOX_SCORE
ESPNHIST-a8279773d5d881cf0ef6815a,2026-09-19T17:39:56.545928+00:00,NCAA_Football,ESPN-401858225,401858225,2026-09-17T23:30Z,Damon Ferguson Jr.,5158978,PITT,receptions,2.0,ESPN_PUBLIC_BOX_SCORE
ESPNHIST-5ed47e700cb434c8111e6e25,2026-09-19T17:39:56.545928+00:00,NCAA_Football,ESPN-401858225,401858225,2026-09-17T23:30Z,Damon Ferguson Jr.,5158978,PITT,receiving_yards,2.0,ESPN_PUBLIC_BOX_SCORE
ESPNHIST-424b5d66bec45bb539bd8f8e,2026-09-19T17:39:56.545928+00:00,NCAA_Football,ESPN-401858225,401858225,2026-09-17T23:30Z,Damon Ferguson Jr.,5158978,PITT,receiving_tds,0.0,ESPN_PUBLIC_BOX_SCORE
ESPNHIST-24b90edc51ce9888b760916f,2026-09-19T17:39:56.545928+00:00,NCAA_Football,ESPN-401858225,401858225,2026-09-17T23:30Z,Antonio Chadha,5092428,PITT,points,9.0,ESPN_PUBLIC_BOX_SCORE
ESPNHIST-eaa0329ddcc0278720d06050,2026-09-19T17:39:56.545928+00:00,WNBA,ESPN-401857195,401857195,2026-09-18T23:30Z,Makayla Timpson,4433546,IND,minutes,14.0,ESPN_PUBLIC_BOX_SCORE
ESPNHIST-e43ee7d73e290cbd87584b8f,2026-09-19T17:39:56.545928+00:00,WNBA,ESPN-401857195,401857195,2026-09-18T23:30Z,Makayla Timpson,4433546,IND,points,4.0,ESPN_PUBLIC_BOX_SCORE
ESPNHIST-38a3be290ac5ae19c515351b,2026-09-19T17:39:56.545928+00:00,WNBA,ESPN-401857195,401857195,2026-09-18T23:30Z,Makayla Timpson,4433546,IND,rebounds,4.0,ESPN_PUBLIC_BOX_SCORE
ESPNHIST-204896e0197078b7e82e827a,2026-09-19T17:39:56.545928+00:00,WNBA,ESPN-401857195,401857195,2026-09-18T23:30Z,Makayla Timpson,4433546,IND,assists,1.0,ESPN_PUBLIC_BOX_SCORE
ESPNHIST-96d61180024c9fe9754d25df,2026-09-19T17:39:56.545928+00:00,WNBA,ESPN-401857195,401857195,2026-09-18T23:30Z,Makayla Timpson,4433546,IND,turnovers,1.0,ESPN_PUBLIC_BOX_SCORE
ESPNHIST-c02eb1cb3968d232edf7eadc,2026-09-19T17:39:56.545928+00:00,WNBA,ESPN-401857195,401857195,2026-09-18T23:30Z,Makayla Timpson,4433546,IND,steals,0.0,ESPN_PUBLIC_BOX_SCORE
ESPNHIST-85ee737b425a7b78ede16694,2026-09-19T17:39:56.545928+00:00,WNBA,ESPN-401857195,401857195,2026-09-18T23:30Z,Makayla Timpson,4433546,IND,blocks,2.0,ESPN_PUBLIC_BOX_SCORE
ESPNHIST-57483255988869e58356c3b5,2026-09-19T17:39:56.545928+00:00,WNBA,ESPN-401857195,401857195,2026-09-18T23:30Z,Aliyah Boston,4432831,IND,minutes,28.0,ESPN_PUBLIC_BOX_SCORE
ESPNHIST-59cb92b52021a9bbbbe7c52e,2026-09-19T17:39:56.545928+00:00,WNBA,ESPN-401857195,401857195,2026-09-18T23:30Z,Aliyah Boston,4432831,IND,points,8.0,ESPN_PUBLIC_BOX_SCORE
ESPNHIST-f64b02df39383c8efea73161,2026-09-19T17:39:56.545928+00:00,WNBA,ESPN-401857195,401857195,2026-09-18T23:30Z,Aliyah Boston,4432831,IND,rebounds,5.0,ESPN_PUBLIC_BOX_SCORE
ESPNHIST-4b0db2999133e12b3842ba85,2026-09-19T17:39:56.545928+00:00,WNBA,ESPN-401857195,401857195,2026-09-18T23:30Z,Aliyah Boston,4432831,IND,assists,3.0,ESPN_PUBLIC_BOX_SCORE
ESPNHIST-af0a388118f32373b4508aca,2026-09-19T17:39:56.545928+00:00,WNBA,ESPN-401857195,401857195,2026-09-18T23:30Z,Aliyah Boston,4432831,IND,turnovers,3.0,ESPN_PUBLIC_BOX_SCORE
ESPNHIST-1f45fa0102209a1846b797ea,2026-09-19T17:39:56.545928+00:00,WNBA,ESPN-401857195,401857195,2026-09-18T23:30Z,Aliyah Boston,4432831,IND,steals,3.0,ESPN_PUBLIC_BOX_SCORE
ESPNHIST-3f967baeba5e412a6ff34744,2026-09-19T17:39:56.545928+00:00,WNBA,ESPN-401857195,401857195,2026-09-18T23:30Z,Aliyah Boston,4432831,IND,blocks,2.0,ESPN_PUBLIC_BOX_SCORE
ESPNHIST-6080246856db661281e198d6,2026-09-19T17:39:56.545928+00:00,WNBA,ESPN-401857195,401857195,2026-09-18T23:30Z,Kelsey Mitchell,3142191,IND,minutes,33.0,ESPN_PUBLIC_BOX_SCORE
ESPNHIST-318af7d88f7f20e5a18affb9,2026-09-19T17:39:56.545928+00:00,WNBA,ESPN-401857195,401857195,2026-09-18T23:30Z,Kelsey Mitchell,3142191,IND,points,33.0,ESPN_PUBLIC_BOX_SCORE
ESPNHIST-64c089c6f3372b2662debda0,2026-09-19T17:39:56.545928+00:00,WNBA,ESPN-401857195,401857195,2026-09-18T23:30Z,Kelsey Mitchell,3142191,IND,rebounds,2.0,ESPN_PUBLIC_BOX_SCORE
ESPNHIST-0a2428f787a60c64eb49d4ec,2026-09-19T17:39:56.545928+00:00,WNBA,ESPN-401857195,401857195,2026-09-18T23:30Z,Kelsey Mitchell,3142191,IND,assists,2.0,ESPN_PUBLIC_BOX_SCORE
ESPNHIST-46072da0c9de406fa5ab4671,2026-09-19T17:39:56.545928+00:00,WNBA,ESPN-401857195,401857195,2026-09-18T23:30Z,Kelsey Mitchell,3142191,IND,turnovers,0.0,ESPN_PUBLIC_BOX_SCORE
ESPNHIST-355b7e92895de2c166eb2cfc,2026-09-19T17:39:56.545928+00:00,WNBA,ESPN-401857195,401857195,2026-09-18T23:30Z,Kelsey Mitchell,3142191,IND,steals,2.0,ESPN_PUBLIC_BOX_SCORE
ESPNHIST-95823bcadc999bd3bf19d9b8,2026-09-19T17:39:56.545928+00:00,WNBA,ESPN-401857195,401857195,2026-09-18T23:30Z,Kelsey Mitchell,3142191,IND,blocks,0.0,ESPN_PUBLIC_BOX_SCORE
ESPNHIST-a57aaef2791e9279ccd04469,2026-09-19T17:39:56.545928+00:00,WNBA,ESPN-401857195,401857195,2026-09-18T23:30Z,Lexie Hull,4398829,IND,minutes,13.0,ESPN_PUBLIC_BOX_SCORE
ESPNHIST-7a7b7dfe220c45ce0f9d3ea7,2026-09-19T17:39:56.545928+00:00,WNBA,ESPN-401857195,401857195,2026-09-18T23:30Z,Lexie Hull,4398829,IND,points,5.0,ESPN_PUBLIC_BOX_SCORE
ESPNHIST-23816fdcb863a4b23a82fb8d,2026-09-19T17:39:56.545928+00:00,WNBA,ESPN-401857195,401857195,2026-09-18T23:30Z,Lexie Hull,4398829,IND,rebounds,1.0,ESPN_PUBLIC_BOX_SCORE
ESPNHIST-e385367f55c485b40703dc59,2026-09-19T17:39:56.545928+00:00,WNBA,ESPN-401857195,401857195,2026-09-18T23:30Z,Lexie Hull,4398829,IND,assists,1.0,ESPN_PUBLIC_BOX_SCORE
ESPNHIST-91e0b9c202dce04adbee9a4d,2026-09-19T17:39:56.545928+00:00,WNBA,ESPN-401857195,401857195,2026-09-18T23:30Z,Lexie Hull,4398829,IND,turnovers,0.0,ESPN_PUBLIC_BOX_SCORE
ESPNHIST-cff8139eaa8e3edb7cb43330,2026-09-19T17:39:56.545928+00:00,WNBA,ESPN-401857195,401857195,2026-09-18T23:30Z,Lexie Hull,4398829,IND,steals,0.0,ESPN_PUBLIC_BOX_SCORE
ESPNHIST-ba14c9808fd83cbc4a8c4958,2026-09-19T17:39:56.545928+00:00,WNBA,ESPN-401857195,401857195,2026-09-18T23:30Z,Lexie Hull,4398829,IND,blocks,0.0,ESPN_PUBLIC_BOX_SCORE
ESPNHIST-71ccf57b9835188c97dfaed0,2026-09-19T17:39:56.545928+00:00,WNBA,ESPN-401857195,401857195,2026-09-18T23:30Z,Caitlin Clark,4433403,IND,minutes,34.0,ESPN_PUBLIC_BOX_SCORE
ESPNHIST-b9e2befa0152919936e91f99,2026-09-19T17:39:56.545928+00:00,WNBA,ESPN-401857195,401857195,2026-09-18T23:30Z,Caitlin Clark,4433403,IND,points,28.0,ESPN_PUBLIC_BOX_SCORE
ESPNHIST-bd3e10582b19bb84928c699d,2026-09-19T17:39:56.545928+00:00,WNBA,ESPN-401857195,401857195,2026-09-18T23:30Z,Caitlin Clark,4433403,IND,rebounds,6.0,ESPN_PUBLIC_BOX_SCORE
ESPNHIST-0bcd94e0ac8fa0b4eb263fb4,2026-09-19T17:39:56.545928+00:00,WNBA,ESPN-401857195,401857195,2026-09-18T23:30Z,Caitlin Clark,4433403,IND,assists,14.0,ESPN_PUBLIC_BOX_SCORE
ESPNHIST-5d975b5c9d64355302caf69d,2026-09-19T17:39:56.545928+00:00,WNBA,ESPN-401857195,401857195,2026-09-18T23:30Z,Caitlin Clark,4433403,IND,turnovers,6.0,ESPN_PUBLIC_BOX_SCORE
ESPNHIST-3975b9acc2d5d5d97e4e12d0,2026-09-19T17:39:56.545928+00:00,WNBA,ESPN-401857195,401857195,2026-09-18T23:30Z,Caitlin Clark,4433403,IND,steals,0.0,ESPN_PUBLIC_BOX_SCORE
ESPNHIST-e4dd78f88cc5ad4fd1aea9a9,2026-09-19T17:39:56.545928+00:00,WNBA,ESPN-401857195,401857195,2026-09-18T23:30Z,Caitlin Clark,4433403,IND,blocks,0.0,ESPN_PUBLIC_BOX_SCORE
ESPNHIST-4884e535dfb91270e9218f25,2026-09-19T17:39:56.545928+00:00,WNBA,ESPN-401857195,401857195,2026-09-18T23:30Z,Myisha Hines-Allen,3142055,IND,minutes,18.0,ESPN_PUBLIC_BOX_SCORE
ESPNHIST-6b7dd983436104c99d506092,2026-09-19T17:39:56.545928+00:00,WNBA,ESPN-401857195,401857195,2026-09-18T23:30Z,Myisha Hines-Allen,3142055,IND,points,9.0,ESPN_PUBLIC_BOX_SCORE
ESPNHIST-d408563b3f22a9cb7b747ee9,2026-09-19T17:39:56.545928+00:00,WNBA,ESPN-401857195,401857195,2026-09-18T23:30Z,Myisha Hines-Allen,3142055,IND,rebounds,7.0,ESPN_PUBLIC_BOX_SCORE
ESPNHIST-a867ff5613b1e54d5c7f7094,2026-09-19T17:39:56.545928+00:00,WNBA,ESPN-401857195,401857195,2026-09-18T23:30Z,Myisha Hines-Allen,3142055,IND,assists,1.0,ESPN_PUBLIC_BOX_SCORE
ESPNHIST-b576c3488d1e54525fa65048,2026-09-19T17:39:56.545928+00:00,WNBA,ESPN-401857195,401857195,2026-09-18T23:30Z,Myisha Hines-Allen,3142055,IND,turnovers,0.0,ESPN_PUBLIC_BOX_SCORE
ESPNHIST-df36d5e5a1d24d4ce6f94ee8,2026-09-19T17:39:56.545928+00:00,WNBA,ESPN-401857195,401857195,2026-09-18T23:30Z,Myisha Hines-Allen,3142055,IND,steals,0.0,ESPN_PUBLIC_BOX_SCORE
ESPNHIST-65a583961287b09db0ff95e2,2026-09-19T17:39:56.545928+00:00,WNBA,ESPN-401857195,401857195,2026-09-18T23:30Z,Myisha Hines-Allen,3142055,IND,blocks,1.0,ESPN_PUBLIC_BOX_SCORE
ESPNHIST-08dbea5b8ef840da8b00bc29,2026-09-19T17:39:56.545928+00:00,WNBA,ESPN-401857195,401857195,2026-09-18T23:30Z,Monique Billings,3142255,IND,minutes,4.0,ESPN_PUBLIC_BOX_SCORE
ESPNHIST-71eb15e3ef1b4a1d02a4d49b,2026-09-19T17:39:56.545928+00:00,WNBA,ESPN-401857195,401857195,2026-09-18T23:30Z,Monique Billings,3142255,IND,points,0.0,ESPN_PUBLIC_BOX_SCORE
ESPNHIST-0f33cde7a67f471b235c29f5,2026-09-19T17:39:56.545928+00:00,WNBA,ESPN-401857195,401857195,2026-09-18T23:30Z,Monique Billings,3142255,IND,rebounds,0.0,ESPN_PUBLIC_BOX_SCORE
ESPNHIST-dfbd08466bee3a5263d36f3f,2026-09-19T17:39:56.545928+00:00,WNBA,ESPN-401857195,401857195,2026-09-18T23:30Z,Monique Billings,3142255,IND,assists,0.0,ESPN_PUBLIC_BOX_SCORE
ESPNHIST-fdfb238168549783b6a8b8f1,2026-09-19T17:39:56.545928+00:00,WNBA,ESPN-401857195,401857195,2026-09-18T23:30Z,Monique Billings,3142255,IND,turnovers,0.0,ESPN_PUBLIC_BOX_SCORE
ESPNHIST-5e5e04be47218a79da64f64b,2026-09-19T17:39:56.545928+00:00,WNBA,ESPN-401857195,401857195,2026-09-18T23:30Z,Monique Billings,3142255,IND,steals,0.0,ESPN_PUBLIC_BOX_SCORE
ESPNHIST-537e1f60ed2daa2d0705a347,2026-09-19T17:39:56.545928+00:00,WNBA,ESPN-401857195,401857195,2026-09-18T23:30Z,Monique Billings,3142255,IND,blocks,0.0,ESPN_PUBLIC_BOX_SCORE
ESPNHIST-9dd13c69ec0e0a2e043bdfaf,2026-09-19T17:39:56.545928+00:00,WNBA,ESPN-401857195,401857195,2026-09-18T23:30Z,Mercedes Russell,3056672,IND,minutes,16.0,ESPN_PUBLIC_BOX_SCORE
ESPNHIST-9841abb123b0553758ce15c9,2026-09-19T17:39:56.545928+00:00,WNBA,ESPN-401857195,401857195,2026-09-18T23:30Z,Mercedes Russell,3056672,IND,points,3.0,ESPN_PUBLIC_BOX_SCORE
ESPNHIST-3cdaf9f763b58cc6bff4102a,2026-09-19T17:39:56.545928+00:00,WNBA,ESPN-401857195,401857195,2026-09-18T23:30Z,Mercedes Russell,3056672,IND,rebounds,1.0,ESPN_PUBLIC_BOX_SCORE
ESPNHIST-db37172992c33ee9d8de8387,2026-09-19T17:39:56.545928+00:00,WNBA,ESPN-401857195,401857195,2026-09-18T23:30Z,Mercedes Russell,3056672,IND,assists,0.0,ESPN_PUBLIC_BOX_SCORE
ESPNHIST-be51fb898dadf984e910258b,2026-09-19T17:39:56.545928+00:00,WNBA,ESPN-401857195,401857195,2026-09-18T23:30Z,Mercedes Russell,3056672,IND,turnovers,0.0,ESPN_PUBLIC_BOX_SCORE
ESPNHIST-7d3d6a9548a255479c732288,2026-09-19T17:39:56.545928+00:00,WNBA,ESPN-401857195,401857195,2026-09-18T23:30Z,Mercedes Russell,3056672,IND,steals,2.0,ESPN_PUBLIC_BOX_SCORE
ESPNHIST-541a87eeb9757da03b5eae0f,2026-09-19T17:39:56.545928+00:00,WNBA,ESPN-401857195,401857195,2026-09-18T23:30Z,Mercedes Russell,3056672,IND,blocks,0.0,ESPN_PUBLIC_BOX_SCORE
ESPNHIST-d567d2534476d6763b05ce8e,2026-09-19T17:39:56.545928+00:00,WNBA,ESPN-401857195,401857195,2026-09-18T23:30Z,Sophie Cunningham,3907781,IND,minutes,20.0,ESPN_PUBLIC_BOX_SCORE
ESPNHIST-aaccd120b2c01f091a1ae5d1,2026-09-19T17:39:56.545928+00:00,WNBA,ESPN-401857195,401857195,2026-09-18T23:30Z,Sophie Cunningham,3907781,IND,points,5.0,ESPN_PUBLIC_BOX_SCORE
ESPNHIST-5cba812a2e3f77eab4afe55b,2026-09-19T17:39:56.545928+00:00,WNBA,ESPN-401857195,401857195,2026-09-18T23:30Z,Sophie Cunningham,3907781,IND,rebounds,4.0,ESPN_PUBLIC_BOX_SCORE
ESPNHIST-e2b96adb1b550dc9f0179c87,2026-09-19T17:39:56.545928+00:00,WNBA,ESPN-401857195,401857195,2026-09-18T23:30Z,Sophie Cunningham,3907781,IND,assists,1.0,ESPN_PUBLIC_BOX_SCORE
ESPNHIST-30158aa51eb35b0a7fef640d,2026-09-19T17:39:56.545928+00:00,WNBA,ESPN-401857195,401857195,2026-09-18T23:30Z,Sophie Cunningham,3907781,IND,turnovers,0.0,ESPN_PUBLIC_BOX_SCORE
ESPNHIST-774954f140ee7dbacdda4dd3,2026-09-19T17:39:56.545928+00:00,WNBA,ESPN-401857195,401857195,2026-09-18T23:30Z,Sophie Cunningham,3907781,IND,steals,1.0,ESPN_PUBLIC_BOX_SCORE
ESPNHIST-dc6687d4a89626a8e2fb92af,2026-09-19T17:39:56.545928+00:00,WNBA,ESPN-401857195,401857195,2026-09-18T23:30Z,Sophie Cunningham,3907781,IND,blocks,0.0,ESPN_PUBLIC_BOX_SCORE
ESPNHIST-52d9998bcb7f0961a7719a7e,2026-09-19T17:39:56.545928+00:00,WNBA,ESPN-401857195,401857195,2026-09-18T23:30Z,Tyasha Harris,4065760,IND,minutes,13.0,ESPN_PUBLIC_BOX_SCORE
ESPNHIST-d1abddcab17721c771d26fa7,2026-09-19T17:39:56.545928+00:00,WNBA,ESPN-401857195,401857195,2026-09-18T23:30Z,Tyasha Harris,4065760,IND,points,7.0,ESPN_PUBLIC_BOX_SCORE
ESPNHIST-935f4bb6bfffdfc2c382c338,2026-09-19T17:39:56.545928+00:00,WNBA,ESPN-401857195,401857195,2026-09-18T23:30Z,Tyasha Harris,4065760,IND,rebounds,0.0,ESPN_PUBLIC_BOX_SCORE
ESPNHIST-7e60d0ac89421f123d8c7aa1,2026-09-19T17:39:56.545928+00:00,WNBA,ESPN-401857195,401857195,2026-09-18T23:30Z,Tyasha Harris,4065760,IND,assists,3.0,ESPN_PUBLIC_BOX_SCORE
ESPNHIST-ec7e1b4e04ddb85f6458852f,2026-09-19T17:39:56.545928+00:00,WNBA,ESPN-401857195,401857195,2026-09-18T23:30Z,Tyasha Harris,4065760,IND,turnovers,0.0,ESPN_PUBLIC_BOX_SCORE
ESPNHIST-cb6fa3df82c34f84c102e18e,2026-09-19T17:39:56.545928+00:00,WNBA,ESPN-401857195,401857195,2026-09-18T23:30Z,Tyasha Harris,4065760,IND,steals,0.0,ESPN_PUBLIC_BOX_SCORE
ESPNHIST-b3df19c4d6cc1ec65b12ce92,2026-09-19T17:39:56.545928+00:00,WNBA,ESPN-401857195,401857195,2026-09-18T23:30Z,Tyasha Harris,4065760,IND,blocks,0.0,ESPN_PUBLIC_BOX_SCORE
ESPNHIST-731a583cee532526ab6032d9,2026-09-19T17:39:56.545928+00:00,WNBA,ESPN-401857195,401857195,2026-09-18T23:30Z,Raven Johnson,4433797,IND,minutes,7.0,ESPN_PUBLIC_BOX_SCORE
ESPNHIST-9b369cc4f180ba7a36c139ad,2026-09-19T17:39:56.545928+00:00,WNBA,ESPN-401857195,401857195,2026-09-18T23:30Z,Raven Johnson,4433797,IND,points,1.0,ESPN_PUBLIC_BOX_SCORE
ESPNHIST-6415f811a42496258bec0514,2026-09-19T17:39:56.545928+00:00,WNBA,ESPN-401857195,401857195,2026-09-18T23:30Z,Raven Johnson,4433797,IND,rebounds,0.0,ESPN_PUBLIC_BOX_SCORE
ESPNHIST-a79a9384c140e6ab5b2e3da0,2026-09-19T17:39:56.545928+00:00,WNBA,ESPN-401857195,401857195,2026-09-18T23:30Z,Raven Johnson,4433797,IND,assists,0.0,ESPN_PUBLIC_BOX_SCORE
ESPNHIST-e30f3d6f9eb34247ce3dc238,2026-09-19T17:39:56.545928+00:00,WNBA,ESPN-401857195,401857195,2026-09-18T23:30Z,Raven Johnson,4433797,IND,turnovers,1.0,ESPN_PUBLIC_BOX_SCORE
ESPNHIST-bcdfd0facfde6f256307deca,2026-09-19T17:39:56.545928+00:00,WNBA,ESPN-401857195,401857195,2026-09-18T23:30Z,Raven Johnson,4433797,IND,steals,0.0,ESPN_PUBLIC_BOX_SCORE
ESPNHIST-0f8cdc0b8f7028f09f2e9977,2026-09-19T17:39:56.545928+00:00,WNBA,ESPN-401857195,401857195,2026-09-18T23:30Z,Raven Johnson,4433797,IND,blocks,0.0,ESPN_PUBLIC_BOX_SCORE
ESPNHIST-59411a8452d2d919414daf92,2026-09-19T17:39:56.545928+00:00,WNBA,ESPN-401857195,401857195,2026-09-18T23:30Z,Isabelle Harrison,2566453,TOR,minutes,32.0,ESPN_PUBLIC_BOX_SCORE
ESPNHIST-d022f10dcfbfefc4b28636f6,2026-09-19T17:39:56.545928+00:00,WNBA,ESPN-401857195,401857195,2026-09-18T23:30Z,Isabelle Harrison,2566453,TOR,points,16.0,ESPN_PUBLIC_BOX_SCORE
ESPNHIST-969755e643b33f96d44e64a9,2026-09-19T17:39:56.545928+00:00,WNBA,ESPN-401857195,401857195,2026-09-18T23:30Z,Isabelle Harrison,2566453,TOR,rebounds,9.0,ESPN_PUBLIC_BOX_SCORE
ESPNHIST-fe17ad57a868e0ae4cebef9a,2026-09-19T17:39:56.545928+00:00,WNBA,ESPN-401857195,401857195,2026-09-18T23:30Z,Isabelle Harrison,2566453,TOR,assists,0.0,ESPN_PUBLIC_BOX_SCORE
ESPNHIST-880a0141afaf594ccaa6f5ca,2026-09-19T17:39:56.545928+00:00,WNBA,ESPN-401857195,401857195,2026-09-18T23:30Z,Isabelle Harrison,2566453,TOR,turnovers,0.0,ESPN_PUBLIC_BOX_SCORE
ESPNHIST-579975a6fddf4c5a8ecb7cee,2026-09-19T17:39:56.545928+00:00,WNBA,ESPN-401857195,401857195,2026-09-18T23:30Z,Isabelle Harrison,2566453,TOR,steals,1.0,ESPN_PUBLIC_BOX_SCORE
ESPNHIST-3be9023687fef0222b8211c3,2026-09-19T17:39:56.545928+00:00,WNBA,ESPN-401857195,401857195,2026-09-18T23:30Z,Isabelle Harrison,2566453,TOR,blocks,0.0,ESPN_PUBLIC_BOX_SCORE
ESPNHIST-426d49ac643deb7acbe31bdb,2026-09-19T17:39:56.545928+00:00,WNBA,ESPN-401857195,401857195,2026-09-18T23:30Z,Laura Juskaite,5345444,TOR,minutes,30.0,ESPN_PUBLIC_BOX_SCORE
ESPNHIST-61b335b6c29065a45a3e7bbe,2026-09-19T17:39:56.545928+00:00,WNBA,ESPN-401857195,401857195,2026-09-18T23:30Z,Laura Juskaite,5345444,TOR,points,22.0,ESPN_PUBLIC_BOX_SCORE
ESPNHIST-6d2ed3aa90795865f55ad700,2026-09-19T17:39:56.545928+00:00,WNBA,ESPN-401857195,401857195,2026-09-18T23:30Z,Laura Juskaite,5345444,TOR,rebounds,3.0,ESPN_PUBLIC_BOX_SCORE
ESPNHIST-1fcbc2dddc7a3e9cdee7c223,2026-09-19T17:39:56.545928+00:00,WNBA,ESPN-401857195,401857195,2026-09-18T23:30Z,Laura Juskaite,5345444,TOR,assists,2.0,ESPN_PUBLIC_BOX_SCORE
ESPNHIST-7cc2c19f688b8b8353b524c7,2026-09-19T17:39:56.545928+00:00,WNBA,ESPN-401857195,401857195,2026-09-18T23:30Z,Laura Juskaite,5345444,TOR,turnovers,2.0,ESPN_PUBLIC_BOX_SCORE
ESPNHIST-bdb6ad7c41cd62d6ed382985,2026-09-19T17:39:56.545928+00:00,WNBA,ESPN-401857195,401857195,2026-09-18T23:30Z,Laura Juskaite,5345444,TOR,steals,3.0,ESPN_PUBLIC_BOX_SCORE
ESPNHIST-83632357b38e525705b9bdcc,2026-09-19T17:39:56.545928+00:00,WNBA,ESPN-401857195,401857195,2026-09-18T23:30Z,Laura Juskaite,5345444,TOR,blocks,0.0,ESPN_PUBLIC_BOX_SCORE
ESPNHIST-d291a55099c116c744e203aa,2026-09-19T17:39:56.545928+00:00,WNBA,ESPN-401857195,401857195,2026-09-18T23:30Z,Temi Fagbenle,2569044,TOR,minutes,26.0,ESPN_PUBLIC_BOX_SCORE
ESPNHIST-948717e7cc9db7413180d834,2026-09-19T17:39:56.545928+00:00,WNBA,ESPN-401857195,401857195,2026-09-18T23:30Z,Temi Fagbenle,2569044,TOR,points,16.0,ESPN_PUBLIC_BOX_SCORE
ESPNHIST-a78ce3d5f7182bfd8b6943af,2026-09-19T17:39:56.545928+00:00,WNBA,ESPN-401857195,401857195,2026-09-18T23:30Z,Temi Fagbenle,2569044,TOR,rebounds,5.0,ESPN_PUBLIC_BOX_SCORE
ESPNHIST-20dde681af7fea5cd2c8e580,2026-09-19T17:39:56.545928+00:00,WNBA,ESPN-401857195,401857195,2026-09-18T23:30Z,Temi Fagbenle,2569044,TOR,assists,0.0,ESPN_PUBLIC_BOX_SCORE
ESPNHIST-7d4131c931f6b5559f06a2ac,2026-09-19T17:39:56.545928+00:00,WNBA,ESPN-401857195,401857195,2026-09-18T23:30Z,Temi Fagbenle,2569044,TOR,turnovers,1.0,ESPN_PUBLIC_BOX_SCORE
ESPNHIST-d44313fbde8d5465b6248112,2026-09-19T17:39:56.545928+00:00,WNBA,ESPN-401857195,401857195,2026-09-18T23:30Z,Temi Fagbenle,2569044,TOR,steals,0.0,ESPN_PUBLIC_BOX_SCORE
ESPNHIST-51e38f9a2c6c7d3570c0c591,2026-09-19T17:39:56.545928+00:00,WNBA,ESPN-401857195,401857195,2026-09-18T23:30Z,Temi Fagbenle,2569044,TOR,blocks,1.0,ESPN_PUBLIC_BOX_SCORE
ESPNHIST-80c7f41a10c872dc38bf45e1,2026-09-19T17:39:56.545928+00:00,WNBA,ESPN-401857195,401857195,2026-09-18T23:30Z,Julie Allemand,4001679,TOR,minutes,29.0,ESPN_PUBLIC_BOX_SCORE
ESPNHIST-b6639fda1efb481c2eceecad,2026-09-19T17:39:56.545928+00:00,WNBA,ESPN-401857195,401857195,2026-09-18T23:30Z,Julie Allemand,4001679,TOR,points,5.0,ESPN_PUBLIC_BOX_SCORE
ESPNHIST-b8151525baa71f8f15d7b0f1,2026-09-19T17:39:56.545928+00:00,WNBA,ESPN-401857195,401857195,2026-09-18T23:30Z,Julie Allemand,4001679,TOR,rebounds,4.0,ESPN_PUBLIC_BOX_SCORE
ESPNHIST-9c189a476b882ab55d3d2591,2026-09-19T17:39:56.545928+00:00,WNBA,ESPN-401857195,401857195,2026-09-18T23:30Z,Julie Allemand,4001679,TOR,assists,5.0,ESPN_PUBLIC_BOX_SCORE
ESPNHIST-f3440070bb94bbe37ec73a01,2026-09-19T17:39:56.545928+00:00,WNBA,ESPN-401857195,401857195,2026-09-18T23:30Z,Julie Allemand,4001679,TOR,turnovers,1.0,ESPN_PUBLIC_BOX_SCORE
ESPNHIST-16d67eb365d420dafc03fb21,2026-09-19T17:39:56.545928+00:00,WNBA,ESPN-401857195,401857195,2026-09-18T23:30Z,Julie Allemand,4001679,TOR,steals,2.0,ESPN_PUBLIC_BOX_SCORE
ESPNHIST-e292328118ae99ed6208bafe,2026-09-19T17:39:56.545928+00:00,WNBA,ESPN-401857195,401857195,2026-09-18T23:30Z,Julie Allemand,4001679,TOR,blocks,0.0,ESPN_PUBLIC_BOX_SCORE
ESPNHIST-07b9d2f1783e2cdcf8869307,2026-09-19T17:39:56.545928+00:00,WNBA,ESPN-401857195,401857195,2026-09-18T23:30Z,Kiki Rice,4565505,TOR,minutes,29.0,ESPN_PUBLIC_BOX_SCORE
ESPNHIST-b4491cb3dfadac1b5b0d207c,2026-09-19T17:39:56.545928+00:00,WNBA,ESPN-401857195,401857195,2026-09-18T23:30Z,Kiki Rice,4565505,TOR,points,18.0,ESPN_PUBLIC_BOX_SCORE
ESPNHIST-5e3494f2eb500591a957b382,2026-09-19T17:39:56.545928+00:00,WNBA,ESPN-401857195,401857195,2026-09-18T23:30Z,Kiki Rice,4565505,TOR,rebounds,6.0,ESPN_PUBLIC_BOX_SCORE
ESPNHIST-c1e1dffce86ef6f1e7993634,2026-09-19T17:39:56.545928+00:00,WNBA,ESPN-401857195,401857195,2026-09-18T23:30Z,Kiki Rice,4565505,TOR,assists,5.0,ESPN_PUBLIC_BOX_SCORE
ESPNHIST-dbc3790a0c294d4634185d6d,2026-09-19T17:39:56.545928+00:00,WNBA,ESPN-401857195,401857195,2026-09-18T23:30Z,Kiki Rice,4565505,TOR,turnovers,3.0,ESPN_PUBLIC_BOX_SCORE
ESPNHIST-ab65ab931d1d935109412f25,2026-09-19T17:39:56.545928+00:00,WNBA,ESPN-401857195,401857195,2026-09-18T23:30Z,Kiki Rice,4565505,TOR,steals,0.0,ESPN_PUBLIC_BOX_SCORE
ESPNHIST-380bd3221f8398467ab4ea31,2026-09-19T17:39:56.545928+00:00,WNBA,ESPN-401857195,401857195,2026-09-18T23:30Z,Kiki Rice,4565505,TOR,blocks,0.0,ESPN_PUBLIC_BOX_SCORE
ESPNHIST-cd6f7b484644c999ec26dc80,2026-09-19T17:39:56.545928+00:00,WNBA,ESPN-401857195,401857195,2026-09-18T23:30Z,Teonni Key,4434020,TOR,minutes,20.0,ESPN_PUBLIC_BOX_SCORE
ESPNHIST-4dbccbb6763a2466b83604b4,2026-09-19T17:39:56.545928+00:00,WNBA,ESPN-401857195,401857195,2026-09-18T23:30Z,Teonni Key,4434020,TOR,points,2.0,ESPN_PUBLIC_BOX_SCORE
ESPNHIST-97a05abc054eaac865048711,2026-09-19T17:39:56.545928+00:00,WNBA,ESPN-401857195,401857195,2026-09-18T23:30Z,Teonni Key,4434020,TOR,rebounds,3.0,ESPN_PUBLIC_BOX_SCORE
ESPNHIST-db45a38cc271252ffbaa5d0e,2026-09-19T17:39:56.545928+00:00,WNBA,ESPN-401857195,401857195,2026-09-18T23:30Z,Teonni Key,4434020,TOR,assists,0.0,ESPN_PUBLIC_BOX_SCORE
ESPNHIST-0726a90160d85680051f0687,2026-09-19T17:39:56.545928+00:00,WNBA,ESPN-401857195,401857195,2026-09-18T23:30Z,Teonni Key,4434020,TOR,turnovers,1.0,ESPN_PUBLIC_BOX_SCORE
ESPNHIST-5f1112abf43281315c56da4f,2026-09-19T17:39:56.545928+00:00,WNBA,ESPN-401857195,401857195,2026-09-18T23:30Z,Teonni Key,4434020,TOR,steals,1.0,ESPN_PUBLIC_BOX_SCORE
ESPNHIST-6f039e9803c48aa6e25828a1,2026-09-19T17:39:56.545928+00:00,WNBA,ESPN-401857195,401857195,2026-09-18T23:30Z,Teonni Key,4434020,TOR,blocks,0.0,ESPN_PUBLIC_BOX_SCORE
ESPNHIST-1346fbbfc8858add99f477ea,2026-09-19T17:39:56.545928+00:00,WNBA,ESPN-401857195,401857195,2026-09-18T23:30Z,Kia Nurse,3142327,TOR,minutes,13.0,ESPN_PUBLIC_BOX_SCORE
ESPNHIST-19f3de46b872f9baf7255974,2026-09-19T17:39:56.545928+00:00,WNBA,ESPN-401857195,401857195,2026-09-18T23:30Z,Kia Nurse,3142327,TOR,points,4.0,ESPN_PUBLIC_BOX_SCORE
ESPNHIST-3e222e6fc7d81d7031cfd113,2026-09-19T17:39:56.545928+00:00,WNBA,ESPN-401857195,401857195,2026-09-18T23:30Z,Kia Nurse,3142327,TOR,rebounds,1.0,ESPN_PUBLIC_BOX_SCORE
ESPNHIST-0677a27e9495dbc88c961516,2026-09-19T17:39:56.545928+00:00,WNBA,ESPN-401857195,401857195,2026-09-18T23:30Z,Kia Nurse,3142327,TOR,assists,1.0,ESPN_PUBLIC_BOX_SCORE
ESPNHIST-926241fa5a495e720192aa43,2026-09-19T17:39:56.545928+00:00,WNBA,ESPN-401857195,401857195,2026-09-18T23:30Z,Kia Nurse,3142327,TOR,turnovers,1.0,ESPN_PUBLIC_BOX_SCORE
ESPNHIST-44a8d4c1fafd8bde7c80d2a7,2026-09-19T17:39:56.545928+00:00,WNBA,ESPN-401857195,401857195,2026-09-18T23:30Z,Kia Nurse,3142327,TOR,steals,0.0,ESPN_PUBLIC_BOX_SCORE
ESPNHIST-b94aa603b1eab8b5b0f5784c,2026-09-19T17:39:56.545928+00:00,WNBA,ESPN-401857195,401857195,2026-09-18T23:30Z,Kia Nurse,3142327,TOR,blocks,0.0,ESPN_PUBLIC_BOX_SCORE
ESPNHIST-32b1eed7b13dcfc89ccd95cc,2026-09-19T17:39:56.545928+00:00,WNBA,ESPN-401857195,401857195,2026-09-18T23:30Z,Zaay Green,4398766,TOR,minutes,2.0,ESPN_PUBLIC_BOX_SCORE
ESPNHIST-74b104ab73454cfe0d086e40,2026-09-19T17:39:56.545928+00:00,WNBA,ESPN-401857195,401857195,2026-09-18T23:30Z,Zaay Green,4398766,TOR,points,0.0,ESPN_PUBLIC_BOX_SCORE
ESPNHIST-9c06c2a3330d5aaa7186f1e5,2026-09-19T17:39:56.545928+00:00,WNBA,ESPN-401857195,401857195,2026-09-18T23:30Z,Zaay Green,4398766,TOR,rebounds,0.0,ESPN_PUBLIC_BOX_SCORE
ESPNHIST-f39d496987c5e03e32878eaa,2026-09-19T17:39:56.545928+00:00,WNBA,ESPN-401857195,401857195,2026-09-18T23:30Z,Zaay Green,4398766,TOR,assists,0.0,ESPN_PUBLIC_BOX_SCORE
ESPNHIST-a5342589915cb9e5b14d70d3,2026-09-19T17:39:56.545928+00:00,WNBA,ESPN-401857195,401857195,2026-09-18T23:30Z,Zaay Green,4398766,TOR,turnovers,1.0,ESPN_PUBLIC_BOX_SCORE
ESPNHIST-03098c17c0d5354cb0e474a5,2026-09-19T17:39:56.545928+00:00,WNBA,ESPN-401857195,401857195,2026-09-18T23:30Z,Zaay Green,4398766,TOR,steals,0.0,ESPN_PUBLIC_BOX_SCORE
ESPNHIST-3ad369ae0e9aacd42ae06476,2026-09-19T17:39:56.545928+00:00,WNBA,ESPN-401857195,401857195,2026-09-18T23:30Z,Zaay Green,4398766,TOR,blocks,0.0,ESPN_PUBLIC_BOX_SCORE
ESPNHIST-f75c7e3438e902f6ca9de723,2026-09-19T17:39:56.545928+00:00,WNBA,ESPN-401857195,401857195,2026-09-18T23:30Z,Ornella Bankole,5364343,TOR,minutes,20.0,ESPN_PUBLIC_BOX_SCORE
ESPNHIST-7a90304fe926cca7c6e85365,2026-09-19T17:39:56.545928+00:00,WNBA,ESPN-401857195,401857195,2026-09-18T23:30Z,Ornella Bankole,5364343,TOR,points,2.0,ESPN_PUBLIC_BOX_SCORE
ESPNHIST-59cd7ae5927ef86a511c0e7c,2026-09-19T17:39:56.545928+00:00,WNBA,ESPN-401857195,401857195,2026-09-18T23:30Z,Ornella Bankole,5364343,TOR,rebounds,3.0,ESPN_PUBLIC_BOX_SCORE
ESPNHIST-1de7d212695b8ca4ed842c10,2026-09-19T17:39:56.545928+00:00,WNBA,ESPN-401857195,401857195,2026-09-18T23:30Z,Ornella Bankole,5364343,TOR,assists,3.0,ESPN_PUBLIC_BOX_SCORE
ESPNHIST-c0213dddb3f1afb7c6069722,2026-09-19T17:39:56.545928+00:00,WNBA,ESPN-401857195,401857195,2026-09-18T23:30Z,Ornella Bankole,5364343,TOR,turnovers,2.0,ESPN_PUBLIC_BOX_SCORE
ESPNHIST-466ebab06bb511a35443fe91,2026-09-19T17:39:56.545928+00:00,WNBA,ESPN-401857195,401857195,2026-09-18T23:30Z,Ornella Bankole,5364343,TOR,steals,0.0,ESPN_PUBLIC_BOX_SCORE
ESPNHIST-8e57aa6452271a99bf7085bd,2026-09-19T17:39:56.545928+00:00,WNBA,ESPN-401857195,401857195,2026-09-18T23:30Z,Ornella Bankole,5364343,TOR,blocks,0.0,ESPN_PUBLIC_BOX_SCORE
ESPNHIST-30756e1d67578ad307f162c8,2026-09-19T17:39:56.545928+00:00,WNBA,ESPN-401857196,401857196,2026-09-18T23:30Z,Breanna Stewart,2998928,NY,minutes,38.0,ESPN_PUBLIC_BOX_SCORE
ESPNHIST-cd7cab2d504c20cf09889d0e,2026-09-19T17:39:56.545928+00:00,WNBA,ESPN-401857196,401857196,2026-09-18T23:30Z,Breanna Stewart,2998928,NY,points,24.0,ESPN_PUBLIC_BOX_SCORE
ESPNHIST-9bcdc32c4e0c6e1b3b5798be,2026-09-19T17:39:56.545928+00:00,WNBA,ESPN-401857196,401857196,2026-09-18T23:30Z,Breanna Stewart,2998928,NY,rebounds,10.0,ESPN_PUBLIC_BOX_SCORE
ESPNHIST-94bd6213b649caeb7b3fd178,2026-09-19T17:39:56.545928+00:00,WNBA,ESPN-401857196,401857196,2026-09-18T23:30Z,Breanna Stewart,2998928,NY,assists,4.0,ESPN_PUBLIC_BOX_SCORE
ESPNHIST-f82d51ab4ad532e9730f48d8,2026-09-19T17:39:56.545928+00:00,WNBA,ESPN-401857196,401857196,2026-09-18T23:30Z,Breanna Stewart,2998928,NY,turnovers,0.0,ESPN_PUBLIC_BOX_SCORE
ESPNHIST-997038b95b169aedc931f46f,2026-09-19T17:39:56.545928+00:00,WNBA,ESPN-401857196,401857196,2026-09-18T23:30Z,Breanna Stewart,2998928,NY,steals,3.0,ESPN_PUBLIC_BOX_SCORE
ESPNHIST-bb885dfd8bc5ead3c3bb0045,2026-09-19T17:39:56.545928+00:00,WNBA,ESPN-401857196,401857196,2026-09-18T23:30Z,Breanna Stewart,2998928,NY,blocks,0.0,ESPN_PUBLIC_BOX_SCORE
ESPNHIST-6c0faebd66fe575c2412dd0d,2026-09-19T17:39:56.545928+00:00,WNBA,ESPN-401857196,401857196,2026-09-18T23:30Z,Leonie Fiebich,4683006,NY,minutes,28.0,ESPN_PUBLIC_BOX_SCORE
ESPNHIST-da76ca2b2ef1423753b6b83a,2026-09-19T17:39:56.545928+00:00,WNBA,ESPN-401857196,401857196,2026-09-18T23:30Z,Leonie Fiebich,4683006,NY,points,3.0,ESPN_PUBLIC_BOX_SCORE
ESPNHIST-af27e0c5390391e51d11cdc1,2026-09-19T17:39:56.545928+00:00,WNBA,ESPN-401857196,401857196,2026-09-18T23:30Z,Leonie Fiebich,4683006,NY,rebounds,5.0,ESPN_PUBLIC_BOX_SCORE
ESPNHIST-37cfca5b3b6e92182e4266b7,2026-09-19T17:39:56.545928+00:00,WNBA,ESPN-401857196,401857196,2026-09-18T23:30Z,Leonie Fiebich,4683006,NY,assists,2.0,ESPN_PUBLIC_BOX_SCORE
ESPNHIST-b592fd311dbbee7aab353575,2026-09-19T17:39:56.545928+00:00,WNBA,ESPN-401857196,401857196,2026-09-18T23:30Z,Leonie Fiebich,4683006,NY,turnovers,2.0,ESPN_PUBLIC_BOX_SCORE
ESPNHIST-25a2e7fb3056fecd504663c2,2026-09-19T17:39:56.545928+00:00,WNBA,ESPN-401857196,401857196,2026-09-18T23:30Z,Leonie Fiebich,4683006,NY,steals,4.0,ESPN_PUBLIC_BOX_SCORE
ESPNHIST-bd058093b52fef2cc9e207ad,2026-09-19T17:39:56.545928+00:00,WNBA,ESPN-401857196,401857196,2026-09-18T23:30Z,Leonie Fiebich,4683006,NY,blocks,0.0,ESPN_PUBLIC_BOX_SCORE
ESPNHIST-2561380fd2d79be168f6feba,2026-09-19T17:39:56.545928+00:00,WNBA,ESPN-401857196,401857196,2026-09-18T23:30Z,Jonquel Jones,2999101,NY,minutes,30.0,ESPN_PUBLIC_BOX_SCORE
ESPNHIST-7ac14f065d016f66f9836cd2,2026-09-19T17:39:56.545928+00:00,WNBA,ESPN-401857196,401857196,2026-09-18T23:30Z,Jonquel Jones,2999101,NY,points,18.0,ESPN_PUBLIC_BOX_SCORE
ESPNHIST-7577a8b6fcedb328d4c8a120,2026-09-19T17:39:56.545928+00:00,WNBA,ESPN-401857196,401857196,2026-09-18T23:30Z,Jonquel Jones,2999101,NY,rebounds,10.0,ESPN_PUBLIC_BOX_SCORE
ESPNHIST-c90ab9cce9021cdb851c7026,2026-09-19T17:39:56.545928+00:00,WNBA,ESPN-401857196,401857196,2026-09-18T23:30Z,Jonquel Jones,2999101,NY,assists,0.0,ESPN_PUBLIC_BOX_SCORE
ESPNHIST-3d328f431c7b41e1740e0098,2026-09-19T17:39:56.545928+00:00,WNBA,ESPN-401857196,401857196,2026-09-18T23:30Z,Jonquel Jones,2999101,NY,turnovers,4.0,ESPN_PUBLIC_BOX_SCORE
ESPNHIST-31e34996ccb2bf00560e9f56,2026-09-19T17:39:56.545928+00:00,WNBA,ESPN-401857196,401857196,2026-09-18T23:30Z,Jonquel Jones,2999101,NY,steals,1.0,ESPN_PUBLIC_BOX_SCORE
ESPNHIST-a567480597ecc23efbe80bd7,2026-09-19T17:39:56.545928+00:00,WNBA,ESPN-401857196,401857196,2026-09-18T23:30Z,Jonquel Jones,2999101,NY,blocks,2.0,ESPN_PUBLIC_BOX_SCORE
ESPNHIST-60a61694d2fcd3fd7d26f8d7,2026-09-19T17:39:56.545928+00:00,WNBA,ESPN-401857196,401857196,2026-09-18T23:30Z,Sabrina Ionescu,4066533,NY,minutes,30.0,ESPN_PUBLIC_BOX_SCORE
ESPNHIST-7b51c0b446ab445abb855df9,2026-09-19T17:39:56.545928+00:00,WNBA,ESPN-401857196,401857196,2026-09-18T23:30Z,Sabrina Ionescu,4066533,NY,points,17.0,ESPN_PUBLIC_BOX_SCORE
ESPNHIST-cfb4463be5456f0fc7686e8b,2026-09-19T17:39:56.545928+00:00,WNBA,ESPN-401857196,401857196,2026-09-18T23:30Z,Sabrina Ionescu,4066533,NY,rebounds,3.0,ESPN_PUBLIC_BOX_SCORE
ESPNHIST-0935850072821e92557dff81,2026-09-19T17:39:56.545928+00:00,WNBA,ESPN-401857196,401857196,2026-09-18T23:30Z,Sabrina Ionescu,4066533,NY,assists,6.0,ESPN_PUBLIC_BOX_SCORE
ESPNHIST-b6e8290454f5239e4b439342,2026-09-19T17:39:56.545928+00:00,WNBA,ESPN-401857196,401857196,2026-09-18T23:30Z,Sabrina Ionescu,4066533,NY,turnovers,4.0,ESPN_PUBLIC_BOX_SCORE
ESPNHIST-7a0d72a06073ed0eec4dd938,2026-09-19T17:39:56.545928+00:00,WNBA,ESPN-401857196,401857196,2026-09-18T23:30Z,Sabrina Ionescu,4066533,NY,steals,3.0,ESPN_PUBLIC_BOX_SCORE
ESPNHIST-021dfc9abed38497e1cec2e0,2026-09-19T17:39:56.545928+00:00,WNBA,ESPN-401857196,401857196,2026-09-18T23:30Z,Sabrina Ionescu,4066533,NY,blocks,0.0,ESPN_PUBLIC_BOX_SCORE
ESPNHIST-46330d22a7da1732dffc2263,2026-09-19T17:39:56.545928+00:00,WNBA,ESPN-401857196,401857196,2026-09-18T23:30Z,Pauline Astier,5345320,NY,minutes,27.0,ESPN_PUBLIC_BOX_SCORE
ESPNHIST-9967ed121020a7c44e989f7f,2026-09-19T17:39:56.545928+00:00,WNBA,ESPN-401857196,401857196,2026-09-18T23:30Z,Pauline Astier,5345320,NY,points,14.0,ESPN_PUBLIC_BOX_SCORE
ESPNHIST-1d6f58b4593515a4fb7b29cc,2026-09-19T17:39:56.545928+00:00,WNBA,ESPN-401857196,401857196,2026-09-18T23:30Z,Pauline Astier,5345320,NY,rebounds,5.0,ESPN_PUBLIC_BOX_SCORE
ESPNHIST-f6b1559c2f3fc446926e9500,2026-09-19T17:39:56.545928+00:00,WNBA,ESPN-401857196,401857196,2026-09-18T23:30Z,Pauline Astier,5345320,NY,assists,3.0,ESPN_PUBLIC_BOX_SCORE
ESPNHIST-15b3d4dfdbdfc98e181b1c74,2026-09-19T17:39:56.545928+00:00,WNBA,ESPN-401857196,401857196,2026-09-18T23:30Z,Pauline Astier,5345320,NY,turnovers,1.0,ESPN_PUBLIC_BOX_SCORE
ESPNHIST-bf7c307d45ec20f34bb0838d,2026-09-19T17:39:56.545928+00:00,WNBA,ESPN-401857196,401857196,2026-09-18T23:30Z,Pauline Astier,5345320,NY,steals,0.0,ESPN_PUBLIC_BOX_SCORE
ESPNHIST-53698c8c2758fae46e8bb2f3,2026-09-19T17:39:56.545928+00:00,WNBA,ESPN-401857196,401857196,2026-09-18T23:30Z,Pauline Astier,5345320,NY,blocks,0.0,ESPN_PUBLIC_BOX_SCORE
ESPNHIST-5eb2cd974163e5df5b73497f,2026-09-19T17:39:56.545928+00:00,WNBA,ESPN-401857196,401857196,2026-09-18T23:30Z,Han Xu,4337216,NY,minutes,7.0,ESPN_PUBLIC_BOX_SCORE
ESPNHIST-cd0f5a19182ec3e43a96abbc,2026-09-19T17:39:56.545928+00:00,WNBA,ESPN-401857196,401857196,2026-09-18T23:30Z,Han Xu,4337216,NY,points,0.0,ESPN_PUBLIC_BOX_SCORE
ESPNHIST-5197e97fcbb5a1b48cd80d8e,2026-09-19T17:39:56.545928+00:00,WNBA,ESPN-401857196,401857196,2026-09-18T23:30Z,Han Xu,4337216,NY,rebounds,1.0,ESPN_PUBLIC_BOX_SCORE
ESPNHIST-87b90f740006cf910ce2d858,2026-09-19T17:39:56.545928+00:00,WNBA,ESPN-401857196,401857196,2026-09-18T23:30Z,Han Xu,4337216,NY,assists,0.0,ESPN_PUBLIC_BOX_SCORE
ESPNHIST-7b11528bb8868b42b09b7cc9,2026-09-19T17:39:56.545928+00:00,WNBA,ESPN-401857196,401857196,2026-09-18T23:30Z,Han Xu,4337216,NY,turnovers,0.0,ESPN_PUBLIC_BOX_SCORE
ESPNHIST-f60a17687a78fb7544fb51a6,2026-09-19T17:39:56.545928+00:00,WNBA,ESPN-401857196,401857196,2026-09-18T23:30Z,Han Xu,4337216,NY,steals,0.0,ESPN_PUBLIC_BOX_SCORE
ESPNHIST-070e143370421785e2b3153e,2026-09-19T17:39:56.545928+00:00,WNBA,ESPN-401857196,401857196,2026-09-18T23:30Z,Han Xu,4337216,NY,blocks,0.0,ESPN_PUBLIC_BOX_SCORE
ESPNHIST-36da718f420db90232a5dbbb,2026-09-19T17:39:56.545928+00:00,WNBA,ESPN-401857196,401857196,2026-09-18T23:30Z,Rebekah Gardner,2327695,NY,minutes,12.0,ESPN_PUBLIC_BOX_SCORE
ESPNHIST-bb4a9a9347c7305c47801a0f,2026-09-19T17:39:56.545928+00:00,WNBA,ESPN-401857196,401857196,2026-09-18T23:30Z,Rebekah Gardner,2327695,NY,points,2.0,ESPN_PUBLIC_BOX_SCORE
ESPNHIST-67dfe830817866252a3e5587,2026-09-19T17:39:56.545928+00:00,WNBA,ESPN-401857196,401857196,2026-09-18T23:30Z,Rebekah Gardner,2327695,NY,rebounds,2.0,ESPN_PUBLIC_BOX_SCORE
ESPNHIST-71d06c842a9fdfb740b64a92,2026-09-19T17:39:56.545928+00:00,WNBA,ESPN-401857196,401857196,2026-09-18T23:30Z,Rebekah Gardner,2327695,NY,assists,2.0,ESPN_PUBLIC_BOX_SCORE
ESPNHIST-1e77c5ef17afe5ff789e9a95,2026-09-19T17:39:56.545928+00:00,WNBA,ESPN-401857196,401857196,2026-09-18T23:30Z,Rebekah Gardner,2327695,NY,turnovers,1.0,ESPN_PUBLIC_BOX_SCORE
ESPNHIST-c0ab087cc7a448a159f7b01a,2026-09-19T17:39:56.545928+00:00,WNBA,ESPN-401857196,401857196,2026-09-18T23:30Z,Rebekah Gardner,2327695,NY,steals,0.0,ESPN_PUBLIC_BOX_SCORE
ESPNHIST-7ffdc59ae10ff3934a75d3f0,2026-09-19T17:39:56.545928+00:00,WNBA,ESPN-401857196,401857196,2026-09-18T23:30Z,Rebekah Gardner,2327695,NY,blocks,0.0,ESPN_PUBLIC_BOX_SCORE
ESPNHIST-44c38f7627682349cd6b30a2,2026-09-19T17:39:56.545928+00:00,WNBA,ESPN-401857196,401857196,2026-09-18T23:30Z,Rebecca Allen,3102133,NY,minutes,17.0,ESPN_PUBLIC_BOX_SCORE
ESPNHIST-e7869bc14a5b873065363b3a,2026-09-19T17:39:56.545928+00:00,WNBA,ESPN-401857196,401857196,2026-09-18T23:30Z,Rebecca Allen,3102133,NY,points,2.0,ESPN_PUBLIC_BOX_SCORE
ESPNHIST-fdb1e002621730ac083ad9bc,2026-09-19T17:39:56.545928+00:00,WNBA,ESPN-401857196,401857196,2026-09-18T23:30Z,Rebecca Allen,3102133,NY,rebounds,1.0,ESPN_PUBLIC_BOX_SCORE
ESPNHIST-36ffb58c13eda2e4f8e94aae,2026-09-19T17:39:56.545928+00:00,WNBA,ESPN-401857196,401857196,2026-09-18T23:30Z,Rebecca Allen,3102133,NY,assists,0.0,ESPN_PUBLIC_BOX_SCORE
ESPNHIST-1318ad46903078ec5fb38cc2,2026-09-19T17:39:56.545928+00:00,WNBA,ESPN-401857196,401857196,2026-09-18T23:30Z,Rebecca Allen,3102133,NY,turnovers,1.0,ESPN_PUBLIC_BOX_SCORE
ESPNHIST-e711cff0013dc02404ea9a56,2026-09-19T17:39:56.545928+00:00,WNBA,ESPN-401857196,401857196,2026-09-18T23:30Z,Rebecca Allen,3102133,NY,steals,1.0,ESPN_PUBLIC_BOX_SCORE
ESPNHIST-6c46828e8cce0fbf5558c188,2026-09-19T17:39:56.545928+00:00,WNBA,ESPN-401857196,401857196,2026-09-18T23:30Z,Rebecca Allen,3102133,NY,blocks,0.0,ESPN_PUBLIC_BOX_SCORE
ESPNHIST-faefaeee67cc63f0cae5473c,2026-09-19T17:39:56.545928+00:00,WNBA,ESPN-401857196,401857196,2026-09-18T23:30Z,Marine Johannes,4038379,NY,minutes,11.0,ESPN_PUBLIC_BOX_SCORE
ESPNHIST-ed97077f26bc8d8dffcccf2e,2026-09-19T17:39:56.545928+00:00,WNBA,ESPN-401857196,401857196,2026-09-18T23:30Z,Marine Johannes,4038379,NY,points,13.0,ESPN_PUBLIC_BOX_SCORE
ESPNHIST-ec5d4d2cf4756a541bc66e5d,2026-09-19T17:39:56.545928+00:00,WNBA,ESPN-401857196,401857196,2026-09-18T23:30Z,Marine Johannes,4038379,NY,rebounds,0.0,ESPN_PUBLIC_BOX_SCORE
ESPNHIST-8ca5305ca2097b8a70d61d34,2026-09-19T17:39:56.545928+00:00,WNBA,ESPN-401857196,401857196,2026-09-18T23:30Z,Marine Johannes,4038379,NY,assists,0.0,ESPN_PUBLIC_BOX_SCORE
ESPNHIST-6138d64b9342e6533855e0c8,2026-09-19T17:39:56.545928+00:00,WNBA,ESPN-401857196,401857196,2026-09-18T23:30Z,Marine Johannes,4038379,NY,turnovers,2.0,ESPN_PUBLIC_BOX_SCORE
ESPNHIST-83dedc2fb713a5e5e285e57a,2026-09-19T17:39:56.545928+00:00,WNBA,ESPN-401857196,401857196,2026-09-18T23:30Z,Marine Johannes,4038379,NY,steals,0.0,ESPN_PUBLIC_BOX_SCORE
ESPNHIST-dfe09dbc8ce568b66e8d8217,2026-09-19T17:39:56.545928+00:00,WNBA,ESPN-401857196,401857196,2026-09-18T23:30Z,Marine Johannes,4038379,NY,blocks,0.0,ESPN_PUBLIC_BOX_SCORE
ESPNHIST-9c7eccbf4b095130e76dcbde,2026-09-19T17:39:56.545928+00:00,WNBA,ESPN-401857196,401857196,2026-09-18T23:30Z,Marine Fauthoux,4790260,NY,minutes,0.0,ESPN_PUBLIC_BOX_SCORE
ESPNHIST-cb089995057f0d413b0d81e0,2026-09-19T17:39:56.545928+00:00,WNBA,ESPN-401857196,401857196,2026-09-18T23:30Z,Marine Fauthoux,4790260,NY,points,0.0,ESPN_PUBLIC_BOX_SCORE
ESPNHIST-53ecb9bd0c9194ebd50e3cc7,2026-09-19T17:39:56.545928+00:00,WNBA,ESPN-401857196,401857196,2026-09-18T23:30Z,Marine Fauthoux,4790260,NY,rebounds,0.0,ESPN_PUBLIC_BOX_SCORE
ESPNHIST-bb5130545cce4f139c566477,2026-09-19T17:39:56.545928+00:00,WNBA,ESPN-401857196,401857196,2026-09-18T23:30Z,Marine Fauthoux,4790260,NY,assists,0.0,ESPN_PUBLIC_BOX_SCORE
ESPNHIST-b3c405f476096e52cf93acf3,2026-09-19T17:39:56.545928+00:00,WNBA,ESPN-401857196,401857196,2026-09-18T23:30Z,Marine Fauthoux,4790260,NY,turnovers,0.0,ESPN_PUBLIC_BOX_SCORE
ESPNHIST-b8a00278eccc294976d5a93c,2026-09-19T17:39:56.545928+00:00,WNBA,ESPN-401857196,401857196,2026-09-18T23:30Z,Marine Fauthoux,4790260,NY,steals,0.0,ESPN_PUBLIC_BOX_SCORE
ESPNHIST-cfec4734bc3c7e739d7c0a17,2026-09-19T17:39:56.545928+00:00,WNBA,ESPN-401857196,401857196,2026-09-18T23:30Z,Marine Fauthoux,4790260,NY,blocks,0.0,ESPN_PUBLIC_BOX_SCORE
ESPNHIST-b7d8f8d6f4d119652dec2250,2026-09-19T17:39:56.545928+00:00,WNBA,ESPN-401857196,401857196,2026-09-18T23:30Z,Natasha Howard,2529130,MIN,minutes,22.0,ESPN_PUBLIC_BOX_SCORE
ESPNHIST-c366e65071836f969a28f1b4,2026-09-19T17:39:56.545928+00:00,WNBA,ESPN-401857196,401857196,2026-09-18T23:30Z,Natasha Howard,2529130,MIN,points,11.0,ESPN_PUBLIC_BOX_SCORE
ESPNHIST-1bae7b7520fbd6fa2e78a72c,2026-09-19T17:39:56.545928+00:00,WNBA,ESPN-401857196,401857196,2026-09-18T23:30Z,Natasha Howard,2529130,MIN,rebounds,3.0,ESPN_PUBLIC_BOX_SCORE
ESPNHIST-714bdd047d1a2aa64a2bcdbe,2026-09-19T17:39:56.545928+00:00,WNBA,ESPN-401857196,401857196,2026-09-18T23:30Z,Natasha Howard,2529130,MIN,assists,3.0,ESPN_PUBLIC_BOX_SCORE
ESPNHIST-a107d28d919b862d08536644,2026-09-19T17:39:56.545928+00:00,WNBA,ESPN-401857196,401857196,2026-09-18T23:30Z,Natasha Howard,2529130,MIN,turnovers,1.0,ESPN_PUBLIC_BOX_SCORE
ESPNHIST-37a67d006d47de2d1cdb3758,2026-09-19T17:39:56.545928+00:00,WNBA,ESPN-401857196,401857196,2026-09-18T23:30Z,Natasha Howard,2529130,MIN,steals,0.0,ESPN_PUBLIC_BOX_SCORE
ESPNHIST-f69f449248873666a1781f7e,2026-09-19T17:39:56.545928+00:00,WNBA,ESPN-401857196,401857196,2026-09-18T23:30Z,Natasha Howard,2529130,MIN,blocks,2.0,ESPN_PUBLIC_BOX_SCORE
ESPNHIST-466975b7268e503684ede03e,2026-09-19T17:39:56.545928+00:00,WNBA,ESPN-401857196,401857196,2026-09-18T23:30Z,Napheesa Collier,3917450,MIN,minutes,32.0,ESPN_PUBLIC_BOX_SCORE
ESPNHIST-01677d03c050c613b08d1eaf,2026-09-19T17:39:56.545928+00:00,WNBA,ESPN-401857196,401857196,2026-09-18T23:30Z,Napheesa Collier,3917450,MIN,points,14.0,ESPN_PUBLIC_BOX_SCORE
ESPNHIST-f4ed6b3aa3995b396b5bdd3f,2026-09-19T17:39:56.545928+00:00,WNBA,ESPN-401857196,401857196,2026-09-18T23:30Z,Napheesa Collier,3917450,MIN,rebounds,7.0,ESPN_PUBLIC_BOX_SCORE
ESPNHIST-5d769c3a4d307f3eb624e46d,2026-09-19T17:39:56.545928+00:00,WNBA,ESPN-401857196,401857196,2026-09-18T23:30Z,Napheesa Collier,3917450,MIN,assists,4.0,ESPN_PUBLIC_BOX_SCORE
ESPNHIST-249351a356a8c6236454e4e7,2026-09-19T17:39:56.545928+00:00,WNBA,ESPN-401857196,401857196,2026-09-18T23:30Z,Napheesa Collier,3917450,MIN,turnovers,6.0,ESPN_PUBLIC_BOX_SCORE
ESPNHIST-6dcca95439057c30b01a04b4,2026-09-19T17:39:56.545928+00:00,WNBA,ESPN-401857196,401857196,2026-09-18T23:30Z,Napheesa Collier,3917450,MIN,steals,0.0,ESPN_PUBLIC_BOX_SCORE
ESPNHIST-4862da9965185d8f5c5ac987,2026-09-19T17:39:56.545928+00:00,WNBA,ESPN-401857196,401857196,2026-09-18T23:30Z,Napheesa Collier,3917450,MIN,blocks,2.0,ESPN_PUBLIC_BOX_SCORE
ESPNHIST-7e0a4ea2345cb5f56b301d4c,2026-09-19T17:39:56.545928+00:00,WNBA,ESPN-401857196,401857196,2026-09-18T23:30Z,Kayla McBride,2529205,MIN,minutes,34.0,ESPN_PUBLIC_BOX_SCORE
ESPNHIST-ab4d3d1852d14ea6e7e2477f,2026-09-19T17:39:56.545928+00:00,WNBA,ESPN-401857196,401857196,2026-09-18T23:30Z,Kayla McBride,2529205,MIN,points,16.0,ESPN_PUBLIC_BOX_SCORE
ESPNHIST-f2a5d38a2838ca00c91a85e4,2026-09-19T17:39:56.545928+00:00,WNBA,ESPN-401857196,401857196,2026-09-18T23:30Z,Kayla McBride,2529205,MIN,rebounds,3.0,ESPN_PUBLIC_BOX_SCORE
ESPNHIST-f25e5ddd921fd5833ef86fad,2026-09-19T17:39:56.545928+00:00,WNBA,ESPN-401857196,401857196,2026-09-18T23:30Z,Kayla McBride,2529205,MIN,assists,1.0,ESPN_PUBLIC_BOX_SCORE
ESPNHIST-80a4f5b2865291d782ecb279,2026-09-19T17:39:56.545928+00:00,WNBA,ESPN-401857196,401857196,2026-09-18T23:30Z,Kayla McBride,2529205,MIN,turnovers,2.0,ESPN_PUBLIC_BOX_SCORE
ESPNHIST-2698b5898fdd43e44334eaec,2026-09-19T17:39:56.545928+00:00,WNBA,ESPN-401857196,401857196,2026-09-18T23:30Z,Kayla McBride,2529205,MIN,steals,2.0,ESPN_PUBLIC_BOX_SCORE
ESPNHIST-3d804b44c9c479beda5c544b,2026-09-19T17:39:56.545928+00:00,WNBA,ESPN-401857196,401857196,2026-09-18T23:30Z,Kayla McBride,2529205,MIN,blocks,1.0,ESPN_PUBLIC_BOX_SCORE
ESPNHIST-c736dc0e93b7e3ea2bd7c739,2026-09-19T17:39:56.545928+00:00,WNBA,ESPN-401857196,401857196,2026-09-18T23:30Z,Courtney Williams,2987891,MIN,minutes,29.0,ESPN_PUBLIC_BOX_SCORE
ESPNHIST-dc6c10c42130300f4c6b0c00,2026-09-19T17:39:56.545928+00:00,WNBA,ESPN-401857196,401857196,2026-09-18T23:30Z,Courtney Williams,2987891,MIN,points,12.0,ESPN_PUBLIC_BOX_SCORE
ESPNHIST-0597a8d33af645d2854de756,2026-09-19T17:39:56.545928+00:00,WNBA,ESPN-401857196,401857196,2026-09-18T23:30Z,Courtney Williams,2987891,MIN,rebounds,5.0,ESPN_PUBLIC_BOX_SCORE
ESPNHIST-511da23decfff1c7429f30a1,2026-09-19T17:39:56.545928+00:00,WNBA,ESPN-401857196,401857196,2026-09-18T23:30Z,Courtney Williams,2987891,MIN,assists,2.0,ESPN_PUBLIC_BOX_SCORE
ESPNHIST-e57600f5ad69f6d17b54b370,2026-09-19T17:39:56.545928+00:00,WNBA,ESPN-401857196,401857196,2026-09-18T23:30Z,Courtney Williams,2987891,MIN,turnovers,2.0,ESPN_PUBLIC_BOX_SCORE
ESPNHIST-0884836bcc98bb3c1086326f,2026-09-19T17:39:56.545928+00:00,WNBA,ESPN-401857196,401857196,2026-09-18T23:30Z,Courtney Williams,2987891,MIN,steals,1.0,ESPN_PUBLIC_BOX_SCORE
ESPNHIST-ff00828eb32e9895c3dbdc66,2026-09-19T17:39:56.545928+00:00,WNBA,ESPN-401857196,401857196,2026-09-18T23:30Z,Courtney Williams,2987891,MIN,blocks,0.0,ESPN_PUBLIC_BOX_SCORE
ESPNHIST-a243254a7d05be2f590d352f,2026-09-19T17:39:56.545928+00:00,WNBA,ESPN-401857196,401857196,2026-09-18T23:30Z,Olivia Miles,4433791,MIN,minutes,34.0,ESPN_PUBLIC_BOX_SCORE
ESPNHIST-901779c2483e23dc0e11d125,2026-09-19T17:39:56.545928+00:00,WNBA,ESPN-401857196,401857196,2026-09-18T23:30Z,Olivia Miles,4433791,MIN,points,20.0,ESPN_PUBLIC_BOX_SCORE
ESPNHIST-4a709ada44744bc05456379c,2026-09-19T17:39:56.545928+00:00,WNBA,ESPN-401857196,401857196,2026-09-18T23:30Z,Olivia Miles,4433791,MIN,rebounds,8.0,ESPN_PUBLIC_BOX_SCORE
ESPNHIST-bc668e5d309fe186490d3999,2026-09-19T17:39:56.545928+00:00,WNBA,ESPN-401857196,401857196,2026-09-18T23:30Z,Olivia Miles,4433791,MIN,assists,5.0,ESPN_PUBLIC_BOX_SCORE
ESPNHIST-aba3b149108cf899ad35bc7b,2026-09-19T17:39:56.545928+00:00,WNBA,ESPN-401857196,401857196,2026-09-18T23:30Z,Olivia Miles,4433791,MIN,turnovers,5.0,ESPN_PUBLIC_BOX_SCORE
ESPNHIST-93958acee462fe3473021eff,2026-09-19T17:39:56.545928+00:00,WNBA,ESPN-401857196,401857196,2026-09-18T23:30Z,Olivia Miles,4433791,MIN,steals,2.0,ESPN_PUBLIC_BOX_SCORE
ESPNHIST-573eee1bc3df7297c393a052,2026-09-19T17:39:56.545928+00:00,WNBA,ESPN-401857196,401857196,2026-09-18T23:30Z,Olivia Miles,4433791,MIN,blocks,1.0,ESPN_PUBLIC_BOX_SCORE
ESPNHIST-4ea7f3b73c92e68419df5218,2026-09-19T17:39:56.545928+00:00,WNBA,ESPN-401857196,401857196,2026-09-18T23:30Z,Nia Brodie,3054590,MIN,minutes,13.0,ESPN_PUBLIC_BOX_SCORE
ESPNHIST-12eb0eaee567c472ccecc370,2026-09-19T17:39:56.545928+00:00,WNBA,ESPN-401857196,401857196,2026-09-18T23:30Z,Nia Brodie,3054590,MIN,points,3.0,ESPN_PUBLIC_BOX_SCORE
ESPNHIST-98b1f53002abfad3dac39635,2026-09-19T17:39:56.545928+00:00,WNBA,ESPN-401857196,401857196,2026-09-18T23:30Z,Nia Brodie,3054590,MIN,rebounds,2.0,ESPN_PUBLIC_BOX_SCORE
ESPNHIST-bb60c631c1f2a29ae47b97bf,2026-09-19T17:39:56.545928+00:00,WNBA,ESPN-401857196,401857196,2026-09-18T23:30Z,Nia Brodie,3054590,MIN,assists,2.0,ESPN_PUBLIC_BOX_SCORE
ESPNHIST-b927bde18a2648775af76e87,2026-09-19T17:39:56.545928+00:00,WNBA,ESPN-401857196,401857196,2026-09-18T23:30Z,Nia Brodie,3054590,MIN,turnovers,1.0,ESPN_PUBLIC_BOX_SCORE
ESPNHIST-76afb3d5d5c38fecb1564e5a,2026-09-19T17:39:56.545928+00:00,WNBA,ESPN-401857196,401857196,2026-09-18T23:30Z,Nia Brodie,3054590,MIN,steals,1.0,ESPN_PUBLIC_BOX_SCORE
ESPNHIST-424e06c3f89506ac1ff602d4,2026-09-19T17:39:56.545928+00:00,WNBA,ESPN-401857196,401857196,2026-09-18T23:30Z,Nia Brodie,3054590,MIN,blocks,2.0,ESPN_PUBLIC_BOX_SCORE
ESPNHIST-67a52ffc724631a7ab533fda,2026-09-19T17:39:56.545928+00:00,WNBA,ESPN-401857196,401857196,2026-09-18T23:30Z,Dorka Juhasz,4398938,MIN,minutes,15.0,ESPN_PUBLIC_BOX_SCORE
ESPNHIST-831bf4449f4d9495827ccf45,2026-09-19T17:39:56.545928+00:00,WNBA,ESPN-401857196,401857196,2026-09-18T23:30Z,Dorka Juhasz,4398938,MIN,points,0.0,ESPN_PUBLIC_BOX_SCORE
ESPNHIST-ec1c0cc488c7d5e3f7137b5a,2026-09-19T17:39:56.545928+00:00,WNBA,ESPN-401857196,401857196,2026-09-18T23:30Z,Dorka Juhasz,4398938,MIN,rebounds,4.0,ESPN_PUBLIC_BOX_SCORE
ESPNHIST-68cd62765fbfb4871a05af2d,2026-09-19T17:39:56.545928+00:00,WNBA,ESPN-401857196,401857196,2026-09-18T23:30Z,Dorka Juhasz,4398938,MIN,assists,2.0,ESPN_PUBLIC_BOX_SCORE
ESPNHIST-db2f6a6952821e3deb57db4e,2026-09-19T17:39:56.545928+00:00,WNBA,ESPN-401857196,401857196,2026-09-18T23:30Z,Dorka Juhasz,4398938,MIN,turnovers,1.0,ESPN_PUBLIC_BOX_SCORE
ESPNHIST-10fcadaf42638738634007f9,2026-09-19T17:39:56.545928+00:00,WNBA,ESPN-401857196,401857196,2026-09-18T23:30Z,Dorka Juhasz,4398938,MIN,steals,0.0,ESPN_PUBLIC_BOX_SCORE
ESPNHIST-d75be34975786ef8227e2c2f,2026-09-19T17:39:56.545928+00:00,WNBA,ESPN-401857196,401857196,2026-09-18T23:30Z,Dorka Juhasz,4398938,MIN,blocks,0.0,ESPN_PUBLIC_BOX_SCORE
ESPNHIST-fcdde9c7c11a68f9c1e91643,2026-09-19T17:39:56.545928+00:00,WNBA,ESPN-401857196,401857196,2026-09-18T23:30Z,Maya Caldwell,4280850,MIN,minutes,20.0,ESPN_PUBLIC_BOX_SCORE
ESPNHIST-7ee02b05ac3d14167ff3d297,2026-09-19T17:39:56.545928+00:00,WNBA,ESPN-401857196,401857196,2026-09-18T23:30Z,Maya Caldwell,4280850,MIN,points,5.0,ESPN_PUBLIC_BOX_SCORE
ESPNHIST-d031d68ec96560b74927e7ba,2026-09-19T17:39:56.545928+00:00,WNBA,ESPN-401857196,401857196,2026-09-18T23:30Z,Maya Caldwell,4280850,MIN,rebounds,6.0,ESPN_PUBLIC_BOX_SCORE
ESPNHIST-1b32057ad3e5ac24e2782ad3,2026-09-19T17:39:56.545928+00:00,WNBA,ESPN-401857196,401857196,2026-09-18T23:30Z,Maya Caldwell,4280850,MIN,assists,3.0,ESPN_PUBLIC_BOX_SCORE
ESPNHIST-455cc828d567bddcfe081d94,2026-09-19T17:39:56.545928+00:00,WNBA,ESPN-401857196,401857196,2026-09-18T23:30Z,Maya Caldwell,4280850,MIN,turnovers,0.0,ESPN_PUBLIC_BOX_SCORE
ESPNHIST-3cc622c5856afd7ea62e2329,2026-09-19T17:39:56.545928+00:00,WNBA,ESPN-401857196,401857196,2026-09-18T23:30Z,Maya Caldwell,4280850,MIN,steals,1.0,ESPN_PUBLIC_BOX_SCORE
ESPNHIST-87dbd8336616cce499f9b907,2026-09-19T17:39:56.545928+00:00,WNBA,ESPN-401857196,401857196,2026-09-18T23:30Z,Maya Caldwell,4280850,MIN,blocks,0.0,ESPN_PUBLIC_BOX_SCORE
ESPNHIST-118d72e3f799819b6209227b,2026-09-19T17:39:56.545928+00:00,WNBA,ESPN-401857197,401857197,2026-09-19T02:00Z,Emily Engstler,4398729,POR,minutes,20.0,ESPN_PUBLIC_BOX_SCORE
ESPNHIST-ead98b3339392c94157d47fb,2026-09-19T17:39:56.545928+00:00,WNBA,ESPN-401857197,401857197,2026-09-19T02:00Z,Emily Engstler,4398729,POR,points,3.0,ESPN_PUBLIC_BOX_SCORE
ESPNHIST-9eb73285675b13c1c3b57250,2026-09-19T17:39:56.545928+00:00,WNBA,ESPN-401857197,401857197,2026-09-19T02:00Z,Emily Engstler,4398729,POR,rebounds,9.0,ESPN_PUBLIC_BOX_SCORE
ESPNHIST-c4b8fb7611ede4b756c41a1a,2026-09-19T17:39:56.545928+00:00,WNBA,ESPN-401857197,401857197,2026-09-19T02:00Z,Emily Engstler,4398729,POR,assists,1.0,ESPN_PUBLIC_BOX_SCORE
ESPNHIST-a33df8fb5ddd4f1a85dcd668,2026-09-19T17:39:56.545928+00:00,WNBA,ESPN-401857197,401857197,2026-09-19T02:00Z,Emily Engstler,4398729,POR,turnovers,3.0,ESPN_PUBLIC_BOX_SCORE
ESPNHIST-31a3b628631ca3c3bdfcc317,2026-09-19T17:39:56.545928+00:00,WNBA,ESPN-401857197,401857197,2026-09-19T02:00Z,Emily Engstler,4398729,POR,steals,1.0,ESPN_PUBLIC_BOX_SCORE
ESPNHIST-7e5018cae8bf70e75669356f,2026-09-19T17:39:56.545928+00:00,WNBA,ESPN-401857197,401857197,2026-09-19T02:00Z,Emily Engstler,4398729,POR,blocks,1.0,ESPN_PUBLIC_BOX_SCORE
ESPNHIST-4fbbc6f32f31c31e492c5121,2026-09-19T17:39:56.545928+00:00,WNBA,ESPN-401857197,401857197,2026-09-19T02:00Z,Nyadiew Puoch,5209202,POR,minutes,31.0,ESPN_PUBLIC_BOX_SCORE
ESPNHIST-2ab8253258b128423e7fab73,2026-09-19T17:39:56.545928+00:00,WNBA,ESPN-401857197,401857197,2026-09-19T02:00Z,Nyadiew Puoch,5209202,POR,points,11.0,ESPN_PUBLIC_BOX_SCORE
ESPNHIST-1dec904ee59d437f9af28814,2026-09-19T17:39:56.545928+00:00,WNBA,ESPN-401857197,401857197,2026-09-19T02:00Z,Nyadiew Puoch,5209202,POR,rebounds,8.0,ESPN_PUBLIC_BOX_SCORE
ESPNHIST-09d9b77b398808bb2f4930d4,2026-09-19T17:39:56.545928+00:00,WNBA,ESPN-401857197,401857197,2026-09-19T02:00Z,Nyadiew Puoch,5209202,POR,assists,2.0,ESPN_PUBLIC_BOX_SCORE
ESPNHIST-743968aaea34cef6834ed916,2026-09-19T17:39:56.545928+00:00,WNBA,ESPN-401857197,401857197,2026-09-19T02:00Z,Nyadiew Puoch,5209202,POR,turnovers,4.0,ESPN_PUBLIC_BOX_SCORE
ESPNHIST-9f53336c6144feeb880de68c,2026-09-19T17:39:56.545928+00:00,WNBA,ESPN-401857197,401857197,2026-09-19T02:00Z,Nyadiew Puoch,5209202,POR,steals,0.0,ESPN_PUBLIC_BOX_SCORE
ESPNHIST-ff3ff55832064f3edcd46217,2026-09-19T17:39:56.545928+00:00,WNBA,ESPN-401857197,401857197,2026-09-19T02:00Z,Nyadiew Puoch,5209202,POR,blocks,0.0,ESPN_PUBLIC_BOX_SCORE
ESPNHIST-7ae394770ba76764fc0693d5,2026-09-19T17:39:56.545928+00:00,WNBA,ESPN-401857197,401857197,2026-09-19T02:00Z,Megan DiLeo,3934218,POR,minutes,24.0,ESPN_PUBLIC_BOX_SCORE
ESPNHIST-748efdbb8cfabe74f0977e52,2026-09-19T17:39:56.545928+00:00,WNBA,ESPN-401857197,401857197,2026-09-19T02:00Z,Megan DiLeo,3934218,POR,points,8.0,ESPN_PUBLIC_BOX_SCORE
ESPNHIST-0bce34a7f9010516cd68771c,2026-09-19T17:39:56.545928+00:00,WNBA,ESPN-401857197,401857197,2026-09-19T02:00Z,Megan DiLeo,3934218,POR,rebounds,5.0,ESPN_PUBLIC_BOX_SCORE
ESPNHIST-abdf1328f3fe0387c4d91238,2026-09-19T17:39:56.545928+00:00,WNBA,ESPN-401857197,401857197,2026-09-19T02:00Z,Megan DiLeo,3934218,POR,assists,1.0,ESPN_PUBLIC_BOX_SCORE
ESPNHIST-f31294c232970a8d467d6dcf,2026-09-19T17:39:56.545928+00:00,WNBA,ESPN-401857197,401857197,2026-09-19T02:00Z,Megan DiLeo,3934218,POR,turnovers,1.0,ESPN_PUBLIC_BOX_SCORE
ESPNHIST-efc3a37fdcc53e868f51bd81,2026-09-19T17:39:56.545928+00:00,WNBA,ESPN-401857197,401857197,2026-09-19T02:00Z,Megan DiLeo,3934218,POR,steals,1.0,ESPN_PUBLIC_BOX_SCORE
ESPNHIST-2541c7edc74796acff8719e4,2026-09-19T17:39:56.545928+00:00,WNBA,ESPN-401857197,401857197,2026-09-19T02:00Z,Megan DiLeo,3934218,POR,blocks,1.0,ESPN_PUBLIC_BOX_SCORE
ESPNHIST-9ffd1cc47546eb306de06c44,2026-09-19T17:39:56.545928+00:00,WNBA,ESPN-401857197,401857197,2026-09-19T02:00Z,Karlie Samuelson,3056730,POR,minutes,19.0,ESPN_PUBLIC_BOX_SCORE
ESPNHIST-2c12f6dcf62fd5946e613380,2026-09-19T17:39:56.545928+00:00,WNBA,ESPN-401857197,401857197,2026-09-19T02:00Z,Karlie Samuelson,3056730,POR,points,3.0,ESPN_PUBLIC_BOX_SCORE
ESPNHIST-fd1b6019e834da37dd901f78,2026-09-19T17:39:56.545928+00:00,WNBA,ESPN-401857197,401857197,2026-09-19T02:00Z,Karlie Samuelson,3056730,POR,rebounds,2.0,ESPN_PUBLIC_BOX_SCORE
ESPNHIST-64208dd5b2b84875dd3fbe19,2026-09-19T17:39:56.545928+00:00,WNBA,ESPN-401857197,401857197,2026-09-19T02:00Z,Karlie Samuelson,3056730,POR,assists,0.0,ESPN_PUBLIC_BOX_SCORE
ESPNHIST-8c65788fb9bac00c07e1f6f1,2026-09-19T17:39:56.545928+00:00,WNBA,ESPN-401857197,401857197,2026-09-19T02:00Z,Karlie Samuelson,3056730,POR,turnovers,0.0,ESPN_PUBLIC_BOX_SCORE
ESPNHIST-d35ddb8cb8d74b8ca905f46d,2026-09-19T17:39:56.545928+00:00,WNBA,ESPN-401857197,401857197,2026-09-19T02:00Z,Karlie Samuelson,3056730,POR,steals,1.0,ESPN_PUBLIC_BOX_SCORE
ESPNHIST-581bf17f831a52616c486c04,2026-09-19T17:39:56.545928+00:00,WNBA,ESPN-401857197,401857197,2026-09-19T02:00Z,Karlie Samuelson,3056730,POR,blocks,0.0,ESPN_PUBLIC_BOX_SCORE
ESPNHIST-86e76d480c3e5baa6b9fd2e8,2026-09-19T17:39:56.545928+00:00,WNBA,ESPN-401857197,401857197,2026-09-19T02:00Z,Carla Leite,5208982,POR,minutes,27.0,ESPN_PUBLIC_BOX_SCORE
ESPNHIST-4d8d7931e0dc0b65411b0098,2026-09-19T17:39:56.545928+00:00,WNBA,ESPN-401857197,401857197,2026-09-19T02:00Z,Carla Leite,5208982,POR,points,12.0,ESPN_PUBLIC_BOX_SCORE
ESPNHIST-bca6f2460790be653416a261,2026-09-19T17:39:56.545928+00:00,WNBA,ESPN-401857197,401857197,2026-09-19T02:00Z,Carla Leite,5208982,POR,rebounds,2.0,ESPN_PUBLIC_BOX_SCORE
ESPNHIST-d9ee8e0c99d5ad74e32aeacf,2026-09-19T17:39:56.545928+00:00,WNBA,ESPN-401857197,401857197,2026-09-19T02:00Z,Carla Leite,5208982,POR,assists,6.0,ESPN_PUBLIC_BOX_SCORE
ESPNHIST-c38b6578ea2191da72d183c7,2026-09-19T17:39:56.545928+00:00,WNBA,ESPN-401857197,401857197,2026-09-19T02:00Z,Carla Leite,5208982,POR,turnovers,3.0,ESPN_PUBLIC_BOX_SCORE
ESPNHIST-65dced3fd369964e1f3ae3d3,2026-09-19T17:39:56.545928+00:00,WNBA,ESPN-401857197,401857197,2026-09-19T02:00Z,Carla Leite,5208982,POR,steals,1.0,ESPN_PUBLIC_BOX_SCORE
ESPNHIST-a431f1ac1c46c1dd1915cb8f,2026-09-19T17:39:56.545928+00:00,WNBA,ESPN-401857197,401857197,2026-09-19T02:00Z,Carla Leite,5208982,POR,blocks,0.0,ESPN_PUBLIC_BOX_SCORE
ESPNHIST-8aefaa12f02db0fb2d9983b6,2026-09-19T17:39:56.545928+00:00,WNBA,ESPN-401857197,401857197,2026-09-19T02:00Z,Frieda Buhner,5105406,POR,minutes,23.0,ESPN_PUBLIC_BOX_SCORE
ESPNHIST-47d78d77e3b239ab1951a104,2026-09-19T17:39:56.545928+00:00,WNBA,ESPN-401857197,401857197,2026-09-19T02:00Z,Frieda Buhner,5105406,POR,points,14.0,ESPN_PUBLIC_BOX_SCORE
ESPNHIST-bea8d592bf585926fb8989ac,2026-09-19T17:39:56.545928+00:00,WNBA,ESPN-401857197,401857197,2026-09-19T02:00Z,Frieda Buhner,5105406,POR,rebounds,3.0,ESPN_PUBLIC_BOX_SCORE
ESPNHIST-4458b6bcdff4bda1cda61b2b,2026-09-19T17:39:56.545928+00:00,WNBA,ESPN-401857197,401857197,2026-09-19T02:00Z,Frieda Buhner,5105406,POR,assists,3.0,ESPN_PUBLIC_BOX_SCORE
ESPNHIST-72072e5eeacb54ba51bff80a,2026-09-19T17:39:56.545928+00:00,WNBA,ESPN-401857197,401857197,2026-09-19T02:00Z,Frieda Buhner,5105406,POR,turnovers,1.0,ESPN_PUBLIC_BOX_SCORE
ESPNHIST-7de9f79ac3cb970ba3c9785b,2026-09-19T17:39:56.545928+00:00,WNBA,ESPN-401857197,401857197,2026-09-19T02:00Z,Frieda Buhner,5105406,POR,steals,1.0,ESPN_PUBLIC_BOX_SCORE
ESPNHIST-49c10d832705e93503f0643d,2026-09-19T17:39:56.545928+00:00,WNBA,ESPN-401857197,401857197,2026-09-19T02:00Z,Frieda Buhner,5105406,POR,blocks,0.0,ESPN_PUBLIC_BOX_SCORE
ESPNHIST-b98663f4231d6dd4172c9fec,2026-09-19T17:39:56.545928+00:00,WNBA,ESPN-401857197,401857197,2026-09-19T02:00Z,Serah Williams,5108550,POR,minutes,16.0,ESPN_PUBLIC_BOX_SCORE
ESPNHIST-c36e2a6b88bce7ac091f9c86,2026-09-19T17:39:56.545928+00:00,WNBA,ESPN-401857197,401857197,2026-09-19T02:00Z,Serah Williams,5108550,POR,points,0.0,ESPN_PUBLIC_BOX_SCORE
ESPNHIST-c3de713a61136366ef8376bd,2026-09-19T17:39:56.545928+00:00,WNBA,ESPN-401857197,401857197,2026-09-19T02:00Z,Serah Williams,5108550,POR,rebounds,5.0,ESPN_PUBLIC_BOX_SCORE
ESPNHIST-33c26c2b8fad4ea6a4ee4fa8,2026-09-19T17:39:56.545928+00:00,WNBA,ESPN-401857197,401857197,2026-09-19T02:00Z,Serah Williams,5108550,POR,assists,0.0,ESPN_PUBLIC_BOX_SCORE
ESPNHIST-6daa0d4afdfb08908b214ef5,2026-09-19T17:39:56.545928+00:00,WNBA,ESPN-401857197,401857197,2026-09-19T02:00Z,Serah Williams,5108550,POR,turnovers,1.0,ESPN_PUBLIC_BOX_SCORE
ESPNHIST-8fc7718f310aad8b8fe42c81,2026-09-19T17:39:56.545928+00:00,WNBA,ESPN-401857197,401857197,2026-09-19T02:00Z,Serah Williams,5108550,POR,steals,1.0,ESPN_PUBLIC_BOX_SCORE
ESPNHIST-977d2d382a4d63ecc2167b8a,2026-09-19T17:39:56.545928+00:00,WNBA,ESPN-401857197,401857197,2026-09-19T02:00Z,Serah Williams,5108550,POR,blocks,0.0,ESPN_PUBLIC_BOX_SCORE
ESPNHIST-1d76c6d751e6b39035dacc37,2026-09-19T17:39:56.545928+00:00,WNBA,ESPN-401857197,401857197,2026-09-19T02:00Z,Charisma Osborne,4433293,POR,minutes,10.0,ESPN_PUBLIC_BOX_SCORE
ESPNHIST-328baeeef9524f82693bc9a6,2026-09-19T17:39:56.545928+00:00,WNBA,ESPN-401857197,401857197,2026-09-19T02:00Z,Charisma Osborne,4433293,POR,points,5.0,ESPN_PUBLIC_BOX_SCORE
ESPNHIST-13c8db712970d7658e16aa3f,2026-09-19T17:39:56.545928+00:00,WNBA,ESPN-401857197,401857197,2026-09-19T02:00Z,Charisma Osborne,4433293,POR,rebounds,1.0,ESPN_PUBLIC_BOX_SCORE
ESPNHIST-75fd0cdc385de0689fa8a99a,2026-09-19T17:39:56.545928+00:00,WNBA,ESPN-401857197,401857197,2026-09-19T02:00Z,Charisma Osborne,4433293,POR,assists,2.0,ESPN_PUBLIC_BOX_SCORE
ESPNHIST-30feedf9ebbd5d0899063a08,2026-09-19T17:39:56.545928+00:00,WNBA,ESPN-401857197,401857197,2026-09-19T02:00Z,Charisma Osborne,4433293,POR,turnovers,1.0,ESPN_PUBLIC_BOX_SCORE
ESPNHIST-b6748b751889478f4cf811c0,2026-09-19T17:39:56.545928+00:00,WNBA,ESPN-401857197,401857197,2026-09-19T02:00Z,Charisma Osborne,4433293,POR,steals,1.0,ESPN_PUBLIC_BOX_SCORE
ESPNHIST-33b19b2c70650bb72497023d,2026-09-19T17:39:56.545928+00:00,WNBA,ESPN-401857197,401857197,2026-09-19T02:00Z,Charisma Osborne,4433293,POR,blocks,0.0,ESPN_PUBLIC_BOX_SCORE
ESPNHIST-adf36288dd8be6ff9afbc104,2026-09-19T17:39:56.545928+00:00,WNBA,ESPN-401857197,401857197,2026-09-19T02:00Z,Holly Winterburn,4433690,POR,minutes,24.0,ESPN_PUBLIC_BOX_SCORE
ESPNHIST-d4b3b2433a236bde34b8b609,2026-09-19T17:39:56.545928+00:00,WNBA,ESPN-401857197,401857197,2026-09-19T02:00Z,Holly Winterburn,4433690,POR,points,8.0,ESPN_PUBLIC_BOX_SCORE
ESPNHIST-1fb3fdb6b0a0f8ff7224d3ba,2026-09-19T17:39:56.545928+00:00,WNBA,ESPN-401857197,401857197,2026-09-19T02:00Z,Holly Winterburn,4433690,POR,rebounds,3.0,ESPN_PUBLIC_BOX_SCORE
ESPNHIST-7bff682453dbd6a44a6ffcc0,2026-09-19T17:39:56.545928+00:00,WNBA,ESPN-401857197,401857197,2026-09-19T02:00Z,Holly Winterburn,4433690,POR,assists,1.0,ESPN_PUBLIC_BOX_SCORE
ESPNHIST-e8c7c8b93cefbdf8f141db61,2026-09-19T17:39:56.545928+00:00,WNBA,ESPN-401857197,401857197,2026-09-19T02:00Z,Holly Winterburn,4433690,POR,turnovers,2.0,ESPN_PUBLIC_BOX_SCORE
ESPNHIST-b68e2195df3488435105116a,2026-09-19T17:39:56.545928+00:00,WNBA,ESPN-401857197,401857197,2026-09-19T02:00Z,Holly Winterburn,4433690,POR,steals,1.0,ESPN_PUBLIC_BOX_SCORE
ESPNHIST-da217cd659718edff39a2a86,2026-09-19T17:39:56.545928+00:00,WNBA,ESPN-401857197,401857197,2026-09-19T02:00Z,Holly Winterburn,4433690,POR,blocks,0.0,ESPN_PUBLIC_BOX_SCORE
ESPNHIST-f6b337bec0927faa652eb94d,2026-09-19T17:39:56.545928+00:00,WNBA,ESPN-401857197,401857197,2026-09-19T02:00Z,Jordan Harrison,5108051,POR,minutes,6.0,ESPN_PUBLIC_BOX_SCORE
ESPNHIST-ed0799caa7213f86af533bc3,2026-09-19T17:39:56.545928+00:00,WNBA,ESPN-401857197,401857197,2026-09-19T02:00Z,Jordan Harrison,5108051,POR,points,2.0,ESPN_PUBLIC_BOX_SCORE
ESPNHIST-2f5028c7e449f0d30b346394,2026-09-19T17:39:56.545928+00:00,WNBA,ESPN-401857197,401857197,2026-09-19T02:00Z,Jordan Harrison,5108051,POR,rebounds,0.0,ESPN_PUBLIC_BOX_SCORE
ESPNHIST-1225db06f9446f49d68badc7,2026-09-19T17:39:56.545928+00:00,WNBA,ESPN-401857197,401857197,2026-09-19T02:00Z,Jordan Harrison,5108051,POR,assists,1.0,ESPN_PUBLIC_BOX_SCORE
ESPNHIST-18423456e314babfad754773,2026-09-19T17:39:56.545928+00:00,WNBA,ESPN-401857197,401857197,2026-09-19T02:00Z,Jordan Harrison,5108051,POR,turnovers,3.0,ESPN_PUBLIC_BOX_SCORE
ESPNHIST-934d336fa86777731874c947,2026-09-19T17:39:56.545928+00:00,WNBA,ESPN-401857197,401857197,2026-09-19T02:00Z,Jordan Harrison,5108051,POR,steals,1.0,ESPN_PUBLIC_BOX_SCORE
ESPNHIST-1d2297de307c4f65b9aaa4c0,2026-09-19T17:39:56.545928+00:00,WNBA,ESPN-401857197,401857197,2026-09-19T02:00Z,Jordan Harrison,5108051,POR,blocks,0.0,ESPN_PUBLIC_BOX_SCORE
ESPNHIST-c52aad834c3fdc880c1a8cdd,2026-09-19T17:39:56.545928+00:00,WNBA,ESPN-401857197,401857197,2026-09-19T02:00Z,Kayla Thornton,2529622,GS,minutes,25.0,ESPN_PUBLIC_BOX_SCORE
ESPNHIST-98ebc3ed23dfd6cd8b16ab97,2026-09-19T17:39:56.545928+00:00,WNBA,ESPN-401857197,401857197,2026-09-19T02:00Z,Kayla Thornton,2529622,GS,points,13.0,ESPN_PUBLIC_BOX_SCORE
ESPNHIST-2ac857aac7df365fa26470c8,2026-09-19T17:39:56.545928+00:00,WNBA,ESPN-401857197,401857197,2026-09-19T02:00Z,Kayla Thornton,2529622,GS,rebounds,4.0,ESPN_PUBLIC_BOX_SCORE
ESPNHIST-a0f00ec8cfad6bea39c82ca2,2026-09-19T17:39:56.545928+00:00,WNBA,ESPN-401857197,401857197,2026-09-19T02:00Z,Kayla Thornton,2529622,GS,assists,1.0,ESPN_PUBLIC_BOX_SCORE
ESPNHIST-e220bdf5bb917a80e9a1fd0a,2026-09-19T17:39:56.545928+00:00,WNBA,ESPN-401857197,401857197,2026-09-19T02:00Z,Kayla Thornton,2529622,GS,turnovers,1.0,ESPN_PUBLIC_BOX_SCORE
ESPNHIST-acd812452c13df5fb390d6ff,2026-09-19T17:39:56.545928+00:00,WNBA,ESPN-401857197,401857197,2026-09-19T02:00Z,Kayla Thornton,2529622,GS,steals,0.0,ESPN_PUBLIC_BOX_SCORE
ESPNHIST-3243cf65fb67135806c12d6c,2026-09-19T17:39:56.545928+00:00,WNBA,ESPN-401857197,401857197,2026-09-19T02:00Z,Kayla Thornton,2529622,GS,blocks,0.0,ESPN_PUBLIC_BOX_SCORE
ESPNHIST-aef7df21e22738ee8573c3aa,2026-09-19T17:39:56.545928+00:00,WNBA,ESPN-401857197,401857197,2026-09-19T02:00Z,Kiah Stokes,2590093,GS,minutes,24.0,ESPN_PUBLIC_BOX_SCORE
ESPNHIST-451ebfbc11c4e60fb3d4af5f,2026-09-19T17:39:56.545928+00:00,WNBA,ESPN-401857197,401857197,2026-09-19T02:00Z,Kiah Stokes,2590093,GS,points,2.0,ESPN_PUBLIC_BOX_SCORE
ESPNHIST-55e8a9db5189235aa3bff992,2026-09-19T17:39:56.545928+00:00,WNBA,ESPN-401857197,401857197,2026-09-19T02:00Z,Kiah Stokes,2590093,GS,rebounds,9.0,ESPN_PUBLIC_BOX_SCORE
ESPNHIST-1a71a99e9500627458168fc8,2026-09-19T17:39:56.545928+00:00,WNBA,ESPN-401857197,401857197,2026-09-19T02:00Z,Kiah Stokes,2590093,GS,assists,0.0,ESPN_PUBLIC_BOX_SCORE
ESPNHIST-743b5a2ea26dd82e4998c9a3,2026-09-19T17:39:56.545928+00:00,WNBA,ESPN-401857197,401857197,2026-09-19T02:00Z,Kiah Stokes,2590093,GS,turnovers,1.0,ESPN_PUBLIC_BOX_SCORE
ESPNHIST-038673febc46bc1cad4cbce6,2026-09-19T17:39:56.545928+00:00,WNBA,ESPN-401857197,401857197,2026-09-19T02:00Z,Kiah Stokes,2590093,GS,steals,1.0,ESPN_PUBLIC_BOX_SCORE
ESPNHIST-be45650c2dc7c023212e7129,2026-09-19T17:39:56.545928+00:00,WNBA,ESPN-401857197,401857197,2026-09-19T02:00Z,Kiah Stokes,2590093,GS,blocks,2.0,ESPN_PUBLIC_BOX_SCORE
ESPNHIST-1ce5fcd0319146da62dd2131,2026-09-19T17:39:56.545928+00:00,WNBA,ESPN-401857197,401857197,2026-09-19T02:00Z,Tiffany Hayes,1054,GS,minutes,25.0,ESPN_PUBLIC_BOX_SCORE
ESPNHIST-236b5249539aa8471fdbf0dd,2026-09-19T17:39:56.545928+00:00,WNBA,ESPN-401857197,401857197,2026-09-19T02:00Z,Tiffany Hayes,1054,GS,points,13.0,ESPN_PUBLIC_BOX_SCORE
ESPNHIST-6ccd5c87ae67845241ac1aa2,2026-09-19T17:39:56.545928+00:00,WNBA,ESPN-401857197,401857197,2026-09-19T02:00Z,Tiffany Hayes,1054,GS,rebounds,3.0,ESPN_PUBLIC_BOX_SCORE
ESPNHIST-326a1fb3ea04aeee21cfde73,2026-09-19T17:39:56.545928+00:00,WNBA,ESPN-401857197,401857197,2026-09-19T02:00Z,Tiffany Hayes,1054,GS,assists,7.0,ESPN_PUBLIC_BOX_SCORE
ESPNHIST-7badfb8ffc59d9ecfcbd1991,2026-09-19T17:39:56.545928+00:00,WNBA,ESPN-401857197,401857197,2026-09-19T02:00Z,Tiffany Hayes,1054,GS,turnovers,1.0,ESPN_PUBLIC_BOX_SCORE
ESPNHIST-a7ff4f4b41e3a46f5dff404d,2026-09-19T17:39:56.545928+00:00,WNBA,ESPN-401857197,401857197,2026-09-19T02:00Z,Tiffany Hayes,1054,GS,steals,2.0,ESPN_PUBLIC_BOX_SCORE
ESPNHIST-99189aa7552a44d7647e3faf,2026-09-19T17:39:56.545928+00:00,WNBA,ESPN-401857197,401857197,2026-09-19T02:00Z,Tiffany Hayes,1054,GS,blocks,0.0,ESPN_PUBLIC_BOX_SCORE
ESPNHIST-8dbf688add68a72ced54d95d,2026-09-19T17:39:56.545928+00:00,WNBA,ESPN-401857197,401857197,2026-09-19T02:00Z,Kaila Charles,4065780,GS,minutes,25.0,ESPN_PUBLIC_BOX_SCORE
ESPNHIST-f05d299d02df1bfb82c2ddc5,2026-09-19T17:39:56.545928+00:00,WNBA,ESPN-401857197,401857197,2026-09-19T02:00Z,Kaila Charles,4065780,GS,points,7.0,ESPN_PUBLIC_BOX_SCORE
ESPNHIST-a5bdc3faf16b1b31eee23f97,2026-09-19T17:39:56.545928+00:00,WNBA,ESPN-401857197,401857197,2026-09-19T02:00Z,Kaila Charles,4065780,GS,rebounds,6.0,ESPN_PUBLIC_BOX_SCORE
ESPNHIST-099fb7dfa240f1d9f40c1473,2026-09-19T17:39:56.545928+00:00,WNBA,ESPN-401857197,401857197,2026-09-19T02:00Z,Kaila Charles,4065780,GS,assists,2.0,ESPN_PUBLIC_BOX_SCORE
ESPNHIST-802bc37c0d29e930c07dccb5,2026-09-19T17:39:56.545928+00:00,WNBA,ESPN-401857197,401857197,2026-09-19T02:00Z,Kaila Charles,4065780,GS,turnovers,1.0,ESPN_PUBLIC_BOX_SCORE
ESPNHIST-6f7a34b09b0b892ff8c18c83,2026-09-19T17:39:56.545928+00:00,WNBA,ESPN-401857197,401857197,2026-09-19T02:00Z,Kaila Charles,4065780,GS,steals,1.0,ESPN_PUBLIC_BOX_SCORE
ESPNHIST-91bcc5af6a1f1ae500a8b3d7,2026-09-19T17:39:56.545928+00:00,WNBA,ESPN-401857197,401857197,2026-09-19T02:00Z,Kaila Charles,4065780,GS,blocks,1.0,ESPN_PUBLIC_BOX_SCORE
ESPNHIST-03b1def61878310bb72bda8f,2026-09-19T17:39:56.545928+00:00,WNBA,ESPN-401857197,401857197,2026-09-19T02:00Z,Veronica Burton,4398935,GS,minutes,26.0,ESPN_PUBLIC_BOX_SCORE
ESPNHIST-92b863740a661a175fbeeca4,2026-09-19T17:39:56.545928+00:00,WNBA,ESPN-401857197,401857197,2026-09-19T02:00Z,Veronica Burton,4398935,GS,points,4.0,ESPN_PUBLIC_BOX_SCORE
ESPNHIST-3210ce4713f36c41efe2e452,2026-09-19T17:39:56.545928+00:00,WNBA,ESPN-401857197,401857197,2026-09-19T02:00Z,Veronica Burton,4398935,GS,rebounds,4.0,ESPN_PUBLIC_BOX_SCORE
ESPNHIST-368a7ddc0c310710b3aaa1a8,2026-09-19T17:39:56.545928+00:00,WNBA,ESPN-401857197,401857197,2026-09-19T02:00Z,Veronica Burton,4398935,GS,assists,3.0,ESPN_PUBLIC_BOX_SCORE
ESPNHIST-385735ff1c30a9eb838c52e7,2026-09-19T17:39:56.545928+00:00,WNBA,ESPN-401857197,401857197,2026-09-19T02:00Z,Veronica Burton,4398935,GS,turnovers,3.0,ESPN_PUBLIC_BOX_SCORE
ESPNHIST-92409831e32719e39df2548d,2026-09-19T17:39:56.545928+00:00,WNBA,ESPN-401857197,401857197,2026-09-19T02:00Z,Veronica Burton,4398935,GS,steals,6.0,ESPN_PUBLIC_BOX_SCORE
ESPNHIST-7b1c49215aa69c1e601ef202,2026-09-19T17:39:56.545928+00:00,WNBA,ESPN-401857197,401857197,2026-09-19T02:00Z,Veronica Burton,4398935,GS,blocks,1.0,ESPN_PUBLIC_BOX_SCORE
ESPNHIST-8534678aaaf1d63b7f76dc9a,2026-09-19T17:39:56.545928+00:00,WNBA,ESPN-401857197,401857197,2026-09-19T02:00Z,Laeticia Amihere,4432834,GS,minutes,22.0,ESPN_PUBLIC_BOX_SCORE
ESPNHIST-b1a994d4455dde167cec2ae3,2026-09-19T17:39:56.545928+00:00,WNBA,ESPN-401857197,401857197,2026-09-19T02:00Z,Laeticia Amihere,4432834,GS,points,17.0,ESPN_PUBLIC_BOX_SCORE
ESPNHIST-1cf7728b5b98733036e21de5,2026-09-19T17:39:56.545928+00:00,WNBA,ESPN-401857197,401857197,2026-09-19T02:00Z,Laeticia Amihere,4432834,GS,rebounds,4.0,ESPN_PUBLIC_BOX_SCORE
ESPNHIST-840dbc88f8a87a8e3ee80d27,2026-09-19T17:39:56.545928+00:00,WNBA,ESPN-401857197,401857197,2026-09-19T02:00Z,Laeticia Amihere,4432834,GS,assists,3.0,ESPN_PUBLIC_BOX_SCORE
ESPNHIST-f04e8a11f0d21bc8e3c013ba,2026-09-19T17:39:56.545928+00:00,WNBA,ESPN-401857197,401857197,2026-09-19T02:00Z,Laeticia Amihere,4432834,GS,turnovers,1.0,ESPN_PUBLIC_BOX_SCORE
ESPNHIST-4e0c16f13a7637ee7d0ad232,2026-09-19T17:39:56.545928+00:00,WNBA,ESPN-401857197,401857197,2026-09-19T02:00Z,Laeticia Amihere,4432834,GS,steals,2.0,ESPN_PUBLIC_BOX_SCORE
ESPNHIST-898420943630ed3b28c963df,2026-09-19T17:39:56.545928+00:00,WNBA,ESPN-401857197,401857197,2026-09-19T02:00Z,Laeticia Amihere,4432834,GS,blocks,2.0,ESPN_PUBLIC_BOX_SCORE
ESPNHIST-b884802c4fe0199582af6eff,2026-09-19T17:39:56.545928+00:00,WNBA,ESPN-401857197,401857197,2026-09-19T02:00Z,Ashten Prechtel,4433634,GS,minutes,4.0,ESPN_PUBLIC_BOX_SCORE
ESPNHIST-85592ac95799f69ef211019b,2026-09-19T17:39:56.545928+00:00,WNBA,ESPN-401857197,401857197,2026-09-19T02:00Z,Ashten Prechtel,4433634,GS,points,0.0,ESPN_PUBLIC_BOX_SCORE
ESPNHIST-a76d030d45877e1cd6426f83,2026-09-19T17:39:56.545928+00:00,WNBA,ESPN-401857197,401857197,2026-09-19T02:00Z,Ashten Prechtel,4433634,GS,rebounds,1.0,ESPN_PUBLIC_BOX_SCORE
ESPNHIST-8067944de8c6ef9745e6573f,2026-09-19T17:39:56.545928+00:00,WNBA,ESPN-401857197,401857197,2026-09-19T02:00Z,Ashten Prechtel,4433634,GS,assists,0.0,ESPN_PUBLIC_BOX_SCORE
ESPNHIST-b4e19426eaf01104a79ef418,2026-09-19T17:39:56.545928+00:00,WNBA,ESPN-401857197,401857197,2026-09-19T02:00Z,Ashten Prechtel,4433634,GS,turnovers,0.0,ESPN_PUBLIC_BOX_SCORE
ESPNHIST-e861473542ff3adbcd3c8052,2026-09-19T17:39:56.545928+00:00,WNBA,ESPN-401857197,401857197,2026-09-19T02:00Z,Ashten Prechtel,4433634,GS,steals,0.0,ESPN_PUBLIC_BOX_SCORE
ESPNHIST-80e0f66a816ee8b2cfba4837,2026-09-19T17:39:56.545928+00:00,WNBA,ESPN-401857197,401857197,2026-09-19T02:00Z,Ashten Prechtel,4433634,GS,blocks,0.0,ESPN_PUBLIC_BOX_SCORE
ESPNHIST-95dac3c517e92fc188a31873,2026-09-19T17:39:56.545928+00:00,WNBA,ESPN-401857197,401857197,2026-09-19T02:00Z,Nadia Fingall,4066546,GS,minutes,4.0,ESPN_PUBLIC_BOX_SCORE
ESPNHIST-1b45af8ebec9ea7721470d6d,2026-09-19T17:39:56.545928+00:00,WNBA,ESPN-401857197,401857197,2026-09-19T02:00Z,Nadia Fingall,4066546,GS,points,0.0,ESPN_PUBLIC_BOX_SCORE
ESPNHIST-fee323b84e02ac6e10636353,2026-09-19T17:39:56.545928+00:00,WNBA,ESPN-401857197,401857197,2026-09-19T02:00Z,Nadia Fingall,4066546,GS,rebounds,0.0,ESPN_PUBLIC_BOX_SCORE
ESPNHIST-c5b9c69b41651c487f19a3b6,2026-09-19T17:39:56.545928+00:00,WNBA,ESPN-401857197,401857197,2026-09-19T02:00Z,Nadia Fingall,4066546,GS,assists,0.0,ESPN_PUBLIC_BOX_SCORE
ESPNHIST-e1cf28af43f60cdb95b28031,2026-09-19T17:39:56.545928+00:00,WNBA,ESPN-401857197,401857197,2026-09-19T02:00Z,Nadia Fingall,4066546,GS,turnovers,0.0,ESPN_PUBLIC_BOX_SCORE
ESPNHIST-22bd2bc37db228f06c86ce84,2026-09-19T17:39:56.545928+00:00,WNBA,ESPN-401857197,401857197,2026-09-19T02:00Z,Nadia Fingall,4066546,GS,steals,0.0,ESPN_PUBLIC_BOX_SCORE
ESPNHIST-29a00c8fc77e33f5f758c3f1,2026-09-19T17:39:56.545928+00:00,WNBA,ESPN-401857197,401857197,2026-09-19T02:00Z,Nadia Fingall,4066546,GS,blocks,0.0,ESPN_PUBLIC_BOX_SCORE
ESPNHIST-92d498a4c5fe23442b2147ab,2026-09-19T17:39:56.545928+00:00,WNBA,ESPN-401857197,401857197,2026-09-19T02:00Z,Miela Sowah,4398577,GS,minutes,4.0,ESPN_PUBLIC_BOX_SCORE
ESPNHIST-5b9a0f5e65181f84df5d8b18,2026-09-19T17:39:56.545928+00:00,WNBA,ESPN-401857197,401857197,2026-09-19T02:00Z,Miela Sowah,4398577,GS,points,0.0,ESPN_PUBLIC_BOX_SCORE
ESPNHIST-16d0042f7079b631f01b77bb,2026-09-19T17:39:56.545928+00:00,WNBA,ESPN-401857197,401857197,2026-09-19T02:00Z,Miela Sowah,4398577,GS,rebounds,0.0,ESPN_PUBLIC_BOX_SCORE
ESPNHIST-98e8ecb19aeabd331d373286,2026-09-19T17:39:56.545928+00:00,WNBA,ESPN-401857197,401857197,2026-09-19T02:00Z,Miela Sowah,4398577,GS,assists,0.0,ESPN_PUBLIC_BOX_SCORE
ESPNHIST-26f870ddf6bbb5c5f7a9614c,2026-09-19T17:39:56.545928+00:00,WNBA,ESPN-401857197,401857197,2026-09-19T02:00Z,Miela Sowah,4398577,GS,turnovers,2.0,ESPN_PUBLIC_BOX_SCORE
ESPNHIST-0eb5bfddc1b8979f25e8eb68,2026-09-19T17:39:56.545928+00:00,WNBA,ESPN-401857197,401857197,2026-09-19T02:00Z,Miela Sowah,4398577,GS,steals,0.0,ESPN_PUBLIC_BOX_SCORE
ESPNHIST-60c043167651913c1782dffd,2026-09-19T17:39:56.545928+00:00,WNBA,ESPN-401857197,401857197,2026-09-19T02:00Z,Miela Sowah,4398577,GS,blocks,0.0,ESPN_PUBLIC_BOX_SCORE
ESPNHIST-ec38e6b037a006c3e2e0cc24,2026-09-19T17:39:56.545928+00:00,WNBA,ESPN-401857197,401857197,2026-09-19T02:00Z,Kaitlyn Chen,4899328,GS,minutes,25.0,ESPN_PUBLIC_BOX_SCORE
ESPNHIST-14637dbe58f663a99d257d9c,2026-09-19T17:39:56.545928+00:00,WNBA,ESPN-401857197,401857197,2026-09-19T02:00Z,Kaitlyn Chen,4899328,GS,points,17.0,ESPN_PUBLIC_BOX_SCORE
ESPNHIST-df65a3a759f4e5bb0fcef4d5,2026-09-19T17:39:56.545928+00:00,WNBA,ESPN-401857197,401857197,2026-09-19T02:00Z,Kaitlyn Chen,4899328,GS,rebounds,1.0,ESPN_PUBLIC_BOX_SCORE
ESPNHIST-261f5df0550f91f44cbdb551,2026-09-19T17:39:56.545928+00:00,WNBA,ESPN-401857197,401857197,2026-09-19T02:00Z,Kaitlyn Chen,4899328,GS,assists,3.0,ESPN_PUBLIC_BOX_SCORE
ESPNHIST-a3ce3be3c640f9b17216c50a,2026-09-19T17:39:56.545928+00:00,WNBA,ESPN-401857197,401857197,2026-09-19T02:00Z,Kaitlyn Chen,4899328,GS,turnovers,1.0,ESPN_PUBLIC_BOX_SCORE
ESPNHIST-9e6a437ea0d5368ec7733738,2026-09-19T17:39:56.545928+00:00,WNBA,ESPN-401857197,401857197,2026-09-19T02:00Z,Kaitlyn Chen,4899328,GS,steals,0.0,ESPN_PUBLIC_BOX_SCORE
ESPNHIST-4662c9001e62c6423bb6b8f5,2026-09-19T17:39:56.545928+00:00,WNBA,ESPN-401857197,401857197,2026-09-19T02:00Z,Kaitlyn Chen,4899328,GS,blocks,1.0,ESPN_PUBLIC_BOX_SCORE
ESPNHIST-117334f07c376b5d025418a0,2026-09-19T17:39:56.545928+00:00,WNBA,ESPN-401857197,401857197,2026-09-19T02:00Z,Juste Jocyte,5277552,GS,minutes,17.0,ESPN_PUBLIC_BOX_SCORE
ESPNHIST-b19d28b809ea07345e29fbf7,2026-09-19T17:39:56.545928+00:00,WNBA,ESPN-401857197,401857197,2026-09-19T02:00Z,Juste Jocyte,5277552,GS,points,9.0,ESPN_PUBLIC_BOX_SCORE
ESPNHIST-1fe7ac79effb0c3dd04ca8a7,2026-09-19T17:39:56.545928+00:00,WNBA,ESPN-401857197,401857197,2026-09-19T02:00Z,Juste Jocyte,5277552,GS,rebounds,2.0,ESPN_PUBLIC_BOX_SCORE
ESPNHIST-63d7df17ec91470e92b5cfd6,2026-09-19T17:39:56.545928+00:00,WNBA,ESPN-401857197,401857197,2026-09-19T02:00Z,Juste Jocyte,5277552,GS,assists,2.0,ESPN_PUBLIC_BOX_SCORE
ESPNHIST-7ed14f39373b865aa0c0a3d7,2026-09-19T17:39:56.545928+00:00,WNBA,ESPN-401857197,401857197,2026-09-19T02:00Z,Juste Jocyte,5277552,GS,turnovers,1.0,ESPN_PUBLIC_BOX_SCORE
ESPNHIST-86ee269310b558f5106bdcbe,2026-09-19T17:39:56.545928+00:00,WNBA,ESPN-401857197,401857197,2026-09-19T02:00Z,Juste Jocyte,5277552,GS,steals,2.0,ESPN_PUBLIC_BOX_SCORE
ESPNHIST-b691d0cbae21bf225ac48d85,2026-09-19T17:39:56.545928+00:00,WNBA,ESPN-401857197,401857197,2026-09-19T02:00Z,Juste Jocyte,5277552,GS,blocks,0.0,ESPN_PUBLIC_BOX_SCORE
ESPNHIST-53bee58b0421ef2a6fb3ff5d,2026-09-19T17:39:56.545928+00:00,WNBA,ESPN-401857190,401857190,2026-09-17T23:30Z,Aaliyah Edwards,4433408,CON,minutes,16.0,ESPN_PUBLIC_BOX_SCORE
ESPNHIST-bab82a95d1de67ba288fdf1e,2026-09-19T17:39:56.545928+00:00,WNBA,ESPN-401857190,401857190,2026-09-17T23:30Z,Aaliyah Edwards,4433408,CON,points,7.0,ESPN_PUBLIC_BOX_SCORE
ESPNHIST-ee3134526f139e874469e61b,2026-09-19T17:39:56.545928+00:00,WNBA,ESPN-401857190,401857190,2026-09-17T23:30Z,Aaliyah Edwards,4433408,CON,rebounds,4.0,ESPN_PUBLIC_BOX_SCORE
ESPNHIST-62495bd591710caa97c12168,2026-09-19T17:39:56.545928+00:00,WNBA,ESPN-401857190,401857190,2026-09-17T23:30Z,Aaliyah Edwards,4433408,CON,assists,1.0,ESPN_PUBLIC_BOX_SCORE
ESPNHIST-1f16547c0399f5815561e808,2026-09-19T17:39:56.545928+00:00,WNBA,ESPN-401857190,401857190,2026-09-17T23:30Z,Aaliyah Edwards,4433408,CON,turnovers,1.0,ESPN_PUBLIC_BOX_SCORE
ESPNHIST-575a366b4a22f319eff78c0e,2026-09-19T17:39:56.545928+00:00,WNBA,ESPN-401857190,401857190,2026-09-17T23:30Z,Aaliyah Edwards,4433408,CON,steals,0.0,ESPN_PUBLIC_BOX_SCORE
ESPNHIST-484205e9b58c1dcae8689394,2026-09-19T17:39:56.545928+00:00,WNBA,ESPN-401857190,401857190,2026-09-17T23:30Z,Aaliyah Edwards,4433408,CON,blocks,0.0,ESPN_PUBLIC_BOX_SCORE
ESPNHIST-8d7e1034873955a5701112ff,2026-09-19T17:39:56.545928+00:00,WNBA,ESPN-401857190,401857190,2026-09-17T23:30Z,Olivia Nelson-Ododa,4398966,CON,minutes,16.0,ESPN_PUBLIC_BOX_SCORE
ESPNHIST-3a2cb8ac85d9bfae34255df1,2026-09-19T17:39:56.545928+00:00,WNBA,ESPN-401857190,401857190,2026-09-17T23:30Z,Olivia Nelson-Ododa,4398966,CON,points,13.0,ESPN_PUBLIC_BOX_SCORE
ESPNHIST-bdcf518a9d32795b61f8c85b,2026-09-19T17:39:56.545928+00:00,WNBA,ESPN-401857190,401857190,2026-09-17T23:30Z,Olivia Nelson-Ododa,4398966,CON,rebounds,4.0,ESPN_PUBLIC_BOX_SCORE
ESPNHIST-9cdf5435d35c0639e784354a,2026-09-19T17:39:56.545928+00:00,WNBA,ESPN-401857190,401857190,2026-09-17T23:30Z,Olivia Nelson-Ododa,4398966,CON,assists,2.0,ESPN_PUBLIC_BOX_SCORE
ESPNHIST-ca957b460fe29f2dd9c9cfb9,2026-09-19T17:39:56.545928+00:00,WNBA,ESPN-401857190,401857190,2026-09-17T23:30Z,Olivia Nelson-Ododa,4398966,CON,turnovers,1.0,ESPN_PUBLIC_BOX_SCORE
ESPNHIST-77ddf70f44497dcdff7a1a51,2026-09-19T17:39:56.545928+00:00,WNBA,ESPN-401857190,401857190,2026-09-17T23:30Z,Olivia Nelson-Ododa,4398966,CON,steals,0.0,ESPN_PUBLIC_BOX_SCORE
ESPNHIST-5c6b8d0574eb73f6573e2965,2026-09-19T17:39:56.545928+00:00,WNBA,ESPN-401857190,401857190,2026-09-17T23:30Z,Olivia Nelson-Ododa,4398966,CON,blocks,0.0,ESPN_PUBLIC_BOX_SCORE
ESPNHIST-e0eae1e78d188588352e451a,2026-09-19T17:39:56.545928+00:00,WNBA,ESPN-401857190,401857190,2026-09-17T23:30Z,Saniya Rivers,4433514,CON,minutes,34.0,ESPN_PUBLIC_BOX_SCORE
ESPNHIST-f2f22e8056c2d0dc4194a8c4,2026-09-19T17:39:56.545928+00:00,WNBA,ESPN-401857190,401857190,2026-09-17T23:30Z,Saniya Rivers,4433514,CON,points,9.0,ESPN_PUBLIC_BOX_SCORE
ESPNHIST-a8e046fc8ec8c44e123b6c6a,2026-09-19T17:39:56.545928+00:00,WNBA,ESPN-401857190,401857190,2026-09-17T23:30Z,Saniya Rivers,4433514,CON,rebounds,9.0,ESPN_PUBLIC_BOX_SCORE
ESPNHIST-761b1041f16e3ff70e83fe29,2026-09-19T17:39:56.545928+00:00,WNBA,ESPN-401857190,401857190,2026-09-17T23:30Z,Saniya Rivers,4433514,CON,assists,1.0,ESPN_PUBLIC_BOX_SCORE
ESPNHIST-20158e1aa1e696d31bd34600,2026-09-19T17:39:56.545928+00:00,WNBA,ESPN-401857190,401857190,2026-09-17T23:30Z,Saniya Rivers,4433514,CON,turnovers,2.0,ESPN_PUBLIC_BOX_SCORE
ESPNHIST-faaa6791470cf86616e3bfe9,2026-09-19T17:39:56.545928+00:00,WNBA,ESPN-401857190,401857190,2026-09-17T23:30Z,Saniya Rivers,4433514,CON,steals,1.0,ESPN_PUBLIC_BOX_SCORE
ESPNHIST-cf684828b814b652d8a8ad8f,2026-09-19T17:39:56.545928+00:00,WNBA,ESPN-401857190,401857190,2026-09-17T23:30Z,Saniya Rivers,4433514,CON,blocks,3.0,ESPN_PUBLIC_BOX_SCORE
ESPNHIST-fdadb9a2c68b8fef4083eb1a,2026-09-19T17:39:56.545928+00:00,WNBA,ESPN-401857190,401857190,2026-09-17T23:30Z,Charlisse Leger-Walker,4703609,CON,minutes,23.0,ESPN_PUBLIC_BOX_SCORE
ESPNHIST-75619cc2682bd2908e5b0125,2026-09-19T17:39:56.545928+00:00,WNBA,ESPN-401857190,401857190,2026-09-17T23:30Z,Charlisse Leger-Walker,4703609,CON,points,4.0,ESPN_PUBLIC_BOX_SCORE
ESPNHIST-55d05c54767581fb72b00221,2026-09-19T17:39:56.545928+00:00,WNBA,ESPN-401857190,401857190,2026-09-17T23:30Z,Charlisse Leger-Walker,4703609,CON,rebounds,1.0,ESPN_PUBLIC_BOX_SCORE
ESPNHIST-e388d02ab4b83ba65abd6a20,2026-09-19T17:39:56.545928+00:00,WNBA,ESPN-401857190,401857190,2026-09-17T23:30Z,Charlisse Leger-Walker,4703609,CON,assists,3.0,ESPN_PUBLIC_BOX_SCORE
ESPNHIST-f6645b1a2052c64229b192cd,2026-09-19T17:39:56.545928+00:00,WNBA,ESPN-401857190,401857190,2026-09-17T23:30Z,Charlisse Leger-Walker,4703609,CON,turnovers,2.0,ESPN_PUBLIC_BOX_SCORE
ESPNHIST-bcd6d32f8d77698144eefcae,2026-09-19T17:39:56.545928+00:00,WNBA,ESPN-401857190,401857190,2026-09-17T23:30Z,Charlisse Leger-Walker,4703609,CON,steals,1.0,ESPN_PUBLIC_BOX_SCORE
ESPNHIST-7d2b8df6575102edbd85669e,2026-09-19T17:39:56.545928+00:00,WNBA,ESPN-401857190,401857190,2026-09-17T23:30Z,Charlisse Leger-Walker,4703609,CON,blocks,1.0,ESPN_PUBLIC_BOX_SCORE
ESPNHIST-28d9cd3a1a4943e16006e63c,2026-09-19T17:39:56.545928+00:00,WNBA,ESPN-401857190,401857190,2026-09-17T23:30Z,Gianna Kneepkens,4898898,CON,minutes,20.0,ESPN_PUBLIC_BOX_SCORE
ESPNHIST-f09d54749968f982b7e597bf,2026-09-19T17:39:56.545928+00:00,WNBA,ESPN-401857190,401857190,2026-09-17T23:30Z,Gianna Kneepkens,4898898,CON,points,0.0,ESPN_PUBLIC_BOX_SCORE
ESPNHIST-0208fb04769d6dcf0b29aa88,2026-09-19T17:39:56.545928+00:00,WNBA,ESPN-401857190,401857190,2026-09-17T23:30Z,Gianna Kneepkens,4898898,CON,rebounds,2.0,ESPN_PUBLIC_BOX_SCORE
ESPNHIST-8d0d91393827152911d036de,2026-09-19T17:39:56.545928+00:00,WNBA,ESPN-401857190,401857190,2026-09-17T23:30Z,Gianna Kneepkens,4898898,CON,assists,1.0,ESPN_PUBLIC_BOX_SCORE
ESPNHIST-21dfd6c1ac8309d25d77e231,2026-09-19T17:39:56.545928+00:00,WNBA,ESPN-401857190,401857190,2026-09-17T23:30Z,Gianna Kneepkens,4898898,CON,turnovers,0.0,ESPN_PUBLIC_BOX_SCORE
ESPNHIST-18e5dfe237010f169424c6cc,2026-09-19T17:39:56.545928+00:00,WNBA,ESPN-401857190,401857190,2026-09-17T23:30Z,Gianna Kneepkens,4898898,CON,steals,0.0,ESPN_PUBLIC_BOX_SCORE
ESPNHIST-4a974c103f1539b286e6bd3a,2026-09-19T17:39:56.545928+00:00,WNBA,ESPN-401857190,401857190,2026-09-17T23:30Z,Gianna Kneepkens,4898898,CON,blocks,0.0,ESPN_PUBLIC_BOX_SCORE
ESPNHIST-7f23f06cc8834dbeaba21b4c,2026-09-19T17:39:56.545928+00:00,WNBA,ESPN-401857190,401857190,2026-09-17T23:30Z,Raegan Beers,5105732,CON,minutes,18.0,ESPN_PUBLIC_BOX_SCORE
ESPNHIST-62cbdc795bd771187cfe560a,2026-09-19T17:39:56.545928+00:00,WNBA,ESPN-401857190,401857190,2026-09-17T23:30Z,Raegan Beers,5105732,CON,points,9.0,ESPN_PUBLIC_BOX_SCORE
ESPNHIST-ab7cad3efd3c3bb4b3bd2e50,2026-09-19T17:39:56.545928+00:00,WNBA,ESPN-401857190,401857190,2026-09-17T23:30Z,Raegan Beers,5105732,CON,rebounds,2.0,ESPN_PUBLIC_BOX_SCORE
ESPNHIST-3ad5ddd440e602fe56a5dedf,2026-09-19T17:39:56.545928+00:00,WNBA,ESPN-401857190,401857190,2026-09-17T23:30Z,Raegan Beers,5105732,CON,assists,2.0,ESPN_PUBLIC_BOX_SCORE
ESPNHIST-2f1c45cf77f221c7efefafbc,2026-09-19T17:39:56.545928+00:00,WNBA,ESPN-401857190,401857190,2026-09-17T23:30Z,Raegan Beers,5105732,CON,turnovers,3.0,ESPN_PUBLIC_BOX_SCORE
ESPNHIST-b01f0e8329a3f6ff9eb6af5d,2026-09-19T17:39:56.545928+00:00,WNBA,ESPN-401857190,401857190,2026-09-17T23:30Z,Raegan Beers,5105732,CON,steals,1.0,ESPN_PUBLIC_BOX_SCORE
ESPNHIST-401203c261f9b0c591834b76,2026-09-19T17:39:56.545928+00:00,WNBA,ESPN-401857190,401857190,2026-09-17T23:30Z,Raegan Beers,5105732,CON,blocks,2.0,ESPN_PUBLIC_BOX_SCORE
ESPNHIST-5e53d1bf6899037f7ee31ce7,2026-09-19T17:39:56.545928+00:00,WNBA,ESPN-401857190,401857190,2026-09-17T23:30Z,Nell Angloma,5345319,CON,minutes,22.0,ESPN_PUBLIC_BOX_SCORE
ESPNHIST-a060b8584dc9612899a1f2b5,2026-09-19T17:39:56.545928+00:00,WNBA,ESPN-401857190,401857190,2026-09-17T23:30Z,Nell Angloma,5345319,CON,points,6.0,ESPN_PUBLIC_BOX_SCORE
ESPNHIST-612c9834994d5e2b36db3772,2026-09-19T17:39:56.545928+00:00,WNBA,ESPN-401857190,401857190,2026-09-17T23:30Z,Nell Angloma,5345319,CON,rebounds,1.0,ESPN_PUBLIC_BOX_SCORE
ESPNHIST-e554f799f3a07faf3077e5e8,2026-09-19T17:39:56.545928+00:00,WNBA,ESPN-401857190,401857190,2026-09-17T23:30Z,Nell Angloma,5345319,CON,assists,2.0,ESPN_PUBLIC_BOX_SCORE
ESPNHIST-6443f1d11f1e738513a2a9f9,2026-09-19T17:39:56.545928+00:00,WNBA,ESPN-401857190,401857190,2026-09-17T23:30Z,Nell Angloma,5345319,CON,turnovers,0.0,ESPN_PUBLIC_BOX_SCORE
ESPNHIST-79a761b8da2d0f44bf09219f,2026-09-19T17:39:56.545928+00:00,WNBA,ESPN-401857190,401857190,2026-09-17T23:30Z,Nell Angloma,5345319,CON,steals,0.0,ESPN_PUBLIC_BOX_SCORE
ESPNHIST-df33e264f03d79d6f9030611,2026-09-19T17:39:56.545928+00:00,WNBA,ESPN-401857190,401857190,2026-09-17T23:30Z,Nell Angloma,5345319,CON,blocks,0.0,ESPN_PUBLIC_BOX_SCORE
ESPNHIST-1b445a76ce2914ddf349b884,2026-09-19T17:39:56.545928+00:00,WNBA,ESPN-401857190,401857190,2026-09-17T23:30Z,Hailey Van Lith,4433412,CON,minutes,19.0,ESPN_PUBLIC_BOX_SCORE
ESPNHIST-e87a4391f718b84f6eae0fec,2026-09-19T17:39:56.545928+00:00,WNBA,ESPN-401857190,401857190,2026-09-17T23:30Z,Hailey Van Lith,4433412,CON,points,2.0,ESPN_PUBLIC_BOX_SCORE
ESPNHIST-a14f4430dbec1d4b5b0551aa,2026-09-19T17:39:56.545928+00:00,WNBA,ESPN-401857190,401857190,2026-09-17T23:30Z,Hailey Van Lith,4433412,CON,rebounds,0.0,ESPN_PUBLIC_BOX_SCORE
ESPNHIST-f05aa9f22135bdb7b829990b,2026-09-19T17:39:56.545928+00:00,WNBA,ESPN-401857190,401857190,2026-09-17T23:30Z,Hailey Van Lith,4433412,CON,assists,2.0,ESPN_PUBLIC_BOX_SCORE
ESPNHIST-b69a35ce7af5f211d47b700e,2026-09-19T17:39:56.545928+00:00,WNBA,ESPN-401857190,401857190,2026-09-17T23:30Z,Hailey Van Lith,4433412,CON,turnovers,3.0,ESPN_PUBLIC_BOX_SCORE
ESPNHIST-c715cb7218af5650aa481711,2026-09-19T17:39:56.545928+00:00,WNBA,ESPN-401857190,401857190,2026-09-17T23:30Z,Hailey Van Lith,4433412,CON,steals,0.0,ESPN_PUBLIC_BOX_SCORE
ESPNHIST-e1d4625364316d6564673900,2026-09-19T17:39:56.545928+00:00,WNBA,ESPN-401857190,401857190,2026-09-17T23:30Z,Hailey Van Lith,4433412,CON,blocks,0.0,ESPN_PUBLIC_BOX_SCORE
ESPNHIST-2e9f6b8b6a4b584e8f206f3c,2026-09-19T17:39:56.545928+00:00,WNBA,ESPN-401857190,401857190,2026-09-17T23:30Z,Ashlon Jackson,5106232,CON,minutes,31.0,ESPN_PUBLIC_BOX_SCORE
ESPNHIST-0497ed0ccfa5e0da5e073a8b,2026-09-19T17:39:56.545928+00:00,WNBA,ESPN-401857190,401857190,2026-09-17T23:30Z,Ashlon Jackson,5106232,CON,points,9.0,ESPN_PUBLIC_BOX_SCORE
ESPNHIST-841165e2d460dbfe3590a9df,2026-09-19T17:39:56.545928+00:00,WNBA,ESPN-401857190,401857190,2026-09-17T23:30Z,Ashlon Jackson,5106232,CON,rebounds,5.0,ESPN_PUBLIC_BOX_SCORE
ESPNHIST-e2536f98551ed00013a4dc28,2026-09-19T17:39:56.545928+00:00,WNBA,ESPN-401857190,401857190,2026-09-17T23:30Z,Ashlon Jackson,5106232,CON,assists,2.0,ESPN_PUBLIC_BOX_SCORE
ESPNHIST-6225fb52d75572b838b33b72,2026-09-19T17:39:56.545928+00:00,WNBA,ESPN-401857190,401857190,2026-09-17T23:30Z,Ashlon Jackson,5106232,CON,turnovers,2.0,ESPN_PUBLIC_BOX_SCORE
ESPNHIST-e7c5411e5b34f743f4437d7d,2026-09-19T17:39:56.545928+00:00,WNBA,ESPN-401857190,401857190,2026-09-17T23:30Z,Ashlon Jackson,5106232,CON,steals,0.0,ESPN_PUBLIC_BOX_SCORE
ESPNHIST-fed9e4f3d4a915e7a7c0d412,2026-09-19T17:39:56.545928+00:00,WNBA,ESPN-401857190,401857190,2026-09-17T23:30Z,Ashlon Jackson,5106232,CON,blocks,0.0,ESPN_PUBLIC_BOX_SCORE
ESPNHIST-667e39afd4c61f34494005d5,2026-09-19T17:39:56.545928+00:00,WNBA,ESPN-401857190,401857190,2026-09-17T23:30Z,Naz Hillmon,4398915,ATL,minutes,22.0,ESPN_PUBLIC_BOX_SCORE
ESPNHIST-0444c2fa7d8805fb0b38eec9,2026-09-19T17:39:56.545928+00:00,WNBA,ESPN-401857190,401857190,2026-09-17T23:30Z,Naz Hillmon,4398915,ATL,points,9.0,ESPN_PUBLIC_BOX_SCORE
ESPNHIST-29b302855d42f5c3e72fe235,2026-09-19T17:39:56.545928+00:00,WNBA,ESPN-401857190,401857190,2026-09-17T23:30Z,Naz Hillmon,4398915,ATL,rebounds,6.0,ESPN_PUBLIC_BOX_SCORE
ESPNHIST-27d86d0e7b1babbbfe6895f1,2026-09-19T17:39:56.545928+00:00,WNBA,ESPN-401857190,401857190,2026-09-17T23:30Z,Naz Hillmon,4398915,ATL,assists,3.0,ESPN_PUBLIC_BOX_SCORE
ESPNHIST-cfd202d745bfb9528c052a2e,2026-09-19T17:39:56.545928+00:00,WNBA,ESPN-401857190,401857190,2026-09-17T23:30Z,Naz Hillmon,4398915,ATL,turnovers,0.0,ESPN_PUBLIC_BOX_SCORE
ESPNHIST-f6afd4ff3b68e0758f0130e5,2026-09-19T17:39:56.545928+00:00,WNBA,ESPN-401857190,401857190,2026-09-17T23:30Z,Naz Hillmon,4398915,ATL,steals,1.0,ESPN_PUBLIC_BOX_SCORE
ESPNHIST-39680fd1f0a499b5ad89c4e4,2026-09-19T17:39:56.545928+00:00,WNBA,ESPN-401857190,401857190,2026-09-17T23:30Z,Naz Hillmon,4398915,ATL,blocks,0.0,ESPN_PUBLIC_BOX_SCORE
ESPNHIST-b0f2535b8b901b16a3717d61,2026-09-19T17:39:56.545928+00:00,WNBA,ESPN-401857190,401857190,2026-09-17T23:30Z,Angel Reese,4433402,ATL,minutes,25.0,ESPN_PUBLIC_BOX_SCORE
ESPNHIST-78c493f7976b2b703b005984,2026-09-19T17:39:56.545928+00:00,WNBA,ESPN-401857190,401857190,2026-09-17T23:30Z,Angel Reese,4433402,ATL,points,30.0,ESPN_PUBLIC_BOX_SCORE
ESPNHIST-04c5308917a03270a719a04f,2026-09-19T17:39:56.545928+00:00,WNBA,ESPN-401857190,401857190,2026-09-17T23:30Z,Angel Reese,4433402,ATL,rebounds,10.0,ESPN_PUBLIC_BOX_SCORE
ESPNHIST-95ae47c7becd6ccbdb53851f,2026-09-19T17:39:56.545928+00:00,WNBA,ESPN-401857190,401857190,2026-09-17T23:30Z,Angel Reese,4433402,ATL,assists,3.0,ESPN_PUBLIC_BOX_SCORE
ESPNHIST-7e0620efd9b0023c91519f84,2026-09-19T17:39:56.545928+00:00,WNBA,ESPN-401857190,401857190,2026-09-17T23:30Z,Angel Reese,4433402,ATL,turnovers,1.0,ESPN_PUBLIC_BOX_SCORE
ESPNHIST-7bdfff3d089ddfdb86c37e0f,2026-09-19T17:39:56.545928+00:00,WNBA,ESPN-401857190,401857190,2026-09-17T23:30Z,Angel Reese,4433402,ATL,steals,0.0,ESPN_PUBLIC_BOX_SCORE
ESPNHIST-e4579a2dba592121cc59f5ae,2026-09-19T17:39:56.545928+00:00,WNBA,ESPN-401857190,401857190,2026-09-17T23:30Z,Angel Reese,4433402,ATL,blocks,2.0,ESPN_PUBLIC_BOX_SCORE
ESPNHIST-63f79a877a7359182df24eba,2026-09-19T17:39:56.545928+00:00,WNBA,ESPN-401857190,401857190,2026-09-17T23:30Z,Allisha Gray,3058901,ATL,minutes,22.0,ESPN_PUBLIC_BOX_SCORE
ESPNHIST-0b1ceb0abbab8652a071b9d8,2026-09-19T17:39:56.545928+00:00,WNBA,ESPN-401857190,401857190,2026-09-17T23:30Z,Allisha Gray,3058901,ATL,points,10.0,ESPN_PUBLIC_BOX_SCORE
ESPNHIST-bb237f28028c420fbf5f37e6,2026-09-19T17:39:56.545928+00:00,WNBA,ESPN-401857190,401857190,2026-09-17T23:30Z,Allisha Gray,3058901,ATL,rebounds,6.0,ESPN_PUBLIC_BOX_SCORE
ESPNHIST-c6ec490c8f556ed1315db5cf,2026-09-19T17:39:56.545928+00:00,WNBA,ESPN-401857190,401857190,2026-09-17T23:30Z,Allisha Gray,3058901,ATL,assists,5.0,ESPN_PUBLIC_BOX_SCORE
ESPNHIST-69a2010f7b84b3949e1bdcca,2026-09-19T17:39:56.545928+00:00,WNBA,ESPN-401857190,401857190,2026-09-17T23:30Z,Allisha Gray,3058901,ATL,turnovers,0.0,ESPN_PUBLIC_BOX_SCORE
ESPNHIST-53cb2162cf49fd0747131a2c,2026-09-19T17:39:56.545928+00:00,WNBA,ESPN-401857190,401857190,2026-09-17T23:30Z,Allisha Gray,3058901,ATL,steals,0.0,ESPN_PUBLIC_BOX_SCORE
ESPNHIST-846993377b43d0a0536d3789,2026-09-19T17:39:56.545928+00:00,WNBA,ESPN-401857190,401857190,2026-09-17T23:30Z,Allisha Gray,3058901,ATL,blocks,0.0,ESPN_PUBLIC_BOX_SCORE
ESPNHIST-d5adb06ffd1399c47c8ed90e,2026-09-19T17:39:56.545928+00:00,WNBA,ESPN-401857190,401857190,2026-09-17T23:30Z,Jordin Canada,3142250,ATL,minutes,21.0,ESPN_PUBLIC_BOX_SCORE
ESPNHIST-7e4166b8a073dc230b0bd6b1,2026-09-19T17:39:56.545928+00:00,WNBA,ESPN-401857190,401857190,2026-09-17T23:30Z,Jordin Canada,3142250,ATL,points,5.0,ESPN_PUBLIC_BOX_SCORE
ESPNHIST-751d73416182f843a524e467,2026-09-19T17:39:56.545928+00:00,WNBA,ESPN-401857190,401857190,2026-09-17T23:30Z,Jordin Canada,3142250,ATL,rebounds,0.0,ESPN_PUBLIC_BOX_SCORE
ESPNHIST-09341126f0cab47255b9c46d,2026-09-19T17:39:56.545928+00:00,WNBA,ESPN-401857190,401857190,2026-09-17T23:30Z,Jordin Canada,3142250,ATL,assists,1.0,ESPN_PUBLIC_BOX_SCORE
ESPNHIST-9a654e0e0851505be79d2551,2026-09-19T17:39:56.545928+00:00,WNBA,ESPN-401857190,401857190,2026-09-17T23:30Z,Jordin Canada,3142250,ATL,turnovers,0.0,ESPN_PUBLIC_BOX_SCORE
ESPNHIST-9a247d90e2372621021d5ea1,2026-09-19T17:39:56.545928+00:00,WNBA,ESPN-401857190,401857190,2026-09-17T23:30Z,Jordin Canada,3142250,ATL,steals,2.0,ESPN_PUBLIC_BOX_SCORE
ESPNHIST-3c8b820da0c1c240aff888ce,2026-09-19T17:39:56.545928+00:00,WNBA,ESPN-401857190,401857190,2026-09-17T23:30Z,Jordin Canada,3142250,ATL,blocks,0.0,ESPN_PUBLIC_BOX_SCORE
ESPNHIST-2a64f78da9c9c6688280b524,2026-09-19T17:39:56.545928+00:00,WNBA,ESPN-401857190,401857190,2026-09-17T23:30Z,Rhyne Howard,4398674,ATL,minutes,28.0,ESPN_PUBLIC_BOX_SCORE
ESPNHIST-3b29dde3e991f1cf0eba16b2,2026-09-19T17:39:56.545928+00:00,WNBA,ESPN-401857190,401857190,2026-09-17T23:30Z,Rhyne Howard,4398674,ATL,points,10.0,ESPN_PUBLIC_BOX_SCORE
ESPNHIST-6a758939d984722b57092366,2026-09-19T17:39:56.545928+00:00,WNBA,ESPN-401857190,401857190,2026-09-17T23:30Z,Rhyne Howard,4398674,ATL,rebounds,6.0,ESPN_PUBLIC_BOX_SCORE
ESPNHIST-c3bf6a5775d5f5868d01166d,2026-09-19T17:39:56.545928+00:00,WNBA,ESPN-401857190,401857190,2026-09-17T23:30Z,Rhyne Howard,4398674,ATL,assists,8.0,ESPN_PUBLIC_BOX_SCORE
ESPNHIST-8ad027b6720bdb1e6bc36f13,2026-09-19T17:39:56.545928+00:00,WNBA,ESPN-401857190,401857190,2026-09-17T23:30Z,Rhyne Howard,4398674,ATL,turnovers,1.0,ESPN_PUBLIC_BOX_SCORE
ESPNHIST-3f1639c969bbc123ce11b1b0,2026-09-19T17:39:56.545928+00:00,WNBA,ESPN-401857190,401857190,2026-09-17T23:30Z,Rhyne Howard,4398674,ATL,steals,4.0,ESPN_PUBLIC_BOX_SCORE
ESPNHIST-012c228ba2d5b375f8407b80,2026-09-19T17:39:56.545928+00:00,WNBA,ESPN-401857190,401857190,2026-09-17T23:30Z,Rhyne Howard,4398674,ATL,blocks,1.0,ESPN_PUBLIC_BOX_SCORE
ESPNHIST-e8164c0309089609b5facef2,2026-09-19T17:39:56.545928+00:00,WNBA,ESPN-401857190,401857190,2026-09-17T23:30Z,DeWanna Bonner,869,ATL,minutes,11.0,ESPN_PUBLIC_BOX_SCORE
ESPNHIST-06790b7845ff5cca3dd5a82a,2026-09-19T17:39:56.545928+00:00,WNBA,ESPN-401857190,401857190,2026-09-17T23:30Z,DeWanna Bonner,869,ATL,points,2.0,ESPN_PUBLIC_BOX_SCORE
ESPNHIST-6d6462dc8d5ae397c61b50bf,2026-09-19T17:39:56.545928+00:00,WNBA,ESPN-401857190,401857190,2026-09-17T23:30Z,DeWanna Bonner,869,ATL,rebounds,5.0,ESPN_PUBLIC_BOX_SCORE
ESPNHIST-a8f7e87387b5f65dd50f1570,2026-09-19T17:39:56.545928+00:00,WNBA,ESPN-401857190,401857190,2026-09-17T23:30Z,DeWanna Bonner,869,ATL,assists,1.0,ESPN_PUBLIC_BOX_SCORE
ESPNHIST-80a2b9368a1778e5bd6bd306,2026-09-19T17:39:56.545928+00:00,WNBA,ESPN-401857190,401857190,2026-09-17T23:30Z,DeWanna Bonner,869,ATL,turnovers,0.0,ESPN_PUBLIC_BOX_SCORE
ESPNHIST-cbbad59e215aef24e232ef27,2026-09-19T17:39:56.545928+00:00,WNBA,ESPN-401857190,401857190,2026-09-17T23:30Z,DeWanna Bonner,869,ATL,steals,0.0,ESPN_PUBLIC_BOX_SCORE
ESPNHIST-c8e9b2f289b552a5a8e0de86,2026-09-19T17:39:56.545928+00:00,WNBA,ESPN-401857190,401857190,2026-09-17T23:30Z,DeWanna Bonner,869,ATL,blocks,0.0,ESPN_PUBLIC_BOX_SCORE
ESPNHIST-a12a323c21b20f4f8a6b18ad,2026-09-19T17:39:56.545928+00:00,WNBA,ESPN-401857190,401857190,2026-09-17T23:30Z,Sika Kone,5017721,ATL,minutes,7.0,ESPN_PUBLIC_BOX_SCORE
ESPNHIST-e2f415cbc761656d16ed116b,2026-09-19T17:39:56.545928+00:00,WNBA,ESPN-401857190,401857190,2026-09-17T23:30Z,Sika Kone,5017721,ATL,points,5.0,ESPN_PUBLIC_BOX_SCORE
ESPNHIST-9705e7555214d018955ba5a0,2026-09-19T17:39:56.545928+00:00,WNBA,ESPN-401857190,401857190,2026-09-17T23:30Z,Sika Kone,5017721,ATL,rebounds,2.0,ESPN_PUBLIC_BOX_SCORE
ESPNHIST-ae9fc6689a3783cff887e992,2026-09-19T17:39:56.545928+00:00,WNBA,ESPN-401857190,401857190,2026-09-17T23:30Z,Sika Kone,5017721,ATL,assists,1.0,ESPN_PUBLIC_BOX_SCORE
ESPNHIST-852f1fcd6096e09d14b83d76,2026-09-19T17:39:56.545928+00:00,WNBA,ESPN-401857190,401857190,2026-09-17T23:30Z,Sika Kone,5017721,ATL,turnovers,0.0,ESPN_PUBLIC_BOX_SCORE
ESPNHIST-6cec5efefe2e9a0023de20b7,2026-09-19T17:39:56.545928+00:00,WNBA,ESPN-401857190,401857190,2026-09-17T23:30Z,Sika Kone,5017721,ATL,steals,0.0,ESPN_PUBLIC_BOX_SCORE
ESPNHIST-8269c6e52351121adcd7788e,2026-09-19T17:39:56.545928+00:00,WNBA,ESPN-401857190,401857190,2026-09-17T23:30Z,Sika Kone,5017721,ATL,blocks,0.0,ESPN_PUBLIC_BOX_SCORE
ESPNHIST-0c14af30bcb584030af933bf,2026-09-19T17:39:56.545928+00:00,WNBA,ESPN-401857190,401857190,2026-09-17T23:30Z,Madina Okot,5108587,ATL,minutes,15.0,ESPN_PUBLIC_BOX_SCORE
ESPNHIST-f87544fa6eff009da79c3b24,2026-09-19T17:39:56.545928+00:00,WNBA,ESPN-401857190,401857190,2026-09-17T23:30Z,Madina Okot,5108587,ATL,points,10.0,ESPN_PUBLIC_BOX_SCORE
ESPNHIST-7c7562fca53ffd5427af79fd,2026-09-19T17:39:56.545928+00:00,WNBA,ESPN-401857190,401857190,2026-09-17T23:30Z,Madina Okot,5108587,ATL,rebounds,3.0,ESPN_PUBLIC_BOX_SCORE
ESPNHIST-6ab245a9c9d28cf4126c26c5,2026-09-19T17:39:56.545928+00:00,WNBA,ESPN-401857190,401857190,2026-09-17T23:30Z,Madina Okot,5108587,ATL,assists,1.0,ESPN_PUBLIC_BOX_SCORE
ESPNHIST-8d3d874e9241417f569db2fa,2026-09-19T17:39:56.545928+00:00,WNBA,ESPN-401857190,401857190,2026-09-17T23:30Z,Madina Okot,5108587,ATL,turnovers,1.0,ESPN_PUBLIC_BOX_SCORE
ESPNHIST-503b660ce1d7466db59ca30a,2026-09-19T17:39:56.545928+00:00,WNBA,ESPN-401857190,401857190,2026-09-17T23:30Z,Madina Okot,5108587,ATL,steals,1.0,ESPN_PUBLIC_BOX_SCORE
ESPNHIST-e53378333104515f9c02a960,2026-09-19T17:39:56.545928+00:00,WNBA,ESPN-401857190,401857190,2026-09-17T23:30Z,Madina Okot,5108587,ATL,blocks,0.0,ESPN_PUBLIC_BOX_SCORE
ESPNHIST-5ec3cde1af78ba00be97bbde,2026-09-19T17:39:56.545928+00:00,WNBA,ESPN-401857190,401857190,2026-09-17T23:30Z,Shatori Walker-Kimbrough,3058893,ATL,minutes,7.0,ESPN_PUBLIC_BOX_SCORE
ESPNHIST-9670060b01bef9d488e79dac,2026-09-19T17:39:56.545928+00:00,WNBA,ESPN-401857190,401857190,2026-09-17T23:30Z,Shatori Walker-Kimbrough,3058893,ATL,points,4.0,ESPN_PUBLIC_BOX_SCORE
ESPNHIST-46c9cd0f28e8e1b343e86b7c,2026-09-19T17:39:56.545928+00:00,WNBA,ESPN-401857190,401857190,2026-09-17T23:30Z,Shatori Walker-Kimbrough,3058893,ATL,rebounds,0.0,ESPN_PUBLIC_BOX_SCORE
ESPNHIST-a5563eb55280889c85e3f80c,2026-09-19T17:39:56.545928+00:00,WNBA,ESPN-401857190,401857190,2026-09-17T23:30Z,Shatori Walker-Kimbrough,3058893,ATL,assists,2.0,ESPN_PUBLIC_BOX_SCORE
ESPNHIST-8176306ac0af622e49afa3fd,2026-09-19T17:39:56.545928+00:00,WNBA,ESPN-401857190,401857190,2026-09-17T23:30Z,Shatori Walker-Kimbrough,3058893,ATL,turnovers,1.0,ESPN_PUBLIC_BOX_SCORE
ESPNHIST-7b68897b75cb80349dfbe353,2026-09-19T17:39:56.545928+00:00,WNBA,ESPN-401857190,401857190,2026-09-17T23:30Z,Shatori Walker-Kimbrough,3058893,ATL,steals,0.0,ESPN_PUBLIC_BOX_SCORE
ESPNHIST-abda47bf1edf3d0abdcde9f5,2026-09-19T17:39:56.545928+00:00,WNBA,ESPN-401857190,401857190,2026-09-17T23:30Z,Shatori Walker-Kimbrough,3058893,ATL,blocks,0.0,ESPN_PUBLIC_BOX_SCORE
ESPNHIST-87560899e85519f460869a39,2026-09-19T17:39:56.545928+00:00,WNBA,ESPN-401857190,401857190,2026-09-17T23:30Z,Te-Hina Paopao,4433431,ATL,minutes,21.0,ESPN_PUBLIC_BOX_SCORE
ESPNHIST-88da6df2a75f0da227725e9d,2026-09-19T17:39:56.545928+00:00,WNBA,ESPN-401857190,401857190,2026-09-17T23:30Z,Te-Hina Paopao,4433431,ATL,points,10.0,ESPN_PUBLIC_BOX_SCORE
ESPNHIST-714b5f6ee57641b63ddd245b,2026-09-19T17:39:56.545928+00:00,WNBA,ESPN-401857190,401857190,2026-09-17T23:30Z,Te-Hina Paopao,4433431,ATL,rebounds,2.0,ESPN_PUBLIC_BOX_SCORE
ESPNHIST-b65e920de4489112ec24115c,2026-09-19T17:39:56.545928+00:00,WNBA,ESPN-401857190,401857190,2026-09-17T23:30Z,Te-Hina Paopao,4433431,ATL,assists,2.0,ESPN_PUBLIC_BOX_SCORE
ESPNHIST-d0d81f11d07a74f0f71d848f,2026-09-19T17:39:56.545928+00:00,WNBA,ESPN-401857190,401857190,2026-09-17T23:30Z,Te-Hina Paopao,4433431,ATL,turnovers,0.0,ESPN_PUBLIC_BOX_SCORE
ESPNHIST-1dc0691e182171ee9cb7b4d3,2026-09-19T17:39:56.545928+00:00,WNBA,ESPN-401857190,401857190,2026-09-17T23:30Z,Te-Hina Paopao,4433431,ATL,steals,0.0,ESPN_PUBLIC_BOX_SCORE
ESPNHIST-510bf707a7a000ba3e9da304,2026-09-19T17:39:56.545928+00:00,WNBA,ESPN-401857190,401857190,2026-09-17T23:30Z,Te-Hina Paopao,4433431,ATL,blocks,0.0,ESPN_PUBLIC_BOX_SCORE
ESPNHIST-f61fe6bc2f5f4600ad191d97,2026-09-19T17:39:56.545928+00:00,WNBA,ESPN-401857190,401857190,2026-09-17T23:30Z,Indya Nivar,5105740,ATL,minutes,5.0,ESPN_PUBLIC_BOX_SCORE
ESPNHIST-e008a6e1f7e9b1315cdc242a,2026-09-19T17:39:56.545928+00:00,WNBA,ESPN-401857190,401857190,2026-09-17T23:30Z,Indya Nivar,5105740,ATL,points,5.0,ESPN_PUBLIC_BOX_SCORE
ESPNHIST-09795f27cca5fcd958114aaa,2026-09-19T17:39:56.545928+00:00,WNBA,ESPN-401857190,401857190,2026-09-17T23:30Z,Indya Nivar,5105740,ATL,rebounds,0.0,ESPN_PUBLIC_BOX_SCORE
ESPNHIST-951d2f92f736771fe3dde235,2026-09-19T17:39:56.545928+00:00,WNBA,ESPN-401857190,401857190,2026-09-17T23:30Z,Indya Nivar,5105740,ATL,assists,0.0,ESPN_PUBLIC_BOX_SCORE
ESPNHIST-da6edb0b96935829095fc5a3,2026-09-19T17:39:56.545928+00:00,WNBA,ESPN-401857190,401857190,2026-09-17T23:30Z,Indya Nivar,5105740,ATL,turnovers,0.0,ESPN_PUBLIC_BOX_SCORE
ESPNHIST-1bd12059520246bcf66dde4a,2026-09-19T17:39:56.545928+00:00,WNBA,ESPN-401857190,401857190,2026-09-17T23:30Z,Indya Nivar,5105740,ATL,steals,0.0,ESPN_PUBLIC_BOX_SCORE
ESPNHIST-43f222da77b2f95297d4ad40,2026-09-19T17:39:56.545928+00:00,WNBA,ESPN-401857190,401857190,2026-09-17T23:30Z,Indya Nivar,5105740,ATL,blocks,0.0,ESPN_PUBLIC_BOX_SCORE
ESPNHIST-fb4ba1d4b8438eae7a7c6ca3,2026-09-19T17:39:56.545928+00:00,WNBA,ESPN-401857190,401857190,2026-09-17T23:30Z,Isobel Borlase,5208983,ATL,minutes,17.0,ESPN_PUBLIC_BOX_SCORE
ESPNHIST-c40e7139c890331a4a953ebc,2026-09-19T17:39:56.545928+00:00,WNBA,ESPN-401857190,401857190,2026-09-17T23:30Z,Isobel Borlase,5208983,ATL,points,3.0,ESPN_PUBLIC_BOX_SCORE
ESPNHIST-b13aebad593e9f3f854d3b2b,2026-09-19T17:39:56.545928+00:00,WNBA,ESPN-401857190,401857190,2026-09-17T23:30Z,Isobel Borlase,5208983,ATL,rebounds,2.0,ESPN_PUBLIC_BOX_SCORE
ESPNHIST-bab5fa9e60e6390168b7b6fd,2026-09-19T17:39:56.545928+00:00,WNBA,ESPN-401857190,401857190,2026-09-17T23:30Z,Isobel Borlase,5208983,ATL,assists,3.0,ESPN_PUBLIC_BOX_SCORE
ESPNHIST-db164fc3e48deec4b4dd3c73,2026-09-19T17:39:56.545928+00:00,WNBA,ESPN-401857190,401857190,2026-09-17T23:30Z,Isobel Borlase,5208983,ATL,turnovers,0.0,ESPN_PUBLIC_BOX_SCORE
ESPNHIST-01b1e50c2b50e1b06c213a05,2026-09-19T17:39:56.545928+00:00,WNBA,ESPN-401857190,401857190,2026-09-17T23:30Z,Isobel Borlase,5208983,ATL,steals,1.0,ESPN_PUBLIC_BOX_SCORE
ESPNHIST-53426a7363d9d9643a1109de,2026-09-19T17:39:56.545928+00:00,WNBA,ESPN-401857190,401857190,2026-09-17T23:30Z,Isobel Borlase,5208983,ATL,blocks,0.0,ESPN_PUBLIC_BOX_SCORE
ESPNHIST-d4fb43bb5db5a3089946b843,2026-09-19T17:39:56.545928+00:00,WNBA,ESPN-401857191,401857191,2026-09-18T00:00Z,Michaela Onyenwere,4282173,WSH,minutes,21.0,ESPN_PUBLIC_BOX_SCORE
ESPNHIST-9a62728e7ebc2e4730b4a3c3,2026-09-19T17:39:56.545928+00:00,WNBA,ESPN-401857191,401857191,2026-09-18T00:00Z,Michaela Onyenwere,4282173,WSH,points,12.0,ESPN_PUBLIC_BOX_SCORE
ESPNHIST-9306d07488fbb8a75b50a374,2026-09-19T17:39:56.545928+00:00,WNBA,ESPN-401857191,401857191,2026-09-18T00:00Z,Michaela Onyenwere,4282173,WSH,rebounds,2.0,ESPN_PUBLIC_BOX_SCORE
ESPNHIST-b1a8bac31e1d3cfa9b4eeb7b,2026-09-19T17:39:56.545928+00:00,WNBA,ESPN-401857191,401857191,2026-09-18T00:00Z,Michaela Onyenwere,4282173,WSH,assists,4.0,ESPN_PUBLIC_BOX_SCORE
ESPNHIST-e8f64ecbb2922656ae3b1940,2026-09-19T17:39:56.545928+00:00,WNBA,ESPN-401857191,401857191,2026-09-18T00:00Z,Michaela Onyenwere,4282173,WSH,turnovers,1.0,ESPN_PUBLIC_BOX_SCORE
ESPNHIST-2dc24a6453271dca24ad34b9,2026-09-19T17:39:56.545928+00:00,WNBA,ESPN-401857191,401857191,2026-09-18T00:00Z,Michaela Onyenwere,4282173,WSH,steals,0.0,ESPN_PUBLIC_BOX_SCORE
ESPNHIST-e6f786ca4b5e29774e45aff8,2026-09-19T17:39:56.545928+00:00,WNBA,ESPN-401857191,401857191,2026-09-18T00:00Z,Michaela Onyenwere,4282173,WSH,blocks,0.0,ESPN_PUBLIC_BOX_SCORE
ESPNHIST-27d631625013692f7df7b3d2,2026-09-19T17:39:56.545928+00:00,WNBA,ESPN-401857191,401857191,2026-09-18T00:00Z,Kiki Iriafen,4898384,WSH,minutes,24.0,ESPN_PUBLIC_BOX_SCORE
ESPNHIST-b26f73443459e7296b3b47e2,2026-09-19T17:39:56.545928+00:00,WNBA,ESPN-401857191,401857191,2026-09-18T00:00Z,Kiki Iriafen,4898384,WSH,points,18.0,ESPN_PUBLIC_BOX_SCORE
ESPNHIST-b428eb3b15dd4ecf3b5c792a,2026-09-19T17:39:56.545928+00:00,WNBA,ESPN-401857191,401857191,2026-09-18T00:00Z,Kiki Iriafen,4898384,WSH,rebounds,11.0,ESPN_PUBLIC_BOX_SCORE
ESPNHIST-da4a487fd652b79c8782e5bf,2026-09-19T17:39:56.545928+00:00,WNBA,ESPN-401857191,401857191,2026-09-18T00:00Z,Kiki Iriafen,4898384,WSH,assists,0.0,ESPN_PUBLIC_BOX_SCORE
ESPNHIST-e5f57d07926d2fac5f774272,2026-09-19T17:39:56.545928+00:00,WNBA,ESPN-401857191,401857191,2026-09-18T00:00Z,Kiki Iriafen,4898384,WSH,turnovers,1.0,ESPN_PUBLIC_BOX_SCORE
ESPNHIST-433d838f48d2f2a561bef503,2026-09-19T17:39:56.545928+00:00,WNBA,ESPN-401857191,401857191,2026-09-18T00:00Z,Kiki Iriafen,4898384,WSH,steals,1.0,ESPN_PUBLIC_BOX_SCORE
ESPNHIST-b6638902e0af4bffed4915f6,2026-09-19T17:39:56.545928+00:00,WNBA,ESPN-401857191,401857191,2026-09-18T00:00Z,Kiki Iriafen,4898384,WSH,blocks,1.0,ESPN_PUBLIC_BOX_SCORE
ESPNHIST-92b676c60dd8c13e209ada6b,2026-09-19T17:39:56.545928+00:00,WNBA,ESPN-401857191,401857191,2026-09-18T00:00Z,Shakira Austin,4398911,WSH,minutes,29.0,ESPN_PUBLIC_BOX_SCORE
ESPNHIST-275f7b0b3bcb93975983cd14,2026-09-19T17:39:56.545928+00:00,WNBA,ESPN-401857191,401857191,2026-09-18T00:00Z,Shakira Austin,4398911,WSH,points,20.0,ESPN_PUBLIC_BOX_SCORE
ESPNHIST-9b696184ae93b176b19385a3,2026-09-19T17:39:56.545928+00:00,WNBA,ESPN-401857191,401857191,2026-09-18T00:00Z,Shakira Austin,4398911,WSH,rebounds,7.0,ESPN_PUBLIC_BOX_SCORE
ESPNHIST-94424256e13592fe80d737c4,2026-09-19T17:39:56.545928+00:00,WNBA,ESPN-401857191,401857191,2026-09-18T00:00Z,Shakira Austin,4398911,WSH,assists,3.0,ESPN_PUBLIC_BOX_SCORE
ESPNHIST-c8fe542960ac1967ba444682,2026-09-19T17:39:56.545928+00:00,WNBA,ESPN-401857191,401857191,2026-09-18T00:00Z,Shakira Austin,4398911,WSH,turnovers,1.0,ESPN_PUBLIC_BOX_SCORE
ESPNHIST-7e86118191a64d58fbaa8fe1,2026-09-19T17:39:56.545928+00:00,WNBA,ESPN-401857191,401857191,2026-09-18T00:00Z,Shakira Austin,4398911,WSH,steals,1.0,ESPN_PUBLIC_BOX_SCORE
ESPNHIST-884db720d560350921a1f9f2,2026-09-19T17:39:56.545928+00:00,WNBA,ESPN-401857191,401857191,2026-09-18T00:00Z,Shakira Austin,4398911,WSH,blocks,1.0,ESPN_PUBLIC_BOX_SCORE
ESPNHIST-1515aa2b09375b8530c243ee,2026-09-19T17:39:56.545928+00:00,WNBA,ESPN-401857191,401857191,2026-09-18T00:00Z,Cotie McMahon,4583144,WSH,minutes,20.0,ESPN_PUBLIC_BOX_SCORE
ESPNHIST-c4941a5f9804eca22d584dd1,2026-09-19T17:39:56.545928+00:00,WNBA,ESPN-401857191,401857191,2026-09-18T00:00Z,Cotie McMahon,4583144,WSH,points,11.0,ESPN_PUBLIC_BOX_SCORE
ESPNHIST-ca8339fb17b8a9eb66ccbe21,2026-09-19T17:39:56.545928+00:00,WNBA,ESPN-401857191,401857191,2026-09-18T00:00Z,Cotie McMahon,4583144,WSH,rebounds,4.0,ESPN_PUBLIC_BOX_SCORE
ESPNHIST-31df6be08189f021e3f7fc1a,2026-09-19T17:39:56.545928+00:00,WNBA,ESPN-401857191,401857191,2026-09-18T00:00Z,Cotie McMahon,4583144,WSH,assists,4.0,ESPN_PUBLIC_BOX_SCORE
ESPNHIST-13dfae5df748c5b7638ac79e,2026-09-19T17:39:56.545928+00:00,WNBA,ESPN-401857191,401857191,2026-09-18T00:00Z,Cotie McMahon,4583144,WSH,turnovers,0.0,ESPN_PUBLIC_BOX_SCORE
ESPNHIST-eab4cb48d54c1b736c0fe1a3,2026-09-19T17:39:56.545928+00:00,WNBA,ESPN-401857191,401857191,2026-09-18T00:00Z,Cotie McMahon,4583144,WSH,steals,1.0,ESPN_PUBLIC_BOX_SCORE
ESPNHIST-56a58681eb86e8fe96cf2552,2026-09-19T17:39:56.545928+00:00,WNBA,ESPN-401857191,401857191,2026-09-18T00:00Z,Cotie McMahon,4583144,WSH,blocks,0.0,ESPN_PUBLIC_BOX_SCORE
ESPNHIST-ea5c3d293ff80cfd8f9587f7,2026-09-19T17:39:56.545928+00:00,WNBA,ESPN-401857191,401857191,2026-09-18T00:00Z,Georgia Amoore,4704180,WSH,minutes,23.0,ESPN_PUBLIC_BOX_SCORE
ESPNHIST-185e570b14aa4f5a967401c3,2026-09-19T17:39:56.545928+00:00,WNBA,ESPN-401857191,401857191,2026-09-18T00:00Z,Georgia Amoore,4704180,WSH,points,12.0,ESPN_PUBLIC_BOX_SCORE
ESPNHIST-40fb1c8ed1c48e3c7b0c0221,2026-09-19T17:39:56.545928+00:00,WNBA,ESPN-401857191,401857191,2026-09-18T00:00Z,Georgia Amoore,4704180,WSH,rebounds,1.0,ESPN_PUBLIC_BOX_SCORE
ESPNHIST-70466ae497577c4344aa4dc4,2026-09-19T17:39:56.545928+00:00,WNBA,ESPN-401857191,401857191,2026-09-18T00:00Z,Georgia Amoore,4704180,WSH,assists,5.0,ESPN_PUBLIC_BOX_SCORE
ESPNHIST-3a5744b2021df0f29e42aa99,2026-09-19T17:39:56.545928+00:00,WNBA,ESPN-401857191,401857191,2026-09-18T00:00Z,Georgia Amoore,4704180,WSH,turnovers,0.0,ESPN_PUBLIC_BOX_SCORE
ESPNHIST-bb825086addf83e97edc8262,2026-09-19T17:39:56.545928+00:00,WNBA,ESPN-401857191,401857191,2026-09-18T00:00Z,Georgia Amoore,4704180,WSH,steals,1.0,ESPN_PUBLIC_BOX_SCORE
ESPNHIST-16d0c4988e7af4032e8dc4ae,2026-09-19T17:39:56.545928+00:00,WNBA,ESPN-401857191,401857191,2026-09-18T00:00Z,Georgia Amoore,4704180,WSH,blocks,0.0,ESPN_PUBLIC_BOX_SCORE
ESPNHIST-9a6e7014435584789f3edbde,2026-09-19T17:39:56.545928+00:00,WNBA,ESPN-401857191,401857191,2026-09-18T00:00Z,Angela Dugalic,4433411,WSH,minutes,4.0,ESPN_PUBLIC_BOX_SCORE
ESPNHIST-aa482d1f179c9ac43f6410e1,2026-09-19T17:39:56.545928+00:00,WNBA,ESPN-401857191,401857191,2026-09-18T00:00Z,Angela Dugalic,4433411,WSH,points,2.0,ESPN_PUBLIC_BOX_SCORE
ESPNHIST-ecc74b777fecc97ae84f4363,2026-09-19T17:39:56.545928+00:00,WNBA,ESPN-401857191,401857191,2026-09-18T00:00Z,Angela Dugalic,4433411,WSH,rebounds,2.0,ESPN_PUBLIC_BOX_SCORE
ESPNHIST-da5aeb0d0ac1f4b51098071f,2026-09-19T17:39:56.545928+00:00,WNBA,ESPN-401857191,401857191,2026-09-18T00:00Z,Angela Dugalic,4433411,WSH,assists,1.0,ESPN_PUBLIC_BOX_SCORE
ESPNHIST-b6e46bc8cf7709ef74d8161a,2026-09-19T17:39:56.545928+00:00,WNBA,ESPN-401857191,401857191,2026-09-18T00:00Z,Angela Dugalic,4433411,WSH,turnovers,0.0,ESPN_PUBLIC_BOX_SCORE
ESPNHIST-f9ba1cdbcfbebfb624a0b370,2026-09-19T17:39:56.545928+00:00,WNBA,ESPN-401857191,401857191,2026-09-18T00:00Z,Angela Dugalic,4433411,WSH,steals,0.0,ESPN_PUBLIC_BOX_SCORE
ESPNHIST-552e1030bb1db244d7027fc6,2026-09-19T17:39:56.545928+00:00,WNBA,ESPN-401857191,401857191,2026-09-18T00:00Z,Angela Dugalic,4433411,WSH,blocks,0.0,ESPN_PUBLIC_BOX_SCORE
ESPNHIST-9c1667b0439cceafe4d30bd5,2026-09-19T17:39:56.545928+00:00,WNBA,ESPN-401857191,401857191,2026-09-18T00:00Z,Lauren Betts,5105737,WSH,minutes,24.0,ESPN_PUBLIC_BOX_SCORE
ESPNHIST-c021d33babf739f43085c064,2026-09-19T17:39:56.545928+00:00,WNBA,ESPN-401857191,401857191,2026-09-18T00:00Z,Lauren Betts,5105737,WSH,points,9.0,ESPN_PUBLIC_BOX_SCORE
ESPNHIST-bb403f429949f2fafcede95c,2026-09-19T17:39:56.545928+00:00,WNBA,ESPN-401857191,401857191,2026-09-18T00:00Z,Lauren Betts,5105737,WSH,rebounds,8.0,ESPN_PUBLIC_BOX_SCORE
ESPNHIST-c89039be636277a3567c42f6,2026-09-19T17:39:56.545928+00:00,WNBA,ESPN-401857191,401857191,2026-09-18T00:00Z,Lauren Betts,5105737,WSH,assists,2.0,ESPN_PUBLIC_BOX_SCORE
ESPNHIST-68373553c67b5eadd2f17c54,2026-09-19T17:39:56.545928+00:00,WNBA,ESPN-401857191,401857191,2026-09-18T00:00Z,Lauren Betts,5105737,WSH,turnovers,1.0,ESPN_PUBLIC_BOX_SCORE
ESPNHIST-d73e2bcb13ce1fa954b3e964,2026-09-19T17:39:56.545928+00:00,WNBA,ESPN-401857191,401857191,2026-09-18T00:00Z,Lauren Betts,5105737,WSH,steals,0.0,ESPN_PUBLIC_BOX_SCORE
ESPNHIST-1a31171a7a80de6020304e1f,2026-09-19T17:39:56.545928+00:00,WNBA,ESPN-401857191,401857191,2026-09-18T00:00Z,Lauren Betts,5105737,WSH,blocks,1.0,ESPN_PUBLIC_BOX_SCORE
ESPNHIST-ad597a7e1dafca2853fbb3c2,2026-09-19T17:39:56.545928+00:00,WNBA,ESPN-401857191,401857191,2026-09-18T00:00Z,Betnijah Laney-Hamilton,2593770,WSH,minutes,18.0,ESPN_PUBLIC_BOX_SCORE
ESPNHIST-f0ed0229902a8602d7f4ccd4,2026-09-19T17:39:56.545928+00:00,WNBA,ESPN-401857191,401857191,2026-09-18T00:00Z,Betnijah Laney-Hamilton,2593770,WSH,points,4.0,ESPN_PUBLIC_BOX_SCORE
ESPNHIST-9d7207c6c7307cdd551a94a4,2026-09-19T17:39:56.545928+00:00,WNBA,ESPN-401857191,401857191,2026-09-18T00:00Z,Betnijah Laney-Hamilton,2593770,WSH,rebounds,2.0,ESPN_PUBLIC_BOX_SCORE
ESPNHIST-ec172a4201038f836c0466a0,2026-09-19T17:39:56.545928+00:00,WNBA,ESPN-401857191,401857191,2026-09-18T00:00Z,Betnijah Laney-Hamilton,2593770,WSH,assists,2.0,ESPN_PUBLIC_BOX_SCORE
ESPNHIST-fc1fbef84ad656e3679e807a,2026-09-19T17:39:56.545928+00:00,WNBA,ESPN-401857191,401857191,2026-09-18T00:00Z,Betnijah Laney-Hamilton,2593770,WSH,turnovers,1.0,ESPN_PUBLIC_BOX_SCORE
ESPNHIST-7965e56aea4b59b34b94a5bf,2026-09-19T17:39:56.545928+00:00,WNBA,ESPN-401857191,401857191,2026-09-18T00:00Z,Betnijah Laney-Hamilton,2593770,WSH,steals,1.0,ESPN_PUBLIC_BOX_SCORE
ESPNHIST-218a742580601eeef727347f,2026-09-19T17:39:56.545928+00:00,WNBA,ESPN-401857191,401857191,2026-09-18T00:00Z,Betnijah Laney-Hamilton,2593770,WSH,blocks,0.0,ESPN_PUBLIC_BOX_SCORE
ESPNHIST-7dde8b7911a0c4ff4b92e902,2026-09-19T17:39:56.545928+00:00,WNBA,ESPN-401857191,401857191,2026-09-18T00:00Z,Rori Harmon,4433523,WSH,minutes,4.0,ESPN_PUBLIC_BOX_SCORE
ESPNHIST-c4c257818e92f19f42cf75e1,2026-09-19T17:39:56.545928+00:00,WNBA,ESPN-401857191,401857191,2026-09-18T00:00Z,Rori Harmon,4433523,WSH,points,0.0,ESPN_PUBLIC_BOX_SCORE
ESPNHIST-8f54e2ba2a18b6c8ea2bb9bf,2026-09-19T17:39:56.545928+00:00,WNBA,ESPN-401857191,401857191,2026-09-18T00:00Z,Rori Harmon,4433523,WSH,rebounds,0.0,ESPN_PUBLIC_BOX_SCORE
ESPNHIST-8199cd896b0ded135c01f33a,2026-09-19T17:39:56.545928+00:00,WNBA,ESPN-401857191,401857191,2026-09-18T00:00Z,Rori Harmon,4433523,WSH,assists,3.0,ESPN_PUBLIC_BOX_SCORE
ESPNHIST-88bd57ccd6859f03d8d20f0e,2026-09-19T17:39:56.545928+00:00,WNBA,ESPN-401857191,401857191,2026-09-18T00:00Z,Rori Harmon,4433523,WSH,turnovers,0.0,ESPN_PUBLIC_BOX_SCORE
ESPNHIST-6928f0e41fdee6bbba1bfa97,2026-09-19T17:39:56.545928+00:00,WNBA,ESPN-401857191,401857191,2026-09-18T00:00Z,Rori Harmon,4433523,WSH,steals,0.0,ESPN_PUBLIC_BOX_SCORE
ESPNHIST-d6ec349443d2fb19ae1e1a03,2026-09-19T17:39:56.545928+00:00,WNBA,ESPN-401857191,401857191,2026-09-18T00:00Z,Rori Harmon,4433523,WSH,blocks,0.0,ESPN_PUBLIC_BOX_SCORE
ESPNHIST-84b9b92d1bb37dcfa16d33a7,2026-09-19T17:39:56.545928+00:00,WNBA,ESPN-401857191,401857191,2026-09-18T00:00Z,Lucy Olsen,4433815,WSH,minutes,4.0,ESPN_PUBLIC_BOX_SCORE
ESPNHIST-f09f3caa5d5982c26705c3d3,2026-09-19T17:39:56.545928+00:00,WNBA,ESPN-401857191,401857191,2026-09-18T00:00Z,Lucy Olsen,4433815,WSH,points,3.0,ESPN_PUBLIC_BOX_SCORE
ESPNHIST-7803183430d450822863e28e,2026-09-19T17:39:56.545928+00:00,WNBA,ESPN-401857191,401857191,2026-09-18T00:00Z,Lucy Olsen,4433815,WSH,rebounds,0.0,ESPN_PUBLIC_BOX_SCORE
ESPNHIST-3807d8068fe6d67089444d8e,2026-09-19T17:39:56.545928+00:00,WNBA,ESPN-401857191,401857191,2026-09-18T00:00Z,Lucy Olsen,4433815,WSH,assists,0.0,ESPN_PUBLIC_BOX_SCORE
ESPNHIST-dd1bb2bd4858ec1d3854da05,2026-09-19T17:39:56.545928+00:00,WNBA,ESPN-401857191,401857191,2026-09-18T00:00Z,Lucy Olsen,4433815,WSH,turnovers,1.0,ESPN_PUBLIC_BOX_SCORE
ESPNHIST-c7d5b16565aa6b98a147d5eb,2026-09-19T17:39:56.545928+00:00,WNBA,ESPN-401857191,401857191,2026-09-18T00:00Z,Lucy Olsen,4433815,WSH,steals,1.0,ESPN_PUBLIC_BOX_SCORE
ESPNHIST-d8ffa70dd1e5a5cf8f25006a,2026-09-19T17:39:56.545928+00:00,WNBA,ESPN-401857191,401857191,2026-09-18T00:00Z,Lucy Olsen,4433815,WSH,blocks,0.0,ESPN_PUBLIC_BOX_SCORE
ESPNHIST-eba06b204ebb79254f236268,2026-09-19T17:39:56.545928+00:00,WNBA,ESPN-401857191,401857191,2026-09-18T00:00Z,Darianna Littlepage-Buggs,5106145,WSH,minutes,4.0,ESPN_PUBLIC_BOX_SCORE
ESPNHIST-37a58c45f00f3c75fef45ad1,2026-09-19T17:39:56.545928+00:00,WNBA,ESPN-401857191,401857191,2026-09-18T00:00Z,Darianna Littlepage-Buggs,5106145,WSH,points,5.0,ESPN_PUBLIC_BOX_SCORE
ESPNHIST-15289ad9a13946e32d38bff2,2026-09-19T17:39:56.545928+00:00,WNBA,ESPN-401857191,401857191,2026-09-18T00:00Z,Darianna Littlepage-Buggs,5106145,WSH,rebounds,1.0,ESPN_PUBLIC_BOX_SCORE
ESPNHIST-4d9103d6406dd195bcf500c3,2026-09-19T17:39:56.545928+00:00,WNBA,ESPN-401857191,401857191,2026-09-18T00:00Z,Darianna Littlepage-Buggs,5106145,WSH,assists,0.0,ESPN_PUBLIC_BOX_SCORE
ESPNHIST-2339eb4f5a43b312322e63ee,2026-09-19T17:39:56.545928+00:00,WNBA,ESPN-401857191,401857191,2026-09-18T00:00Z,Darianna Littlepage-Buggs,5106145,WSH,turnovers,0.0,ESPN_PUBLIC_BOX_SCORE
ESPNHIST-bf448116f2269240aec30461,2026-09-19T17:39:56.545928+00:00,WNBA,ESPN-401857191,401857191,2026-09-18T00:00Z,Darianna Littlepage-Buggs,5106145,WSH,steals,0.0,ESPN_PUBLIC_BOX_SCORE
ESPNHIST-6e44cb49c5bfd82ed114c155,2026-09-19T17:39:56.545928+00:00,WNBA,ESPN-401857191,401857191,2026-09-18T00:00Z,Darianna Littlepage-Buggs,5106145,WSH,blocks,0.0,ESPN_PUBLIC_BOX_SCORE
ESPNHIST-bf00e8356a354ea9a2aca1dc,2026-09-19T17:39:56.545928+00:00,WNBA,ESPN-401857191,401857191,2026-09-18T00:00Z,Cassandre Prosper,5122345,WSH,minutes,12.0,ESPN_PUBLIC_BOX_SCORE
ESPNHIST-3aa5e6346a5abe0516f923b6,2026-09-19T17:39:56.545928+00:00,WNBA,ESPN-401857191,401857191,2026-09-18T00:00Z,Cassandre Prosper,5122345,WSH,points,6.0,ESPN_PUBLIC_BOX_SCORE
ESPNHIST-d1fee9004d607512176d98b0,2026-09-19T17:39:56.545928+00:00,WNBA,ESPN-401857191,401857191,2026-09-18T00:00Z,Cassandre Prosper,5122345,WSH,rebounds,1.0,ESPN_PUBLIC_BOX_SCORE
ESPNHIST-4a38484a172becc1318a55ea,2026-09-19T17:39:56.545928+00:00,WNBA,ESPN-401857191,401857191,2026-09-18T00:00Z,Cassandre Prosper,5122345,WSH,assists,1.0,ESPN_PUBLIC_BOX_SCORE
ESPNHIST-1b9ecc477b087ca1c90f8ed9,2026-09-19T17:39:56.545928+00:00,WNBA,ESPN-401857191,401857191,2026-09-18T00:00Z,Cassandre Prosper,5122345,WSH,turnovers,1.0,ESPN_PUBLIC_BOX_SCORE
ESPNHIST-e9e9e6f246649c8a2833f682,2026-09-19T17:39:56.545928+00:00,WNBA,ESPN-401857191,401857191,2026-09-18T00:00Z,Cassandre Prosper,5122345,WSH,steals,0.0,ESPN_PUBLIC_BOX_SCORE
ESPNHIST-302bb1649ae3cbdd4d29a619,2026-09-19T17:39:56.545928+00:00,WNBA,ESPN-401857191,401857191,2026-09-18T00:00Z,Cassandre Prosper,5122345,WSH,blocks,0.0,ESPN_PUBLIC_BOX_SCORE
ESPNHIST-516728124fa883d30696df56,2026-09-19T17:39:56.545928+00:00,WNBA,ESPN-401857191,401857191,2026-09-18T00:00Z,Alicia Florez,5208985,WSH,minutes,13.0,ESPN_PUBLIC_BOX_SCORE
ESPNHIST-c04f670af417c65a07805289,2026-09-19T17:39:56.545928+00:00,WNBA,ESPN-401857191,401857191,2026-09-18T00:00Z,Alicia Florez,5208985,WSH,points,8.0,ESPN_PUBLIC_BOX_SCORE
ESPNHIST-268b3aebf0b9daa527acd282,2026-09-19T17:39:56.545928+00:00,WNBA,ESPN-401857191,401857191,2026-09-18T00:00Z,Alicia Florez,5208985,WSH,rebounds,1.0,ESPN_PUBLIC_BOX_SCORE
ESPNHIST-179705e55f04280916761696,2026-09-19T17:39:56.545928+00:00,WNBA,ESPN-401857191,401857191,2026-09-18T00:00Z,Alicia Florez,5208985,WSH,assists,2.0,ESPN_PUBLIC_BOX_SCORE
ESPNHIST-9b1f83c69edf35c8f7ae8eac,2026-09-19T17:39:56.545928+00:00,WNBA,ESPN-401857191,401857191,2026-09-18T00:00Z,Alicia Florez,5208985,WSH,turnovers,1.0,ESPN_PUBLIC_BOX_SCORE
ESPNHIST-51301752d1a21b803051d271,2026-09-19T17:39:56.545928+00:00,WNBA,ESPN-401857191,401857191,2026-09-18T00:00Z,Alicia Florez,5208985,WSH,steals,2.0,ESPN_PUBLIC_BOX_SCORE
ESPNHIST-b48e132dc0a8e687c06e9444,2026-09-19T17:39:56.545928+00:00,WNBA,ESPN-401857191,401857191,2026-09-18T00:00Z,Alicia Florez,5208985,WSH,blocks,0.0,ESPN_PUBLIC_BOX_SCORE
ESPNHIST-ef6254e1029fafdd69bbb60c,2026-09-19T17:39:56.545928+00:00,WNBA,ESPN-401857191,401857191,2026-09-18T00:00Z,Azura Stevens,3142010,CHI,minutes,21.0,ESPN_PUBLIC_BOX_SCORE
ESPNHIST-9060713cb8fd606898c20f0c,2026-09-19T17:39:56.545928+00:00,WNBA,ESPN-401857191,401857191,2026-09-18T00:00Z,Azura Stevens,3142010,CHI,points,6.0,ESPN_PUBLIC_BOX_SCORE
ESPNHIST-72dc8f034cbd56904c5e512b,2026-09-19T17:39:56.545928+00:00,WNBA,ESPN-401857191,401857191,2026-09-18T00:00Z,Azura Stevens,3142010,CHI,rebounds,3.0,ESPN_PUBLIC_BOX_SCORE
ESPNHIST-449541b887121f66a17236fa,2026-09-19T17:39:56.545928+00:00,WNBA,ESPN-401857191,401857191,2026-09-18T00:00Z,Azura Stevens,3142010,CHI,assists,0.0,ESPN_PUBLIC_BOX_SCORE
ESPNHIST-f4a9a0243e9b3be74590e96d,2026-09-19T17:39:56.545928+00:00,WNBA,ESPN-401857191,401857191,2026-09-18T00:00Z,Azura Stevens,3142010,CHI,turnovers,1.0,ESPN_PUBLIC_BOX_SCORE
ESPNHIST-3d82c1f47060ad495fd79d32,2026-09-19T17:39:56.545928+00:00,WNBA,ESPN-401857191,401857191,2026-09-18T00:00Z,Azura Stevens,3142010,CHI,steals,1.0,ESPN_PUBLIC_BOX_SCORE
ESPNHIST-5bbb359c13ef811c83290fce,2026-09-19T17:39:56.545928+00:00,WNBA,ESPN-401857191,401857191,2026-09-18T00:00Z,Azura Stevens,3142010,CHI,blocks,2.0,ESPN_PUBLIC_BOX_SCORE
ESPNHIST-4487015dafac2b1d48eae65d,2026-09-19T17:39:56.545928+00:00,WNBA,ESPN-401857191,401857191,2026-09-18T00:00Z,Kamilla Cardoso,4433405,CHI,minutes,23.0,ESPN_PUBLIC_BOX_SCORE
ESPNHIST-2fbb81594b711fca8cf569f9,2026-09-19T17:39:56.545928+00:00,WNBA,ESPN-401857191,401857191,2026-09-18T00:00Z,Kamilla Cardoso,4433405,CHI,points,10.0,ESPN_PUBLIC_BOX_SCORE
ESPNHIST-0c4b9f85e42cc6c71777486e,2026-09-19T17:39:56.545928+00:00,WNBA,ESPN-401857191,401857191,2026-09-18T00:00Z,Kamilla Cardoso,4433405,CHI,rebounds,7.0,ESPN_PUBLIC_BOX_SCORE
ESPNHIST-bc73a42c59b275adbf6433c6,2026-09-19T17:39:56.545928+00:00,WNBA,ESPN-401857191,401857191,2026-09-18T00:00Z,Kamilla Cardoso,4433405,CHI,assists,2.0,ESPN_PUBLIC_BOX_SCORE
ESPNHIST-50f60c9d73233cae4375a30f,2026-09-19T17:39:56.545928+00:00,WNBA,ESPN-401857191,401857191,2026-09-18T00:00Z,Kamilla Cardoso,4433405,CHI,turnovers,4.0,ESPN_PUBLIC_BOX_SCORE
ESPNHIST-c5b78dc81bfbccc7139c138a,2026-09-19T17:39:56.545928+00:00,WNBA,ESPN-401857191,401857191,2026-09-18T00:00Z,Kamilla Cardoso,4433405,CHI,steals,0.0,ESPN_PUBLIC_BOX_SCORE
ESPNHIST-3cbe3ea9cc84d059b46c2d6c,2026-09-19T17:39:56.545928+00:00,WNBA,ESPN-401857191,401857191,2026-09-18T00:00Z,Kamilla Cardoso,4433405,CHI,blocks,0.0,ESPN_PUBLIC_BOX_SCORE
ESPNHIST-7b455d0483b2e0c9b63c4853,2026-09-19T17:39:56.545928+00:00,WNBA,ESPN-401857191,401857191,2026-09-18T00:00Z,Courtney Vandersloot,981,CHI,minutes,23.0,ESPN_PUBLIC_BOX_SCORE
ESPNHIST-c161f5350aefb3778fba6c8e,2026-09-19T17:39:56.545928+00:00,WNBA,ESPN-401857191,401857191,2026-09-18T00:00Z,Courtney Vandersloot,981,CHI,points,14.0,ESPN_PUBLIC_BOX_SCORE
ESPNHIST-2ef2d8e41b45ab5694d2200b,2026-09-19T17:39:56.545928+00:00,WNBA,ESPN-401857191,401857191,2026-09-18T00:00Z,Courtney Vandersloot,981,CHI,rebounds,3.0,ESPN_PUBLIC_BOX_SCORE
ESPNHIST-8123cad0b77a7f55cccb948e,2026-09-19T17:39:56.545928+00:00,WNBA,ESPN-401857191,401857191,2026-09-18T00:00Z,Courtney Vandersloot,981,CHI,assists,5.0,ESPN_PUBLIC_BOX_SCORE
ESPNHIST-b0a86d5fea695b754f61610b,2026-09-19T17:39:56.545928+00:00,WNBA,ESPN-401857191,401857191,2026-09-18T00:00Z,Courtney Vandersloot,981,CHI,turnovers,2.0,ESPN_PUBLIC_BOX_SCORE
ESPNHIST-e3059c93068442dc802d075a,2026-09-19T17:39:56.545928+00:00,WNBA,ESPN-401857191,401857191,2026-09-18T00:00Z,Courtney Vandersloot,981,CHI,steals,0.0,ESPN_PUBLIC_BOX_SCORE
ESPNHIST-ee4f5f533bc32c3bc239a293,2026-09-19T17:39:56.545928+00:00,WNBA,ESPN-401857191,401857191,2026-09-18T00:00Z,Courtney Vandersloot,981,CHI,blocks,0.0,ESPN_PUBLIC_BOX_SCORE
ESPNHIST-ccb6d3fd70ca1b7cf63fd9b8,2026-09-19T17:39:56.545928+00:00,WNBA,ESPN-401857191,401857191,2026-09-18T00:00Z,Natasha Cloud,2529137,CHI,minutes,14.0,ESPN_PUBLIC_BOX_SCORE
ESPNHIST-307162c5d1b588fe448e4035,2026-09-19T17:39:56.545928+00:00,WNBA,ESPN-401857191,401857191,2026-09-18T00:00Z,Natasha Cloud,2529137,CHI,points,2.0,ESPN_PUBLIC_BOX_SCORE
ESPNHIST-b40d5488b9def5c4080485a1,2026-09-19T17:39:56.545928+00:00,WNBA,ESPN-401857191,401857191,2026-09-18T00:00Z,Natasha Cloud,2529137,CHI,rebounds,1.0,ESPN_PUBLIC_BOX_SCORE
ESPNHIST-6f9234ec8ab6703d28b9b0f0,2026-09-19T17:39:56.545928+00:00,WNBA,ESPN-401857191,401857191,2026-09-18T00:00Z,Natasha Cloud,2529137,CHI,assists,2.0,ESPN_PUBLIC_BOX_SCORE
ESPNHIST-ffbf681e7edcaf2dab357a23,2026-09-19T17:39:56.545928+00:00,WNBA,ESPN-401857191,401857191,2026-09-18T00:00Z,Natasha Cloud,2529137,CHI,turnovers,0.0,ESPN_PUBLIC_BOX_SCORE
ESPNHIST-473816720a54b8e1ac5f0c50,2026-09-19T17:39:56.545928+00:00,WNBA,ESPN-401857191,401857191,2026-09-18T00:00Z,Natasha Cloud,2529137,CHI,steals,0.0,ESPN_PUBLIC_BOX_SCORE
ESPNHIST-318825054fadbf5b21573872,2026-09-19T17:39:56.545928+00:00,WNBA,ESPN-401857191,401857191,2026-09-18T00:00Z,Natasha Cloud,2529137,CHI,blocks,0.0,ESPN_PUBLIC_BOX_SCORE
ESPNHIST-3465d04ed0c6f761c8ec5469,2026-09-19T17:39:56.545928+00:00,WNBA,ESPN-401857191,401857191,2026-09-18T00:00Z,Sydney Taylor,4594786,CHI,minutes,20.0,ESPN_PUBLIC_BOX_SCORE
ESPNHIST-62d65a2702185f5b199e305d,2026-09-19T17:39:56.545928+00:00,WNBA,ESPN-401857191,401857191,2026-09-18T00:00Z,Sydney Taylor,4594786,CHI,points,12.0,ESPN_PUBLIC_BOX_SCORE
ESPNHIST-b3f72a81c8677c46aaea5535,2026-09-19T17:39:56.545928+00:00,WNBA,ESPN-401857191,401857191,2026-09-18T00:00Z,Sydney Taylor,4594786,CHI,rebounds,0.0,ESPN_PUBLIC_BOX_SCORE
ESPNHIST-ba011165093e8b247114beef,2026-09-19T17:39:56.545928+00:00,WNBA,ESPN-401857191,401857191,2026-09-18T00:00Z,Sydney Taylor,4594786,CHI,assists,4.0,ESPN_PUBLIC_BOX_SCORE
ESPNHIST-085e9122e84008b4c18bc730,2026-09-19T17:39:56.545928+00:00,WNBA,ESPN-401857191,401857191,2026-09-18T00:00Z,Sydney Taylor,4594786,CHI,turnovers,2.0,ESPN_PUBLIC_BOX_SCORE
ESPNHIST-f9b9510314b7357138f0c7c3,2026-09-19T17:39:56.545928+00:00,WNBA,ESPN-401857191,401857191,2026-09-18T00:00Z,Sydney Taylor,4594786,CHI,steals,0.0,ESPN_PUBLIC_BOX_SCORE
ESPNHIST-32150dd48404338e0b71fac5,2026-09-19T17:39:56.545928+00:00,WNBA,ESPN-401857191,401857191,2026-09-18T00:00Z,Sydney Taylor,4594786,CHI,blocks,0.0,ESPN_PUBLIC_BOX_SCORE
ESPNHIST-cf0d5056c252a2058d88e2a4,2026-09-19T17:39:56.545928+00:00,WNBA,ESPN-401857191,401857191,2026-09-18T00:00Z,Elizabeth Williams,2566081,CHI,minutes,21.0,ESPN_PUBLIC_BOX_SCORE
ESPNHIST-1c97745edafacce3a902e4ba,2026-09-19T17:39:56.545928+00:00,WNBA,ESPN-401857191,401857191,2026-09-18T00:00Z,Elizabeth Williams,2566081,CHI,points,5.0,ESPN_PUBLIC_BOX_SCORE
ESPNHIST-be73555493f9228a5439e19f,2026-09-19T17:39:56.545928+00:00,WNBA,ESPN-401857191,401857191,2026-09-18T00:00Z,Elizabeth Williams,2566081,CHI,rebounds,4.0,ESPN_PUBLIC_BOX_SCORE
ESPNHIST-8348e8c599369639838c81f2,2026-09-19T17:39:56.545928+00:00,WNBA,ESPN-401857191,401857191,2026-09-18T00:00Z,Elizabeth Williams,2566081,CHI,assists,1.0,ESPN_PUBLIC_BOX_SCORE
ESPNHIST-4ef7d0e389a421c534daaad0,2026-09-19T17:39:56.545928+00:00,WNBA,ESPN-401857191,401857191,2026-09-18T00:00Z,Elizabeth Williams,2566081,CHI,turnovers,0.0,ESPN_PUBLIC_BOX_SCORE
ESPNHIST-75e0acbaa1f7f923a6697c9a,2026-09-19T17:39:56.545928+00:00,WNBA,ESPN-401857191,401857191,2026-09-18T00:00Z,Elizabeth Williams,2566081,CHI,steals,1.0,ESPN_PUBLIC_BOX_SCORE
ESPNHIST-0e0f6858ee89085bc709190c,2026-09-19T17:39:56.545928+00:00,WNBA,ESPN-401857191,401857191,2026-09-18T00:00Z,Elizabeth Williams,2566081,CHI,blocks,2.0,ESPN_PUBLIC_BOX_SCORE
ESPNHIST-1bdf929f052e4bc4775039da,2026-09-19T17:39:56.545928+00:00,WNBA,ESPN-401857191,401857191,2026-09-18T00:00Z,Rachel Banham,2566186,CHI,minutes,20.0,ESPN_PUBLIC_BOX_SCORE
ESPNHIST-7098cea67e2b0e6003952ee5,2026-09-19T17:39:56.545928+00:00,WNBA,ESPN-401857191,401857191,2026-09-18T00:00Z,Rachel Banham,2566186,CHI,points,10.0,ESPN_PUBLIC_BOX_SCORE
ESPNHIST-2578cb7a42106cbd41368d1c,2026-09-19T17:39:56.545928+00:00,WNBA,ESPN-401857191,401857191,2026-09-18T00:00Z,Rachel Banham,2566186,CHI,rebounds,0.0,ESPN_PUBLIC_BOX_SCORE
ESPNHIST-d8619d7a5867ce5c0b9b2d72,2026-09-19T17:39:56.545928+00:00,WNBA,ESPN-401857191,401857191,2026-09-18T00:00Z,Rachel Banham,2566186,CHI,assists,0.0,ESPN_PUBLIC_BOX_SCORE
ESPNHIST-61da369ba44b0dd2580da082,2026-09-19T17:39:56.545928+00:00,WNBA,ESPN-401857191,401857191,2026-09-18T00:00Z,Rachel Banham,2566186,CHI,turnovers,1.0,ESPN_PUBLIC_BOX_SCORE
ESPNHIST-fbcf107aa4d62e03ee18a569,2026-09-19T17:39:56.545928+00:00,WNBA,ESPN-401857191,401857191,2026-09-18T00:00Z,Rachel Banham,2566186,CHI,steals,0.0,ESPN_PUBLIC_BOX_SCORE
ESPNHIST-2a7a925e1ee1d312be97e9c7,2026-09-19T17:39:56.545928+00:00,WNBA,ESPN-401857191,401857191,2026-09-18T00:00Z,Rachel Banham,2566186,CHI,blocks,0.0,ESPN_PUBLIC_BOX_SCORE
ESPNHIST-a804c285c78c55b6f8f0fba2,2026-09-19T17:39:56.545928+00:00,WNBA,ESPN-401857191,401857191,2026-09-18T00:00Z,Jacy Sheldon,4432865,CHI,minutes,20.0,ESPN_PUBLIC_BOX_SCORE
ESPNHIST-84db46dd530a6ac1f39373e5,2026-09-19T17:39:56.545928+00:00,WNBA,ESPN-401857191,401857191,2026-09-18T00:00Z,Jacy Sheldon,4432865,CHI,points,2.0,ESPN_PUBLIC_BOX_SCORE
ESPNHIST-ebea118a4a2a1ff053520a45,2026-09-19T17:39:56.545928+00:00,WNBA,ESPN-401857191,401857191,2026-09-18T00:00Z,Jacy Sheldon,4432865,CHI,rebounds,4.0,ESPN_PUBLIC_BOX_SCORE
ESPNHIST-ff1786813e2624a9e2974576,2026-09-19T17:39:56.545928+00:00,WNBA,ESPN-401857191,401857191,2026-09-18T00:00Z,Jacy Sheldon,4432865,CHI,assists,2.0,ESPN_PUBLIC_BOX_SCORE
ESPNHIST-5a573bb80754ff014892e1b5,2026-09-19T17:39:56.545928+00:00,WNBA,ESPN-401857191,401857191,2026-09-18T00:00Z,Jacy Sheldon,4432865,CHI,turnovers,2.0,ESPN_PUBLIC_BOX_SCORE
ESPNHIST-dcc168498dd35d9bb65b2236,2026-09-19T17:39:56.545928+00:00,WNBA,ESPN-401857191,401857191,2026-09-18T00:00Z,Jacy Sheldon,4432865,CHI,steals,1.0,ESPN_PUBLIC_BOX_SCORE
ESPNHIST-1fd5ed2258af1c84eacd6844,2026-09-19T17:39:56.545928+00:00,WNBA,ESPN-401857191,401857191,2026-09-18T00:00Z,Jacy Sheldon,4432865,CHI,blocks,0.0,ESPN_PUBLIC_BOX_SCORE
ESPNHIST-a69bbf5ead581460e8c63012,2026-09-19T17:39:56.545928+00:00,WNBA,ESPN-401857191,401857191,2026-09-18T00:00Z,Aicha Coulibaly,4433433,CHI,minutes,15.0,ESPN_PUBLIC_BOX_SCORE
ESPNHIST-d9b9557264dbf4bf0803bdc6,2026-09-19T17:39:56.545928+00:00,WNBA,ESPN-401857191,401857191,2026-09-18T00:00Z,Aicha Coulibaly,4433433,CHI,points,9.0,ESPN_PUBLIC_BOX_SCORE
ESPNHIST-b305d88f0a9b943cc37e5323,2026-09-19T17:39:56.545928+00:00,WNBA,ESPN-401857191,401857191,2026-09-18T00:00Z,Aicha Coulibaly,4433433,CHI,rebounds,2.0,ESPN_PUBLIC_BOX_SCORE
ESPNHIST-20b7e2cd16378f121e9ed9ee,2026-09-19T17:39:56.545928+00:00,WNBA,ESPN-401857191,401857191,2026-09-18T00:00Z,Aicha Coulibaly,4433433,CHI,assists,1.0,ESPN_PUBLIC_BOX_SCORE
ESPNHIST-eb58b8c488e29e3575f534c2,2026-09-19T17:39:56.545928+00:00,WNBA,ESPN-401857191,401857191,2026-09-18T00:00Z,Aicha Coulibaly,4433433,CHI,turnovers,1.0,ESPN_PUBLIC_BOX_SCORE
ESPNHIST-61c2f75ff2532b90309f5630,2026-09-19T17:39:56.545928+00:00,WNBA,ESPN-401857191,401857191,2026-09-18T00:00Z,Aicha Coulibaly,4433433,CHI,steals,0.0,ESPN_PUBLIC_BOX_SCORE
ESPNHIST-4561060db040bfcb4603f3f6,2026-09-19T17:39:56.545928+00:00,WNBA,ESPN-401857191,401857191,2026-09-18T00:00Z,Aicha Coulibaly,4433433,CHI,blocks,0.0,ESPN_PUBLIC_BOX_SCORE
ESPNHIST-8a27218b9a1a8011bf200076,2026-09-19T17:39:56.545928+00:00,WNBA,ESPN-401857191,401857191,2026-09-18T00:00Z,Gabriela Jaquez,4858656,CHI,minutes,24.0,ESPN_PUBLIC_BOX_SCORE
ESPNHIST-f0d79b304710d276d36adc6a,2026-09-19T17:39:56.545928+00:00,WNBA,ESPN-401857191,401857191,2026-09-18T00:00Z,Gabriela Jaquez,4858656,CHI,points,10.0,ESPN_PUBLIC_BOX_SCORE
ESPNHIST-8b46b679a27eb67a21bc65c6,2026-09-19T17:39:56.545928+00:00,WNBA,ESPN-401857191,401857191,2026-09-18T00:00Z,Gabriela Jaquez,4858656,CHI,rebounds,3.0,ESPN_PUBLIC_BOX_SCORE
ESPNHIST-93fe7dc37dae7ca90ad8998f,2026-09-19T17:39:56.545928+00:00,WNBA,ESPN-401857191,401857191,2026-09-18T00:00Z,Gabriela Jaquez,4858656,CHI,assists,0.0,ESPN_PUBLIC_BOX_SCORE
ESPNHIST-09d98fae8779f24258754516,2026-09-19T17:39:56.545928+00:00,WNBA,ESPN-401857191,401857191,2026-09-18T00:00Z,Gabriela Jaquez,4858656,CHI,turnovers,3.0,ESPN_PUBLIC_BOX_SCORE
ESPNHIST-58468f3ef875f2cd6a7277c7,2026-09-19T17:39:56.545928+00:00,WNBA,ESPN-401857191,401857191,2026-09-18T00:00Z,Gabriela Jaquez,4858656,CHI,steals,0.0,ESPN_PUBLIC_BOX_SCORE
ESPNHIST-3257ccd84c9c349befa7df22,2026-09-19T17:39:56.545928+00:00,WNBA,ESPN-401857191,401857191,2026-09-18T00:00Z,Gabriela Jaquez,4858656,CHI,blocks,0.0,ESPN_PUBLIC_BOX_SCORE
ESPNHIST-70623c0c118f50442cdf4dad,2026-09-19T17:39:56.545928+00:00,WNBA,ESPN-401857192,401857192,2026-09-18T00:00Z,Nneka Ogwumike,1068,LA,minutes,29.0,ESPN_PUBLIC_BOX_SCORE
ESPNHIST-7a3d8d2bc046e7f3d3a6a7c5,2026-09-19T17:39:56.545928+00:00,WNBA,ESPN-401857192,401857192,2026-09-18T00:00Z,Nneka Ogwumike,1068,LA,points,18.0,ESPN_PUBLIC_BOX_SCORE
ESPNHIST-4162571bcba9a519d5a7dcc0,2026-09-19T17:39:56.545928+00:00,WNBA,ESPN-401857192,401857192,2026-09-18T00:00Z,Nneka Ogwumike,1068,LA,rebounds,7.0,ESPN_PUBLIC_BOX_SCORE
ESPNHIST-cdcd214cbab4705bbd63d896,2026-09-19T17:39:56.545928+00:00,WNBA,ESPN-401857192,401857192,2026-09-18T00:00Z,Nneka Ogwumike,1068,LA,assists,4.0,ESPN_PUBLIC_BOX_SCORE
ESPNHIST-486cb370a888bfad135d0456,2026-09-19T17:39:56.545928+00:00,WNBA,ESPN-401857192,401857192,2026-09-18T00:00Z,Nneka Ogwumike,1068,LA,turnovers,1.0,ESPN_PUBLIC_BOX_SCORE
ESPNHIST-bf3723fdd3c89608ff83d4de,2026-09-19T17:39:56.545928+00:00,WNBA,ESPN-401857192,401857192,2026-09-18T00:00Z,Nneka Ogwumike,1068,LA,steals,1.0,ESPN_PUBLIC_BOX_SCORE
ESPNHIST-f62711b3622e6bb949162ac1,2026-09-19T17:39:56.545928+00:00,WNBA,ESPN-401857192,401857192,2026-09-18T00:00Z,Nneka Ogwumike,1068,LA,blocks,0.0,ESPN_PUBLIC_BOX_SCORE
ESPNHIST-dbe54c3c0617d0175615572c,2026-09-19T17:39:56.545928+00:00,WNBA,ESPN-401857192,401857192,2026-09-18T00:00Z,Dearica Hamby,2566106,LA,minutes,21.0,ESPN_PUBLIC_BOX_SCORE
ESPNHIST-7a2805e0535e56eea34a3204,2026-09-19T17:39:56.545928+00:00,WNBA,ESPN-401857192,401857192,2026-09-18T00:00Z,Dearica Hamby,2566106,LA,points,14.0,ESPN_PUBLIC_BOX_SCORE
ESPNHIST-c0e638b2ae30d1ac5decde54,2026-09-19T17:39:56.545928+00:00,WNBA,ESPN-401857192,401857192,2026-09-18T00:00Z,Dearica Hamby,2566106,LA,rebounds,4.0,ESPN_PUBLIC_BOX_SCORE
ESPNHIST-478956542df1e92bdd1ff520,2026-09-19T17:39:56.545928+00:00,WNBA,ESPN-401857192,401857192,2026-09-18T00:00Z,Dearica Hamby,2566106,LA,assists,1.0,ESPN_PUBLIC_BOX_SCORE
ESPNHIST-375128327f06f2c954dcb7c1,2026-09-19T17:39:56.545928+00:00,WNBA,ESPN-401857192,401857192,2026-09-18T00:00Z,Dearica Hamby,2566106,LA,turnovers,0.0,ESPN_PUBLIC_BOX_SCORE
ESPNHIST-e842dcd8a8d0507605a2f939,2026-09-19T17:39:56.545928+00:00,WNBA,ESPN-401857192,401857192,2026-09-18T00:00Z,Dearica Hamby,2566106,LA,steals,2.0,ESPN_PUBLIC_BOX_SCORE
ESPNHIST-d11d08391774eba93deb997a,2026-09-19T17:39:56.545928+00:00,WNBA,ESPN-401857192,401857192,2026-09-18T00:00Z,Dearica Hamby,2566106,LA,blocks,1.0,ESPN_PUBLIC_BOX_SCORE
ESPNHIST-7ccad7c17fc4c5c4ce53e481,2026-09-19T17:39:56.545928+00:00,WNBA,ESPN-401857192,401857192,2026-09-18T00:00Z,Erica Wheeler,2491214,LA,minutes,12.0,ESPN_PUBLIC_BOX_SCORE
ESPNHIST-d31a2c937712e2805b1d94f2,2026-09-19T17:39:56.545928+00:00,WNBA,ESPN-401857192,401857192,2026-09-18T00:00Z,Erica Wheeler,2491214,LA,points,3.0,ESPN_PUBLIC_BOX_SCORE
ESPNHIST-785fbc11d6fc336e9bbd5dea,2026-09-19T17:39:56.545928+00:00,WNBA,ESPN-401857192,401857192,2026-09-18T00:00Z,Erica Wheeler,2491214,LA,rebounds,0.0,ESPN_PUBLIC_BOX_SCORE
ESPNHIST-b9fb5d736daec4794166d300,2026-09-19T17:39:56.545928+00:00,WNBA,ESPN-401857192,401857192,2026-09-18T00:00Z,Erica Wheeler,2491214,LA,assists,4.0,ESPN_PUBLIC_BOX_SCORE
ESPNHIST-7ffc9d04ea45f0ccd48c4595,2026-09-19T17:39:56.545928+00:00,WNBA,ESPN-401857192,401857192,2026-09-18T00:00Z,Erica Wheeler,2491214,LA,turnovers,1.0,ESPN_PUBLIC_BOX_SCORE
ESPNHIST-08a85da352a2c4f3a4cb3d3f,2026-09-19T17:39:56.545928+00:00,WNBA,ESPN-401857192,401857192,2026-09-18T00:00Z,Erica Wheeler,2491214,LA,steals,1.0,ESPN_PUBLIC_BOX_SCORE
ESPNHIST-1db603b3b13858eba98b4cf4,2026-09-19T17:39:56.545928+00:00,WNBA,ESPN-401857192,401857192,2026-09-18T00:00Z,Erica Wheeler,2491214,LA,blocks,0.0,ESPN_PUBLIC_BOX_SCORE
ESPNHIST-874ba5177cc1cfbee5b037d4,2026-09-19T17:39:56.545928+00:00,WNBA,ESPN-401857192,401857192,2026-09-18T00:00Z,Ariel Atkins,3146151,LA,minutes,23.0,ESPN_PUBLIC_BOX_SCORE
ESPNHIST-3363b8844a4bd8e7c91f461d,2026-09-19T17:39:56.545928+00:00,WNBA,ESPN-401857192,401857192,2026-09-18T00:00Z,Ariel Atkins,3146151,LA,points,4.0,ESPN_PUBLIC_BOX_SCORE
ESPNHIST-9d6122e7baab1ebc0acef7bb,2026-09-19T17:39:56.545928+00:00,WNBA,ESPN-401857192,401857192,2026-09-18T00:00Z,Ariel Atkins,3146151,LA,rebounds,3.0,ESPN_PUBLIC_BOX_SCORE
ESPNHIST-c6087552d3c77748cdfc63bd,2026-09-19T17:39:56.545928+00:00,WNBA,ESPN-401857192,401857192,2026-09-18T00:00Z,Ariel Atkins,3146151,LA,assists,1.0,ESPN_PUBLIC_BOX_SCORE
ESPNHIST-51723f866f02ba8defc715f4,2026-09-19T17:39:56.545928+00:00,WNBA,ESPN-401857192,401857192,2026-09-18T00:00Z,Ariel Atkins,3146151,LA,turnovers,1.0,ESPN_PUBLIC_BOX_SCORE
ESPNHIST-68cbb124066a5e430a93c084,2026-09-19T17:39:56.545928+00:00,WNBA,ESPN-401857192,401857192,2026-09-18T00:00Z,Ariel Atkins,3146151,LA,steals,2.0,ESPN_PUBLIC_BOX_SCORE
ESPNHIST-4332e9e579a4b18ab3760d17,2026-09-19T17:39:56.545928+00:00,WNBA,ESPN-401857192,401857192,2026-09-18T00:00Z,Ariel Atkins,3146151,LA,blocks,0.0,ESPN_PUBLIC_BOX_SCORE
ESPNHIST-dbedc039126b7c190c8ca73d,2026-09-19T17:39:56.545928+00:00,WNBA,ESPN-401857192,401857192,2026-09-18T00:00Z,Rae Burrell,4398764,LA,minutes,24.0,ESPN_PUBLIC_BOX_SCORE
ESPNHIST-92b1451989d72287e7e2d176,2026-09-19T17:39:56.545928+00:00,WNBA,ESPN-401857192,401857192,2026-09-18T00:00Z,Rae Burrell,4398764,LA,points,12.0,ESPN_PUBLIC_BOX_SCORE
ESPNHIST-3e403021372a050623bd0953,2026-09-19T17:39:56.545928+00:00,WNBA,ESPN-401857192,401857192,2026-09-18T00:00Z,Rae Burrell,4398764,LA,rebounds,1.0,ESPN_PUBLIC_BOX_SCORE
ESPNHIST-737c0833b67411dec6e07054,2026-09-19T17:39:56.545928+00:00,WNBA,ESPN-401857192,401857192,2026-09-18T00:00Z,Rae Burrell,4398764,LA,assists,4.0,ESPN_PUBLIC_BOX_SCORE
ESPNHIST-2cb3f93b12fa12b35442d0ef,2026-09-19T17:39:56.545928+00:00,WNBA,ESPN-401857192,401857192,2026-09-18T00:00Z,Rae Burrell,4398764,LA,turnovers,2.0,ESPN_PUBLIC_BOX_SCORE
ESPNHIST-7492021b47cac30bb066aec9,2026-09-19T17:39:56.545928+00:00,WNBA,ESPN-401857192,401857192,2026-09-18T00:00Z,Rae Burrell,4398764,LA,steals,0.0,ESPN_PUBLIC_BOX_SCORE
ESPNHIST-cc44ebefb15efb3c9dd6aba5,2026-09-19T17:39:56.545928+00:00,WNBA,ESPN-401857192,401857192,2026-09-18T00:00Z,Rae Burrell,4398764,LA,blocks,0.0,ESPN_PUBLIC_BOX_SCORE
ESPNHIST-8cd492b644ee1df9a27d5a42,2026-09-19T17:39:56.545928+00:00,WNBA,ESPN-401857192,401857192,2026-09-18T00:00Z,Cameron Brink,4433404,LA,minutes,24.0,ESPN_PUBLIC_BOX_SCORE
ESPNHIST-2db363a40d32b07889b39f1c,2026-09-19T17:39:56.545928+00:00,WNBA,ESPN-401857192,401857192,2026-09-18T00:00Z,Cameron Brink,4433404,LA,points,9.0,ESPN_PUBLIC_BOX_SCORE
ESPNHIST-ae3edf69a1a8487620a66fe9,2026-09-19T17:39:56.545928+00:00,WNBA,ESPN-401857192,401857192,2026-09-18T00:00Z,Cameron Brink,4433404,LA,rebounds,5.0,ESPN_PUBLIC_BOX_SCORE
ESPNHIST-451517e3bdf0dfba8cdfbf28,2026-09-19T17:39:56.545928+00:00,WNBA,ESPN-401857192,401857192,2026-09-18T00:00Z,Cameron Brink,4433404,LA,assists,1.0,ESPN_PUBLIC_BOX_SCORE
ESPNHIST-e968d290e320a61cf2e77327,2026-09-19T17:39:56.545928+00:00,WNBA,ESPN-401857192,401857192,2026-09-18T00:00Z,Cameron Brink,4433404,LA,turnovers,2.0,ESPN_PUBLIC_BOX_SCORE
ESPNHIST-b0b52d665d01670116e4bba0,2026-09-19T17:39:56.545928+00:00,WNBA,ESPN-401857192,401857192,2026-09-18T00:00Z,Cameron Brink,4433404,LA,steals,2.0,ESPN_PUBLIC_BOX_SCORE
ESPNHIST-9d220ebe6a79b41d715d7435,2026-09-19T17:39:56.545928+00:00,WNBA,ESPN-401857192,401857192,2026-09-18T00:00Z,Cameron Brink,4433404,LA,blocks,4.0,ESPN_PUBLIC_BOX_SCORE
ESPNHIST-b25b9b4da1b1b6bad473d363,2026-09-19T17:39:56.545928+00:00,WNBA,ESPN-401857192,401857192,2026-09-18T00:00Z,Shyanne Sellers,4433808,LA,minutes,9.0,ESPN_PUBLIC_BOX_SCORE
ESPNHIST-72a1f693ccec0dfac24f599c,2026-09-19T17:39:56.545928+00:00,WNBA,ESPN-401857192,401857192,2026-09-18T00:00Z,Shyanne Sellers,4433808,LA,points,4.0,ESPN_PUBLIC_BOX_SCORE
ESPNHIST-0dfd27c6ccc66e366d0c9d6a,2026-09-19T17:39:56.545928+00:00,WNBA,ESPN-401857192,401857192,2026-09-18T00:00Z,Shyanne Sellers,4433808,LA,rebounds,2.0,ESPN_PUBLIC_BOX_SCORE
ESPNHIST-598f33109d6bcd767c528ebf,2026-09-19T17:39:56.545928+00:00,WNBA,ESPN-401857192,401857192,2026-09-18T00:00Z,Shyanne Sellers,4433808,LA,assists,0.0,ESPN_PUBLIC_BOX_SCORE
ESPNHIST-1ecf24267e874d9d745c0330,2026-09-19T17:39:56.545928+00:00,WNBA,ESPN-401857192,401857192,2026-09-18T00:00Z,Shyanne Sellers,4433808,LA,turnovers,0.0,ESPN_PUBLIC_BOX_SCORE
ESPNHIST-1313e0128094908a23d0eb61,2026-09-19T17:39:56.545928+00:00,WNBA,ESPN-401857192,401857192,2026-09-18T00:00Z,Shyanne Sellers,4433808,LA,steals,1.0,ESPN_PUBLIC_BOX_SCORE
ESPNHIST-f36c2828b44595f22bc61d47,2026-09-19T17:39:56.545928+00:00,WNBA,ESPN-401857192,401857192,2026-09-18T00:00Z,Shyanne Sellers,4433808,LA,blocks,0.0,ESPN_PUBLIC_BOX_SCORE
ESPNHIST-b258e984cd7158cf8d0734eb,2026-09-19T17:39:56.545928+00:00,WNBA,ESPN-401857192,401857192,2026-09-18T00:00Z,Tonie Morgan,4565515,LA,minutes,20.0,ESPN_PUBLIC_BOX_SCORE
ESPNHIST-5643816257119a7014246b5e,2026-09-19T17:39:56.545928+00:00,WNBA,ESPN-401857192,401857192,2026-09-18T00:00Z,Tonie Morgan,4565515,LA,points,7.0,ESPN_PUBLIC_BOX_SCORE
ESPNHIST-8ec72d8d6ab512f612bf48f6,2026-09-19T17:39:56.545928+00:00,WNBA,ESPN-401857192,401857192,2026-09-18T00:00Z,Tonie Morgan,4565515,LA,rebounds,0.0,ESPN_PUBLIC_BOX_SCORE
ESPNHIST-d1f987185bffe46a1369cfef,2026-09-19T17:39:56.545928+00:00,WNBA,ESPN-401857192,401857192,2026-09-18T00:00Z,Tonie Morgan,4565515,LA,assists,4.0,ESPN_PUBLIC_BOX_SCORE
ESPNHIST-a7cfe83f80efc1696c47d9f5,2026-09-19T17:39:56.545928+00:00,WNBA,ESPN-401857192,401857192,2026-09-18T00:00Z,Tonie Morgan,4565515,LA,turnovers,2.0,ESPN_PUBLIC_BOX_SCORE
ESPNHIST-4f4ca38af6c8514022079229,2026-09-19T17:39:56.545928+00:00,WNBA,ESPN-401857192,401857192,2026-09-18T00:00Z,Tonie Morgan,4565515,LA,steals,3.0,ESPN_PUBLIC_BOX_SCORE
ESPNHIST-1eef3473831ffd8150fb4054,2026-09-19T17:39:56.545928+00:00,WNBA,ESPN-401857192,401857192,2026-09-18T00:00Z,Tonie Morgan,4565515,LA,blocks,0.0,ESPN_PUBLIC_BOX_SCORE
ESPNHIST-f26ac8b08cb5c5e73b23e282,2026-09-19T17:39:56.545928+00:00,WNBA,ESPN-401857192,401857192,2026-09-18T00:00Z,Aaliyah Nye,4597509,LA,minutes,14.0,ESPN_PUBLIC_BOX_SCORE
ESPNHIST-c41fc305e2ee11d0b5b8d105,2026-09-19T17:39:56.545928+00:00,WNBA,ESPN-401857192,401857192,2026-09-18T00:00Z,Aaliyah Nye,4597509,LA,points,6.0,ESPN_PUBLIC_BOX_SCORE
ESPNHIST-1cd018660198d8550c09f2f9,2026-09-19T17:39:56.545928+00:00,WNBA,ESPN-401857192,401857192,2026-09-18T00:00Z,Aaliyah Nye,4597509,LA,rebounds,3.0,ESPN_PUBLIC_BOX_SCORE
ESPNHIST-fec8b2803814d72e123e107b,2026-09-19T17:39:56.545928+00:00,WNBA,ESPN-401857192,401857192,2026-09-18T00:00Z,Aaliyah Nye,4597509,LA,assists,1.0,ESPN_PUBLIC_BOX_SCORE
ESPNHIST-90ed8b0d8d3a9853ca35ac8f,2026-09-19T17:39:56.545928+00:00,WNBA,ESPN-401857192,401857192,2026-09-18T00:00Z,Aaliyah Nye,4597509,LA,turnovers,1.0,ESPN_PUBLIC_BOX_SCORE
ESPNHIST-59486fa656932b9e560f7743,2026-09-19T17:39:56.545928+00:00,WNBA,ESPN-401857192,401857192,2026-09-18T00:00Z,Aaliyah Nye,4597509,LA,steals,0.0,ESPN_PUBLIC_BOX_SCORE
ESPNHIST-7724a83334d316080abc251d,2026-09-19T17:39:56.545928+00:00,WNBA,ESPN-401857192,401857192,2026-09-18T00:00Z,Aaliyah Nye,4597509,LA,blocks,0.0,ESPN_PUBLIC_BOX_SCORE
ESPNHIST-f76502d16fe90b45708c2ca8,2026-09-19T17:39:56.545928+00:00,WNBA,ESPN-401857192,401857192,2026-09-18T00:00Z,Monique Akoa Makani,5274110,LA,minutes,26.0,ESPN_PUBLIC_BOX_SCORE
ESPNHIST-0b2089617df1fa8c2f331b8d,2026-09-19T17:39:56.545928+00:00,WNBA,ESPN-401857192,401857192,2026-09-18T00:00Z,Monique Akoa Makani,5274110,LA,points,0.0,ESPN_PUBLIC_BOX_SCORE
ESPNHIST-a3094cab74bf6d693706f4ba,2026-09-19T17:39:56.545928+00:00,WNBA,ESPN-401857192,401857192,2026-09-18T00:00Z,Monique Akoa Makani,5274110,LA,rebounds,2.0,ESPN_PUBLIC_BOX_SCORE
ESPNHIST-a97aef78141900278553b255,2026-09-19T17:39:56.545928+00:00,WNBA,ESPN-401857192,401857192,2026-09-18T00:00Z,Monique Akoa Makani,5274110,LA,assists,2.0,ESPN_PUBLIC_BOX_SCORE
ESPNHIST-fd1171de078c8a49bd7a966f,2026-09-19T17:39:56.545928+00:00,WNBA,ESPN-401857192,401857192,2026-09-18T00:00Z,Monique Akoa Makani,5274110,LA,turnovers,3.0,ESPN_PUBLIC_BOX_SCORE
ESPNHIST-31fb93326dc8e0d24d84533e,2026-09-19T17:39:56.545928+00:00,WNBA,ESPN-401857192,401857192,2026-09-18T00:00Z,Monique Akoa Makani,5274110,LA,steals,1.0,ESPN_PUBLIC_BOX_SCORE
ESPNHIST-66856bc5bf3f78d14dad712a,2026-09-19T17:39:56.545928+00:00,WNBA,ESPN-401857192,401857192,2026-09-18T00:00Z,Monique Akoa Makani,5274110,LA,blocks,1.0,ESPN_PUBLIC_BOX_SCORE
ESPNHIST-8ec9af21184f920325a980ac,2026-09-19T17:39:56.545928+00:00,WNBA,ESPN-401857192,401857192,2026-09-18T00:00Z,Jessica Shepard,3906949,DAL,minutes,28.0,ESPN_PUBLIC_BOX_SCORE
ESPNHIST-d30ee11834539f28a3924ca0,2026-09-19T17:39:56.545928+00:00,WNBA,ESPN-401857192,401857192,2026-09-18T00:00Z,Jessica Shepard,3906949,DAL,points,13.0,ESPN_PUBLIC_BOX_SCORE
ESPNHIST-5bc0af89d29070f4a0d3cd89,2026-09-19T17:39:56.545928+00:00,WNBA,ESPN-401857192,401857192,2026-09-18T00:00Z,Jessica Shepard,3906949,DAL,rebounds,11.0,ESPN_PUBLIC_BOX_SCORE
ESPNHIST-7668f6b987c43ea3e1072302,2026-09-19T17:39:56.545928+00:00,WNBA,ESPN-401857192,401857192,2026-09-18T00:00Z,Jessica Shepard,3906949,DAL,assists,12.0,ESPN_PUBLIC_BOX_SCORE
ESPNHIST-2f7852f3f187aaf2ef1bdd28,2026-09-19T17:39:56.545928+00:00,WNBA,ESPN-401857192,401857192,2026-09-18T00:00Z,Jessica Shepard,3906949,DAL,turnovers,3.0,ESPN_PUBLIC_BOX_SCORE
ESPNHIST-c26eb1049521c817576ee41b,2026-09-19T17:39:56.545928+00:00,WNBA,ESPN-401857192,401857192,2026-09-18T00:00Z,Jessica Shepard,3906949,DAL,steals,1.0,ESPN_PUBLIC_BOX_SCORE
ESPNHIST-e4821a07e5b12e24f95b5515,2026-09-19T17:39:56.545928+00:00,WNBA,ESPN-401857192,401857192,2026-09-18T00:00Z,Jessica Shepard,3906949,DAL,blocks,0.0,ESPN_PUBLIC_BOX_SCORE
ESPNHIST-bb5dca06073a6dbda271e5a4,2026-09-19T17:39:56.545928+00:00,WNBA,ESPN-401857192,401857192,2026-09-18T00:00Z,Maddy Siegrist,4399415,DAL,minutes,23.0,ESPN_PUBLIC_BOX_SCORE
ESPNHIST-13ddbdcc991fe2b58dbd9dd3,2026-09-19T17:39:56.545928+00:00,WNBA,ESPN-401857192,401857192,2026-09-18T00:00Z,Maddy Siegrist,4399415,DAL,points,12.0,ESPN_PUBLIC_BOX_SCORE
ESPNHIST-ea13e091d4e77d595abacb39,2026-09-19T17:39:56.545928+00:00,WNBA,ESPN-401857192,401857192,2026-09-18T00:00Z,Maddy Siegrist,4399415,DAL,rebounds,2.0,ESPN_PUBLIC_BOX_SCORE
ESPNHIST-ff9feb1aacc94995eae381de,2026-09-19T17:39:56.545928+00:00,WNBA,ESPN-401857192,401857192,2026-09-18T00:00Z,Maddy Siegrist,4399415,DAL,assists,1.0,ESPN_PUBLIC_BOX_SCORE
ESPNHIST-d9fae10f0bab7e3c8444246d,2026-09-19T17:39:56.545928+00:00,WNBA,ESPN-401857192,401857192,2026-09-18T00:00Z,Maddy Siegrist,4399415,DAL,turnovers,0.0,ESPN_PUBLIC_BOX_SCORE
ESPNHIST-1b632dbf62d283b9eeb6ba3c,2026-09-19T17:39:56.545928+00:00,WNBA,ESPN-401857192,401857192,2026-09-18T00:00Z,Maddy Siegrist,4399415,DAL,steals,1.0,ESPN_PUBLIC_BOX_SCORE
ESPNHIST-c2df37aa422abd499dd2c2f4,2026-09-19T17:39:56.545928+00:00,WNBA,ESPN-401857192,401857192,2026-09-18T00:00Z,Maddy Siegrist,4399415,DAL,blocks,1.0,ESPN_PUBLIC_BOX_SCORE
ESPNHIST-12370720f3dddd728d93ac8e,2026-09-19T17:39:56.545928+00:00,WNBA,ESPN-401857192,401857192,2026-09-18T00:00Z,Awak Kuier,4790266,DAL,minutes,22.0,ESPN_PUBLIC_BOX_SCORE
ESPNHIST-74616521dec9abc388e39580,2026-09-19T17:39:56.545928+00:00,WNBA,ESPN-401857192,401857192,2026-09-18T00:00Z,Awak Kuier,4790266,DAL,points,7.0,ESPN_PUBLIC_BOX_SCORE
ESPNHIST-d1ce94e3d1aecf849c86b393,2026-09-19T17:39:56.545928+00:00,WNBA,ESPN-401857192,401857192,2026-09-18T00:00Z,Awak Kuier,4790266,DAL,rebounds,5.0,ESPN_PUBLIC_BOX_SCORE
ESPNHIST-539952c0383d0e5ae1024a9b,2026-09-19T17:39:56.545928+00:00,WNBA,ESPN-401857192,401857192,2026-09-18T00:00Z,Awak Kuier,4790266,DAL,assists,1.0,ESPN_PUBLIC_BOX_SCORE
ESPNHIST-0218b4bb822d2b20d5284de4,2026-09-19T17:39:56.545928+00:00,WNBA,ESPN-401857192,401857192,2026-09-18T00:00Z,Awak Kuier,4790266,DAL,turnovers,3.0,ESPN_PUBLIC_BOX_SCORE
ESPNHIST-27ffab8e93fd0270f2c9bcea,2026-09-19T17:39:56.545928+00:00,WNBA,ESPN-401857192,401857192,2026-09-18T00:00Z,Awak Kuier,4790266,DAL,steals,0.0,ESPN_PUBLIC_BOX_SCORE
ESPNHIST-55114a71d1b72beb7cd233ff,2026-09-19T17:39:56.545928+00:00,WNBA,ESPN-401857192,401857192,2026-09-18T00:00Z,Awak Kuier,4790266,DAL,blocks,6.0,ESPN_PUBLIC_BOX_SCORE
ESPNHIST-930f58e1b0e7d93fb3cbb274,2026-09-19T17:39:56.545928+00:00,WNBA,ESPN-401857192,401857192,2026-09-18T00:00Z,Arike Ogunbowale,3904577,DAL,minutes,27.0,ESPN_PUBLIC_BOX_SCORE
ESPNHIST-a1153f196a37304a2611cd6b,2026-09-19T17:39:56.545928+00:00,WNBA,ESPN-401857192,401857192,2026-09-18T00:00Z,Arike Ogunbowale,3904577,DAL,points,11.0,ESPN_PUBLIC_BOX_SCORE
ESPNHIST-85fd65169eda5180445e782f,2026-09-19T17:39:56.545928+00:00,WNBA,ESPN-401857192,401857192,2026-09-18T00:00Z,Arike Ogunbowale,3904577,DAL,rebounds,3.0,ESPN_PUBLIC_BOX_SCORE
ESPNHIST-02b3212f5d2f9c4763f28b3c,2026-09-19T17:39:56.545928+00:00,WNBA,ESPN-401857192,401857192,2026-09-18T00:00Z,Arike Ogunbowale,3904577,DAL,assists,4.0,ESPN_PUBLIC_BOX_SCORE
ESPNHIST-bd3811b3d843dd8a3feec2b1,2026-09-19T17:39:56.545928+00:00,WNBA,ESPN-401857192,401857192,2026-09-18T00:00Z,Arike Ogunbowale,3904577,DAL,turnovers,2.0,ESPN_PUBLIC_BOX_SCORE
ESPNHIST-329bb3b71941152b9afeda0a,2026-09-19T17:39:56.545928+00:00,WNBA,ESPN-401857192,401857192,2026-09-18T00:00Z,Arike Ogunbowale,3904577,DAL,steals,2.0,ESPN_PUBLIC_BOX_SCORE
ESPNHIST-f7478d0000c37e416fb64e86,2026-09-19T17:39:56.545928+00:00,WNBA,ESPN-401857192,401857192,2026-09-18T00:00Z,Arike Ogunbowale,3904577,DAL,blocks,0.0,ESPN_PUBLIC_BOX_SCORE
ESPNHIST-dd7fe6c38e98e6a4c36a5c77,2026-09-19T17:39:56.545928+00:00,WNBA,ESPN-401857192,401857192,2026-09-18T00:00Z,Paige Bueckers,4433730,DAL,minutes,26.0,ESPN_PUBLIC_BOX_SCORE
ESPNHIST-54bfd4d87c5e7e7be6377e8e,2026-09-19T17:39:56.545928+00:00,WNBA,ESPN-401857192,401857192,2026-09-18T00:00Z,Paige Bueckers,4433730,DAL,points,19.0,ESPN_PUBLIC_BOX_SCORE
ESPNHIST-c00aa787c5896910e0bfb10e,2026-09-19T17:39:56.545928+00:00,WNBA,ESPN-401857192,401857192,2026-09-18T00:00Z,Paige Bueckers,4433730,DAL,rebounds,6.0,ESPN_PUBLIC_BOX_SCORE
ESPNHIST-af3f5c44706e3acea3d53194,2026-09-19T17:39:56.545928+00:00,WNBA,ESPN-401857192,401857192,2026-09-18T00:00Z,Paige Bueckers,4433730,DAL,assists,3.0,ESPN_PUBLIC_BOX_SCORE
ESPNHIST-fbecc329f73047264465671e,2026-09-19T17:39:56.545928+00:00,WNBA,ESPN-401857192,401857192,2026-09-18T00:00Z,Paige Bueckers,4433730,DAL,turnovers,4.0,ESPN_PUBLIC_BOX_SCORE
ESPNHIST-34d4775e703dfff32a6ea3c6,2026-09-19T17:39:56.545928+00:00,WNBA,ESPN-401857192,401857192,2026-09-18T00:00Z,Paige Bueckers,4433730,DAL,steals,2.0,ESPN_PUBLIC_BOX_SCORE
ESPNHIST-1093a2fa1680afd5f5696786,2026-09-19T17:39:56.545928+00:00,WNBA,ESPN-401857192,401857192,2026-09-18T00:00Z,Paige Bueckers,4433730,DAL,blocks,0.0,ESPN_PUBLIC_BOX_SCORE
ESPNHIST-499d77c576fe4cdaea6dc224,2026-09-19T17:39:56.545928+00:00,WNBA,ESPN-401857192,401857192,2026-09-18T00:00Z,Alysha Clark,924,DAL,minutes,10.0,ESPN_PUBLIC_BOX_SCORE
ESPNHIST-98dda2089d0fb60cbf5e291d,2026-09-19T17:39:56.545928+00:00,WNBA,ESPN-401857192,401857192,2026-09-18T00:00Z,Alysha Clark,924,DAL,points,9.0,ESPN_PUBLIC_BOX_SCORE
ESPNHIST-7905392a89c7ccc9a0149b82,2026-09-19T17:39:56.545928+00:00,WNBA,ESPN-401857192,401857192,2026-09-18T00:00Z,Alysha Clark,924,DAL,rebounds,2.0,ESPN_PUBLIC_BOX_SCORE
ESPNHIST-e0536ac108f7ce05299ae1ae,2026-09-19T17:39:56.545928+00:00,WNBA,ESPN-401857192,401857192,2026-09-18T00:00Z,Alysha Clark,924,DAL,assists,1.0,ESPN_PUBLIC_BOX_SCORE
ESPNHIST-6425b8971072830f2fe31221,2026-09-19T17:39:56.545928+00:00,WNBA,ESPN-401857192,401857192,2026-09-18T00:00Z,Alysha Clark,924,DAL,turnovers,0.0,ESPN_PUBLIC_BOX_SCORE
ESPNHIST-c9d66908bd6f79dc9725a2a4,2026-09-19T17:39:56.545928+00:00,WNBA,ESPN-401857192,401857192,2026-09-18T00:00Z,Alysha Clark,924,DAL,steals,1.0,ESPN_PUBLIC_BOX_SCORE
ESPNHIST-5ee72b5c39994e77d574a0f4,2026-09-19T17:39:56.545928+00:00,WNBA,ESPN-401857192,401857192,2026-09-18T00:00Z,Alysha Clark,924,DAL,blocks,1.0,ESPN_PUBLIC_BOX_SCORE
ESPNHIST-cbdee98441f21b1a425ba694,2026-09-19T17:39:56.545928+00:00,WNBA,ESPN-401857192,401857192,2026-09-18T00:00Z,Li Yueru,4336633,DAL,minutes,12.0,ESPN_PUBLIC_BOX_SCORE
ESPNHIST-bbf38cb9aa1f736c593b68ac,2026-09-19T17:39:56.545928+00:00,WNBA,ESPN-401857192,401857192,2026-09-18T00:00Z,Li Yueru,4336633,DAL,points,4.0,ESPN_PUBLIC_BOX_SCORE
ESPNHIST-c60b64cb3254f26d7da20c85,2026-09-19T17:39:56.545928+00:00,WNBA,ESPN-401857192,401857192,2026-09-18T00:00Z,Li Yueru,4336633,DAL,rebounds,6.0,ESPN_PUBLIC_BOX_SCORE
ESPNHIST-c5566bdab23b10adba4fba9f,2026-09-19T17:39:56.545928+00:00,WNBA,ESPN-401857192,401857192,2026-09-18T00:00Z,Li Yueru,4336633,DAL,assists,0.0,ESPN_PUBLIC_BOX_SCORE
ESPNHIST-e5a05996d0edbe6f0cd48a2e,2026-09-19T17:39:56.545928+00:00,WNBA,ESPN-401857192,401857192,2026-09-18T00:00Z,Li Yueru,4336633,DAL,turnovers,0.0,ESPN_PUBLIC_BOX_SCORE
ESPNHIST-4bd8ab3a9ad773442fe5a6ea,2026-09-19T17:39:56.545928+00:00,WNBA,ESPN-401857192,401857192,2026-09-18T00:00Z,Li Yueru,4336633,DAL,steals,0.0,ESPN_PUBLIC_BOX_SCORE
ESPNHIST-3918dbf88eef6fa8f9c567b5,2026-09-19T17:39:56.545928+00:00,WNBA,ESPN-401857192,401857192,2026-09-18T00:00Z,Li Yueru,4336633,DAL,blocks,1.0,ESPN_PUBLIC_BOX_SCORE
ESPNHIST-ca9e2a3d9a04b8188aa7b80b,2026-09-19T17:39:56.545928+00:00,WNBA,ESPN-401857192,401857192,2026-09-18T00:00Z,Odyssey Sims,2529047,DAL,minutes,9.0,ESPN_PUBLIC_BOX_SCORE
ESPNHIST-1b93741948ad58894dad9318,2026-09-19T17:39:56.545928+00:00,WNBA,ESPN-401857192,401857192,2026-09-18T00:00Z,Odyssey Sims,2529047,DAL,points,2.0,ESPN_PUBLIC_BOX_SCORE
ESPNHIST-d7022fe557f51a8402b58705,2026-09-19T17:39:56.545928+00:00,WNBA,ESPN-401857192,401857192,2026-09-18T00:00Z,Odyssey Sims,2529047,DAL,rebounds,1.0,ESPN_PUBLIC_BOX_SCORE
ESPNHIST-20d601285868fb5391fde447,2026-09-19T17:39:56.545928+00:00,WNBA,ESPN-401857192,401857192,2026-09-18T00:00Z,Odyssey Sims,2529047,DAL,assists,3.0,ESPN_PUBLIC_BOX_SCORE
ESPNHIST-900741c83232a6a236b18477,2026-09-19T17:39:56.545928+00:00,WNBA,ESPN-401857192,401857192,2026-09-18T00:00Z,Odyssey Sims,2529047,DAL,turnovers,2.0,ESPN_PUBLIC_BOX_SCORE
ESPNHIST-d3f53a8e05145335ee88b410,2026-09-19T17:39:56.545928+00:00,WNBA,ESPN-401857192,401857192,2026-09-18T00:00Z,Odyssey Sims,2529047,DAL,steals,0.0,ESPN_PUBLIC_BOX_SCORE
ESPNHIST-eeb9dd33a898e704835f8d81,2026-09-19T17:39:56.545928+00:00,WNBA,ESPN-401857192,401857192,2026-09-18T00:00Z,Odyssey Sims,2529047,DAL,blocks,0.0,ESPN_PUBLIC_BOX_SCORE
ESPNHIST-cd716d035c30c444b9d40d00,2026-09-19T17:39:56.545928+00:00,WNBA,ESPN-401857192,401857192,2026-09-18T00:00Z,Kitija Laksa,3920741,DAL,minutes,15.0,ESPN_PUBLIC_BOX_SCORE
ESPNHIST-a3038f15fdf181d26bc86746,2026-09-19T17:39:56.545928+00:00,WNBA,ESPN-401857192,401857192,2026-09-18T00:00Z,Kitija Laksa,3920741,DAL,points,10.0,ESPN_PUBLIC_BOX_SCORE
ESPNHIST-33671032fa88b54bbc6bc46c,2026-09-19T17:39:56.545928+00:00,WNBA,ESPN-401857192,401857192,2026-09-18T00:00Z,Kitija Laksa,3920741,DAL,rebounds,4.0,ESPN_PUBLIC_BOX_SCORE
ESPNHIST-1f649cacfd2e6993c702a83e,2026-09-19T17:39:56.545928+00:00,WNBA,ESPN-401857192,401857192,2026-09-18T00:00Z,Kitija Laksa,3920741,DAL,assists,0.0,ESPN_PUBLIC_BOX_SCORE
ESPNHIST-da5fd46a81d40ac62955016e,2026-09-19T17:39:56.545928+00:00,WNBA,ESPN-401857192,401857192,2026-09-18T00:00Z,Kitija Laksa,3920741,DAL,turnovers,1.0,ESPN_PUBLIC_BOX_SCORE
ESPNHIST-81b344bb2fa44bf00080976e,2026-09-19T17:39:56.545928+00:00,WNBA,ESPN-401857192,401857192,2026-09-18T00:00Z,Kitija Laksa,3920741,DAL,steals,0.0,ESPN_PUBLIC_BOX_SCORE
ESPNHIST-1144271d9e5a696f9bea2ae2,2026-09-19T17:39:56.545928+00:00,WNBA,ESPN-401857192,401857192,2026-09-18T00:00Z,Kitija Laksa,3920741,DAL,blocks,1.0,ESPN_PUBLIC_BOX_SCORE
ESPNHIST-22bc4f37ee934fa233b0895d,2026-09-19T17:39:56.545928+00:00,WNBA,ESPN-401857192,401857192,2026-09-18T00:00Z,Christyn Williams,4398965,DAL,minutes,6.0,ESPN_PUBLIC_BOX_SCORE
ESPNHIST-7098b11f190b1403f86e6a5b,2026-09-19T17:39:56.545928+00:00,WNBA,ESPN-401857192,401857192,2026-09-18T00:00Z,Christyn Williams,4398965,DAL,points,0.0,ESPN_PUBLIC_BOX_SCORE
ESPNHIST-34e058cec97cebc4d1478eb9,2026-09-19T17:39:56.545928+00:00,WNBA,ESPN-401857192,401857192,2026-09-18T00:00Z,Christyn Williams,4398965,DAL,rebounds,1.0,ESPN_PUBLIC_BOX_SCORE
ESPNHIST-d9de6a9b370b72ca2725bcb2,2026-09-19T17:39:56.545928+00:00,WNBA,ESPN-401857192,401857192,2026-09-18T00:00Z,Christyn Williams,4398965,DAL,assists,1.0,ESPN_PUBLIC_BOX_SCORE
ESPNHIST-e23a5535108716fcb01582b2,2026-09-19T17:39:56.545928+00:00,WNBA,ESPN-401857192,401857192,2026-09-18T00:00Z,Christyn Williams,4398965,DAL,turnovers,0.0,ESPN_PUBLIC_BOX_SCORE
ESPNHIST-84206b5f83395bb0b4c35037,2026-09-19T17:39:56.545928+00:00,WNBA,ESPN-401857192,401857192,2026-09-18T00:00Z,Christyn Williams,4398965,DAL,steals,0.0,ESPN_PUBLIC_BOX_SCORE
ESPNHIST-3bb5cea55cc4c2502f00d3ee,2026-09-19T17:39:56.545928+00:00,WNBA,ESPN-401857192,401857192,2026-09-18T00:00Z,Christyn Williams,4398965,DAL,blocks,1.0,ESPN_PUBLIC_BOX_SCORE
ESPNHIST-62fc5aa3d7fc2ccecd3c00c5,2026-09-19T17:39:56.545928+00:00,WNBA,ESPN-401857192,401857192,2026-09-18T00:00Z,Aziaha James,4433807,DAL,minutes,17.0,ESPN_PUBLIC_BOX_SCORE
ESPNHIST-a3a6f51dcbcb59f0ae41380c,2026-09-19T17:39:56.545928+00:00,WNBA,ESPN-401857192,401857192,2026-09-18T00:00Z,Aziaha James,4433807,DAL,points,10.0,ESPN_PUBLIC_BOX_SCORE
ESPNHIST-00614f4c119a80296037d330,2026-09-19T17:39:56.545928+00:00,WNBA,ESPN-401857192,401857192,2026-09-18T00:00Z,Aziaha James,4433807,DAL,rebounds,1.0,ESPN_PUBLIC_BOX_SCORE
ESPNHIST-6055e04e0c635630ecd12b5a,2026-09-19T17:39:56.545928+00:00,WNBA,ESPN-401857192,401857192,2026-09-18T00:00Z,Aziaha James,4433807,DAL,assists,1.0,ESPN_PUBLIC_BOX_SCORE
ESPNHIST-ecf328df46b52cbb19c170d0,2026-09-19T17:39:56.545928+00:00,WNBA,ESPN-401857192,401857192,2026-09-18T00:00Z,Aziaha James,4433807,DAL,turnovers,2.0,ESPN_PUBLIC_BOX_SCORE
ESPNHIST-bc6048571a3a6ae3c61fded7,2026-09-19T17:39:56.545928+00:00,WNBA,ESPN-401857192,401857192,2026-09-18T00:00Z,Aziaha James,4433807,DAL,steals,2.0,ESPN_PUBLIC_BOX_SCORE
ESPNHIST-cd2869dc5363ab6effada93b,2026-09-19T17:39:56.545928+00:00,WNBA,ESPN-401857192,401857192,2026-09-18T00:00Z,Aziaha James,4433807,DAL,blocks,0.0,ESPN_PUBLIC_BOX_SCORE
ESPNHIST-0aa0184f5545cc3799634945,2026-09-19T17:39:56.545928+00:00,WNBA,ESPN-401857192,401857192,2026-09-18T00:00Z,Haley Jones,4595910,DAL,minutes,5.0,ESPN_PUBLIC_BOX_SCORE
ESPNHIST-6fb74edde9b809b7123aa66c,2026-09-19T17:39:56.545928+00:00,WNBA,ESPN-401857192,401857192,2026-09-18T00:00Z,Haley Jones,4595910,DAL,points,0.0,ESPN_PUBLIC_BOX_SCORE
ESPNHIST-a310cbbb77a19061b3af79be,2026-09-19T17:39:56.545928+00:00,WNBA,ESPN-401857192,401857192,2026-09-18T00:00Z,Haley Jones,4595910,DAL,rebounds,4.0,ESPN_PUBLIC_BOX_SCORE
ESPNHIST-c88cecc978ec1b7ecf99a779,2026-09-19T17:39:56.545928+00:00,WNBA,ESPN-401857192,401857192,2026-09-18T00:00Z,Haley Jones,4595910,DAL,assists,4.0,ESPN_PUBLIC_BOX_SCORE
ESPNHIST-93a483eaa4f9bd553c340723,2026-09-19T17:39:56.545928+00:00,WNBA,ESPN-401857192,401857192,2026-09-18T00:00Z,Haley Jones,4595910,DAL,turnovers,1.0,ESPN_PUBLIC_BOX_SCORE
ESPNHIST-686940f10f5008ddf8c736de,2026-09-19T17:39:56.545928+00:00,WNBA,ESPN-401857192,401857192,2026-09-18T00:00Z,Haley Jones,4595910,DAL,steals,0.0,ESPN_PUBLIC_BOX_SCORE
ESPNHIST-8ee7f774eec47ed4cd01bb31,2026-09-19T17:39:56.545928+00:00,WNBA,ESPN-401857192,401857192,2026-09-18T00:00Z,Haley Jones,4595910,DAL,blocks,0.0,ESPN_PUBLIC_BOX_SCORE
ESPNHIST-3cdbc14793ca92509662eee4,2026-09-19T17:39:56.545928+00:00,WNBA,ESPN-401857193,401857193,2026-09-18T02:00Z,Alyssa Thomas,2529140,PHX,minutes,31.0,ESPN_PUBLIC_BOX_SCORE
ESPNHIST-1e79e97177ce299344a7da85,2026-09-19T17:39:56.545928+00:00,WNBA,ESPN-401857193,401857193,2026-09-18T02:00Z,Alyssa Thomas,2529140,PHX,points,18.0,ESPN_PUBLIC_BOX_SCORE
ESPNHIST-d60d1c8ec7cb91da83b505be,2026-09-19T17:39:56.545928+00:00,WNBA,ESPN-401857193,401857193,2026-09-18T02:00Z,Alyssa Thomas,2529140,PHX,rebounds,8.0,ESPN_PUBLIC_BOX_SCORE
ESPNHIST-b6011a11370cb40429b078d1,2026-09-19T17:39:56.545928+00:00,WNBA,ESPN-401857193,401857193,2026-09-18T02:00Z,Alyssa Thomas,2529140,PHX,assists,6.0,ESPN_PUBLIC_BOX_SCORE
ESPNHIST-be3f52749153ce1a1e30bcc9,2026-09-19T17:39:56.545928+00:00,WNBA,ESPN-401857193,401857193,2026-09-18T02:00Z,Alyssa Thomas,2529140,PHX,turnovers,5.0,ESPN_PUBLIC_BOX_SCORE
ESPNHIST-a85d911df9ca45bbfdee302c,2026-09-19T17:39:56.545928+00:00,WNBA,ESPN-401857193,401857193,2026-09-18T02:00Z,Alyssa Thomas,2529140,PHX,steals,1.0,ESPN_PUBLIC_BOX_SCORE
ESPNHIST-594679788e8bc810671235bd,2026-09-19T17:39:56.545928+00:00,WNBA,ESPN-401857193,401857193,2026-09-18T02:00Z,Alyssa Thomas,2529140,PHX,blocks,0.0,ESPN_PUBLIC_BOX_SCORE
ESPNHIST-a67256a6d6ceb992f04bc548,2026-09-19T17:39:56.545928+00:00,WNBA,ESPN-401857193,401857193,2026-09-18T02:00Z,Natasha Mack,4068042,PHX,minutes,27.0,ESPN_PUBLIC_BOX_SCORE
ESPNHIST-582f1840006e4c36d9c75b67,2026-09-19T17:39:56.545928+00:00,WNBA,ESPN-401857193,401857193,2026-09-18T02:00Z,Natasha Mack,4068042,PHX,points,11.0,ESPN_PUBLIC_BOX_SCORE
ESPNHIST-c1a0d12b0f6d8f34e8509058,2026-09-19T17:39:56.545928+00:00,WNBA,ESPN-401857193,401857193,2026-09-18T02:00Z,Natasha Mack,4068042,PHX,rebounds,5.0,ESPN_PUBLIC_BOX_SCORE
ESPNHIST-435d2510087512c09e1ea6df,2026-09-19T17:39:56.545928+00:00,WNBA,ESPN-401857193,401857193,2026-09-18T02:00Z,Natasha Mack,4068042,PHX,assists,1.0,ESPN_PUBLIC_BOX_SCORE
ESPNHIST-bcdce9c11446debfbfdcccf9,2026-09-19T17:39:56.545928+00:00,WNBA,ESPN-401857193,401857193,2026-09-18T02:00Z,Natasha Mack,4068042,PHX,turnovers,1.0,ESPN_PUBLIC_BOX_SCORE
ESPNHIST-037fa2675534067c706b51fc,2026-09-19T17:39:56.545928+00:00,WNBA,ESPN-401857193,401857193,2026-09-18T02:00Z,Natasha Mack,4068042,PHX,steals,3.0,ESPN_PUBLIC_BOX_SCORE
ESPNHIST-2df0dded64c1c4ca1917ded6,2026-09-19T17:39:56.545928+00:00,WNBA,ESPN-401857193,401857193,2026-09-18T02:00Z,Natasha Mack,4068042,PHX,blocks,2.0,ESPN_PUBLIC_BOX_SCORE
ESPNHIST-5c3381ea89d6c185cf09e600,2026-09-19T17:39:56.545928+00:00,WNBA,ESPN-401857193,401857193,2026-09-18T02:00Z,Noemie Brochant,5345524,PHX,minutes,34.0,ESPN_PUBLIC_BOX_SCORE
ESPNHIST-eea4459aa1820a5a99bbdcdb,2026-09-19T17:39:56.545928+00:00,WNBA,ESPN-401857193,401857193,2026-09-18T02:00Z,Noemie Brochant,5345524,PHX,points,14.0,ESPN_PUBLIC_BOX_SCORE
ESPNHIST-b17fbdd3b08ca1d597458c90,2026-09-19T17:39:56.545928+00:00,WNBA,ESPN-401857193,401857193,2026-09-18T02:00Z,Noemie Brochant,5345524,PHX,rebounds,3.0,ESPN_PUBLIC_BOX_SCORE
ESPNHIST-00414dee753ba33d3a956f4b,2026-09-19T17:39:56.545928+00:00,WNBA,ESPN-401857193,401857193,2026-09-18T02:00Z,Noemie Brochant,5345524,PHX,assists,6.0,ESPN_PUBLIC_BOX_SCORE
ESPNHIST-c9d65bfd6d1032f8ff31047e,2026-09-19T17:39:56.545928+00:00,WNBA,ESPN-401857193,401857193,2026-09-18T02:00Z,Noemie Brochant,5345524,PHX,turnovers,3.0,ESPN_PUBLIC_BOX_SCORE
ESPNHIST-8ccc573e530de0d894c9a61b,2026-09-19T17:39:56.545928+00:00,WNBA,ESPN-401857193,401857193,2026-09-18T02:00Z,Noemie Brochant,5345524,PHX,steals,1.0,ESPN_PUBLIC_BOX_SCORE
ESPNHIST-f3e99fdba0e9f8ccd482025c,2026-09-19T17:39:56.545928+00:00,WNBA,ESPN-401857193,401857193,2026-09-18T02:00Z,Noemie Brochant,5345524,PHX,blocks,1.0,ESPN_PUBLIC_BOX_SCORE
ESPNHIST-9add64f36a37ad143dc60001,2026-09-19T17:39:56.545928+00:00,WNBA,ESPN-401857193,401857193,2026-09-18T02:00Z,Sami Whitcomb,887,PHX,minutes,26.0,ESPN_PUBLIC_BOX_SCORE
ESPNHIST-500ef6dc9eaeef409729601e,2026-09-19T17:39:56.545928+00:00,WNBA,ESPN-401857193,401857193,2026-09-18T02:00Z,Sami Whitcomb,887,PHX,points,11.0,ESPN_PUBLIC_BOX_SCORE
ESPNHIST-3a6c1cef0261115a89ff5cd5,2026-09-19T17:39:56.545928+00:00,WNBA,ESPN-401857193,401857193,2026-09-18T02:00Z,Sami Whitcomb,887,PHX,rebounds,2.0,ESPN_PUBLIC_BOX_SCORE
ESPNHIST-7fe1b660f7534578fc488dd5,2026-09-19T17:39:56.545928+00:00,WNBA,ESPN-401857193,401857193,2026-09-18T02:00Z,Sami Whitcomb,887,PHX,assists,4.0,ESPN_PUBLIC_BOX_SCORE
ESPNHIST-076838d23c52a9177594d30b,2026-09-19T17:39:56.545928+00:00,WNBA,ESPN-401857193,401857193,2026-09-18T02:00Z,Sami Whitcomb,887,PHX,turnovers,0.0,ESPN_PUBLIC_BOX_SCORE
ESPNHIST-9f04a17b762358ae92044ed4,2026-09-19T17:39:56.545928+00:00,WNBA,ESPN-401857193,401857193,2026-09-18T02:00Z,Sami Whitcomb,887,PHX,steals,1.0,ESPN_PUBLIC_BOX_SCORE
ESPNHIST-1fad3ded5d8b5a08f3e7990a,2026-09-19T17:39:56.545928+00:00,WNBA,ESPN-401857193,401857193,2026-09-18T02:00Z,Sami Whitcomb,887,PHX,blocks,1.0,ESPN_PUBLIC_BOX_SCORE
ESPNHIST-9110451fc11e74734e4398f7,2026-09-19T17:39:56.545928+00:00,WNBA,ESPN-401857193,401857193,2026-09-18T02:00Z,Lexi Held,4399342,PHX,minutes,17.0,ESPN_PUBLIC_BOX_SCORE
ESPNHIST-ac8366bc7ba60554a7626e99,2026-09-19T17:39:56.545928+00:00,WNBA,ESPN-401857193,401857193,2026-09-18T02:00Z,Lexi Held,4399342,PHX,points,12.0,ESPN_PUBLIC_BOX_SCORE
ESPNHIST-1215f42833c7a7e574aaf14a,2026-09-19T17:39:56.545928+00:00,WNBA,ESPN-401857193,401857193,2026-09-18T02:00Z,Lexi Held,4399342,PHX,rebounds,1.0,ESPN_PUBLIC_BOX_SCORE
ESPNHIST-c9526ae7a45d072a0ebd4679,2026-09-19T17:39:56.545928+00:00,WNBA,ESPN-401857193,401857193,2026-09-18T02:00Z,Lexi Held,4399342,PHX,assists,1.0,ESPN_PUBLIC_BOX_SCORE
ESPNHIST-777d64e1592e424c22033662,2026-09-19T17:39:56.545928+00:00,WNBA,ESPN-401857193,401857193,2026-09-18T02:00Z,Lexi Held,4399342,PHX,turnovers,3.0,ESPN_PUBLIC_BOX_SCORE
ESPNHIST-213529873dc95daea62a5054,2026-09-19T17:39:56.545928+00:00,WNBA,ESPN-401857193,401857193,2026-09-18T02:00Z,Lexi Held,4399342,PHX,steals,0.0,ESPN_PUBLIC_BOX_SCORE
ESPNHIST-08983a79390ed19ee42d1896,2026-09-19T17:39:56.545928+00:00,WNBA,ESPN-401857193,401857193,2026-09-18T02:00Z,Lexi Held,4399342,PHX,blocks,0.0,ESPN_PUBLIC_BOX_SCORE
ESPNHIST-13d4e6bf80223b08064e17c9,2026-09-19T17:39:56.545928+00:00,WNBA,ESPN-401857193,401857193,2026-09-18T02:00Z,Maddy Westbeld,4433424,PHX,minutes,9.0,ESPN_PUBLIC_BOX_SCORE
ESPNHIST-54e33cf69c5055cb61749f49,2026-09-19T17:39:56.545928+00:00,WNBA,ESPN-401857193,401857193,2026-09-18T02:00Z,Maddy Westbeld,4433424,PHX,points,0.0,ESPN_PUBLIC_BOX_SCORE
ESPNHIST-858f7327b0e61755d302ce06,2026-09-19T17:39:56.545928+00:00,WNBA,ESPN-401857193,401857193,2026-09-18T02:00Z,Maddy Westbeld,4433424,PHX,rebounds,2.0,ESPN_PUBLIC_BOX_SCORE
ESPNHIST-25a1e47e4dc9f0f3228a37b2,2026-09-19T17:39:56.545928+00:00,WNBA,ESPN-401857193,401857193,2026-09-18T02:00Z,Maddy Westbeld,4433424,PHX,assists,0.0,ESPN_PUBLIC_BOX_SCORE
ESPNHIST-2633f9d85d98e432e44f07c3,2026-09-19T17:39:56.545928+00:00,WNBA,ESPN-401857193,401857193,2026-09-18T02:00Z,Maddy Westbeld,4433424,PHX,turnovers,2.0,ESPN_PUBLIC_BOX_SCORE
ESPNHIST-4db853cae83b2afb603b6aca,2026-09-19T17:39:56.545928+00:00,WNBA,ESPN-401857193,401857193,2026-09-18T02:00Z,Maddy Westbeld,4433424,PHX,steals,0.0,ESPN_PUBLIC_BOX_SCORE
ESPNHIST-ed24ac1df4bbed239e1fa717,2026-09-19T17:39:56.545928+00:00,WNBA,ESPN-401857193,401857193,2026-09-18T02:00Z,Maddy Westbeld,4433424,PHX,blocks,1.0,ESPN_PUBLIC_BOX_SCORE
ESPNHIST-a9a0060ec554f34b04d70c03,2026-09-19T17:39:56.545928+00:00,WNBA,ESPN-401857193,401857193,2026-09-18T02:00Z,Marta Suarez,4704594,PHX,minutes,13.0,ESPN_PUBLIC_BOX_SCORE
ESPNHIST-33361d5fda8d6488c8002a5a,2026-09-19T17:39:56.545928+00:00,WNBA,ESPN-401857193,401857193,2026-09-18T02:00Z,Marta Suarez,4704594,PHX,points,0.0,ESPN_PUBLIC_BOX_SCORE
ESPNHIST-5766458a51ee2cc66d33bb97,2026-09-19T17:39:56.545928+00:00,WNBA,ESPN-401857193,401857193,2026-09-18T02:00Z,Marta Suarez,4704594,PHX,rebounds,2.0,ESPN_PUBLIC_BOX_SCORE
ESPNHIST-f9aa724cb7a9013c4a3a329f,2026-09-19T17:39:56.545928+00:00,WNBA,ESPN-401857193,401857193,2026-09-18T02:00Z,Marta Suarez,4704594,PHX,assists,1.0,ESPN_PUBLIC_BOX_SCORE
ESPNHIST-acd851104d0425b04ad08273,2026-09-19T17:39:56.545928+00:00,WNBA,ESPN-401857193,401857193,2026-09-18T02:00Z,Marta Suarez,4704594,PHX,turnovers,0.0,ESPN_PUBLIC_BOX_SCORE
ESPNHIST-1b48c78e360dd10ae2d55e48,2026-09-19T17:39:56.545928+00:00,WNBA,ESPN-401857193,401857193,2026-09-18T02:00Z,Marta Suarez,4704594,PHX,steals,1.0,ESPN_PUBLIC_BOX_SCORE
ESPNHIST-48fac42d2452bee084c587af,2026-09-19T17:39:56.545928+00:00,WNBA,ESPN-401857193,401857193,2026-09-18T02:00Z,Marta Suarez,4704594,PHX,blocks,0.0,ESPN_PUBLIC_BOX_SCORE
ESPNHIST-6196d6c9202d2611d3332bcd,2026-09-19T17:39:56.545928+00:00,WNBA,ESPN-401857193,401857193,2026-09-18T02:00Z,Saylor Poffenbarger,4433542,PHX,minutes,8.0,ESPN_PUBLIC_BOX_SCORE
ESPNHIST-d1c0a72edefdf67ef4b249ff,2026-09-19T17:39:56.545928+00:00,WNBA,ESPN-401857193,401857193,2026-09-18T02:00Z,Saylor Poffenbarger,4433542,PHX,points,3.0,ESPN_PUBLIC_BOX_SCORE
ESPNHIST-789fcf0fdc82dc66da58ec3a,2026-09-19T17:39:56.545928+00:00,WNBA,ESPN-401857193,401857193,2026-09-18T02:00Z,Saylor Poffenbarger,4433542,PHX,rebounds,2.0,ESPN_PUBLIC_BOX_SCORE
ESPNHIST-f5af76913f257a60650c7d22,2026-09-19T17:39:56.545928+00:00,WNBA,ESPN-401857193,401857193,2026-09-18T02:00Z,Saylor Poffenbarger,4433542,PHX,assists,0.0,ESPN_PUBLIC_BOX_SCORE
ESPNHIST-86203ef64ca76883a48b844f,2026-09-19T17:39:56.545928+00:00,WNBA,ESPN-401857193,401857193,2026-09-18T02:00Z,Saylor Poffenbarger,4433542,PHX,turnovers,1.0,ESPN_PUBLIC_BOX_SCORE
ESPNHIST-922a957f415517bb62d77023,2026-09-19T17:39:56.545928+00:00,WNBA,ESPN-401857193,401857193,2026-09-18T02:00Z,Saylor Poffenbarger,4433542,PHX,steals,1.0,ESPN_PUBLIC_BOX_SCORE
ESPNHIST-6c2d53e21c9a75cc85fdf9ac,2026-09-19T17:39:56.545928+00:00,WNBA,ESPN-401857193,401857193,2026-09-18T02:00Z,Saylor Poffenbarger,4433542,PHX,blocks,0.0,ESPN_PUBLIC_BOX_SCORE
ESPNHIST-031b217dd3ba8f70d7f4723d,2026-09-19T17:39:56.545928+00:00,WNBA,ESPN-401857193,401857193,2026-09-18T02:00Z,Shay Ciezki,4688629,PHX,minutes,21.0,ESPN_PUBLIC_BOX_SCORE
ESPNHIST-e6835a805be22351483b64f8,2026-09-19T17:39:56.545928+00:00,WNBA,ESPN-401857193,401857193,2026-09-18T02:00Z,Shay Ciezki,4688629,PHX,points,22.0,ESPN_PUBLIC_BOX_SCORE
ESPNHIST-24b7fcf2c886b26b2930c2d3,2026-09-19T17:39:56.545928+00:00,WNBA,ESPN-401857193,401857193,2026-09-18T02:00Z,Shay Ciezki,4688629,PHX,rebounds,2.0,ESPN_PUBLIC_BOX_SCORE
ESPNHIST-f9d76e103f886b7ec8399598,2026-09-19T17:39:56.545928+00:00,WNBA,ESPN-401857193,401857193,2026-09-18T02:00Z,Shay Ciezki,4688629,PHX,assists,3.0,ESPN_PUBLIC_BOX_SCORE
ESPNHIST-7c269a009776d1a9634c8458,2026-09-19T17:39:56.545928+00:00,WNBA,ESPN-401857193,401857193,2026-09-18T02:00Z,Shay Ciezki,4688629,PHX,turnovers,1.0,ESPN_PUBLIC_BOX_SCORE
ESPNHIST-f2dac4a89146e214aff0013d,2026-09-19T17:39:56.545928+00:00,WNBA,ESPN-401857193,401857193,2026-09-18T02:00Z,Shay Ciezki,4688629,PHX,steals,2.0,ESPN_PUBLIC_BOX_SCORE
ESPNHIST-67f98ddf6550714ff6a130f6,2026-09-19T17:39:56.545928+00:00,WNBA,ESPN-401857193,401857193,2026-09-18T02:00Z,Shay Ciezki,4688629,PHX,blocks,0.0,ESPN_PUBLIC_BOX_SCORE
ESPNHIST-7d132ae696a5ee61d033729f,2026-09-19T17:39:56.545928+00:00,WNBA,ESPN-401857193,401857193,2026-09-18T02:00Z,Kara Dunn,4698730,PHX,minutes,13.0,ESPN_PUBLIC_BOX_SCORE
ESPNHIST-ea9398561c52cb25d5c86bbb,2026-09-19T17:39:56.545928+00:00,WNBA,ESPN-401857193,401857193,2026-09-18T02:00Z,Kara Dunn,4698730,PHX,points,3.0,ESPN_PUBLIC_BOX_SCORE
ESPNHIST-9e88e04fd2a246dfeae7cad1,2026-09-19T17:39:56.545928+00:00,WNBA,ESPN-401857193,401857193,2026-09-18T02:00Z,Kara Dunn,4698730,PHX,rebounds,2.0,ESPN_PUBLIC_BOX_SCORE
ESPNHIST-df365e5a334e090c562da056,2026-09-19T17:39:56.545928+00:00,WNBA,ESPN-401857193,401857193,2026-09-18T02:00Z,Kara Dunn,4698730,PHX,assists,1.0,ESPN_PUBLIC_BOX_SCORE
ESPNHIST-0580bfa376b547ec565fef64,2026-09-19T17:39:56.545928+00:00,WNBA,ESPN-401857193,401857193,2026-09-18T02:00Z,Kara Dunn,4698730,PHX,turnovers,1.0,ESPN_PUBLIC_BOX_SCORE
ESPNHIST-8ece1cd186cedf79335eb7a2,2026-09-19T17:39:56.545928+00:00,WNBA,ESPN-401857193,401857193,2026-09-18T02:00Z,Kara Dunn,4698730,PHX,steals,0.0,ESPN_PUBLIC_BOX_SCORE
ESPNHIST-99900af812c47ee16859a2b7,2026-09-19T17:39:56.545928+00:00,WNBA,ESPN-401857193,401857193,2026-09-18T02:00Z,Kara Dunn,4698730,PHX,blocks,0.0,ESPN_PUBLIC_BOX_SCORE
ESPNHIST-aa782da630ef1d486bee75f6,2026-09-19T17:39:56.545928+00:00,WNBA,ESPN-401857193,401857193,2026-09-18T02:00Z,Emily Engstler,4398729,POR,minutes,29.0,ESPN_PUBLIC_BOX_SCORE
ESPNHIST-8e90d3612681f1f3415e4c0d,2026-09-19T17:39:56.545928+00:00,WNBA,ESPN-401857193,401857193,2026-09-18T02:00Z,Emily Engstler,4398729,POR,points,21.0,ESPN_PUBLIC_BOX_SCORE
ESPNHIST-94a4e4c1e157cdede60948d1,2026-09-19T17:39:56.545928+00:00,WNBA,ESPN-401857193,401857193,2026-09-18T02:00Z,Emily Engstler,4398729,POR,rebounds,7.0,ESPN_PUBLIC_BOX_SCORE
ESPNHIST-d65df5a2c892b26ee91814be,2026-09-19T17:39:56.545928+00:00,WNBA,ESPN-401857193,401857193,2026-09-18T02:00Z,Emily Engstler,4398729,POR,assists,5.0,ESPN_PUBLIC_BOX_SCORE
ESPNHIST-5eb0d25549b757ccad7cf1a6,2026-09-19T17:39:56.545928+00:00,WNBA,ESPN-401857193,401857193,2026-09-18T02:00Z,Emily Engstler,4398729,POR,turnovers,1.0,ESPN_PUBLIC_BOX_SCORE
ESPNHIST-9d0268cab4bc99515ad6dc01,2026-09-19T17:39:56.545928+00:00,WNBA,ESPN-401857193,401857193,2026-09-18T02:00Z,Emily Engstler,4398729,POR,steals,1.0,ESPN_PUBLIC_BOX_SCORE
ESPNHIST-1a4f21c9b556862fbdf53699,2026-09-19T17:39:56.545928+00:00,WNBA,ESPN-401857193,401857193,2026-09-18T02:00Z,Emily Engstler,4398729,POR,blocks,1.0,ESPN_PUBLIC_BOX_SCORE
ESPNHIST-6a823da297850c803e6d44a0,2026-09-19T17:39:56.545928+00:00,WNBA,ESPN-401857193,401857193,2026-09-18T02:00Z,Nyadiew Puoch,5209202,POR,minutes,29.0,ESPN_PUBLIC_BOX_SCORE
ESPNHIST-8ae654ae3ee48712aeb9bd87,2026-09-19T17:39:56.545928+00:00,WNBA,ESPN-401857193,401857193,2026-09-18T02:00Z,Nyadiew Puoch,5209202,POR,points,9.0,ESPN_PUBLIC_BOX_SCORE
ESPNHIST-54cb75e61b6e8507760a3ec8,2026-09-19T17:39:56.545928+00:00,WNBA,ESPN-401857193,401857193,2026-09-18T02:00Z,Nyadiew Puoch,5209202,POR,rebounds,3.0,ESPN_PUBLIC_BOX_SCORE
ESPNHIST-25d7813a56ca62021e2b8fd3,2026-09-19T17:39:56.545928+00:00,WNBA,ESPN-401857193,401857193,2026-09-18T02:00Z,Nyadiew Puoch,5209202,POR,assists,0.0,ESPN_PUBLIC_BOX_SCORE
ESPNHIST-30479859a7211dd82f2a9797,2026-09-19T17:39:56.545928+00:00,WNBA,ESPN-401857193,401857193,2026-09-18T02:00Z,Nyadiew Puoch,5209202,POR,turnovers,1.0,ESPN_PUBLIC_BOX_SCORE
ESPNHIST-381b723c29875f9b93e00e23,2026-09-19T17:39:56.545928+00:00,WNBA,ESPN-401857193,401857193,2026-09-18T02:00Z,Nyadiew Puoch,5209202,POR,steals,1.0,ESPN_PUBLIC_BOX_SCORE
ESPNHIST-ff8158af29ef4f786f72a72f,2026-09-19T17:39:56.545928+00:00,WNBA,ESPN-401857193,401857193,2026-09-18T02:00Z,Nyadiew Puoch,5209202,POR,blocks,0.0,ESPN_PUBLIC_BOX_SCORE
ESPNHIST-39488003e2fd2fce20382b06,2026-09-19T17:39:56.545928+00:00,WNBA,ESPN-401857193,401857193,2026-09-18T02:00Z,Serah Williams,5108550,POR,minutes,28.0,ESPN_PUBLIC_BOX_SCORE
ESPNHIST-7755417d60f6c0da89f5d6e4,2026-09-19T17:39:56.545928+00:00,WNBA,ESPN-401857193,401857193,2026-09-18T02:00Z,Serah Williams,5108550,POR,points,10.0,ESPN_PUBLIC_BOX_SCORE
ESPNHIST-a92ed191adecf302d68c3066,2026-09-19T17:39:56.545928+00:00,WNBA,ESPN-401857193,401857193,2026-09-18T02:00Z,Serah Williams,5108550,POR,rebounds,7.0,ESPN_PUBLIC_BOX_SCORE
ESPNHIST-8c0053b77084b0e1fb6481ad,2026-09-19T17:39:56.545928+00:00,WNBA,ESPN-401857193,401857193,2026-09-18T02:00Z,Serah Williams,5108550,POR,assists,0.0,ESPN_PUBLIC_BOX_SCORE
ESPNHIST-ce739e5e1ef43a3122005c45,2026-09-19T17:39:56.545928+00:00,WNBA,ESPN-401857193,401857193,2026-09-18T02:00Z,Serah Williams,5108550,POR,turnovers,0.0,ESPN_PUBLIC_BOX_SCORE
ESPNHIST-2c42068fc8fcca8bf83c8427,2026-09-19T17:39:56.545928+00:00,WNBA,ESPN-401857193,401857193,2026-09-18T02:00Z,Serah Williams,5108550,POR,steals,1.0,ESPN_PUBLIC_BOX_SCORE
ESPNHIST-ae9fd159efc0d9770501b6ed,2026-09-19T17:39:56.545928+00:00,WNBA,ESPN-401857193,401857193,2026-09-18T02:00Z,Serah Williams,5108550,POR,blocks,2.0,ESPN_PUBLIC_BOX_SCORE
ESPNHIST-ee8821dc9f2b7663a479c991,2026-09-19T17:39:56.545928+00:00,WNBA,ESPN-401857193,401857193,2026-09-18T02:00Z,Karlie Samuelson,3056730,POR,minutes,28.0,ESPN_PUBLIC_BOX_SCORE
ESPNHIST-8f04f82fb6b8895be6dca82d,2026-09-19T17:39:56.545928+00:00,WNBA,ESPN-401857193,401857193,2026-09-18T02:00Z,Karlie Samuelson,3056730,POR,points,14.0,ESPN_PUBLIC_BOX_SCORE
ESPNHIST-863cb26ac55bfa4a7f523540,2026-09-19T17:39:56.545928+00:00,WNBA,ESPN-401857193,401857193,2026-09-18T02:00Z,Karlie Samuelson,3056730,POR,rebounds,1.0,ESPN_PUBLIC_BOX_SCORE
ESPNHIST-b38e88069365f3f961f8e75d,2026-09-19T17:39:56.545928+00:00,WNBA,ESPN-401857193,401857193,2026-09-18T02:00Z,Karlie Samuelson,3056730,POR,assists,2.0,ESPN_PUBLIC_BOX_SCORE
ESPNHIST-73efd5d1c259551aa2dae3a6,2026-09-19T17:39:56.545928+00:00,WNBA,ESPN-401857193,401857193,2026-09-18T02:00Z,Karlie Samuelson,3056730,POR,turnovers,1.0,ESPN_PUBLIC_BOX_SCORE
ESPNHIST-b18a87e5570a41e670f74165,2026-09-19T17:39:56.545928+00:00,WNBA,ESPN-401857193,401857193,2026-09-18T02:00Z,Karlie Samuelson,3056730,POR,steals,1.0,ESPN_PUBLIC_BOX_SCORE
ESPNHIST-c5439d0fbd0ffdfb71bc77be,2026-09-19T17:39:56.545928+00:00,WNBA,ESPN-401857193,401857193,2026-09-18T02:00Z,Karlie Samuelson,3056730,POR,blocks,0.0,ESPN_PUBLIC_BOX_SCORE
ESPNHIST-db8b2a63974563bb68099350,2026-09-19T17:39:56.545928+00:00,WNBA,ESPN-401857193,401857193,2026-09-18T02:00Z,Jordan Harrison,5108051,POR,minutes,28.0,ESPN_PUBLIC_BOX_SCORE
ESPNHIST-d5d1d5c90fa20bb4019d7097,2026-09-19T17:39:56.545928+00:00,WNBA,ESPN-401857193,401857193,2026-09-18T02:00Z,Jordan Harrison,5108051,POR,points,8.0,ESPN_PUBLIC_BOX_SCORE
ESPNHIST-d5429f96eb478147690b5bca,2026-09-19T17:39:56.545928+00:00,WNBA,ESPN-401857193,401857193,2026-09-18T02:00Z,Jordan Harrison,5108051,POR,rebounds,2.0,ESPN_PUBLIC_BOX_SCORE
ESPNHIST-41128f94e7e745df9dd180bc,2026-09-19T17:39:56.545928+00:00,WNBA,ESPN-401857193,401857193,2026-09-18T02:00Z,Jordan Harrison,5108051,POR,assists,10.0,ESPN_PUBLIC_BOX_SCORE
ESPNHIST-bd5c911ed91225bd2e45f147,2026-09-19T17:39:56.545928+00:00,WNBA,ESPN-401857193,401857193,2026-09-18T02:00Z,Jordan Harrison,5108051,POR,turnovers,6.0,ESPN_PUBLIC_BOX_SCORE
ESPNHIST-ff755690cc3300d2c68d3a89,2026-09-19T17:39:56.545928+00:00,WNBA,ESPN-401857193,401857193,2026-09-18T02:00Z,Jordan Harrison,5108051,POR,steals,1.0,ESPN_PUBLIC_BOX_SCORE
ESPNHIST-88362804c74b0e81257e247b,2026-09-19T17:39:56.545928+00:00,WNBA,ESPN-401857193,401857193,2026-09-18T02:00Z,Jordan Harrison,5108051,POR,blocks,0.0,ESPN_PUBLIC_BOX_SCORE
ESPNHIST-2da8a1a7eaa796c75f56cd2b,2026-09-19T17:39:56.545928+00:00,WNBA,ESPN-401857193,401857193,2026-09-18T02:00Z,Amy Okonkwo,3142242,POR,minutes,18.0,ESPN_PUBLIC_BOX_SCORE
ESPNHIST-41a9a2d530590c9d09265b32,2026-09-19T17:39:56.545928+00:00,WNBA,ESPN-401857193,401857193,2026-09-18T02:00Z,Amy Okonkwo,3142242,POR,points,9.0,ESPN_PUBLIC_BOX_SCORE
ESPNHIST-0e20a3cd3961fe758b845d0c,2026-09-19T17:39:56.545928+00:00,WNBA,ESPN-401857193,401857193,2026-09-18T02:00Z,Amy Okonkwo,3142242,POR,rebounds,2.0,ESPN_PUBLIC_BOX_SCORE
ESPNHIST-b2352c9c0ed2182d18d0f7e7,2026-09-19T17:39:56.545928+00:00,WNBA,ESPN-401857193,401857193,2026-09-18T02:00Z,Amy Okonkwo,3142242,POR,assists,0.0,ESPN_PUBLIC_BOX_SCORE
ESPNHIST-e3afe6da8f407cb8090e2135,2026-09-19T17:39:56.545928+00:00,WNBA,ESPN-401857193,401857193,2026-09-18T02:00Z,Amy Okonkwo,3142242,POR,turnovers,2.0,ESPN_PUBLIC_BOX_SCORE
ESPNHIST-0d181569f2637580035a6f24,2026-09-19T17:39:56.545928+00:00,WNBA,ESPN-401857193,401857193,2026-09-18T02:00Z,Amy Okonkwo,3142242,POR,steals,4.0,ESPN_PUBLIC_BOX_SCORE
ESPNHIST-d8e3f53256fc84441cc3a5e1,2026-09-19T17:39:56.545928+00:00,WNBA,ESPN-401857193,401857193,2026-09-18T02:00Z,Amy Okonkwo,3142242,POR,blocks,0.0,ESPN_PUBLIC_BOX_SCORE
ESPNHIST-4269c83711c56835cfd3fb4e,2026-09-19T17:39:56.545928+00:00,WNBA,ESPN-401857193,401857193,2026-09-18T02:00Z,Frieda Buhner,5105406,POR,minutes,17.0,ESPN_PUBLIC_BOX_SCORE
ESPNHIST-cb4b5e3d9671c32c74f5e56b,2026-09-19T17:39:56.545928+00:00,WNBA,ESPN-401857193,401857193,2026-09-18T02:00Z,Frieda Buhner,5105406,POR,points,2.0,ESPN_PUBLIC_BOX_SCORE
ESPNHIST-6031d130a68fe1c6e643ca60,2026-09-19T17:39:56.545928+00:00,WNBA,ESPN-401857193,401857193,2026-09-18T02:00Z,Frieda Buhner,5105406,POR,rebounds,0.0,ESPN_PUBLIC_BOX_SCORE
ESPNHIST-e32cb181878be6f25235407c,2026-09-19T17:39:56.545928+00:00,WNBA,ESPN-401857193,401857193,2026-09-18T02:00Z,Frieda Buhner,5105406,POR,assists,1.0,ESPN_PUBLIC_BOX_SCORE
ESPNHIST-8ec5ac29c12cac69b78d9d09,2026-09-19T17:39:56.545928+00:00,WNBA,ESPN-401857193,401857193,2026-09-18T02:00Z,Frieda Buhner,5105406,POR,turnovers,1.0,ESPN_PUBLIC_BOX_SCORE
ESPNHIST-c71f973cf467b7bda1ae4205,2026-09-19T17:39:56.545928+00:00,WNBA,ESPN-401857193,401857193,2026-09-18T02:00Z,Frieda Buhner,5105406,POR,steals,1.0,ESPN_PUBLIC_BOX_SCORE
ESPNHIST-792439b62fc3a64d0f393b79,2026-09-19T17:39:56.545928+00:00,WNBA,ESPN-401857193,401857193,2026-09-18T02:00Z,Frieda Buhner,5105406,POR,blocks,0.0,ESPN_PUBLIC_BOX_SCORE
ESPNHIST-b11867ce62e7c13398bc3f9d,2026-09-19T17:39:56.545928+00:00,WNBA,ESPN-401857193,401857193,2026-09-18T02:00Z,Holly Winterburn,4433690,POR,minutes,22.0,ESPN_PUBLIC_BOX_SCORE
ESPNHIST-1e37d3091e3d40d036d99fc5,2026-09-19T17:39:56.545928+00:00,WNBA,ESPN-401857193,401857193,2026-09-18T02:00Z,Holly Winterburn,4433690,POR,points,18.0,ESPN_PUBLIC_BOX_SCORE
ESPNHIST-bb483f64d6cd8a59d3f7f258,2026-09-19T17:39:56.545928+00:00,WNBA,ESPN-401857193,401857193,2026-09-18T02:00Z,Holly Winterburn,4433690,POR,rebounds,3.0,ESPN_PUBLIC_BOX_SCORE
ESPNHIST-d4804d7e853212ef63e81b99,2026-09-19T17:39:56.545928+00:00,WNBA,ESPN-401857193,401857193,2026-09-18T02:00Z,Holly Winterburn,4433690,POR,assists,2.0,ESPN_PUBLIC_BOX_SCORE
ESPNHIST-d649501f290e3e4e9dc1ac3d,2026-09-19T17:39:56.545928+00:00,WNBA,ESPN-401857193,401857193,2026-09-18T02:00Z,Holly Winterburn,4433690,POR,turnovers,5.0,ESPN_PUBLIC_BOX_SCORE
ESPNHIST-33f5b340cb635ed2733c9d7f,2026-09-19T17:39:56.545928+00:00,WNBA,ESPN-401857193,401857193,2026-09-18T02:00Z,Holly Winterburn,4433690,POR,steals,2.0,ESPN_PUBLIC_BOX_SCORE
ESPNHIST-e58367c024a8fd89696dbf21,2026-09-19T17:39:56.545928+00:00,WNBA,ESPN-401857193,401857193,2026-09-18T02:00Z,Holly Winterburn,4433690,POR,blocks,0.0,ESPN_PUBLIC_BOX_SCORE
ESPNHIST-42dc57bd2752e754a3182267,2026-09-19T17:39:56.545928+00:00,WNBA,ESPN-401857194,401857194,2026-09-18T02:00Z,Stephanie Talbot,3099736,LV,minutes,16.0,ESPN_PUBLIC_BOX_SCORE
ESPNHIST-266e1c4092f05a14ee8c6add,2026-09-19T17:39:56.545928+00:00,WNBA,ESPN-401857194,401857194,2026-09-18T02:00Z,Stephanie Talbot,3099736,LV,points,8.0,ESPN_PUBLIC_BOX_SCORE
ESPNHIST-f0d37183fc533a81cea47bb9,2026-09-19T17:39:56.545928+00:00,WNBA,ESPN-401857194,401857194,2026-09-18T02:00Z,Stephanie Talbot,3099736,LV,rebounds,3.0,ESPN_PUBLIC_BOX_SCORE
ESPNHIST-4a6153889bae9a002e8f79d6,2026-09-19T17:39:56.545928+00:00,WNBA,ESPN-401857194,401857194,2026-09-18T02:00Z,Stephanie Talbot,3099736,LV,assists,5.0,ESPN_PUBLIC_BOX_SCORE
ESPNHIST-3a011794968552eeefe90bb3,2026-09-19T17:39:56.545928+00:00,WNBA,ESPN-401857194,401857194,2026-09-18T02:00Z,Stephanie Talbot,3099736,LV,turnovers,1.0,ESPN_PUBLIC_BOX_SCORE
ESPNHIST-ab12461fca2e21d0df264b5c,2026-09-19T17:39:56.545928+00:00,WNBA,ESPN-401857194,401857194,2026-09-18T02:00Z,Stephanie Talbot,3099736,LV,steals,0.0,ESPN_PUBLIC_BOX_SCORE
ESPNHIST-4fd70c84c778f6f222167ec3,2026-09-19T17:39:56.545928+00:00,WNBA,ESPN-401857194,401857194,2026-09-18T02:00Z,Stephanie Talbot,3099736,LV,blocks,0.0,ESPN_PUBLIC_BOX_SCORE
ESPNHIST-79e81d2beffb51fbe540c976,2026-09-19T17:39:56.545928+00:00,WNBA,ESPN-401857194,401857194,2026-09-18T02:00Z,Brianna Turner,3142086,LV,minutes,20.0,ESPN_PUBLIC_BOX_SCORE
ESPNHIST-4e418ea84f5a089a88984f73,2026-09-19T17:39:56.545928+00:00,WNBA,ESPN-401857194,401857194,2026-09-18T02:00Z,Brianna Turner,3142086,LV,points,0.0,ESPN_PUBLIC_BOX_SCORE
ESPNHIST-4864a969752faeffb0c0914c,2026-09-19T17:39:56.545928+00:00,WNBA,ESPN-401857194,401857194,2026-09-18T02:00Z,Brianna Turner,3142086,LV,rebounds,1.0,ESPN_PUBLIC_BOX_SCORE
ESPNHIST-c3321c5281159728482f5c96,2026-09-19T17:39:56.545928+00:00,WNBA,ESPN-401857194,401857194,2026-09-18T02:00Z,Brianna Turner,3142086,LV,assists,0.0,ESPN_PUBLIC_BOX_SCORE
ESPNHIST-cb8793607cfcf0639c05179a,2026-09-19T17:39:56.545928+00:00,WNBA,ESPN-401857194,401857194,2026-09-18T02:00Z,Brianna Turner,3142086,LV,turnovers,2.0,ESPN_PUBLIC_BOX_SCORE
ESPNHIST-fd0bd9dcb09028e8754f7969,2026-09-19T17:39:56.545928+00:00,WNBA,ESPN-401857194,401857194,2026-09-18T02:00Z,Brianna Turner,3142086,LV,steals,1.0,ESPN_PUBLIC_BOX_SCORE
ESPNHIST-c9aa679b139245dce9c441c0,2026-09-19T17:39:56.545928+00:00,WNBA,ESPN-401857194,401857194,2026-09-18T02:00Z,Brianna Turner,3142086,LV,blocks,1.0,ESPN_PUBLIC_BOX_SCORE
ESPNHIST-4afca5bf668f90746f7ca946,2026-09-19T17:39:56.545928+00:00,WNBA,ESPN-401857194,401857194,2026-09-18T02:00Z,A'ja Wilson,3149391,LV,minutes,29.0,ESPN_PUBLIC_BOX_SCORE
ESPNHIST-a1b59aa4b110a3f1066d293b,2026-09-19T17:39:56.545928+00:00,WNBA,ESPN-401857194,401857194,2026-09-18T02:00Z,A'ja Wilson,3149391,LV,points,29.0,ESPN_PUBLIC_BOX_SCORE
ESPNHIST-a800ce4a3ff509ea09e70661,2026-09-19T17:39:56.545928+00:00,WNBA,ESPN-401857194,401857194,2026-09-18T02:00Z,A'ja Wilson,3149391,LV,rebounds,7.0,ESPN_PUBLIC_BOX_SCORE
ESPNHIST-3c514bfaa4d3fbdb56fc5b7f,2026-09-19T17:39:56.545928+00:00,WNBA,ESPN-401857194,401857194,2026-09-18T02:00Z,A'ja Wilson,3149391,LV,assists,5.0,ESPN_PUBLIC_BOX_SCORE
ESPNHIST-2d71541fa4c54e0a1e0eced3,2026-09-19T17:39:56.545928+00:00,WNBA,ESPN-401857194,401857194,2026-09-18T02:00Z,A'ja Wilson,3149391,LV,turnovers,0.0,ESPN_PUBLIC_BOX_SCORE
ESPNHIST-d7d90d54df6adb0f6123e053,2026-09-19T17:39:56.545928+00:00,WNBA,ESPN-401857194,401857194,2026-09-18T02:00Z,A'ja Wilson,3149391,LV,steals,1.0,ESPN_PUBLIC_BOX_SCORE
ESPNHIST-197e702dc15e7f29d11a99a6,2026-09-19T17:39:56.545928+00:00,WNBA,ESPN-401857194,401857194,2026-09-18T02:00Z,A'ja Wilson,3149391,LV,blocks,2.0,ESPN_PUBLIC_BOX_SCORE
ESPNHIST-f6c272d7f92c4db94ce29fd4,2026-09-19T17:39:56.545928+00:00,WNBA,ESPN-401857194,401857194,2026-09-18T02:00Z,Chelsea Gray,2529122,LV,minutes,26.0,ESPN_PUBLIC_BOX_SCORE
ESPNHIST-361f993b6e44dd0d44311fb5,2026-09-19T17:39:56.545928+00:00,WNBA,ESPN-401857194,401857194,2026-09-18T02:00Z,Chelsea Gray,2529122,LV,points,5.0,ESPN_PUBLIC_BOX_SCORE
ESPNHIST-76f4e1101db0846b13719119,2026-09-19T17:39:56.545928+00:00,WNBA,ESPN-401857194,401857194,2026-09-18T02:00Z,Chelsea Gray,2529122,LV,rebounds,9.0,ESPN_PUBLIC_BOX_SCORE
ESPNHIST-7e38ec0c714c342521136b42,2026-09-19T17:39:56.545928+00:00,WNBA,ESPN-401857194,401857194,2026-09-18T02:00Z,Chelsea Gray,2529122,LV,assists,6.0,ESPN_PUBLIC_BOX_SCORE
ESPNHIST-fed3c7a008b5130358bac82f,2026-09-19T17:39:56.545928+00:00,WNBA,ESPN-401857194,401857194,2026-09-18T02:00Z,Chelsea Gray,2529122,LV,turnovers,1.0,ESPN_PUBLIC_BOX_SCORE
ESPNHIST-b45ae7067d76b0ca8ad52aa0,2026-09-19T17:39:56.545928+00:00,WNBA,ESPN-401857194,401857194,2026-09-18T02:00Z,Chelsea Gray,2529122,LV,steals,0.0,ESPN_PUBLIC_BOX_SCORE
ESPNHIST-8dd72cf30293e49896bcc3e3,2026-09-19T17:39:56.545928+00:00,WNBA,ESPN-401857194,401857194,2026-09-18T02:00Z,Chelsea Gray,2529122,LV,blocks,0.0,ESPN_PUBLIC_BOX_SCORE
ESPNHIST-d1a8db45e4507a01ec8f5200,2026-09-19T17:39:56.545928+00:00,WNBA,ESPN-401857194,401857194,2026-09-18T02:00Z,Jackie Young,4065870,LV,minutes,29.0,ESPN_PUBLIC_BOX_SCORE
ESPNHIST-dd467298bb583243cc667bb7,2026-09-19T17:39:56.545928+00:00,WNBA,ESPN-401857194,401857194,2026-09-18T02:00Z,Jackie Young,4065870,LV,points,35.0,ESPN_PUBLIC_BOX_SCORE
ESPNHIST-3f3dd42e1ba8cbadf0ee1d01,2026-09-19T17:39:56.545928+00:00,WNBA,ESPN-401857194,401857194,2026-09-18T02:00Z,Jackie Young,4065870,LV,rebounds,1.0,ESPN_PUBLIC_BOX_SCORE
ESPNHIST-3d3f26fac8fa584ef7ee6e96,2026-09-19T17:39:56.545928+00:00,WNBA,ESPN-401857194,401857194,2026-09-18T02:00Z,Jackie Young,4065870,LV,assists,5.0,ESPN_PUBLIC_BOX_SCORE
ESPNHIST-fb8ac238880bbf6eaa12dd3c,2026-09-19T17:39:56.545928+00:00,WNBA,ESPN-401857194,401857194,2026-09-18T02:00Z,Jackie Young,4065870,LV,turnovers,5.0,ESPN_PUBLIC_BOX_SCORE
ESPNHIST-08b0dbf37afd51ab6a7aefd0,2026-09-19T17:39:56.545928+00:00,WNBA,ESPN-401857194,401857194,2026-09-18T02:00Z,Jackie Young,4065870,LV,steals,0.0,ESPN_PUBLIC_BOX_SCORE
ESPNHIST-2625724e4ebe5e1984d2b4d3,2026-09-19T17:39:56.545928+00:00,WNBA,ESPN-401857194,401857194,2026-09-18T02:00Z,Jackie Young,4065870,LV,blocks,0.0,ESPN_PUBLIC_BOX_SCORE
ESPNHIST-55dfee27f619eade58ca4dc2,2026-09-19T17:39:56.545928+00:00,WNBA,ESPN-401857194,401857194,2026-09-18T02:00Z,Cheyenne Parker-Tyus,2529458,LV,minutes,17.0,ESPN_PUBLIC_BOX_SCORE
ESPNHIST-6d0359540a9abb8084dca301,2026-09-19T17:39:56.545928+00:00,WNBA,ESPN-401857194,401857194,2026-09-18T02:00Z,Cheyenne Parker-Tyus,2529458,LV,points,9.0,ESPN_PUBLIC_BOX_SCORE
ESPNHIST-cee4e0fd705b8e1f28891ade,2026-09-19T17:39:56.545928+00:00,WNBA,ESPN-401857194,401857194,2026-09-18T02:00Z,Cheyenne Parker-Tyus,2529458,LV,rebounds,7.0,ESPN_PUBLIC_BOX_SCORE
ESPNHIST-3775d9a5f38d301cfb6d1216,2026-09-19T17:39:56.545928+00:00,WNBA,ESPN-401857194,401857194,2026-09-18T02:00Z,Cheyenne Parker-Tyus,2529458,LV,assists,1.0,ESPN_PUBLIC_BOX_SCORE
ESPNHIST-744f3bfacf6bc2e96e194b03,2026-09-19T17:39:56.545928+00:00,WNBA,ESPN-401857194,401857194,2026-09-18T02:00Z,Cheyenne Parker-Tyus,2529458,LV,turnovers,0.0,ESPN_PUBLIC_BOX_SCORE
ESPNHIST-718c23cd5aaa33b4b361ad59,2026-09-19T17:39:56.545928+00:00,WNBA,ESPN-401857194,401857194,2026-09-18T02:00Z,Cheyenne Parker-Tyus,2529458,LV,steals,1.0,ESPN_PUBLIC_BOX_SCORE
ESPNHIST-5a1201256ab3583927103194,2026-09-19T17:39:56.545928+00:00,WNBA,ESPN-401857194,401857194,2026-09-18T02:00Z,Cheyenne Parker-Tyus,2529458,LV,blocks,3.0,ESPN_PUBLIC_BOX_SCORE
ESPNHIST-28d044ba9569b4b8a4a9dd84,2026-09-19T17:39:56.545928+00:00,WNBA,ESPN-401857194,401857194,2026-09-18T02:00Z,Kierstan Bell,4433633,LV,minutes,3.0,ESPN_PUBLIC_BOX_SCORE
ESPNHIST-c3565167d1d2c038da03837f,2026-09-19T17:39:56.545928+00:00,WNBA,ESPN-401857194,401857194,2026-09-18T02:00Z,Kierstan Bell,4433633,LV,points,0.0,ESPN_PUBLIC_BOX_SCORE
ESPNHIST-bfffafb8f133ead7fd4bf466,2026-09-19T17:39:56.545928+00:00,WNBA,ESPN-401857194,401857194,2026-09-18T02:00Z,Kierstan Bell,4433633,LV,rebounds,0.0,ESPN_PUBLIC_BOX_SCORE
ESPNHIST-bd971ad2558469e8d65abc69,2026-09-19T17:39:56.545928+00:00,WNBA,ESPN-401857194,401857194,2026-09-18T02:00Z,Kierstan Bell,4433633,LV,assists,0.0,ESPN_PUBLIC_BOX_SCORE
ESPNHIST-e94f05b98c8191e48ca3098f,2026-09-19T17:39:56.545928+00:00,WNBA,ESPN-401857194,401857194,2026-09-18T02:00Z,Kierstan Bell,4433633,LV,turnovers,2.0,ESPN_PUBLIC_BOX_SCORE
ESPNHIST-9c66838fbf54f6db61353ae7,2026-09-19T17:39:56.545928+00:00,WNBA,ESPN-401857194,401857194,2026-09-18T02:00Z,Kierstan Bell,4433633,LV,steals,0.0,ESPN_PUBLIC_BOX_SCORE
ESPNHIST-e175a8e316fd735a346f90c9,2026-09-19T17:39:56.545928+00:00,WNBA,ESPN-401857194,401857194,2026-09-18T02:00Z,Kierstan Bell,4433633,LV,blocks,0.0,ESPN_PUBLIC_BOX_SCORE
ESPNHIST-084a16981797e8d26ed5414e,2026-09-19T17:39:56.545928+00:00,WNBA,ESPN-401857194,401857194,2026-09-18T02:00Z,Kalani Brown,3916514,LV,minutes,9.0,ESPN_PUBLIC_BOX_SCORE
ESPNHIST-bc6192af7270773d9de453c0,2026-09-19T17:39:56.545928+00:00,WNBA,ESPN-401857194,401857194,2026-09-18T02:00Z,Kalani Brown,3916514,LV,points,10.0,ESPN_PUBLIC_BOX_SCORE
ESPNHIST-b9143ffd34c30f20cd7945df,2026-09-19T17:39:56.545928+00:00,WNBA,ESPN-401857194,401857194,2026-09-18T02:00Z,Kalani Brown,3916514,LV,rebounds,3.0,ESPN_PUBLIC_BOX_SCORE
ESPNHIST-c93ea44814feb51517ca4e23,2026-09-19T17:39:56.545928+00:00,WNBA,ESPN-401857194,401857194,2026-09-18T02:00Z,Kalani Brown,3916514,LV,assists,1.0,ESPN_PUBLIC_BOX_SCORE
ESPNHIST-08cf142600289e83e0811cad,2026-09-19T17:39:56.545928+00:00,WNBA,ESPN-401857194,401857194,2026-09-18T02:00Z,Kalani Brown,3916514,LV,turnovers,1.0,ESPN_PUBLIC_BOX_SCORE
ESPNHIST-c968aa6fd274e0e4a2cdad6e,2026-09-19T17:39:56.545928+00:00,WNBA,ESPN-401857194,401857194,2026-09-18T02:00Z,Kalani Brown,3916514,LV,steals,1.0,ESPN_PUBLIC_BOX_SCORE
ESPNHIST-e096537083303dec7a4e9105,2026-09-19T17:39:56.545928+00:00,WNBA,ESPN-401857194,401857194,2026-09-18T02:00Z,Kalani Brown,3916514,LV,blocks,0.0,ESPN_PUBLIC_BOX_SCORE
ESPNHIST-1dc9c51ca9bef44c04479333,2026-09-19T17:39:56.545928+00:00,WNBA,ESPN-401857194,401857194,2026-09-18T02:00Z,Jewell Loyd,2987869,LV,minutes,20.0,ESPN_PUBLIC_BOX_SCORE
ESPNHIST-17c1be3013801dfd0c0698c7,2026-09-19T17:39:56.545928+00:00,WNBA,ESPN-401857194,401857194,2026-09-18T02:00Z,Jewell Loyd,2987869,LV,points,8.0,ESPN_PUBLIC_BOX_SCORE
ESPNHIST-aeff86133e213489dbcf4370,2026-09-19T17:39:56.545928+00:00,WNBA,ESPN-401857194,401857194,2026-09-18T02:00Z,Jewell Loyd,2987869,LV,rebounds,2.0,ESPN_PUBLIC_BOX_SCORE
ESPNHIST-7b2493dc287fe9093e354d50,2026-09-19T17:39:56.545928+00:00,WNBA,ESPN-401857194,401857194,2026-09-18T02:00Z,Jewell Loyd,2987869,LV,assists,2.0,ESPN_PUBLIC_BOX_SCORE
ESPNHIST-4afc147bc35d1a4fa9f3b3ba,2026-09-19T17:39:56.545928+00:00,WNBA,ESPN-401857194,401857194,2026-09-18T02:00Z,Jewell Loyd,2987869,LV,turnovers,0.0,ESPN_PUBLIC_BOX_SCORE
ESPNHIST-0781651ac4ea2aa55011a9d3,2026-09-19T17:39:56.545928+00:00,WNBA,ESPN-401857194,401857194,2026-09-18T02:00Z,Jewell Loyd,2987869,LV,steals,2.0,ESPN_PUBLIC_BOX_SCORE
ESPNHIST-75a22fbb9be77dce94e228c3,2026-09-19T17:39:56.545928+00:00,WNBA,ESPN-401857194,401857194,2026-09-18T02:00Z,Jewell Loyd,2987869,LV,blocks,0.0,ESPN_PUBLIC_BOX_SCORE
ESPNHIST-e379ee40ebcbf76639453ed4,2026-09-19T17:39:56.545928+00:00,WNBA,ESPN-401857194,401857194,2026-09-18T02:00Z,Dana Evans,4281190,LV,minutes,14.0,ESPN_PUBLIC_BOX_SCORE
ESPNHIST-9f2c684181f3583001dfa67f,2026-09-19T17:39:56.545928+00:00,WNBA,ESPN-401857194,401857194,2026-09-18T02:00Z,Dana Evans,4281190,LV,points,10.0,ESPN_PUBLIC_BOX_SCORE
ESPNHIST-d2b1ab9569725dd4429306d4,2026-09-19T17:39:56.545928+00:00,WNBA,ESPN-401857194,401857194,2026-09-18T02:00Z,Dana Evans,4281190,LV,rebounds,1.0,ESPN_PUBLIC_BOX_SCORE
ESPNHIST-b98a5f49cb5c4abff53433b2,2026-09-19T17:39:56.545928+00:00,WNBA,ESPN-401857194,401857194,2026-09-18T02:00Z,Dana Evans,4281190,LV,assists,3.0,ESPN_PUBLIC_BOX_SCORE
ESPNHIST-0b6b0066f6a91cc5cbb6a29d,2026-09-19T17:39:56.545928+00:00,WNBA,ESPN-401857194,401857194,2026-09-18T02:00Z,Dana Evans,4281190,LV,turnovers,1.0,ESPN_PUBLIC_BOX_SCORE
ESPNHIST-79cf93dcb06aa5a76674e359,2026-09-19T17:39:56.545928+00:00,WNBA,ESPN-401857194,401857194,2026-09-18T02:00Z,Dana Evans,4281190,LV,steals,1.0,ESPN_PUBLIC_BOX_SCORE
ESPNHIST-affcf4571b088eec66b425e1,2026-09-19T17:39:56.545928+00:00,WNBA,ESPN-401857194,401857194,2026-09-18T02:00Z,Dana Evans,4281190,LV,blocks,0.0,ESPN_PUBLIC_BOX_SCORE
ESPNHIST-7236c88fe6b6e9407e0b893f,2026-09-19T17:39:56.545928+00:00,WNBA,ESPN-401857194,401857194,2026-09-18T02:00Z,Justine Pissott,4682855,LV,minutes,3.0,ESPN_PUBLIC_BOX_SCORE
ESPNHIST-c195115ebe0d2518682abc3c,2026-09-19T17:39:56.545928+00:00,WNBA,ESPN-401857194,401857194,2026-09-18T02:00Z,Justine Pissott,4682855,LV,points,0.0,ESPN_PUBLIC_BOX_SCORE
ESPNHIST-c9e85ee3cacc79adb8c929fb,2026-09-19T17:39:56.545928+00:00,WNBA,ESPN-401857194,401857194,2026-09-18T02:00Z,Justine Pissott,4682855,LV,rebounds,0.0,ESPN_PUBLIC_BOX_SCORE
ESPNHIST-8e7b504641333361b4db9ed4,2026-09-19T17:39:56.545928+00:00,WNBA,ESPN-401857194,401857194,2026-09-18T02:00Z,Justine Pissott,4682855,LV,assists,0.0,ESPN_PUBLIC_BOX_SCORE
ESPNHIST-bde16a9091127cf4da22d2d2,2026-09-19T17:39:56.545928+00:00,WNBA,ESPN-401857194,401857194,2026-09-18T02:00Z,Justine Pissott,4682855,LV,turnovers,0.0,ESPN_PUBLIC_BOX_SCORE
ESPNHIST-3987ad13d9abf820cb19dbc2,2026-09-19T17:39:56.545928+00:00,WNBA,ESPN-401857194,401857194,2026-09-18T02:00Z,Justine Pissott,4682855,LV,steals,0.0,ESPN_PUBLIC_BOX_SCORE
ESPNHIST-21d3e9a5bee82e8d37d19add,2026-09-19T17:39:56.545928+00:00,WNBA,ESPN-401857194,401857194,2026-09-18T02:00Z,Justine Pissott,4682855,LV,blocks,0.0,ESPN_PUBLIC_BOX_SCORE
ESPNHIST-2a9c545f55e474fd0650c1b5,2026-09-19T17:39:56.545928+00:00,WNBA,ESPN-401857194,401857194,2026-09-18T02:00Z,Mai Yamamoto,5220104,LV,minutes,15.0,ESPN_PUBLIC_BOX_SCORE
ESPNHIST-9456eb18de9ef24c6b187f9a,2026-09-19T17:39:56.545928+00:00,WNBA,ESPN-401857194,401857194,2026-09-18T02:00Z,Mai Yamamoto,5220104,LV,points,0.0,ESPN_PUBLIC_BOX_SCORE
ESPNHIST-d29b5bf2b276fab658cca53c,2026-09-19T17:39:56.545928+00:00,WNBA,ESPN-401857194,401857194,2026-09-18T02:00Z,Mai Yamamoto,5220104,LV,rebounds,4.0,ESPN_PUBLIC_BOX_SCORE
ESPNHIST-cb881ed6bde2002b23cf8089,2026-09-19T17:39:56.545928+00:00,WNBA,ESPN-401857194,401857194,2026-09-18T02:00Z,Mai Yamamoto,5220104,LV,assists,1.0,ESPN_PUBLIC_BOX_SCORE
ESPNHIST-a59d5a1a7af0614db0555f46,2026-09-19T17:39:56.545928+00:00,WNBA,ESPN-401857194,401857194,2026-09-18T02:00Z,Mai Yamamoto,5220104,LV,turnovers,0.0,ESPN_PUBLIC_BOX_SCORE
ESPNHIST-27c41577f089ea978d6e4cd8,2026-09-19T17:39:56.545928+00:00,WNBA,ESPN-401857194,401857194,2026-09-18T02:00Z,Mai Yamamoto,5220104,LV,steals,0.0,ESPN_PUBLIC_BOX_SCORE
ESPNHIST-f2da3b495235b2803473941c,2026-09-19T17:39:56.545928+00:00,WNBA,ESPN-401857194,401857194,2026-09-18T02:00Z,Mai Yamamoto,5220104,LV,blocks,0.0,ESPN_PUBLIC_BOX_SCORE
ESPNHIST-de44a85d2edf75460dc5ac65,2026-09-19T17:39:56.545928+00:00,WNBA,ESPN-401857194,401857194,2026-09-18T02:00Z,Dominique Malonga,5220150,SEA,minutes,22.0,ESPN_PUBLIC_BOX_SCORE
ESPNHIST-82a27aae18fe4765650a3b0a,2026-09-19T17:39:56.545928+00:00,WNBA,ESPN-401857194,401857194,2026-09-18T02:00Z,Dominique Malonga,5220150,SEA,points,10.0,ESPN_PUBLIC_BOX_SCORE
ESPNHIST-b2c9b28bd41668d64265b026,2026-09-19T17:39:56.545928+00:00,WNBA,ESPN-401857194,401857194,2026-09-18T02:00Z,Dominique Malonga,5220150,SEA,rebounds,6.0,ESPN_PUBLIC_BOX_SCORE
ESPNHIST-b61e0e69df02baa969ea2af7,2026-09-19T17:39:56.545928+00:00,WNBA,ESPN-401857194,401857194,2026-09-18T02:00Z,Dominique Malonga,5220150,SEA,assists,1.0,ESPN_PUBLIC_BOX_SCORE
ESPNHIST-28198a4ad1532d9204b435ce,2026-09-19T17:39:56.545928+00:00,WNBA,ESPN-401857194,401857194,2026-09-18T02:00Z,Dominique Malonga,5220150,SEA,turnovers,2.0,ESPN_PUBLIC_BOX_SCORE
ESPNHIST-ed2903ded405e30cfe8cfda1,2026-09-19T17:39:56.545928+00:00,WNBA,ESPN-401857194,401857194,2026-09-18T02:00Z,Dominique Malonga,5220150,SEA,steals,2.0,ESPN_PUBLIC_BOX_SCORE
ESPNHIST-7317f1be5c23decf55b4184b,2026-09-19T17:39:56.545928+00:00,WNBA,ESPN-401857194,401857194,2026-09-18T02:00Z,Dominique Malonga,5220150,SEA,blocks,1.0,ESPN_PUBLIC_BOX_SCORE
ESPNHIST-ee88077b1c1fa63fa8a10750,2026-09-19T17:39:56.545928+00:00,WNBA,ESPN-401857194,401857194,2026-09-18T02:00Z,Awa Fam,5345325,SEA,minutes,26.0,ESPN_PUBLIC_BOX_SCORE
ESPNHIST-63b42960f3b725e0e6ff74c8,2026-09-19T17:39:56.545928+00:00,WNBA,ESPN-401857194,401857194,2026-09-18T02:00Z,Awa Fam,5345325,SEA,points,5.0,ESPN_PUBLIC_BOX_SCORE
ESPNHIST-05b08003e490f546ccacaf6e,2026-09-19T17:39:56.545928+00:00,WNBA,ESPN-401857194,401857194,2026-09-18T02:00Z,Awa Fam,5345325,SEA,rebounds,9.0,ESPN_PUBLIC_BOX_SCORE
ESPNHIST-942c3aaad83d491277b5bd72,2026-09-19T17:39:56.545928+00:00,WNBA,ESPN-401857194,401857194,2026-09-18T02:00Z,Awa Fam,5345325,SEA,assists,2.0,ESPN_PUBLIC_BOX_SCORE
ESPNHIST-3fe655447754eafa5731abfa,2026-09-19T17:39:56.545928+00:00,WNBA,ESPN-401857194,401857194,2026-09-18T02:00Z,Awa Fam,5345325,SEA,turnovers,1.0,ESPN_PUBLIC_BOX_SCORE
ESPNHIST-00535be9fe9cce572ad21a09,2026-09-19T17:39:56.545928+00:00,WNBA,ESPN-401857194,401857194,2026-09-18T02:00Z,Awa Fam,5345325,SEA,steals,0.0,ESPN_PUBLIC_BOX_SCORE
ESPNHIST-29001f023a8f7e5ccebc2178,2026-09-19T17:39:56.545928+00:00,WNBA,ESPN-401857194,401857194,2026-09-18T02:00Z,Awa Fam,5345325,SEA,blocks,1.0,ESPN_PUBLIC_BOX_SCORE
ESPNHIST-581e50e9b8ede6f33ddd892f,2026-09-19T17:39:56.545928+00:00,WNBA,ESPN-401857194,401857194,2026-09-18T02:00Z,Natisha Hiedeman,3906753,SEA,minutes,32.0,ESPN_PUBLIC_BOX_SCORE
ESPNHIST-eb0e4e367eb6f53da8c81b34,2026-09-19T17:39:56.545928+00:00,WNBA,ESPN-401857194,401857194,2026-09-18T02:00Z,Natisha Hiedeman,3906753,SEA,points,12.0,ESPN_PUBLIC_BOX_SCORE
ESPNHIST-e3d7671c4a0396a66e88ad66,2026-09-19T17:39:56.545928+00:00,WNBA,ESPN-401857194,401857194,2026-09-18T02:00Z,Natisha Hiedeman,3906753,SEA,rebounds,1.0,ESPN_PUBLIC_BOX_SCORE
ESPNHIST-7eb02003f72471ac31532b4c,2026-09-19T17:39:56.545928+00:00,WNBA,ESPN-401857194,401857194,2026-09-18T02:00Z,Natisha Hiedeman,3906753,SEA,assists,7.0,ESPN_PUBLIC_BOX_SCORE
ESPNHIST-3a081f53e817507c34dba4b6,2026-09-19T17:39:56.545928+00:00,WNBA,ESPN-401857194,401857194,2026-09-18T02:00Z,Natisha Hiedeman,3906753,SEA,turnovers,3.0,ESPN_PUBLIC_BOX_SCORE
ESPNHIST-543316452ff5c1ae9fbc664e,2026-09-19T17:39:56.545928+00:00,WNBA,ESPN-401857194,401857194,2026-09-18T02:00Z,Natisha Hiedeman,3906753,SEA,steals,1.0,ESPN_PUBLIC_BOX_SCORE
ESPNHIST-c47118d8545a978775157847,2026-09-19T17:39:56.545928+00:00,WNBA,ESPN-401857194,401857194,2026-09-18T02:00Z,Natisha Hiedeman,3906753,SEA,blocks,0.0,ESPN_PUBLIC_BOX_SCORE
ESPNHIST-dc67c53ba6c2886ca71da848,2026-09-19T17:39:56.545928+00:00,WNBA,ESPN-401857194,401857194,2026-09-18T02:00Z,Zia Cooke,4432832,SEA,minutes,12.0,ESPN_PUBLIC_BOX_SCORE
ESPNHIST-f13583c48a3e3323084b4699,2026-09-19T17:39:56.545928+00:00,WNBA,ESPN-401857194,401857194,2026-09-18T02:00Z,Zia Cooke,4432832,SEA,points,4.0,ESPN_PUBLIC_BOX_SCORE
ESPNHIST-ed26e8c1d2f412281185062f,2026-09-19T17:39:56.545928+00:00,WNBA,ESPN-401857194,401857194,2026-09-18T02:00Z,Zia Cooke,4432832,SEA,rebounds,0.0,ESPN_PUBLIC_BOX_SCORE
ESPNHIST-89b211fa93de65cc083f5e9d,2026-09-19T17:39:56.545928+00:00,WNBA,ESPN-401857194,401857194,2026-09-18T02:00Z,Zia Cooke,4432832,SEA,assists,2.0,ESPN_PUBLIC_BOX_SCORE
ESPNHIST-33a2e83c133049e3e30bd26a,2026-09-19T17:39:56.545928+00:00,WNBA,ESPN-401857194,401857194,2026-09-18T02:00Z,Zia Cooke,4432832,SEA,turnovers,0.0,ESPN_PUBLIC_BOX_SCORE
ESPNHIST-e13da03228dd086e3a77da38,2026-09-19T17:39:56.545928+00:00,WNBA,ESPN-401857194,401857194,2026-09-18T02:00Z,Zia Cooke,4432832,SEA,steals,0.0,ESPN_PUBLIC_BOX_SCORE
ESPNHIST-aac4740a1a24614c66f5a0c4,2026-09-19T17:39:56.545928+00:00,WNBA,ESPN-401857194,401857194,2026-09-18T02:00Z,Zia Cooke,4432832,SEA,blocks,0.0,ESPN_PUBLIC_BOX_SCORE
ESPNHIST-24b6a8191ade8308264f512f,2026-09-19T17:39:56.545928+00:00,WNBA,ESPN-401857194,401857194,2026-09-18T02:00Z,Flau'jae Johnson,4698736,SEA,minutes,32.0,ESPN_PUBLIC_BOX_SCORE
ESPNHIST-6b24d5b381899d16bf6860a8,2026-09-19T17:39:56.545928+00:00,WNBA,ESPN-401857194,401857194,2026-09-18T02:00Z,Flau'jae Johnson,4698736,SEA,points,25.0,ESPN_PUBLIC_BOX_SCORE
ESPNHIST-4bbfb2d3698731a8d9932335,2026-09-19T17:39:56.545928+00:00,WNBA,ESPN-401857194,401857194,2026-09-18T02:00Z,Flau'jae Johnson,4698736,SEA,rebounds,2.0,ESPN_PUBLIC_BOX_SCORE
ESPNHIST-03b82b56a020de954004322b,2026-09-19T17:39:56.545928+00:00,WNBA,ESPN-401857194,401857194,2026-09-18T02:00Z,Flau'jae Johnson,4698736,SEA,assists,1.0,ESPN_PUBLIC_BOX_SCORE
ESPNHIST-f5b5cf62a1f7e1b35f58b6e1,2026-09-19T17:39:56.545928+00:00,WNBA,ESPN-401857194,401857194,2026-09-18T02:00Z,Flau'jae Johnson,4698736,SEA,turnovers,2.0,ESPN_PUBLIC_BOX_SCORE
ESPNHIST-a757f07d0cd0bb15c677fbe6,2026-09-19T17:39:56.545928+00:00,WNBA,ESPN-401857194,401857194,2026-09-18T02:00Z,Flau'jae Johnson,4698736,SEA,steals,0.0,ESPN_PUBLIC_BOX_SCORE
ESPNHIST-d3f61431563e667c80509b04,2026-09-19T17:39:56.545928+00:00,WNBA,ESPN-401857194,401857194,2026-09-18T02:00Z,Flau'jae Johnson,4698736,SEA,blocks,0.0,ESPN_PUBLIC_BOX_SCORE
ESPNHIST-307a33c0d44d0ed71804a524,2026-09-19T17:39:56.545928+00:00,WNBA,ESPN-401857194,401857194,2026-09-18T02:00Z,Mackenzie Holmes,4433643,SEA,minutes,10.0,ESPN_PUBLIC_BOX_SCORE
ESPNHIST-6100c315580454f6dc1ea4b7,2026-09-19T17:39:56.545928+00:00,WNBA,ESPN-401857194,401857194,2026-09-18T02:00Z,Mackenzie Holmes,4433643,SEA,points,4.0,ESPN_PUBLIC_BOX_SCORE
ESPNHIST-b8e90a4ebd760d6147e9c50b,2026-09-19T17:39:56.545928+00:00,WNBA,ESPN-401857194,401857194,2026-09-18T02:00Z,Mackenzie Holmes,4433643,SEA,rebounds,2.0,ESPN_PUBLIC_BOX_SCORE
ESPNHIST-81288a3d0613043cede95ddd,2026-09-19T17:39:56.545928+00:00,WNBA,ESPN-401857194,401857194,2026-09-18T02:00Z,Mackenzie Holmes,4433643,SEA,assists,0.0,ESPN_PUBLIC_BOX_SCORE
ESPNHIST-8a84b421092818afd858beb3,2026-09-19T17:39:56.545928+00:00,WNBA,ESPN-401857194,401857194,2026-09-18T02:00Z,Mackenzie Holmes,4433643,SEA,turnovers,0.0,ESPN_PUBLIC_BOX_SCORE
ESPNHIST-f25ff39fb24b270af9c4136e,2026-09-19T17:39:56.545928+00:00,WNBA,ESPN-401857194,401857194,2026-09-18T02:00Z,Mackenzie Holmes,4433643,SEA,steals,1.0,ESPN_PUBLIC_BOX_SCORE
ESPNHIST-27525845eff16e8c60712224,2026-09-19T17:39:56.545928+00:00,WNBA,ESPN-401857194,401857194,2026-09-18T02:00Z,Mackenzie Holmes,4433643,SEA,blocks,0.0,ESPN_PUBLIC_BOX_SCORE
ESPNHIST-1ad2c02589abae04f817f5b6,2026-09-19T17:39:56.545928+00:00,WNBA,ESPN-401857194,401857194,2026-09-18T02:00Z,Taylor Thierry,4898400,SEA,minutes,27.0,ESPN_PUBLIC_BOX_SCORE
ESPNHIST-784b7accec283577fdc653ed,2026-09-19T17:39:56.545928+00:00,WNBA,ESPN-401857194,401857194,2026-09-18T02:00Z,Taylor Thierry,4898400,SEA,points,4.0,ESPN_PUBLIC_BOX_SCORE
ESPNHIST-b1969f1cb537a03c56b26007,2026-09-19T17:39:56.545928+00:00,WNBA,ESPN-401857194,401857194,2026-09-18T02:00Z,Taylor Thierry,4898400,SEA,rebounds,4.0,ESPN_PUBLIC_BOX_SCORE
ESPNHIST-f775c2b6d44582b8ac1570b9,2026-09-19T17:39:56.545928+00:00,WNBA,ESPN-401857194,401857194,2026-09-18T02:00Z,Taylor Thierry,4898400,SEA,assists,0.0,ESPN_PUBLIC_BOX_SCORE
ESPNHIST-760d04529607a6cbfda75f4b,2026-09-19T17:39:56.545928+00:00,WNBA,ESPN-401857194,401857194,2026-09-18T02:00Z,Taylor Thierry,4898400,SEA,turnovers,0.0,ESPN_PUBLIC_BOX_SCORE
ESPNHIST-e919e88ea444c8a20397d3ed,2026-09-19T17:39:56.545928+00:00,WNBA,ESPN-401857194,401857194,2026-09-18T02:00Z,Taylor Thierry,4898400,SEA,steals,0.0,ESPN_PUBLIC_BOX_SCORE
ESPNHIST-1d48dd2923104502469aebdc,2026-09-19T17:39:56.545928+00:00,WNBA,ESPN-401857194,401857194,2026-09-18T02:00Z,Taylor Thierry,4898400,SEA,blocks,0.0,ESPN_PUBLIC_BOX_SCORE
ESPNHIST-d50018087b1906cd2dcfddfe,2026-09-19T17:39:56.545928+00:00,WNBA,ESPN-401857194,401857194,2026-09-18T02:00Z,Stefanie Dolson,2529183,SEA,minutes,22.0,ESPN_PUBLIC_BOX_SCORE
ESPNHIST-0dd7b8453072de3068afe754,2026-09-19T17:39:56.545928+00:00,WNBA,ESPN-401857194,401857194,2026-09-18T02:00Z,Stefanie Dolson,2529183,SEA,points,11.0,ESPN_PUBLIC_BOX_SCORE
ESPNHIST-b830004eb9588a65e7534d4d,2026-09-19T17:39:56.545928+00:00,WNBA,ESPN-401857194,401857194,2026-09-18T02:00Z,Stefanie Dolson,2529183,SEA,rebounds,3.0,ESPN_PUBLIC_BOX_SCORE
ESPNHIST-40624f8fb9f362f56a95ce89,2026-09-19T17:39:56.545928+00:00,WNBA,ESPN-401857194,401857194,2026-09-18T02:00Z,Stefanie Dolson,2529183,SEA,assists,1.0,ESPN_PUBLIC_BOX_SCORE
ESPNHIST-252c530caa2d65c5b884b826,2026-09-19T17:39:56.545928+00:00,WNBA,ESPN-401857194,401857194,2026-09-18T02:00Z,Stefanie Dolson,2529183,SEA,turnovers,2.0,ESPN_PUBLIC_BOX_SCORE
ESPNHIST-71e36b6a5df83ae3e3130417,2026-09-19T17:39:56.545928+00:00,WNBA,ESPN-401857194,401857194,2026-09-18T02:00Z,Stefanie Dolson,2529183,SEA,steals,0.0,ESPN_PUBLIC_BOX_SCORE
ESPNHIST-2db4c2a742b765d5ee80a8e7,2026-09-19T17:39:56.545928+00:00,WNBA,ESPN-401857194,401857194,2026-09-18T02:00Z,Stefanie Dolson,2529183,SEA,blocks,1.0,ESPN_PUBLIC_BOX_SCORE
ESPNHIST-8db373e0f7b1f2d7343d9042,2026-09-19T17:39:56.545928+00:00,WNBA,ESPN-401857194,401857194,2026-09-18T02:00Z,Jaylyn Sherrod,4433386,SEA,minutes,18.0,ESPN_PUBLIC_BOX_SCORE
ESPNHIST-3efb8d922de97cbf7340a22e,2026-09-19T17:39:56.545928+00:00,WNBA,ESPN-401857194,401857194,2026-09-18T02:00Z,Jaylyn Sherrod,4433386,SEA,points,2.0,ESPN_PUBLIC_BOX_SCORE
ESPNHIST-616f2a9be75fb917901303bc,2026-09-19T17:39:56.545928+00:00,WNBA,ESPN-401857194,401857194,2026-09-18T02:00Z,Jaylyn Sherrod,4433386,SEA,rebounds,1.0,ESPN_PUBLIC_BOX_SCORE
ESPNHIST-8f052eb2ef161691fe0100c3,2026-09-19T17:39:56.545928+00:00,WNBA,ESPN-401857194,401857194,2026-09-18T02:00Z,Jaylyn Sherrod,4433386,SEA,assists,3.0,ESPN_PUBLIC_BOX_SCORE
ESPNHIST-1f70c599ba23f0c2bcdd2832,2026-09-19T17:39:56.545928+00:00,WNBA,ESPN-401857194,401857194,2026-09-18T02:00Z,Jaylyn Sherrod,4433386,SEA,turnovers,3.0,ESPN_PUBLIC_BOX_SCORE
ESPNHIST-6f59846142af91b6bed62b14,2026-09-19T17:39:56.545928+00:00,WNBA,ESPN-401857194,401857194,2026-09-18T02:00Z,Jaylyn Sherrod,4433386,SEA,steals,5.0,ESPN_PUBLIC_BOX_SCORE
ESPNHIST-e92c0f6134df3a1d72ccf1e6,2026-09-19T17:39:56.545928+00:00,WNBA,ESPN-401857194,401857194,2026-09-18T02:00Z,Jaylyn Sherrod,4433386,SEA,blocks,0.0,ESPN_PUBLIC_BOX_SCORE
