result_id,settled_at_pt,sport,league,event_id,prediction_id,actual_result,grade,closing_threshold,closing_price,source
SETTLE-NFL-DETBUF-GIBBS-TD,2026-09-17T20:55:08.966589-07:00,Football,NFL,DET-BUF-20260917,NFL-DETBUF-GIBBS-TD,1,WIN,,-330,STATSHawk:cst_06g8h7na0ny155r3taa6txwn0r:BOX_SCORE
SETTLE-NFL-DETBUF-GOFF-U2705,2026-09-17T20:55:08.966589-07:00,Football,NFL,DET-BUF-20260917,NFL-DETBUF-GOFF-U2705,327,LOSS,270.5,,STATSHawk:cst_06g8h7na0ny155r3taa6txwn0r:BOX_SCORE
SETTLE-NFL-DETBUF-JW-U595,2026-09-17T20:55:08.966589-07:00,Football,NFL,DET-BUF-20260917,NFL-DETBUF-JW-U595,33,WIN,59.5,,STATSHawk:cst_06g8h7na0ny155r3taa6txwn0r:BOX_SCORE
SETTLE-NFL-DETBUF-COOK-TD,2026-09-17T20:58:00-07:00,Football,NFL,DET-BUF-20260917,NFL-DETBUF-COOK-TD,1,WIN,,-170,STATSHawk:cst_06g8h7na0ny155r3taa6txwn0r:BOX_SCORE
SETTLE-NCAA-HOU-TTU-WEIGMAN-200,2026-09-18T22:27:41.497538-07:00,Football,NCAA_Football,HOU-TTU-20260918,NCAA-HOU-TTU-WEIGMAN-200,282,WIN,200+,-201,ESPN_PUBLIC:401856811:BOX_SCORE
SETTLE-NCAA-MIA-WF-TONEY-TD,2026-09-18T22:27:41.497538-07:00,Football,NCAA_Football,MIA-WF-20260918,NCAA-MIA-WF-TONEY-TD,1,WIN,,-250,ESPN_PUBLIC:401858226:BOX_SCORE
SETTLE-NCAA-UGA-ARK-FRAZIER-TD,2026-09-19T12:36:20.279291-07:00,Football,NCAA_Football,UGA-ARK-20260919,NCAA-UGA-ARK-FRAZIER-TD,1,WIN,,-320,ESPN_PUBLIC:401856686:BOX_SCORE
SETTLE-NCAA-FSU-BAMA-KROMAH-60,2026-09-19T18:12:05.936620-07:00,Football,NCAA_Football,FSU-BAMA-20260919,NCAA-FSU-BAMA-KROMAH-60,80,WIN,60+,-123,ESPN_PUBLIC:401856685:BOX_SCORE
SETTLE-NCAA-USC-RUT-MILLER-TD,2026-09-19T18:12:05.936620-07:00,Football,NCAA_Football,USC-RUT-20260919,NCAA-USC-RUT-MILLER-TD,1,WIN,,-275,ESPN_PUBLIC:401858457:BOX_SCORE
SETTLE-SUG-03b1f31cd1d35ab96f913546,2026-09-23T20:04:12.588198-07:00,MLB,MLB,401817054,SUG-03b1f31cd1d35ab96f913546,0,LOSS,,,ESPN_PUBLIC:401817054:FINAL_SCORE_ML
SETTLE-SUG-03d3710f4cab0b46713494f6,2026-09-23T20:04:12.588198-07:00,MLB,MLB,KXMLBHR-26SEP231905TBNYY,SUG-03d3710f4cab0b46713494f6,1,WIN,,,ESPN_PUBLIC:401817049:FINAL_SCORE_ML
SETTLE-SUG-03dc8ba17e0781b49e279334,2026-09-23T20:04:12.588198-07:00,MLB,MLB,KXMLBHR-26SEP231940MIACHC,SUG-03dc8ba17e0781b49e279334,0,LOSS,,,ESPN_PUBLIC:401817053:FINAL_SCORE_ML
SETTLE-SUG-0757f4e89d17d948d850c253,2026-09-23T20:04:12.588198-07:00,WNBA,WNBA,PL-231732,SUG-0757f4e89d17d948d850c253,8,LOSS,,,ESPN_PUBLIC:401857213:BOX_SCORE
SETTLE-SUG-07e9e4bc221e4d1355004d34,2026-09-23T20:04:12.588198-07:00,NHL,NHL,2026010034,SUG-07e9e4bc221e4d1355004d34,1,WIN,,,ESPN_PUBLIC:401886429:FINAL_SCORE_ML
SETTLE-SUG-08b196181fde1413858e2846,2026-09-23T20:04:12.588198-07:00,WNBA,WNBA,PL-231732,SUG-08b196181fde1413858e2846,16,WIN,,,ESPN_PUBLIC:401857213:BOX_SCORE
SETTLE-SUG-0c21748ab3705fb910f7059f,2026-09-23T20:04:12.588198-07:00,WNBA,WNBA,PL-231732,SUG-0c21748ab3705fb910f7059f,4,WIN,,,ESPN_PUBLIC:401857213:BOX_SCORE
SETTLE-SUG-0c5ddd7f0c8ca23c750326cf,2026-09-23T20:04:12.588198-07:00,WNBA,WNBA,KXWNBAPTS-26SEP23ATLNY,SUG-0c5ddd7f0c8ca23c750326cf,10,PUSH,,,ESPN_PUBLIC:401857213:BOX_SCORE
SETTLE-SUG-0cb1f09523b4a0f2d39dc00d,2026-09-23T20:04:12.588198-07:00,WNBA,WNBA,PL-231732,SUG-0cb1f09523b4a0f2d39dc00d,6,LOSS,,,ESPN_PUBLIC:401857213:BOX_SCORE
SETTLE-SUG-0d5023dca0a4d1b891f54207,2026-09-23T20:04:12.588198-07:00,MLB,MLB,KXMLBHR-26SEP231840MILPHI,SUG-0d5023dca0a4d1b891f54207,1,WIN,,,ESPN_PUBLIC:401817047:FINAL_SCORE_ML
SETTLE-SUG-1590794ada87ce32b4d7027d,2026-09-23T20:04:12.588198-07:00,WNBA,WNBA,PL-231732,SUG-1590794ada87ce32b4d7027d,8,WIN,,,ESPN_PUBLIC:401857213:BOX_SCORE
SETTLE-SUG-17269de4868a38fe175d1f84,2026-09-23T20:04:12.588198-07:00,MLB,MLB,KXMLBHR-26SEP231840STLPIT,SUG-17269de4868a38fe175d1f84,0,LOSS,,,ESPN_PUBLIC:401817048:FINAL_SCORE_ML
SETTLE-SUG-197013611305a73352c4d0c7,2026-09-23T20:04:12.588198-07:00,WNBA,WNBA,PL-231732,SUG-197013611305a73352c4d0c7,14,WIN,,,ESPN_PUBLIC:401857213:BOX_SCORE
SETTLE-SUG-1b1ab5802b5ccd5cd0ad4597,2026-09-23T20:04:12.588198-07:00,MLB,MLB,KXMLBHR-26SEP231940MIACHC,SUG-1b1ab5802b5ccd5cd0ad4597,0,LOSS,,,ESPN_PUBLIC:401817053:FINAL_SCORE_ML
SETTLE-SUG-1fc1345f6730767b0979fdcb,2026-09-23T20:04:12.588198-07:00,MLB,MLB,401817049,SUG-1fc1345f6730767b0979fdcb,0,LOSS,,,ESPN_PUBLIC:401817049:FINAL_SCORE_ML
SETTLE-SUG-21341050b4a64f02fb0eda40,2026-09-23T20:04:12.588198-07:00,WNBA,WNBA,PL-231732,SUG-21341050b4a64f02fb0eda40,2,WIN,,,ESPN_PUBLIC:401857213:BOX_SCORE
SETTLE-SUG-22fbe2cac144bf2e97f47714,2026-09-23T20:04:12.588198-07:00,NHL,NHL,PL-175942,SUG-22fbe2cac144bf2e97f47714,0,LOSS,,,ESPN_PUBLIC:401879650:FINAL_SCORE_ML
SETTLE-SUG-25aa88e3c4035e83388d7bdb,2026-09-23T20:04:12.588198-07:00,MLB,MLB,401817053,SUG-25aa88e3c4035e83388d7bdb,0,LOSS,,,ESPN_PUBLIC:401817053:FINAL_SCORE_ML
SETTLE-SUG-2b6e6a160662a704bb4d7407,2026-09-23T20:04:12.588198-07:00,WNBA,WNBA,PL-231732,SUG-2b6e6a160662a704bb4d7407,2,WIN,,,ESPN_PUBLIC:401857213:BOX_SCORE
SETTLE-SUG-2d92bbae79c876f505af75aa,2026-09-23T20:04:12.588198-07:00,WNBA,WNBA,KXWNBAPTS-26SEP23ATLNY,SUG-2d92bbae79c876f505af75aa,6,LOSS,,,ESPN_PUBLIC:401857213:BOX_SCORE
SETTLE-SUG-30096d155d583c305069e638,2026-09-23T20:04:12.588198-07:00,WNBA,WNBA,PL-231732,SUG-30096d155d583c305069e638,7,WIN,,,ESPN_PUBLIC:401857213:BOX_SCORE
SETTLE-SUG-37fc59a9c757959b4a416e5b,2026-09-23T20:04:12.588198-07:00,WNBA,WNBA,PL-231732,SUG-37fc59a9c757959b4a416e5b,7,WIN,,,ESPN_PUBLIC:401857213:BOX_SCORE
SETTLE-SUG-3898ad6e9299139bf60de226,2026-09-23T20:04:12.588198-07:00,WNBA,WNBA,PL-231732,SUG-3898ad6e9299139bf60de226,12,WIN,,,ESPN_PUBLIC:401857213:BOX_SCORE
SETTLE-SUG-38fe10ba407c9f4c4bd63ea2,2026-09-23T20:04:12.588198-07:00,WNBA,WNBA,KXWNBAPTS-26SEP23ATLNY,SUG-38fe10ba407c9f4c4bd63ea2,10,WIN,,,ESPN_PUBLIC:401857213:BOX_SCORE
SETTLE-SUG-3a0165c9009b95f49e3264b0,2026-09-23T20:04:12.588198-07:00,WNBA,WNBA,PL-231732,SUG-3a0165c9009b95f49e3264b0,8,LOSS,,,ESPN_PUBLIC:401857213:BOX_SCORE
SETTLE-SUG-3a035aad189a9b6b2fe95f93,2026-09-23T20:04:12.588198-07:00,WNBA,WNBA,KXWNBAPTS-26SEP23ATLNY,SUG-3a035aad189a9b6b2fe95f93,24,WIN,,,ESPN_PUBLIC:401857213:BOX_SCORE
SETTLE-SUG-3a9e98bcb421d6ddbe6abfcd,2026-09-23T20:04:12.588198-07:00,NHL,NHL,PL-175943,SUG-3a9e98bcb421d6ddbe6abfcd,1,WIN,,,ESPN_PUBLIC:401886429:FINAL_SCORE_ML
SETTLE-SUG-3b305e20385f13d8b62f96fe,2026-09-23T20:04:12.588198-07:00,MLB,MLB,401817052,SUG-3b305e20385f13d8b62f96fe,0,LOSS,,,ESPN_PUBLIC:401817052:FINAL_SCORE_ML
SETTLE-SUG-4d86397ab3f449c0517a71c5,2026-09-23T20:04:12.588198-07:00,MLB,MLB,401817046,SUG-4d86397ab3f449c0517a71c5,1,WIN,,,ESPN_PUBLIC:401817046:FINAL_SCORE_ML
SETTLE-SUG-5327cfe46ebd3df5aeed9e90,2026-09-23T20:04:12.588198-07:00,WNBA,WNBA,KXWNBAPTS-26SEP23ATLNY,SUG-5327cfe46ebd3df5aeed9e90,3,WIN,,,ESPN_PUBLIC:401857213:BOX_SCORE
SETTLE-SUG-54728d9a7f501c2a234a7e79,2026-09-23T20:04:12.588198-07:00,WNBA,WNBA,PL-231732,SUG-54728d9a7f501c2a234a7e79,8,LOSS,,,ESPN_PUBLIC:401857213:BOX_SCORE
SETTLE-SUG-54a51dd66a64bfe52d112005,2026-09-23T20:04:12.588198-07:00,WNBA,WNBA,PL-231732,SUG-54a51dd66a64bfe52d112005,6,LOSS,,,ESPN_PUBLIC:401857213:BOX_SCORE
SETTLE-SUG-59db6b5b42b6e2a27e373a85,2026-09-23T20:04:12.588198-07:00,WNBA,WNBA,PL-231732,SUG-59db6b5b42b6e2a27e373a85,10,WIN,,,ESPN_PUBLIC:401857213:BOX_SCORE
SETTLE-SUG-5a0de645fa0b0a2dbe0df350,2026-09-23T20:04:12.588198-07:00,NHL,NHL,2026010036,SUG-5a0de645fa0b0a2dbe0df350,0,LOSS,,,ESPN_PUBLIC:401879650:FINAL_SCORE_ML
SETTLE-SUG-5cc9ea68deb11f6227e02331,2026-09-23T20:04:12.588198-07:00,WNBA,WNBA,PL-231732,SUG-5cc9ea68deb11f6227e02331,6,LOSS,,,ESPN_PUBLIC:401857213:BOX_SCORE
SETTLE-SUG-5d3c1d665ddf174de7c9de02,2026-09-23T20:04:12.588198-07:00,MLB,MLB,401817054,SUG-5d3c1d665ddf174de7c9de02,0,LOSS,,,ESPN_PUBLIC:401817054:FINAL_SCORE_ML
SETTLE-SUG-5e4aecdfcc1b1299dc18ec7c,2026-09-23T20:04:12.588198-07:00,WNBA,WNBA,PL-231732,SUG-5e4aecdfcc1b1299dc18ec7c,6,LOSS,,,ESPN_PUBLIC:401857213:BOX_SCORE
SETTLE-SUG-5f7525a5236760ed4f3a7aff,2026-09-23T20:04:12.588198-07:00,MLB,MLB,KXMLBHR-26SEP231840MILPHI,SUG-5f7525a5236760ed4f3a7aff,1,WIN,,,ESPN_PUBLIC:401817047:FINAL_SCORE_ML
SETTLE-SUG-60eaf2aa2c9b5249d56a9456,2026-09-23T20:04:12.588198-07:00,MLB,MLB,401817047,SUG-60eaf2aa2c9b5249d56a9456,1,WIN,,,ESPN_PUBLIC:401817047:FINAL_SCORE_ML
SETTLE-SUG-61588408bb1178d254dbbeca,2026-09-23T20:04:12.588198-07:00,MLB,MLB,401817048,SUG-61588408bb1178d254dbbeca,0,LOSS,,,ESPN_PUBLIC:401817048:FINAL_SCORE_ML
SETTLE-SUG-64d6990706a56faefd856cc9,2026-09-23T20:04:12.588198-07:00,MLB,MLB,401817045,SUG-64d6990706a56faefd856cc9,1,WIN,,,ESPN_PUBLIC:401817045:FINAL_SCORE_ML
SETTLE-SUG-684bc3c50792bd81d867c985,2026-09-23T20:04:12.588198-07:00,WNBA,WNBA,PL-231732,SUG-684bc3c50792bd81d867c985,10,WIN,,,ESPN_PUBLIC:401857213:BOX_SCORE
SETTLE-SUG-6dd4848ef4c21d289d50ba4f,2026-09-23T20:04:12.588198-07:00,MLB,MLB,401817049,SUG-6dd4848ef4c21d289d50ba4f,1,WIN,,,ESPN_PUBLIC:401817049:FINAL_SCORE_ML
SETTLE-SUG-6eef90179cf1acf9a786c068,2026-09-23T20:04:12.588198-07:00,WNBA,WNBA,KXWNBAPTS-26SEP23ATLNY,SUG-6eef90179cf1acf9a786c068,24,WIN,,,ESPN_PUBLIC:401857213:BOX_SCORE
SETTLE-SUG-76777ade86df55762a06cc44,2026-09-23T20:04:12.588198-07:00,MLB,MLB,KXMLBHR-26SEP231910CLEBOS,SUG-76777ade86df55762a06cc44,1,WIN,,,ESPN_PUBLIC:401817046:FINAL_SCORE_ML
SETTLE-SUG-7ae7ffa6b44936741b4eb623,2026-09-23T20:04:12.588198-07:00,WNBA,WNBA,PL-231732,SUG-7ae7ffa6b44936741b4eb623,12,WIN,,,ESPN_PUBLIC:401857213:BOX_SCORE
SETTLE-SUG-7b03f5b610bd4f3ca24ba24c,2026-09-23T20:04:12.588198-07:00,WNBA,WNBA,PL-231732,SUG-7b03f5b610bd4f3ca24ba24c,7,WIN,,,ESPN_PUBLIC:401857213:BOX_SCORE
SETTLE-SUG-7d585b00050765549be9b4ce,2026-09-23T20:04:12.588198-07:00,NHL,NHL,PL-175942,SUG-7d585b00050765549be9b4ce,0,LOSS,,,ESPN_PUBLIC:401879650:FINAL_SCORE_ML
SETTLE-SUG-7d690cce0bd015268d2ad973,2026-09-23T20:04:12.588198-07:00,MLB,MLB,401817052,SUG-7d690cce0bd015268d2ad973,0,LOSS,,,ESPN_PUBLIC:401817052:FINAL_SCORE_ML
SETTLE-SUG-7fef2b53699bc91a122e2de5,2026-09-23T20:04:12.588198-07:00,WNBA,WNBA,PL-231732,SUG-7fef2b53699bc91a122e2de5,5,WIN,,,ESPN_PUBLIC:401857213:BOX_SCORE
SETTLE-SUG-80d750ad6c2b03d6cb4cf2da,2026-09-23T20:04:12.588198-07:00,WNBA,WNBA,PL-231732,SUG-80d750ad6c2b03d6cb4cf2da,24,WIN,,,ESPN_PUBLIC:401857213:BOX_SCORE
SETTLE-SUG-833ba38b9c9990b4c0d1b849,2026-09-23T20:04:12.588198-07:00,WNBA,WNBA,PL-231732,SUG-833ba38b9c9990b4c0d1b849,8,LOSS,,,ESPN_PUBLIC:401857213:BOX_SCORE
SETTLE-SUG-8478f117fe05e64ad6ee478e,2026-09-23T20:04:12.588198-07:00,WNBA,WNBA,PL-231732,SUG-8478f117fe05e64ad6ee478e,0,WIN,,,ESPN_PUBLIC:401857213:BOX_SCORE
SETTLE-SUG-84fdc1b591434d5e4cd6bf83,2026-09-23T20:04:12.588198-07:00,MLB,MLB,KXMLBHR-26SEP231840STLPIT,SUG-84fdc1b591434d5e4cd6bf83,0,LOSS,,,ESPN_PUBLIC:401817048:FINAL_SCORE_ML
SETTLE-SUG-89399919865ad8f571b604f7,2026-09-23T20:04:12.588198-07:00,WNBA,WNBA,PL-231732,SUG-89399919865ad8f571b604f7,16,WIN,,,ESPN_PUBLIC:401857213:BOX_SCORE
SETTLE-SUG-8e0f19c4f3202ab4f7a7e2d2,2026-09-23T20:04:12.588198-07:00,WNBA,WNBA,KXWNBAPTS-26SEP23ATLNY,SUG-8e0f19c4f3202ab4f7a7e2d2,8,LOSS,,,ESPN_PUBLIC:401857213:BOX_SCORE
SETTLE-SUG-903f4f8925b1c0b7212caccf,2026-09-23T20:04:12.588198-07:00,NHL,NHL,2026010035,SUG-903f4f8925b1c0b7212caccf,0,LOSS,,,ESPN_PUBLIC:401879650:FINAL_SCORE_ML
SETTLE-SUG-980ea2351109ebf0183d58b5,2026-09-23T20:04:12.588198-07:00,WNBA,WNBA,PL-231732,SUG-980ea2351109ebf0183d58b5,6,LOSS,,,ESPN_PUBLIC:401857213:BOX_SCORE
SETTLE-SUG-9b98e0d282ccc65fab869f72,2026-09-23T20:04:12.588198-07:00,WNBA,WNBA,PL-231732,SUG-9b98e0d282ccc65fab869f72,5,WIN,,,ESPN_PUBLIC:401857213:BOX_SCORE
SETTLE-SUG-9ba1c21db77c6098293b516a,2026-09-23T20:04:12.588198-07:00,MLB,MLB,401817046,SUG-9ba1c21db77c6098293b516a,1,WIN,,,ESPN_PUBLIC:401817046:FINAL_SCORE_ML
SETTLE-SUG-a4ac325f108e8d6ec5b2a583,2026-09-23T20:04:12.588198-07:00,WNBA,WNBA,PL-231732,SUG-a4ac325f108e8d6ec5b2a583,16,WIN,,,ESPN_PUBLIC:401857213:BOX_SCORE
SETTLE-SUG-aa30466b3992d2554a036486,2026-09-23T20:04:12.588198-07:00,WNBA,WNBA,PL-231732,SUG-aa30466b3992d2554a036486,4,WIN,,,ESPN_PUBLIC:401857213:BOX_SCORE
SETTLE-SUG-b4726da212ab58d276511d08,2026-09-23T20:04:12.588198-07:00,WNBA,WNBA,KXWNBAPTS-26SEP23ATLNY,SUG-b4726da212ab58d276511d08,6,LOSS,,,ESPN_PUBLIC:401857213:BOX_SCORE
SETTLE-SUG-b8355759ccbe687e859132b2,2026-09-23T20:04:12.588198-07:00,MLB,MLB,KXMLBHR-26SEP231905TBNYY,SUG-b8355759ccbe687e859132b2,1,WIN,,,ESPN_PUBLIC:401817049:FINAL_SCORE_ML
SETTLE-SUG-baf745e7fbf544c99b12b361,2026-09-23T20:04:12.588198-07:00,WNBA,WNBA,KXWNBAPTS-26SEP23ATLNY,SUG-baf745e7fbf544c99b12b361,6,LOSS,,,ESPN_PUBLIC:401857213:BOX_SCORE
SETTLE-SUG-bcb8b200d247b0fa09585ad9,2026-09-23T20:04:12.588198-07:00,MLB,MLB,KXMLBHR-26SEP231915CINATL,SUG-bcb8b200d247b0fa09585ad9,1,WIN,,,ESPN_PUBLIC:401817045:FINAL_SCORE_ML
SETTLE-SUG-bd6d71e6e44a437d955fbd97,2026-09-23T20:04:12.588198-07:00,WNBA,WNBA,PL-231732,SUG-bd6d71e6e44a437d955fbd97,0,WIN,,,ESPN_PUBLIC:401857213:BOX_SCORE
SETTLE-SUG-cd7da7f2efb45698b8746c65,2026-09-23T20:04:12.588198-07:00,WNBA,WNBA,KXWNBAPTS-26SEP23ATLNY,SUG-cd7da7f2efb45698b8746c65,6,LOSS,,,ESPN_PUBLIC:401857213:BOX_SCORE
SETTLE-SUG-cdf11324421cf7a94c635151,2026-09-23T20:04:12.588198-07:00,MLB,MLB,401817047,SUG-cdf11324421cf7a94c635151,1,WIN,,,ESPN_PUBLIC:401817047:FINAL_SCORE_ML
SETTLE-SUG-d09479acbecf303e8a2f5c88,2026-09-23T20:04:12.588198-07:00,NHL,NHL,PL-175942,SUG-d09479acbecf303e8a2f5c88,0,LOSS,,,ESPN_PUBLIC:401879650:FINAL_SCORE_ML
SETTLE-SUG-d2e839050e5b28a4a4423f04,2026-09-23T20:04:12.588198-07:00,WNBA,WNBA,PL-231732,SUG-d2e839050e5b28a4a4423f04,6,LOSS,,,ESPN_PUBLIC:401857213:BOX_SCORE
SETTLE-SUG-d51d2f8a76e0277199b864c9,2026-09-23T20:04:12.588198-07:00,WNBA,WNBA,PL-231732,SUG-d51d2f8a76e0277199b864c9,4,WIN,,,ESPN_PUBLIC:401857213:BOX_SCORE
SETTLE-SUG-d7567d6e9cbc7ec5a9beb8ec,2026-09-23T20:04:12.588198-07:00,WNBA,WNBA,KXWNBAPTS-26SEP23ATLNY,SUG-d7567d6e9cbc7ec5a9beb8ec,10,WIN,,,ESPN_PUBLIC:401857213:BOX_SCORE
SETTLE-SUG-d77136e33da909b737a1fd99,2026-09-23T20:04:12.588198-07:00,WNBA,WNBA,PL-231732,SUG-d77136e33da909b737a1fd99,2,LOSS,,,ESPN_PUBLIC:401857213:BOX_SCORE
SETTLE-SUG-d99e38bb539dce28de3d7e06,2026-09-23T20:04:12.588198-07:00,WNBA,WNBA,PL-231732,SUG-d99e38bb539dce28de3d7e06,4,LOSS,,,ESPN_PUBLIC:401857213:BOX_SCORE
SETTLE-SUG-db95502f2695cecea19f63e3,2026-09-23T20:04:12.588198-07:00,MLB,MLB,401817053,SUG-db95502f2695cecea19f63e3,0,LOSS,,,ESPN_PUBLIC:401817053:FINAL_SCORE_ML
SETTLE-SUG-dd5aec6f63f775899ab78261,2026-09-23T20:04:12.588198-07:00,NHL,NHL,2026010034,SUG-dd5aec6f63f775899ab78261,1,WIN,,,ESPN_PUBLIC:401886429:FINAL_SCORE_ML
SETTLE-SUG-deb71695b2a849476800d443,2026-09-23T20:04:12.588198-07:00,WNBA,WNBA,PL-231732,SUG-deb71695b2a849476800d443,24,WIN,,,ESPN_PUBLIC:401857213:BOX_SCORE
SETTLE-SUG-df552cd39967d2a07303887b,2026-09-23T20:04:12.588198-07:00,MLB,MLB,401817048,SUG-df552cd39967d2a07303887b,0,LOSS,,,ESPN_PUBLIC:401817048:FINAL_SCORE_ML
SETTLE-SUG-df5ad81d5186fca9bef2c7f6,2026-09-23T20:04:12.588198-07:00,MLB,MLB,KXMLBHR-26SEP231915CINATL,SUG-df5ad81d5186fca9bef2c7f6,1,WIN,,,ESPN_PUBLIC:401817045:FINAL_SCORE_ML
SETTLE-SUG-e35c93075b1a910d72182d11,2026-09-23T20:04:12.588198-07:00,WNBA,WNBA,PL-231732,SUG-e35c93075b1a910d72182d11,3,WIN,,,ESPN_PUBLIC:401857213:BOX_SCORE
SETTLE-SUG-e659f30bf853de02a24eb8af,2026-09-23T20:04:12.588198-07:00,MLB,MLB,KXMLBHR-26SEP231910CLEBOS,SUG-e659f30bf853de02a24eb8af,1,WIN,,,ESPN_PUBLIC:401817046:FINAL_SCORE_ML
SETTLE-SUG-e751c0b81bc2534bb9283372,2026-09-23T20:04:12.588198-07:00,WNBA,WNBA,KXWNBAPTS-26SEP23ATLNY,SUG-e751c0b81bc2534bb9283372,4,WIN,,,ESPN_PUBLIC:401857213:BOX_SCORE
SETTLE-SUG-e9127be3252cac775987616c,2026-09-23T20:04:12.588198-07:00,MLB,MLB,401817045,SUG-e9127be3252cac775987616c,1,WIN,,,ESPN_PUBLIC:401817045:FINAL_SCORE_ML
SETTLE-SUG-eb5f08d944db84b689b92e6e,2026-09-23T20:04:12.588198-07:00,WNBA,WNBA,PL-231732,SUG-eb5f08d944db84b689b92e6e,8,LOSS,,,ESPN_PUBLIC:401857213:BOX_SCORE
SETTLE-SUG-f2c2d6fce12ab61e56488ae3,2026-09-23T20:04:12.588198-07:00,WNBA,WNBA,PL-231732,SUG-f2c2d6fce12ab61e56488ae3,3,WIN,,,ESPN_PUBLIC:401857213:BOX_SCORE
SETTLE-SUG-f4a717654e5218851c627460,2026-09-23T20:04:12.588198-07:00,WNBA,WNBA,KXWNBAPTS-26SEP23ATLNY,SUG-f4a717654e5218851c627460,12,WIN,,,ESPN_PUBLIC:401857213:BOX_SCORE
SETTLE-SUG-f647d9b19cb5b6116f822f63,2026-09-23T20:04:12.588198-07:00,WNBA,WNBA,PL-231732,SUG-f647d9b19cb5b6116f822f63,3,WIN,,,ESPN_PUBLIC:401857213:BOX_SCORE
SETTLE-SUG-f755c0c8fef1907caf5413b1,2026-09-23T20:04:12.588198-07:00,WNBA,WNBA,PL-231732,SUG-f755c0c8fef1907caf5413b1,16,WIN,,,ESPN_PUBLIC:401857213:BOX_SCORE
SETTLE-SUG-f7b9678cecf3b14e6ec14c0f,2026-09-23T20:04:12.588198-07:00,WNBA,WNBA,PL-231732,SUG-f7b9678cecf3b14e6ec14c0f,6,LOSS,,,ESPN_PUBLIC:401857213:BOX_SCORE
SETTLE-SUG-fa8a4cbb71f059604e343ba1,2026-09-23T20:04:12.588198-07:00,WNBA,WNBA,KXWNBAPTS-26SEP23ATLNY,SUG-fa8a4cbb71f059604e343ba1,8,LOSS,,,ESPN_PUBLIC:401857213:BOX_SCORE
SETTLE-SUG-fee481d29c0602a3550363ba,2026-09-23T20:04:12.588198-07:00,NHL,NHL,PL-175942,SUG-fee481d29c0602a3550363ba,1,WIN,,,ESPN_PUBLIC:401879650:FINAL_SCORE_ML
SETTLE-SUG-ff4854b91538b644fdbb9cb6,2026-09-23T20:04:12.588198-07:00,WNBA,WNBA,PL-231732,SUG-ff4854b91538b644fdbb9cb6,9,WIN,,,ESPN_PUBLIC:401857213:BOX_SCORE
SETTLE-SUG-43e6e8f78a581116b49322bc,2026-09-23T20:08:51.549263-07:00,MLB,MLB,401817055,SUG-43e6e8f78a581116b49322bc,1,WIN,,,ESPN_PUBLIC:401817055:FINAL_SCORE_ML
SETTLE-SUG-5a16472cde3c57d3cc1c47cc,2026-09-23T20:08:51.549263-07:00,MLB,MLB,KXMLBHR-26SEP232040AZCOL,SUG-5a16472cde3c57d3cc1c47cc,1,WIN,,,ESPN_PUBLIC:401817055:FINAL_SCORE_ML
SETTLE-SUG-a1eb76ff41c506992732d2a1,2026-09-23T20:08:51.549263-07:00,MLB,MLB,401817055,SUG-a1eb76ff41c506992732d2a1,1,WIN,,,ESPN_PUBLIC:401817055:FINAL_SCORE_ML
SETTLE-SUG-e74558888dee3a2e020b13e5,2026-09-23T20:08:51.549263-07:00,MLB,MLB,401817055,SUG-e74558888dee3a2e020b13e5,1,WIN,,,ESPN_PUBLIC:401817055:FINAL_SCORE_ML
SETTLE-SUG-ebddb132c7180e13cd7ca04a,2026-09-23T20:08:51.549263-07:00,MLB,MLB,401817055,SUG-ebddb132c7180e13cd7ca04a,1,WIN,,,ESPN_PUBLIC:401817055:FINAL_SCORE_ML
SETTLE-SUG-2faee8ae0cb821bca8eb90bd,2026-09-23T20:20:56.157082-07:00,MLB,MLB,KXMLBHR-26SEP232040AZCOL,SUG-2faee8ae0cb821bca8eb90bd,1,WIN,,,ESPN_PUBLIC:401817055:FINAL_SCORE_ML
SETTLE-SUG-d711afaaafe85e0eaa36f3e4,2026-09-23T20:26:22.640835-07:00,MLB,MLB,KXMLBHR-26SEP232040AZCOL,SUG-d711afaaafe85e0eaa36f3e4,1,WIN,,,ESPN_PUBLIC:401817055:FINAL_SCORE_ML
SETTLE-SUG-14d02fe3311d769f7b0aa4a5,2026-09-23T21:55:53.887901-07:00,WNBA,WNBA,PL-231733,SUG-14d02fe3311d769f7b0aa4a5,25,WIN,,,ESPN_PUBLIC:401857214:BOX_SCORE
SETTLE-SUG-215587e44109c48b9c2f0cc2,2026-09-23T21:55:53.887901-07:00,WNBA,WNBA,PL-231733,SUG-215587e44109c48b9c2f0cc2,10,WIN,,,ESPN_PUBLIC:401857214:BOX_SCORE
SETTLE-SUG-29e1fbfce84f0dfd282927bc,2026-09-23T21:55:53.887901-07:00,MLB,MLB,KXMLBHR-26SEP232140LAAATH,SUG-29e1fbfce84f0dfd282927bc,0,LOSS,,,ESPN_PUBLIC:401817056:FINAL_SCORE_ML
SETTLE-SUG-327d0011ab23d3b04fdac2f9,2026-09-23T21:55:53.887901-07:00,WNBA,WNBA,KXWNBAPTS-26SEP23DALSEA,SUG-327d0011ab23d3b04fdac2f9,25,WIN,,,ESPN_PUBLIC:401857214:BOX_SCORE
SETTLE-SUG-32c2f2f91d5bbdcf6c9296f9,2026-09-23T21:55:53.887901-07:00,WNBA,WNBA,KXWNBAREB-26SEP23DALSEA,SUG-32c2f2f91d5bbdcf6c9296f9,21,WIN,,,ESPN_PUBLIC:401857214:BOX_SCORE
SETTLE-SUG-336a8a49145c6c024e6f9dd3,2026-09-23T21:55:53.887901-07:00,WNBA,WNBA,PL-231733,SUG-336a8a49145c6c024e6f9dd3,6,WIN,,,ESPN_PUBLIC:401857214:BOX_SCORE
SETTLE-SUG-34330795562f7bdf84a470f4,2026-09-23T21:55:53.887901-07:00,WNBA,WNBA,KXWNBAREB-26SEP23DALSEA,SUG-34330795562f7bdf84a470f4,8,WIN,,,ESPN_PUBLIC:401857214:BOX_SCORE
SETTLE-SUG-3838e2e6b4b51e473af2aa96,2026-09-23T21:55:53.887901-07:00,WNBA,WNBA,KXWNBAREB-26SEP23DALSEA,SUG-3838e2e6b4b51e473af2aa96,10,WIN,,,ESPN_PUBLIC:401857214:BOX_SCORE
SETTLE-SUG-437da36b6bde8ffcac9189fc,2026-09-23T21:55:53.887901-07:00,WNBA,WNBA,PL-231733,SUG-437da36b6bde8ffcac9189fc,6,WIN,,,ESPN_PUBLIC:401857214:BOX_SCORE
SETTLE-SUG-472e78351eccaeba5393ab5b,2026-09-23T21:55:53.887901-07:00,WNBA,WNBA,KXWNBAREB-26SEP23DALSEA,SUG-472e78351eccaeba5393ab5b,6,WIN,,,ESPN_PUBLIC:401857214:BOX_SCORE
SETTLE-SUG-4b505062b6464b44a1ae28e9,2026-09-23T21:55:53.887901-07:00,WNBA,WNBA,PL-231733,SUG-4b505062b6464b44a1ae28e9,8,WIN,,,ESPN_PUBLIC:401857214:BOX_SCORE
SETTLE-SUG-54ec51516fcc0f404e4ff949,2026-09-23T21:55:53.887901-07:00,WNBA,WNBA,KXWNBAREB-26SEP23DALSEA,SUG-54ec51516fcc0f404e4ff949,29,WIN,,,ESPN_PUBLIC:401857214:BOX_SCORE
SETTLE-SUG-58a5cd0c53cb99231b3683e9,2026-09-23T21:55:53.887901-07:00,WNBA,WNBA,KXWNBAREB-26SEP23DALSEA,SUG-58a5cd0c53cb99231b3683e9,8,WIN,,,ESPN_PUBLIC:401857214:BOX_SCORE
SETTLE-SUG-58b9fde0c0a52bf414d06009,2026-09-23T21:55:53.887901-07:00,WNBA,WNBA,PL-231733,SUG-58b9fde0c0a52bf414d06009,7,WIN,,,ESPN_PUBLIC:401857214:BOX_SCORE
SETTLE-SUG-5e7f271181d885cfae835924,2026-09-23T21:55:53.887901-07:00,WNBA,WNBA,PL-231733,SUG-5e7f271181d885cfae835924,21,WIN,,,ESPN_PUBLIC:401857214:BOX_SCORE
SETTLE-SUG-60f41d28cb214b6c51a23518,2026-09-23T21:55:53.887901-07:00,WNBA,WNBA,PL-231733,SUG-60f41d28cb214b6c51a23518,5,WIN,,,ESPN_PUBLIC:401857214:BOX_SCORE
SETTLE-SUG-6e3b143505fe5d32cefc51b5,2026-09-23T21:55:53.887901-07:00,WNBA,WNBA,KXWNBAREB-26SEP23DALSEA,SUG-6e3b143505fe5d32cefc51b5,10,WIN,,,ESPN_PUBLIC:401857214:BOX_SCORE
SETTLE-SUG-71629af437ff283501784752,2026-09-23T21:55:53.887901-07:00,WNBA,WNBA,KXWNBAREB-26SEP23DALSEA,SUG-71629af437ff283501784752,29,WIN,,,ESPN_PUBLIC:401857214:BOX_SCORE
SETTLE-SUG-7910c8bb6645c7eae166bae6,2026-09-23T21:55:53.887901-07:00,WNBA,WNBA,PL-231733,SUG-7910c8bb6645c7eae166bae6,25,WIN,,,ESPN_PUBLIC:401857214:BOX_SCORE
SETTLE-SUG-7e96d6ea7a0e225da37534b7,2026-09-23T21:55:53.887901-07:00,WNBA,WNBA,PL-231733,SUG-7e96d6ea7a0e225da37534b7,23,WIN,,,ESPN_PUBLIC:401857214:BOX_SCORE
SETTLE-SUG-7f97ba215e0d8f175b8b6368,2026-09-23T21:55:53.887901-07:00,MLB,MLB,KXMLBHR-26SEP232140LAAATH,SUG-7f97ba215e0d8f175b8b6368,1,WIN,,,ESPN_PUBLIC:401817056:FINAL_SCORE_ML
SETTLE-SUG-87275f894792b9c608af0aa0,2026-09-23T21:55:53.887901-07:00,WNBA,WNBA,PL-231733,SUG-87275f894792b9c608af0aa0,29,WIN,,,ESPN_PUBLIC:401857214:BOX_SCORE
SETTLE-SUG-9034478c42c09554ea4bde47,2026-09-23T21:55:53.887901-07:00,WNBA,WNBA,KXWNBAREB-26SEP23DALSEA,SUG-9034478c42c09554ea4bde47,23,WIN,,,ESPN_PUBLIC:401857214:BOX_SCORE
SETTLE-SUG-9ecf2e20f13dbda164b972e5,2026-09-23T21:55:53.887901-07:00,WNBA,WNBA,PL-231733,SUG-9ecf2e20f13dbda164b972e5,21,WIN,,,ESPN_PUBLIC:401857214:BOX_SCORE
SETTLE-SUG-a29d0c0793fb2a713c3bfdaf,2026-09-23T21:55:53.887901-07:00,MLB,MLB,KXMLBHR-26SEP232140LAAATH,SUG-a29d0c0793fb2a713c3bfdaf,0,LOSS,,,ESPN_PUBLIC:401817056:FINAL_SCORE_ML
SETTLE-SUG-a8f1799a1d854f042c93f747,2026-09-23T21:55:53.887901-07:00,NHL,NHL,2026010033,SUG-a8f1799a1d854f042c93f747,0,LOSS,,,ESPN_PUBLIC:401879369:FINAL_SCORE_ML
SETTLE-SUG-abf19df02538f489be998f53,2026-09-23T21:55:53.887901-07:00,WNBA,WNBA,KXWNBAREB-26SEP23DALSEA,SUG-abf19df02538f489be998f53,5,WIN,,,ESPN_PUBLIC:401857214:BOX_SCORE
SETTLE-SUG-ac78dfe1cf226078f27325ca,2026-09-23T21:55:53.887901-07:00,WNBA,WNBA,PL-231733,SUG-ac78dfe1cf226078f27325ca,12,WIN,,,ESPN_PUBLIC:401857214:BOX_SCORE
SETTLE-SUG-b66d246d2f58346c5c3dd9ca,2026-09-23T21:55:53.887901-07:00,WNBA,WNBA,PL-231733,SUG-b66d246d2f58346c5c3dd9ca,4,WIN,,,ESPN_PUBLIC:401857214:BOX_SCORE
SETTLE-SUG-bdccb4973e5b7e0e86503d1f,2026-09-23T21:55:53.887901-07:00,WNBA,WNBA,PL-231733,SUG-bdccb4973e5b7e0e86503d1f,25,WIN,,,ESPN_PUBLIC:401857214:BOX_SCORE
SETTLE-SUG-be4aed7a5c6876393d4166ac,2026-09-23T21:55:53.887901-07:00,WNBA,WNBA,PL-231733,SUG-be4aed7a5c6876393d4166ac,4,WIN,,,ESPN_PUBLIC:401857214:BOX_SCORE
SETTLE-SUG-c154ed95e26a2537f41f68af,2026-09-23T21:55:53.887901-07:00,WNBA,WNBA,KXWNBAPTS-26SEP23DALSEA,SUG-c154ed95e26a2537f41f68af,5,WIN,,,ESPN_PUBLIC:401857214:BOX_SCORE
SETTLE-SUG-c27bc9c1536934e7eb640055,2026-09-23T21:55:53.887901-07:00,WNBA,WNBA,KXWNBAREB-26SEP23DALSEA,SUG-c27bc9c1536934e7eb640055,8,WIN,,,ESPN_PUBLIC:401857214:BOX_SCORE
SETTLE-SUG-c3bb39fb00db06609d6a51e5,2026-09-23T21:55:53.887901-07:00,WNBA,WNBA,KXWNBAREB-26SEP23DALSEA,SUG-c3bb39fb00db06609d6a51e5,8,WIN,,,ESPN_PUBLIC:401857214:BOX_SCORE
SETTLE-SUG-cb32a66f0806bdbdb0a13b56,2026-09-23T21:55:53.887901-07:00,WNBA,WNBA,KXWNBAREB-26SEP23DALSEA,SUG-cb32a66f0806bdbdb0a13b56,6,WIN,,,ESPN_PUBLIC:401857214:BOX_SCORE
SETTLE-SUG-d2b72cf27d68dc11c398d67e,2026-09-23T21:55:53.887901-07:00,WNBA,WNBA,PL-231733,SUG-d2b72cf27d68dc11c398d67e,20,WIN,,,ESPN_PUBLIC:401857214:BOX_SCORE
SETTLE-SUG-dcb29e086f7e6d162b8ccf8e,2026-09-23T21:55:53.887901-07:00,WNBA,WNBA,PL-231733,SUG-dcb29e086f7e6d162b8ccf8e,21,WIN,,,ESPN_PUBLIC:401857214:BOX_SCORE
SETTLE-SUG-e0786fa2aad4a553823b1bd1,2026-09-23T21:55:53.887901-07:00,WNBA,WNBA,KXWNBAREB-26SEP23DALSEA,SUG-e0786fa2aad4a553823b1bd1,5,WIN,,,ESPN_PUBLIC:401857214:BOX_SCORE
SETTLE-SUG-e7e884dcf683dad03511d188,2026-09-23T21:55:53.887901-07:00,WNBA,WNBA,KXWNBAREB-26SEP23DALSEA,SUG-e7e884dcf683dad03511d188,23,WIN,,,ESPN_PUBLIC:401857214:BOX_SCORE
SETTLE-SUG-e9107988351fd4df1932d70c,2026-09-23T21:55:53.887901-07:00,WNBA,WNBA,KXWNBAREB-26SEP23DALSEA,SUG-e9107988351fd4df1932d70c,25,WIN,,,ESPN_PUBLIC:401857214:BOX_SCORE
SETTLE-SUG-ebdcf45d713da3cf588dec0d,2026-09-23T21:55:53.887901-07:00,WNBA,WNBA,PL-231733,SUG-ebdcf45d713da3cf588dec0d,10,WIN,,,ESPN_PUBLIC:401857214:BOX_SCORE
SETTLE-SUG-fbd6dd933bbab9d228a0ae84,2026-09-23T21:55:53.887901-07:00,WNBA,WNBA,PL-231733,SUG-fbd6dd933bbab9d228a0ae84,14,WIN,,,ESPN_PUBLIC:401857214:BOX_SCORE
SETTLE-SUG-fe01cc9ca77c5e641ef4ab5c,2026-09-23T21:55:53.887901-07:00,WNBA,WNBA,PL-231733,SUG-fe01cc9ca77c5e641ef4ab5c,21,WIN,,,ESPN_PUBLIC:401857214:BOX_SCORE
SETTLE-SUG-ff3fd0d6e00593271384b3bf,2026-09-23T21:55:53.887901-07:00,WNBA,WNBA,PL-231733,SUG-ff3fd0d6e00593271384b3bf,20,WIN,,,ESPN_PUBLIC:401857214:BOX_SCORE
SETTLE-SUG-0a0424cd1269fe6243f20c8a,2026-09-23T22:58:14.030835-07:00,MLB,MLB,401817057,SUG-0a0424cd1269fe6243f20c8a,1,WIN,,,ESPN_PUBLIC:401817057:FINAL_SCORE_ML
SETTLE-SUG-4971f89cd7eda078e4b8a75b,2026-09-23T22:58:14.030835-07:00,MLB,MLB,401817059,SUG-4971f89cd7eda078e4b8a75b,0,LOSS,,,ESPN_PUBLIC:401817059:FINAL_SCORE_ML
SETTLE-SUG-715e1b409b231e838a6a0875,2026-09-23T22:58:14.030835-07:00,MLB,MLB,401817057,SUG-715e1b409b231e838a6a0875,0,LOSS,,,ESPN_PUBLIC:401817057:FINAL_SCORE_ML
SETTLE-SUG-7ec473930f4e3c5fefc35abb,2026-09-23T22:58:14.030835-07:00,MLB,MLB,401817057,SUG-7ec473930f4e3c5fefc35abb,1,WIN,,,ESPN_PUBLIC:401817057:FINAL_SCORE_ML
SETTLE-SUG-a3f90900c6c1abf74dcfab9a,2026-09-23T22:58:14.030835-07:00,MLB,MLB,401817059,SUG-a3f90900c6c1abf74dcfab9a,0,LOSS,,,ESPN_PUBLIC:401817059:FINAL_SCORE_ML
SETTLE-SUG-a767cad10f987e38666f278d,2026-09-23T22:58:14.030835-07:00,MLB,MLB,401817059,SUG-a767cad10f987e38666f278d,0,LOSS,,,ESPN_PUBLIC:401817059:FINAL_SCORE_ML
SETTLE-SUG-39dac40424b30899e14dd692,2026-09-24T14:57:53.761728-07:00,MLB,MLB,PL-225815,SUG-39dac40424b30899e14dd692,1,WIN,,,ESPN_PUBLIC:401817066:FINAL_SCORE_ML
SETTLE-SUG-5ef3f8372ddf47512939dd3c,2026-09-24T14:57:53.761728-07:00,MLB,MLB,PL-225814,SUG-5ef3f8372ddf47512939dd3c,1,WIN,,,ESPN_PUBLIC:401817065:FINAL_SCORE_ML
SETTLE-SUG-66a432aa96bc5bf05ef54fd9,2026-09-24T14:57:53.761728-07:00,MLB,MLB,PL-225816,SUG-66a432aa96bc5bf05ef54fd9,1,WIN,,,ESPN_PUBLIC:401817067:FINAL_SCORE_ML
SETTLE-SUG-7bc2982b6606a07bd6c69c16,2026-09-24T14:57:53.761728-07:00,MLB,MLB,PL-225814,SUG-7bc2982b6606a07bd6c69c16,1,WIN,,,ESPN_PUBLIC:401817065:FINAL_SCORE_ML
SETTLE-SUG-b7cc77954428872d9134d469,2026-09-24T14:57:53.761728-07:00,MLB,MLB,PL-225815,SUG-b7cc77954428872d9134d469,1,WIN,,,ESPN_PUBLIC:401817066:FINAL_SCORE_ML
SETTLE-SUG-cab303adb576fce6c3759b14,2026-09-24T14:57:53.761728-07:00,MLB,MLB,PL-225814,SUG-cab303adb576fce6c3759b14,1,WIN,,,ESPN_PUBLIC:401817065:FINAL_SCORE_ML
SETTLE-SUG-cc6e0a3fd14eca534dd97a69,2026-09-24T14:57:53.761728-07:00,MLB,MLB,PL-225816,SUG-cc6e0a3fd14eca534dd97a69,1,WIN,,,ESPN_PUBLIC:401817067:FINAL_SCORE_ML
SETTLE-SUG-d23221f162adc0899e2e359b,2026-09-24T14:57:53.761728-07:00,MLB,MLB,PL-225815,SUG-d23221f162adc0899e2e359b,1,WIN,,,ESPN_PUBLIC:401817066:FINAL_SCORE_ML
SETTLE-SUG-d9e39a184310c45bfbd05676,2026-09-24T14:57:53.761728-07:00,MLB,MLB,PL-225814,SUG-d9e39a184310c45bfbd05676,1,WIN,,,ESPN_PUBLIC:401817065:FINAL_SCORE_ML
SETTLE-SUG-e9fe4faf6369a80cad6e0179,2026-09-24T14:57:53.761728-07:00,MLB,MLB,PL-225814,SUG-e9fe4faf6369a80cad6e0179,1,WIN,,,ESPN_PUBLIC:401817065:FINAL_SCORE_ML
SETTLE-SUG-f029b5c67079e209fd887fcf,2026-09-24T14:57:53.761728-07:00,MLB,MLB,PL-225816,SUG-f029b5c67079e209fd887fcf,1,WIN,,,ESPN_PUBLIC:401817067:FINAL_SCORE_ML
SETTLE-SUG-ff0b0ff9672dce4cb6bdc112,2026-09-24T14:57:53.761728-07:00,MLB,MLB,PL-225816,SUG-ff0b0ff9672dce4cb6bdc112,1,WIN,,,ESPN_PUBLIC:401817067:FINAL_SCORE_ML
SETTLE-SUG-62a6ec6f7f2017c97b7c498d,2026-09-24T15:27:41.928213-07:00,MLB,MLB,PL-225817,SUG-62a6ec6f7f2017c97b7c498d,1,WIN,,,ESPN_PUBLIC:401817068:FINAL_SCORE_ML
SETTLE-SUG-781c3f2751677fad45df5a17,2026-09-24T15:27:41.928213-07:00,MLB,MLB,PL-225817,SUG-781c3f2751677fad45df5a17,1,WIN,,,ESPN_PUBLIC:401817068:FINAL_SCORE_ML
SETTLE-SUG-f391b016a5e8442ad9c59e29,2026-09-24T15:27:41.928213-07:00,MLB,MLB,PL-225817,SUG-f391b016a5e8442ad9c59e29,1,WIN,,,ESPN_PUBLIC:401817068:FINAL_SCORE_ML
SETTLE-SUG-0d3ea6755401570fa8066c84,2026-09-24T18:01:44.154789-07:00,MLB,MLB,PL-225818,SUG-0d3ea6755401570fa8066c84,1,WIN,,,ESPN_PUBLIC:401817062:FINAL_SCORE_ML
SETTLE-SUG-62b1ff432d4430d9aaf59c90,2026-09-24T18:01:44.154789-07:00,MLB,MLB,PL-225818,SUG-62b1ff432d4430d9aaf59c90,1,WIN,,,ESPN_PUBLIC:401817062:FINAL_SCORE_ML
SETTLE-SUG-8f2d819d37e0e659d3f45196,2026-09-24T18:01:44.154789-07:00,MLB,MLB,PL-225818,SUG-8f2d819d37e0e659d3f45196,1,WIN,,,ESPN_PUBLIC:401817062:FINAL_SCORE_ML
SETTLE-SUG-b72d0d5c49e8dd4d3afd3799,2026-09-24T18:01:44.154789-07:00,MLB,MLB,PL-225818,SUG-b72d0d5c49e8dd4d3afd3799,1,WIN,,,ESPN_PUBLIC:401817062:FINAL_SCORE_ML
SETTLE-SUG-c64c83a19a6ef723b2807cc4,2026-09-24T18:01:44.154789-07:00,MLB,MLB,KXMLBRBI-26SEP241805MILPHI,SUG-c64c83a19a6ef723b2807cc4,1,WIN,,,ESPN_PUBLIC:401817062:FINAL_SCORE_ML
SETTLE-SUG-0068276add74f08f43ef9e5f,2026-09-24T18:34:17.224045-07:00,WNBA,WNBA,PL-238090,SUG-0068276add74f08f43ef9e5f,16,LOSS,,,ESPN_PUBLIC:401857216:BOX_SCORE
SETTLE-SUG-0d403dbee53adf5bf77df114,2026-09-24T18:34:17.224045-07:00,WNBA,WNBA,PL-238090,SUG-0d403dbee53adf5bf77df114,1,WIN,,,ESPN_PUBLIC:401857216:FINAL_SCORE_ML
SETTLE-SUG-1a5ad7d05f83c59f32129cd3,2026-09-24T18:34:17.224045-07:00,WNBA,WNBA,PL-238090,SUG-1a5ad7d05f83c59f32129cd3,21,WIN,,,ESPN_PUBLIC:401857216:BOX_SCORE
SETTLE-SUG-1d918b23269d469211b116a3,2026-09-24T18:34:17.224045-07:00,NHL,NHL,2026010044,SUG-1d918b23269d469211b116a3,1,WIN,,,ESPN_PUBLIC:401879934:FINAL_SCORE_ML
SETTLE-SUG-1e8fa5d9622fa9329ae35498,2026-09-24T18:34:17.224045-07:00,MLB,MLB,PL-225819,SUG-1e8fa5d9622fa9329ae35498,0,LOSS,,,ESPN_PUBLIC:401817061:FINAL_SCORE_ML
SETTLE-SUG-251115f0a440f523c4c27e74,2026-09-24T18:34:17.224045-07:00,NHL,NHL,PL-179439,SUG-251115f0a440f523c4c27e74,1,WIN,,,ESPN_PUBLIC:401879934:FINAL_SCORE_ML
SETTLE-SUG-25da33fbb39d16d30dc2756b,2026-09-24T18:34:17.224045-07:00,WNBA,WNBA,PL-238090,SUG-25da33fbb39d16d30dc2756b,16,WIN,,,ESPN_PUBLIC:401857216:BOX_SCORE
SETTLE-SUG-2e3e0307458dcb87cc243022,2026-09-24T18:34:17.224045-07:00,WNBA,WNBA,PL-238090,SUG-2e3e0307458dcb87cc243022,21,WIN,,,ESPN_PUBLIC:401857216:BOX_SCORE
SETTLE-SUG-3ae11d0ff5e776b2394e2a2a,2026-09-24T18:34:17.224045-07:00,NHL,NHL,PL-179441,SUG-3ae11d0ff5e776b2394e2a2a,1,WIN,,,ESPN_PUBLIC:401879455:FINAL_SCORE_ML
SETTLE-SUG-3b26ed6b9fdba5ad0517e8de,2026-09-24T18:34:17.224045-07:00,NHL,NHL,2026010044,SUG-3b26ed6b9fdba5ad0517e8de,1,WIN,,,ESPN_PUBLIC:401879934:FINAL_SCORE_ML
SETTLE-SUG-3b83702e4c1093f19d29c246,2026-09-24T18:34:17.224045-07:00,NHL,NHL,PL-179437,SUG-3b83702e4c1093f19d29c246,0,LOSS,,,ESPN_PUBLIC:401879455:FINAL_SCORE_ML
SETTLE-SUG-3e5c488ec5ce09b90490a11f,2026-09-24T18:34:17.224045-07:00,WNBA,WNBA,PL-238090,SUG-3e5c488ec5ce09b90490a11f,7,LOSS,,,ESPN_PUBLIC:401857216:BOX_SCORE
SETTLE-SUG-3fbdb56b3eda79757746892c,2026-09-24T18:34:17.224045-07:00,NHL,NHL,2026010046,SUG-3fbdb56b3eda79757746892c,1,WIN,,,ESPN_PUBLIC:401879455:FINAL_SCORE_ML
SETTLE-SUG-4674588f6548a73278795402,2026-09-24T18:34:17.224045-07:00,MLB,MLB,PL-225819,SUG-4674588f6548a73278795402,0,LOSS,,,ESPN_PUBLIC:401817061:FINAL_SCORE_ML
SETTLE-SUG-4e5cd6e812b269d06364f716,2026-09-24T18:34:17.224045-07:00,WNBA,WNBA,PL-238090,SUG-4e5cd6e812b269d06364f716,21,WIN,,,ESPN_PUBLIC:401857216:BOX_SCORE
SETTLE-SUG-5026bbb59c8ab30b5a5af608,2026-09-24T18:34:17.224045-07:00,WNBA,WNBA,PL-238082,SUG-5026bbb59c8ab30b5a5af608,1,WIN,,,ESPN_PUBLIC:401857215:FINAL_SCORE_ML
SETTLE-SUG-549075bfc2d0ae95b75b5718,2026-09-24T18:34:17.224045-07:00,NHL,NHL,PL-179439,SUG-549075bfc2d0ae95b75b5718,1,WIN,,,ESPN_PUBLIC:401879934:FINAL_SCORE_ML
SETTLE-SUG-54f542fff39fd5459ec3c349,2026-09-24T18:34:17.224045-07:00,WNBA,WNBA,PL-238090,SUG-54f542fff39fd5459ec3c349,4,WIN,,,ESPN_PUBLIC:401857216:BOX_SCORE
SETTLE-SUG-5c4237a09d040134b3d6b654,2026-09-24T18:34:17.224045-07:00,WNBA,WNBA,PL-238090,SUG-5c4237a09d040134b3d6b654,1,WIN,,,ESPN_PUBLIC:401857216:FINAL_SCORE_ML
SETTLE-SUG-5e8f33a2b154866fc84e231d,2026-09-24T18:34:17.224045-07:00,MLB,MLB,PL-225819,SUG-5e8f33a2b154866fc84e231d,0,LOSS,,,ESPN_PUBLIC:401817061:FINAL_SCORE_ML
SETTLE-SUG-5f85fda788d082b216d2211d,2026-09-24T18:34:17.224045-07:00,NHL,NHL,2026010046,SUG-5f85fda788d082b216d2211d,1,WIN,,,ESPN_PUBLIC:401879455:FINAL_SCORE_ML
SETTLE-SUG-653bf94712d9edf40414a48e,2026-09-24T18:34:17.224045-07:00,WNBA,WNBA,PL-238082,SUG-653bf94712d9edf40414a48e,1,WIN,,,ESPN_PUBLIC:401857215:FINAL_SCORE_ML
SETTLE-SUG-75ee20875906fb41adbbd144,2026-09-24T18:34:17.224045-07:00,WNBA,WNBA,PL-238082,SUG-75ee20875906fb41adbbd144,0,LOSS,,,ESPN_PUBLIC:401857215:FINAL_SCORE_ML
SETTLE-SUG-780611b876ca8689b6615ef4,2026-09-24T18:34:17.224045-07:00,NHL,NHL,PL-179441,SUG-780611b876ca8689b6615ef4,1,WIN,,,ESPN_PUBLIC:401879455:FINAL_SCORE_ML
SETTLE-SUG-7847b77d5fbbbf9bc86b7ce0,2026-09-24T18:34:17.224045-07:00,WNBA,WNBA,PL-238090,SUG-7847b77d5fbbbf9bc86b7ce0,16,LOSS,,,ESPN_PUBLIC:401857216:BOX_SCORE
SETTLE-SUG-7fda9b5c079fd21c3da734b1,2026-09-24T18:34:17.224045-07:00,WNBA,WNBA,PL-238090,SUG-7fda9b5c079fd21c3da734b1,15,WIN,,,ESPN_PUBLIC:401857216:BOX_SCORE
SETTLE-SUG-814ef685e01d074f6f22807e,2026-09-24T18:34:17.224045-07:00,NHL,NHL,2026010046,SUG-814ef685e01d074f6f22807e,1,WIN,,,ESPN_PUBLIC:401879455:FINAL_SCORE_ML
SETTLE-SUG-837969647a2fcb8f8de18e54,2026-09-24T18:34:17.224045-07:00,WNBA,WNBA,PL-238090,SUG-837969647a2fcb8f8de18e54,1,WIN,,,ESPN_PUBLIC:401857216:FINAL_SCORE_ML
SETTLE-SUG-8e488985940e045ae6142f4b,2026-09-24T18:34:17.224045-07:00,WNBA,WNBA,PL-238090,SUG-8e488985940e045ae6142f4b,7,LOSS,,,ESPN_PUBLIC:401857216:BOX_SCORE
SETTLE-SUG-9557f701b90963bf6b548724,2026-09-24T18:34:17.224045-07:00,WNBA,WNBA,PL-238090,SUG-9557f701b90963bf6b548724,16,WIN,,,ESPN_PUBLIC:401857216:BOX_SCORE
SETTLE-SUG-98af68aff4dd6248ab35dfff,2026-09-24T18:34:17.224045-07:00,NHL,NHL,2026010044,SUG-98af68aff4dd6248ab35dfff,1,WIN,,,ESPN_PUBLIC:401879934:FINAL_SCORE_ML
SETTLE-SUG-a01fce145bbff2be18c0aeb9,2026-09-24T18:34:17.224045-07:00,NHL,NHL,PL-179439,SUG-a01fce145bbff2be18c0aeb9,0,LOSS,,,ESPN_PUBLIC:401879934:FINAL_SCORE_ML
SETTLE-SUG-a09ff2234508ef8ddc904f05,2026-09-24T18:34:17.224045-07:00,WNBA,WNBA,PL-238090,SUG-a09ff2234508ef8ddc904f05,5,WIN,,,ESPN_PUBLIC:401857216:BOX_SCORE
SETTLE-SUG-a3b5e7451dab809b90e5f380,2026-09-24T18:34:17.224045-07:00,NHL,NHL,PL-179439,SUG-a3b5e7451dab809b90e5f380,1,WIN,,,ESPN_PUBLIC:401879934:FINAL_SCORE_ML
SETTLE-SUG-a83c0ba275d04a24ee4c8be5,2026-09-24T18:34:17.224045-07:00,NHL,NHL,PL-179439,SUG-a83c0ba275d04a24ee4c8be5,1,WIN,,,ESPN_PUBLIC:401879934:FINAL_SCORE_ML
SETTLE-SUG-a9cdf1a95e6aee833af33725,2026-09-24T18:34:17.224045-07:00,NHL,NHL,PL-179439,SUG-a9cdf1a95e6aee833af33725,1,WIN,,,ESPN_PUBLIC:401879934:FINAL_SCORE_ML
SETTLE-SUG-ab4559287905613ad6a62dd0,2026-09-24T18:34:17.224045-07:00,WNBA,WNBA,PL-238082,SUG-ab4559287905613ad6a62dd0,0,LOSS,,,ESPN_PUBLIC:401857215:FINAL_SCORE_ML
SETTLE-SUG-ad255391b25b9ff56fb8473c,2026-09-24T18:34:17.224045-07:00,WNBA,WNBA,PL-238090,SUG-ad255391b25b9ff56fb8473c,16,LOSS,,,ESPN_PUBLIC:401857216:BOX_SCORE
SETTLE-SUG-ae61ed7b2d77832d6ed5e241,2026-09-24T18:34:17.224045-07:00,NHL,NHL,2026010046,SUG-ae61ed7b2d77832d6ed5e241,1,WIN,,,ESPN_PUBLIC:401879455:FINAL_SCORE_ML
SETTLE-SUG-b03b52887c7c1d7ac3a18918,2026-09-24T18:34:17.224045-07:00,WNBA,WNBA,PL-238090,SUG-b03b52887c7c1d7ac3a18918,7,LOSS,,,ESPN_PUBLIC:401857216:BOX_SCORE
SETTLE-SUG-c0335c06f001f67d152feec5,2026-09-24T18:34:17.224045-07:00,WNBA,WNBA,PL-238090,SUG-c0335c06f001f67d152feec5,11,WIN,,,ESPN_PUBLIC:401857216:BOX_SCORE
SETTLE-SUG-ca36063d9c72d076d18efb6e,2026-09-24T18:34:17.224045-07:00,WNBA,WNBA,PL-238090,SUG-ca36063d9c72d076d18efb6e,1,WIN,,,ESPN_PUBLIC:401857216:FINAL_SCORE_ML
SETTLE-SUG-cc475f8cff67dd77305ffb48,2026-09-24T18:34:17.224045-07:00,NHL,NHL,PL-179439,SUG-cc475f8cff67dd77305ffb48,1,WIN,,,ESPN_PUBLIC:401879934:FINAL_SCORE_ML
SETTLE-SUG-cdc9dce1b5fa531a929507db,2026-09-24T18:34:17.224045-07:00,WNBA,WNBA,PL-238090,SUG-cdc9dce1b5fa531a929507db,9,WIN,,,ESPN_PUBLIC:401857216:BOX_SCORE
SETTLE-SUG-d562a6d90fc911d404f3f2fb,2026-09-24T18:34:17.224045-07:00,NHL,NHL,PL-179437,SUG-d562a6d90fc911d404f3f2fb,1,WIN,,,ESPN_PUBLIC:401879455:FINAL_SCORE_ML
SETTLE-SUG-db69c77915c0a368e5c3ff5b,2026-09-24T18:34:17.224045-07:00,NHL,NHL,PL-179437,SUG-db69c77915c0a368e5c3ff5b,1,WIN,,,ESPN_PUBLIC:401879455:FINAL_SCORE_ML
SETTLE-SUG-e6f146990fea9bb5583fe399,2026-09-24T18:34:17.224045-07:00,MLB,MLB,PL-225819,SUG-e6f146990fea9bb5583fe399,0,LOSS,,,ESPN_PUBLIC:401817061:FINAL_SCORE_ML
SETTLE-SUG-e9743d7fa08b89c68cf02790,2026-09-24T18:34:17.224045-07:00,NHL,NHL,2026010046,SUG-e9743d7fa08b89c68cf02790,1,WIN,,,ESPN_PUBLIC:401879455:FINAL_SCORE_ML
SETTLE-SUG-f81143ed138e8eb3cffc310e,2026-09-24T18:34:17.224045-07:00,WNBA,WNBA,PL-238090,SUG-f81143ed138e8eb3cffc310e,5,WIN,,,ESPN_PUBLIC:401857216:BOX_SCORE
SETTLE-SUG-f8c258d659f1b644cbe0389e,2026-09-24T18:34:17.224045-07:00,NHL,NHL,PL-179441,SUG-f8c258d659f1b644cbe0389e,1,WIN,,,ESPN_PUBLIC:401879455:FINAL_SCORE_ML
SETTLE-SUG-fe50cf8c68894744305fa403,2026-09-24T18:34:17.224045-07:00,NHL,NHL,2026010044,SUG-fe50cf8c68894744305fa403,1,WIN,,,ESPN_PUBLIC:401879934:FINAL_SCORE_ML
SETTLE-SUG-026f5fa06947b4a85e80ce69,2026-09-24T22:55:34.791556-07:00,NFL,NFL,PL-32648,SUG-026f5fa06947b4a85e80ce69,1,WIN,,,ESPN_PUBLIC:401872948:BOX_SCORE
SETTLE-SUG-04c8f0777cc6f48f0d65726a,2026-09-24T22:55:34.791556-07:00,MLB,MLB,401817069,SUG-04c8f0777cc6f48f0d65726a,0,LOSS,,,ESPN_PUBLIC:401817069:FINAL_SCORE_ML
SETTLE-SUG-065979a4a405f048f75b2bae,2026-09-24T22:55:34.791556-07:00,MLB,MLB,401817070,SUG-065979a4a405f048f75b2bae,1,WIN,,,ESPN_PUBLIC:401817070:FINAL_SCORE_ML
SETTLE-SUG-07a0b3f7750ed7adb2864bc6,2026-09-24T22:55:34.791556-07:00,NHL,NHL,2026010037,SUG-07a0b3f7750ed7adb2864bc6,1,WIN,,,ESPN_PUBLIC:401878103:FINAL_SCORE_ML
SETTLE-SUG-07d25e3213453d530d556f81,2026-09-24T22:55:34.791556-07:00,NFL,NFL,401872948,SUG-07d25e3213453d530d556f81,0,LOSS,,,ESPN_PUBLIC:401872948:FINAL_SCORE_ML
SETTLE-SUG-0f5e17ad0547e59672d304e6,2026-09-24T22:55:34.791556-07:00,NFL,NFL,PL-32648,SUG-0f5e17ad0547e59672d304e6,0,WIN,,,ESPN_PUBLIC:401872948:BOX_SCORE
SETTLE-SUG-1094a54192466639b9cc6eac,2026-09-24T22:55:34.791556-07:00,NHL,NHL,PL-179440,SUG-1094a54192466639b9cc6eac,1,WIN,,,ESPN_PUBLIC:401879452:FINAL_SCORE_ML
SETTLE-SUG-13495b75bd7c674e60b55270,2026-09-24T22:55:34.791556-07:00,NHL,NHL,PL-179442,SUG-13495b75bd7c674e60b55270,1,WIN,,,ESPN_PUBLIC:401878103:FINAL_SCORE_ML
SETTLE-SUG-16868424b07775782493d816,2026-09-24T22:55:34.791556-07:00,NHL,NHL,2026010042,SUG-16868424b07775782493d816,0,LOSS,,,ESPN_PUBLIC:401886260:FINAL_SCORE_ML
SETTLE-SUG-16cb93a118a2f26525d0c17f,2026-09-24T22:55:34.791556-07:00,NFL,NFL,401872948,SUG-16cb93a118a2f26525d0c17f,0,LOSS,,,ESPN_PUBLIC:401872948:FINAL_SCORE_ML
SETTLE-SUG-1839a94de32b8857ab4ecfdb,2026-09-24T22:55:34.791556-07:00,MLB,MLB,PL-225821,SUG-1839a94de32b8857ab4ecfdb,0,LOSS,,,ESPN_PUBLIC:401817060:FINAL_SCORE_ML
SETTLE-SUG-189150d8f7c16c62f2502ddb,2026-09-24T22:55:34.791556-07:00,NFL,NFL,PL-32648,SUG-189150d8f7c16c62f2502ddb,5,WIN,,,ESPN_PUBLIC:401872948:BOX_SCORE
SETTLE-SUG-1b2da03be068be265efbca4a,2026-09-24T22:55:34.791556-07:00,NFL,NFL,PL-32648,SUG-1b2da03be068be265efbca4a,3,LOSS,,,ESPN_PUBLIC:401872948:BOX_SCORE
SETTLE-SUG-1d9496fbacff34f6a4c801c8,2026-09-24T22:55:34.791556-07:00,MLB,MLB,PL-225824,SUG-1d9496fbacff34f6a4c801c8,0,LOSS,,,ESPN_PUBLIC:401817071:FINAL_SCORE_ML
SETTLE-SUG-1da396ab86300eacc80709b0,2026-09-24T22:55:34.791556-07:00,MLB,MLB,401817069,SUG-1da396ab86300eacc80709b0,0,LOSS,,,ESPN_PUBLIC:401817069:FINAL_SCORE_ML
SETTLE-SUG-1e0ea392616b7311f1802527,2026-09-24T22:55:34.791556-07:00,NHL,NHL,PL-179442,SUG-1e0ea392616b7311f1802527,1,WIN,,,ESPN_PUBLIC:401878103:FINAL_SCORE_ML
SETTLE-SUG-1ef50c1f832d8dd49202c309,2026-09-24T22:55:34.791556-07:00,WNBA,WNBA,PL-238083,SUG-1ef50c1f832d8dd49202c309,4,WIN,,,ESPN_PUBLIC:401857217:BOX_SCORE
SETTLE-SUG-20fcc949a5d3a512a57ca76a,2026-09-24T22:55:34.791556-07:00,NFL,NFL,PL-32648,SUG-20fcc949a5d3a512a57ca76a,0,WIN,,,ESPN_PUBLIC:401872948:BOX_SCORE
SETTLE-SUG-21cadce4f9573f89b0551130,2026-09-24T22:55:34.791556-07:00,NFL,NFL,PL-32648,SUG-21cadce4f9573f89b0551130,1,WIN,,,ESPN_PUBLIC:401872948:BOX_SCORE
SETTLE-SUG-2220b89164f1dbf707d7018e,2026-09-24T22:55:34.791556-07:00,WNBA,WNBA,PL-238084,SUG-2220b89164f1dbf707d7018e,1,WIN,,,ESPN_PUBLIC:401857218:FINAL_SCORE_ML
SETTLE-SUG-22584bc61ace59d66afc29ed,2026-09-24T22:55:34.791556-07:00,NHL,NHL,PL-179440,SUG-22584bc61ace59d66afc29ed,1,WIN,,,ESPN_PUBLIC:401879452:FINAL_SCORE_ML
SETTLE-SUG-2623b0b2b49ad6ec9258486c,2026-09-24T22:55:34.791556-07:00,NFL,NFL,PL-32648,SUG-2623b0b2b49ad6ec9258486c,1,WIN,,,ESPN_PUBLIC:401872948:BOX_SCORE
SETTLE-SUG-2958db0e0b077cb9d9a84248,2026-09-24T22:55:34.791556-07:00,WNBA,WNBA,PL-238083,SUG-2958db0e0b077cb9d9a84248,0,LOSS,,,ESPN_PUBLIC:401857217:FINAL_SCORE_ML
SETTLE-SUG-29b40bc78e7e821386a30579,2026-09-24T22:55:34.791556-07:00,WNBA,WNBA,PL-238084,SUG-29b40bc78e7e821386a30579,1,WIN,,,ESPN_PUBLIC:401857218:FINAL_SCORE_ML
SETTLE-SUG-29c39ea40289491747bdea24,2026-09-24T22:55:34.791556-07:00,MLB,MLB,401817070,SUG-29c39ea40289491747bdea24,1,WIN,,,ESPN_PUBLIC:401817070:FINAL_SCORE_ML
SETTLE-SUG-2bf633a0d793f828cb994d31,2026-09-24T22:55:34.791556-07:00,MLB,MLB,PL-225821,SUG-2bf633a0d793f828cb994d31,0,LOSS,,,ESPN_PUBLIC:401817060:FINAL_SCORE_ML
SETTLE-SUG-2e870413f7dcfa3976807cb4,2026-09-24T22:55:34.791556-07:00,MLB,MLB,PL-225820,SUG-2e870413f7dcfa3976807cb4,1,WIN,,,ESPN_PUBLIC:401817064:FINAL_SCORE_ML
SETTLE-SUG-2f62b6f1d232f26dde186529,2026-09-24T22:55:34.791556-07:00,NFL,NFL,401872948,SUG-2f62b6f1d232f26dde186529,0,LOSS,,,ESPN_PUBLIC:401872948:FINAL_SCORE_ML
SETTLE-SUG-302d593eb18681b7b094c089,2026-09-24T22:55:34.791556-07:00,NHL,NHL,2026010047,SUG-302d593eb18681b7b094c089,1,WIN,,,ESPN_PUBLIC:401879367:FINAL_SCORE_ML
SETTLE-SUG-3047e05bfb96ccc9b1881201,2026-09-24T22:55:34.791556-07:00,MLB,MLB,PL-225821,SUG-3047e05bfb96ccc9b1881201,0,LOSS,,,ESPN_PUBLIC:401817060:FINAL_SCORE_ML
SETTLE-SUG-309bed1fc57f8336b48d24fa,2026-09-24T22:55:34.791556-07:00,NFL,NFL,PL-32648,SUG-309bed1fc57f8336b48d24fa,1,WIN,,,ESPN_PUBLIC:401872948:BOX_SCORE
SETTLE-SUG-30d0b41f797a03ce805faf1a,2026-09-24T22:55:34.791556-07:00,NHL,NHL,PL-179445,SUG-30d0b41f797a03ce805faf1a,0,LOSS,,,ESPN_PUBLIC:401879370:FINAL_SCORE_ML
SETTLE-SUG-30f8a56f9dd71e3a60eca413,2026-09-24T22:55:34.791556-07:00,NHL,NHL,2026010041,SUG-30f8a56f9dd71e3a60eca413,1,WIN,,,ESPN_PUBLIC:401879452:FINAL_SCORE_ML
SETTLE-SUG-3398b9bb8b0071cbc8d7fbd8,2026-09-24T22:55:34.791556-07:00,NCAA_Football,NCAA_Football,PL-213896,SUG-3398b9bb8b0071cbc8d7fbd8,1,WIN,,,ESPN_PUBLIC:401869941:FINAL_SCORE_ML
SETTLE-SUG-33ef33d972e0f037e02afc62,2026-09-24T22:55:34.791556-07:00,NHL,NHL,PL-238042,SUG-33ef33d972e0f037e02afc62,0,LOSS,,,ESPN_PUBLIC:401879646:FINAL_SCORE_ML
SETTLE-SUG-35f9d7078713c8e188787fee,2026-09-24T22:55:34.791556-07:00,WNBA,WNBA,401857218,SUG-35f9d7078713c8e188787fee,1,WIN,,,ESPN_PUBLIC:401857218:FINAL_SCORE_ML
SETTLE-SUG-380a1a6baca8cfed9498269e,2026-09-24T22:55:34.791556-07:00,NHL,NHL,2026010040,SUG-380a1a6baca8cfed9498269e,0,LOSS,,,ESPN_PUBLIC:401879363:FINAL_SCORE_ML
SETTLE-SUG-386a497f12674c9e0c9629ad,2026-09-24T22:55:34.791556-07:00,MLB,MLB,401817070,SUG-386a497f12674c9e0c9629ad,1,WIN,,,ESPN_PUBLIC:401817070:FINAL_SCORE_ML
SETTLE-SUG-39f911ab0e374b57dc6900f9,2026-09-24T22:55:34.791556-07:00,NFL,NFL,PL-32648,SUG-39f911ab0e374b57dc6900f9,1,WIN,,,ESPN_PUBLIC:401872948:BOX_SCORE
SETTLE-SUG-3a6231ccdc851e58a190fb0f,2026-09-24T22:55:34.791556-07:00,WNBA,WNBA,PL-238083,SUG-3a6231ccdc851e58a190fb0f,2,LOSS,,,ESPN_PUBLIC:401857217:BOX_SCORE
SETTLE-SUG-3c0e199476b899e469cd5b7d,2026-09-24T22:55:34.791556-07:00,NFL,NFL,PL-32648,SUG-3c0e199476b899e469cd5b7d,2,WIN,,,ESPN_PUBLIC:401872948:BOX_SCORE
SETTLE-SUG-3ccd51a2d753b3ecaa851f14,2026-09-24T22:55:34.791556-07:00,NFL,NFL,PL-32648,SUG-3ccd51a2d753b3ecaa851f14,2,WIN,,,ESPN_PUBLIC:401872948:BOX_SCORE
SETTLE-SUG-3d76c27f76243a7041be1a76,2026-09-24T22:55:34.791556-07:00,WNBA,WNBA,PL-238083,SUG-3d76c27f76243a7041be1a76,3,LOSS,,,ESPN_PUBLIC:401857217:BOX_SCORE
SETTLE-SUG-3e2e56b820c75d0e9e3af417,2026-09-24T22:55:34.791556-07:00,NHL,NHL,2026010038,SUG-3e2e56b820c75d0e9e3af417,1,WIN,,,ESPN_PUBLIC:401879332:FINAL_SCORE_ML
SETTLE-SUG-3e92470bec6649b871267aa7,2026-09-24T22:55:34.791556-07:00,WNBA,WNBA,PL-238083,SUG-3e92470bec6649b871267aa7,0,LOSS,,,ESPN_PUBLIC:401857217:FINAL_SCORE_ML
SETTLE-SUG-4255d021c969a93bb4a7c44a,2026-09-24T22:55:34.791556-07:00,MLB,MLB,401817069,SUG-4255d021c969a93bb4a7c44a,0,LOSS,,,ESPN_PUBLIC:401817069:FINAL_SCORE_ML
SETTLE-SUG-440d6e9296f900c7fea743c1,2026-09-24T22:55:34.791556-07:00,MLB,MLB,401817069,SUG-440d6e9296f900c7fea743c1,0,LOSS,,,ESPN_PUBLIC:401817069:FINAL_SCORE_ML
SETTLE-SUG-477cbe2a0306ac06351482a1,2026-09-24T22:55:34.791556-07:00,MLB,MLB,401817070,SUG-477cbe2a0306ac06351482a1,1,WIN,,,ESPN_PUBLIC:401817070:FINAL_SCORE_ML
SETTLE-SUG-47d30b3e5e98632df2232679,2026-09-24T22:55:34.791556-07:00,NHL,NHL,PL-179445,SUG-47d30b3e5e98632df2232679,0,LOSS,,,ESPN_PUBLIC:401879370:FINAL_SCORE_ML
SETTLE-SUG-494e7390d11ecff679f21b3e,2026-09-24T22:55:34.791556-07:00,NHL,NHL,2026010039,SUG-494e7390d11ecff679f21b3e,0,LOSS,,,ESPN_PUBLIC:401879370:FINAL_SCORE_ML
SETTLE-SUG-4c37c817123ce575f609fa26,2026-09-24T22:55:34.791556-07:00,MLB,MLB,PL-225824,SUG-4c37c817123ce575f609fa26,0,LOSS,,,ESPN_PUBLIC:401817071:FINAL_SCORE_ML
SETTLE-SUG-4db120ae2af13f8fcdcb1bcd,2026-09-24T22:55:34.791556-07:00,NHL,NHL,2026010037,SUG-4db120ae2af13f8fcdcb1bcd,1,WIN,,,ESPN_PUBLIC:401878103:FINAL_SCORE_ML
SETTLE-SUG-50e60bd593635c1b0631980f,2026-09-24T22:55:34.791556-07:00,NHL,NHL,PL-179438,SUG-50e60bd593635c1b0631980f,0,LOSS,,,ESPN_PUBLIC:401879363:FINAL_SCORE_ML
SETTLE-SUG-51589307784f277ccfdf50b1,2026-09-24T22:55:34.791556-07:00,NHL,NHL,2026010038,SUG-51589307784f277ccfdf50b1,1,WIN,,,ESPN_PUBLIC:401879332:FINAL_SCORE_ML
SETTLE-SUG-51e002ba7b747ecb03206087,2026-09-24T22:55:34.791556-07:00,NFL,NFL,PL-32648,SUG-51e002ba7b747ecb03206087,0,WIN,,,ESPN_PUBLIC:401872948:BOX_SCORE
SETTLE-SUG-52daf6e8b3835bdab3743251,2026-09-24T22:55:34.791556-07:00,NFL,NFL,PL-32648,SUG-52daf6e8b3835bdab3743251,5,WIN,,,ESPN_PUBLIC:401872948:BOX_SCORE
SETTLE-SUG-541347602a474842c841b0e5,2026-09-24T22:55:34.791556-07:00,NFL,NFL,PL-32648,SUG-541347602a474842c841b0e5,1,WIN,,,ESPN_PUBLIC:401872948:BOX_SCORE
SETTLE-SUG-56091486613f3470263f2886,2026-09-24T22:55:34.791556-07:00,WNBA,WNBA,PL-238083,SUG-56091486613f3470263f2886,2,LOSS,,,ESPN_PUBLIC:401857217:BOX_SCORE
SETTLE-SUG-57ab51cae19d9bd099dcc337,2026-09-24T22:55:34.791556-07:00,NHL,NHL,PL-238042,SUG-57ab51cae19d9bd099dcc337,0,LOSS,,,ESPN_PUBLIC:401879646:FINAL_SCORE_ML
SETTLE-SUG-5a33502b2e048eb4b219e085,2026-09-24T22:55:34.791556-07:00,NFL,NFL,PL-32648,SUG-5a33502b2e048eb4b219e085,5,WIN,,,ESPN_PUBLIC:401872948:BOX_SCORE
SETTLE-SUG-5b0f0d3b9fd0b179f3a8209f,2026-09-24T22:55:34.791556-07:00,WNBA,WNBA,PL-238083,SUG-5b0f0d3b9fd0b179f3a8209f,10,LOSS,,,ESPN_PUBLIC:401857217:BOX_SCORE
SETTLE-SUG-5d1ca36d43d93296a8b698f3,2026-09-24T22:55:34.791556-07:00,MLB,MLB,PL-225820,SUG-5d1ca36d43d93296a8b698f3,1,WIN,,,ESPN_PUBLIC:401817064:FINAL_SCORE_ML
SETTLE-SUG-5e0f47d5e16ec8abe3b4bd47,2026-09-24T22:55:34.791556-07:00,NFL,NFL,KXNFLPASSTDS-26SEP24ATLGB,SUG-5e0f47d5e16ec8abe3b4bd47,256,WIN,,,ESPN_PUBLIC:401872948:BOX_SCORE
SETTLE-SUG-5ea7b1536c028eafc2284d50,2026-09-24T22:55:34.791556-07:00,WNBA,WNBA,PL-238083,SUG-5ea7b1536c028eafc2284d50,4,WIN,,,ESPN_PUBLIC:401857217:BOX_SCORE
SETTLE-SUG-5f55533e1909f9cf9eddd7f9,2026-09-24T22:55:34.791556-07:00,WNBA,WNBA,PL-238083,SUG-5f55533e1909f9cf9eddd7f9,4,LOSS,,,ESPN_PUBLIC:401857217:BOX_SCORE
SETTLE-SUG-622d8af2b02ae9a39a47da4a,2026-09-24T22:55:34.791556-07:00,NHL,NHL,PL-179442,SUG-622d8af2b02ae9a39a47da4a,1,WIN,,,ESPN_PUBLIC:401878103:FINAL_SCORE_ML
SETTLE-SUG-63d89766f64e458121b9cd3d,2026-09-24T22:55:34.791556-07:00,NFL,NFL,PL-32648,SUG-63d89766f64e458121b9cd3d,2,WIN,,,ESPN_PUBLIC:401872948:BOX_SCORE
SETTLE-SUG-63f595eef16f7b9f741e8876,2026-09-24T22:55:34.791556-07:00,MLB,MLB,401817070,SUG-63f595eef16f7b9f741e8876,1,WIN,,,ESPN_PUBLIC:401817070:FINAL_SCORE_ML
SETTLE-SUG-647fcf4a303944244cee6f2d,2026-09-24T22:55:34.791556-07:00,NHL,NHL,2026010038,SUG-647fcf4a303944244cee6f2d,1,WIN,,,ESPN_PUBLIC:401879332:FINAL_SCORE_ML
SETTLE-SUG-673a63df1ca9d1d0f502fff7,2026-09-24T22:55:34.791556-07:00,NHL,NHL,2026010041,SUG-673a63df1ca9d1d0f502fff7,1,WIN,,,ESPN_PUBLIC:401879452:FINAL_SCORE_ML
SETTLE-SUG-67d3598eee1a6c304166b7a2,2026-09-24T22:55:34.791556-07:00,WNBA,WNBA,PL-238085,SUG-67d3598eee1a6c304166b7a2,1,WIN,,,ESPN_PUBLIC:401857219:FINAL_SCORE_ML
SETTLE-SUG-684edc4bc21b2fd81880de89,2026-09-24T22:55:34.791556-07:00,WNBA,WNBA,PL-238083,SUG-684edc4bc21b2fd81880de89,0,LOSS,,,ESPN_PUBLIC:401857217:BOX_SCORE
SETTLE-SUG-69b2025c7e9c5967e8ef9c46,2026-09-24T22:55:34.791556-07:00,WNBA,WNBA,PL-238083,SUG-69b2025c7e9c5967e8ef9c46,2,LOSS,,,ESPN_PUBLIC:401857217:BOX_SCORE
SETTLE-SUG-69dbc89ddabf686f5306ab04,2026-09-24T22:55:34.791556-07:00,NFL,NFL,401872948,SUG-69dbc89ddabf686f5306ab04,0,LOSS,,,ESPN_PUBLIC:401872948:FINAL_SCORE_ML
SETTLE-SUG-6b335780966cff7cc4d2c30e,2026-09-24T22:55:34.791556-07:00,NHL,NHL,PL-179443,SUG-6b335780966cff7cc4d2c30e,1,WIN,,,ESPN_PUBLIC:401879332:FINAL_SCORE_ML
SETTLE-SUG-6b975dc06106a82a8a3340ce,2026-09-24T22:55:34.791556-07:00,NHL,NHL,PL-179443,SUG-6b975dc06106a82a8a3340ce,1,WIN,,,ESPN_PUBLIC:401879332:FINAL_SCORE_ML
SETTLE-SUG-6c480603633902c4b6e2886f,2026-09-24T22:55:34.791556-07:00,NFL,NFL,401872948,SUG-6c480603633902c4b6e2886f,2,WIN,,,ESPN_PUBLIC:401872948:BOX_SCORE
SETTLE-SUG-6db7ded13007e5257c1818bd,2026-09-24T22:55:34.791556-07:00,WNBA,WNBA,PL-238084,SUG-6db7ded13007e5257c1818bd,1,WIN,,,ESPN_PUBLIC:401857218:FINAL_SCORE_ML
SETTLE-SUG-6e44bab85a8dd4a41520f5ef,2026-09-24T22:55:34.791556-07:00,NHL,NHL,PL-179443,SUG-6e44bab85a8dd4a41520f5ef,1,WIN,,,ESPN_PUBLIC:401879332:FINAL_SCORE_ML
SETTLE-SUG-7283bb2bf5909c8b950321b7,2026-09-24T22:55:34.791556-07:00,WNBA,WNBA,PL-238083,SUG-7283bb2bf5909c8b950321b7,1,WIN,,,ESPN_PUBLIC:401857217:FINAL_SCORE_ML
SETTLE-SUG-7741e7397f24ade21e1c7986,2026-09-24T22:55:34.791556-07:00,NHL,NHL,2026010039,SUG-7741e7397f24ade21e1c7986,0,LOSS,,,ESPN_PUBLIC:401879370:FINAL_SCORE_ML
SETTLE-SUG-77863d284181dbe463a0b159,2026-09-24T22:55:34.791556-07:00,MLB,MLB,401817069,SUG-77863d284181dbe463a0b159,0,LOSS,,,ESPN_PUBLIC:401817069:FINAL_SCORE_ML
SETTLE-SUG-79b9b397285760cb2c63bc58,2026-09-24T22:55:34.791556-07:00,MLB,MLB,PL-225824,SUG-79b9b397285760cb2c63bc58,0,LOSS,,,ESPN_PUBLIC:401817071:FINAL_SCORE_ML
SETTLE-SUG-7b03c585308908c41b71e24c,2026-09-24T22:55:34.791556-07:00,NHL,NHL,2026010041,SUG-7b03c585308908c41b71e24c,1,WIN,,,ESPN_PUBLIC:401879452:FINAL_SCORE_ML
SETTLE-SUG-7dd668063ca97cb83836e107,2026-09-24T22:55:34.791556-07:00,WNBA,WNBA,PL-238083,SUG-7dd668063ca97cb83836e107,10,LOSS,,,ESPN_PUBLIC:401857217:BOX_SCORE
SETTLE-SUG-7f11cb6d86cfdbb37c873a73,2026-09-24T22:55:34.791556-07:00,WNBA,WNBA,PL-238083,SUG-7f11cb6d86cfdbb37c873a73,2,LOSS,,,ESPN_PUBLIC:401857217:BOX_SCORE
SETTLE-SUG-83240c6a600e9266b842c948,2026-09-24T22:55:34.791556-07:00,NHL,NHL,2026010042,SUG-83240c6a600e9266b842c948,0,LOSS,,,ESPN_PUBLIC:401886260:FINAL_SCORE_ML
SETTLE-SUG-86ad8b51dad56b89b45374ab,2026-09-24T22:55:34.791556-07:00,WNBA,WNBA,PL-238083,SUG-86ad8b51dad56b89b45374ab,2,LOSS,,,ESPN_PUBLIC:401857217:BOX_SCORE
SETTLE-SUG-86f3aefb443d6c03df17a694,2026-09-24T22:55:34.791556-07:00,NHL,NHL,2026010038,SUG-86f3aefb443d6c03df17a694,1,WIN,,,ESPN_PUBLIC:401879332:FINAL_SCORE_ML
SETTLE-SUG-8842f2ee6237ed94e2549dc2,2026-09-24T22:55:34.791556-07:00,NHL,NHL,PL-179445,SUG-8842f2ee6237ed94e2549dc2,0,LOSS,,,ESPN_PUBLIC:401879370:FINAL_SCORE_ML
SETTLE-SUG-889408474e5b045d089aa4fa,2026-09-24T22:55:34.791556-07:00,MLB,MLB,PL-225823,SUG-889408474e5b045d089aa4fa,0,LOSS,,,ESPN_PUBLIC:401817069:FINAL_SCORE_ML
SETTLE-SUG-8af2dc379d0d9225752fd56a,2026-09-24T22:55:34.791556-07:00,MLB,MLB,401817070,SUG-8af2dc379d0d9225752fd56a,1,WIN,,,ESPN_PUBLIC:401817070:FINAL_SCORE_ML
SETTLE-SUG-8d09823cd47d186cd41c181e,2026-09-24T22:55:34.791556-07:00,NFL,NFL,401872948,SUG-8d09823cd47d186cd41c181e,3,LOSS,,,ESPN_PUBLIC:401872948:BOX_SCORE
SETTLE-SUG-8ebd80140d919377106ad4bc,2026-09-24T22:55:34.791556-07:00,NFL,NFL,PL-32648,SUG-8ebd80140d919377106ad4bc,1,WIN,,,ESPN_PUBLIC:401872948:BOX_SCORE
SETTLE-SUG-8f557043acdbdf271f9e7185,2026-09-24T22:55:34.791556-07:00,NFL,NFL,PL-32648,SUG-8f557043acdbdf271f9e7185,7,WIN,,,ESPN_PUBLIC:401872948:BOX_SCORE
SETTLE-SUG-9267f5c17a502f27e486ef9b,2026-09-24T22:55:34.791556-07:00,MLB,MLB,401817069,SUG-9267f5c17a502f27e486ef9b,0,LOSS,,,ESPN_PUBLIC:401817069:FINAL_SCORE_ML
SETTLE-SUG-940fc595c70e99f6d39a8226,2026-09-24T22:55:34.791556-07:00,MLB,MLB,PL-225820,SUG-940fc595c70e99f6d39a8226,1,WIN,,,ESPN_PUBLIC:401817064:FINAL_SCORE_ML
SETTLE-SUG-95f611575fe133ebba9ddcf8,2026-09-24T22:55:34.791556-07:00,NHL,NHL,2026010037,SUG-95f611575fe133ebba9ddcf8,1,WIN,,,ESPN_PUBLIC:401878103:FINAL_SCORE_ML
SETTLE-SUG-98cd14dcfb56cc4990e68388,2026-09-24T22:55:34.791556-07:00,WNBA,WNBA,PL-238084,SUG-98cd14dcfb56cc4990e68388,1,WIN,,,ESPN_PUBLIC:401857218:FINAL_SCORE_ML
SETTLE-SUG-9bc3aa3770ad49bd84706469,2026-09-24T22:55:34.791556-07:00,NCAA_Football,NCAA_Football,PL-213896,SUG-9bc3aa3770ad49bd84706469,1,WIN,,,ESPN_PUBLIC:401869941:FINAL_SCORE_ML
SETTLE-SUG-a0f202eb24930b45b0bf55b9,2026-09-24T22:55:34.791556-07:00,NHL,NHL,2026010043,SUG-a0f202eb24930b45b0bf55b9,0,LOSS,,,ESPN_PUBLIC:401881133:FINAL_SCORE_ML
SETTLE-SUG-a11102f3cb9cab6752a98bac,2026-09-24T22:55:34.791556-07:00,NHL,NHL,2026010038,SUG-a11102f3cb9cab6752a98bac,1,WIN,,,ESPN_PUBLIC:401879332:FINAL_SCORE_ML
SETTLE-SUG-a491e62df901626a6188b4c9,2026-09-24T22:55:34.791556-07:00,NHL,NHL,2026010039,SUG-a491e62df901626a6188b4c9,0,LOSS,,,ESPN_PUBLIC:401879370:FINAL_SCORE_ML
SETTLE-SUG-ab6748587c5a3bcd70a06bac,2026-09-24T22:55:34.791556-07:00,NFL,NFL,PL-32648,SUG-ab6748587c5a3bcd70a06bac,2,WIN,,,ESPN_PUBLIC:401872948:BOX_SCORE
SETTLE-SUG-ad630e9ef09e6d52ef067755,2026-09-24T22:55:34.791556-07:00,NHL,NHL,2026010042,SUG-ad630e9ef09e6d52ef067755,0,LOSS,,,ESPN_PUBLIC:401886260:FINAL_SCORE_ML
SETTLE-SUG-aedc9cde91bb0fcc2572451e,2026-09-24T22:55:34.791556-07:00,NCAA_Football,NCAA_Football,PL-213896,SUG-aedc9cde91bb0fcc2572451e,1,WIN,,,ESPN_PUBLIC:401869941:FINAL_SCORE_ML
SETTLE-SUG-af3d9fc7f7f1fd3442b8c6b2,2026-09-24T22:55:34.791556-07:00,NHL,NHL,2026010039,SUG-af3d9fc7f7f1fd3442b8c6b2,0,LOSS,,,ESPN_PUBLIC:401879370:FINAL_SCORE_ML
SETTLE-SUG-af81369e1d61bf165d03ea9a,2026-09-24T22:55:34.791556-07:00,NHL,NHL,2026010039,SUG-af81369e1d61bf165d03ea9a,0,LOSS,,,ESPN_PUBLIC:401879370:FINAL_SCORE_ML
SETTLE-SUG-af8824dd9103d608098b5823,2026-09-24T22:55:34.791556-07:00,NFL,NFL,PL-32648,SUG-af8824dd9103d608098b5823,7,WIN,,,ESPN_PUBLIC:401872948:BOX_SCORE
SETTLE-SUG-af9f6f33da6a6d31ed4ddb57,2026-09-24T22:55:34.791556-07:00,NFL,NFL,PL-32648,SUG-af9f6f33da6a6d31ed4ddb57,3,LOSS,,,ESPN_PUBLIC:401872948:BOX_SCORE
SETTLE-SUG-afd948c9433da895f818ff95,2026-09-24T22:55:34.791556-07:00,WNBA,WNBA,PL-238084,SUG-afd948c9433da895f818ff95,1,WIN,,,ESPN_PUBLIC:401857218:FINAL_SCORE_ML
SETTLE-SUG-b3cebf12a4a1f23d9c852ddf,2026-09-24T22:55:34.791556-07:00,MLB,MLB,401817069,SUG-b3cebf12a4a1f23d9c852ddf,0,LOSS,,,ESPN_PUBLIC:401817069:FINAL_SCORE_ML
SETTLE-SUG-b572c97cae4c50c700884ec6,2026-09-24T22:55:34.791556-07:00,NHL,NHL,2026010037,SUG-b572c97cae4c50c700884ec6,1,WIN,,,ESPN_PUBLIC:401878103:FINAL_SCORE_ML
SETTLE-SUG-b5a46359ca84128f5987c060,2026-09-24T22:55:34.791556-07:00,WNBA,WNBA,PL-238083,SUG-b5a46359ca84128f5987c060,3,WIN,,,ESPN_PUBLIC:401857217:BOX_SCORE
SETTLE-SUG-b6137327f7891ef1491c730a,2026-09-24T22:55:34.791556-07:00,NHL,NHL,2026010038,SUG-b6137327f7891ef1491c730a,1,WIN,,,ESPN_PUBLIC:401879332:FINAL_SCORE_ML
SETTLE-SUG-b71d41c680a11a6016fbcf72,2026-09-24T22:55:34.791556-07:00,WNBA,WNBA,PL-238085,SUG-b71d41c680a11a6016fbcf72,1,WIN,,,ESPN_PUBLIC:401857219:FINAL_SCORE_ML
SETTLE-SUG-b94cb5bbfc651735dd0c9867,2026-09-24T22:55:34.791556-07:00,NFL,NFL,401872948,SUG-b94cb5bbfc651735dd0c9867,1,WIN,,,ESPN_PUBLIC:401872948:BOX_SCORE
SETTLE-SUG-bc0393c2c2d264e680f03f87,2026-09-24T22:55:34.791556-07:00,WNBA,WNBA,PL-238085,SUG-bc0393c2c2d264e680f03f87,1,WIN,,,ESPN_PUBLIC:401857219:FINAL_SCORE_ML
SETTLE-SUG-bc40e0838a22d09af1b0dc4b,2026-09-24T22:55:34.791556-07:00,NFL,NFL,401872948,SUG-bc40e0838a22d09af1b0dc4b,0,LOSS,,,ESPN_PUBLIC:401872948:FINAL_SCORE_ML
SETTLE-SUG-bc85f42d19eecebf4897f896,2026-09-24T22:55:34.791556-07:00,NHL,NHL,PL-238042,SUG-bc85f42d19eecebf4897f896,0,LOSS,,,ESPN_PUBLIC:401879646:FINAL_SCORE_ML
SETTLE-SUG-c1ef56cd27a74cb975362ec4,2026-09-24T22:55:34.791556-07:00,NHL,NHL,PL-179442,SUG-c1ef56cd27a74cb975362ec4,1,WIN,,,ESPN_PUBLIC:401878103:FINAL_SCORE_ML
SETTLE-SUG-c2cdbb31f44ca19b52e91089,2026-09-24T22:55:34.791556-07:00,MLB,MLB,401817069,SUG-c2cdbb31f44ca19b52e91089,0,LOSS,,,ESPN_PUBLIC:401817069:FINAL_SCORE_ML
SETTLE-SUG-c359c1ad64426472ac4d4562,2026-09-24T22:55:34.791556-07:00,NFL,NFL,PL-32648,SUG-c359c1ad64426472ac4d4562,3,LOSS,,,ESPN_PUBLIC:401872948:BOX_SCORE
SETTLE-SUG-c41680d318a395db5f5fb0f4,2026-09-24T22:55:34.791556-07:00,NFL,NFL,PL-32648,SUG-c41680d318a395db5f5fb0f4,7,WIN,,,ESPN_PUBLIC:401872948:BOX_SCORE
SETTLE-SUG-c5bf8e256d669521b2dbee58,2026-09-24T22:55:34.791556-07:00,MLB,MLB,PL-225822,SUG-c5bf8e256d669521b2dbee58,1,WIN,,,ESPN_PUBLIC:401817070:FINAL_SCORE_ML
SETTLE-SUG-c797e88da8e07fbe7469b189,2026-09-24T22:55:34.791556-07:00,NHL,NHL,2026010037,SUG-c797e88da8e07fbe7469b189,1,WIN,,,ESPN_PUBLIC:401878103:FINAL_SCORE_ML
SETTLE-SUG-c83e81d24ed17b0a7fb0ca86,2026-09-24T22:55:34.791556-07:00,NHL,NHL,2026010043,SUG-c83e81d24ed17b0a7fb0ca86,0,LOSS,,,ESPN_PUBLIC:401881133:FINAL_SCORE_ML
SETTLE-SUG-ca8f898e7ae87e944a4690ef,2026-09-24T22:55:34.791556-07:00,NHL,NHL,PL-238042,SUG-ca8f898e7ae87e944a4690ef,0,LOSS,,,ESPN_PUBLIC:401879646:FINAL_SCORE_ML
SETTLE-SUG-cb196b27e8b8e846e97ae38f,2026-09-24T22:55:34.791556-07:00,NFL,NFL,PL-32648,SUG-cb196b27e8b8e846e97ae38f,2,WIN,,,ESPN_PUBLIC:401872948:BOX_SCORE
SETTLE-SUG-cb8d4f68552f0f1b2482d3db,2026-09-24T22:55:34.791556-07:00,NHL,NHL,PL-179440,SUG-cb8d4f68552f0f1b2482d3db,1,WIN,,,ESPN_PUBLIC:401879452:FINAL_SCORE_ML
SETTLE-SUG-cbfac5d46ba49bdf0516ea01,2026-09-24T22:55:34.791556-07:00,NFL,NFL,PL-32648,SUG-cbfac5d46ba49bdf0516ea01,7,LOSS,,,ESPN_PUBLIC:401872948:BOX_SCORE
SETTLE-SUG-cc1d3e4f6534a4cb34f9b77b,2026-09-24T22:55:34.791556-07:00,NHL,NHL,2026010043,SUG-cc1d3e4f6534a4cb34f9b77b,0,LOSS,,,ESPN_PUBLIC:401881133:FINAL_SCORE_ML
SETTLE-SUG-ccd3b86c89877ceff9fbdd03,2026-09-24T22:55:34.791556-07:00,WNBA,WNBA,PL-238084,SUG-ccd3b86c89877ceff9fbdd03,1,WIN,,,ESPN_PUBLIC:401857218:FINAL_SCORE_ML
SETTLE-SUG-cd0932ab098c1f1bba2bfc49,2026-09-24T22:55:34.791556-07:00,NHL,NHL,2026010041,SUG-cd0932ab098c1f1bba2bfc49,1,WIN,,,ESPN_PUBLIC:401879452:FINAL_SCORE_ML
SETTLE-SUG-cd322d4bd69f8aaa5ca395c7,2026-09-24T22:55:34.791556-07:00,WNBA,WNBA,PL-238085,SUG-cd322d4bd69f8aaa5ca395c7,1,WIN,,,ESPN_PUBLIC:401857219:FINAL_SCORE_ML
SETTLE-SUG-ceffde38bec0239b0de123b5,2026-09-24T22:55:34.791556-07:00,NHL,NHL,2026010037,SUG-ceffde38bec0239b0de123b5,1,WIN,,,ESPN_PUBLIC:401878103:FINAL_SCORE_ML
SETTLE-SUG-cf79ce65d6419ef6982c784a,2026-09-24T22:55:34.791556-07:00,MLB,MLB,PL-225824,SUG-cf79ce65d6419ef6982c784a,0,LOSS,,,ESPN_PUBLIC:401817071:FINAL_SCORE_ML
SETTLE-SUG-d7f76f6a16dd4768ae9dd877,2026-09-24T22:55:34.791556-07:00,NFL,NFL,PL-32648,SUG-d7f76f6a16dd4768ae9dd877,0,WIN,,,ESPN_PUBLIC:401872948:BOX_SCORE
SETTLE-SUG-d815f456afb07a8282e00627,2026-09-24T22:55:34.791556-07:00,WNBA,WNBA,PL-238085,SUG-d815f456afb07a8282e00627,1,WIN,,,ESPN_PUBLIC:401857219:FINAL_SCORE_ML
SETTLE-SUG-d9e7f91244d85ce9d6fefd3a,2026-09-24T22:55:34.791556-07:00,MLB,MLB,401817070,SUG-d9e7f91244d85ce9d6fefd3a,1,WIN,,,ESPN_PUBLIC:401817070:FINAL_SCORE_ML
SETTLE-SUG-dc63192e20180840650b5483,2026-09-24T22:55:34.791556-07:00,MLB,MLB,401817070,SUG-dc63192e20180840650b5483,1,WIN,,,ESPN_PUBLIC:401817070:FINAL_SCORE_ML
SETTLE-SUG-dc71746ed168a53cc49cc540,2026-09-24T22:55:34.791556-07:00,NHL,NHL,PL-179445,SUG-dc71746ed168a53cc49cc540,0,LOSS,,,ESPN_PUBLIC:401879370:FINAL_SCORE_ML
SETTLE-SUG-dcad6800cb8efdc9bbfda746,2026-09-24T22:55:34.791556-07:00,MLB,MLB,PL-225822,SUG-dcad6800cb8efdc9bbfda746,1,WIN,,,ESPN_PUBLIC:401817070:FINAL_SCORE_ML
SETTLE-SUG-df08d3975cfd911ad5a1a94a,2026-09-24T22:55:34.791556-07:00,NFL,NFL,PL-32648,SUG-df08d3975cfd911ad5a1a94a,3,LOSS,,,ESPN_PUBLIC:401872948:BOX_SCORE
SETTLE-SUG-df36e1a1f8ef5f2282b1d025,2026-09-24T22:55:34.791556-07:00,MLB,MLB,401817070,SUG-df36e1a1f8ef5f2282b1d025,1,WIN,,,ESPN_PUBLIC:401817070:FINAL_SCORE_ML
SETTLE-SUG-e1b3b425f6bc3ebe811f6006,2026-09-24T22:55:34.791556-07:00,NFL,NFL,PL-32648,SUG-e1b3b425f6bc3ebe811f6006,5,WIN,,,ESPN_PUBLIC:401872948:BOX_SCORE
SETTLE-SUG-e3e25e31b61965650ab9def3,2026-09-24T22:55:34.791556-07:00,WNBA,WNBA,PL-238083,SUG-e3e25e31b61965650ab9def3,3,WIN,,,ESPN_PUBLIC:401857217:BOX_SCORE
SETTLE-SUG-e46a4c1cdd2f8f87c54086be,2026-09-24T22:55:34.791556-07:00,NHL,NHL,PL-179440,SUG-e46a4c1cdd2f8f87c54086be,1,WIN,,,ESPN_PUBLIC:401879452:FINAL_SCORE_ML
SETTLE-SUG-e6d0d91cbad4498dc07db7d7,2026-09-24T22:55:34.791556-07:00,NHL,NHL,2026010042,SUG-e6d0d91cbad4498dc07db7d7,0,LOSS,,,ESPN_PUBLIC:401886260:FINAL_SCORE_ML
SETTLE-SUG-e7cc0ee435929a52f8f1d06f,2026-09-24T22:55:34.791556-07:00,MLB,MLB,PL-225824,SUG-e7cc0ee435929a52f8f1d06f,0,LOSS,,,ESPN_PUBLIC:401817071:FINAL_SCORE_ML
SETTLE-SUG-e80e57e2330e931faaa408d0,2026-09-24T22:55:34.791556-07:00,WNBA,WNBA,PL-238085,SUG-e80e57e2330e931faaa408d0,1,WIN,,,ESPN_PUBLIC:401857219:FINAL_SCORE_ML
SETTLE-SUG-eaed8e717bd3b32cd75b36d1,2026-09-24T22:55:34.791556-07:00,MLB,MLB,401817069,SUG-eaed8e717bd3b32cd75b36d1,0,LOSS,,,ESPN_PUBLIC:401817069:FINAL_SCORE_ML
SETTLE-SUG-ebc7e503acdd64c5b1c8640f,2026-09-24T22:55:34.791556-07:00,NFL,NFL,PL-32648,SUG-ebc7e503acdd64c5b1c8640f,3,LOSS,,,ESPN_PUBLIC:401872948:BOX_SCORE
SETTLE-SUG-eccf2f0d30b87e9534b0850a,2026-09-24T22:55:34.791556-07:00,WNBA,WNBA,PL-238083,SUG-eccf2f0d30b87e9534b0850a,1,WIN,,,ESPN_PUBLIC:401857217:FINAL_SCORE_ML
SETTLE-SUG-ef2a62d5f8827661cd71657f,2026-09-24T22:55:34.791556-07:00,NHL,NHL,2026010042,SUG-ef2a62d5f8827661cd71657f,0,LOSS,,,ESPN_PUBLIC:401886260:FINAL_SCORE_ML
SETTLE-SUG-f16a6089f3808ef9328a1cfd,2026-09-24T22:55:34.791556-07:00,NHL,NHL,2026010043,SUG-f16a6089f3808ef9328a1cfd,0,LOSS,,,ESPN_PUBLIC:401881133:FINAL_SCORE_ML
SETTLE-SUG-f1a7155346bc2bb60e4def02,2026-09-24T22:55:34.791556-07:00,WNBA,WNBA,PL-238083,SUG-f1a7155346bc2bb60e4def02,0,LOSS,,,ESPN_PUBLIC:401857217:FINAL_SCORE_ML
SETTLE-SUG-f2ae3976ff1b8e59cf884af6,2026-09-24T22:55:34.791556-07:00,NFL,NFL,401872948,SUG-f2ae3976ff1b8e59cf884af6,0,LOSS,,,ESPN_PUBLIC:401872948:FINAL_SCORE_ML
SETTLE-SUG-f4a9bcd55af6d4a63344c88b,2026-09-24T22:55:34.791556-07:00,NFL,NFL,401872948,SUG-f4a9bcd55af6d4a63344c88b,7,LOSS,,,ESPN_PUBLIC:401872948:BOX_SCORE
SETTLE-SUG-f64fcb9c5d039e935cfbce3c,2026-09-24T22:55:34.791556-07:00,NFL,NFL,PL-32648,SUG-f64fcb9c5d039e935cfbce3c,2,WIN,,,ESPN_PUBLIC:401872948:BOX_SCORE
SETTLE-SUG-f6e1653c0cf8dbdfb63a7bcb,2026-09-24T22:55:34.791556-07:00,NFL,NFL,PL-32648,SUG-f6e1653c0cf8dbdfb63a7bcb,7,WIN,,,ESPN_PUBLIC:401872948:BOX_SCORE
SETTLE-SUG-f6f3dc6dbfc7867b86a93007,2026-09-24T22:55:34.791556-07:00,NHL,NHL,PL-179440,SUG-f6f3dc6dbfc7867b86a93007,1,WIN,,,ESPN_PUBLIC:401879452:FINAL_SCORE_ML
SETTLE-SUG-f9d11a46ce11f8c111ea25fc,2026-09-24T22:55:34.791556-07:00,NFL,NFL,401872948,SUG-f9d11a46ce11f8c111ea25fc,1,WIN,,,ESPN_PUBLIC:401872948:BOX_SCORE
SETTLE-SUG-fb702e84ef4382af1a161fc7,2026-09-24T22:55:34.791556-07:00,MLB,MLB,401817069,SUG-fb702e84ef4382af1a161fc7,0,LOSS,,,ESPN_PUBLIC:401817069:FINAL_SCORE_ML
SETTLE-SUG-fc8f0e6e714c8123e106b984,2026-09-24T22:55:34.791556-07:00,NFL,NFL,401872948,SUG-fc8f0e6e714c8123e106b984,2,WIN,,,ESPN_PUBLIC:401872948:BOX_SCORE
SETTLE-SUG-fcfc3f4f279afc1cf8dbbd67,2026-09-24T22:55:34.791556-07:00,NHL,NHL,PL-179443,SUG-fcfc3f4f279afc1cf8dbbd67,1,WIN,,,ESPN_PUBLIC:401879332:FINAL_SCORE_ML
SETTLE-SUG-fd787c44eb9b0803d5fca593,2026-09-24T22:55:34.791556-07:00,NFL,NFL,401872948,SUG-fd787c44eb9b0803d5fca593,0,LOSS,,,ESPN_PUBLIC:401872948:FINAL_SCORE_ML
SETTLE-SUG-fea18daf774329c430d9bfe5,2026-09-24T22:55:34.791556-07:00,NFL,NFL,401872948,SUG-fea18daf774329c430d9bfe5,0,LOSS,,,ESPN_PUBLIC:401872948:FINAL_SCORE_ML
SETTLE-SUG-ff022fd84b45e62fd7af1f89,2026-09-24T22:55:34.791556-07:00,MLB,MLB,401817070,SUG-ff022fd84b45e62fd7af1f89,1,WIN,,,ESPN_PUBLIC:401817070:FINAL_SCORE_ML
SETTLE-SUG-ff539ca6517e6301ba9e536b,2026-09-24T22:55:34.791556-07:00,NFL,NFL,PL-32648,SUG-ff539ca6517e6301ba9e536b,1,WIN,,,ESPN_PUBLIC:401872948:BOX_SCORE
SETTLE-SUG-ffcd112da55b6265969c6aa8,2026-09-24T22:55:34.791556-07:00,NFL,NFL,401872948,SUG-ffcd112da55b6265969c6aa8,2,WIN,,,ESPN_PUBLIC:401872948:BOX_SCORE
SETTLE-SUG-1f878891204e32e54c312beb,2026-09-25T14:56:20.937641-07:00,MLB,MLB,PL-238659,SUG-1f878891204e32e54c312beb,1,WIN,,,ESPN_PUBLIC:401817104:FINAL_SCORE_ML
SETTLE-SUG-81357219b20f6e5c5f1ecfba,2026-09-25T14:56:20.937641-07:00,MLB,MLB,PL-238659,SUG-81357219b20f6e5c5f1ecfba,1,WIN,,,ESPN_PUBLIC:401817104:FINAL_SCORE_ML
SETTLE-SUG-d30c5ae66ebe663c93cab04d,2026-09-25T14:56:20.937641-07:00,MLB,MLB,PL-238659,SUG-d30c5ae66ebe663c93cab04d,1,WIN,,,ESPN_PUBLIC:401817104:FINAL_SCORE_ML
SETTLE-SUG-dc95ad1b225265d5b3dd7ffa,2026-09-25T14:56:20.937641-07:00,MLB,MLB,PL-238659,SUG-dc95ad1b225265d5b3dd7ffa,1,WIN,,,ESPN_PUBLIC:401817104:FINAL_SCORE_ML
SETTLE-SUG-078067a537989bb29dce75c5,2026-09-25T16:17:38.867124-07:00,MLB,MLB,PL-232573,SUG-078067a537989bb29dce75c5,0,LOSS,,,ESPN_PUBLIC:401817088:FINAL_SCORE_ML
SETTLE-SUG-09543deb2dfa0ad4acc397b7,2026-09-25T16:17:38.867124-07:00,MLB,MLB,PL-232573,SUG-09543deb2dfa0ad4acc397b7,0,LOSS,,,ESPN_PUBLIC:401817088:FINAL_SCORE_ML
SETTLE-SUG-21821d6fe80542820cbb0f35,2026-09-25T16:17:38.867124-07:00,MLB,MLB,PL-232573,SUG-21821d6fe80542820cbb0f35,0,LOSS,,,ESPN_PUBLIC:401817088:FINAL_SCORE_ML
SETTLE-SUG-21f9a21c32a6281c354c5d33,2026-09-25T16:17:38.867124-07:00,MLB,MLB,PL-232573,SUG-21f9a21c32a6281c354c5d33,0,LOSS,,,ESPN_PUBLIC:401817088:FINAL_SCORE_ML
SETTLE-SUG-357331bb2e615e5e3c8428eb,2026-09-25T16:17:38.867124-07:00,MLB,MLB,PL-232573,SUG-357331bb2e615e5e3c8428eb,0,LOSS,,,ESPN_PUBLIC:401817088:FINAL_SCORE_ML
SETTLE-SUG-a6dc9759f8c48f2ebcc3a7d0,2026-09-25T16:17:38.867124-07:00,MLB,MLB,PL-232573,SUG-a6dc9759f8c48f2ebcc3a7d0,0,LOSS,,,ESPN_PUBLIC:401817088:FINAL_SCORE_ML
SETTLE-SUG-a8569fef0b2fb7bba3dc9522,2026-09-25T16:17:38.867124-07:00,MLB,MLB,PL-232573,SUG-a8569fef0b2fb7bba3dc9522,0,LOSS,,,ESPN_PUBLIC:401817088:FINAL_SCORE_ML
SETTLE-SUG-aefc4f36592454b44f96f4e3,2026-09-25T16:17:38.867124-07:00,MLB,MLB,PL-232573,SUG-aefc4f36592454b44f96f4e3,0,LOSS,,,ESPN_PUBLIC:401817088:FINAL_SCORE_ML
SETTLE-SUG-c49813a7f9af0f0fab903e75,2026-09-25T16:17:38.867124-07:00,MLB,MLB,PL-232573,SUG-c49813a7f9af0f0fab903e75,1,WIN,,,ESPN_PUBLIC:401817088:FINAL_SCORE_ML
SETTLE-SUG-d8070cb91e872729fc2d8f54,2026-09-25T16:17:38.867124-07:00,MLB,MLB,PL-232573,SUG-d8070cb91e872729fc2d8f54,1,WIN,,,ESPN_PUBLIC:401817088:FINAL_SCORE_ML
SETTLE-SUG-d80cca4f257191812d139731,2026-09-25T16:17:38.867124-07:00,MLB,MLB,PL-232573,SUG-d80cca4f257191812d139731,0,LOSS,,,ESPN_PUBLIC:401817088:FINAL_SCORE_ML
SETTLE-SUG-09389769df700c590d0154ca,2026-09-25T16:37:03.266141-07:00,NCAA_Football,NCAA_Football,PL-214326,SUG-09389769df700c590d0154ca,1,WIN,,,ESPN_PUBLIC:401862779:FINAL_SCORE_ML
SETTLE-SUG-1f7ab937a0fc3c5cf3b8a208,2026-09-25T16:37:03.266141-07:00,NCAA_Football,NCAA_Football,PL-214326,SUG-1f7ab937a0fc3c5cf3b8a208,1,WIN,,,ESPN_PUBLIC:401862779:FINAL_SCORE_ML
SETTLE-SUG-24442a0738b6433fd6dc0005,2026-09-25T16:37:03.266141-07:00,NCAA_Football,NCAA_Football,PL-214326,SUG-24442a0738b6433fd6dc0005,1,WIN,,,ESPN_PUBLIC:401862779:FINAL_SCORE_ML
SETTLE-SUG-29e6cdff464a2ff8a98bb264,2026-09-25T16:37:03.266141-07:00,NCAA_Football,NCAA_Football,PL-214326,SUG-29e6cdff464a2ff8a98bb264,1,WIN,,,ESPN_PUBLIC:401862779:FINAL_SCORE_ML
SETTLE-SUG-2afe7917d1185b90c77c85ad,2026-09-25T16:37:03.266141-07:00,NCAA_Football,NCAA_Football,PL-214326,SUG-2afe7917d1185b90c77c85ad,1,WIN,,,ESPN_PUBLIC:401862779:FINAL_SCORE_ML
SETTLE-SUG-32a0a495b9da6c02a22ada20,2026-09-25T16:37:03.266141-07:00,NCAA_Football,NCAA_Football,PL-214326,SUG-32a0a495b9da6c02a22ada20,1,WIN,,,ESPN_PUBLIC:401862779:FINAL_SCORE_ML
SETTLE-SUG-558c7d699a945ce234ca4d00,2026-09-25T16:37:03.266141-07:00,NCAA_Football,NCAA_Football,PL-214326,SUG-558c7d699a945ce234ca4d00,1,WIN,,,ESPN_PUBLIC:401862779:FINAL_SCORE_ML
SETTLE-SUG-6d8b0086a8c8906104dc984d,2026-09-25T16:37:03.266141-07:00,NCAA_Football,NCAA_Football,PL-214326,SUG-6d8b0086a8c8906104dc984d,1,WIN,,,ESPN_PUBLIC:401862779:FINAL_SCORE_ML
SETTLE-SUG-7a5cc5e7b841c2efccc7f03d,2026-09-25T16:37:03.266141-07:00,NCAA_Football,NCAA_Football,PL-214326,SUG-7a5cc5e7b841c2efccc7f03d,1,WIN,,,ESPN_PUBLIC:401862779:FINAL_SCORE_ML
SETTLE-SUG-8612492dec653abb76bdfde1,2026-09-25T16:37:03.266141-07:00,NCAA_Football,NCAA_Football,PL-214326,SUG-8612492dec653abb76bdfde1,1,WIN,,,ESPN_PUBLIC:401862779:FINAL_SCORE_ML
SETTLE-SUG-86739301df29fb89f4ddb322,2026-09-25T16:37:03.266141-07:00,NCAA_Football,NCAA_Football,PL-214326,SUG-86739301df29fb89f4ddb322,1,WIN,,,ESPN_PUBLIC:401862779:FINAL_SCORE_ML
SETTLE-SUG-c1e0125ae71fdc1bf765b3af,2026-09-25T16:37:03.266141-07:00,NCAA_Football,NCAA_Football,PL-214326,SUG-c1e0125ae71fdc1bf765b3af,1,WIN,,,ESPN_PUBLIC:401862779:FINAL_SCORE_ML
SETTLE-SUG-cd771e97984de4f454ec1b27,2026-09-25T16:37:03.266141-07:00,NCAA_Football,NCAA_Football,PL-214326,SUG-cd771e97984de4f454ec1b27,1,WIN,,,ESPN_PUBLIC:401862779:FINAL_SCORE_ML
SETTLE-SUG-d5012e9b70222c0bc195cbd8,2026-09-25T16:37:03.266141-07:00,NCAA_Football,NCAA_Football,PL-214326,SUG-d5012e9b70222c0bc195cbd8,1,WIN,,,ESPN_PUBLIC:401862779:FINAL_SCORE_ML
SETTLE-SUG-d845440ea456f277e7660ac5,2026-09-25T16:37:03.266141-07:00,NCAA_Football,NCAA_Football,PL-214326,SUG-d845440ea456f277e7660ac5,1,WIN,,,ESPN_PUBLIC:401862779:FINAL_SCORE_ML
SETTLE-SUG-ed6d7f725dfb7e2e2bb51c9b,2026-09-25T16:37:03.266141-07:00,NCAA_Football,NCAA_Football,PL-214326,SUG-ed6d7f725dfb7e2e2bb51c9b,1,WIN,,,ESPN_PUBLIC:401862779:FINAL_SCORE_ML
SETTLE-SUG-021712f1f2331ff4291f086b,2026-09-25T18:28:23.813398-07:00,MLB,MLB,PL-228449,SUG-021712f1f2331ff4291f086b,0,LOSS,,,ESPN_PUBLIC:401817072:FINAL_SCORE_ML
SETTLE-SUG-084c25a0a0f47b23261ee1e0,2026-09-25T18:28:23.813398-07:00,MLB,MLB,PL-228448,SUG-084c25a0a0f47b23261ee1e0,0,LOSS,,,ESPN_PUBLIC:401817074:FINAL_SCORE_ML
SETTLE-SUG-14d587797c8d69ac39c9ef24,2026-09-25T18:28:23.813398-07:00,MLB,MLB,PL-228449,SUG-14d587797c8d69ac39c9ef24,0,LOSS,,,ESPN_PUBLIC:401817072:FINAL_SCORE_ML
SETTLE-SUG-22abc807381fd37d68edd721,2026-09-25T18:28:23.813398-07:00,MLB,MLB,KXMLBTB-26SEP251910ATLMIA,SUG-22abc807381fd37d68edd721,0,LOSS,,,ESPN_PUBLIC:401817072:FINAL_SCORE_ML
SETTLE-SUG-333a7516b35fb37358c75b2d,2026-09-25T18:28:23.813398-07:00,MLB,MLB,KXMLBTB-26SEP251910ATLMIA,SUG-333a7516b35fb37358c75b2d,0,LOSS,,,ESPN_PUBLIC:401817072:FINAL_SCORE_ML
SETTLE-SUG-406ac6ff9c732f32141fbdd4,2026-09-25T18:28:23.813398-07:00,MLB,MLB,PL-228445,SUG-406ac6ff9c732f32141fbdd4,1,WIN,,,ESPN_PUBLIC:401817078:FINAL_SCORE_ML
SETTLE-SUG-4d2dd5f1431d60367f90f309,2026-09-25T18:28:23.813398-07:00,MLB,MLB,PL-228449,SUG-4d2dd5f1431d60367f90f309,0,LOSS,,,ESPN_PUBLIC:401817072:FINAL_SCORE_ML
SETTLE-SUG-5a4da7e3419a51674c5cc345,2026-09-25T18:28:23.813398-07:00,MLB,MLB,PL-228445,SUG-5a4da7e3419a51674c5cc345,1,WIN,,,ESPN_PUBLIC:401817078:FINAL_SCORE_ML
SETTLE-SUG-62455d1e81b1f2bd793f5016,2026-09-25T18:28:23.813398-07:00,MLB,MLB,PL-228449,SUG-62455d1e81b1f2bd793f5016,0,LOSS,,,ESPN_PUBLIC:401817072:FINAL_SCORE_ML
SETTLE-SUG-7cb966a740e65dba584e167d,2026-09-25T18:28:23.813398-07:00,MLB,MLB,KXMLBTB-26SEP251305CHCBOSG1,SUG-7cb966a740e65dba584e167d,1,WIN,,,ESPN_PUBLIC:401817074:FINAL_SCORE_ML
SETTLE-SUG-8d6402f34fe0c349c2269111,2026-09-25T18:28:23.813398-07:00,MLB,MLB,PL-228449,SUG-8d6402f34fe0c349c2269111,0,LOSS,,,ESPN_PUBLIC:401817072:FINAL_SCORE_ML
SETTLE-SUG-995d40e0198e0c5b1abdc3bd,2026-09-25T18:28:23.813398-07:00,MLB,MLB,KXMLBTB-26SEP251840TBPHI,SUG-995d40e0198e0c5b1abdc3bd,1,WIN,,,ESPN_PUBLIC:401817078:FINAL_SCORE_ML
SETTLE-SUG-99cf4a2aea10d417fd060a85,2026-09-25T18:28:23.813398-07:00,MLB,MLB,PL-228445,SUG-99cf4a2aea10d417fd060a85,1,WIN,,,ESPN_PUBLIC:401817078:FINAL_SCORE_ML
SETTLE-SUG-9fea8f5bc1d63e6262a77892,2026-09-25T18:28:23.813398-07:00,MLB,MLB,PL-228448,SUG-9fea8f5bc1d63e6262a77892,0,LOSS,,,ESPN_PUBLIC:401817074:FINAL_SCORE_ML
SETTLE-SUG-a4ae41c22f8213a6021344ba,2026-09-25T18:28:23.813398-07:00,MLB,MLB,PL-228445,SUG-a4ae41c22f8213a6021344ba,1,WIN,,,ESPN_PUBLIC:401817078:FINAL_SCORE_ML
SETTLE-SUG-aa9a11fc00af2a5d4d98b491,2026-09-25T18:28:23.813398-07:00,MLB,MLB,PL-228445,SUG-aa9a11fc00af2a5d4d98b491,1,WIN,,,ESPN_PUBLIC:401817078:FINAL_SCORE_ML
SETTLE-SUG-b31c1f6de0b2f86b7dbee2f4,2026-09-25T18:28:23.813398-07:00,MLB,MLB,KXMLBTB-26SEP251840TBPHI,SUG-b31c1f6de0b2f86b7dbee2f4,1,WIN,,,ESPN_PUBLIC:401817078:FINAL_SCORE_ML
SETTLE-SUG-b5af8c7a1028a68b0fb822b6,2026-09-25T18:28:23.813398-07:00,MLB,MLB,PL-228449,SUG-b5af8c7a1028a68b0fb822b6,0,LOSS,,,ESPN_PUBLIC:401817072:FINAL_SCORE_ML
SETTLE-SUG-b7e0045b32dcbc6fbb717284,2026-09-25T18:28:23.813398-07:00,MLB,MLB,PL-228449,SUG-b7e0045b32dcbc6fbb717284,0,LOSS,,,ESPN_PUBLIC:401817072:FINAL_SCORE_ML
SETTLE-SUG-bb47857bb4c3524d7f23c296,2026-09-25T18:28:23.813398-07:00,MLB,MLB,PL-228445,SUG-bb47857bb4c3524d7f23c296,1,WIN,,,ESPN_PUBLIC:401817078:FINAL_SCORE_ML
SETTLE-SUG-bce225f7ecb94e0d9433f959,2026-09-25T18:28:23.813398-07:00,MLB,MLB,PL-228445,SUG-bce225f7ecb94e0d9433f959,1,WIN,,,ESPN_PUBLIC:401817078:FINAL_SCORE_ML
SETTLE-SUG-bd79e663200a02adc7ad7d6b,2026-09-25T18:28:23.813398-07:00,MLB,MLB,PL-228448,SUG-bd79e663200a02adc7ad7d6b,1,WIN,,,ESPN_PUBLIC:401817074:FINAL_SCORE_ML
SETTLE-SUG-c7c5f6aa644702c756d4fd82,2026-09-25T18:28:23.813398-07:00,MLB,MLB,PL-228448,SUG-c7c5f6aa644702c756d4fd82,1,WIN,,,ESPN_PUBLIC:401817074:FINAL_SCORE_ML
SETTLE-SUG-d05dda8c29832f3d74b7e794,2026-09-25T18:28:23.813398-07:00,MLB,MLB,PL-228445,SUG-d05dda8c29832f3d74b7e794,1,WIN,,,ESPN_PUBLIC:401817078:FINAL_SCORE_ML
SETTLE-SUG-e521b97abf93e421fb54c256,2026-09-25T18:28:23.813398-07:00,MLB,MLB,KXMLBTB-26SEP251840TBPHI,SUG-e521b97abf93e421fb54c256,0,LOSS,,,ESPN_PUBLIC:401817078:FINAL_SCORE_ML
SETTLE-SUG-f713d9c0bb4042449ca3c39f,2026-09-25T18:28:23.813398-07:00,MLB,MLB,PL-228448,SUG-f713d9c0bb4042449ca3c39f,1,WIN,,,ESPN_PUBLIC:401817074:FINAL_SCORE_ML
SETTLE-SUG-f8608ed355c8b942f141d683,2026-09-25T18:28:23.813398-07:00,MLB,MLB,PL-228445,SUG-f8608ed355c8b942f141d683,1,WIN,,,ESPN_PUBLIC:401817078:FINAL_SCORE_ML
SETTLE-SUG-284858f8aacd5334e09b8b7b,2026-09-25T18:34:51.725881-07:00,MLB,MLB,KXMLBTB-26SEP251840TBPHI,SUG-284858f8aacd5334e09b8b7b,1,WIN,,,ESPN_PUBLIC:401817078:FINAL_SCORE_ML
SETTLE-SUG-47f52bc4d5e311ec1497e2ce,2026-09-25T18:34:51.725881-07:00,MLB,MLB,KXMLBTB-26SEP251910ATLMIA,SUG-47f52bc4d5e311ec1497e2ce,0,LOSS,,,ESPN_PUBLIC:401817072:FINAL_SCORE_ML
SETTLE-SUG-03b30091a59ecbe2bb0a3dff,2026-09-25T19:19:11.164897-07:00,MLB,MLB,PL-228441,SUG-03b30091a59ecbe2bb0a3dff,0,LOSS,,,ESPN_PUBLIC:401817076:FINAL_SCORE_ML
SETTLE-SUG-0804922debced7cb3db50f1c,2026-09-25T19:19:11.164897-07:00,MLB,MLB,PL-228441,SUG-0804922debced7cb3db50f1c,0,LOSS,,,ESPN_PUBLIC:401817076:FINAL_SCORE_ML
SETTLE-SUG-1734d81c3442c4f7fdf40c10,2026-09-25T19:19:11.164897-07:00,MLB,MLB,PL-228432,SUG-1734d81c3442c4f7fdf40c10,0,LOSS,,,ESPN_PUBLIC:401817077:FINAL_SCORE_ML
SETTLE-SUG-1871afd93d43f79e6a26ef4e,2026-09-25T19:19:11.164897-07:00,MLB,MLB,KXMLBTB-26SEP251845NYMWSH,SUG-1871afd93d43f79e6a26ef4e,0,LOSS,,,ESPN_PUBLIC:401817076:FINAL_SCORE_ML
SETTLE-SUG-192884a5998e6be6ff7b9a1c,2026-09-25T19:19:11.164897-07:00,MLB,MLB,PL-228441,SUG-192884a5998e6be6ff7b9a1c,0,LOSS,,,ESPN_PUBLIC:401817076:FINAL_SCORE_ML
SETTLE-SUG-20a5f43852929db4711a02df,2026-09-25T19:19:11.164897-07:00,MLB,MLB,PL-228432,SUG-20a5f43852929db4711a02df,0,LOSS,,,ESPN_PUBLIC:401817077:FINAL_SCORE_ML
SETTLE-SUG-226cf327b100956ebdc5157d,2026-09-25T19:19:11.164897-07:00,MLB,MLB,PL-228450,SUG-226cf327b100956ebdc5157d,1,WIN,,,ESPN_PUBLIC:401817080:FINAL_SCORE_ML
SETTLE-SUG-241a1f90e65a71f1debfde44,2026-09-25T19:19:11.164897-07:00,MLB,MLB,PL-228432,SUG-241a1f90e65a71f1debfde44,1,WIN,,,ESPN_PUBLIC:401817077:FINAL_SCORE_ML
SETTLE-SUG-2b04ba692ca1feab4991af36,2026-09-25T19:19:11.164897-07:00,MLB,MLB,PL-228450,SUG-2b04ba692ca1feab4991af36,1,WIN,,,ESPN_PUBLIC:401817080:FINAL_SCORE_ML
SETTLE-SUG-3f63f09bf9245a5cdbfabe77,2026-09-25T19:19:11.164897-07:00,MLB,MLB,PL-228450,SUG-3f63f09bf9245a5cdbfabe77,1,WIN,,,ESPN_PUBLIC:401817080:FINAL_SCORE_ML
SETTLE-SUG-468fae8824255516bd28abfa,2026-09-25T19:19:11.164897-07:00,MLB,MLB,PL-228441,SUG-468fae8824255516bd28abfa,1,WIN,,,ESPN_PUBLIC:401817076:FINAL_SCORE_ML
SETTLE-SUG-4b158e1a473589c289469665,2026-09-25T19:19:11.164897-07:00,MLB,MLB,PL-228450,SUG-4b158e1a473589c289469665,1,WIN,,,ESPN_PUBLIC:401817080:FINAL_SCORE_ML
SETTLE-SUG-609a76a7f82ed65b6405e92b,2026-09-25T19:19:11.164897-07:00,MLB,MLB,PL-228432,SUG-609a76a7f82ed65b6405e92b,0,LOSS,,,ESPN_PUBLIC:401817077:FINAL_SCORE_ML
SETTLE-SUG-61b9cc03269ca832b9b0c149,2026-09-25T19:19:11.164897-07:00,MLB,MLB,PL-228432,SUG-61b9cc03269ca832b9b0c149,0,LOSS,,,ESPN_PUBLIC:401817077:FINAL_SCORE_ML
SETTLE-SUG-6722c7f9c2def037494ff91a,2026-09-25T19:19:11.164897-07:00,NHL,NHL,PL-181490,SUG-6722c7f9c2def037494ff91a,1,WIN,,,ESPN_PUBLIC:401879360:FINAL_SCORE_ML
SETTLE-SUG-6e947fe4ccfe4b8e14384cae,2026-09-25T19:19:11.164897-07:00,MLB,MLB,KXMLBTB-26SEP251840PITDET,SUG-6e947fe4ccfe4b8e14384cae,0,LOSS,,,ESPN_PUBLIC:401817077:FINAL_SCORE_ML
SETTLE-SUG-78872e9be816d52a6f68ce66,2026-09-25T19:19:11.164897-07:00,NHL,NHL,PL-181490,SUG-78872e9be816d52a6f68ce66,1,WIN,,,ESPN_PUBLIC:401879360:FINAL_SCORE_ML
SETTLE-SUG-80bc823b2da0606d6c941873,2026-09-25T19:19:11.164897-07:00,MLB,MLB,PL-228432,SUG-80bc823b2da0606d6c941873,0,LOSS,,,ESPN_PUBLIC:401817077:FINAL_SCORE_ML
SETTLE-SUG-828935db500307214a26bbf5,2026-09-25T19:19:11.164897-07:00,MLB,MLB,PL-228441,SUG-828935db500307214a26bbf5,0,LOSS,,,ESPN_PUBLIC:401817076:FINAL_SCORE_ML
SETTLE-SUG-89fce46d4f6c94e773ff5c5e,2026-09-25T19:19:11.164897-07:00,NHL,NHL,2026010049,SUG-89fce46d4f6c94e773ff5c5e,1,WIN,,,ESPN_PUBLIC:401879360:FINAL_SCORE_ML
SETTLE-SUG-976f135abe5b79612a9850bd,2026-09-25T19:19:11.164897-07:00,MLB,MLB,PL-228432,SUG-976f135abe5b79612a9850bd,0,LOSS,,,ESPN_PUBLIC:401817077:FINAL_SCORE_ML
SETTLE-SUG-a2dd8cd6e3f7f0e5bd2b7402,2026-09-25T19:19:11.164897-07:00,MLB,MLB,PL-228441,SUG-a2dd8cd6e3f7f0e5bd2b7402,0,LOSS,,,ESPN_PUBLIC:401817076:FINAL_SCORE_ML
SETTLE-SUG-ab854b161952c7108896b887,2026-09-25T19:19:11.164897-07:00,MLB,MLB,KXMLBTB-26SEP251907CINTOR,SUG-ab854b161952c7108896b887,1,WIN,,,ESPN_PUBLIC:401817075:FINAL_SCORE_ML
SETTLE-SUG-ae45600faa6c9728431f1e32,2026-09-25T19:19:11.164897-07:00,MLB,MLB,PL-228450,SUG-ae45600faa6c9728431f1e32,1,WIN,,,ESPN_PUBLIC:401817080:FINAL_SCORE_ML
SETTLE-SUG-aec000cedfdf9741622834e2,2026-09-25T19:19:11.164897-07:00,MLB,MLB,PL-228441,SUG-aec000cedfdf9741622834e2,0,LOSS,,,ESPN_PUBLIC:401817076:FINAL_SCORE_ML
SETTLE-SUG-b2cf363aa3403496cd91f151,2026-09-25T19:19:11.164897-07:00,MLB,MLB,PL-228450,SUG-b2cf363aa3403496cd91f151,1,WIN,,,ESPN_PUBLIC:401817080:FINAL_SCORE_ML
SETTLE-SUG-b945f275e54a38008fc88099,2026-09-25T19:19:11.164897-07:00,MLB,MLB,PL-228450,SUG-b945f275e54a38008fc88099,1,WIN,,,ESPN_PUBLIC:401817080:FINAL_SCORE_ML
SETTLE-SUG-befc6f6d7d884690f4e0d4a4,2026-09-25T19:19:11.164897-07:00,MLB,MLB,PL-228450,SUG-befc6f6d7d884690f4e0d4a4,1,WIN,,,ESPN_PUBLIC:401817080:FINAL_SCORE_ML
SETTLE-SUG-cf71cd1779641f5d68f8d30e,2026-09-25T19:19:11.164897-07:00,MLB,MLB,KXMLBTB-26SEP251845NYMWSH,SUG-cf71cd1779641f5d68f8d30e,0,LOSS,,,ESPN_PUBLIC:401817076:FINAL_SCORE_ML
SETTLE-SUG-d39e558d67a9af2e5371c634,2026-09-25T19:19:11.164897-07:00,MLB,MLB,PL-228450,SUG-d39e558d67a9af2e5371c634,1,WIN,,,ESPN_PUBLIC:401817080:FINAL_SCORE_ML
SETTLE-SUG-d3c1dd62c175f027e4f463ca,2026-09-25T19:19:11.164897-07:00,MLB,MLB,PL-228450,SUG-d3c1dd62c175f027e4f463ca,1,WIN,,,ESPN_PUBLIC:401817080:FINAL_SCORE_ML
SETTLE-SUG-d71502506361b91594075482,2026-09-25T19:19:11.164897-07:00,NHL,NHL,2026010049,SUG-d71502506361b91594075482,1,WIN,,,ESPN_PUBLIC:401879360:FINAL_SCORE_ML
SETTLE-SUG-d72af09dac4092a779966176,2026-09-25T19:19:11.164897-07:00,MLB,MLB,PL-228441,SUG-d72af09dac4092a779966176,0,LOSS,,,ESPN_PUBLIC:401817076:FINAL_SCORE_ML
SETTLE-SUG-e4ee9e8a80e8ce77d5c88573,2026-09-25T19:19:11.164897-07:00,MLB,MLB,KXMLBTB-26SEP251907CINTOR,SUG-e4ee9e8a80e8ce77d5c88573,1,WIN,,,ESPN_PUBLIC:401817075:FINAL_SCORE_ML
SETTLE-SUG-f115db1baaf9c6addcf9c1b4,2026-09-25T19:19:11.164897-07:00,MLB,MLB,KXMLBTB-26SEP251840PITDET,SUG-f115db1baaf9c6addcf9c1b4,0,LOSS,,,ESPN_PUBLIC:401817077:FINAL_SCORE_ML
SETTLE-SUG-ffcfbac7929cb1406e7c2690,2026-09-25T19:19:11.164897-07:00,MLB,MLB,PL-228450,SUG-ffcfbac7929cb1406e7c2690,1,WIN,,,ESPN_PUBLIC:401817080:FINAL_SCORE_ML
SETTLE-SUG-007131251113fe0c735b98e5,2026-09-26T00:13:01.546055-07:00,NCAA_Football,NCAA_Football,PL-215508,SUG-007131251113fe0c735b98e5,3,LOSS,,,ESPN_PUBLIC:401858234:BOX_SCORE
SETTLE-SUG-010cb4abc1c5039fc00b0dfd,2026-09-26T00:13:01.546055-07:00,MLB,MLB,KXMLBTB-26SEP251605BALNYYG1,SUG-010cb4abc1c5039fc00b0dfd,1,WIN,,,ESPN_PUBLIC:401817073:FINAL_SCORE_ML
SETTLE-SUG-023fc7527a402ecab3b1c4c9,2026-09-26T00:13:01.546055-07:00,NCAA_Football,NCAA_Football,PL-215508,SUG-023fc7527a402ecab3b1c4c9,4,LOSS,,,ESPN_PUBLIC:401858234:BOX_SCORE
SETTLE-SUG-02a6c2b3df2c828500855d04,2026-09-26T00:13:01.546055-07:00,MLB,MLB,PL-228439,SUG-02a6c2b3df2c828500855d04,0,LOSS,,,ESPN_PUBLIC:401817084:FINAL_SCORE_ML
SETTLE-SUG-036c8f224716e73814f1dcee,2026-09-26T00:13:01.546055-07:00,NCAA_Football,NCAA_Football,PL-215508,SUG-036c8f224716e73814f1dcee,3,WIN,,,ESPN_PUBLIC:401858234:BOX_SCORE
SETTLE-SUG-0497dba25889ee871da44578,2026-09-26T00:13:01.546055-07:00,NCAA_Football,NCAA_Football,PL-215508,SUG-0497dba25889ee871da44578,1,WIN,,,ESPN_PUBLIC:401858234:FINAL_SCORE_ML
SETTLE-SUG-049e7c1370c0869f8ad493ee,2026-09-26T00:13:01.546055-07:00,NCAA_Football,NCAA_Football,PL-215508,SUG-049e7c1370c0869f8ad493ee,1,WIN,,,ESPN_PUBLIC:401858234:FINAL_SCORE_ML
SETTLE-SUG-04a1f0a672a6f338c1c72abd,2026-09-26T00:13:01.546055-07:00,MLB,MLB,PL-228451,SUG-04a1f0a672a6f338c1c72abd,1,WIN,,,ESPN_PUBLIC:401817079:FINAL_SCORE_ML
SETTLE-SUG-0536ad5be213b22ae7bd6772,2026-09-26T00:13:01.546055-07:00,MLB,MLB,KXMLBTB-26SEP251940CLEKC,SUG-0536ad5be213b22ae7bd6772,1,WIN,,,ESPN_PUBLIC:401817079:FINAL_SCORE_ML
SETTLE-SUG-0563ed779d54c9f2336fbf96,2026-09-26T00:13:01.546055-07:00,MLB,MLB,PL-228439,SUG-0563ed779d54c9f2336fbf96,0,LOSS,,,ESPN_PUBLIC:401817084:FINAL_SCORE_ML
SETTLE-SUG-06ee1fdaf8fd0502934bff3a,2026-09-26T00:13:01.546055-07:00,NCAA_Football,NCAA_Football,PL-215508,SUG-06ee1fdaf8fd0502934bff3a,1,WIN,,,ESPN_PUBLIC:401858234:FINAL_SCORE_ML
SETTLE-SUG-0703c7f8dfacf27f322d0715,2026-09-26T00:13:01.546055-07:00,NCAA_Football,NCAA_Football,PL-215508,SUG-0703c7f8dfacf27f322d0715,1,WIN,,,ESPN_PUBLIC:401858234:FINAL_SCORE_ML
SETTLE-SUG-0718ccaa54f72da787f6fb34,2026-09-26T00:13:01.546055-07:00,NHL,NHL,PL-181492,SUG-0718ccaa54f72da787f6fb34,1,WIN,,,ESPN_PUBLIC:401878108:FINAL_SCORE_ML
SETTLE-SUG-07c203628c44ccc97b1af67a,2026-09-26T00:13:01.546055-07:00,NCAA_Football,NCAA_Football,PL-215508,SUG-07c203628c44ccc97b1af67a,1,WIN,,,ESPN_PUBLIC:401858234:FINAL_SCORE_ML
SETTLE-SUG-0951b7937ab691f7be5b4562,2026-09-26T00:13:01.546055-07:00,MLB,MLB,PL-228452,SUG-0951b7937ab691f7be5b4562,1,WIN,,,ESPN_PUBLIC:401817081:FINAL_SCORE_ML
SETTLE-SUG-0ae4bb3cbb5feb50d1ae44e6,2026-09-26T00:13:01.546055-07:00,MLB,MLB,PL-228443,SUG-0ae4bb3cbb5feb50d1ae44e6,1,WIN,,,ESPN_PUBLIC:401817086:FINAL_SCORE_ML
SETTLE-SUG-0b923ae3a348792d8e604362,2026-09-26T00:13:01.546055-07:00,NHL,NHL,PL-181492,SUG-0b923ae3a348792d8e604362,1,WIN,,,ESPN_PUBLIC:401878108:FINAL_SCORE_ML
SETTLE-SUG-0caf68d9d62d0088d3368c8e,2026-09-26T00:13:01.546055-07:00,NCAA_Football,NCAA_Football,PL-215508,SUG-0caf68d9d62d0088d3368c8e,1,WIN,,,ESPN_PUBLIC:401858234:FINAL_SCORE_ML
SETTLE-SUG-0f77e82677ad01c48a7d5761,2026-09-26T00:13:01.546055-07:00,MLB,MLB,PL-228442,SUG-0f77e82677ad01c48a7d5761,0,LOSS,,,ESPN_PUBLIC:401817083:FINAL_SCORE_ML
SETTLE-SUG-0f85ef5e7b13e6e7f3865093,2026-09-26T00:13:01.546055-07:00,NCAA_Football,NCAA_Football,PL-215508,SUG-0f85ef5e7b13e6e7f3865093,1,WIN,,,ESPN_PUBLIC:401858234:FINAL_SCORE_ML
SETTLE-SUG-0fb4711bd20f80b07ee1a42c,2026-09-26T00:13:01.546055-07:00,NCAA_Football,NCAA_Football,PL-215508,SUG-0fb4711bd20f80b07ee1a42c,1,WIN,,,ESPN_PUBLIC:401858234:FINAL_SCORE_ML
SETTLE-SUG-117ca49de8390ec58f7c1675,2026-09-26T00:13:01.546055-07:00,NCAA_Football,NCAA_Football,PL-215508,SUG-117ca49de8390ec58f7c1675,1,WIN,,,ESPN_PUBLIC:401858234:FINAL_SCORE_ML
SETTLE-SUG-12ed6d0c85ba9659ed2e8655,2026-09-26T00:13:01.546055-07:00,MLB,MLB,PL-228440,SUG-12ed6d0c85ba9659ed2e8655,0,LOSS,,,ESPN_PUBLIC:401817082:FINAL_SCORE_ML
SETTLE-SUG-13b198cb0bbfd3e5f0eb9a4e,2026-09-26T00:13:01.546055-07:00,NCAA_Football,NCAA_Football,PL-215508,SUG-13b198cb0bbfd3e5f0eb9a4e,3,WIN,,,ESPN_PUBLIC:401858234:BOX_SCORE
SETTLE-SUG-14031f340d730400695f2194,2026-09-26T00:13:01.546055-07:00,MLB,MLB,KXMLBTB-26SEP252140AZSD,SUG-14031f340d730400695f2194,0,LOSS,,,ESPN_PUBLIC:401817084:FINAL_SCORE_ML
SETTLE-SUG-1516f72f5adf2772475467cd,2026-09-26T00:13:01.546055-07:00,NHL,NHL,2026010048,SUG-1516f72f5adf2772475467cd,1,WIN,,,ESPN_PUBLIC:401878108:FINAL_SCORE_ML
SETTLE-SUG-15dd5843263e584113aec3ff,2026-09-26T00:13:01.546055-07:00,NCAA_Football,NCAA_Football,PL-215508,SUG-15dd5843263e584113aec3ff,3,WIN,,,ESPN_PUBLIC:401858234:BOX_SCORE
SETTLE-SUG-15e4c0768b021bb5e0cef889,2026-09-26T00:13:01.546055-07:00,MLB,MLB,PL-228439,SUG-15e4c0768b021bb5e0cef889,0,LOSS,,,ESPN_PUBLIC:401817084:FINAL_SCORE_ML
SETTLE-SUG-18cf1ea53420f089716d9c1c,2026-09-26T00:13:01.546055-07:00,NCAA_Football,NCAA_Football,PL-215508,SUG-18cf1ea53420f089716d9c1c,3,WIN,,,ESPN_PUBLIC:401858234:BOX_SCORE
SETTLE-SUG-196931dec8d3d395a881ebe0,2026-09-26T00:13:01.546055-07:00,MLB,MLB,PL-228443,SUG-196931dec8d3d395a881ebe0,1,WIN,,,ESPN_PUBLIC:401817086:FINAL_SCORE_ML
SETTLE-SUG-19ee4ad4c28b7565ad99f70c,2026-09-26T00:13:01.546055-07:00,NCAA_Football,NCAA_Football,PL-215508,SUG-19ee4ad4c28b7565ad99f70c,4,WIN,,,ESPN_PUBLIC:401858234:BOX_SCORE
SETTLE-SUG-1b70d599081e4991b052e9e7,2026-09-26T00:13:01.546055-07:00,NCAA_Football,NCAA_Football,PL-215508,SUG-1b70d599081e4991b052e9e7,119,WIN,,,ESPN_PUBLIC:401858234:BOX_SCORE
SETTLE-SUG-1bbaf0f1bd6230c92078c96f,2026-09-26T00:13:01.546055-07:00,MLB,MLB,PL-228439,SUG-1bbaf0f1bd6230c92078c96f,0,LOSS,,,ESPN_PUBLIC:401817084:FINAL_SCORE_ML
SETTLE-SUG-2168167ca740a897853056ee,2026-09-26T00:13:01.546055-07:00,MLB,MLB,PL-228439,SUG-2168167ca740a897853056ee,0,LOSS,,,ESPN_PUBLIC:401817084:FINAL_SCORE_ML
SETTLE-SUG-23b384d546c97f9c029454f3,2026-09-26T00:13:01.546055-07:00,NHL,NHL,2026010050,SUG-23b384d546c97f9c029454f3,1,WIN,,,ESPN_PUBLIC:401886430:FINAL_SCORE_ML
SETTLE-SUG-2759ab28f47731be76ef2ec6,2026-09-26T00:13:01.546055-07:00,MLB,MLB,PL-228446,SUG-2759ab28f47731be76ef2ec6,1,WIN,,,ESPN_PUBLIC:401817073:FINAL_SCORE_ML
SETTLE-SUG-27b75fcb9dc300041c0b32ae,2026-09-26T00:13:01.546055-07:00,MLB,MLB,PL-228453,SUG-27b75fcb9dc300041c0b32ae,0,LOSS,,,ESPN_PUBLIC:401817085:FINAL_SCORE_ML
SETTLE-SUG-2adc5149d6e1123c71de5ab3,2026-09-26T00:13:01.546055-07:00,MLB,MLB,PL-228452,SUG-2adc5149d6e1123c71de5ab3,1,WIN,,,ESPN_PUBLIC:401817081:FINAL_SCORE_ML
SETTLE-SUG-2c19d15d441fddfb0afe3b8b,2026-09-26T00:13:01.546055-07:00,NCAA_Football,NCAA_Football,PL-215508,SUG-2c19d15d441fddfb0afe3b8b,44,LOSS,,,ESPN_PUBLIC:401858234:BOX_SCORE
SETTLE-SUG-2e1f59d33124f585007082cf,2026-09-26T00:13:01.546055-07:00,NCAA_Football,NCAA_Football,PL-213895,SUG-2e1f59d33124f585007082cf,1,WIN,,,ESPN_PUBLIC:401858461:FINAL_SCORE_ML
SETTLE-SUG-327f8313a92ad2432bbec2dd,2026-09-26T00:13:01.546055-07:00,NCAA_Football,NCAA_Football,PL-215508,SUG-327f8313a92ad2432bbec2dd,1,WIN,,,ESPN_PUBLIC:401858234:FINAL_SCORE_ML
SETTLE-SUG-349b88d6681b948c2329ea8f,2026-09-26T00:13:01.546055-07:00,NCAA_Football,NCAA_Football,PL-215508,SUG-349b88d6681b948c2329ea8f,1,WIN,,,ESPN_PUBLIC:401858234:FINAL_SCORE_ML
SETTLE-SUG-3959b99b6d2331d021587bad,2026-09-26T00:13:01.546055-07:00,MLB,MLB,KXMLBTB-26SEP252010TEXMIN,SUG-3959b99b6d2331d021587bad,0,LOSS,,,ESPN_PUBLIC:401817082:FINAL_SCORE_ML
SETTLE-SUG-39dff3c81b386cf832b46d33,2026-09-26T00:13:01.546055-07:00,MLB,MLB,PL-228446,SUG-39dff3c81b386cf832b46d33,1,WIN,,,ESPN_PUBLIC:401817073:FINAL_SCORE_ML
SETTLE-SUG-3bdbc4b7d89b58dacc8571d3,2026-09-26T00:13:01.546055-07:00,MLB,MLB,KXMLBTB-26SEP251940CLEKC,SUG-3bdbc4b7d89b58dacc8571d3,1,WIN,,,ESPN_PUBLIC:401817079:FINAL_SCORE_ML
SETTLE-SUG-3f6696cc41826d9d6a6fca2b,2026-09-26T00:13:01.546055-07:00,NCAA_Football,NCAA_Football,PL-215508,SUG-3f6696cc41826d9d6a6fca2b,3,LOSS,,,ESPN_PUBLIC:401858234:BOX_SCORE
SETTLE-SUG-418d22633e9ca9f18fb8940d,2026-09-26T00:13:01.546055-07:00,MLB,MLB,KXMLBTB-26SEP252210LAASEA,SUG-418d22633e9ca9f18fb8940d,0,LOSS,,,ESPN_PUBLIC:401817083:FINAL_SCORE_ML
SETTLE-SUG-426664e82ce2f02ceb2d8543,2026-09-26T00:13:01.546055-07:00,NHL,NHL,2026010048,SUG-426664e82ce2f02ceb2d8543,1,WIN,,,ESPN_PUBLIC:401878108:FINAL_SCORE_ML
SETTLE-SUG-43448cf1465972246231c49c,2026-09-26T00:13:01.546055-07:00,NHL,NHL,2026010048,SUG-43448cf1465972246231c49c,1,WIN,,,ESPN_PUBLIC:401878108:FINAL_SCORE_ML
SETTLE-SUG-44364732078fbe61090f2d38,2026-09-26T00:13:01.546055-07:00,NCAA_Football,NCAA_Football,PL-215508,SUG-44364732078fbe61090f2d38,22,LOSS,,,ESPN_PUBLIC:401858234:BOX_SCORE
SETTLE-SUG-46cdfc3e0933ae10673e49c0,2026-09-26T00:13:01.546055-07:00,NCAA_Football,NCAA_Football,PL-215508,SUG-46cdfc3e0933ae10673e49c0,1,WIN,,,ESPN_PUBLIC:401858234:FINAL_SCORE_ML
SETTLE-SUG-477bbe4e244f91e1eedd79a4,2026-09-26T00:13:01.546055-07:00,NCAA_Football,NCAA_Football,PL-215508,SUG-477bbe4e244f91e1eedd79a4,1,WIN,,,ESPN_PUBLIC:401858234:FINAL_SCORE_ML
SETTLE-SUG-4802f08ab2b7457b3ee7d137,2026-09-26T00:13:01.546055-07:00,NCAA_Football,NCAA_Football,PL-215508,SUG-4802f08ab2b7457b3ee7d137,1,WIN,,,ESPN_PUBLIC:401858234:FINAL_SCORE_ML
SETTLE-SUG-48836f5788747a22cc45d94c,2026-09-26T00:13:01.546055-07:00,NCAA_Football,NCAA_Football,PL-213895,SUG-48836f5788747a22cc45d94c,1,WIN,,,ESPN_PUBLIC:401858461:FINAL_SCORE_ML
SETTLE-SUG-4937c6eeab56019226ef6090,2026-09-26T00:13:01.546055-07:00,MLB,MLB,PL-228453,SUG-4937c6eeab56019226ef6090,0,LOSS,,,ESPN_PUBLIC:401817085:FINAL_SCORE_ML
SETTLE-SUG-4e0dad99b01689211ebbac03,2026-09-26T00:13:01.546055-07:00,NCAA_Football,NCAA_Football,PL-215508,SUG-4e0dad99b01689211ebbac03,119,LOSS,,,ESPN_PUBLIC:401858234:BOX_SCORE
SETTLE-SUG-51f64172e5ace3c98bd3ebb8,2026-09-26T00:13:01.546055-07:00,NHL,NHL,2026010048,SUG-51f64172e5ace3c98bd3ebb8,1,WIN,,,ESPN_PUBLIC:401878108:FINAL_SCORE_ML
SETTLE-SUG-522a333ca4f263b481b34b74,2026-09-26T00:13:01.546055-07:00,MLB,MLB,PL-228442,SUG-522a333ca4f263b481b34b74,0,LOSS,,,ESPN_PUBLIC:401817083:FINAL_SCORE_ML
SETTLE-SUG-567e0e8eefebe696f7043b43,2026-09-26T00:13:01.546055-07:00,NCAA_Football,NCAA_Football,PL-213895,SUG-567e0e8eefebe696f7043b43,2,WIN,,,ESPN_PUBLIC:401858461:BOX_SCORE
SETTLE-SUG-5732ae04faeb88766bd317bd,2026-09-26T00:13:01.546055-07:00,NCAA_Football,NCAA_Football,PL-215508,SUG-5732ae04faeb88766bd317bd,3,LOSS,,,ESPN_PUBLIC:401858234:BOX_SCORE
SETTLE-SUG-5736666f05dcd03be4b19b66,2026-09-26T00:13:01.546055-07:00,NCAA_Football,NCAA_Football,PL-213895,SUG-5736666f05dcd03be4b19b66,5,WIN,,,ESPN_PUBLIC:401858461:BOX_SCORE
SETTLE-SUG-58cdf7e6ceb2e0ece78a1345,2026-09-26T00:13:01.546055-07:00,NHL,NHL,PL-181491,SUG-58cdf7e6ceb2e0ece78a1345,1,WIN,,,ESPN_PUBLIC:401886430:FINAL_SCORE_ML
SETTLE-SUG-59f367d1eeafa384d61ae924,2026-09-26T00:13:01.546055-07:00,NCAA_Football,NCAA_Football,PL-213895,SUG-59f367d1eeafa384d61ae924,0,LOSS,,,ESPN_PUBLIC:401858461:FINAL_SCORE_ML
SETTLE-SUG-5aa42e0b82fb7dea40f3a74e,2026-09-26T00:13:01.546055-07:00,NCAA_Football,NCAA_Football,PL-215508,SUG-5aa42e0b82fb7dea40f3a74e,3,LOSS,,,ESPN_PUBLIC:401858234:BOX_SCORE
SETTLE-SUG-5d7b77c334b3798eeb5febd2,2026-09-26T00:13:01.546055-07:00,NCAA_Football,NCAA_Football,PL-215508,SUG-5d7b77c334b3798eeb5febd2,30,WIN,,,ESPN_PUBLIC:401858234:BOX_SCORE
SETTLE-SUG-5e66c4512be8951c2ea5a228,2026-09-26T00:13:01.546055-07:00,NCAA_Football,NCAA_Football,PL-215508,SUG-5e66c4512be8951c2ea5a228,1,WIN,,,ESPN_PUBLIC:401858234:FINAL_SCORE_ML
SETTLE-SUG-5e7d20029821c666dbe77a69,2026-09-26T00:13:01.546055-07:00,NHL,NHL,2026010048,SUG-5e7d20029821c666dbe77a69,1,WIN,,,ESPN_PUBLIC:401878108:FINAL_SCORE_ML
SETTLE-SUG-5f4224d9fae5a268e16f6250,2026-09-26T00:13:01.546055-07:00,MLB,MLB,PL-228442,SUG-5f4224d9fae5a268e16f6250,0,LOSS,,,ESPN_PUBLIC:401817083:FINAL_SCORE_ML
SETTLE-SUG-5ff7751be629ea593b0f203e,2026-09-26T00:13:01.546055-07:00,NHL,NHL,2026010048,SUG-5ff7751be629ea593b0f203e,1,WIN,,,ESPN_PUBLIC:401878108:FINAL_SCORE_ML
SETTLE-SUG-631d057b668a31d5faa3e3e4,2026-09-26T00:13:01.546055-07:00,MLB,MLB,KXMLBTB-26SEP252140AZSD,SUG-631d057b668a31d5faa3e3e4,0,LOSS,,,ESPN_PUBLIC:401817084:FINAL_SCORE_ML
SETTLE-SUG-63f422fad0fba4bc59b716de,2026-09-26T00:13:01.546055-07:00,MLB,MLB,PL-228453,SUG-63f422fad0fba4bc59b716de,0,LOSS,,,ESPN_PUBLIC:401817085:FINAL_SCORE_ML
SETTLE-SUG-65eb6601eab10dde7f29e3e9,2026-09-26T00:13:01.546055-07:00,NHL,NHL,PL-181492,SUG-65eb6601eab10dde7f29e3e9,1,WIN,,,ESPN_PUBLIC:401878108:FINAL_SCORE_ML
SETTLE-SUG-6d11866df9d5ac10bf0ed8fd,2026-09-26T00:13:01.546055-07:00,NCAA_Football,NCAA_Football,PL-213895,SUG-6d11866df9d5ac10bf0ed8fd,1,WIN,,,ESPN_PUBLIC:401858461:FINAL_SCORE_ML
SETTLE-SUG-6d6a926cf136d3ba6e9766ab,2026-09-26T00:13:01.546055-07:00,MLB,MLB,PL-228440,SUG-6d6a926cf136d3ba6e9766ab,0,LOSS,,,ESPN_PUBLIC:401817082:FINAL_SCORE_ML
SETTLE-SUG-6da101640c8be5ffbedee129,2026-09-26T00:13:01.546055-07:00,NHL,NHL,2026010048,SUG-6da101640c8be5ffbedee129,1,WIN,,,ESPN_PUBLIC:401878108:FINAL_SCORE_ML
SETTLE-SUG-70702aa3581087c1511d7143,2026-09-26T00:13:01.546055-07:00,NCAA_Football,NCAA_Football,PL-213895,SUG-70702aa3581087c1511d7143,1,WIN,,,ESPN_PUBLIC:401858461:FINAL_SCORE_ML
SETTLE-SUG-712da540fc10a2f292085ae2,2026-09-26T00:13:01.546055-07:00,NHL,NHL,2026010048,SUG-712da540fc10a2f292085ae2,1,WIN,,,ESPN_PUBLIC:401878108:FINAL_SCORE_ML
SETTLE-SUG-742aa5fb6ea30a17ba2c5e5d,2026-09-26T00:13:01.546055-07:00,NCAA_Football,NCAA_Football,PL-215508,SUG-742aa5fb6ea30a17ba2c5e5d,1,WIN,,,ESPN_PUBLIC:401858234:FINAL_SCORE_ML
SETTLE-SUG-77c64e9f64151a66bbc1b149,2026-09-26T00:13:01.546055-07:00,NHL,NHL,PL-181491,SUG-77c64e9f64151a66bbc1b149,1,WIN,,,ESPN_PUBLIC:401886430:FINAL_SCORE_ML
SETTLE-SUG-782d66d60e192c6b089342f2,2026-09-26T00:13:01.546055-07:00,MLB,MLB,KXMLBTB-26SEP252010TEXMIN,SUG-782d66d60e192c6b089342f2,0,LOSS,,,ESPN_PUBLIC:401817082:FINAL_SCORE_ML
SETTLE-SUG-7dffe8a46dd1bfcd23c109ed,2026-09-26T00:13:01.546055-07:00,NCAA_Football,NCAA_Football,PL-215508,SUG-7dffe8a46dd1bfcd23c109ed,4,WIN,,,ESPN_PUBLIC:401858234:BOX_SCORE
SETTLE-SUG-7ee8b424ddf6f9a56370bcb8,2026-09-26T00:13:01.546055-07:00,NCAA_Football,NCAA_Football,PL-215508,SUG-7ee8b424ddf6f9a56370bcb8,1,WIN,,,ESPN_PUBLIC:401858234:FINAL_SCORE_ML
SETTLE-SUG-80fb1ba2d286b3b40892fa9a,2026-09-26T00:13:01.546055-07:00,MLB,MLB,KXMLBTB-26SEP251940CLEKC,SUG-80fb1ba2d286b3b40892fa9a,1,WIN,,,ESPN_PUBLIC:401817079:FINAL_SCORE_ML
SETTLE-SUG-816e7f6e51edc0de2ede0d3c,2026-09-26T00:13:01.546055-07:00,MLB,MLB,KXMLBTB-26SEP251605BALNYYG1,SUG-816e7f6e51edc0de2ede0d3c,1,WIN,,,ESPN_PUBLIC:401817073:FINAL_SCORE_ML
SETTLE-SUG-81f16e90c550c186dd791e3c,2026-09-26T00:13:01.546055-07:00,MLB,MLB,PL-228440,SUG-81f16e90c550c186dd791e3c,0,LOSS,,,ESPN_PUBLIC:401817082:FINAL_SCORE_ML
SETTLE-SUG-8b4ad17aefd4bf9f00aa5b26,2026-09-26T00:13:01.546055-07:00,NHL,NHL,2026010050,SUG-8b4ad17aefd4bf9f00aa5b26,1,WIN,,,ESPN_PUBLIC:401886430:FINAL_SCORE_ML
SETTLE-SUG-8d2ef6c06e6e8cab4fb81238,2026-09-26T00:13:01.546055-07:00,NHL,NHL,2026010048,SUG-8d2ef6c06e6e8cab4fb81238,1,WIN,,,ESPN_PUBLIC:401878108:FINAL_SCORE_ML
SETTLE-SUG-8d3f443f012b247a37120511,2026-09-26T00:13:01.546055-07:00,MLB,MLB,KXMLBTB-26SEP252210LAASEA,SUG-8d3f443f012b247a37120511,0,LOSS,,,ESPN_PUBLIC:401817083:FINAL_SCORE_ML
SETTLE-SUG-8e5357cb2d1964ed7ce4b7c6,2026-09-26T00:13:01.546055-07:00,NHL,NHL,PL-181492,SUG-8e5357cb2d1964ed7ce4b7c6,1,WIN,,,ESPN_PUBLIC:401878108:FINAL_SCORE_ML
SETTLE-SUG-8e53bf2dfce1c30a67087983,2026-09-26T00:13:01.546055-07:00,NCAA_Football,NCAA_Football,PL-215508,SUG-8e53bf2dfce1c30a67087983,37,LOSS,,,ESPN_PUBLIC:401858234:BOX_SCORE
SETTLE-SUG-8f14d5397d1b85c92c08843c,2026-09-26T00:13:01.546055-07:00,NCAA_Football,NCAA_Football,PL-215508,SUG-8f14d5397d1b85c92c08843c,3,LOSS,,,ESPN_PUBLIC:401858234:BOX_SCORE
SETTLE-SUG-909fa5e88034072c174b4282,2026-09-26T00:13:01.546055-07:00,MLB,MLB,KXMLBTB-26SEP251940STLMIL,SUG-909fa5e88034072c174b4282,1,WIN,,,ESPN_PUBLIC:401817081:FINAL_SCORE_ML
SETTLE-SUG-90faef99111be1c0c6a2bd47,2026-09-26T00:13:01.546055-07:00,MLB,MLB,PL-228443,SUG-90faef99111be1c0c6a2bd47,1,WIN,,,ESPN_PUBLIC:401817086:FINAL_SCORE_ML
SETTLE-SUG-9181da3353b39307a8900367,2026-09-26T00:13:01.546055-07:00,NCAA_Football,NCAA_Football,PL-215508,SUG-9181da3353b39307a8900367,29,WIN,,,ESPN_PUBLIC:401858234:BOX_SCORE
SETTLE-SUG-94792db2d41cffbf93ad430c,2026-09-26T00:13:01.546055-07:00,MLB,MLB,PL-228451,SUG-94792db2d41cffbf93ad430c,1,WIN,,,ESPN_PUBLIC:401817079:FINAL_SCORE_ML
SETTLE-SUG-94935bbe591c28b0a3c05baa,2026-09-26T00:13:01.546055-07:00,MLB,MLB,PL-228453,SUG-94935bbe591c28b0a3c05baa,0,LOSS,,,ESPN_PUBLIC:401817085:FINAL_SCORE_ML
SETTLE-SUG-96236232fe9b7f366dca56b3,2026-09-26T00:13:01.546055-07:00,NCAA_Football,NCAA_Football,PL-215508,SUG-96236232fe9b7f366dca56b3,3,LOSS,,,ESPN_PUBLIC:401858234:BOX_SCORE
SETTLE-SUG-96f58853ebe2be3e7c450fe5,2026-09-26T00:13:01.546055-07:00,NCAA_Football,NCAA_Football,PL-215508,SUG-96f58853ebe2be3e7c450fe5,3,LOSS,,,ESPN_PUBLIC:401858234:BOX_SCORE
SETTLE-SUG-97ff077ccedea7527151efaa,2026-09-26T00:13:01.546055-07:00,NCAA_Football,NCAA_Football,PL-215508,SUG-97ff077ccedea7527151efaa,1,WIN,,,ESPN_PUBLIC:401858234:FINAL_SCORE_ML
SETTLE-SUG-981232eade97275a1c5efc19,2026-09-26T00:13:01.546055-07:00,NCAA_Football,NCAA_Football,PL-213895,SUG-981232eade97275a1c5efc19,1,WIN,,,ESPN_PUBLIC:401858461:FINAL_SCORE_ML
SETTLE-SUG-99059d2edf411ddff7ecf8eb,2026-09-26T00:13:01.546055-07:00,NCAA_Football,NCAA_Football,PL-215508,SUG-99059d2edf411ddff7ecf8eb,3,WIN,,,ESPN_PUBLIC:401858234:BOX_SCORE
SETTLE-SUG-99629a18a2877df2877d190f,2026-09-26T00:13:01.546055-07:00,NHL,NHL,2026010048,SUG-99629a18a2877df2877d190f,1,WIN,,,ESPN_PUBLIC:401878108:FINAL_SCORE_ML
SETTLE-SUG-9a40c098a0f9029e6a367e53,2026-09-26T00:13:01.546055-07:00,NCAA_Football,NCAA_Football,PL-215508,SUG-9a40c098a0f9029e6a367e53,24,WIN,,,ESPN_PUBLIC:401858234:BOX_SCORE
SETTLE-SUG-9a5d765f6be4bec50e9a62c7,2026-09-26T00:13:01.546055-07:00,NCAA_Football,NCAA_Football,PL-213895,SUG-9a5d765f6be4bec50e9a62c7,7,LOSS,,,ESPN_PUBLIC:401858461:BOX_SCORE
SETTLE-SUG-9c47f78c9f81db571799ef2a,2026-09-26T00:13:01.546055-07:00,NHL,NHL,PL-181492,SUG-9c47f78c9f81db571799ef2a,1,WIN,,,ESPN_PUBLIC:401878108:FINAL_SCORE_ML
SETTLE-SUG-9e834616b7f8b67ff8a1ae12,2026-09-26T00:13:01.546055-07:00,NHL,NHL,PL-181492,SUG-9e834616b7f8b67ff8a1ae12,1,WIN,,,ESPN_PUBLIC:401878108:FINAL_SCORE_ML
SETTLE-SUG-a0c931bbb43c8309172bf810,2026-09-26T00:13:01.546055-07:00,MLB,MLB,PL-228451,SUG-a0c931bbb43c8309172bf810,1,WIN,,,ESPN_PUBLIC:401817079:FINAL_SCORE_ML
SETTLE-SUG-a13887ccfd3967c9c0509222,2026-09-26T00:13:01.546055-07:00,NCAA_Football,NCAA_Football,PL-215508,SUG-a13887ccfd3967c9c0509222,1,WIN,,,ESPN_PUBLIC:401858234:FINAL_SCORE_ML
SETTLE-SUG-a371fe2df7c7afbcac9ed6f9,2026-09-26T00:13:01.546055-07:00,NCAA_Football,NCAA_Football,PL-213895,SUG-a371fe2df7c7afbcac9ed6f9,1,WIN,,,ESPN_PUBLIC:401858461:FINAL_SCORE_ML
SETTLE-SUG-a3d81e6b16f9ac1258f358d7,2026-09-26T00:13:01.546055-07:00,MLB,MLB,PL-228452,SUG-a3d81e6b16f9ac1258f358d7,1,WIN,,,ESPN_PUBLIC:401817081:FINAL_SCORE_ML
SETTLE-SUG-a50b737c97ffcb5541850a70,2026-09-26T00:13:01.546055-07:00,MLB,MLB,PL-228446,SUG-a50b737c97ffcb5541850a70,1,WIN,,,ESPN_PUBLIC:401817073:FINAL_SCORE_ML
SETTLE-SUG-a5a8bd1b904e717aee9a309b,2026-09-26T00:13:01.546055-07:00,NCAA_Football,NCAA_Football,PL-213895,SUG-a5a8bd1b904e717aee9a309b,1,WIN,,,ESPN_PUBLIC:401858461:FINAL_SCORE_ML
SETTLE-SUG-a719903557f8586eb4a5c57a,2026-09-26T00:13:01.546055-07:00,NCAA_Football,NCAA_Football,PL-213895,SUG-a719903557f8586eb4a5c57a,7,LOSS,,,ESPN_PUBLIC:401858461:BOX_SCORE
SETTLE-SUG-a83241a636786520ef9ce3f1,2026-09-26T00:13:01.546055-07:00,NCAA_Football,NCAA_Football,PL-215508,SUG-a83241a636786520ef9ce3f1,108,WIN,,,ESPN_PUBLIC:401858234:BOX_SCORE
SETTLE-SUG-ac26402498d881dddaf16841,2026-09-26T00:13:01.546055-07:00,MLB,MLB,PL-228446,SUG-ac26402498d881dddaf16841,1,WIN,,,ESPN_PUBLIC:401817073:FINAL_SCORE_ML
SETTLE-SUG-ae6fcb746991d841e0d8743a,2026-09-26T00:13:01.546055-07:00,MLB,MLB,PL-228440,SUG-ae6fcb746991d841e0d8743a,0,LOSS,,,ESPN_PUBLIC:401817082:FINAL_SCORE_ML
SETTLE-SUG-b17c0754ea7d9d155568e8b7,2026-09-26T00:13:01.546055-07:00,MLB,MLB,KXMLBTB-26SEP252010TEXMIN,SUG-b17c0754ea7d9d155568e8b7,0,LOSS,,,ESPN_PUBLIC:401817082:FINAL_SCORE_ML
SETTLE-SUG-b32380ae5cdd07aa6a13752a,2026-09-26T00:13:01.546055-07:00,MLB,MLB,PL-228451,SUG-b32380ae5cdd07aa6a13752a,1,WIN,,,ESPN_PUBLIC:401817079:FINAL_SCORE_ML
SETTLE-SUG-b49378ef75e4d9343334dd7e,2026-09-26T00:13:01.546055-07:00,MLB,MLB,PL-228452,SUG-b49378ef75e4d9343334dd7e,1,WIN,,,ESPN_PUBLIC:401817081:FINAL_SCORE_ML
SETTLE-SUG-b4d9dbf579144ddd98731723,2026-09-26T00:13:01.546055-07:00,NCAA_Football,NCAA_Football,PL-215508,SUG-b4d9dbf579144ddd98731723,0,LOSS,,,ESPN_PUBLIC:401858234:BOX_SCORE
SETTLE-SUG-b837ff74a3f3d99cba7f0dae,2026-09-26T00:13:01.546055-07:00,NCAA_Football,NCAA_Football,PL-215508,SUG-b837ff74a3f3d99cba7f0dae,1,WIN,,,ESPN_PUBLIC:401858234:FINAL_SCORE_ML
SETTLE-SUG-bd1c000bb430e84b8951a8f7,2026-09-26T00:13:01.546055-07:00,NHL,NHL,PL-181492,SUG-bd1c000bb430e84b8951a8f7,1,WIN,,,ESPN_PUBLIC:401878108:FINAL_SCORE_ML
SETTLE-SUG-bd95fb6eaecc7d79f310c8e5,2026-09-26T00:13:01.546055-07:00,NHL,NHL,2026010048,SUG-bd95fb6eaecc7d79f310c8e5,1,WIN,,,ESPN_PUBLIC:401878108:FINAL_SCORE_ML
SETTLE-SUG-bda01609c735b18194da8568,2026-09-26T00:13:01.546055-07:00,NCAA_Football,NCAA_Football,PL-215508,SUG-bda01609c735b18194da8568,3,LOSS,,,ESPN_PUBLIC:401858234:BOX_SCORE
SETTLE-SUG-be0c6ad68f70b80423a524e6,2026-09-26T00:13:01.546055-07:00,MLB,MLB,PL-228451,SUG-be0c6ad68f70b80423a524e6,1,WIN,,,ESPN_PUBLIC:401817079:FINAL_SCORE_ML
SETTLE-SUG-beda96a7cc3fc356519672c8,2026-09-26T00:13:01.546055-07:00,NCAA_Football,NCAA_Football,PL-215508,SUG-beda96a7cc3fc356519672c8,3,WIN,,,ESPN_PUBLIC:401858234:BOX_SCORE
SETTLE-SUG-bf1db497dd4f074345dedf0d,2026-09-26T00:13:01.546055-07:00,MLB,MLB,PL-228453,SUG-bf1db497dd4f074345dedf0d,0,LOSS,,,ESPN_PUBLIC:401817085:FINAL_SCORE_ML
SETTLE-SUG-bfa77cb3c93e9c476d71cda3,2026-09-26T00:13:01.546055-07:00,MLB,MLB,PL-228443,SUG-bfa77cb3c93e9c476d71cda3,1,WIN,,,ESPN_PUBLIC:401817086:FINAL_SCORE_ML
SETTLE-SUG-bfe104b0f704eb1ed24916a9,2026-09-26T00:13:01.546055-07:00,NHL,NHL,2026010048,SUG-bfe104b0f704eb1ed24916a9,1,WIN,,,ESPN_PUBLIC:401878108:FINAL_SCORE_ML
SETTLE-SUG-c24c1f9f1939fc49c9336e75,2026-09-26T00:13:01.546055-07:00,NCAA_Football,NCAA_Football,PL-215508,SUG-c24c1f9f1939fc49c9336e75,1,WIN,,,ESPN_PUBLIC:401858234:FINAL_SCORE_ML
SETTLE-SUG-c297aa0024bcc3ea77a046dd,2026-09-26T00:13:01.546055-07:00,MLB,MLB,PL-228451,SUG-c297aa0024bcc3ea77a046dd,1,WIN,,,ESPN_PUBLIC:401817079:FINAL_SCORE_ML
SETTLE-SUG-c509081f363050035333675f,2026-09-26T00:13:01.546055-07:00,NCAA_Football,NCAA_Football,PL-213895,SUG-c509081f363050035333675f,1,WIN,,,ESPN_PUBLIC:401858461:FINAL_SCORE_ML
SETTLE-SUG-c53f17d3a196bed577348cab,2026-09-26T00:13:01.546055-07:00,MLB,MLB,PL-228442,SUG-c53f17d3a196bed577348cab,0,LOSS,,,ESPN_PUBLIC:401817083:FINAL_SCORE_ML
SETTLE-SUG-c56ad85568afa88a15beb996,2026-09-26T00:13:01.546055-07:00,NCAA_Football,NCAA_Football,PL-215508,SUG-c56ad85568afa88a15beb996,1,WIN,,,ESPN_PUBLIC:401858234:FINAL_SCORE_ML
SETTLE-SUG-c5bb3d8f6f3b46e6b28e09f0,2026-09-26T00:13:01.546055-07:00,NHL,NHL,2026010048,SUG-c5bb3d8f6f3b46e6b28e09f0,1,WIN,,,ESPN_PUBLIC:401878108:FINAL_SCORE_ML
SETTLE-SUG-c743c8723ae57c6969a24036,2026-09-26T00:13:01.546055-07:00,MLB,MLB,PL-228452,SUG-c743c8723ae57c6969a24036,1,WIN,,,ESPN_PUBLIC:401817081:FINAL_SCORE_ML
SETTLE-SUG-ca1efe194847b5688233e7e6,2026-09-26T00:13:01.546055-07:00,MLB,MLB,KXMLBTB-26SEP251940STLMIL,SUG-ca1efe194847b5688233e7e6,1,WIN,,,ESPN_PUBLIC:401817081:FINAL_SCORE_ML
SETTLE-SUG-cc24a299415a0100a5628a02,2026-09-26T00:13:01.546055-07:00,NCAA_Football,NCAA_Football,PL-215508,SUG-cc24a299415a0100a5628a02,0,WIN,,,ESPN_PUBLIC:401858234:BOX_SCORE
SETTLE-SUG-ce8c1880fe3656e8a90012f0,2026-09-26T00:13:01.546055-07:00,NHL,NHL,PL-181491,SUG-ce8c1880fe3656e8a90012f0,1,WIN,,,ESPN_PUBLIC:401886430:FINAL_SCORE_ML
SETTLE-SUG-cf4d92bf94a0bb02b82e9d60,2026-09-26T00:13:01.546055-07:00,MLB,MLB,PL-228452,SUG-cf4d92bf94a0bb02b82e9d60,0,LOSS,,,ESPN_PUBLIC:401817081:FINAL_SCORE_ML
SETTLE-SUG-d13e7a1056990294324ad2aa,2026-09-26T00:13:01.546055-07:00,NCAA_Football,NCAA_Football,PL-215508,SUG-d13e7a1056990294324ad2aa,1,WIN,,,ESPN_PUBLIC:401858234:FINAL_SCORE_ML
SETTLE-SUG-d63f1dc9858165958f7e6ced,2026-09-26T00:13:01.546055-07:00,MLB,MLB,PL-228453,SUG-d63f1dc9858165958f7e6ced,0,LOSS,,,ESPN_PUBLIC:401817085:FINAL_SCORE_ML
SETTLE-SUG-db39421aa61213f0516f3777,2026-09-26T00:13:01.546055-07:00,MLB,MLB,PL-228451,SUG-db39421aa61213f0516f3777,1,WIN,,,ESPN_PUBLIC:401817079:FINAL_SCORE_ML
SETTLE-SUG-e11d26a5d1bd564e4e4d7d71,2026-09-26T00:13:01.546055-07:00,NCAA_Football,NCAA_Football,PL-213895,SUG-e11d26a5d1bd564e4e4d7d71,2,WIN,,,ESPN_PUBLIC:401858461:BOX_SCORE
SETTLE-SUG-e3526b7ab00ecd280a401ff0,2026-09-26T00:13:01.546055-07:00,MLB,MLB,PL-228452,SUG-e3526b7ab00ecd280a401ff0,1,WIN,,,ESPN_PUBLIC:401817081:FINAL_SCORE_ML
SETTLE-SUG-e60832f6fcb87101058cb081,2026-09-26T00:13:01.546055-07:00,MLB,MLB,PL-228451,SUG-e60832f6fcb87101058cb081,1,WIN,,,ESPN_PUBLIC:401817079:FINAL_SCORE_ML
SETTLE-SUG-e72a2b5861afc35702f9c6e5,2026-09-26T00:13:01.546055-07:00,NCAA_Football,NCAA_Football,PL-213895,SUG-e72a2b5861afc35702f9c6e5,7,LOSS,,,ESPN_PUBLIC:401858461:BOX_SCORE
SETTLE-SUG-e7e97d7cc4bb483fcc40ca74,2026-09-26T00:13:01.546055-07:00,NCAA_Football,NCAA_Football,PL-213895,SUG-e7e97d7cc4bb483fcc40ca74,1,WIN,,,ESPN_PUBLIC:401858461:FINAL_SCORE_ML
SETTLE-SUG-e82e5fce1c006cf3d1778703,2026-09-26T00:13:01.546055-07:00,NCAA_Football,NCAA_Football,PL-213895,SUG-e82e5fce1c006cf3d1778703,5,WIN,,,ESPN_PUBLIC:401858461:BOX_SCORE
SETTLE-SUG-e83324eab69227b930444892,2026-09-26T00:13:01.546055-07:00,MLB,MLB,PL-228446,SUG-e83324eab69227b930444892,1,WIN,,,ESPN_PUBLIC:401817073:FINAL_SCORE_ML
SETTLE-SUG-e97fbd30df8ce21e91aa075f,2026-09-26T00:13:01.546055-07:00,NCAA_Football,NCAA_Football,PL-215508,SUG-e97fbd30df8ce21e91aa075f,1,WIN,,,ESPN_PUBLIC:401858234:FINAL_SCORE_ML
SETTLE-SUG-ea29c44440feabb4d495e40b,2026-09-26T00:13:01.546055-07:00,MLB,MLB,PL-228451,SUG-ea29c44440feabb4d495e40b,1,WIN,,,ESPN_PUBLIC:401817079:FINAL_SCORE_ML
SETTLE-SUG-ec2cebca477ed3fc45247881,2026-09-26T00:13:01.546055-07:00,NCAA_Football,NCAA_Football,PL-215508,SUG-ec2cebca477ed3fc45247881,1,WIN,,,ESPN_PUBLIC:401858234:FINAL_SCORE_ML
SETTLE-SUG-edf21501db81c4500fd407b8,2026-09-26T00:13:01.546055-07:00,NHL,NHL,2026010048,SUG-edf21501db81c4500fd407b8,1,WIN,,,ESPN_PUBLIC:401878108:FINAL_SCORE_ML
SETTLE-SUG-eed66a586026131b4e87b158,2026-09-26T00:13:01.546055-07:00,MLB,MLB,PL-228446,SUG-eed66a586026131b4e87b158,1,WIN,,,ESPN_PUBLIC:401817073:FINAL_SCORE_ML
SETTLE-SUG-f06d9537ae933cd1b2858c8d,2026-09-26T00:13:01.546055-07:00,MLB,MLB,PL-228439,SUG-f06d9537ae933cd1b2858c8d,0,LOSS,,,ESPN_PUBLIC:401817084:FINAL_SCORE_ML
SETTLE-SUG-f0f8c95e95650d4c6453a97d,2026-09-26T00:13:01.546055-07:00,NHL,NHL,2026010048,SUG-f0f8c95e95650d4c6453a97d,1,WIN,,,ESPN_PUBLIC:401878108:FINAL_SCORE_ML
SETTLE-SUG-f1c864397c575aab865d0af5,2026-09-26T00:13:01.546055-07:00,MLB,MLB,PL-228442,SUG-f1c864397c575aab865d0af5,0,LOSS,,,ESPN_PUBLIC:401817083:FINAL_SCORE_ML
SETTLE-SUG-f615a82f17f96ffdb12f4ec9,2026-09-26T00:13:01.546055-07:00,MLB,MLB,PL-228442,SUG-f615a82f17f96ffdb12f4ec9,0,LOSS,,,ESPN_PUBLIC:401817083:FINAL_SCORE_ML
SETTLE-SUG-f72b1e148bf320076277c45f,2026-09-26T00:13:01.546055-07:00,NCAA_Football,NCAA_Football,PL-213895,SUG-f72b1e148bf320076277c45f,1,WIN,,,ESPN_PUBLIC:401858461:FINAL_SCORE_ML
SETTLE-SUG-f96693faf0d4c0511ef9e822,2026-09-26T00:13:01.546055-07:00,MLB,MLB,PL-228440,SUG-f96693faf0d4c0511ef9e822,0,LOSS,,,ESPN_PUBLIC:401817082:FINAL_SCORE_ML
SETTLE-SUG-f9eba7c3d91282389e9f4be6,2026-09-26T00:13:01.546055-07:00,NHL,NHL,2026010048,SUG-f9eba7c3d91282389e9f4be6,1,WIN,,,ESPN_PUBLIC:401878108:FINAL_SCORE_ML
SETTLE-SUG-fb01324b26b0176ae1276472,2026-09-26T00:13:01.546055-07:00,MLB,MLB,PL-228452,SUG-fb01324b26b0176ae1276472,1,WIN,,,ESPN_PUBLIC:401817081:FINAL_SCORE_ML
SETTLE-SUG-fc59638b1659b2c93022a358,2026-09-26T00:13:01.546055-07:00,NCAA_Football,NCAA_Football,PL-213895,SUG-fc59638b1659b2c93022a358,1,WIN,,,ESPN_PUBLIC:401858461:FINAL_SCORE_ML
SETTLE-SUG-fc74258bc4760c44f90d5bd8,2026-09-26T00:13:01.546055-07:00,NHL,NHL,2026010048,SUG-fc74258bc4760c44f90d5bd8,1,WIN,,,ESPN_PUBLIC:401878108:FINAL_SCORE_ML
SETTLE-SUG-fd029f6cbd98b0473f62c5ed,2026-09-26T00:13:01.546055-07:00,MLB,MLB,PL-228440,SUG-fd029f6cbd98b0473f62c5ed,0,LOSS,,,ESPN_PUBLIC:401817082:FINAL_SCORE_ML
SETTLE-SUG-09d67be6d2465d2891e035f0,2026-09-26T12:21:48.663229-07:00,NCAA_Football,NCAA_Football,PL-219148,SUG-09d67be6d2465d2891e035f0,1,WIN,,,ESPN_PUBLIC:401864512:FINAL_SCORE_ML
SETTLE-SUG-195aed45ec9934b4fa45e4b6,2026-09-26T12:21:48.663229-07:00,NCAA_Football,NCAA_Football,PL-219148,SUG-195aed45ec9934b4fa45e4b6,1,WIN,,,ESPN_PUBLIC:401864512:FINAL_SCORE_ML
SETTLE-SUG-20ecece70e89135525b621ec,2026-09-26T12:21:48.663229-07:00,NCAA_Football,NCAA_Football,PL-219148,SUG-20ecece70e89135525b621ec,1,WIN,,,ESPN_PUBLIC:401864512:FINAL_SCORE_ML
SETTLE-SUG-226604b5bdf2f880532a7931,2026-09-26T12:21:48.663229-07:00,NCAA_Football,NCAA_Football,PL-219148,SUG-226604b5bdf2f880532a7931,1,WIN,,,ESPN_PUBLIC:401864512:FINAL_SCORE_ML
SETTLE-SUG-27f7ec287ccfcb3ace3eaeb1,2026-09-26T12:21:48.663229-07:00,NCAA_Football,NCAA_Football,PL-219145,SUG-27f7ec287ccfcb3ace3eaeb1,1,WIN,,,ESPN_PUBLIC:401860893:FINAL_SCORE_ML
SETTLE-SUG-2ad7c7a429b82abb52ae9a64,2026-09-26T12:21:48.663229-07:00,NCAA_Football,NCAA_Football,PL-219148,SUG-2ad7c7a429b82abb52ae9a64,1,WIN,,,ESPN_PUBLIC:401864512:FINAL_SCORE_ML
SETTLE-SUG-3d999967a9e10f6a508240f6,2026-09-26T12:21:48.663229-07:00,NCAA_Football,NCAA_Football,PL-219148,SUG-3d999967a9e10f6a508240f6,1,WIN,,,ESPN_PUBLIC:401864512:FINAL_SCORE_ML
SETTLE-SUG-3f1a201637f81362fcd9686b,2026-09-26T12:21:48.663229-07:00,NCAA_Football,NCAA_Football,PL-216140,SUG-3f1a201637f81362fcd9686b,1,WIN,,,ESPN_PUBLIC:401860893:FINAL_SCORE_ML
SETTLE-SUG-4751ba1d3465c8a12a5fdca1,2026-09-26T12:21:48.663229-07:00,NCAA_Football,NCAA_Football,PL-219145,SUG-4751ba1d3465c8a12a5fdca1,1,WIN,,,ESPN_PUBLIC:401860893:FINAL_SCORE_ML
SETTLE-SUG-49e4be29ae5a2011e5978530,2026-09-26T12:21:48.663229-07:00,NCAA_Football,NCAA_Football,PL-219145,SUG-49e4be29ae5a2011e5978530,1,WIN,,,ESPN_PUBLIC:401860893:FINAL_SCORE_ML
SETTLE-SUG-4f8b1a16961eec91de83f151,2026-09-26T12:21:48.663229-07:00,NCAA_Football,NCAA_Football,PL-219145,SUG-4f8b1a16961eec91de83f151,1,WIN,,,ESPN_PUBLIC:401860893:FINAL_SCORE_ML
SETTLE-SUG-55ac086f763c60a22f33c0dc,2026-09-26T12:21:48.663229-07:00,NCAA_Football,NCAA_Football,PL-216140,SUG-55ac086f763c60a22f33c0dc,1,WIN,,,ESPN_PUBLIC:401860893:FINAL_SCORE_ML
SETTLE-SUG-65d424725064f2e51d1ee0c9,2026-09-26T12:21:48.663229-07:00,NCAA_Football,NCAA_Football,PL-219145,SUG-65d424725064f2e51d1ee0c9,1,WIN,,,ESPN_PUBLIC:401860893:FINAL_SCORE_ML
SETTLE-SUG-668aeb4eb6c4eb43f685a945,2026-09-26T12:21:48.663229-07:00,NCAA_Football,NCAA_Football,PL-219148,SUG-668aeb4eb6c4eb43f685a945,1,WIN,,,ESPN_PUBLIC:401864512:FINAL_SCORE_ML
SETTLE-SUG-6b1772bdfab32dd3a911a5aa,2026-09-26T12:21:48.663229-07:00,NCAA_Football,NCAA_Football,PL-216140,SUG-6b1772bdfab32dd3a911a5aa,1,WIN,,,ESPN_PUBLIC:401860893:FINAL_SCORE_ML
SETTLE-SUG-71ff17eabb1b6f5e5eb4092d,2026-09-26T12:21:48.663229-07:00,NCAA_Football,NCAA_Football,PL-216140,SUG-71ff17eabb1b6f5e5eb4092d,1,WIN,,,ESPN_PUBLIC:401860893:FINAL_SCORE_ML
SETTLE-SUG-93813f31d7eb78e82ec5d3da,2026-09-26T12:21:48.663229-07:00,NCAA_Football,NCAA_Football,PL-219148,SUG-93813f31d7eb78e82ec5d3da,1,WIN,,,ESPN_PUBLIC:401864512:FINAL_SCORE_ML
SETTLE-SUG-963f9687db077541ef8da6b4,2026-09-26T12:21:48.663229-07:00,NCAA_Football,NCAA_Football,PL-219145,SUG-963f9687db077541ef8da6b4,1,WIN,,,ESPN_PUBLIC:401860893:FINAL_SCORE_ML
SETTLE-SUG-986fe50a47bf3cf5fa4380a0,2026-09-26T12:21:48.663229-07:00,NCAA_Football,NCAA_Football,PL-219148,SUG-986fe50a47bf3cf5fa4380a0,1,WIN,,,ESPN_PUBLIC:401864512:FINAL_SCORE_ML
SETTLE-SUG-a5fcb595dae76a6b298ee55b,2026-09-26T12:21:48.663229-07:00,NCAA_Football,NCAA_Football,PL-219144,SUG-a5fcb595dae76a6b298ee55b,1,WIN,,,ESPN_PUBLIC:401866425:FINAL_SCORE_ML
SETTLE-SUG-b02d9619cd02c55b519f0be7,2026-09-26T12:21:48.663229-07:00,NCAA_Football,NCAA_Football,PL-219148,SUG-b02d9619cd02c55b519f0be7,1,WIN,,,ESPN_PUBLIC:401864512:FINAL_SCORE_ML
SETTLE-SUG-c791adcb9f421fa355c13f57,2026-09-26T12:21:48.663229-07:00,NCAA_Football,NCAA_Football,PL-216140,SUG-c791adcb9f421fa355c13f57,1,WIN,,,ESPN_PUBLIC:401860893:FINAL_SCORE_ML
SETTLE-SUG-d2ff92b2814edc3fc03fea15,2026-09-26T12:21:48.663229-07:00,NCAA_Football,NCAA_Football,PL-219145,SUG-d2ff92b2814edc3fc03fea15,1,WIN,,,ESPN_PUBLIC:401860893:FINAL_SCORE_ML
SETTLE-SUG-e860ba29861db52fd9076d87,2026-09-26T12:21:48.663229-07:00,NCAA_Football,NCAA_Football,PL-216140,SUG-e860ba29861db52fd9076d87,1,WIN,,,ESPN_PUBLIC:401860893:FINAL_SCORE_ML
SETTLE-SUG-f71912eac79ccce18616cd69,2026-09-26T12:21:48.663229-07:00,NCAA_Football,NCAA_Football,PL-216140,SUG-f71912eac79ccce18616cd69,1,WIN,,,ESPN_PUBLIC:401860893:FINAL_SCORE_ML
SETTLE-SUG-0456bb856ac563c96440511c,2026-09-26T12:39:28.264866-07:00,NCAA_Football,NCAA_Football,PL-216599,SUG-0456bb856ac563c96440511c,111,LOSS,,,ESPN_PUBLIC:401858242:BOX_SCORE
SETTLE-SUG-058bc5b40a582690a0e20285,2026-09-26T12:39:28.264866-07:00,MLB,MLB,PL-273752,SUG-058bc5b40a582690a0e20285,1,WIN,,,ESPN_PUBLIC:401817091:FINAL_SCORE_ML
SETTLE-SUG-06e58960733d318c5db6d2be,2026-09-26T12:39:28.264866-07:00,NCAA_Football,NCAA_Football,PL-216599,SUG-06e58960733d318c5db6d2be,0,LOSS,,,ESPN_PUBLIC:401858242:BOX_SCORE
SETTLE-SUG-0dcad50b0dd37a41f39b4401,2026-09-26T12:39:28.264866-07:00,NCAA_Football,NCAA_Football,PL-216599,SUG-0dcad50b0dd37a41f39b4401,26,WIN,,,ESPN_PUBLIC:401858242:BOX_SCORE
SETTLE-SUG-105f0c6a3e427989638b7189,2026-09-26T12:39:28.264866-07:00,NCAA_Football,NCAA_Football,PL-217742,SUG-105f0c6a3e427989638b7189,263,WIN,,,ESPN_PUBLIC:401858465:BOX_SCORE
SETTLE-SUG-10bf987edb7662edb55414ec,2026-09-26T12:39:28.264866-07:00,NCAA_Football,NCAA_Football,PL-216599,SUG-10bf987edb7662edb55414ec,1,WIN,,,ESPN_PUBLIC:401858242:FINAL_SCORE_ML
SETTLE-SUG-193ae9b35fd7fe8f5c2a8ccf,2026-09-26T12:39:28.264866-07:00,NCAA_Football,NCAA_Football,PL-216599,SUG-193ae9b35fd7fe8f5c2a8ccf,15,LOSS,,,ESPN_PUBLIC:401858242:BOX_SCORE
SETTLE-SUG-194b7923c45d9368d8dd9013,2026-09-26T12:39:28.264866-07:00,NCAA_Football,NCAA_Football,PL-216599,SUG-194b7923c45d9368d8dd9013,1,WIN,,,ESPN_PUBLIC:401858242:FINAL_SCORE_ML
SETTLE-SUG-19e4dce09200d92c8fafd050,2026-09-26T12:39:28.264866-07:00,NCAA_Football,NCAA_Football,PL-216599,SUG-19e4dce09200d92c8fafd050,51,WIN,,,ESPN_PUBLIC:401858242:BOX_SCORE
SETTLE-SUG-1c9bc8bee0b898aeae31a238,2026-09-26T12:39:28.264866-07:00,NCAA_Football,NCAA_Football,PL-216133,SUG-1c9bc8bee0b898aeae31a238,1,WIN,,,ESPN_PUBLIC:401858236:FINAL_SCORE_ML
SETTLE-SUG-1d15853995a70b20a4f575ed,2026-09-26T12:39:28.264866-07:00,NCAA_Football,NCAA_Football,PL-216599,SUG-1d15853995a70b20a4f575ed,1,LOSS,,,ESPN_PUBLIC:401858242:BOX_SCORE
SETTLE-SUG-1d256596a770cf068e45dea4,2026-09-26T12:39:28.264866-07:00,NCAA_Football,NCAA_Football,PL-217742,SUG-1d256596a770cf068e45dea4,63,LOSS,,,ESPN_PUBLIC:401858465:BOX_SCORE
SETTLE-SUG-1d9d2b29310ab4a434666245,2026-09-26T12:39:28.264866-07:00,NCAA_Football,NCAA_Football,PL-217742,SUG-1d9d2b29310ab4a434666245,87,WIN,,,ESPN_PUBLIC:401858465:BOX_SCORE
SETTLE-SUG-1e0f4746dd86e7c9521d00ea,2026-09-26T12:39:28.264866-07:00,NCAA_Football,NCAA_Football,PL-216087,SUG-1e0f4746dd86e7c9521d00ea,1,WIN,,,ESPN_PUBLIC:401858465:BOX_SCORE
SETTLE-SUG-2149b1896ab631510837fc6a,2026-09-26T12:39:28.264866-07:00,NCAA_Football,NCAA_Football,PL-216133,SUG-2149b1896ab631510837fc6a,1,WIN,,,ESPN_PUBLIC:401858236:FINAL_SCORE_ML
SETTLE-SUG-233b7ba7c3652dcd1f55ac18,2026-09-26T12:39:28.264866-07:00,MLB,MLB,PL-232566,SUG-233b7ba7c3652dcd1f55ac18,1,WIN,,,ESPN_PUBLIC:401817091:FINAL_SCORE_ML
SETTLE-SUG-28a2556d39ad2fdca4236a0a,2026-09-26T12:39:28.264866-07:00,NCAA_Football,NCAA_Football,PL-216599,SUG-28a2556d39ad2fdca4236a0a,147,LOSS,,,ESPN_PUBLIC:401858242:BOX_SCORE
SETTLE-SUG-32443447e3e260898097d212,2026-09-26T12:39:28.264866-07:00,NCAA_Football,NCAA_Football,PL-217742,SUG-32443447e3e260898097d212,1,WIN,,,ESPN_PUBLIC:401858465:BOX_SCORE
SETTLE-SUG-35c9975142af0d2bb9d685a5,2026-09-26T12:39:28.264866-07:00,NCAA_Football,NCAA_Football,PL-217742,SUG-35c9975142af0d2bb9d685a5,5,WIN,,,ESPN_PUBLIC:401858465:BOX_SCORE
SETTLE-SUG-35dc37cf18c4650278d648a9,2026-09-26T12:39:28.264866-07:00,NCAA_Football,NCAA_Football,PL-216599,SUG-35dc37cf18c4650278d648a9,5,WIN,,,ESPN_PUBLIC:401858242:BOX_SCORE
SETTLE-SUG-377d4be4a14fe2e8bc24fff4,2026-09-26T12:39:28.264866-07:00,NCAA_Football,NCAA_Football,PL-216599,SUG-377d4be4a14fe2e8bc24fff4,1,WIN,,,ESPN_PUBLIC:401858242:FINAL_SCORE_ML
SETTLE-SUG-3835f69cbe65ce3845974b5d,2026-09-26T12:39:28.264866-07:00,NCAA_Football,NCAA_Football,PL-216087,SUG-3835f69cbe65ce3845974b5d,217,WIN,,,ESPN_PUBLIC:401858465:BOX_SCORE
SETTLE-SUG-3b1d2234265afc7152c0bce5,2026-09-26T12:39:28.264866-07:00,NCAA_Football,NCAA_Football,PL-217742,SUG-3b1d2234265afc7152c0bce5,4,WIN,,,ESPN_PUBLIC:401858465:BOX_SCORE
SETTLE-SUG-3df1475086aa57f48a2ce10a,2026-09-26T12:39:28.264866-07:00,NCAA_Football,NCAA_Football,PL-217742,SUG-3df1475086aa57f48a2ce10a,263,WIN,,,ESPN_PUBLIC:401858465:BOX_SCORE
SETTLE-SUG-43f74c745b4dbe3f1eeaff6a,2026-09-26T12:39:28.264866-07:00,NCAA_Football,NCAA_Football,PL-216599,SUG-43f74c745b4dbe3f1eeaff6a,15,LOSS,,,ESPN_PUBLIC:401858242:BOX_SCORE
SETTLE-SUG-463d8689b32531f4286e399a,2026-09-26T12:39:28.264866-07:00,NCAA_Football,NCAA_Football,PL-216599,SUG-463d8689b32531f4286e399a,147,LOSS,,,ESPN_PUBLIC:401858242:BOX_SCORE
SETTLE-SUG-4f0bd192b0a904251f4889b1,2026-09-26T12:39:28.264866-07:00,NCAA_Football,NCAA_Football,PL-217742,SUG-4f0bd192b0a904251f4889b1,33,WIN,,,ESPN_PUBLIC:401858465:BOX_SCORE
SETTLE-SUG-53ffdd2817c3907db89592ba,2026-09-26T12:39:28.264866-07:00,MLB,MLB,PL-232566,SUG-53ffdd2817c3907db89592ba,1,WIN,,,ESPN_PUBLIC:401817091:FINAL_SCORE_ML
SETTLE-SUG-556738d8c09f8075a49e60d2,2026-09-26T12:39:28.264866-07:00,NCAA_Football,NCAA_Football,PL-217742,SUG-556738d8c09f8075a49e60d2,1,LOSS,,,ESPN_PUBLIC:401858465:BOX_SCORE
SETTLE-SUG-563f89d1aca766df803af21f,2026-09-26T12:39:28.264866-07:00,NCAA_Football,NCAA_Football,PL-216599,SUG-563f89d1aca766df803af21f,1,WIN,,,ESPN_PUBLIC:401858242:FINAL_SCORE_ML
SETTLE-SUG-569f390c2cbb857b90ca5059,2026-09-26T12:39:28.264866-07:00,NCAA_Football,NCAA_Football,PL-216599,SUG-569f390c2cbb857b90ca5059,1,WIN,,,ESPN_PUBLIC:401858242:FINAL_SCORE_ML
SETTLE-SUG-56bb2ef738211644ad1ff431,2026-09-26T12:39:28.264866-07:00,NCAA_Football,NCAA_Football,PL-216599,SUG-56bb2ef738211644ad1ff431,5,WIN,,,ESPN_PUBLIC:401858242:BOX_SCORE
SETTLE-SUG-5999fdd54c38a8b5811a04ae,2026-09-26T12:39:28.264866-07:00,NCAA_Football,NCAA_Football,PL-217742,SUG-5999fdd54c38a8b5811a04ae,1,WIN,,,ESPN_PUBLIC:401858465:BOX_SCORE
SETTLE-SUG-59e05dd3443f4fe105c881cd,2026-09-26T12:39:28.264866-07:00,MLB,MLB,PL-232566,SUG-59e05dd3443f4fe105c881cd,0,LOSS,,,ESPN_PUBLIC:401817091:FINAL_SCORE_ML
SETTLE-SUG-5ae18590575ccbd29adb57dc,2026-09-26T12:39:28.264866-07:00,NCAA_Football,NCAA_Football,PL-217742,SUG-5ae18590575ccbd29adb57dc,33,WIN,,,ESPN_PUBLIC:401858465:BOX_SCORE
SETTLE-SUG-5de43348b94461ba3a89fb93,2026-09-26T12:39:28.264866-07:00,NCAA_Football,NCAA_Football,PL-216599,SUG-5de43348b94461ba3a89fb93,6,LOSS,,,ESPN_PUBLIC:401858242:BOX_SCORE
SETTLE-SUG-5e237fe8b9c17f993ace64f7,2026-09-26T12:39:28.264866-07:00,NCAA_Football,NCAA_Football,PL-216087,SUG-5e237fe8b9c17f993ace64f7,1,WIN,,,ESPN_PUBLIC:401858465:BOX_SCORE
SETTLE-SUG-5fbaec2e4d60823bca33d3f5,2026-09-26T12:39:28.264866-07:00,NCAA_Football,NCAA_Football,PL-216599,SUG-5fbaec2e4d60823bca33d3f5,1,WIN,,,ESPN_PUBLIC:401858242:FINAL_SCORE_ML
SETTLE-SUG-642da64700f2d5ad6e54ccc3,2026-09-26T12:39:28.264866-07:00,NCAA_Football,NCAA_Football,PL-217742,SUG-642da64700f2d5ad6e54ccc3,4,LOSS,,,ESPN_PUBLIC:401858465:BOX_SCORE
SETTLE-SUG-64b26e57a42e93267e58f5be,2026-09-26T12:39:28.264866-07:00,NCAA_Football,NCAA_Football,PL-217742,SUG-64b26e57a42e93267e58f5be,10,WIN,,,ESPN_PUBLIC:401858465:BOX_SCORE
SETTLE-SUG-694f55912cda87cf31278b0b,2026-09-26T12:39:28.264866-07:00,NCAA_Football,NCAA_Football,PL-218071,SUG-694f55912cda87cf31278b0b,1,WIN,,,ESPN_PUBLIC:401858242:FINAL_SCORE_ML
SETTLE-SUG-6aa1d0d8e185bf38b85c71cf,2026-09-26T12:39:28.264866-07:00,NCAA_Football,NCAA_Football,PL-216087,SUG-6aa1d0d8e185bf38b85c71cf,1,WIN,,,ESPN_PUBLIC:401858465:BOX_SCORE
SETTLE-SUG-6e8f3f0756d379ce5e0b74fa,2026-09-26T12:39:28.264866-07:00,MLB,MLB,PL-273752,SUG-6e8f3f0756d379ce5e0b74fa,0,LOSS,,,ESPN_PUBLIC:401817091:FINAL_SCORE_ML
SETTLE-SUG-6f1606269769eb4a0c302063,2026-09-26T12:39:28.264866-07:00,NCAA_Football,NCAA_Football,PL-217742,SUG-6f1606269769eb4a0c302063,1,WIN,,,ESPN_PUBLIC:401858465:BOX_SCORE
SETTLE-SUG-71053276e486e6c64ba438f9,2026-09-26T12:39:28.264866-07:00,NCAA_Football,NCAA_Football,PL-216599,SUG-71053276e486e6c64ba438f9,1,WIN,,,ESPN_PUBLIC:401858242:FINAL_SCORE_ML
SETTLE-SUG-718859405c93bbb6fb80bc34,2026-09-26T12:39:28.264866-07:00,NCAA_Football,NCAA_Football,PL-217742,SUG-718859405c93bbb6fb80bc34,367,LOSS,,,ESPN_PUBLIC:401858465:BOX_SCORE
SETTLE-SUG-7308163ede4b6d73904fbce8,2026-09-26T12:39:28.264866-07:00,NCAA_Football,NCAA_Football,PL-217742,SUG-7308163ede4b6d73904fbce8,87,WIN,,,ESPN_PUBLIC:401858465:BOX_SCORE
SETTLE-SUG-74003d9d4fc1cf828dc461c1,2026-09-26T12:39:28.264866-07:00,NCAA_Football,NCAA_Football,PL-216087,SUG-74003d9d4fc1cf828dc461c1,1,WIN,,,ESPN_PUBLIC:401858465:BOX_SCORE
SETTLE-SUG-8ec9b685a6d9323c322aade6,2026-09-26T12:39:28.264866-07:00,NCAA_Football,NCAA_Football,PL-216133,SUG-8ec9b685a6d9323c322aade6,1,WIN,,,ESPN_PUBLIC:401858236:FINAL_SCORE_ML
SETTLE-SUG-8ed3f14e21afdbd70683ab47,2026-09-26T12:39:28.264866-07:00,MLB,MLB,PL-232566,SUG-8ed3f14e21afdbd70683ab47,1,WIN,,,ESPN_PUBLIC:401817091:FINAL_SCORE_ML
SETTLE-SUG-8f7ac6d4dc0862ecf4593bb5,2026-09-26T12:39:28.264866-07:00,NCAA_Football,NCAA_Football,PL-216599,SUG-8f7ac6d4dc0862ecf4593bb5,26,WIN,,,ESPN_PUBLIC:401858242:BOX_SCORE
SETTLE-SUG-8f9cfe1a4860c9619f39a56f,2026-09-26T12:39:28.264866-07:00,NCAA_Football,NCAA_Football,PL-217742,SUG-8f9cfe1a4860c9619f39a56f,63,LOSS,,,ESPN_PUBLIC:401858465:BOX_SCORE
SETTLE-SUG-9262a8db87e9f7727d8a8d91,2026-09-26T12:39:28.264866-07:00,NCAA_Football,NCAA_Football,PL-216599,SUG-9262a8db87e9f7727d8a8d91,1,WIN,,,ESPN_PUBLIC:401858242:BOX_SCORE
SETTLE-SUG-982a1d2d65075c07059446f1,2026-09-26T12:39:28.264866-07:00,NCAA_Football,NCAA_Football,PL-217742,SUG-982a1d2d65075c07059446f1,36,LOSS,,,ESPN_PUBLIC:401858465:BOX_SCORE
SETTLE-SUG-9950c2b45ff8e2672c99450a,2026-09-26T12:39:28.264866-07:00,NCAA_Football,NCAA_Football,PL-217742,SUG-9950c2b45ff8e2672c99450a,1,WIN,,,ESPN_PUBLIC:401858465:BOX_SCORE
SETTLE-SUG-9afa2a97489cd2a5731bba73,2026-09-26T12:39:28.264866-07:00,NCAA_Football,NCAA_Football,PL-217742,SUG-9afa2a97489cd2a5731bba73,1,LOSS,,,ESPN_PUBLIC:401858465:BOX_SCORE
SETTLE-SUG-9b8035d1d7fbab65d1ad051d,2026-09-26T12:39:28.264866-07:00,NCAA_Football,NCAA_Football,PL-217742,SUG-9b8035d1d7fbab65d1ad051d,1,WIN,,,ESPN_PUBLIC:401858465:BOX_SCORE
SETTLE-SUG-9bfc592847e750cced1fcb29,2026-09-26T12:39:28.264866-07:00,NCAA_Football,NCAA_Football,PL-217742,SUG-9bfc592847e750cced1fcb29,367,LOSS,,,ESPN_PUBLIC:401858465:BOX_SCORE
SETTLE-SUG-a1bbc5f02d70d8c8913789ef,2026-09-26T12:39:28.264866-07:00,NCAA_Football,NCAA_Football,PL-217742,SUG-a1bbc5f02d70d8c8913789ef,10,WIN,,,ESPN_PUBLIC:401858465:BOX_SCORE
SETTLE-SUG-aa529e37717f9be505e588d1,2026-09-26T12:39:28.264866-07:00,NCAA_Football,NCAA_Football,PL-216599,SUG-aa529e37717f9be505e588d1,111,LOSS,,,ESPN_PUBLIC:401858242:BOX_SCORE
SETTLE-SUG-af1e4c6493d617605aea06b0,2026-09-26T12:39:28.264866-07:00,NCAA_Football,NCAA_Football,PL-217742,SUG-af1e4c6493d617605aea06b0,36,LOSS,,,ESPN_PUBLIC:401858465:BOX_SCORE
SETTLE-SUG-af6d201a1a91779d48fba63a,2026-09-26T12:39:28.264866-07:00,MLB,MLB,PL-273752,SUG-af6d201a1a91779d48fba63a,0,LOSS,,,ESPN_PUBLIC:401817091:FINAL_SCORE_ML
SETTLE-SUG-b41d909895f15b008d55d054,2026-09-26T12:39:28.264866-07:00,NCAA_Football,NCAA_Football,PL-216599,SUG-b41d909895f15b008d55d054,1,WIN,,,ESPN_PUBLIC:401858242:BOX_SCORE
SETTLE-SUG-b73e63ab1c9cae29c892840e,2026-09-26T12:39:28.264866-07:00,MLB,MLB,PL-273752,SUG-b73e63ab1c9cae29c892840e,0,LOSS,,,ESPN_PUBLIC:401817091:FINAL_SCORE_ML
SETTLE-SUG-b762c72a9caff8d94ea3f606,2026-09-26T12:39:28.264866-07:00,NCAA_Football,NCAA_Football,PL-217742,SUG-b762c72a9caff8d94ea3f606,4,LOSS,,,ESPN_PUBLIC:401858465:BOX_SCORE
SETTLE-SUG-b860a82526985abceb63cb45,2026-09-26T12:39:28.264866-07:00,NCAA_Football,NCAA_Football,PL-216599,SUG-b860a82526985abceb63cb45,1,LOSS,,,ESPN_PUBLIC:401858242:BOX_SCORE
SETTLE-SUG-b9f1b3e544ca59f4e3cfa83d,2026-09-26T12:39:28.264866-07:00,NCAA_Football,NCAA_Football,PL-217742,SUG-b9f1b3e544ca59f4e3cfa83d,34,WIN,,,ESPN_PUBLIC:401858465:BOX_SCORE
SETTLE-SUG-be493305b605c9bfeaf119e7,2026-09-26T12:39:28.264866-07:00,MLB,MLB,PL-273752,SUG-be493305b605c9bfeaf119e7,0,LOSS,,,ESPN_PUBLIC:401817091:FINAL_SCORE_ML
SETTLE-SUG-bf8d95f89a1689c92981cb06,2026-09-26T12:39:28.264866-07:00,NCAA_Football,NCAA_Football,PL-217742,SUG-bf8d95f89a1689c92981cb06,5,LOSS,,,ESPN_PUBLIC:401858465:BOX_SCORE
SETTLE-SUG-c1083106b3430bdf867f6a69,2026-09-26T12:39:28.264866-07:00,NCAA_Football,NCAA_Football,PL-216599,SUG-c1083106b3430bdf867f6a69,1,WIN,,,ESPN_PUBLIC:401858242:FINAL_SCORE_ML
SETTLE-SUG-c2b9c6514029e172cfb17e41,2026-09-26T12:39:28.264866-07:00,NCAA_Football,NCAA_Football,PL-216133,SUG-c2b9c6514029e172cfb17e41,1,WIN,,,ESPN_PUBLIC:401858236:FINAL_SCORE_ML
SETTLE-SUG-cb71f0449a58bf21a876d998,2026-09-26T12:39:28.264866-07:00,NCAA_Football,NCAA_Football,PL-216599,SUG-cb71f0449a58bf21a876d998,51,WIN,,,ESPN_PUBLIC:401858242:BOX_SCORE
SETTLE-SUG-cbcc8b2c16053cc17711b62e,2026-09-26T12:39:28.264866-07:00,NCAA_Football,NCAA_Football,PL-217742,SUG-cbcc8b2c16053cc17711b62e,1,WIN,,,ESPN_PUBLIC:401858465:BOX_SCORE
SETTLE-SUG-cc607738cb35902de768be7c,2026-09-26T12:39:28.264866-07:00,NCAA_Football,NCAA_Football,PL-216599,SUG-cc607738cb35902de768be7c,1,WIN,,,ESPN_PUBLIC:401858242:BOX_SCORE
SETTLE-SUG-cf8f46ab0a36e0ecd0a1dde1,2026-09-26T12:39:28.264866-07:00,MLB,MLB,PL-232566,SUG-cf8f46ab0a36e0ecd0a1dde1,1,WIN,,,ESPN_PUBLIC:401817091:FINAL_SCORE_ML
SETTLE-SUG-d1e60f79772d2709cd9e77f0,2026-09-26T12:39:28.264866-07:00,MLB,MLB,PL-232566,SUG-d1e60f79772d2709cd9e77f0,0,LOSS,,,ESPN_PUBLIC:401817091:FINAL_SCORE_ML
SETTLE-SUG-d4f1ddb6be24e00e05664947,2026-09-26T12:39:28.264866-07:00,MLB,MLB,KXMLBRBI-26SEP261235NYMWSH,SUG-d4f1ddb6be24e00e05664947,0,LOSS,,,ESPN_PUBLIC:401817091:FINAL_SCORE_ML
SETTLE-SUG-d5579a28917fd427f1b9a464,2026-09-26T12:39:28.264866-07:00,NCAA_Football,NCAA_Football,PL-216599,SUG-d5579a28917fd427f1b9a464,2,LOSS,,,ESPN_PUBLIC:401858242:BOX_SCORE
SETTLE-SUG-d89d5489d041c8f2a7b0424e,2026-09-26T12:39:28.264866-07:00,NCAA_Football,NCAA_Football,PL-216599,SUG-d89d5489d041c8f2a7b0424e,0,LOSS,,,ESPN_PUBLIC:401858242:BOX_SCORE
SETTLE-SUG-dddbe679181f1509d4257d80,2026-09-26T12:39:28.264866-07:00,NCAA_Football,NCAA_Football,PL-217742,SUG-dddbe679181f1509d4257d80,5,LOSS,,,ESPN_PUBLIC:401858465:BOX_SCORE
SETTLE-SUG-ddf87fe908cd2c25d183e5bd,2026-09-26T12:39:28.264866-07:00,NCAA_Football,NCAA_Football,PL-216133,SUG-ddf87fe908cd2c25d183e5bd,1,WIN,,,ESPN_PUBLIC:401858236:FINAL_SCORE_ML
SETTLE-SUG-deb790733bd1da0f399f3ec2,2026-09-26T12:39:28.264866-07:00,NCAA_Football,NCAA_Football,PL-217742,SUG-deb790733bd1da0f399f3ec2,34,WIN,,,ESPN_PUBLIC:401858465:BOX_SCORE
SETTLE-SUG-e0c13ae103e9af333ef4f3b5,2026-09-26T12:39:28.264866-07:00,NCAA_Football,NCAA_Football,PL-216599,SUG-e0c13ae103e9af333ef4f3b5,1,WIN,,,ESPN_PUBLIC:401858242:FINAL_SCORE_ML
SETTLE-SUG-e36780c6fd427ebf712c6ac3,2026-09-26T12:39:28.264866-07:00,NCAA_Football,NCAA_Football,PL-217742,SUG-e36780c6fd427ebf712c6ac3,5,WIN,,,ESPN_PUBLIC:401858465:BOX_SCORE
SETTLE-SUG-ea942b90bf2b73ba533b2177,2026-09-26T12:39:28.264866-07:00,NCAA_Football,NCAA_Football,PL-216599,SUG-ea942b90bf2b73ba533b2177,6,LOSS,,,ESPN_PUBLIC:401858242:BOX_SCORE
SETTLE-SUG-ed6357517c47646c06f65320,2026-09-26T12:39:28.264866-07:00,NCAA_Football,NCAA_Football,PL-217742,SUG-ed6357517c47646c06f65320,4,WIN,,,ESPN_PUBLIC:401858465:BOX_SCORE
SETTLE-SUG-ee5ce7b6a1aefe56164231ec,2026-09-26T12:39:28.264866-07:00,NCAA_Football,NCAA_Football,PL-216599,SUG-ee5ce7b6a1aefe56164231ec,1,WIN,,,ESPN_PUBLIC:401858242:BOX_SCORE
SETTLE-SUG-f32c481cf1f724fca7ec0ed1,2026-09-26T12:39:28.264866-07:00,NCAA_Football,NCAA_Football,PL-216599,SUG-f32c481cf1f724fca7ec0ed1,2,LOSS,,,ESPN_PUBLIC:401858242:BOX_SCORE
SETTLE-SUG-f39e7b90fa2376747d9754d5,2026-09-26T12:39:28.264866-07:00,NCAA_Football,NCAA_Football,PL-216599,SUG-f39e7b90fa2376747d9754d5,1,WIN,,,ESPN_PUBLIC:401858242:FINAL_SCORE_ML
SETTLE-SUG-f613578d9232387f5bb625cb,2026-09-26T12:39:28.264866-07:00,NCAA_Football,NCAA_Football,PL-216599,SUG-f613578d9232387f5bb625cb,1,WIN,,,ESPN_PUBLIC:401858242:FINAL_SCORE_ML
SETTLE-SUG-fc1e66132fba26c2ca217ac6,2026-09-26T12:39:28.264866-07:00,NCAA_Football,NCAA_Football,PL-216599,SUG-fc1e66132fba26c2ca217ac6,1,WIN,,,ESPN_PUBLIC:401858242:FINAL_SCORE_ML
SETTLE-SUG-fee5e70eed7ba965a5ceaf65,2026-09-26T12:39:28.264866-07:00,NCAA_Football,NCAA_Football,PL-216133,SUG-fee5e70eed7ba965a5ceaf65,1,WIN,,,ESPN_PUBLIC:401858236:FINAL_SCORE_ML
SETTLE-SUG-ff0a3411bab7ccfd01cb208d,2026-09-26T12:39:28.264866-07:00,NCAA_Football,NCAA_Football,PL-216087,SUG-ff0a3411bab7ccfd01cb208d,217,WIN,,,ESPN_PUBLIC:401858465:BOX_SCORE
SETTLE-SUG-06f2fa07c715105b1f036fc4,2026-09-26T12:55:53.058930-07:00,NCAA_Football,NCAA_Football,PL-217968,SUG-06f2fa07c715105b1f036fc4,2,WIN,,,ESPN_PUBLIC:401856704:BOX_SCORE
SETTLE-SUG-07887b7d92e23097bf3deb61,2026-09-26T12:55:53.058930-07:00,NCAA_Football,NCAA_Football,PL-217968,SUG-07887b7d92e23097bf3deb61,30,WIN,,,ESPN_PUBLIC:401856704:BOX_SCORE
SETTLE-SUG-0f16480054357d778217a644,2026-09-26T12:55:53.058930-07:00,NCAA_Football,NCAA_Football,PL-217885,SUG-0f16480054357d778217a644,194,WIN,,,ESPN_PUBLIC:401858243:BOX_SCORE
SETTLE-SUG-0fcb32709070a9fc6e518171,2026-09-26T12:55:53.058930-07:00,NCAA_Football,NCAA_Football,PL-215553,SUG-0fcb32709070a9fc6e518171,13,WIN,,,ESPN_PUBLIC:401858243:BOX_SCORE
SETTLE-SUG-14e78dc0756cd2ed0c892cb4,2026-09-26T12:55:53.058930-07:00,NCAA_Football,NCAA_Football,PL-217885,SUG-14e78dc0756cd2ed0c892cb4,71,LOSS,,,ESPN_PUBLIC:401858243:BOX_SCORE
SETTLE-SUG-167532998b864e157843915b,2026-09-26T12:55:53.058930-07:00,NCAA_Football,NCAA_Football,PL-217968,SUG-167532998b864e157843915b,2,WIN,,,ESPN_PUBLIC:401856704:BOX_SCORE
SETTLE-SUG-16f1cdc82189cad96f6a0062,2026-09-26T12:55:53.058930-07:00,NCAA_Football,NCAA_Football,PL-217885,SUG-16f1cdc82189cad96f6a0062,0,LOSS,,,ESPN_PUBLIC:401858243:FINAL_SCORE_ML
SETTLE-SUG-19baf9db3e0e837fddc27cc4,2026-09-26T12:55:53.058930-07:00,NCAA_Football,NCAA_Football,PL-217885,SUG-19baf9db3e0e837fddc27cc4,0,LOSS,,,ESPN_PUBLIC:401858243:FINAL_SCORE_ML
SETTLE-SUG-1a7e2ab59b18f4abaeebfa3f,2026-09-26T12:55:53.058930-07:00,NCAA_Football,NCAA_Football,PL-217885,SUG-1a7e2ab59b18f4abaeebfa3f,0,LOSS,,,ESPN_PUBLIC:401858243:FINAL_SCORE_ML
SETTLE-SUG-1fe6965db84b365abe6f1b80,2026-09-26T12:55:53.058930-07:00,NCAA_Football,NCAA_Football,PL-217968,SUG-1fe6965db84b365abe6f1b80,74,LOSS,,,ESPN_PUBLIC:401856704:BOX_SCORE
SETTLE-SUG-251da38fa4b1a06a7be952d0,2026-09-26T12:55:53.058930-07:00,NCAA_Football,NCAA_Football,PL-217885,SUG-251da38fa4b1a06a7be952d0,0,LOSS,,,ESPN_PUBLIC:401858243:FINAL_SCORE_ML
SETTLE-SUG-287f8d93a765bff0efc5224d,2026-09-26T12:55:53.058930-07:00,NCAA_Football,NCAA_Football,PL-215553,SUG-287f8d93a765bff0efc5224d,324,WIN,,,ESPN_PUBLIC:401858243:BOX_SCORE
SETTLE-SUG-28ac109f1fb24e68b4ea2ccc,2026-09-26T12:55:53.058930-07:00,NCAA_Football,NCAA_Football,PL-217968,SUG-28ac109f1fb24e68b4ea2ccc,1,WIN,,,ESPN_PUBLIC:401856704:FINAL_SCORE_ML
SETTLE-SUG-2f50e18c9148a1e912f0470c,2026-09-26T12:55:53.058930-07:00,NCAA_Football,NCAA_Football,PL-217968,SUG-2f50e18c9148a1e912f0470c,0,LOSS,,,ESPN_PUBLIC:401856704:BOX_SCORE
SETTLE-SUG-32895cc2917945e9714671f0,2026-09-26T12:55:53.058930-07:00,NCAA_Football,NCAA_Football,PL-217968,SUG-32895cc2917945e9714671f0,1,WIN,,,ESPN_PUBLIC:401856704:FINAL_SCORE_ML
SETTLE-SUG-33282fa91be1034ba910ae0a,2026-09-26T12:55:53.058930-07:00,NCAA_Football,NCAA_Football,PL-217885,SUG-33282fa91be1034ba910ae0a,75,WIN,,,ESPN_PUBLIC:401858243:BOX_SCORE
SETTLE-SUG-340ed5dd3d7d39097e016924,2026-09-26T12:55:53.058930-07:00,NCAA_Football,NCAA_Football,PL-217968,SUG-340ed5dd3d7d39097e016924,145,WIN,,,ESPN_PUBLIC:401856704:BOX_SCORE
SETTLE-SUG-369a3bf538d1506629d911eb,2026-09-26T12:55:53.058930-07:00,NCAA_Football,NCAA_Football,PL-217885,SUG-369a3bf538d1506629d911eb,6,LOSS,,,ESPN_PUBLIC:401858243:BOX_SCORE
SETTLE-SUG-3b58ed4c2f5fc586ce0b7803,2026-09-26T12:55:53.058930-07:00,NCAA_Football,NCAA_Football,PL-215553,SUG-3b58ed4c2f5fc586ce0b7803,13,WIN,,,ESPN_PUBLIC:401858243:BOX_SCORE
SETTLE-SUG-3d4d23cf13419b20f13bfcac,2026-09-26T12:55:53.058930-07:00,NCAA_Football,NCAA_Football,PL-37377,SUG-3d4d23cf13419b20f13bfcac,201,WIN,,,ESPN_PUBLIC:401856704:BOX_SCORE
SETTLE-SUG-4356dfc1e4092fb69bda3899,2026-09-26T12:55:53.058930-07:00,NCAA_Football,NCAA_Football,PL-217968,SUG-4356dfc1e4092fb69bda3899,4,WIN,,,ESPN_PUBLIC:401856704:BOX_SCORE
SETTLE-SUG-43e2601928b9c53a4b38e1a3,2026-09-26T12:55:53.058930-07:00,NCAA_Football,NCAA_Football,PL-217885,SUG-43e2601928b9c53a4b38e1a3,194,WIN,,,ESPN_PUBLIC:401858243:BOX_SCORE
SETTLE-SUG-48cc95f7748724c6e6b7d514,2026-09-26T12:55:53.058930-07:00,NCAA_Football,NCAA_Football,PL-217968,SUG-48cc95f7748724c6e6b7d514,145,WIN,,,ESPN_PUBLIC:401856704:BOX_SCORE
SETTLE-SUG-4a481d273d682d01dba0cc63,2026-09-26T12:55:53.058930-07:00,NCAA_Football,NCAA_Football,PL-217885,SUG-4a481d273d682d01dba0cc63,9,LOSS,,,ESPN_PUBLIC:401858243:BOX_SCORE
SETTLE-SUG-4be8902a7b576778a65d4181,2026-09-26T12:55:53.058930-07:00,NCAA_Football,NCAA_Football,PL-217968,SUG-4be8902a7b576778a65d4181,1,WIN,,,ESPN_PUBLIC:401856704:FINAL_SCORE_ML
SETTLE-SUG-4c572787c8dacb7055433677,2026-09-26T12:55:53.058930-07:00,NCAA_Football,NCAA_Football,PL-215553,SUG-4c572787c8dacb7055433677,0,LOSS,,,ESPN_PUBLIC:401858243:FINAL_SCORE_ML
SETTLE-SUG-4d6df74dae00330fee92275b,2026-09-26T12:55:53.058930-07:00,NCAA_Football,NCAA_Football,PL-37376,SUG-4d6df74dae00330fee92275b,1,WIN,,,ESPN_PUBLIC:401856704:FINAL_SCORE_ML
SETTLE-SUG-4d884aa56929e0bf4c3eaf1a,2026-09-26T12:55:53.058930-07:00,NCAA_Football,NCAA_Football,PL-37376,SUG-4d884aa56929e0bf4c3eaf1a,1,WIN,,,ESPN_PUBLIC:401856704:FINAL_SCORE_ML
SETTLE-SUG-4db8a18edd25825349b09075,2026-09-26T12:55:53.058930-07:00,NCAA_Football,NCAA_Football,PL-217968,SUG-4db8a18edd25825349b09075,45,WIN,,,ESPN_PUBLIC:401856704:BOX_SCORE
SETTLE-SUG-4f2313054130c7c70fcd31c2,2026-09-26T12:55:53.058930-07:00,NCAA_Football,NCAA_Football,PL-217885,SUG-4f2313054130c7c70fcd31c2,0,LOSS,,,ESPN_PUBLIC:401858243:FINAL_SCORE_ML
SETTLE-SUG-50a59031e64ab07ba7c0e263,2026-09-26T12:55:53.058930-07:00,NCAA_Football,NCAA_Football,PL-217885,SUG-50a59031e64ab07ba7c0e263,6,LOSS,,,ESPN_PUBLIC:401858243:BOX_SCORE
SETTLE-SUG-522b01a4430c2191e417e8a1,2026-09-26T12:55:53.058930-07:00,NCAA_Football,NCAA_Football,PL-217968,SUG-522b01a4430c2191e417e8a1,7,LOSS,,,ESPN_PUBLIC:401856704:BOX_SCORE
SETTLE-SUG-5463da5d635bb38a625b0781,2026-09-26T12:55:53.058930-07:00,NCAA_Football,NCAA_Football,PL-217885,SUG-5463da5d635bb38a625b0781,1,LOSS,,,ESPN_PUBLIC:401858243:BOX_SCORE
SETTLE-SUG-54b0a3eee355afd4dfe38726,2026-09-26T12:55:53.058930-07:00,NCAA_Football,NCAA_Football,PL-215553,SUG-54b0a3eee355afd4dfe38726,0,LOSS,,,ESPN_PUBLIC:401858243:FINAL_SCORE_ML
SETTLE-SUG-602840e3e30cba394523cbc9,2026-09-26T12:55:53.058930-07:00,NCAA_Football,NCAA_Football,PL-217885,SUG-602840e3e30cba394523cbc9,82,WIN,,,ESPN_PUBLIC:401858243:BOX_SCORE
SETTLE-SUG-64340ae5015b23783786dd26,2026-09-26T12:55:53.058930-07:00,NCAA_Football,NCAA_Football,PL-217885,SUG-64340ae5015b23783786dd26,85,WIN,,,ESPN_PUBLIC:401858243:BOX_SCORE
SETTLE-SUG-6a4c89bdf580c39913711e85,2026-09-26T12:55:53.058930-07:00,NCAA_Football,NCAA_Football,PL-217885,SUG-6a4c89bdf580c39913711e85,82,WIN,,,ESPN_PUBLIC:401858243:BOX_SCORE
SETTLE-SUG-6bee5399c93823b2f46d8734,2026-09-26T12:55:53.058930-07:00,NCAA_Football,NCAA_Football,PL-217885,SUG-6bee5399c93823b2f46d8734,225,LOSS,,,ESPN_PUBLIC:401858243:BOX_SCORE
SETTLE-SUG-7031aec5dc510498f995908c,2026-09-26T12:55:53.058930-07:00,NCAA_Football,NCAA_Football,PL-217968,SUG-7031aec5dc510498f995908c,1,WIN,,,ESPN_PUBLIC:401856704:BOX_SCORE
SETTLE-SUG-71014a541627d116f3d709d0,2026-09-26T12:55:53.058930-07:00,NCAA_Football,NCAA_Football,PL-37377,SUG-71014a541627d116f3d709d0,1,WIN,,,ESPN_PUBLIC:401856704:FINAL_SCORE_ML
SETTLE-SUG-7410293db3d6853c8303c201,2026-09-26T12:55:53.058930-07:00,NCAA_Football,NCAA_Football,PL-217968,SUG-7410293db3d6853c8303c201,7,LOSS,,,ESPN_PUBLIC:401856704:BOX_SCORE
SETTLE-SUG-74bca277e6a8bfb5ec0f911e,2026-09-26T12:55:53.058930-07:00,NCAA_Football,NCAA_Football,PL-217968,SUG-74bca277e6a8bfb5ec0f911e,1,WIN,,,ESPN_PUBLIC:401856704:FINAL_SCORE_ML
SETTLE-SUG-74c606640ba655a0b33eb48b,2026-09-26T12:55:53.058930-07:00,NCAA_Football,NCAA_Football,PL-217968,SUG-74c606640ba655a0b33eb48b,1,WIN,,,ESPN_PUBLIC:401856704:FINAL_SCORE_ML
SETTLE-SUG-76a4bcae4adfcb39ea878eda,2026-09-26T12:55:53.058930-07:00,NCAA_Football,NCAA_Football,PL-217885,SUG-76a4bcae4adfcb39ea878eda,75,WIN,,,ESPN_PUBLIC:401858243:BOX_SCORE
SETTLE-SUG-78480d55a507fb33e3616f86,2026-09-26T12:55:53.058930-07:00,NCAA_Football,NCAA_Football,PL-217885,SUG-78480d55a507fb33e3616f86,1,LOSS,,,ESPN_PUBLIC:401858243:BOX_SCORE
SETTLE-SUG-78d97d597a4b3cd268b3ce7d,2026-09-26T12:55:53.058930-07:00,NCAA_Football,NCAA_Football,PL-37377,SUG-78d97d597a4b3cd268b3ce7d,1,WIN,,,ESPN_PUBLIC:401856704:FINAL_SCORE_ML
SETTLE-SUG-78f535a7d9cf172e27d33898,2026-09-26T12:55:53.058930-07:00,NCAA_Football,NCAA_Football,PL-215553,SUG-78f535a7d9cf172e27d33898,0,LOSS,,,ESPN_PUBLIC:401858243:FINAL_SCORE_ML
SETTLE-SUG-7e85b8827c52807f6f1ac8f6,2026-09-26T12:55:53.058930-07:00,NCAA_Football,NCAA_Football,PL-37376,SUG-7e85b8827c52807f6f1ac8f6,1,WIN,,,ESPN_PUBLIC:401856704:FINAL_SCORE_ML
SETTLE-SUG-8367ea9b961be66db56efd3d,2026-09-26T12:55:53.058930-07:00,NCAA_Football,NCAA_Football,PL-217968,SUG-8367ea9b961be66db56efd3d,0,LOSS,,,ESPN_PUBLIC:401856704:BOX_SCORE
SETTLE-SUG-84f0fa489f72d5e13ecfb227,2026-09-26T12:55:53.058930-07:00,NCAA_Football,NCAA_Football,PL-37377,SUG-84f0fa489f72d5e13ecfb227,1,WIN,,,ESPN_PUBLIC:401856704:FINAL_SCORE_ML
SETTLE-SUG-850892e37191ca1d806526a7,2026-09-26T12:55:53.058930-07:00,NCAA_Football,NCAA_Football,PL-217885,SUG-850892e37191ca1d806526a7,324,WIN,,,ESPN_PUBLIC:401858243:BOX_SCORE
SETTLE-SUG-85d9c9ac5f36c2d45d7ef360,2026-09-26T12:55:53.058930-07:00,NCAA_Football,NCAA_Football,PL-215553,SUG-85d9c9ac5f36c2d45d7ef360,0,LOSS,,,ESPN_PUBLIC:401858243:FINAL_SCORE_ML
SETTLE-SUG-86e5c9c3d530a31cb7c159e1,2026-09-26T12:55:53.058930-07:00,NCAA_Football,NCAA_Football,PL-37376,SUG-86e5c9c3d530a31cb7c159e1,1,WIN,,,ESPN_PUBLIC:401856704:FINAL_SCORE_ML
SETTLE-SUG-88101f1ea1b37de2ce2129a6,2026-09-26T12:55:53.058930-07:00,NCAA_Football,NCAA_Football,PL-217968,SUG-88101f1ea1b37de2ce2129a6,145,WIN,,,ESPN_PUBLIC:401856704:BOX_SCORE
SETTLE-SUG-885099026018659acfa32a85,2026-09-26T12:55:53.058930-07:00,NCAA_Football,NCAA_Football,PL-217885,SUG-885099026018659acfa32a85,225,LOSS,,,ESPN_PUBLIC:401858243:BOX_SCORE
SETTLE-SUG-8e277c8e81d3ebb3f647d0c0,2026-09-26T12:55:53.058930-07:00,NCAA_Football,NCAA_Football,PL-217968,SUG-8e277c8e81d3ebb3f647d0c0,23,WIN,,,ESPN_PUBLIC:401856704:BOX_SCORE
SETTLE-SUG-90dfaf3374248e59c1cff6a4,2026-09-26T12:55:53.058930-07:00,NCAA_Football,NCAA_Football,PL-217968,SUG-90dfaf3374248e59c1cff6a4,1,WIN,,,ESPN_PUBLIC:401856704:BOX_SCORE
SETTLE-SUG-91f42755dcc404aaca83a375,2026-09-26T12:55:53.058930-07:00,NCAA_Football,NCAA_Football,PL-37377,SUG-91f42755dcc404aaca83a375,1,WIN,,,ESPN_PUBLIC:401856704:FINAL_SCORE_ML
SETTLE-SUG-97bd5dc9e85d1f9ae686da8d,2026-09-26T12:55:53.058930-07:00,NCAA_Football,NCAA_Football,PL-217968,SUG-97bd5dc9e85d1f9ae686da8d,201,WIN,,,ESPN_PUBLIC:401856704:BOX_SCORE
SETTLE-SUG-9876b2d0b46d0b233b6fce0b,2026-09-26T12:55:53.058930-07:00,NCAA_Football,NCAA_Football,PL-37376,SUG-9876b2d0b46d0b233b6fce0b,1,WIN,,,ESPN_PUBLIC:401856704:FINAL_SCORE_ML
SETTLE-SUG-9895bdd6ad857dd208f89caa,2026-09-26T12:55:53.058930-07:00,NCAA_Football,NCAA_Football,PL-217968,SUG-9895bdd6ad857dd208f89caa,1,WIN,,,ESPN_PUBLIC:401856704:FINAL_SCORE_ML
SETTLE-SUG-98fcc16ae42d1041ffad5f70,2026-09-26T12:55:53.058930-07:00,NCAA_Football,NCAA_Football,PL-217968,SUG-98fcc16ae42d1041ffad5f70,201,WIN,,,ESPN_PUBLIC:401856704:BOX_SCORE
SETTLE-SUG-9987def70930f1210899b6aa,2026-09-26T12:55:53.058930-07:00,NCAA_Football,NCAA_Football,PL-217885,SUG-9987def70930f1210899b6aa,9,LOSS,,,ESPN_PUBLIC:401858243:BOX_SCORE
SETTLE-SUG-9a4d32917cd83825dcf0d6b2,2026-09-26T12:55:53.058930-07:00,NCAA_Football,NCAA_Football,PL-217968,SUG-9a4d32917cd83825dcf0d6b2,8,WIN,,,ESPN_PUBLIC:401856704:BOX_SCORE
SETTLE-SUG-9b4e6107b3a7ed8c2c7c6c96,2026-09-26T12:55:53.058930-07:00,NCAA_Football,NCAA_Football,PL-217885,SUG-9b4e6107b3a7ed8c2c7c6c96,0,LOSS,,,ESPN_PUBLIC:401858243:FINAL_SCORE_ML
SETTLE-SUG-9e6dd4e5bf90c9cef88bfab1,2026-09-26T12:55:53.058930-07:00,NCAA_Football,NCAA_Football,PL-217968,SUG-9e6dd4e5bf90c9cef88bfab1,72,LOSS,,,ESPN_PUBLIC:401856704:BOX_SCORE
SETTLE-SUG-a0bcdc4695d337a845a662f7,2026-09-26T12:55:53.058930-07:00,NCAA_Football,NCAA_Football,PL-217968,SUG-a0bcdc4695d337a845a662f7,45,WIN,,,ESPN_PUBLIC:401856704:BOX_SCORE
SETTLE-SUG-a595a90f170ab95431e3a634,2026-09-26T12:55:53.058930-07:00,NCAA_Football,NCAA_Football,PL-217968,SUG-a595a90f170ab95431e3a634,30,WIN,,,ESPN_PUBLIC:401856704:BOX_SCORE
SETTLE-SUG-a6f4cb6060729862134d1238,2026-09-26T12:55:53.058930-07:00,NCAA_Football,NCAA_Football,PL-217968,SUG-a6f4cb6060729862134d1238,1,WIN,,,ESPN_PUBLIC:401856704:FINAL_SCORE_ML
SETTLE-SUG-a8c72936edf5abea0585ce83,2026-09-26T12:55:53.058930-07:00,NCAA_Football,NCAA_Football,PL-217885,SUG-a8c72936edf5abea0585ce83,0,LOSS,,,ESPN_PUBLIC:401858243:FINAL_SCORE_ML
SETTLE-SUG-a8f231bcbc6585ac37fd268b,2026-09-26T12:55:53.058930-07:00,NCAA_Football,NCAA_Football,PL-217885,SUG-a8f231bcbc6585ac37fd268b,85,WIN,,,ESPN_PUBLIC:401858243:BOX_SCORE
SETTLE-SUG-aec07b72048d9a774d62ae1b,2026-09-26T12:55:53.058930-07:00,NCAA_Football,NCAA_Football,PL-217885,SUG-aec07b72048d9a774d62ae1b,324,WIN,,,ESPN_PUBLIC:401858243:BOX_SCORE
SETTLE-SUG-b048cf645788db61aeb4c1ee,2026-09-26T12:55:53.058930-07:00,NCAA_Football,NCAA_Football,PL-215553,SUG-b048cf645788db61aeb4c1ee,324,WIN,,,ESPN_PUBLIC:401858243:BOX_SCORE
SETTLE-SUG-b1afff578778583928d73d46,2026-09-26T12:55:53.058930-07:00,NCAA_Football,NCAA_Football,PL-217885,SUG-b1afff578778583928d73d46,1,LOSS,,,ESPN_PUBLIC:401858243:BOX_SCORE
SETTLE-SUG-b75e9c61d02f6b23ea435797,2026-09-26T12:55:53.058930-07:00,NCAA_Football,NCAA_Football,PL-217968,SUG-b75e9c61d02f6b23ea435797,1,WIN,,,ESPN_PUBLIC:401856704:FINAL_SCORE_ML
SETTLE-SUG-c20e38ba916992bf7bad6ff4,2026-09-26T12:55:53.058930-07:00,NCAA_Football,NCAA_Football,PL-217885,SUG-c20e38ba916992bf7bad6ff4,0,LOSS,,,ESPN_PUBLIC:401858243:FINAL_SCORE_ML
SETTLE-SUG-c28ede194d5568397b1e8fa6,2026-09-26T12:55:53.058930-07:00,NCAA_Football,NCAA_Football,PL-215553,SUG-c28ede194d5568397b1e8fa6,0,LOSS,,,ESPN_PUBLIC:401858243:FINAL_SCORE_ML
SETTLE-SUG-c47e5a6eee2c02a545313003,2026-09-26T12:55:53.058930-07:00,NCAA_Football,NCAA_Football,PL-217968,SUG-c47e5a6eee2c02a545313003,74,LOSS,,,ESPN_PUBLIC:401856704:BOX_SCORE
SETTLE-SUG-c894f02e4c9954de27f453dd,2026-09-26T12:55:53.058930-07:00,NCAA_Football,NCAA_Football,PL-215553,SUG-c894f02e4c9954de27f453dd,0,LOSS,,,ESPN_PUBLIC:401858243:FINAL_SCORE_ML
SETTLE-SUG-c9783f5627f47dae79b9cb33,2026-09-26T12:55:53.058930-07:00,NCAA_Football,NCAA_Football,PL-217885,SUG-c9783f5627f47dae79b9cb33,10,WIN,,,ESPN_PUBLIC:401858243:BOX_SCORE
SETTLE-SUG-cb29ea2a052b34c667616db5,2026-09-26T12:55:53.058930-07:00,NCAA_Football,NCAA_Football,PL-217885,SUG-cb29ea2a052b34c667616db5,5,LOSS,,,ESPN_PUBLIC:401858243:BOX_SCORE
SETTLE-SUG-cf1fa9599c2f0ed1986cbba8,2026-09-26T12:55:53.058930-07:00,NCAA_Football,NCAA_Football,PL-37377,SUG-cf1fa9599c2f0ed1986cbba8,201,WIN,,,ESPN_PUBLIC:401856704:BOX_SCORE
SETTLE-SUG-cf8879d95749e5822688469c,2026-09-26T12:55:53.058930-07:00,NCAA_Football,NCAA_Football,PL-37377,SUG-cf8879d95749e5822688469c,1,WIN,,,ESPN_PUBLIC:401856704:FINAL_SCORE_ML
SETTLE-SUG-d3e244c4b43fa89a6d00bb6e,2026-09-26T12:55:53.058930-07:00,NCAA_Football,NCAA_Football,PL-217968,SUG-d3e244c4b43fa89a6d00bb6e,8,WIN,,,ESPN_PUBLIC:401856704:BOX_SCORE
SETTLE-SUG-d48c42c42f6ac1a1c28ede1f,2026-09-26T12:55:53.058930-07:00,NCAA_Football,NCAA_Football,PL-217968,SUG-d48c42c42f6ac1a1c28ede1f,72,LOSS,,,ESPN_PUBLIC:401856704:BOX_SCORE
SETTLE-SUG-d4bb7c4eb14dbcb0010788c8,2026-09-26T12:55:53.058930-07:00,NCAA_Football,NCAA_Football,PL-215553,SUG-d4bb7c4eb14dbcb0010788c8,0,LOSS,,,ESPN_PUBLIC:401858243:FINAL_SCORE_ML
SETTLE-SUG-d5aaa59502ed6dbb1f84ecc8,2026-09-26T12:55:53.058930-07:00,NCAA_Football,NCAA_Football,PL-37377,SUG-d5aaa59502ed6dbb1f84ecc8,1,WIN,,,ESPN_PUBLIC:401856704:FINAL_SCORE_ML
SETTLE-SUG-d5eeb23a5647093861e76475,2026-09-26T12:55:53.058930-07:00,NCAA_Football,NCAA_Football,PL-217968,SUG-d5eeb23a5647093861e76475,145,WIN,,,ESPN_PUBLIC:401856704:BOX_SCORE
SETTLE-SUG-d6de7ed029df00c3caa07d77,2026-09-26T12:55:53.058930-07:00,NCAA_Football,NCAA_Football,PL-217885,SUG-d6de7ed029df00c3caa07d77,1,LOSS,,,ESPN_PUBLIC:401858243:BOX_SCORE
SETTLE-SUG-d97d840c8c2051ee693bb53f,2026-09-26T12:55:53.058930-07:00,NCAA_Football,NCAA_Football,PL-217885,SUG-d97d840c8c2051ee693bb53f,0,LOSS,,,ESPN_PUBLIC:401858243:FINAL_SCORE_ML
SETTLE-SUG-e0a524183cd590d8802cf1a3,2026-09-26T12:55:53.058930-07:00,NCAA_Football,NCAA_Football,PL-215553,SUG-e0a524183cd590d8802cf1a3,0,LOSS,,,ESPN_PUBLIC:401858243:FINAL_SCORE_ML
SETTLE-SUG-e23e290727f3c0692cc7c18c,2026-09-26T12:55:53.058930-07:00,NCAA_Football,NCAA_Football,PL-217968,SUG-e23e290727f3c0692cc7c18c,4,WIN,,,ESPN_PUBLIC:401856704:BOX_SCORE
SETTLE-SUG-e3011d288fab520b08846df1,2026-09-26T12:55:53.058930-07:00,NCAA_Football,NCAA_Football,PL-217885,SUG-e3011d288fab520b08846df1,5,LOSS,,,ESPN_PUBLIC:401858243:BOX_SCORE
SETTLE-SUG-e3b423b8f7bd5e5cda9cf241,2026-09-26T12:55:53.058930-07:00,NCAA_Football,NCAA_Football,PL-37377,SUG-e3b423b8f7bd5e5cda9cf241,1,WIN,,,ESPN_PUBLIC:401856704:FINAL_SCORE_ML
SETTLE-SUG-e41c39c7752f51c9fe7976df,2026-09-26T12:55:53.058930-07:00,NCAA_Football,NCAA_Football,PL-215553,SUG-e41c39c7752f51c9fe7976df,0,LOSS,,,ESPN_PUBLIC:401858243:FINAL_SCORE_ML
SETTLE-SUG-e88b11e90008bf2dbc872ed1,2026-09-26T12:55:53.058930-07:00,NCAA_Football,NCAA_Football,PL-217885,SUG-e88b11e90008bf2dbc872ed1,71,LOSS,,,ESPN_PUBLIC:401858243:BOX_SCORE
SETTLE-SUG-edb33526463bb7a5b840b749,2026-09-26T12:55:53.058930-07:00,NCAA_Football,NCAA_Football,PL-37377,SUG-edb33526463bb7a5b840b749,1,WIN,,,ESPN_PUBLIC:401856704:FINAL_SCORE_ML
SETTLE-SUG-f1911f50c6db1f37417e9a4f,2026-09-26T12:55:53.058930-07:00,NCAA_Football,NCAA_Football,PL-217885,SUG-f1911f50c6db1f37417e9a4f,10,WIN,,,ESPN_PUBLIC:401858243:BOX_SCORE
SETTLE-SUG-f2d153973b45cd550805c0e8,2026-09-26T12:55:53.058930-07:00,NCAA_Football,NCAA_Football,PL-37377,SUG-f2d153973b45cd550805c0e8,1,WIN,,,ESPN_PUBLIC:401856704:FINAL_SCORE_ML
SETTLE-SUG-f69f799b760c23c6a2cc4f43,2026-09-26T12:55:53.058930-07:00,NCAA_Football,NCAA_Football,PL-217968,SUG-f69f799b760c23c6a2cc4f43,1,WIN,,,ESPN_PUBLIC:401856704:FINAL_SCORE_ML
SETTLE-SUG-f6e0e8bb7143c89994568929,2026-09-26T12:55:53.058930-07:00,NCAA_Football,NCAA_Football,PL-217968,SUG-f6e0e8bb7143c89994568929,23,WIN,,,ESPN_PUBLIC:401856704:BOX_SCORE
SETTLE-SUG-fcae3104078a89389d99f3be,2026-09-26T12:55:53.058930-07:00,NCAA_Football,NCAA_Football,PL-217968,SUG-fcae3104078a89389d99f3be,1,WIN,,,ESPN_PUBLIC:401856704:FINAL_SCORE_ML
SETTLE-SUG-fdca74b25d5079871aaeac53,2026-09-26T12:55:53.058930-07:00,NCAA_Football,NCAA_Football,PL-215553,SUG-fdca74b25d5079871aaeac53,0,LOSS,,,ESPN_PUBLIC:401858243:FINAL_SCORE_ML
SETTLE-SUG-0803c49ba4b3d18ca65d1c60,2026-09-26T13:14:12.844463-07:00,NCAA_Football,NCAA_Football,PAPI-c0d50784577a3a9a,SUG-0803c49ba4b3d18ca65d1c60,1,WIN,,,ESPN_PUBLIC:401864576:BOX_SCORE
SETTLE-SUG-108fd630b29558ed6ae550bf,2026-09-26T13:14:12.844463-07:00,NCAA_Football,NCAA_Football,PAPI-c0d50784577a3a9a,SUG-108fd630b29558ed6ae550bf,1,LOSS,,,ESPN_PUBLIC:401864576:BOX_SCORE
SETTLE-SUG-1c7831e298e1748152d7c12d,2026-09-26T13:14:12.844463-07:00,MLB,MLB,PL-232563,SUG-1c7831e298e1748152d7c12d,0,LOSS,,,ESPN_PUBLIC:401817092:FINAL_SCORE_ML
SETTLE-SUG-1ccee560d41881b85970c4c5,2026-09-26T13:14:12.844463-07:00,NCAA_Football,NCAA_Football,PL-217962,SUG-1ccee560d41881b85970c4c5,0,LOSS,,,ESPN_PUBLIC:401866427:FINAL_SCORE_ML
SETTLE-SUG-24898a6f79137f15dde2bd26,2026-09-26T13:14:12.844463-07:00,NCAA_Football,NCAA_Football,PAPI-c0d50784577a3a9a,SUG-24898a6f79137f15dde2bd26,177,WIN,,,ESPN_PUBLIC:401864576:BOX_SCORE
SETTLE-SUG-25c1f76cee879c17792e7870,2026-09-26T13:14:12.844463-07:00,NCAA_Football,NCAA_Football,PL-217962,SUG-25c1f76cee879c17792e7870,0,LOSS,,,ESPN_PUBLIC:401866427:FINAL_SCORE_ML
SETTLE-SUG-299bd67c9b8f2b1cb0352d27,2026-09-26T13:14:12.844463-07:00,MLB,MLB,PL-232563,SUG-299bd67c9b8f2b1cb0352d27,0,LOSS,,,ESPN_PUBLIC:401817092:FINAL_SCORE_ML
SETTLE-SUG-2fb509f57f6dc49dfa302c35,2026-09-26T13:14:12.844463-07:00,NCAA_Football,NCAA_Football,PAPI-c0d50784577a3a9a,SUG-2fb509f57f6dc49dfa302c35,3,LOSS,,,ESPN_PUBLIC:401864576:BOX_SCORE
SETTLE-SUG-2fd35bf1aa7a6c0c72e68ed3,2026-09-26T13:14:12.844463-07:00,NCAA_Football,NCAA_Football,PAPI-c0d50784577a3a9a,SUG-2fd35bf1aa7a6c0c72e68ed3,1,WIN,,,ESPN_PUBLIC:401864576:BOX_SCORE
SETTLE-SUG-347147deefffd716a2f51be8,2026-09-26T13:14:12.844463-07:00,NCAA_Football,NCAA_Football,PAPI-c0d50784577a3a9a,SUG-347147deefffd716a2f51be8,43,WIN,,,ESPN_PUBLIC:401864576:BOX_SCORE
SETTLE-SUG-3cd17725da07f55a281f2568,2026-09-26T13:14:12.844463-07:00,NCAA_Football,NCAA_Football,PAPI-c0d50784577a3a9a,SUG-3cd17725da07f55a281f2568,18,WIN,,,ESPN_PUBLIC:401864576:BOX_SCORE
SETTLE-SUG-3f766db0ce990db479fb481d,2026-09-26T13:14:12.844463-07:00,NCAA_Football,NCAA_Football,PAPI-c0d50784577a3a9a,SUG-3f766db0ce990db479fb481d,2,LOSS,,,ESPN_PUBLIC:401864576:BOX_SCORE
SETTLE-SUG-4a210d6fdebf12376d9ac721,2026-09-26T13:14:12.844463-07:00,MLB,MLB,PL-232563,SUG-4a210d6fdebf12376d9ac721,0,LOSS,,,ESPN_PUBLIC:401817092:FINAL_SCORE_ML
SETTLE-SUG-4de13ea25398ba416e42f9d5,2026-09-26T13:14:12.844463-07:00,NCAA_Football,NCAA_Football,PAPI-c0d50784577a3a9a,SUG-4de13ea25398ba416e42f9d5,18,LOSS,,,ESPN_PUBLIC:401864576:BOX_SCORE
SETTLE-SUG-4e0261ea03be6daa084515c6,2026-09-26T13:14:12.844463-07:00,NCAA_Football,NCAA_Football,PAPI-c0d50784577a3a9a,SUG-4e0261ea03be6daa084515c6,43,WIN,,,ESPN_PUBLIC:401864576:BOX_SCORE
SETTLE-SUG-556cbbd53297dffd7b5bffd9,2026-09-26T13:14:12.844463-07:00,NCAA_Football,NCAA_Football,PAPI-c0d50784577a3a9a,SUG-556cbbd53297dffd7b5bffd9,43,LOSS,,,ESPN_PUBLIC:401864576:BOX_SCORE
SETTLE-SUG-55b0b89dfe3abdb6bba53584,2026-09-26T13:14:12.844463-07:00,MLB,MLB,PL-232563,SUG-55b0b89dfe3abdb6bba53584,0,LOSS,,,ESPN_PUBLIC:401817092:FINAL_SCORE_ML
SETTLE-SUG-5d3957b1e627ed595825e64d,2026-09-26T13:14:12.844463-07:00,NCAA_Football,NCAA_Football,PAPI-c0d50784577a3a9a,SUG-5d3957b1e627ed595825e64d,18,WIN,,,ESPN_PUBLIC:401864576:BOX_SCORE
SETTLE-SUG-627913c3b2ac1a6807232881,2026-09-26T13:14:12.844463-07:00,MLB,MLB,KXMLBRBI-26SEP261310PITDET,SUG-627913c3b2ac1a6807232881,0,LOSS,,,ESPN_PUBLIC:401817092:FINAL_SCORE_ML
SETTLE-SUG-67660ad33e0f09eb85aab044,2026-09-26T13:14:12.844463-07:00,NCAA_Football,NCAA_Football,PAPI-c0d50784577a3a9a,SUG-67660ad33e0f09eb85aab044,16,WIN,,,ESPN_PUBLIC:401864576:BOX_SCORE
SETTLE-SUG-6a41e54d664ae6406821315a,2026-09-26T13:14:12.844463-07:00,NCAA_Football,NCAA_Football,PAPI-c0d50784577a3a9a,SUG-6a41e54d664ae6406821315a,3,LOSS,,,ESPN_PUBLIC:401864576:BOX_SCORE
SETTLE-SUG-774065a32370fedcaa5e2fae,2026-09-26T13:14:12.844463-07:00,NCAA_Football,NCAA_Football,PAPI-c0d50784577a3a9a,SUG-774065a32370fedcaa5e2fae,12,WIN,,,ESPN_PUBLIC:401864576:BOX_SCORE
SETTLE-SUG-7af91b3c172bbd708bd50558,2026-09-26T13:14:12.844463-07:00,NCAA_Football,NCAA_Football,PAPI-c0d50784577a3a9a,SUG-7af91b3c172bbd708bd50558,2,LOSS,,,ESPN_PUBLIC:401864576:BOX_SCORE
SETTLE-SUG-85d30cf18a0e8eb8a30e6b25,2026-09-26T13:14:12.844463-07:00,NCAA_Football,NCAA_Football,PL-217962,SUG-85d30cf18a0e8eb8a30e6b25,0,LOSS,,,ESPN_PUBLIC:401866427:FINAL_SCORE_ML
SETTLE-SUG-9a3ccda8519328ee938367c9,2026-09-26T13:14:12.844463-07:00,NCAA_Football,NCAA_Football,PL-217962,SUG-9a3ccda8519328ee938367c9,0,LOSS,,,ESPN_PUBLIC:401866427:FINAL_SCORE_ML
SETTLE-SUG-9beaed76036957786942ec27,2026-09-26T13:14:12.844463-07:00,NCAA_Football,NCAA_Football,PAPI-c0d50784577a3a9a,SUG-9beaed76036957786942ec27,177,LOSS,,,ESPN_PUBLIC:401864576:BOX_SCORE
SETTLE-SUG-a18cc260eb01f304b5118770,2026-09-26T13:14:12.844463-07:00,NCAA_Football,NCAA_Football,PAPI-c0d50784577a3a9a,SUG-a18cc260eb01f304b5118770,1,LOSS,,,ESPN_PUBLIC:401864576:BOX_SCORE
SETTLE-SUG-a2e7c05c056807a254d86142,2026-09-26T13:14:12.844463-07:00,NCAA_Football,NCAA_Football,PAPI-c0d50784577a3a9a,SUG-a2e7c05c056807a254d86142,3,LOSS,,,ESPN_PUBLIC:401864576:BOX_SCORE
SETTLE-SUG-b2b744035e16dbefbc3fef78,2026-09-26T13:14:12.844463-07:00,NCAA_Football,NCAA_Football,PAPI-c0d50784577a3a9a,SUG-b2b744035e16dbefbc3fef78,16,WIN,,,ESPN_PUBLIC:401864576:BOX_SCORE
SETTLE-SUG-b929b3d1637d887c1b00af59,2026-09-26T13:14:12.844463-07:00,NCAA_Football,NCAA_Football,PAPI-c0d50784577a3a9a,SUG-b929b3d1637d887c1b00af59,18,LOSS,,,ESPN_PUBLIC:401864576:BOX_SCORE
SETTLE-SUG-c1be5c90a1961fea1d06f614,2026-09-26T13:14:12.844463-07:00,NCAA_Football,NCAA_Football,PL-215092,SUG-c1be5c90a1961fea1d06f614,1,WIN,,,ESPN_PUBLIC:401864576:FINAL_SCORE_ML
SETTLE-SUG-c4202d84400145cd3dab6065,2026-09-26T13:14:12.844463-07:00,NCAA_Football,NCAA_Football,PL-215092,SUG-c4202d84400145cd3dab6065,1,WIN,,,ESPN_PUBLIC:401864576:FINAL_SCORE_ML
SETTLE-SUG-c69681a10eb89971fb016432,2026-09-26T13:14:12.844463-07:00,MLB,MLB,PL-232563,SUG-c69681a10eb89971fb016432,0,LOSS,,,ESPN_PUBLIC:401817092:FINAL_SCORE_ML
SETTLE-SUG-c85082d0fe9ef694f55e3ec4,2026-09-26T13:14:12.844463-07:00,NCAA_Football,NCAA_Football,PAPI-c0d50784577a3a9a,SUG-c85082d0fe9ef694f55e3ec4,177,LOSS,,,ESPN_PUBLIC:401864576:BOX_SCORE
SETTLE-SUG-cfe82cca07bb4aa12e9451eb,2026-09-26T13:14:12.844463-07:00,MLB,MLB,PAPI-af82cc8c3d23bc7c,SUG-cfe82cca07bb4aa12e9451eb,0,LOSS,,,ESPN_PUBLIC:401817092:FINAL_SCORE_ML
SETTLE-SUG-d089ca298a144bc72fbe62a8,2026-09-26T13:14:12.844463-07:00,NCAA_Football,NCAA_Football,PAPI-c0d50784577a3a9a,SUG-d089ca298a144bc72fbe62a8,12,WIN,,,ESPN_PUBLIC:401864576:BOX_SCORE
SETTLE-SUG-d2c3edb54c895bb0844c46f1,2026-09-26T13:14:12.844463-07:00,NCAA_Football,NCAA_Football,PAPI-c0d50784577a3a9a,SUG-d2c3edb54c895bb0844c46f1,43,LOSS,,,ESPN_PUBLIC:401864576:BOX_SCORE
SETTLE-SUG-d51549a3c94bfd823aff4959,2026-09-26T13:14:12.844463-07:00,NCAA_Football,NCAA_Football,PL-215092,SUG-d51549a3c94bfd823aff4959,1,WIN,,,ESPN_PUBLIC:401864576:FINAL_SCORE_ML
SETTLE-SUG-e101084738b77de1f7d826ee,2026-09-26T13:14:12.844463-07:00,NCAA_Football,NCAA_Football,PAPI-c0d50784577a3a9a,SUG-e101084738b77de1f7d826ee,1,WIN,,,ESPN_PUBLIC:401864576:BOX_SCORE
SETTLE-SUG-e2cb9fde3122572abfa4b9f9,2026-09-26T13:14:12.844463-07:00,MLB,MLB,PL-232563,SUG-e2cb9fde3122572abfa4b9f9,0,LOSS,,,ESPN_PUBLIC:401817092:FINAL_SCORE_ML
SETTLE-SUG-e3f9b23ba83aebde0f7b37d1,2026-09-26T13:14:12.844463-07:00,NCAA_Football,NCAA_Football,PAPI-c0d50784577a3a9a,SUG-e3f9b23ba83aebde0f7b37d1,3,LOSS,,,ESPN_PUBLIC:401864576:BOX_SCORE
SETTLE-SUG-e58c1cbbad3c3c6979a6e48f,2026-09-26T13:14:12.844463-07:00,NCAA_Football,NCAA_Football,PAPI-c0d50784577a3a9a,SUG-e58c1cbbad3c3c6979a6e48f,1,LOSS,,,ESPN_PUBLIC:401864576:BOX_SCORE
SETTLE-SUG-e7c597ca455cd7b641ae837f,2026-09-26T13:14:12.844463-07:00,MLB,MLB,PAPI-af82cc8c3d23bc7c,SUG-e7c597ca455cd7b641ae837f,0,LOSS,,,ESPN_PUBLIC:401817092:FINAL_SCORE_ML
SETTLE-SUG-ec980fb91fe9e20b24948c8b,2026-09-26T13:14:12.844463-07:00,MLB,MLB,PAPI-af82cc8c3d23bc7c,SUG-ec980fb91fe9e20b24948c8b,0,LOSS,,,ESPN_PUBLIC:401817092:FINAL_SCORE_ML
SETTLE-SUG-f17780ebb1a426524ee29fa9,2026-09-26T13:14:12.844463-07:00,NCAA_Football,NCAA_Football,PAPI-c0d50784577a3a9a,SUG-f17780ebb1a426524ee29fa9,3,LOSS,,,ESPN_PUBLIC:401864576:BOX_SCORE
SETTLE-SUG-00e3b0bade657a79919a25d4,2026-09-26T15:42:34.887602-07:00,NCAA_Football,NCAA_Football,PL-215858,SUG-00e3b0bade657a79919a25d4,0,LOSS,,,ESPN_PUBLIC:401864510:FINAL_SCORE_ML
SETTLE-SUG-00ef8a5303a92c522933e1e8,2026-09-26T15:42:34.887602-07:00,NHL,NHL,PL-184820,SUG-00ef8a5303a92c522933e1e8,0,WIN,,,ESPN_PUBLIC:401879935:BOX_SCORE
SETTLE-SUG-0504257e4223e1355e7221d4,2026-09-26T15:42:34.887602-07:00,NHL,NHL,2026010053,SUG-0504257e4223e1355e7221d4,0,WIN,,,ESPN_PUBLIC:401879935:BOX_SCORE
SETTLE-SUG-089fb53212be0b342f6ae8f2,2026-09-26T15:42:34.887602-07:00,NHL,NHL,PL-184820,SUG-089fb53212be0b342f6ae8f2,1,WIN,,,ESPN_PUBLIC:401879935:FINAL_SCORE_ML
SETTLE-SUG-090a9023213eb9809e80579e,2026-09-26T15:42:34.887602-07:00,NHL,NHL,PL-184820,SUG-090a9023213eb9809e80579e,1,WIN,,,ESPN_PUBLIC:401879935:FINAL_SCORE_ML
SETTLE-SUG-09446b6a62784a11294eacd6,2026-09-26T15:42:34.887602-07:00,MLB,MLB,KXMLBRBI-26SEP261507CINTOR,SUG-09446b6a62784a11294eacd6,0,LOSS,,,ESPN_PUBLIC:401817090:FINAL_SCORE_ML
SETTLE-SUG-095bf8e1bb2dab72da59857b,2026-09-26T15:42:34.887602-07:00,NHL,NHL,PL-243754,SUG-095bf8e1bb2dab72da59857b,1,WIN,,,ESPN_PUBLIC:401879371:FINAL_SCORE_ML
SETTLE-SUG-0a6752d18fa87f93d7d45525,2026-09-26T15:42:34.887602-07:00,NHL,NHL,2026010055,SUG-0a6752d18fa87f93d7d45525,0,LOSS,,,ESPN_PUBLIC:401879457:FINAL_SCORE_ML
SETTLE-SUG-0fb3558ab3280677e05eff77,2026-09-26T15:42:34.887602-07:00,NCAA_Football,NCAA_Football,PL-217409,SUG-0fb3558ab3280677e05eff77,1,WIN,,,ESPN_PUBLIC:401858467:FINAL_SCORE_ML
SETTLE-SUG-131eb1d197d315852c7a489e,2026-09-26T15:42:34.887602-07:00,NHL,NHL,PL-184820,SUG-131eb1d197d315852c7a489e,0,WIN,,,ESPN_PUBLIC:401879935:BOX_SCORE
SETTLE-SUG-14c1414c68340013ac56a263,2026-09-26T15:42:34.887602-07:00,NHL,NHL,2026010053,SUG-14c1414c68340013ac56a263,0,WIN,,,ESPN_PUBLIC:401879935:BOX_SCORE
SETTLE-SUG-15cf5b690ebd2dc6b644d03d,2026-09-26T15:42:34.887602-07:00,MMA,MMA,PL-218881,SUG-15cf5b690ebd2dc6b644d03d,1,WIN,,,ESPN_PUBLIC:401914472:FINAL_WINNER_FLAG
SETTLE-SUG-19522cb8efdd48a7018c6464,2026-09-26T15:42:34.887602-07:00,NCAA_Football,NCAA_Football,PL-215858,SUG-19522cb8efdd48a7018c6464,1,WIN,,,ESPN_PUBLIC:401864510:FINAL_SCORE_ML
SETTLE-SUG-1a9a2995f762a00c34a12aca,2026-09-26T15:42:34.887602-07:00,NHL,NHL,2026010055,SUG-1a9a2995f762a00c34a12aca,0,LOSS,,,ESPN_PUBLIC:401879457:FINAL_SCORE_ML
SETTLE-SUG-1ad027b5ecc1e245c07d994e,2026-09-26T15:42:34.887602-07:00,NCAA_Football,NCAA_Football,PL-217409,SUG-1ad027b5ecc1e245c07d994e,1,WIN,,,ESPN_PUBLIC:401858467:FINAL_SCORE_ML
SETTLE-SUG-1c0ff7b7808822cab952f367,2026-09-26T15:42:34.887602-07:00,NCAA_Football,NCAA_Football,PL-217409,SUG-1c0ff7b7808822cab952f367,66,LOSS,,,ESPN_PUBLIC:401858467:BOX_SCORE
SETTLE-SUG-1d7c22ae4274127ae66edb10,2026-09-26T15:42:34.887602-07:00,NHL,NHL,PL-184820,SUG-1d7c22ae4274127ae66edb10,1,WIN,,,ESPN_PUBLIC:401879935:FINAL_SCORE_ML
SETTLE-SUG-1f52c18c2478f543ec0d0e0f,2026-09-26T15:42:34.887602-07:00,NHL,NHL,PL-243754,SUG-1f52c18c2478f543ec0d0e0f,0,LOSS,,,ESPN_PUBLIC:401879371:FINAL_SCORE_ML
SETTLE-SUG-1f6fe62e5d11b78b28b66c39,2026-09-26T15:42:34.887602-07:00,NHL,NHL,PL-184820,SUG-1f6fe62e5d11b78b28b66c39,0,WIN,,,ESPN_PUBLIC:401879935:BOX_SCORE
SETTLE-SUG-215555678a0249ba6b9aaf45,2026-09-26T15:42:34.887602-07:00,NCAA_Football,NCAA_Football,PL-217409,SUG-215555678a0249ba6b9aaf45,1,WIN,,,ESPN_PUBLIC:401858467:FINAL_SCORE_ML
SETTLE-SUG-27bdf98345765db561480088,2026-09-26T15:42:34.887602-07:00,NHL,NHL,2026010053,SUG-27bdf98345765db561480088,0,WIN,,,ESPN_PUBLIC:401879935:BOX_SCORE
SETTLE-SUG-28476bfad039664568bdd267,2026-09-26T15:42:34.887602-07:00,NHL,NHL,PL-184820,SUG-28476bfad039664568bdd267,1,WIN,,,ESPN_PUBLIC:401879935:FINAL_SCORE_ML
SETTLE-SUG-2a0ecb2343004f8fe529621c,2026-09-26T15:42:34.887602-07:00,NHL,NHL,PL-184820,SUG-2a0ecb2343004f8fe529621c,0,LOSS,,,ESPN_PUBLIC:401879935:FINAL_SCORE_ML
SETTLE-SUG-2a5fef9119a552c7a5165129,2026-09-26T15:42:34.887602-07:00,MMA,MMA,PL-218881,SUG-2a5fef9119a552c7a5165129,0,LOSS,,,ESPN_PUBLIC:401914472:FINAL_WINNER_FLAG
SETTLE-SUG-2ad9afe983ed750675a8f78e,2026-09-26T15:42:34.887602-07:00,NHL,NHL,2026010053,SUG-2ad9afe983ed750675a8f78e,1,WIN,,,ESPN_PUBLIC:401879935:FINAL_SCORE_ML
SETTLE-SUG-2bbe733b28e7937f2c9eab17,2026-09-26T15:42:34.887602-07:00,NHL,NHL,PL-184820,SUG-2bbe733b28e7937f2c9eab17,769,LOSS,,,ESPN_PUBLIC:401879935:BOX_SCORE
SETTLE-SUG-2d5ce520754735e6396393e3,2026-09-26T15:42:34.887602-07:00,NCAA_Football,NCAA_Football,PL-215858,SUG-2d5ce520754735e6396393e3,0,LOSS,,,ESPN_PUBLIC:401864510:FINAL_SCORE_ML
SETTLE-SUG-2ebcd82890222b7ac64ca185,2026-09-26T15:42:34.887602-07:00,NHL,NHL,PL-243754,SUG-2ebcd82890222b7ac64ca185,0,LOSS,,,ESPN_PUBLIC:401879371:FINAL_SCORE_ML
SETTLE-SUG-301d88ac84511463b58874c3,2026-09-26T15:42:34.887602-07:00,NCAA_Football,NCAA_Football,PL-217409,SUG-301d88ac84511463b58874c3,1,WIN,,,ESPN_PUBLIC:401858467:FINAL_SCORE_ML
SETTLE-SUG-3178208af00c04867ab735f4,2026-09-26T15:42:34.887602-07:00,NHL,NHL,2026010055,SUG-3178208af00c04867ab735f4,0,LOSS,,,ESPN_PUBLIC:401879457:FINAL_SCORE_ML
SETTLE-SUG-31c36bf5e70bd6baeefa79fe,2026-09-26T15:42:34.887602-07:00,NHL,NHL,PL-184820,SUG-31c36bf5e70bd6baeefa79fe,0,WIN,,,ESPN_PUBLIC:401879935:BOX_SCORE
SETTLE-SUG-33235a757bd34fb76913747a,2026-09-26T15:42:34.887602-07:00,NCAA_Football,NCAA_Football,PL-215858,SUG-33235a757bd34fb76913747a,0,LOSS,,,ESPN_PUBLIC:401864510:FINAL_SCORE_ML
SETTLE-SUG-3508d8bced7db1d2f97ca499,2026-09-26T15:42:34.887602-07:00,NCAA_Football,NCAA_Football,PL-217409,SUG-3508d8bced7db1d2f97ca499,1,WIN,,,ESPN_PUBLIC:401858467:FINAL_SCORE_ML
SETTLE-SUG-362c656537900afb01aab4c6,2026-09-26T15:42:34.887602-07:00,NHL,NHL,PL-243754,SUG-362c656537900afb01aab4c6,0,LOSS,,,ESPN_PUBLIC:401879371:FINAL_SCORE_ML
SETTLE-SUG-36cdf0ad36608d1e2c413158,2026-09-26T15:42:34.887602-07:00,NHL,NHL,PL-184821,SUG-36cdf0ad36608d1e2c413158,0,LOSS,,,ESPN_PUBLIC:401879457:FINAL_SCORE_ML
SETTLE-SUG-3966ece3cfecea0d906ea5a0,2026-09-26T15:42:34.887602-07:00,NHL,NHL,2026010053,SUG-3966ece3cfecea0d906ea5a0,0,WIN,,,ESPN_PUBLIC:401879935:BOX_SCORE
SETTLE-SUG-39c60e96f3f4928bec436468,2026-09-26T15:42:34.887602-07:00,NHL,NHL,PL-184821,SUG-39c60e96f3f4928bec436468,0,LOSS,,,ESPN_PUBLIC:401879457:FINAL_SCORE_ML
SETTLE-SUG-3ae44bbd16e8656a3d724412,2026-09-26T15:42:34.887602-07:00,MMA,MMA,PL-218881,SUG-3ae44bbd16e8656a3d724412,0,LOSS,,,ESPN_PUBLIC:401914472:FINAL_WINNER_FLAG
SETTLE-SUG-3b31f264efaad745acfcfc4e,2026-09-26T15:42:34.887602-07:00,NHL,NHL,PL-184820,SUG-3b31f264efaad745acfcfc4e,0,WIN,,,ESPN_PUBLIC:401879935:BOX_SCORE
SETTLE-SUG-3cd45ca74465890e1da34f31,2026-09-26T15:42:34.887602-07:00,NCAA_Football,NCAA_Football,PL-217409,SUG-3cd45ca74465890e1da34f31,237,WIN,,,ESPN_PUBLIC:401858467:BOX_SCORE
SETTLE-SUG-3cefed404e30956ca322a72b,2026-09-26T15:42:34.887602-07:00,NCAA_Football,NCAA_Football,PL-215858,SUG-3cefed404e30956ca322a72b,0,LOSS,,,ESPN_PUBLIC:401864510:FINAL_SCORE_ML
SETTLE-SUG-3d666dfbf359f28a667d7193,2026-09-26T15:42:34.887602-07:00,NCAA_Football,NCAA_Football,PL-215858,SUG-3d666dfbf359f28a667d7193,0,LOSS,,,ESPN_PUBLIC:401864510:FINAL_SCORE_ML
SETTLE-SUG-3dc4289f4f33befdbaa5e6a7,2026-09-26T15:42:34.887602-07:00,NCAA_Football,NCAA_Football,PL-215858,SUG-3dc4289f4f33befdbaa5e6a7,0,LOSS,,,ESPN_PUBLIC:401864510:FINAL_SCORE_ML
SETTLE-SUG-4103afca57b7d39d0a73cc15,2026-09-26T15:42:34.887602-07:00,NHL,NHL,PL-184821,SUG-4103afca57b7d39d0a73cc15,0,LOSS,,,ESPN_PUBLIC:401879457:FINAL_SCORE_ML
SETTLE-SUG-41b941f6d7a29632ce4bc14c,2026-09-26T15:42:34.887602-07:00,NHL,NHL,2026010055,SUG-41b941f6d7a29632ce4bc14c,0,LOSS,,,ESPN_PUBLIC:401879457:FINAL_SCORE_ML
SETTLE-SUG-437743976fc4a803360f4b0f,2026-09-26T15:42:34.887602-07:00,NCAA_Football,NCAA_Football,PL-216598,SUG-437743976fc4a803360f4b0f,1,WIN,,,ESPN_PUBLIC:401866428:FINAL_SCORE_ML
SETTLE-SUG-43d78e325629eda9860b2cf2,2026-09-26T15:42:34.887602-07:00,NHL,NHL,PL-184820,SUG-43d78e325629eda9860b2cf2,1,LOSS,,,ESPN_PUBLIC:401879935:BOX_SCORE
SETTLE-SUG-4494cb07f1db2d731a932d97,2026-09-26T15:42:34.887602-07:00,NHL,NHL,2026010055,SUG-4494cb07f1db2d731a932d97,0,LOSS,,,ESPN_PUBLIC:401879457:FINAL_SCORE_ML
SETTLE-SUG-450dbe8bf09925bf6be14206,2026-09-26T15:42:34.887602-07:00,NHL,NHL,PL-243754,SUG-450dbe8bf09925bf6be14206,1,WIN,,,ESPN_PUBLIC:401879371:FINAL_SCORE_ML
SETTLE-SUG-4630d41f87befb20a3904500,2026-09-26T15:42:34.887602-07:00,NCAA_Football,NCAA_Football,PL-217409,SUG-4630d41f87befb20a3904500,1,WIN,,,ESPN_PUBLIC:401858467:FINAL_SCORE_ML
SETTLE-SUG-4692f187f4b21e97208625da,2026-09-26T15:42:34.887602-07:00,NHL,NHL,PL-184820,SUG-4692f187f4b21e97208625da,1,WIN,,,ESPN_PUBLIC:401879935:FINAL_SCORE_ML
SETTLE-SUG-506fb35ed97706f273dd6b76,2026-09-26T15:42:34.887602-07:00,NHL,NHL,2026010055,SUG-506fb35ed97706f273dd6b76,0,LOSS,,,ESPN_PUBLIC:401879457:FINAL_SCORE_ML
SETTLE-SUG-516526488ab35d870d5e2b19,2026-09-26T15:42:34.887602-07:00,NHL,NHL,PL-184820,SUG-516526488ab35d870d5e2b19,1,WIN,,,ESPN_PUBLIC:401879935:FINAL_SCORE_ML
SETTLE-SUG-5298c6541b7fae59fe02d95a,2026-09-26T15:42:34.887602-07:00,NHL,NHL,2026010053,SUG-5298c6541b7fae59fe02d95a,0,WIN,,,ESPN_PUBLIC:401879935:BOX_SCORE
SETTLE-SUG-538ecadd5147975f265fe436,2026-09-26T15:42:34.887602-07:00,NHL,NHL,PL-243754,SUG-538ecadd5147975f265fe436,0,LOSS,,,ESPN_PUBLIC:401879371:FINAL_SCORE_ML
SETTLE-SUG-557ed5753526a02e1abb2b2e,2026-09-26T15:42:34.887602-07:00,MMA,MMA,PL-218881,SUG-557ed5753526a02e1abb2b2e,0,LOSS,,,ESPN_PUBLIC:401914472:FINAL_WINNER_FLAG
SETTLE-SUG-56f4f3d699cbd7cff37e9d8c,2026-09-26T15:42:34.887602-07:00,NCAA_Football,NCAA_Football,PL-218252,SUG-56f4f3d699cbd7cff37e9d8c,1,WIN,,,ESPN_PUBLIC:401864511:FINAL_SCORE_ML
SETTLE-SUG-5733698e2d1bd24e367de970,2026-09-26T15:42:34.887602-07:00,NHL,NHL,PL-184820,SUG-5733698e2d1bd24e367de970,0,WIN,,,ESPN_PUBLIC:401879935:BOX_SCORE
SETTLE-SUG-5a1c2300c9862803696ba9fa,2026-09-26T15:42:34.887602-07:00,NHL,NHL,2026010053,SUG-5a1c2300c9862803696ba9fa,0,WIN,,,ESPN_PUBLIC:401879935:BOX_SCORE
SETTLE-SUG-5a68ceac53cfbf20c46bbd83,2026-09-26T15:42:34.887602-07:00,NHL,NHL,PL-184820,SUG-5a68ceac53cfbf20c46bbd83,1,WIN,,,ESPN_PUBLIC:401879935:FINAL_SCORE_ML
SETTLE-SUG-5aa0d2fed9b5934fd5e30cd3,2026-09-26T15:42:34.887602-07:00,NHL,NHL,PL-184820,SUG-5aa0d2fed9b5934fd5e30cd3,1,LOSS,,,ESPN_PUBLIC:401879935:BOX_SCORE
SETTLE-SUG-5c47c83d98b2746a4d1facea,2026-09-26T15:42:34.887602-07:00,MMA,MMA,PL-218881,SUG-5c47c83d98b2746a4d1facea,1,WIN,,,ESPN_PUBLIC:401914472:FINAL_WINNER_FLAG
SETTLE-SUG-5c9691b5b7a65e0d208d852c,2026-09-26T15:42:34.887602-07:00,NHL,NHL,2026010053,SUG-5c9691b5b7a65e0d208d852c,0,WIN,,,ESPN_PUBLIC:401879935:BOX_SCORE
SETTLE-SUG-5cf951e2365efb9f1c480d32,2026-09-26T15:42:34.887602-07:00,NHL,NHL,PL-184820,SUG-5cf951e2365efb9f1c480d32,1,LOSS,,,ESPN_PUBLIC:401879935:BOX_SCORE
SETTLE-SUG-5d7872087de38a1f839c9486,2026-09-26T15:42:34.887602-07:00,NHL,NHL,2026010053,SUG-5d7872087de38a1f839c9486,0,LOSS,,,ESPN_PUBLIC:401879935:FINAL_SCORE_ML
SETTLE-SUG-5e4dadd0eddfa390e1406b35,2026-09-26T15:42:34.887602-07:00,NHL,NHL,PL-184820,SUG-5e4dadd0eddfa390e1406b35,0,WIN,,,ESPN_PUBLIC:401879935:BOX_SCORE
SETTLE-SUG-5e8089dcb4f54eabd1f69d88,2026-09-26T15:42:34.887602-07:00,NHL,NHL,2026010053,SUG-5e8089dcb4f54eabd1f69d88,0,WIN,,,ESPN_PUBLIC:401879935:BOX_SCORE
SETTLE-SUG-5ef5ea1dd968cbd641795161,2026-09-26T15:42:34.887602-07:00,NCAA_Football,NCAA_Football,PL-217409,SUG-5ef5ea1dd968cbd641795161,1,WIN,,,ESPN_PUBLIC:401858467:FINAL_SCORE_ML
SETTLE-SUG-602e912c2bf3d97ab73f81af,2026-09-26T15:42:34.887602-07:00,NHL,NHL,2026010053,SUG-602e912c2bf3d97ab73f81af,1,WIN,,,ESPN_PUBLIC:401879935:FINAL_SCORE_ML
SETTLE-SUG-608400b9dced24f14ecf9966,2026-09-26T15:42:34.887602-07:00,NHL,NHL,2026010055,SUG-608400b9dced24f14ecf9966,0,LOSS,,,ESPN_PUBLIC:401879457:FINAL_SCORE_ML
SETTLE-SUG-6250d43bc2e22df752b5dfc5,2026-09-26T15:42:34.887602-07:00,NHL,NHL,2026010052,SUG-6250d43bc2e22df752b5dfc5,1,WIN,,,ESPN_PUBLIC:401879371:FINAL_SCORE_ML
SETTLE-SUG-62bbf870475ee6c1e488079a,2026-09-26T15:42:34.887602-07:00,NHL,NHL,2026010055,SUG-62bbf870475ee6c1e488079a,0,LOSS,,,ESPN_PUBLIC:401879457:FINAL_SCORE_ML
SETTLE-SUG-634bf415888d9c6910935d7a,2026-09-26T15:42:34.887602-07:00,NHL,NHL,PL-184821,SUG-634bf415888d9c6910935d7a,0,LOSS,,,ESPN_PUBLIC:401879457:FINAL_SCORE_ML
SETTLE-SUG-645a5327ddf686279fb55e2a,2026-09-26T15:42:34.887602-07:00,MMA,MMA,PL-218881,SUG-645a5327ddf686279fb55e2a,1,WIN,,,ESPN_PUBLIC:401914472:FINAL_WINNER_FLAG
SETTLE-SUG-648a75a119301c61db3434da,2026-09-26T15:42:34.887602-07:00,NHL,NHL,2026010055,SUG-648a75a119301c61db3434da,0,LOSS,,,ESPN_PUBLIC:401879457:FINAL_SCORE_ML
SETTLE-SUG-65e81ac706f1105f2954767d,2026-09-26T15:42:34.887602-07:00,MMA,MMA,PL-218881,SUG-65e81ac706f1105f2954767d,1,WIN,,,ESPN_PUBLIC:401914472:FINAL_WINNER_FLAG
SETTLE-SUG-67bf62825e5d1bae80297858,2026-09-26T15:42:34.887602-07:00,NHL,NHL,PL-184820,SUG-67bf62825e5d1bae80297858,0,WIN,,,ESPN_PUBLIC:401879935:BOX_SCORE
SETTLE-SUG-69301ec3eba68bb08c6d1ae7,2026-09-26T15:42:34.887602-07:00,NCAA_Football,NCAA_Football,PL-218252,SUG-69301ec3eba68bb08c6d1ae7,1,WIN,,,ESPN_PUBLIC:401864511:FINAL_SCORE_ML
SETTLE-SUG-6b1748b1c68d47dc27d970ab,2026-09-26T15:42:34.887602-07:00,NHL,NHL,PL-184821,SUG-6b1748b1c68d47dc27d970ab,0,LOSS,,,ESPN_PUBLIC:401879457:FINAL_SCORE_ML
SETTLE-SUG-6bfded577bf993e8c8875699,2026-09-26T15:42:34.887602-07:00,MLB,MLB,KXMLBRBI-26SEP261507CINTOR,SUG-6bfded577bf993e8c8875699,0,LOSS,,,ESPN_PUBLIC:401817090:FINAL_SCORE_ML
SETTLE-SUG-6c263c4c9ff0676e3d8d71aa,2026-09-26T15:42:34.887602-07:00,NHL,NHL,2026010053,SUG-6c263c4c9ff0676e3d8d71aa,1,WIN,,,ESPN_PUBLIC:401879935:FINAL_SCORE_ML
SETTLE-SUG-6c6134c0483fe8774cf506e4,2026-09-26T15:42:34.887602-07:00,NHL,NHL,2026010055,SUG-6c6134c0483fe8774cf506e4,0,LOSS,,,ESPN_PUBLIC:401879457:FINAL_SCORE_ML
SETTLE-SUG-6d7b5225bdd515c3865722e4,2026-09-26T15:42:34.887602-07:00,NCAA_Football,NCAA_Football,PL-218252,SUG-6d7b5225bdd515c3865722e4,1,WIN,,,ESPN_PUBLIC:401864511:FINAL_SCORE_ML
SETTLE-SUG-6e1f0dc022f9731e5d1b23f6,2026-09-26T15:42:34.887602-07:00,NCAA_Football,NCAA_Football,PL-217409,SUG-6e1f0dc022f9731e5d1b23f6,1,WIN,,,ESPN_PUBLIC:401858467:FINAL_SCORE_ML
SETTLE-SUG-6ed6c45d9c6c2a9466be5ad6,2026-09-26T15:42:34.887602-07:00,NHL,NHL,PL-243754,SUG-6ed6c45d9c6c2a9466be5ad6,0,LOSS,,,ESPN_PUBLIC:401879371:FINAL_SCORE_ML
SETTLE-SUG-7000fec6618b4ef9c7958c69,2026-09-26T15:42:34.887602-07:00,NHL,NHL,PL-243754,SUG-7000fec6618b4ef9c7958c69,1,WIN,,,ESPN_PUBLIC:401879371:FINAL_SCORE_ML
SETTLE-SUG-7076b111c7ad860a4d4aa6b0,2026-09-26T15:42:34.887602-07:00,NCAA_Football,NCAA_Football,PL-217409,SUG-7076b111c7ad860a4d4aa6b0,1,WIN,,,ESPN_PUBLIC:401858467:FINAL_SCORE_ML
SETTLE-SUG-70ad164f720cdf8ed204226f,2026-09-26T15:42:34.887602-07:00,NHL,NHL,PL-243754,SUG-70ad164f720cdf8ed204226f,1,WIN,,,ESPN_PUBLIC:401879371:FINAL_SCORE_ML
SETTLE-SUG-70c09aff1e68d460f9311bf5,2026-09-26T15:42:34.887602-07:00,NHL,NHL,PL-184820,SUG-70c09aff1e68d460f9311bf5,1,WIN,,,ESPN_PUBLIC:401879935:FINAL_SCORE_ML
SETTLE-SUG-72f7977a8d92890d40923576,2026-09-26T15:42:34.887602-07:00,NHL,NHL,PL-184820,SUG-72f7977a8d92890d40923576,0,LOSS,,,ESPN_PUBLIC:401879935:BOX_SCORE
SETTLE-SUG-73b08825c3cd0d672d537893,2026-09-26T15:42:34.887602-07:00,NCAA_Football,NCAA_Football,PL-218650,SUG-73b08825c3cd0d672d537893,16,LOSS,,,ESPN_PUBLIC:401858462:BOX_SCORE
SETTLE-SUG-7598e308aa970675bafac309,2026-09-26T15:42:34.887602-07:00,NCAA_Football,NCAA_Football,PL-215858,SUG-7598e308aa970675bafac309,0,LOSS,,,ESPN_PUBLIC:401864510:FINAL_SCORE_ML
SETTLE-SUG-764708da11f5ff08677041f3,2026-09-26T15:42:34.887602-07:00,NCAA_Football,NCAA_Football,PL-216598,SUG-764708da11f5ff08677041f3,1,WIN,,,ESPN_PUBLIC:401866428:FINAL_SCORE_ML
SETTLE-SUG-76f848efb941621a00fe15fc,2026-09-26T15:42:34.887602-07:00,MLB,MLB,KXMLBRBI-26SEP261507CINTOR,SUG-76f848efb941621a00fe15fc,0,LOSS,,,ESPN_PUBLIC:401817090:FINAL_SCORE_ML
SETTLE-SUG-77e36217acc560dedbee91a9,2026-09-26T15:42:34.887602-07:00,MMA,MMA,PL-218881,SUG-77e36217acc560dedbee91a9,1,WIN,,,ESPN_PUBLIC:401914472:FINAL_WINNER_FLAG
SETTLE-SUG-783c73f279508765eca72ace,2026-09-26T15:42:34.887602-07:00,NCAA_Football,NCAA_Football,PL-215858,SUG-783c73f279508765eca72ace,0,LOSS,,,ESPN_PUBLIC:401864510:FINAL_SCORE_ML
SETTLE-SUG-7872497f27398365f9aa6411,2026-09-26T15:42:34.887602-07:00,NCAA_Football,NCAA_Football,PL-218650,SUG-7872497f27398365f9aa6411,1,WIN,,,ESPN_PUBLIC:401858462:BOX_SCORE
SETTLE-SUG-793ef36da1951ae62d01744d,2026-09-26T15:42:34.887602-07:00,NHL,NHL,PL-243754,SUG-793ef36da1951ae62d01744d,1,WIN,,,ESPN_PUBLIC:401879371:FINAL_SCORE_ML
SETTLE-SUG-7a38493616707ab5f517033a,2026-09-26T15:42:34.887602-07:00,NCAA_Football,NCAA_Football,PL-215858,SUG-7a38493616707ab5f517033a,0,LOSS,,,ESPN_PUBLIC:401864510:FINAL_SCORE_ML
SETTLE-SUG-7b76235de9df281dd41fbe92,2026-09-26T15:42:34.887602-07:00,NHL,NHL,PL-184820,SUG-7b76235de9df281dd41fbe92,0,WIN,,,ESPN_PUBLIC:401879935:BOX_SCORE
SETTLE-SUG-7d3179137fc0a461b96025cc,2026-09-26T15:42:34.887602-07:00,NCAA_Football,NCAA_Football,PL-215858,SUG-7d3179137fc0a461b96025cc,0,LOSS,,,ESPN_PUBLIC:401864510:FINAL_SCORE_ML
SETTLE-SUG-7e38c8827003bbd8d15c76e5,2026-09-26T15:42:34.887602-07:00,MMA,MMA,PL-218881,SUG-7e38c8827003bbd8d15c76e5,1,WIN,,,ESPN_PUBLIC:401914472:FINAL_WINNER_FLAG
SETTLE-SUG-808275d82f1d78879ae3ceae,2026-09-26T15:42:34.887602-07:00,NHL,NHL,PL-184821,SUG-808275d82f1d78879ae3ceae,0,LOSS,,,ESPN_PUBLIC:401879457:FINAL_SCORE_ML
SETTLE-SUG-8290896158129e2d1054f72d,2026-09-26T15:42:34.887602-07:00,NHL,NHL,2026010053,SUG-8290896158129e2d1054f72d,0,LOSS,,,ESPN_PUBLIC:401879935:FINAL_SCORE_ML
SETTLE-SUG-8432f7a7492545ba171de8a5,2026-09-26T15:42:34.887602-07:00,NHL,NHL,2026010053,SUG-8432f7a7492545ba171de8a5,0,WIN,,,ESPN_PUBLIC:401879935:BOX_SCORE
SETTLE-SUG-855d8f8fec5601532fd9a701,2026-09-26T15:42:34.887602-07:00,MMA,MMA,PL-218881,SUG-855d8f8fec5601532fd9a701,1,WIN,,,ESPN_PUBLIC:401914472:FINAL_WINNER_FLAG
SETTLE-SUG-868eb98b4d852dee52f7d47b,2026-09-26T15:42:34.887602-07:00,MMA,MMA,PL-218881,SUG-868eb98b4d852dee52f7d47b,1,WIN,,,ESPN_PUBLIC:401914472:FINAL_WINNER_FLAG
SETTLE-SUG-87ba6fcbaf3147d457640374,2026-09-26T15:42:34.887602-07:00,NCAA_Football,NCAA_Football,PL-218252,SUG-87ba6fcbaf3147d457640374,1,WIN,,,ESPN_PUBLIC:401864511:FINAL_SCORE_ML
SETTLE-SUG-885a5815c191492e1bcf3ef6,2026-09-26T15:42:34.887602-07:00,MMA,MMA,PL-218881,SUG-885a5815c191492e1bcf3ef6,0,LOSS,,,ESPN_PUBLIC:401914472:FINAL_WINNER_FLAG
SETTLE-SUG-897ca36fb771fe74531a3066,2026-09-26T15:42:34.887602-07:00,MMA,MMA,PL-218881,SUG-897ca36fb771fe74531a3066,0,LOSS,,,ESPN_PUBLIC:401914472:FINAL_WINNER_FLAG
SETTLE-SUG-89fc61cbff5589acc39ae837,2026-09-26T15:42:34.887602-07:00,NHL,NHL,PL-243754,SUG-89fc61cbff5589acc39ae837,1,WIN,,,ESPN_PUBLIC:401879371:FINAL_SCORE_ML
SETTLE-SUG-8aa4c045d318af8a118a0536,2026-09-26T15:42:34.887602-07:00,NCAA_Football,NCAA_Football,PL-215858,SUG-8aa4c045d318af8a118a0536,0,LOSS,,,ESPN_PUBLIC:401864510:FINAL_SCORE_ML
SETTLE-SUG-8bc25514967edf4a80d6f075,2026-09-26T15:42:34.887602-07:00,NHL,NHL,2026010055,SUG-8bc25514967edf4a80d6f075,0,LOSS,,,ESPN_PUBLIC:401879457:FINAL_SCORE_ML
SETTLE-SUG-8d061583b240e7c0a66f228f,2026-09-26T15:42:34.887602-07:00,NCAA_Football,NCAA_Football,PL-215858,SUG-8d061583b240e7c0a66f228f,0,LOSS,,,ESPN_PUBLIC:401864510:FINAL_SCORE_ML
SETTLE-SUG-8ee2dbeeea8b1d26706c0b2c,2026-09-26T15:42:34.887602-07:00,NHL,NHL,PL-243754,SUG-8ee2dbeeea8b1d26706c0b2c,1,WIN,,,ESPN_PUBLIC:401879371:FINAL_SCORE_ML
SETTLE-SUG-8fd3879c0d099e4edbdada13,2026-09-26T15:42:34.887602-07:00,NHL,NHL,PL-184821,SUG-8fd3879c0d099e4edbdada13,0,LOSS,,,ESPN_PUBLIC:401879457:FINAL_SCORE_ML
SETTLE-SUG-901fab8cf3a84621d4c67083,2026-09-26T15:42:34.887602-07:00,MLB,MLB,PL-232564,SUG-901fab8cf3a84621d4c67083,0,LOSS,,,ESPN_PUBLIC:401817090:FINAL_SCORE_ML
SETTLE-SUG-91416ca62ab26512ea9ad536,2026-09-26T15:42:34.887602-07:00,NHL,NHL,2026010055,SUG-91416ca62ab26512ea9ad536,0,LOSS,,,ESPN_PUBLIC:401879457:FINAL_SCORE_ML
SETTLE-SUG-9272ac59a77d465ec11645f9,2026-09-26T15:42:34.887602-07:00,MMA,MMA,PL-218881,SUG-9272ac59a77d465ec11645f9,1,WIN,,,ESPN_PUBLIC:401914472:FINAL_WINNER_FLAG
SETTLE-SUG-930be0b615fdb628270e7c92,2026-09-26T15:42:34.887602-07:00,NHL,NHL,PL-184820,SUG-930be0b615fdb628270e7c92,1,WIN,,,ESPN_PUBLIC:401879935:FINAL_SCORE_ML
SETTLE-SUG-956e5236abb9f730adafb678,2026-09-26T15:42:34.887602-07:00,MMA,MMA,PL-218881,SUG-956e5236abb9f730adafb678,0,LOSS,,,ESPN_PUBLIC:401914472:FINAL_WINNER_FLAG
SETTLE-SUG-958cc016e416913490755bc0,2026-09-26T15:42:34.887602-07:00,NHL,NHL,2026010053,SUG-958cc016e416913490755bc0,1,WIN,,,ESPN_PUBLIC:401879935:FINAL_SCORE_ML
SETTLE-SUG-962a98511c47ea1f56a119a1,2026-09-26T15:42:34.887602-07:00,NCAA_Football,NCAA_Football,PL-215858,SUG-962a98511c47ea1f56a119a1,0,LOSS,,,ESPN_PUBLIC:401864510:FINAL_SCORE_ML
SETTLE-SUG-96971d385d506f49d5ba01b5,2026-09-26T15:42:34.887602-07:00,NHL,NHL,PL-184821,SUG-96971d385d506f49d5ba01b5,0,LOSS,,,ESPN_PUBLIC:401879457:FINAL_SCORE_ML
SETTLE-SUG-97691e7c4d1c70438e94e1be,2026-09-26T15:42:34.887602-07:00,MMA,MMA,PL-218881,SUG-97691e7c4d1c70438e94e1be,1,WIN,,,ESPN_PUBLIC:401914472:FINAL_WINNER_FLAG
SETTLE-SUG-97b1427af0664fcae5db3d9a,2026-09-26T15:42:34.887602-07:00,MMA,MMA,PL-218881,SUG-97b1427af0664fcae5db3d9a,0,LOSS,,,ESPN_PUBLIC:401914472:FINAL_WINNER_FLAG
SETTLE-SUG-9885ca2435cb61ab7cd0fa36,2026-09-26T15:42:34.887602-07:00,NHL,NHL,PL-184820,SUG-9885ca2435cb61ab7cd0fa36,0,WIN,,,ESPN_PUBLIC:401879935:BOX_SCORE
SETTLE-SUG-9a268aa735e673d0d7d6c928,2026-09-26T15:42:34.887602-07:00,NHL,NHL,PL-184820,SUG-9a268aa735e673d0d7d6c928,1,WIN,,,ESPN_PUBLIC:401879935:FINAL_SCORE_ML
SETTLE-SUG-9a8fc3728a58d4c681b5508b,2026-09-26T15:42:34.887602-07:00,NHL,NHL,PL-184820,SUG-9a8fc3728a58d4c681b5508b,1,LOSS,,,ESPN_PUBLIC:401879935:BOX_SCORE
SETTLE-SUG-9c1a748b68574b7bd1e99517,2026-09-26T15:42:34.887602-07:00,NHL,NHL,2026010053,SUG-9c1a748b68574b7bd1e99517,1,WIN,,,ESPN_PUBLIC:401879935:FINAL_SCORE_ML
SETTLE-SUG-9dfb9fefe4d1a757ce0a7392,2026-09-26T15:42:34.887602-07:00,NCAA_Football,NCAA_Football,PL-215858,SUG-9dfb9fefe4d1a757ce0a7392,0,LOSS,,,ESPN_PUBLIC:401864510:FINAL_SCORE_ML
SETTLE-SUG-9e627e30b96845da45b9e6ce,2026-09-26T15:42:34.887602-07:00,NHL,NHL,PL-184821,SUG-9e627e30b96845da45b9e6ce,0,LOSS,,,ESPN_PUBLIC:401879457:FINAL_SCORE_ML
SETTLE-SUG-a14f3321c3ff61af8d6c204e,2026-09-26T15:42:34.887602-07:00,NCAA_Football,NCAA_Football,PL-215858,SUG-a14f3321c3ff61af8d6c204e,1,WIN,,,ESPN_PUBLIC:401864510:FINAL_SCORE_ML
SETTLE-SUG-a28da24169c2adadc3a4e1c2,2026-09-26T15:42:34.887602-07:00,NHL,NHL,PL-184820,SUG-a28da24169c2adadc3a4e1c2,0,LOSS,,,ESPN_PUBLIC:401879935:FINAL_SCORE_ML
SETTLE-SUG-a8d0cd2b9b36418dcdd9f5f3,2026-09-26T15:42:34.887602-07:00,MMA,MMA,PL-218881,SUG-a8d0cd2b9b36418dcdd9f5f3,1,WIN,,,ESPN_PUBLIC:401914472:FINAL_WINNER_FLAG
SETTLE-SUG-a9491a4abdba144f857e2094,2026-09-26T15:42:34.887602-07:00,NHL,NHL,2026010055,SUG-a9491a4abdba144f857e2094,0,LOSS,,,ESPN_PUBLIC:401879457:FINAL_SCORE_ML
SETTLE-SUG-aa94f78413cbca3d429ba1ca,2026-09-26T15:42:34.887602-07:00,NCAA_Football,NCAA_Football,PL-215858,SUG-aa94f78413cbca3d429ba1ca,0,LOSS,,,ESPN_PUBLIC:401864510:FINAL_SCORE_ML
SETTLE-SUG-ab0790913a3e8d22b18f6544,2026-09-26T15:42:34.887602-07:00,NHL,NHL,PL-184821,SUG-ab0790913a3e8d22b18f6544,0,LOSS,,,ESPN_PUBLIC:401879457:FINAL_SCORE_ML
SETTLE-SUG-ab6b6e5bfe8405c631905a42,2026-09-26T15:42:34.887602-07:00,NHL,NHL,PL-243754,SUG-ab6b6e5bfe8405c631905a42,1,WIN,,,ESPN_PUBLIC:401879371:FINAL_SCORE_ML
SETTLE-SUG-aba612bd6301ceb92f813e0e,2026-09-26T15:42:34.887602-07:00,NCAA_Football,NCAA_Football,PL-218650,SUG-aba612bd6301ceb92f813e0e,16,LOSS,,,ESPN_PUBLIC:401858462:BOX_SCORE
SETTLE-SUG-ad5306fe0c40ee98f08a0135,2026-09-26T15:42:34.887602-07:00,NCAA_Football,NCAA_Football,PL-215858,SUG-ad5306fe0c40ee98f08a0135,0,LOSS,,,ESPN_PUBLIC:401864510:FINAL_SCORE_ML
SETTLE-SUG-aeb0f8e4b273f80f0deccdbd,2026-09-26T15:42:34.887602-07:00,NHL,NHL,PL-184820,SUG-aeb0f8e4b273f80f0deccdbd,0,WIN,,,ESPN_PUBLIC:401879935:BOX_SCORE
SETTLE-SUG-aefe92f366c99b781cab9c2f,2026-09-26T15:42:34.887602-07:00,NHL,NHL,PL-184820,SUG-aefe92f366c99b781cab9c2f,1,WIN,,,ESPN_PUBLIC:401879935:FINAL_SCORE_ML
SETTLE-SUG-afe45ed5c2ea29a451ea6807,2026-09-26T15:42:34.887602-07:00,NHL,NHL,2026010053,SUG-afe45ed5c2ea29a451ea6807,1,WIN,,,ESPN_PUBLIC:401879935:FINAL_SCORE_ML
SETTLE-SUG-b0ce44097a611c81aae5f61f,2026-09-26T15:42:34.887602-07:00,NHL,NHL,PL-184820,SUG-b0ce44097a611c81aae5f61f,1,LOSS,,,ESPN_PUBLIC:401879935:BOX_SCORE
SETTLE-SUG-b110456865a8335af6bb992c,2026-09-26T15:42:34.887602-07:00,NHL,NHL,PL-184820,SUG-b110456865a8335af6bb992c,0,WIN,,,ESPN_PUBLIC:401879935:BOX_SCORE
SETTLE-SUG-b26009813f8792c43c0f798d,2026-09-26T15:42:34.887602-07:00,NHL,NHL,2026010053,SUG-b26009813f8792c43c0f798d,0,WIN,,,ESPN_PUBLIC:401879935:BOX_SCORE
SETTLE-SUG-b32753da5333c5fe8a6c841c,2026-09-26T15:42:34.887602-07:00,NHL,NHL,2026010053,SUG-b32753da5333c5fe8a6c841c,1,WIN,,,ESPN_PUBLIC:401879935:FINAL_SCORE_ML
SETTLE-SUG-b3a2a805106063d43300f2a9,2026-09-26T15:42:34.887602-07:00,NHL,NHL,PL-184821,SUG-b3a2a805106063d43300f2a9,0,LOSS,,,ESPN_PUBLIC:401879457:FINAL_SCORE_ML
SETTLE-SUG-b489db2198502f89ab67babe,2026-09-26T15:42:34.887602-07:00,NHL,NHL,PL-184820,SUG-b489db2198502f89ab67babe,1,WIN,,,ESPN_PUBLIC:401879935:FINAL_SCORE_ML
SETTLE-SUG-b54d56eb08c54c642897a989,2026-09-26T15:42:34.887602-07:00,NCAA_Football,NCAA_Football,PL-215858,SUG-b54d56eb08c54c642897a989,0,LOSS,,,ESPN_PUBLIC:401864510:FINAL_SCORE_ML
SETTLE-SUG-b5a7985e848686a0e98a1f34,2026-09-26T15:42:34.887602-07:00,NHL,NHL,PL-184820,SUG-b5a7985e848686a0e98a1f34,0,WIN,,,ESPN_PUBLIC:401879935:BOX_SCORE
SETTLE-SUG-b62047bd903f93d18a008515,2026-09-26T15:42:34.887602-07:00,NCAA_Football,NCAA_Football,PL-215858,SUG-b62047bd903f93d18a008515,0,LOSS,,,ESPN_PUBLIC:401864510:FINAL_SCORE_ML
SETTLE-SUG-b6ebbc16f599629ba1a913e3,2026-09-26T15:42:34.887602-07:00,NHL,NHL,2026010053,SUG-b6ebbc16f599629ba1a913e3,0,WIN,,,ESPN_PUBLIC:401879935:BOX_SCORE
SETTLE-SUG-bacad12fc4e2912aa5876c89,2026-09-26T15:42:34.887602-07:00,NCAA_Football,NCAA_Football,PL-217409,SUG-bacad12fc4e2912aa5876c89,237,WIN,,,ESPN_PUBLIC:401858467:BOX_SCORE
SETTLE-SUG-be095f5296a5b7b583269a4a,2026-09-26T15:42:34.887602-07:00,NHL,NHL,PL-184820,SUG-be095f5296a5b7b583269a4a,0,WIN,,,ESPN_PUBLIC:401879935:BOX_SCORE
SETTLE-SUG-bed2d7b397956bbc9808259a,2026-09-26T15:42:34.887602-07:00,NHL,NHL,PL-184820,SUG-bed2d7b397956bbc9808259a,1,WIN,,,ESPN_PUBLIC:401879935:FINAL_SCORE_ML
SETTLE-SUG-bfd310f0243c434d99fbc4cf,2026-09-26T15:42:34.887602-07:00,NCAA_Football,NCAA_Football,PL-217409,SUG-bfd310f0243c434d99fbc4cf,1,WIN,,,ESPN_PUBLIC:401858467:FINAL_SCORE_ML
SETTLE-SUG-c36edf80f67d43afcad71aad,2026-09-26T15:42:34.887602-07:00,NHL,NHL,PL-243754,SUG-c36edf80f67d43afcad71aad,0,LOSS,,,ESPN_PUBLIC:401879371:FINAL_SCORE_ML
SETTLE-SUG-c3f9904e993b38b0b35f0edd,2026-09-26T15:42:34.887602-07:00,NHL,NHL,PL-184820,SUG-c3f9904e993b38b0b35f0edd,0,WIN,,,ESPN_PUBLIC:401879935:BOX_SCORE
SETTLE-SUG-c471e0e5c393318bdfdfcffa,2026-09-26T15:42:34.887602-07:00,MMA,MMA,PL-218881,SUG-c471e0e5c393318bdfdfcffa,1,WIN,,,ESPN_PUBLIC:401914472:FINAL_WINNER_FLAG
SETTLE-SUG-c518b0d0a8984ec4b52770a6,2026-09-26T15:42:34.887602-07:00,MMA,MMA,PL-218881,SUG-c518b0d0a8984ec4b52770a6,0,LOSS,,,ESPN_PUBLIC:401914472:FINAL_WINNER_FLAG
SETTLE-SUG-c8a43c5921f1dc608cbc7748,2026-09-26T15:42:34.887602-07:00,NHL,NHL,2026010053,SUG-c8a43c5921f1dc608cbc7748,1,WIN,,,ESPN_PUBLIC:401879935:FINAL_SCORE_ML
SETTLE-SUG-c8fe9c4492cd3f8cc43b3f0a,2026-09-26T15:42:34.887602-07:00,NHL,NHL,PL-243754,SUG-c8fe9c4492cd3f8cc43b3f0a,0,LOSS,,,ESPN_PUBLIC:401879371:FINAL_SCORE_ML
SETTLE-SUG-cb04505c2a1dadddb9e3e970,2026-09-26T15:42:34.887602-07:00,NHL,NHL,2026010052,SUG-cb04505c2a1dadddb9e3e970,1,WIN,,,ESPN_PUBLIC:401879371:FINAL_SCORE_ML
SETTLE-SUG-cb34de214201de9f9f74cf42,2026-09-26T15:42:34.887602-07:00,MMA,MMA,PL-218881,SUG-cb34de214201de9f9f74cf42,1,WIN,,,ESPN_PUBLIC:401914472:FINAL_WINNER_FLAG
SETTLE-SUG-cb5f970ed98f410e836a709e,2026-09-26T15:42:34.887602-07:00,MMA,MMA,PL-218881,SUG-cb5f970ed98f410e836a709e,1,WIN,,,ESPN_PUBLIC:401914472:FINAL_WINNER_FLAG
SETTLE-SUG-cee8dd96b7e177b958ddbce0,2026-09-26T15:42:34.887602-07:00,MMA,MMA,PL-218881,SUG-cee8dd96b7e177b958ddbce0,1,WIN,,,ESPN_PUBLIC:401914472:FINAL_WINNER_FLAG
SETTLE-SUG-cfb9343625ceecf00be5606e,2026-09-26T15:42:34.887602-07:00,NCAA_Football,NCAA_Football,PL-217409,SUG-cfb9343625ceecf00be5606e,1,WIN,,,ESPN_PUBLIC:401858467:FINAL_SCORE_ML
SETTLE-SUG-d0a5f9e94a757479ffe138f1,2026-09-26T15:42:34.887602-07:00,NHL,NHL,PL-184821,SUG-d0a5f9e94a757479ffe138f1,0,LOSS,,,ESPN_PUBLIC:401879457:FINAL_SCORE_ML
SETTLE-SUG-d129eeafc9e3941f6aed43a0,2026-09-26T15:42:34.887602-07:00,NHL,NHL,PL-184821,SUG-d129eeafc9e3941f6aed43a0,0,LOSS,,,ESPN_PUBLIC:401879457:FINAL_SCORE_ML
SETTLE-SUG-d14c839094fd5979782201c3,2026-09-26T15:42:34.887602-07:00,MMA,MMA,PL-218881,SUG-d14c839094fd5979782201c3,0,LOSS,,,ESPN_PUBLIC:401914472:FINAL_WINNER_FLAG
SETTLE-SUG-d2263269ba1106e4cc86a3bf,2026-09-26T15:42:34.887602-07:00,NHL,NHL,2026010055,SUG-d2263269ba1106e4cc86a3bf,0,LOSS,,,ESPN_PUBLIC:401879457:FINAL_SCORE_ML
SETTLE-SUG-d2ad6d96dd1611d919687069,2026-09-26T15:42:34.887602-07:00,NHL,NHL,2026010053,SUG-d2ad6d96dd1611d919687069,1,WIN,,,ESPN_PUBLIC:401879935:FINAL_SCORE_ML
SETTLE-SUG-d2addfdca75cd8dcb8f137bf,2026-09-26T15:42:34.887602-07:00,NCAA_Football,NCAA_Football,PL-215858,SUG-d2addfdca75cd8dcb8f137bf,0,LOSS,,,ESPN_PUBLIC:401864510:FINAL_SCORE_ML
SETTLE-SUG-d2b2f45157d4c2a2a1ecd24d,2026-09-26T15:42:34.887602-07:00,NCAA_Football,NCAA_Football,PL-217409,SUG-d2b2f45157d4c2a2a1ecd24d,1,WIN,,,ESPN_PUBLIC:401858467:FINAL_SCORE_ML
SETTLE-SUG-d3271207c501ddf715e5507d,2026-09-26T15:42:34.887602-07:00,NHL,NHL,2026010053,SUG-d3271207c501ddf715e5507d,0,WIN,,,ESPN_PUBLIC:401879935:BOX_SCORE
SETTLE-SUG-d339e1c19b3e404c119d599b,2026-09-26T15:42:34.887602-07:00,NHL,NHL,2026010053,SUG-d339e1c19b3e404c119d599b,1,WIN,,,ESPN_PUBLIC:401879935:FINAL_SCORE_ML
SETTLE-SUG-d38b0de1f98fe46897108ff1,2026-09-26T15:42:34.887602-07:00,NHL,NHL,2026010053,SUG-d38b0de1f98fe46897108ff1,1,WIN,,,ESPN_PUBLIC:401879935:FINAL_SCORE_ML
SETTLE-SUG-d47e84fbed6cd3ba9230c855,2026-09-26T15:42:34.887602-07:00,NCAA_Football,NCAA_Football,PL-218650,SUG-d47e84fbed6cd3ba9230c855,1,WIN,,,ESPN_PUBLIC:401858462:BOX_SCORE
SETTLE-SUG-d4f12b5630191ba77aaaef22,2026-09-26T15:42:34.887602-07:00,NHL,NHL,PL-184821,SUG-d4f12b5630191ba77aaaef22,0,LOSS,,,ESPN_PUBLIC:401879457:FINAL_SCORE_ML
SETTLE-SUG-d54d09b7a387f98fa50273a4,2026-09-26T15:42:34.887602-07:00,NHL,NHL,2026010053,SUG-d54d09b7a387f98fa50273a4,1,WIN,,,ESPN_PUBLIC:401879935:FINAL_SCORE_ML
SETTLE-SUG-d614e686fb073a414cda63a5,2026-09-26T15:42:34.887602-07:00,MMA,MMA,PL-218881,SUG-d614e686fb073a414cda63a5,1,WIN,,,ESPN_PUBLIC:401914472:FINAL_WINNER_FLAG
SETTLE-SUG-d66f6004376c8a8cd7cd0c3d,2026-09-26T15:42:34.887602-07:00,NCAA_Football,NCAA_Football,PL-215858,SUG-d66f6004376c8a8cd7cd0c3d,0,LOSS,,,ESPN_PUBLIC:401864510:FINAL_SCORE_ML
SETTLE-SUG-daa463f47da435e01ca219d8,2026-09-26T15:42:34.887602-07:00,NHL,NHL,2026010055,SUG-daa463f47da435e01ca219d8,0,LOSS,,,ESPN_PUBLIC:401879457:FINAL_SCORE_ML
SETTLE-SUG-db1df008647017399b2e404d,2026-09-26T15:42:34.887602-07:00,NHL,NHL,2026010053,SUG-db1df008647017399b2e404d,0,WIN,,,ESPN_PUBLIC:401879935:BOX_SCORE
SETTLE-SUG-dd896880d1ab8a7d410e59be,2026-09-26T15:42:34.887602-07:00,NHL,NHL,PL-184820,SUG-dd896880d1ab8a7d410e59be,0,LOSS,,,ESPN_PUBLIC:401879935:FINAL_SCORE_ML
SETTLE-SUG-dd902f4825e08c68b1ba2bc1,2026-09-26T15:42:34.887602-07:00,NHL,NHL,PL-184820,SUG-dd902f4825e08c68b1ba2bc1,1,WIN,,,ESPN_PUBLIC:401879935:BOX_SCORE
SETTLE-SUG-df8f9965e9cf3b73b07e6af9,2026-09-26T15:42:34.887602-07:00,NHL,NHL,2026010055,SUG-df8f9965e9cf3b73b07e6af9,0,LOSS,,,ESPN_PUBLIC:401879457:FINAL_SCORE_ML
SETTLE-SUG-e1728558797b2891ec1f3bbb,2026-09-26T15:42:34.887602-07:00,NHL,NHL,PL-184820,SUG-e1728558797b2891ec1f3bbb,0,LOSS,,,ESPN_PUBLIC:401879935:FINAL_SCORE_ML
SETTLE-SUG-e24767d76e62dc3d7c992507,2026-09-26T15:42:34.887602-07:00,NHL,NHL,2026010055,SUG-e24767d76e62dc3d7c992507,0,LOSS,,,ESPN_PUBLIC:401879457:FINAL_SCORE_ML
SETTLE-SUG-e2c931a1972669a6b2df63d6,2026-09-26T15:42:34.887602-07:00,NHL,NHL,PL-184820,SUG-e2c931a1972669a6b2df63d6,1,WIN,,,ESPN_PUBLIC:401879935:FINAL_SCORE_ML
SETTLE-SUG-e361219861fc388340bceb36,2026-09-26T15:42:34.887602-07:00,NHL,NHL,2026010055,SUG-e361219861fc388340bceb36,0,LOSS,,,ESPN_PUBLIC:401879457:FINAL_SCORE_ML
SETTLE-SUG-e3e0e283d461861e76c62d6b,2026-09-26T15:42:34.887602-07:00,NHL,NHL,PL-184820,SUG-e3e0e283d461861e76c62d6b,0,WIN,,,ESPN_PUBLIC:401879935:BOX_SCORE
SETTLE-SUG-e3f531fc3b30f5f3484030bb,2026-09-26T15:42:34.887602-07:00,NHL,NHL,2026010053,SUG-e3f531fc3b30f5f3484030bb,0,WIN,,,ESPN_PUBLIC:401879935:BOX_SCORE
SETTLE-SUG-e434f14f3f19af6337dd2134,2026-09-26T15:42:34.887602-07:00,NHL,NHL,PL-184821,SUG-e434f14f3f19af6337dd2134,0,LOSS,,,ESPN_PUBLIC:401879457:FINAL_SCORE_ML
SETTLE-SUG-e7a168f07f4054a1eac09650,2026-09-26T15:42:34.887602-07:00,NCAA_Football,NCAA_Football,PL-217409,SUG-e7a168f07f4054a1eac09650,1,WIN,,,ESPN_PUBLIC:401858467:FINAL_SCORE_ML
SETTLE-SUG-e89d73ede456591fa4b7fc0a,2026-09-26T15:42:34.887602-07:00,NCAA_Football,NCAA_Football,PL-217409,SUG-e89d73ede456591fa4b7fc0a,1,WIN,,,ESPN_PUBLIC:401858467:FINAL_SCORE_ML
SETTLE-SUG-e89de1324f4e515aaa2d5407,2026-09-26T15:42:34.887602-07:00,MMA,MMA,PL-218881,SUG-e89de1324f4e515aaa2d5407,0,LOSS,,,ESPN_PUBLIC:401914472:FINAL_WINNER_FLAG
SETTLE-SUG-e92d056a8910342051829728,2026-09-26T15:42:34.887602-07:00,NHL,NHL,PL-184820,SUG-e92d056a8910342051829728,0,WIN,,,ESPN_PUBLIC:401879935:BOX_SCORE
SETTLE-SUG-ea6c6042f92f053897bf9fbc,2026-09-26T15:42:34.887602-07:00,NCAA_Football,NCAA_Football,PL-217409,SUG-ea6c6042f92f053897bf9fbc,66,LOSS,,,ESPN_PUBLIC:401858467:BOX_SCORE
SETTLE-SUG-eb18426d443503185f32d945,2026-09-26T15:42:34.887602-07:00,NHL,NHL,2026010053,SUG-eb18426d443503185f32d945,0,LOSS,,,ESPN_PUBLIC:401879935:FINAL_SCORE_ML
SETTLE-SUG-ec574279c7f0dac0197c77d0,2026-09-26T15:42:34.887602-07:00,NHL,NHL,PL-184820,SUG-ec574279c7f0dac0197c77d0,1,WIN,,,ESPN_PUBLIC:401879935:FINAL_SCORE_ML
SETTLE-SUG-ed3416d8752d1f2e8fcc8072,2026-09-26T15:42:34.887602-07:00,NHL,NHL,2026010053,SUG-ed3416d8752d1f2e8fcc8072,0,WIN,,,ESPN_PUBLIC:401879935:BOX_SCORE
SETTLE-SUG-ef17ef0233e365972ee020e3,2026-09-26T15:42:34.887602-07:00,NHL,NHL,PL-184820,SUG-ef17ef0233e365972ee020e3,0,WIN,,,ESPN_PUBLIC:401879935:BOX_SCORE
SETTLE-SUG-ef87add62a296c32254b1167,2026-09-26T15:42:34.887602-07:00,NCAA_Football,NCAA_Football,PL-216598,SUG-ef87add62a296c32254b1167,1,WIN,,,ESPN_PUBLIC:401866428:FINAL_SCORE_ML
SETTLE-SUG-efcef6dfbf83a4f0a74a3fab,2026-09-26T15:42:34.887602-07:00,NCAA_Football,NCAA_Football,PL-217409,SUG-efcef6dfbf83a4f0a74a3fab,1,WIN,,,ESPN_PUBLIC:401858467:FINAL_SCORE_ML
SETTLE-SUG-f0104fbaee502378cc11cb06,2026-09-26T15:42:34.887602-07:00,NHL,NHL,PL-184820,SUG-f0104fbaee502378cc11cb06,0,LOSS,,,ESPN_PUBLIC:401879935:FINAL_SCORE_ML
SETTLE-SUG-f09eb8111491e0ca0130a15c,2026-09-26T15:42:34.887602-07:00,NHL,NHL,PL-184821,SUG-f09eb8111491e0ca0130a15c,0,LOSS,,,ESPN_PUBLIC:401879457:FINAL_SCORE_ML
SETTLE-SUG-f5543ceb1105d4c35ea7a120,2026-09-26T15:42:34.887602-07:00,NHL,NHL,PL-184820,SUG-f5543ceb1105d4c35ea7a120,0,LOSS,,,ESPN_PUBLIC:401879935:BOX_SCORE
SETTLE-SUG-f6db995876cc3274ab4d0224,2026-09-26T15:42:34.887602-07:00,NHL,NHL,PL-184821,SUG-f6db995876cc3274ab4d0224,0,LOSS,,,ESPN_PUBLIC:401879457:FINAL_SCORE_ML
SETTLE-SUG-fe7c41676c82aa069ba33786,2026-09-26T15:42:34.887602-07:00,NCAA_Football,NCAA_Football,PL-215858,SUG-fe7c41676c82aa069ba33786,0,LOSS,,,ESPN_PUBLIC:401864510:FINAL_SCORE_ML
SETTLE-SUG-ffc456151feac1fe9fd46c6f,2026-09-26T15:42:34.887602-07:00,NHL,NHL,PL-184820,SUG-ffc456151feac1fe9fd46c6f,1,WIN,,,ESPN_PUBLIC:401879935:FINAL_SCORE_ML
SETTLE-SUG-ffce218e26a66e0ed1159de4,2026-09-26T15:42:34.887602-07:00,NHL,NHL,PL-184820,SUG-ffce218e26a66e0ed1159de4,1,WIN,,,ESPN_PUBLIC:401879935:FINAL_SCORE_ML
SETTLE-SUG-0272e7050d02d8e96b9cdb35,2026-09-26T15:55:35.813699-07:00,NCAA_Football,NCAA_Football,PL-219269,SUG-0272e7050d02d8e96b9cdb35,5,WIN,,,ESPN_PUBLIC:401856815:BOX_SCORE
SETTLE-SUG-0ff7fdc0133a9af73967ecf1,2026-09-26T15:55:35.813699-07:00,MLB,MLB,PL-232565,SUG-0ff7fdc0133a9af73967ecf1,1,WIN,,,ESPN_PUBLIC:401817101:FINAL_SCORE_ML
SETTLE-SUG-1cb49fed6fca77f1d6629efe,2026-09-26T15:55:35.813699-07:00,NCAA_Football,NCAA_Football,PL-219269,SUG-1cb49fed6fca77f1d6629efe,3,WIN,,,ESPN_PUBLIC:401856815:BOX_SCORE
SETTLE-SUG-1d9c88cdd4afa9a8ddf23486,2026-09-26T15:55:35.813699-07:00,NCAA_Football,NCAA_Football,PL-219269,SUG-1d9c88cdd4afa9a8ddf23486,0,LOSS,,,ESPN_PUBLIC:401856815:BOX_SCORE
SETTLE-SUG-20504d05d2e52e364ddbc0a6,2026-09-26T15:55:35.813699-07:00,NCAA_Football,NCAA_Football,PL-219269,SUG-20504d05d2e52e364ddbc0a6,310,WIN,,,ESPN_PUBLIC:401856815:BOX_SCORE
SETTLE-SUG-2ac9fbfdde97a5dbc1093494,2026-09-26T15:55:35.813699-07:00,NCAA_Football,NCAA_Football,PL-215457,SUG-2ac9fbfdde97a5dbc1093494,1,WIN,,,ESPN_PUBLIC:401858244:FINAL_SCORE_ML
SETTLE-SUG-2b11745dc7c0a6bde664e355,2026-09-26T15:55:35.813699-07:00,NCAA_Football,NCAA_Football,PL-215351,SUG-2b11745dc7c0a6bde664e355,0,LOSS,,,ESPN_PUBLIC:401860897:FINAL_SCORE_ML
SETTLE-SUG-2f65839185cee5aab44081bf,2026-09-26T15:55:35.813699-07:00,NCAA_Football,NCAA_Football,PL-219269,SUG-2f65839185cee5aab44081bf,13,LOSS,,,ESPN_PUBLIC:401856815:BOX_SCORE
SETTLE-SUG-30bcaaff7f2f4b634033cbb1,2026-09-26T15:55:35.813699-07:00,NCAA_Football,NCAA_Football,PL-219269,SUG-30bcaaff7f2f4b634033cbb1,41,LOSS,,,ESPN_PUBLIC:401856815:BOX_SCORE
SETTLE-SUG-363e2b7a49a2175fb8434bc0,2026-09-26T15:55:35.813699-07:00,NCAA_Football,NCAA_Football,PL-215457,SUG-363e2b7a49a2175fb8434bc0,1,WIN,,,ESPN_PUBLIC:401858244:FINAL_SCORE_ML
SETTLE-SUG-373e62bbf5265fc2ffbcbf4d,2026-09-26T15:55:35.813699-07:00,NCAA_Football,NCAA_Football,PL-219269,SUG-373e62bbf5265fc2ffbcbf4d,15,LOSS,,,ESPN_PUBLIC:401856815:BOX_SCORE
SETTLE-SUG-38bd5100d5cf8f84f3c96d03,2026-09-26T15:55:35.813699-07:00,NCAA_Football,NCAA_Football,PL-219269,SUG-38bd5100d5cf8f84f3c96d03,80,LOSS,,,ESPN_PUBLIC:401856815:BOX_SCORE
SETTLE-SUG-39f763e3cf5045d8a7c79c0d,2026-09-26T15:55:35.813699-07:00,NCAA_Football,NCAA_Football,PL-215351,SUG-39f763e3cf5045d8a7c79c0d,0,LOSS,,,ESPN_PUBLIC:401860897:FINAL_SCORE_ML
SETTLE-SUG-3c4d43a9d21167bd112795b9,2026-09-26T15:55:35.813699-07:00,MLB,MLB,KXMLBRBI-26SEP261610ATLMIA,SUG-3c4d43a9d21167bd112795b9,1,WIN,,,ESPN_PUBLIC:401817087:FINAL_SCORE_ML
SETTLE-SUG-438dc4e9ddce47cd2697170f,2026-09-26T15:55:35.813699-07:00,NCAA_Football,NCAA_Football,PL-219269,SUG-438dc4e9ddce47cd2697170f,3,LOSS,,,ESPN_PUBLIC:401856815:BOX_SCORE
SETTLE-SUG-4e2781e5a492174081d20e3b,2026-09-26T15:55:35.813699-07:00,MLB,MLB,PL-232567,SUG-4e2781e5a492174081d20e3b,1,WIN,,,ESPN_PUBLIC:401817087:FINAL_SCORE_ML
SETTLE-SUG-4ebd385d8cc2df47be6c85f0,2026-09-26T15:55:35.813699-07:00,NCAA_Football,NCAA_Football,PL-238894,SUG-4ebd385d8cc2df47be6c85f0,0,LOSS,,,ESPN_PUBLIC:401860897:FINAL_SCORE_ML
SETTLE-SUG-52f4e6781b8451ac17c46b87,2026-09-26T15:55:35.813699-07:00,MLB,MLB,PL-232567,SUG-52f4e6781b8451ac17c46b87,1,WIN,,,ESPN_PUBLIC:401817087:FINAL_SCORE_ML
SETTLE-SUG-530952bddbb6f97b969188d1,2026-09-26T15:55:35.813699-07:00,NCAA_Football,NCAA_Football,PL-238894,SUG-530952bddbb6f97b969188d1,0,LOSS,,,ESPN_PUBLIC:401860897:FINAL_SCORE_ML
SETTLE-SUG-55339b7969e49ddf263671cd,2026-09-26T15:55:35.813699-07:00,NCAA_Football,NCAA_Football,PL-219269,SUG-55339b7969e49ddf263671cd,13,LOSS,,,ESPN_PUBLIC:401856815:BOX_SCORE
SETTLE-SUG-55d8dbd7b42e58303934c334,2026-09-26T15:55:35.813699-07:00,NCAA_Football,NCAA_Football,PL-219269,SUG-55d8dbd7b42e58303934c334,41,LOSS,,,ESPN_PUBLIC:401856815:BOX_SCORE
SETTLE-SUG-57f1f180e8df6baa33d093e0,2026-09-26T15:55:35.813699-07:00,NCAA_Football,NCAA_Football,PL-219269,SUG-57f1f180e8df6baa33d093e0,41,LOSS,,,ESPN_PUBLIC:401856815:BOX_SCORE
SETTLE-SUG-5aa0106b961da204421610af,2026-09-26T15:55:35.813699-07:00,NCAA_Football,NCAA_Football,PL-219269,SUG-5aa0106b961da204421610af,80,LOSS,,,ESPN_PUBLIC:401856815:BOX_SCORE
SETTLE-SUG-5ed771ae8160816a0685f868,2026-09-26T15:55:35.813699-07:00,NCAA_Football,NCAA_Football,PL-219269,SUG-5ed771ae8160816a0685f868,41,WIN,,,ESPN_PUBLIC:401856815:BOX_SCORE
SETTLE-SUG-644e7e81f8f359bac4297252,2026-09-26T15:55:35.813699-07:00,NCAA_Football,NCAA_Football,PL-215457,SUG-644e7e81f8f359bac4297252,0,LOSS,,,ESPN_PUBLIC:401858244:FINAL_SCORE_ML
SETTLE-SUG-64cdafba361c966747ba8e9a,2026-09-26T15:55:35.813699-07:00,MLB,MLB,PL-232567,SUG-64cdafba361c966747ba8e9a,1,WIN,,,ESPN_PUBLIC:401817087:FINAL_SCORE_ML
SETTLE-SUG-6559f48c219939845dc58c86,2026-09-26T15:55:35.813699-07:00,NCAA_Football,NCAA_Football,PL-238894,SUG-6559f48c219939845dc58c86,0,LOSS,,,ESPN_PUBLIC:401860897:FINAL_SCORE_ML
SETTLE-SUG-65b9ff67e6e996354093986f,2026-09-26T15:55:35.813699-07:00,NCAA_Football,NCAA_Football,PL-219269,SUG-65b9ff67e6e996354093986f,3,WIN,,,ESPN_PUBLIC:401856815:BOX_SCORE
SETTLE-SUG-6f61a24bcff799727f5923cc,2026-09-26T15:55:35.813699-07:00,NCAA_Football,NCAA_Football,PL-219269,SUG-6f61a24bcff799727f5923cc,41,WIN,,,ESPN_PUBLIC:401856815:BOX_SCORE
SETTLE-SUG-6f811f7980540981ef9d685d,2026-09-26T15:55:35.813699-07:00,NCAA_Football,NCAA_Football,PL-238894,SUG-6f811f7980540981ef9d685d,0,LOSS,,,ESPN_PUBLIC:401860897:FINAL_SCORE_ML
SETTLE-SUG-72c12175c0a01221920c1b47,2026-09-26T15:55:35.813699-07:00,MLB,MLB,PL-232565,SUG-72c12175c0a01221920c1b47,1,WIN,,,ESPN_PUBLIC:401817101:FINAL_SCORE_ML
SETTLE-SUG-772d7c5c6832d81b34eb94d6,2026-09-26T15:55:35.813699-07:00,MLB,MLB,PL-232565,SUG-772d7c5c6832d81b34eb94d6,1,WIN,,,ESPN_PUBLIC:401817101:FINAL_SCORE_ML
SETTLE-SUG-7b530fe867ea84e59bcecd44,2026-09-26T15:55:35.813699-07:00,NCAA_Football,NCAA_Football,PL-219269,SUG-7b530fe867ea84e59bcecd44,5,WIN,,,ESPN_PUBLIC:401856815:BOX_SCORE
SETTLE-SUG-7d43767f32235cfd61fb3fea,2026-09-26T15:55:35.813699-07:00,NCAA_Football,NCAA_Football,PL-238894,SUG-7d43767f32235cfd61fb3fea,0,LOSS,,,ESPN_PUBLIC:401860897:FINAL_SCORE_ML
SETTLE-SUG-80adc836d9b3930b50b9383a,2026-09-26T15:55:35.813699-07:00,NCAA_Football,NCAA_Football,PL-238894,SUG-80adc836d9b3930b50b9383a,0,LOSS,,,ESPN_PUBLIC:401860897:FINAL_SCORE_ML
SETTLE-SUG-82d74b22f4ec4ec16e48eece,2026-09-26T15:55:35.813699-07:00,NCAA_Football,NCAA_Football,PL-219269,SUG-82d74b22f4ec4ec16e48eece,15,LOSS,,,ESPN_PUBLIC:401856815:BOX_SCORE
SETTLE-SUG-89abd01fb7e926015d4a5994,2026-09-26T15:55:35.813699-07:00,NCAA_Football,NCAA_Football,PL-219269,SUG-89abd01fb7e926015d4a5994,0,WIN,,,ESPN_PUBLIC:401856815:BOX_SCORE
SETTLE-SUG-8b4b9b6c2b82e5b0a2011182,2026-09-26T15:55:35.813699-07:00,MLB,MLB,PL-232565,SUG-8b4b9b6c2b82e5b0a2011182,1,WIN,,,ESPN_PUBLIC:401817101:FINAL_SCORE_ML
SETTLE-SUG-8bd962a4b6dcbe0327b1a6f3,2026-09-26T15:55:35.813699-07:00,MLB,MLB,PL-232567,SUG-8bd962a4b6dcbe0327b1a6f3,1,WIN,,,ESPN_PUBLIC:401817087:FINAL_SCORE_ML
SETTLE-SUG-8cb24d90c59d341a1cb37c54,2026-09-26T15:55:35.813699-07:00,NCAA_Football,NCAA_Football,PL-215457,SUG-8cb24d90c59d341a1cb37c54,1,WIN,,,ESPN_PUBLIC:401858244:FINAL_SCORE_ML
SETTLE-SUG-94c2cbc651c69677bf814d83,2026-09-26T15:55:35.813699-07:00,NCAA_Football,NCAA_Football,PL-219269,SUG-94c2cbc651c69677bf814d83,0,LOSS,,,ESPN_PUBLIC:401856815:BOX_SCORE
SETTLE-SUG-99334fa297a828e6350de241,2026-09-26T15:55:35.813699-07:00,NCAA_Football,NCAA_Football,PL-215457,SUG-99334fa297a828e6350de241,1,WIN,,,ESPN_PUBLIC:401858244:FINAL_SCORE_ML
SETTLE-SUG-a6ad764e5b7236b7b3501030,2026-09-26T15:55:35.813699-07:00,NCAA_Football,NCAA_Football,PL-219269,SUG-a6ad764e5b7236b7b3501030,41,LOSS,,,ESPN_PUBLIC:401856815:BOX_SCORE
SETTLE-SUG-a7b5829ac029b32a906c262c,2026-09-26T15:55:35.813699-07:00,MLB,MLB,PL-232567,SUG-a7b5829ac029b32a906c262c,1,WIN,,,ESPN_PUBLIC:401817087:FINAL_SCORE_ML
SETTLE-SUG-b45409179b0f9baf52622e53,2026-09-26T15:55:35.813699-07:00,MLB,MLB,PL-232567,SUG-b45409179b0f9baf52622e53,1,WIN,,,ESPN_PUBLIC:401817087:FINAL_SCORE_ML
SETTLE-SUG-ba01439c2055a5b489dec32e,2026-09-26T15:55:35.813699-07:00,NCAA_Football,NCAA_Football,PL-219269,SUG-ba01439c2055a5b489dec32e,3,LOSS,,,ESPN_PUBLIC:401856815:BOX_SCORE
SETTLE-SUG-c25f43d8796e578fc4234c19,2026-09-26T15:55:35.813699-07:00,MLB,MLB,KXMLBRBI-26SEP261610ATLMIA,SUG-c25f43d8796e578fc4234c19,1,WIN,,,ESPN_PUBLIC:401817087:FINAL_SCORE_ML
SETTLE-SUG-c46e1084ffaaaa188580006b,2026-09-26T15:55:35.813699-07:00,NCAA_Football,NCAA_Football,PL-219269,SUG-c46e1084ffaaaa188580006b,0,WIN,,,ESPN_PUBLIC:401856815:BOX_SCORE
SETTLE-SUG-c7019b180f8154e972b14fc3,2026-09-26T15:55:35.813699-07:00,NCAA_Football,NCAA_Football,PL-219269,SUG-c7019b180f8154e972b14fc3,310,WIN,,,ESPN_PUBLIC:401856815:BOX_SCORE
SETTLE-SUG-d5b261b82a2250331bf8021b,2026-09-26T15:55:35.813699-07:00,NCAA_Football,NCAA_Football,PL-238894,SUG-d5b261b82a2250331bf8021b,0,LOSS,,,ESPN_PUBLIC:401860897:FINAL_SCORE_ML
SETTLE-SUG-f8a32810892a39cda1c8846f,2026-09-26T15:55:35.813699-07:00,MLB,MLB,PL-232567,SUG-f8a32810892a39cda1c8846f,1,WIN,,,ESPN_PUBLIC:401817087:FINAL_SCORE_ML
SETTLE-SUG-fbbfd487121786b006bbdeda,2026-09-26T15:55:35.813699-07:00,NCAA_Football,NCAA_Football,PL-238894,SUG-fbbfd487121786b006bbdeda,0,LOSS,,,ESPN_PUBLIC:401860897:FINAL_SCORE_ML
SETTLE-SUG-ff0ec0b5b38e464536190579,2026-09-26T15:55:35.813699-07:00,MLB,MLB,PL-232567,SUG-ff0ec0b5b38e464536190579,1,WIN,,,ESPN_PUBLIC:401817087:FINAL_SCORE_ML
SETTLE-SUG-000230dee5f4191fccfca5b7,2026-09-26T16:12:39.507032-07:00,NCAA_Football,NCAA_Football,PL-37375,SUG-000230dee5f4191fccfca5b7,8,LOSS,,,ESPN_PUBLIC:401856700:BOX_SCORE
SETTLE-SUG-00b53b04360d5592c6b1d7b5,2026-09-26T16:12:39.507032-07:00,NCAA_Football,NCAA_Football,PL-218896,SUG-00b53b04360d5592c6b1d7b5,29,LOSS,,,ESPN_PUBLIC:401856816:BOX_SCORE
SETTLE-SUG-023af16393dca5cd14f8b358,2026-09-26T16:12:39.507032-07:00,NCAA_Football,NCAA_Football,PL-217886,SUG-023af16393dca5cd14f8b358,0,LOSS,,,ESPN_PUBLIC:401866426:FINAL_SCORE_ML
SETTLE-SUG-03f71b37297f2f03b5e859d5,2026-09-26T16:12:39.507032-07:00,NCAA_Football,NCAA_Football,PL-218020,SUG-03f71b37297f2f03b5e859d5,1,WIN,,,ESPN_PUBLIC:401856816:FINAL_SCORE_ML
SETTLE-SUG-05f406cbce868e33c83dbb56,2026-09-26T16:12:39.507032-07:00,NCAA_Football,NCAA_Football,PL-217886,SUG-05f406cbce868e33c83dbb56,0,LOSS,,,ESPN_PUBLIC:401866426:FINAL_SCORE_ML
SETTLE-SUG-0867169a5f3d4ece038840bb,2026-09-26T16:12:39.507032-07:00,NCAA_Football,NCAA_Football,PL-217886,SUG-0867169a5f3d4ece038840bb,0,LOSS,,,ESPN_PUBLIC:401866426:FINAL_SCORE_ML
SETTLE-SUG-0883de99a19282d76e9a65ec,2026-09-26T16:12:39.507032-07:00,NCAA_Football,NCAA_Football,PL-218020,SUG-0883de99a19282d76e9a65ec,1,WIN,,,ESPN_PUBLIC:401856816:FINAL_SCORE_ML
SETTLE-SUG-08db51d16c4f36b4fa6fd056,2026-09-26T16:12:39.507032-07:00,NCAA_Football,NCAA_Football,PAPI-024a24b72fc752fe,SUG-08db51d16c4f36b4fa6fd056,3,LOSS,,,ESPN_PUBLIC:401858463:BOX_SCORE
SETTLE-SUG-097d959855991939504f302b,2026-09-26T16:12:39.507032-07:00,NCAA_Football,NCAA_Football,PL-218896,SUG-097d959855991939504f302b,206,LOSS,,,ESPN_PUBLIC:401856816:BOX_SCORE
SETTLE-SUG-09dedd5d95c6ee7b4a5c8421,2026-09-26T16:12:39.507032-07:00,NCAA_Football,NCAA_Football,PL-217914,SUG-09dedd5d95c6ee7b4a5c8421,227,LOSS,,,ESPN_PUBLIC:401858463:BOX_SCORE
SETTLE-SUG-0a88f2311ad7e26d78e332eb,2026-09-26T16:12:39.507032-07:00,NCAA_Football,NCAA_Football,PL-217914,SUG-0a88f2311ad7e26d78e332eb,13,LOSS,,,ESPN_PUBLIC:401858463:BOX_SCORE
SETTLE-SUG-0ce5c3ccce0f4be8d4a1c951,2026-09-26T16:12:39.507032-07:00,NCAA_Football,NCAA_Football,PL-217914,SUG-0ce5c3ccce0f4be8d4a1c951,130,WIN,,,ESPN_PUBLIC:401858463:BOX_SCORE
SETTLE-SUG-0fa6d42cefba05487baf2b92,2026-09-26T16:12:39.507032-07:00,NCAA_Football,NCAA_Football,PL-218896,SUG-0fa6d42cefba05487baf2b92,5,WIN,,,ESPN_PUBLIC:401856816:BOX_SCORE
SETTLE-SUG-100eb67c6496f1eac2a29e16,2026-09-26T16:12:39.507032-07:00,NCAA_Football,NCAA_Football,PAPI-04f335e8935ef13e,SUG-100eb67c6496f1eac2a29e16,206,LOSS,,,ESPN_PUBLIC:401856816:BOX_SCORE
SETTLE-SUG-1229baa4b84f65d8458aa6f2,2026-09-26T16:12:39.507032-07:00,NCAA_Football,NCAA_Football,PAPI-024a24b72fc752fe,SUG-1229baa4b84f65d8458aa6f2,5,WIN,,,ESPN_PUBLIC:401858463:BOX_SCORE
SETTLE-SUG-126bbb66ce553725b90f8b38,2026-09-26T16:12:39.507032-07:00,NCAA_Football,NCAA_Football,PAPI-024a24b72fc752fe,SUG-126bbb66ce553725b90f8b38,5,WIN,,,ESPN_PUBLIC:401858463:BOX_SCORE
SETTLE-SUG-12e1095fc7135aa6721547e3,2026-09-26T16:12:39.507032-07:00,NCAA_Football,NCAA_Football,PL-217886,SUG-12e1095fc7135aa6721547e3,0,LOSS,,,ESPN_PUBLIC:401866426:FINAL_SCORE_ML
SETTLE-SUG-1473091afb2e4ddebb526531,2026-09-26T16:12:39.507032-07:00,NCAA_Football,NCAA_Football,PL-218896,SUG-1473091afb2e4ddebb526531,55,WIN,,,ESPN_PUBLIC:401856816:BOX_SCORE
SETTLE-SUG-15e75a2570c14c8a492e6e6c,2026-09-26T16:12:39.507032-07:00,NCAA_Football,NCAA_Football,PL-218896,SUG-15e75a2570c14c8a492e6e6c,1,LOSS,,,ESPN_PUBLIC:401856816:BOX_SCORE
SETTLE-SUG-173a3f80ed142e7d52c416f0,2026-09-26T16:12:39.507032-07:00,NCAA_Football,NCAA_Football,PL-218020,SUG-173a3f80ed142e7d52c416f0,1,WIN,,,ESPN_PUBLIC:401856816:FINAL_SCORE_ML
SETTLE-SUG-196d36205553566c5e9789b2,2026-09-26T16:12:39.507032-07:00,NCAA_Football,NCAA_Football,PL-217886,SUG-196d36205553566c5e9789b2,0,LOSS,,,ESPN_PUBLIC:401866426:FINAL_SCORE_ML
SETTLE-SUG-19fcffa65e145340e1f38e84,2026-09-26T16:12:39.507032-07:00,NCAA_Football,NCAA_Football,PAPI-024a24b72fc752fe,SUG-19fcffa65e145340e1f38e84,66,WIN,,,ESPN_PUBLIC:401858463:BOX_SCORE
SETTLE-SUG-1bc7fb6067c09e2ba6385ee5,2026-09-26T16:12:39.507032-07:00,NCAA_Football,NCAA_Football,PL-217914,SUG-1bc7fb6067c09e2ba6385ee5,227,WIN,,,ESPN_PUBLIC:401858463:BOX_SCORE
SETTLE-SUG-1c2a657ece0453f828383d44,2026-09-26T16:12:39.507032-07:00,NCAA_Football,NCAA_Football,PL-217886,SUG-1c2a657ece0453f828383d44,0,LOSS,,,ESPN_PUBLIC:401866426:FINAL_SCORE_ML
SETTLE-SUG-1f75ed973281e91a77308bf6,2026-09-26T16:12:39.507032-07:00,NCAA_Football,NCAA_Football,PL-217886,SUG-1f75ed973281e91a77308bf6,0,LOSS,,,ESPN_PUBLIC:401866426:FINAL_SCORE_ML
SETTLE-SUG-1fb32cbf2f58d358e9f776b6,2026-09-26T16:12:39.507032-07:00,NCAA_Football,NCAA_Football,PL-217914,SUG-1fb32cbf2f58d358e9f776b6,46,LOSS,,,ESPN_PUBLIC:401858463:BOX_SCORE
SETTLE-SUG-1fe5df22427b2da3d374ea9a,2026-09-26T16:12:39.507032-07:00,NCAA_Football,NCAA_Football,PAPI-024a24b72fc752fe,SUG-1fe5df22427b2da3d374ea9a,227,LOSS,,,ESPN_PUBLIC:401858463:BOX_SCORE
SETTLE-SUG-21411d80ad9005c36e2a0725,2026-09-26T16:12:39.507032-07:00,NCAA_Football,NCAA_Football,PAPI-88dad6f336e94db5,SUG-21411d80ad9005c36e2a0725,84,WIN,,,ESPN_PUBLIC:401856700:BOX_SCORE
SETTLE-SUG-24e131f0849f06331a45af20,2026-09-26T16:12:39.507032-07:00,NCAA_Football,NCAA_Football,PL-37375,SUG-24e131f0849f06331a45af20,4,LOSS,,,ESPN_PUBLIC:401856700:BOX_SCORE
SETTLE-SUG-26f2d5658e45beb390cb8cc8,2026-09-26T16:12:39.507032-07:00,NCAA_Football,NCAA_Football,PL-217886,SUG-26f2d5658e45beb390cb8cc8,0,LOSS,,,ESPN_PUBLIC:401866426:FINAL_SCORE_ML
SETTLE-SUG-2a715bb1abb9b137a7fcd8f6,2026-09-26T16:12:39.507032-07:00,NCAA_Football,NCAA_Football,PL-217914,SUG-2a715bb1abb9b137a7fcd8f6,3,LOSS,,,ESPN_PUBLIC:401858463:BOX_SCORE
SETTLE-SUG-3173c8131b4334e88805ab47,2026-09-26T16:12:39.507032-07:00,NCAA_Football,NCAA_Football,PL-218020,SUG-3173c8131b4334e88805ab47,1,WIN,,,ESPN_PUBLIC:401856816:FINAL_SCORE_ML
SETTLE-SUG-3477d9e0deae0fb2ab4fc5b0,2026-09-26T16:12:39.507032-07:00,NCAA_Football,NCAA_Football,PL-217914,SUG-3477d9e0deae0fb2ab4fc5b0,276,WIN,,,ESPN_PUBLIC:401858463:BOX_SCORE
SETTLE-SUG-353db66e096741771774fad2,2026-09-26T16:12:39.507032-07:00,NCAA_Football,NCAA_Football,PL-217886,SUG-353db66e096741771774fad2,0,LOSS,,,ESPN_PUBLIC:401866426:FINAL_SCORE_ML
SETTLE-SUG-356182f844cbb98101655ec5,2026-09-26T16:12:39.507032-07:00,NCAA_Football,NCAA_Football,PL-217914,SUG-356182f844cbb98101655ec5,44,LOSS,,,ESPN_PUBLIC:401858463:BOX_SCORE
SETTLE-SUG-367806ecdd16cc5c85637b33,2026-09-26T16:12:39.507032-07:00,NCAA_Football,NCAA_Football,PL-217914,SUG-367806ecdd16cc5c85637b33,227,LOSS,,,ESPN_PUBLIC:401858463:BOX_SCORE
SETTLE-SUG-37cb74023d545c0b47595391,2026-09-26T16:12:39.507032-07:00,NCAA_Football,NCAA_Football,PL-37375,SUG-37cb74023d545c0b47595391,1,WIN,,,ESPN_PUBLIC:401856700:FINAL_SCORE_ML
SETTLE-SUG-3898d877c11a616936676446,2026-09-26T16:12:39.507032-07:00,NCAA_Football,NCAA_Football,PL-217914,SUG-3898d877c11a616936676446,7,LOSS,,,ESPN_PUBLIC:401858463:BOX_SCORE
SETTLE-SUG-3952b311c336cfd607a49909,2026-09-26T16:12:39.507032-07:00,NCAA_Football,NCAA_Football,PL-217886,SUG-3952b311c336cfd607a49909,0,LOSS,,,ESPN_PUBLIC:401866426:FINAL_SCORE_ML
SETTLE-SUG-39aa2b46bcdca8207632f6c7,2026-09-26T16:12:39.507032-07:00,NCAA_Football,NCAA_Football,PL-37375,SUG-39aa2b46bcdca8207632f6c7,84,WIN,,,ESPN_PUBLIC:401856700:BOX_SCORE
SETTLE-SUG-3a65483e10a2fa86ec30b7cb,2026-09-26T16:12:39.507032-07:00,NCAA_Football,NCAA_Football,PAPI-04f335e8935ef13e,SUG-3a65483e10a2fa86ec30b7cb,65,WIN,,,ESPN_PUBLIC:401856816:BOX_SCORE
SETTLE-SUG-3cd4f4c88380fde337f0430d,2026-09-26T16:12:39.507032-07:00,NCAA_Football,NCAA_Football,PAPI-88dad6f336e94db5,SUG-3cd4f4c88380fde337f0430d,2,WIN,,,ESPN_PUBLIC:401856700:BOX_SCORE
SETTLE-SUG-3e40f26815c9ceb5005ed478,2026-09-26T16:12:39.507032-07:00,NCAA_Football,NCAA_Football,PAPI-88dad6f336e94db5,SUG-3e40f26815c9ceb5005ed478,231,WIN,,,ESPN_PUBLIC:401856700:BOX_SCORE
SETTLE-SUG-3e861cbf044d748177f527fe,2026-09-26T16:12:39.507032-07:00,NCAA_Football,NCAA_Football,PL-217914,SUG-3e861cbf044d748177f527fe,13,LOSS,,,ESPN_PUBLIC:401858463:BOX_SCORE
SETTLE-SUG-3ef82dfa63aeb7a6da55917f,2026-09-26T16:12:39.507032-07:00,NCAA_Football,NCAA_Football,PAPI-88dad6f336e94db5,SUG-3ef82dfa63aeb7a6da55917f,2,LOSS,,,ESPN_PUBLIC:401856700:BOX_SCORE
SETTLE-SUG-3f534ea8a3d38a66d9196426,2026-09-26T16:12:39.507032-07:00,NCAA_Football,NCAA_Football,PL-217914,SUG-3f534ea8a3d38a66d9196426,106,LOSS,,,ESPN_PUBLIC:401858463:BOX_SCORE
SETTLE-SUG-3f6419cc9e27ff62906cefd8,2026-09-26T16:12:39.507032-07:00,NCAA_Football,NCAA_Football,PL-217886,SUG-3f6419cc9e27ff62906cefd8,0,LOSS,,,ESPN_PUBLIC:401866426:FINAL_SCORE_ML
SETTLE-SUG-3f8f5145288fea9a3a880df5,2026-09-26T16:12:39.507032-07:00,NCAA_Football,NCAA_Football,PL-217886,SUG-3f8f5145288fea9a3a880df5,0,LOSS,,,ESPN_PUBLIC:401866426:FINAL_SCORE_ML
SETTLE-SUG-3fecaa2bcfc53cee44757117,2026-09-26T16:12:39.507032-07:00,NCAA_Football,NCAA_Football,PL-218896,SUG-3fecaa2bcfc53cee44757117,0,LOSS,,,ESPN_PUBLIC:401856816:BOX_SCORE
SETTLE-SUG-40eb16d22a2c59bd81d3e888,2026-09-26T16:12:39.507032-07:00,NCAA_Football,NCAA_Football,PL-37375,SUG-40eb16d22a2c59bd81d3e888,2,WIN,,,ESPN_PUBLIC:401856700:BOX_SCORE
SETTLE-SUG-42a22aca79fdcd3f64e92985,2026-09-26T16:12:39.507032-07:00,NCAA_Football,NCAA_Football,PL-218020,SUG-42a22aca79fdcd3f64e92985,1,WIN,,,ESPN_PUBLIC:401856816:FINAL_SCORE_ML
SETTLE-SUG-44823f99615527e441d2dfd4,2026-09-26T16:12:39.507032-07:00,NCAA_Football,NCAA_Football,PAPI-04f335e8935ef13e,SUG-44823f99615527e441d2dfd4,29,LOSS,,,ESPN_PUBLIC:401856816:BOX_SCORE
SETTLE-SUG-454021ec1a2da0606e12a05f,2026-09-26T16:12:39.507032-07:00,NCAA_Football,NCAA_Football,PL-218896,SUG-454021ec1a2da0606e12a05f,5,WIN,,,ESPN_PUBLIC:401856816:BOX_SCORE
SETTLE-SUG-457ed2706697342845ad7dfe,2026-09-26T16:12:39.507032-07:00,NCAA_Football,NCAA_Football,PL-218020,SUG-457ed2706697342845ad7dfe,1,WIN,,,ESPN_PUBLIC:401856816:FINAL_SCORE_ML
SETTLE-SUG-45b69de0ded5e299b961d740,2026-09-26T16:12:39.507032-07:00,NCAA_Football,NCAA_Football,PL-218896,SUG-45b69de0ded5e299b961d740,205,LOSS,,,ESPN_PUBLIC:401856816:BOX_SCORE
SETTLE-SUG-4764ccaf8045be21ba896f56,2026-09-26T16:12:39.507032-07:00,NCAA_Football,NCAA_Football,PL-218896,SUG-4764ccaf8045be21ba896f56,5,LOSS,,,ESPN_PUBLIC:401856816:BOX_SCORE
SETTLE-SUG-47bc63b4ddb0c21b4ba8eee9,2026-09-26T16:12:39.507032-07:00,NCAA_Football,NCAA_Football,PL-37375,SUG-47bc63b4ddb0c21b4ba8eee9,1,WIN,,,ESPN_PUBLIC:401856700:FINAL_SCORE_ML
SETTLE-SUG-47fa9b5ef186d3c95f80f10a,2026-09-26T16:12:39.507032-07:00,NCAA_Football,NCAA_Football,PAPI-04f335e8935ef13e,SUG-47fa9b5ef186d3c95f80f10a,205,LOSS,,,ESPN_PUBLIC:401856816:BOX_SCORE
SETTLE-SUG-4898eb668293bd5d47908743,2026-09-26T16:12:39.507032-07:00,NCAA_Football,NCAA_Football,PL-37375,SUG-4898eb668293bd5d47908743,1,WIN,,,ESPN_PUBLIC:401856700:FINAL_SCORE_ML
SETTLE-SUG-497574817b3312efada865ed,2026-09-26T16:12:39.507032-07:00,NCAA_Football,NCAA_Football,PAPI-04f335e8935ef13e,SUG-497574817b3312efada865ed,55,WIN,,,ESPN_PUBLIC:401856816:BOX_SCORE
SETTLE-SUG-4c0db49da1973bcb3d717381,2026-09-26T16:12:39.507032-07:00,NCAA_Football,NCAA_Football,PL-217914,SUG-4c0db49da1973bcb3d717381,227,WIN,,,ESPN_PUBLIC:401858463:BOX_SCORE
SETTLE-SUG-4cc0437d5f5f8338b31b1333,2026-09-26T16:12:39.507032-07:00,NCAA_Football,NCAA_Football,PAPI-88dad6f336e94db5,SUG-4cc0437d5f5f8338b31b1333,8,LOSS,,,ESPN_PUBLIC:401856700:BOX_SCORE
SETTLE-SUG-4dd1245403e6b822160e6ce6,2026-09-26T16:12:39.507032-07:00,NCAA_Football,NCAA_Football,PL-218896,SUG-4dd1245403e6b822160e6ce6,5,LOSS,,,ESPN_PUBLIC:401856816:BOX_SCORE
SETTLE-SUG-4ebda17d0446bd9b83a0c2e2,2026-09-26T16:12:39.507032-07:00,NCAA_Football,NCAA_Football,PAPI-88dad6f336e94db5,SUG-4ebda17d0446bd9b83a0c2e2,171,WIN,,,ESPN_PUBLIC:401856700:BOX_SCORE
SETTLE-SUG-4ebfbdd0e6e8665e02326230,2026-09-26T16:12:39.507032-07:00,NCAA_Football,NCAA_Football,PL-218020,SUG-4ebfbdd0e6e8665e02326230,1,WIN,,,ESPN_PUBLIC:401856816:FINAL_SCORE_ML
SETTLE-SUG-4f8e060be0ed35a190d98256,2026-09-26T16:12:39.507032-07:00,NCAA_Football,NCAA_Football,PL-37375,SUG-4f8e060be0ed35a190d98256,1,WIN,,,ESPN_PUBLIC:401856700:FINAL_SCORE_ML
SETTLE-SUG-58079bbd25685a21f43dd975,2026-09-26T16:12:39.507032-07:00,NCAA_Football,NCAA_Football,PL-218896,SUG-58079bbd25685a21f43dd975,2,WIN,,,ESPN_PUBLIC:401856816:BOX_SCORE
SETTLE-SUG-59973b60d859b34f2ca91a73,2026-09-26T16:12:39.507032-07:00,NCAA_Football,NCAA_Football,PAPI-024a24b72fc752fe,SUG-59973b60d859b34f2ca91a73,46,LOSS,,,ESPN_PUBLIC:401858463:BOX_SCORE
SETTLE-SUG-59ba18927b672afcee06bd4e,2026-09-26T16:12:39.507032-07:00,NCAA_Football,NCAA_Football,PL-218896,SUG-59ba18927b672afcee06bd4e,2,LOSS,,,ESPN_PUBLIC:401856816:BOX_SCORE
SETTLE-SUG-5b9942b11cf6eb33b3e2d252,2026-09-26T16:12:39.507032-07:00,NCAA_Football,NCAA_Football,PL-217914,SUG-5b9942b11cf6eb33b3e2d252,4,WIN,,,ESPN_PUBLIC:401858463:BOX_SCORE
SETTLE-SUG-5c7e4f3a81e322d204a7c46b,2026-09-26T16:12:39.507032-07:00,NCAA_Football,NCAA_Football,PL-37375,SUG-5c7e4f3a81e322d204a7c46b,15,WIN,,,ESPN_PUBLIC:401856700:BOX_SCORE
SETTLE-SUG-5d6aa81f310f285d811133c8,2026-09-26T16:12:39.507032-07:00,NCAA_Football,NCAA_Football,PL-218896,SUG-5d6aa81f310f285d811133c8,55,WIN,,,ESPN_PUBLIC:401856816:BOX_SCORE
SETTLE-SUG-5dba64ff2b89441c5b62439f,2026-09-26T16:12:39.507032-07:00,NCAA_Football,NCAA_Football,PL-217914,SUG-5dba64ff2b89441c5b62439f,66,WIN,,,ESPN_PUBLIC:401858463:BOX_SCORE
SETTLE-SUG-5e4a83e4bd1fffc93f788aaf,2026-09-26T16:12:39.507032-07:00,NCAA_Football,NCAA_Football,PL-217886,SUG-5e4a83e4bd1fffc93f788aaf,0,LOSS,,,ESPN_PUBLIC:401866426:FINAL_SCORE_ML
SETTLE-SUG-5fa8d04111e5e18752c687ad,2026-09-26T16:12:39.507032-07:00,NCAA_Football,NCAA_Football,PAPI-024a24b72fc752fe,SUG-5fa8d04111e5e18752c687ad,227,WIN,,,ESPN_PUBLIC:401858463:BOX_SCORE
SETTLE-SUG-605efd004e9dbc09105a6e40,2026-09-26T16:12:39.507032-07:00,NCAA_Football,NCAA_Football,PL-218020,SUG-605efd004e9dbc09105a6e40,1,WIN,,,ESPN_PUBLIC:401856816:FINAL_SCORE_ML
SETTLE-SUG-61f9237419feeab135a3c7a1,2026-09-26T16:12:39.507032-07:00,NCAA_Football,NCAA_Football,PL-37375,SUG-61f9237419feeab135a3c7a1,10,WIN,,,ESPN_PUBLIC:401856700:BOX_SCORE
SETTLE-SUG-625404dd8c9515694ecd3453,2026-09-26T16:12:39.507032-07:00,NCAA_Football,NCAA_Football,PL-218896,SUG-625404dd8c9515694ecd3453,0,LOSS,,,ESPN_PUBLIC:401856816:BOX_SCORE
SETTLE-SUG-636f1d78ee89beb94266bd30,2026-09-26T16:12:39.507032-07:00,NCAA_Football,NCAA_Football,PAPI-024a24b72fc752fe,SUG-636f1d78ee89beb94266bd30,276,WIN,,,ESPN_PUBLIC:401858463:BOX_SCORE
SETTLE-SUG-64cec32c497fbb3a7b85b9c0,2026-09-26T16:12:39.507032-07:00,NCAA_Football,NCAA_Football,PL-217914,SUG-64cec32c497fbb3a7b85b9c0,5,WIN,,,ESPN_PUBLIC:401858463:BOX_SCORE
SETTLE-SUG-6726b2fcd840f41cb8282a43,2026-09-26T16:12:39.507032-07:00,NCAA_Football,NCAA_Football,PL-217914,SUG-6726b2fcd840f41cb8282a43,44,LOSS,,,ESPN_PUBLIC:401858463:BOX_SCORE
SETTLE-SUG-69c4e1551fc8f83e08303d96,2026-09-26T16:12:39.507032-07:00,NCAA_Football,NCAA_Football,PL-218896,SUG-69c4e1551fc8f83e08303d96,2,WIN,,,ESPN_PUBLIC:401856816:BOX_SCORE
SETTLE-SUG-6b4deef5de867d17b2759ac0,2026-09-26T16:12:39.507032-07:00,NCAA_Football,NCAA_Football,PL-37375,SUG-6b4deef5de867d17b2759ac0,171,WIN,,,ESPN_PUBLIC:401856700:BOX_SCORE
SETTLE-SUG-6e82f74fb119ee6454ded288,2026-09-26T16:12:39.507032-07:00,NCAA_Football,NCAA_Football,PL-217886,SUG-6e82f74fb119ee6454ded288,0,LOSS,,,ESPN_PUBLIC:401866426:FINAL_SCORE_ML
SETTLE-SUG-6ec080ad9b213ec299f759ff,2026-09-26T16:12:39.507032-07:00,NCAA_Football,NCAA_Football,PAPI-04f335e8935ef13e,SUG-6ec080ad9b213ec299f759ff,206,LOSS,,,ESPN_PUBLIC:401856816:BOX_SCORE
SETTLE-SUG-6ec6c1c94ef3c0830cfaeba9,2026-09-26T16:12:39.507032-07:00,NCAA_Football,NCAA_Football,PL-218896,SUG-6ec6c1c94ef3c0830cfaeba9,2,WIN,,,ESPN_PUBLIC:401856816:BOX_SCORE
SETTLE-SUG-6f46910eeda096c812bfd2a4,2026-09-26T16:12:39.507032-07:00,NCAA_Football,NCAA_Football,PAPI-024a24b72fc752fe,SUG-6f46910eeda096c812bfd2a4,4,WIN,,,ESPN_PUBLIC:401858463:BOX_SCORE
SETTLE-SUG-6ff62aed6e1e30318991508b,2026-09-26T16:12:39.507032-07:00,NCAA_Football,NCAA_Football,PAPI-04f335e8935ef13e,SUG-6ff62aed6e1e30318991508b,29,LOSS,,,ESPN_PUBLIC:401856816:BOX_SCORE
SETTLE-SUG-720b0212c998dc10c31b1f92,2026-09-26T16:12:39.507032-07:00,NCAA_Football,NCAA_Football,PL-218020,SUG-720b0212c998dc10c31b1f92,1,WIN,,,ESPN_PUBLIC:401856816:FINAL_SCORE_ML
SETTLE-SUG-727f08445f07bba5754b511e,2026-09-26T16:12:39.507032-07:00,NCAA_Football,NCAA_Football,PAPI-04f335e8935ef13e,SUG-727f08445f07bba5754b511e,16,LOSS,,,ESPN_PUBLIC:401856816:BOX_SCORE
SETTLE-SUG-767c281bd136685f2c54b44a,2026-09-26T16:12:39.507032-07:00,NCAA_Football,NCAA_Football,PL-218896,SUG-767c281bd136685f2c54b44a,205,LOSS,,,ESPN_PUBLIC:401856816:BOX_SCORE
SETTLE-SUG-789075caa0992835f8d79bfe,2026-09-26T16:12:39.507032-07:00,NCAA_Football,NCAA_Football,PL-217886,SUG-789075caa0992835f8d79bfe,0,LOSS,,,ESPN_PUBLIC:401866426:FINAL_SCORE_ML
SETTLE-SUG-78a424fb5cfadb924612cf59,2026-09-26T16:12:39.507032-07:00,NCAA_Football,NCAA_Football,PAPI-88dad6f336e94db5,SUG-78a424fb5cfadb924612cf59,10,WIN,,,ESPN_PUBLIC:401856700:BOX_SCORE
SETTLE-SUG-78f792054f98024b49fe5981,2026-09-26T16:12:39.507032-07:00,NCAA_Football,NCAA_Football,PAPI-88dad6f336e94db5,SUG-78f792054f98024b49fe5981,4,LOSS,,,ESPN_PUBLIC:401856700:BOX_SCORE
SETTLE-SUG-7c1ee170ed395feb20c9b9a4,2026-09-26T16:12:39.507032-07:00,NCAA_Football,NCAA_Football,PAPI-88dad6f336e94db5,SUG-7c1ee170ed395feb20c9b9a4,1,LOSS,,,ESPN_PUBLIC:401856700:BOX_SCORE
SETTLE-SUG-81bb89550836c382b66f1182,2026-09-26T16:12:39.507032-07:00,NCAA_Football,NCAA_Football,PAPI-04f335e8935ef13e,SUG-81bb89550836c382b66f1182,16,LOSS,,,ESPN_PUBLIC:401856816:BOX_SCORE
SETTLE-SUG-82abc6b5d1ba0cb6063423ff,2026-09-26T16:12:39.507032-07:00,NCAA_Football,NCAA_Football,PL-37375,SUG-82abc6b5d1ba0cb6063423ff,2,LOSS,,,ESPN_PUBLIC:401856700:BOX_SCORE
SETTLE-SUG-83b79b016391bfa162016551,2026-09-26T16:12:39.507032-07:00,NCAA_Football,NCAA_Football,PAPI-88dad6f336e94db5,SUG-83b79b016391bfa162016551,171,WIN,,,ESPN_PUBLIC:401856700:BOX_SCORE
SETTLE-SUG-878ddaad579f0678741a5009,2026-09-26T16:12:39.507032-07:00,NCAA_Football,NCAA_Football,PL-218896,SUG-878ddaad579f0678741a5009,206,LOSS,,,ESPN_PUBLIC:401856816:BOX_SCORE
SETTLE-SUG-8a2b7d4f01274a9f08d9bbaa,2026-09-26T16:12:39.507032-07:00,NCAA_Football,NCAA_Football,PAPI-04f335e8935ef13e,SUG-8a2b7d4f01274a9f08d9bbaa,2,WIN,,,ESPN_PUBLIC:401856816:BOX_SCORE
SETTLE-SUG-8ca2c008a09a410c4647669d,2026-09-26T16:12:39.507032-07:00,NCAA_Football,NCAA_Football,PL-217886,SUG-8ca2c008a09a410c4647669d,0,LOSS,,,ESPN_PUBLIC:401866426:FINAL_SCORE_ML
SETTLE-SUG-926cd54167f3df5db2c2bf29,2026-09-26T16:12:39.507032-07:00,NCAA_Football,NCAA_Football,PL-217886,SUG-926cd54167f3df5db2c2bf29,0,LOSS,,,ESPN_PUBLIC:401866426:FINAL_SCORE_ML
SETTLE-SUG-941cd1570240d68eadc6b6f9,2026-09-26T16:12:39.507032-07:00,NCAA_Football,NCAA_Football,PAPI-88dad6f336e94db5,SUG-941cd1570240d68eadc6b6f9,171,WIN,,,ESPN_PUBLIC:401856700:BOX_SCORE
SETTLE-SUG-95c5cabbfd587079df001505,2026-09-26T16:12:39.507032-07:00,NCAA_Football,NCAA_Football,PL-218020,SUG-95c5cabbfd587079df001505,1,WIN,,,ESPN_PUBLIC:401856816:FINAL_SCORE_ML
SETTLE-SUG-96dd4f9f6a28c639459b54fd,2026-09-26T16:12:39.507032-07:00,NCAA_Football,NCAA_Football,PAPI-024a24b72fc752fe,SUG-96dd4f9f6a28c639459b54fd,46,LOSS,,,ESPN_PUBLIC:401858463:BOX_SCORE
SETTLE-SUG-9a6f0e699b7f46abc8886da3,2026-09-26T16:12:39.507032-07:00,NCAA_Football,NCAA_Football,PL-218896,SUG-9a6f0e699b7f46abc8886da3,55,WIN,,,ESPN_PUBLIC:401856816:BOX_SCORE
SETTLE-SUG-9e2d739353a7795d7947d8a4,2026-09-26T16:12:39.507032-07:00,NCAA_Football,NCAA_Football,PL-37375,SUG-9e2d739353a7795d7947d8a4,1,WIN,,,ESPN_PUBLIC:401856700:FINAL_SCORE_ML
SETTLE-SUG-9f7d9caf1e6679c3ce8e058d,2026-09-26T16:12:39.507032-07:00,NCAA_Football,NCAA_Football,PL-217914,SUG-9f7d9caf1e6679c3ce8e058d,4,WIN,,,ESPN_PUBLIC:401858463:BOX_SCORE
SETTLE-SUG-9fad2869c82704247d513ca7,2026-09-26T16:12:39.507032-07:00,NCAA_Football,NCAA_Football,PL-37375,SUG-9fad2869c82704247d513ca7,171,WIN,,,ESPN_PUBLIC:401856700:BOX_SCORE
SETTLE-SUG-a13070ce79d93c53f0c236c7,2026-09-26T16:12:39.507032-07:00,NCAA_Football,NCAA_Football,PL-37375,SUG-a13070ce79d93c53f0c236c7,1,WIN,,,ESPN_PUBLIC:401856700:FINAL_SCORE_ML
SETTLE-SUG-a293f322fb85c150f458cbca,2026-09-26T16:12:39.507032-07:00,NCAA_Football,NCAA_Football,PL-217914,SUG-a293f322fb85c150f458cbca,5,WIN,,,ESPN_PUBLIC:401858463:BOX_SCORE
SETTLE-SUG-a5219816fab78c0659e6f8c3,2026-09-26T16:12:39.507032-07:00,NCAA_Football,NCAA_Football,PL-217886,SUG-a5219816fab78c0659e6f8c3,0,LOSS,,,ESPN_PUBLIC:401866426:FINAL_SCORE_ML
SETTLE-SUG-a559b0cde8028c7797b4fa30,2026-09-26T16:12:39.507032-07:00,NCAA_Football,NCAA_Football,PL-217914,SUG-a559b0cde8028c7797b4fa30,7,LOSS,,,ESPN_PUBLIC:401858463:BOX_SCORE
SETTLE-SUG-a71104543f0e735c73819a11,2026-09-26T16:12:39.507032-07:00,NCAA_Football,NCAA_Football,PL-217914,SUG-a71104543f0e735c73819a11,2,WIN,,,ESPN_PUBLIC:401858463:BOX_SCORE
SETTLE-SUG-a7964398e90c4e0705e512e1,2026-09-26T16:12:39.507032-07:00,NCAA_Football,NCAA_Football,PL-218896,SUG-a7964398e90c4e0705e512e1,65,WIN,,,ESPN_PUBLIC:401856816:BOX_SCORE
SETTLE-SUG-a7c3a7fe5a6e5190bb8b0449,2026-09-26T16:12:39.507032-07:00,NCAA_Football,NCAA_Football,PL-217886,SUG-a7c3a7fe5a6e5190bb8b0449,0,LOSS,,,ESPN_PUBLIC:401866426:FINAL_SCORE_ML
SETTLE-SUG-a7cf25a68b15ffcac5f7d0eb,2026-09-26T16:12:39.507032-07:00,NCAA_Football,NCAA_Football,PAPI-024a24b72fc752fe,SUG-a7cf25a68b15ffcac5f7d0eb,130,WIN,,,ESPN_PUBLIC:401858463:BOX_SCORE
SETTLE-SUG-ada8394007182dec91e2928a,2026-09-26T16:12:39.507032-07:00,NCAA_Football,NCAA_Football,PL-218896,SUG-ada8394007182dec91e2928a,2,LOSS,,,ESPN_PUBLIC:401856816:BOX_SCORE
SETTLE-SUG-af7f3e368683f47c18747bed,2026-09-26T16:12:39.507032-07:00,NCAA_Football,NCAA_Football,PL-217886,SUG-af7f3e368683f47c18747bed,0,LOSS,,,ESPN_PUBLIC:401866426:FINAL_SCORE_ML
SETTLE-SUG-b04b7719eeae4e513a0cf982,2026-09-26T16:12:39.507032-07:00,NCAA_Football,NCAA_Football,PL-217914,SUG-b04b7719eeae4e513a0cf982,13,LOSS,,,ESPN_PUBLIC:401858463:BOX_SCORE
SETTLE-SUG-b0a18a5d06bd9a563d723afd,2026-09-26T16:12:39.507032-07:00,NCAA_Football,NCAA_Football,PAPI-024a24b72fc752fe,SUG-b0a18a5d06bd9a563d723afd,44,LOSS,,,ESPN_PUBLIC:401858463:BOX_SCORE
SETTLE-SUG-b3a456fb1892b8f5d391896d,2026-09-26T16:12:39.507032-07:00,NCAA_Football,NCAA_Football,PL-217886,SUG-b3a456fb1892b8f5d391896d,0,LOSS,,,ESPN_PUBLIC:401866426:FINAL_SCORE_ML
SETTLE-SUG-b45012c87bbe171fddac8d8d,2026-09-26T16:12:39.507032-07:00,NCAA_Football,NCAA_Football,PL-218896,SUG-b45012c87bbe171fddac8d8d,16,LOSS,,,ESPN_PUBLIC:401856816:BOX_SCORE
SETTLE-SUG-bacf6c5628463defd13d7869,2026-09-26T16:12:39.507032-07:00,NCAA_Football,NCAA_Football,PL-37375,SUG-bacf6c5628463defd13d7869,1,WIN,,,ESPN_PUBLIC:401856700:FINAL_SCORE_ML
SETTLE-SUG-bca4d5cee18d1f010c8db86b,2026-09-26T16:12:39.507032-07:00,NCAA_Football,NCAA_Football,PL-217914,SUG-bca4d5cee18d1f010c8db86b,5,WIN,,,ESPN_PUBLIC:401858463:BOX_SCORE
SETTLE-SUG-be42b62e77c3aecd485ec401,2026-09-26T16:12:39.507032-07:00,NCAA_Football,NCAA_Football,PL-217914,SUG-be42b62e77c3aecd485ec401,2,WIN,,,ESPN_PUBLIC:401858463:BOX_SCORE
SETTLE-SUG-bef41ed52f5c710a6dc6dc0d,2026-09-26T16:12:39.507032-07:00,NCAA_Football,NCAA_Football,PL-37375,SUG-bef41ed52f5c710a6dc6dc0d,231,WIN,,,ESPN_PUBLIC:401856700:BOX_SCORE
SETTLE-SUG-bef86cc2926012cb9425b378,2026-09-26T16:12:39.507032-07:00,NCAA_Football,NCAA_Football,PL-217914,SUG-bef86cc2926012cb9425b378,44,LOSS,,,ESPN_PUBLIC:401858463:BOX_SCORE
SETTLE-SUG-c3f48dacc69069d07d04500b,2026-09-26T16:12:39.507032-07:00,NCAA_Football,NCAA_Football,PL-217914,SUG-c3f48dacc69069d07d04500b,276,WIN,,,ESPN_PUBLIC:401858463:BOX_SCORE
SETTLE-SUG-c461106202414d853114fd98,2026-09-26T16:12:39.507032-07:00,NCAA_Football,NCAA_Football,PL-217914,SUG-c461106202414d853114fd98,276,WIN,,,ESPN_PUBLIC:401858463:BOX_SCORE
SETTLE-SUG-c5cfe1dd08b14321fb260e8f,2026-09-26T16:12:39.507032-07:00,NCAA_Football,NCAA_Football,PL-217886,SUG-c5cfe1dd08b14321fb260e8f,0,LOSS,,,ESPN_PUBLIC:401866426:FINAL_SCORE_ML
SETTLE-SUG-c7df4f34965ae8dd71b90cbd,2026-09-26T16:12:39.507032-07:00,NCAA_Football,NCAA_Football,PL-218020,SUG-c7df4f34965ae8dd71b90cbd,1,WIN,,,ESPN_PUBLIC:401856816:FINAL_SCORE_ML
SETTLE-SUG-c8ea44a8e41c20e49df54676,2026-09-26T16:12:39.507032-07:00,NCAA_Football,NCAA_Football,PL-217914,SUG-c8ea44a8e41c20e49df54676,66,WIN,,,ESPN_PUBLIC:401858463:BOX_SCORE
SETTLE-SUG-c9c0c09cb8b556c53a4afd09,2026-09-26T16:12:39.507032-07:00,NCAA_Football,NCAA_Football,PL-218020,SUG-c9c0c09cb8b556c53a4afd09,1,WIN,,,ESPN_PUBLIC:401856816:FINAL_SCORE_ML
SETTLE-SUG-cb69facb43ae406306071886,2026-09-26T16:12:39.507032-07:00,NCAA_Football,NCAA_Football,PL-218896,SUG-cb69facb43ae406306071886,29,LOSS,,,ESPN_PUBLIC:401856816:BOX_SCORE
SETTLE-SUG-cee5803406e83029c44def3f,2026-09-26T16:12:39.507032-07:00,NCAA_Football,NCAA_Football,PL-217914,SUG-cee5803406e83029c44def3f,4,WIN,,,ESPN_PUBLIC:401858463:BOX_SCORE
SETTLE-SUG-d4ecb91f0416a9b34e2fee42,2026-09-26T16:12:39.507032-07:00,NCAA_Football,NCAA_Football,PL-218896,SUG-d4ecb91f0416a9b34e2fee42,5,LOSS,,,ESPN_PUBLIC:401856816:BOX_SCORE
SETTLE-SUG-d4eeaa0bcc1322c4d35b0e8d,2026-09-26T16:12:39.507032-07:00,NCAA_Football,NCAA_Football,PL-217886,SUG-d4eeaa0bcc1322c4d35b0e8d,0,LOSS,,,ESPN_PUBLIC:401866426:FINAL_SCORE_ML
SETTLE-SUG-d62465186ef39f171ff5409c,2026-09-26T16:12:39.507032-07:00,NCAA_Football,NCAA_Football,PL-218896,SUG-d62465186ef39f171ff5409c,2,WIN,,,ESPN_PUBLIC:401856816:BOX_SCORE
SETTLE-SUG-d8036bcceea592cf26f522db,2026-09-26T16:12:39.507032-07:00,NCAA_Football,NCAA_Football,PL-217914,SUG-d8036bcceea592cf26f522db,276,WIN,,,ESPN_PUBLIC:401858463:BOX_SCORE
SETTLE-SUG-d8cf0562f87e8bf1cc1e2927,2026-09-26T16:12:39.507032-07:00,NCAA_Football,NCAA_Football,PL-217914,SUG-d8cf0562f87e8bf1cc1e2927,227,LOSS,,,ESPN_PUBLIC:401858463:BOX_SCORE
SETTLE-SUG-d925d9eee9765c60d257f7cb,2026-09-26T16:12:39.507032-07:00,NCAA_Football,NCAA_Football,PAPI-88dad6f336e94db5,SUG-d925d9eee9765c60d257f7cb,4,LOSS,,,ESPN_PUBLIC:401856700:BOX_SCORE
SETTLE-SUG-d9a521b3cf89f0241028b51a,2026-09-26T16:12:39.507032-07:00,NCAA_Football,NCAA_Football,PAPI-024a24b72fc752fe,SUG-d9a521b3cf89f0241028b51a,13,LOSS,,,ESPN_PUBLIC:401858463:BOX_SCORE
SETTLE-SUG-d9c1215da74edbadf6dd1778,2026-09-26T16:12:39.507032-07:00,NCAA_Football,NCAA_Football,PAPI-024a24b72fc752fe,SUG-d9c1215da74edbadf6dd1778,106,LOSS,,,ESPN_PUBLIC:401858463:BOX_SCORE
SETTLE-SUG-dee6af67847183728d5d5e6f,2026-09-26T16:12:39.507032-07:00,NCAA_Football,NCAA_Football,PL-37375,SUG-dee6af67847183728d5d5e6f,1,LOSS,,,ESPN_PUBLIC:401856700:BOX_SCORE
SETTLE-SUG-e10f640da04539ca0c15ceaf,2026-09-26T16:12:39.507032-07:00,NCAA_Football,NCAA_Football,PAPI-024a24b72fc752fe,SUG-e10f640da04539ca0c15ceaf,276,WIN,,,ESPN_PUBLIC:401858463:BOX_SCORE
SETTLE-SUG-e4960b36447e6d5697d20703,2026-09-26T16:12:39.507032-07:00,NCAA_Football,NCAA_Football,PL-218020,SUG-e4960b36447e6d5697d20703,1,WIN,,,ESPN_PUBLIC:401856816:FINAL_SCORE_ML
SETTLE-SUG-e6d6b1500f3a5a4044e40798,2026-09-26T16:12:39.507032-07:00,NCAA_Football,NCAA_Football,PL-217886,SUG-e6d6b1500f3a5a4044e40798,0,LOSS,,,ESPN_PUBLIC:401866426:FINAL_SCORE_ML
SETTLE-SUG-e6e6f82131859ba15b536c7a,2026-09-26T16:12:39.507032-07:00,NCAA_Football,NCAA_Football,PL-217914,SUG-e6e6f82131859ba15b536c7a,46,LOSS,,,ESPN_PUBLIC:401858463:BOX_SCORE
SETTLE-SUG-eb858fbbe01861edc9636c6d,2026-09-26T16:12:39.507032-07:00,NCAA_Football,NCAA_Football,PL-217914,SUG-eb858fbbe01861edc9636c6d,130,WIN,,,ESPN_PUBLIC:401858463:BOX_SCORE
SETTLE-SUG-eb992dc1ca5ecd9428d41960,2026-09-26T16:12:39.507032-07:00,NCAA_Football,NCAA_Football,PL-217914,SUG-eb992dc1ca5ecd9428d41960,3,LOSS,,,ESPN_PUBLIC:401858463:BOX_SCORE
SETTLE-SUG-edd523f75d497e59890ce5a0,2026-09-26T16:12:39.507032-07:00,NCAA_Football,NCAA_Football,PL-217914,SUG-edd523f75d497e59890ce5a0,276,WIN,,,ESPN_PUBLIC:401858463:BOX_SCORE
SETTLE-SUG-f143ceacc9170f463820cdee,2026-09-26T16:12:39.507032-07:00,NCAA_Football,NCAA_Football,PL-218896,SUG-f143ceacc9170f463820cdee,65,WIN,,,ESPN_PUBLIC:401856816:BOX_SCORE
SETTLE-SUG-f216648d50963b1b0c7a7480,2026-09-26T16:12:39.507032-07:00,NCAA_Football,NCAA_Football,PL-218020,SUG-f216648d50963b1b0c7a7480,1,WIN,,,ESPN_PUBLIC:401856816:FINAL_SCORE_ML
SETTLE-SUG-f55c767c159f9897a02664a7,2026-09-26T16:12:39.507032-07:00,NCAA_Football,NCAA_Football,PAPI-04f335e8935ef13e,SUG-f55c767c159f9897a02664a7,205,LOSS,,,ESPN_PUBLIC:401856816:BOX_SCORE
SETTLE-SUG-f6fc0b8930d8e00728fd60b1,2026-09-26T16:12:39.507032-07:00,NCAA_Football,NCAA_Football,PL-217914,SUG-f6fc0b8930d8e00728fd60b1,2,WIN,,,ESPN_PUBLIC:401858463:BOX_SCORE
SETTLE-SUG-fa05a0e9e1353aeeb79864ee,2026-09-26T16:12:39.507032-07:00,NCAA_Football,NCAA_Football,PL-217914,SUG-fa05a0e9e1353aeeb79864ee,2,WIN,,,ESPN_PUBLIC:401858463:BOX_SCORE
SETTLE-SUG-fb37b74d40e24d0c8384e2f3,2026-09-26T16:12:39.507032-07:00,NCAA_Football,NCAA_Football,PL-217914,SUG-fb37b74d40e24d0c8384e2f3,5,WIN,,,ESPN_PUBLIC:401858463:BOX_SCORE
SETTLE-SUG-fd22a96a7de800d1ea845406,2026-09-26T16:12:39.507032-07:00,NCAA_Football,NCAA_Football,PL-218896,SUG-fd22a96a7de800d1ea845406,16,LOSS,,,ESPN_PUBLIC:401856816:BOX_SCORE
SETTLE-SUG-ffe78c105102082426b76e82,2026-09-26T16:12:39.507032-07:00,NCAA_Football,NCAA_Football,PAPI-88dad6f336e94db5,SUG-ffe78c105102082426b76e82,15,WIN,,,ESPN_PUBLIC:401856700:BOX_SCORE
SETTLE-SUG-0031ae77117f197346692712,2026-09-26T18:10:43.955549-07:00,NCAA_Football,NCAA_Football,PAPI-39682a8f2df579a7,SUG-0031ae77117f197346692712,70,LOSS,,,ESPN_PUBLIC:401858466:BOX_SCORE
SETTLE-SUG-008f4d5929371778f09dbe3b,2026-09-26T18:10:43.955549-07:00,NCAA_Football,NCAA_Football,PL-217944,SUG-008f4d5929371778f09dbe3b,1,WIN,,,ESPN_PUBLIC:401858464:FINAL_SCORE_ML
SETTLE-SUG-00c7a130da551d984541f133,2026-09-26T18:10:43.955549-07:00,MLB,MLB,PL-232568,SUG-00c7a130da551d984541f133,1,WIN,,,ESPN_PUBLIC:401817097:FINAL_SCORE_ML
SETTLE-SUG-014182a9ca68698a7557a6fc,2026-09-26T18:10:43.955549-07:00,NCAA_Football,NCAA_Football,PAPI-2b77c81e33a8c196,SUG-014182a9ca68698a7557a6fc,4,LOSS,,,ESPN_PUBLIC:401858464:BOX_SCORE
SETTLE-SUG-015e41a2163804861c97c3a2,2026-09-26T18:10:43.955549-07:00,NCAA_Football,NCAA_Football,PAPI-2b77c81e33a8c196,SUG-015e41a2163804861c97c3a2,23,LOSS,,,ESPN_PUBLIC:401858464:BOX_SCORE
SETTLE-SUG-02195e9323f8187535b79d15,2026-09-26T18:10:43.955549-07:00,NCAA_Football,NCAA_Football,PAPI-2b77c81e33a8c196,SUG-02195e9323f8187535b79d15,12,WIN,,,ESPN_PUBLIC:401858464:BOX_SCORE
SETTLE-SUG-02b04bb5d32ce74b49c067ff,2026-09-26T18:10:43.955549-07:00,NCAA_Football,NCAA_Football,PL-216103,SUG-02b04bb5d32ce74b49c067ff,1,WIN,,,ESPN_PUBLIC:401856698:FINAL_SCORE_ML
SETTLE-SUG-02c8f979e5371c759a0314b9,2026-09-26T18:10:43.955549-07:00,NCAA_Football,NCAA_Football,PL-216854,SUG-02c8f979e5371c759a0314b9,0,LOSS,,,ESPN_PUBLIC:401856699:FINAL_SCORE_ML
SETTLE-SUG-02ecec66c200364dc9bd098f,2026-09-26T18:10:43.955549-07:00,NCAA_Football,NCAA_Football,PL-216103,SUG-02ecec66c200364dc9bd098f,1,WIN,,,ESPN_PUBLIC:401856698:FINAL_SCORE_ML
SETTLE-SUG-03617028322538a3daa0d1e4,2026-09-26T18:10:43.955549-07:00,NCAA_Football,NCAA_Football,PL-216103,SUG-03617028322538a3daa0d1e4,10,LOSS,,,ESPN_PUBLIC:401856698:BOX_SCORE
SETTLE-SUG-04585c12fd3cb66d0540a8e1,2026-09-26T18:10:43.955549-07:00,NCAA_Football,NCAA_Football,PL-216103,SUG-04585c12fd3cb66d0540a8e1,1,WIN,,,ESPN_PUBLIC:401856698:FINAL_SCORE_ML
SETTLE-SUG-05015005236cb5b7ad0f31ef,2026-09-26T18:10:43.955549-07:00,NCAA_Football,NCAA_Football,PAPI-f82f13a288a8176f,SUG-05015005236cb5b7ad0f31ef,140,LOSS,,,ESPN_PUBLIC:401856698:BOX_SCORE
SETTLE-SUG-06e5440a403ceca0f43b05a0,2026-09-26T18:10:43.955549-07:00,NHL,NHL,2026010057,SUG-06e5440a403ceca0f43b05a0,1,WIN,,,ESPN_PUBLIC:401879361:FINAL_SCORE_ML
SETTLE-SUG-08fc3104dcd3a57c9b3350d2,2026-09-26T18:10:43.955549-07:00,NCAA_Football,NCAA_Football,PAPI-2b77c81e33a8c196,SUG-08fc3104dcd3a57c9b3350d2,0,WIN,,,ESPN_PUBLIC:401858464:BOX_SCORE
SETTLE-SUG-08ff6ba900d52e716923c8fa,2026-09-26T18:10:43.955549-07:00,NCAA_Football,NCAA_Football,PAPI-35d7b263e6fef7e8,SUG-08ff6ba900d52e716923c8fa,3,WIN,,,ESPN_PUBLIC:401856806:BOX_SCORE
SETTLE-SUG-090c1d86fecef24a6c7c23c6,2026-09-26T18:10:43.955549-07:00,NHL,NHL,PL-184822,SUG-090c1d86fecef24a6c7c23c6,0,LOSS,,,ESPN_PUBLIC:401879361:FINAL_SCORE_ML
SETTLE-SUG-09923e9a7583f557af2ba960,2026-09-26T18:10:43.955549-07:00,NCAA_Football,NCAA_Football,PAPI-39682a8f2df579a7,SUG-09923e9a7583f557af2ba960,0,LOSS,,,ESPN_PUBLIC:401858466:BOX_SCORE
SETTLE-SUG-09e08a2ab7e3cd6dd6f1bcf1,2026-09-26T18:10:43.955549-07:00,NCAA_Football,NCAA_Football,PL-216854,SUG-09e08a2ab7e3cd6dd6f1bcf1,0,LOSS,,,ESPN_PUBLIC:401856699:FINAL_SCORE_ML
SETTLE-SUG-0a5c20870d764f8861988fe2,2026-09-26T18:10:43.955549-07:00,NHL,NHL,2026010057,SUG-0a5c20870d764f8861988fe2,1,WIN,,,ESPN_PUBLIC:401879361:FINAL_SCORE_ML
SETTLE-SUG-0b8e0e90b3a0331b591dd7ce,2026-09-26T18:10:43.955549-07:00,NCAA_Football,NCAA_Football,PL-216103,SUG-0b8e0e90b3a0331b591dd7ce,1,LOSS,,,ESPN_PUBLIC:401856698:BOX_SCORE
SETTLE-SUG-0c873729a20b04bd296e2f03,2026-09-26T18:10:43.955549-07:00,NCAA_Football,NCAA_Football,PAPI-39682a8f2df579a7,SUG-0c873729a20b04bd296e2f03,5,WIN,,,ESPN_PUBLIC:401858466:BOX_SCORE
SETTLE-SUG-0cb8846ef07a4e1de3bdb042,2026-09-26T18:10:43.955549-07:00,NCAA_Football,NCAA_Football,PAPI-35d7b263e6fef7e8,SUG-0cb8846ef07a4e1de3bdb042,3,WIN,,,ESPN_PUBLIC:401856806:BOX_SCORE
SETTLE-SUG-0e298fb314e7ee5579ddaec2,2026-09-26T18:10:43.955549-07:00,NCAA_Football,NCAA_Football,PL-216854,SUG-0e298fb314e7ee5579ddaec2,0,LOSS,,,ESPN_PUBLIC:401856699:FINAL_SCORE_ML
SETTLE-SUG-0e64285dcd4a0a00284de849,2026-09-26T18:10:43.955549-07:00,NHL,NHL,2026010059,SUG-0e64285dcd4a0a00284de849,1,WIN,,,ESPN_PUBLIC:401881134:FINAL_SCORE_ML
SETTLE-SUG-0e719335845be3851c4640d8,2026-09-26T18:10:43.955549-07:00,NHL,NHL,2026010054,SUG-0e719335845be3851c4640d8,0,LOSS,,,ESPN_PUBLIC:401879365:FINAL_SCORE_ML
SETTLE-SUG-0ed70a6abf28eaec75ff1bac,2026-09-26T18:10:43.955549-07:00,NCAA_Football,NCAA_Football,PL-215319,SUG-0ed70a6abf28eaec75ff1bac,1,WIN,,,ESPN_PUBLIC:401868188:FINAL_SCORE_ML
SETTLE-SUG-0ff525c7e23ebb105ac37a65,2026-09-26T18:10:43.955549-07:00,NCAA_Football,NCAA_Football,PL-216854,SUG-0ff525c7e23ebb105ac37a65,0,LOSS,,,ESPN_PUBLIC:401856699:FINAL_SCORE_ML
SETTLE-SUG-122091cba2108f80128db3ef,2026-09-26T18:10:43.955549-07:00,NHL,NHL,2026010057,SUG-122091cba2108f80128db3ef,1,WIN,,,ESPN_PUBLIC:401879361:FINAL_SCORE_ML
SETTLE-SUG-12d988ec20f9483c99414ba0,2026-09-26T18:10:43.955549-07:00,NCAA_Football,NCAA_Football,PAPI-2b77c81e33a8c196,SUG-12d988ec20f9483c99414ba0,4,LOSS,,,ESPN_PUBLIC:401858464:BOX_SCORE
SETTLE-SUG-131fe726345672743a0f9300,2026-09-26T18:10:43.955549-07:00,NCAA_Football,NCAA_Football,PL-216103,SUG-131fe726345672743a0f9300,38,LOSS,,,ESPN_PUBLIC:401856698:BOX_SCORE
SETTLE-SUG-14c5c7004b79bfc77678751d,2026-09-26T18:10:43.955549-07:00,NCAA_Football,NCAA_Football,PL-216103,SUG-14c5c7004b79bfc77678751d,140,LOSS,,,ESPN_PUBLIC:401856698:BOX_SCORE
SETTLE-SUG-17fe3031b5064a7569393572,2026-09-26T18:10:43.955549-07:00,MLB,MLB,PL-232568,SUG-17fe3031b5064a7569393572,1,WIN,,,ESPN_PUBLIC:401817097:FINAL_SCORE_ML
SETTLE-SUG-1803049f815dbb4692c17054,2026-09-26T18:10:43.955549-07:00,NHL,NHL,2026010057,SUG-1803049f815dbb4692c17054,1,WIN,,,ESPN_PUBLIC:401879361:FINAL_SCORE_ML
SETTLE-SUG-187371fdc9437d5ab85330ec,2026-09-26T18:10:43.955549-07:00,NHL,NHL,2026010059,SUG-187371fdc9437d5ab85330ec,0,LOSS,,,ESPN_PUBLIC:401881134:FINAL_SCORE_ML
SETTLE-SUG-1875815a0d107bd81977e796,2026-09-26T18:10:43.955549-07:00,MLB,MLB,PL-232568,SUG-1875815a0d107bd81977e796,1,WIN,,,ESPN_PUBLIC:401817097:FINAL_SCORE_ML
SETTLE-SUG-1b3735b1e0e78e6022cbf4ad,2026-09-26T18:10:43.955549-07:00,NCAA_Football,NCAA_Football,PL-216103,SUG-1b3735b1e0e78e6022cbf4ad,6,WIN,,,ESPN_PUBLIC:401856698:BOX_SCORE
SETTLE-SUG-1ca3c8bb591823dd9b35d97e,2026-09-26T18:10:43.955549-07:00,NHL,NHL,2026010054,SUG-1ca3c8bb591823dd9b35d97e,0,LOSS,,,ESPN_PUBLIC:401879365:FINAL_SCORE_ML
SETTLE-SUG-1da2fcb19fb202df35fbced9,2026-09-26T18:10:43.955549-07:00,NCAA_Football,NCAA_Football,PL-216103,SUG-1da2fcb19fb202df35fbced9,1,WIN,,,ESPN_PUBLIC:401856698:FINAL_SCORE_ML
SETTLE-SUG-1e057429fb08b2406bb6ef40,2026-09-26T18:10:43.955549-07:00,NHL,NHL,2026010059,SUG-1e057429fb08b2406bb6ef40,0,LOSS,,,ESPN_PUBLIC:401881134:FINAL_SCORE_ML
SETTLE-SUG-1ef0bf4c4cf020f39caf8968,2026-09-26T18:10:43.955549-07:00,NHL,NHL,2026010054,SUG-1ef0bf4c4cf020f39caf8968,0,LOSS,,,ESPN_PUBLIC:401879365:FINAL_SCORE_ML
SETTLE-SUG-1ef5ac87d66fc7a50edb8492,2026-09-26T18:10:43.955549-07:00,NCAA_Football,NCAA_Football,PAPI-2b77c81e33a8c196,SUG-1ef5ac87d66fc7a50edb8492,208,LOSS,,,ESPN_PUBLIC:401858464:BOX_SCORE
SETTLE-SUG-20672d5b33377e8816e371d7,2026-09-26T18:10:43.955549-07:00,NCAA_Football,NCAA_Football,PL-217944,SUG-20672d5b33377e8816e371d7,1,WIN,,,ESPN_PUBLIC:401858464:FINAL_SCORE_ML
SETTLE-SUG-2106fa7853ab5bf516f0975c,2026-09-26T18:10:43.955549-07:00,NCAA_Football,NCAA_Football,PL-216103,SUG-2106fa7853ab5bf516f0975c,29,LOSS,,,ESPN_PUBLIC:401856698:BOX_SCORE
SETTLE-SUG-222e6be8516e115c3cc9970a,2026-09-26T18:10:43.955549-07:00,NCAA_Football,NCAA_Football,PAPI-35d7b263e6fef7e8,SUG-222e6be8516e115c3cc9970a,4,WIN,,,ESPN_PUBLIC:401856806:BOX_SCORE
SETTLE-SUG-22ee47380cc424b8ca21d6d4,2026-09-26T18:10:43.955549-07:00,NCAA_Football,NCAA_Football,PAPI-2b77c81e33a8c196,SUG-22ee47380cc424b8ca21d6d4,2,LOSS,,,ESPN_PUBLIC:401858464:BOX_SCORE
SETTLE-SUG-2567dcdc452cf3067edc05a4,2026-09-26T18:10:43.955549-07:00,NCAA_Football,NCAA_Football,PAPI-2b77c81e33a8c196,SUG-2567dcdc452cf3067edc05a4,47,LOSS,,,ESPN_PUBLIC:401858464:BOX_SCORE
SETTLE-SUG-25cd006b54f71e6a24fe75b5,2026-09-26T18:10:43.955549-07:00,NHL,NHL,2026010057,SUG-25cd006b54f71e6a24fe75b5,1,WIN,,,ESPN_PUBLIC:401879361:FINAL_SCORE_ML
SETTLE-SUG-25f2a9a72d3ffc4dd09c2166,2026-09-26T18:10:43.955549-07:00,NCAA_Football,NCAA_Football,PAPI-f82f13a288a8176f,SUG-25f2a9a72d3ffc4dd09c2166,10,LOSS,,,ESPN_PUBLIC:401856698:BOX_SCORE
SETTLE-SUG-264729c45bcdaaa2c27e6e8d,2026-09-26T18:10:43.955549-07:00,NCAA_Football,NCAA_Football,PAPI-39682a8f2df579a7,SUG-264729c45bcdaaa2c27e6e8d,2,LOSS,,,ESPN_PUBLIC:401858466:BOX_SCORE
SETTLE-SUG-2ae8e396cc72b4650f78df31,2026-09-26T18:10:43.955549-07:00,NCAA_Football,NCAA_Football,PAPI-e21f456947761dba,SUG-2ae8e396cc72b4650f78df31,8,WIN,,,ESPN_PUBLIC:401856699:BOX_SCORE
SETTLE-SUG-2ba754b02a4a3b6255f50b18,2026-09-26T18:10:43.955549-07:00,NCAA_Football,NCAA_Football,PAPI-e21f456947761dba,SUG-2ba754b02a4a3b6255f50b18,33,WIN,,,ESPN_PUBLIC:401856699:BOX_SCORE
SETTLE-SUG-2ba8453d2ac46c998651c24d,2026-09-26T18:10:43.955549-07:00,NCAA_Football,NCAA_Football,PAPI-2b77c81e33a8c196,SUG-2ba8453d2ac46c998651c24d,12,WIN,,,ESPN_PUBLIC:401858464:BOX_SCORE
SETTLE-SUG-2c9957675cf502d67a52a89d,2026-09-26T18:10:43.955549-07:00,NCAA_Football,NCAA_Football,PL-215319,SUG-2c9957675cf502d67a52a89d,1,WIN,,,ESPN_PUBLIC:401868188:FINAL_SCORE_ML
SETTLE-SUG-2ddd281b777bb93cba81a697,2026-09-26T18:10:43.955549-07:00,NCAA_Football,NCAA_Football,PAPI-2b77c81e33a8c196,SUG-2ddd281b777bb93cba81a697,47,LOSS,,,ESPN_PUBLIC:401858464:BOX_SCORE
SETTLE-SUG-2e3c36d29ae77f15f62b4aad,2026-09-26T18:10:43.955549-07:00,NCAA_Football,NCAA_Football,PAPI-35d7b263e6fef7e8,SUG-2e3c36d29ae77f15f62b4aad,22,LOSS,,,ESPN_PUBLIC:401856806:BOX_SCORE
SETTLE-SUG-2f56e36bab8ee8fc1ab6147f,2026-09-26T18:10:43.955549-07:00,NCAA_Football,NCAA_Football,PL-216103,SUG-2f56e36bab8ee8fc1ab6147f,10,LOSS,,,ESPN_PUBLIC:401856698:BOX_SCORE
SETTLE-SUG-307ba20bf3954484173da811,2026-09-26T18:10:43.955549-07:00,NCAA_Football,NCAA_Football,PAPI-35d7b263e6fef7e8,SUG-307ba20bf3954484173da811,284,WIN,,,ESPN_PUBLIC:401856806:BOX_SCORE
SETTLE-SUG-30816b9b014ac6e298c083a0,2026-09-26T18:10:43.955549-07:00,NCAA_Football,NCAA_Football,PL-216103,SUG-30816b9b014ac6e298c083a0,13,WIN,,,ESPN_PUBLIC:401856698:BOX_SCORE
SETTLE-SUG-30f715a7ac83f563332d2cb8,2026-09-26T18:10:43.955549-07:00,NCAA_Football,NCAA_Football,PL-215319,SUG-30f715a7ac83f563332d2cb8,1,WIN,,,ESPN_PUBLIC:401868188:FINAL_SCORE_ML
SETTLE-SUG-32b321e9a165d707a7142521,2026-09-26T18:10:43.955549-07:00,NCAA_Football,NCAA_Football,PL-215820,SUG-32b321e9a165d707a7142521,0,LOSS,,,ESPN_PUBLIC:401858466:FINAL_SCORE_ML
SETTLE-SUG-33e1fe708f7be7b2c30faacc,2026-09-26T18:10:43.955549-07:00,NCAA_Football,NCAA_Football,PAPI-35d7b263e6fef7e8,SUG-33e1fe708f7be7b2c30faacc,83,WIN,,,ESPN_PUBLIC:401856806:BOX_SCORE
SETTLE-SUG-33e4c2da2418c9437233273e,2026-09-26T18:10:43.955549-07:00,NCAA_Football,NCAA_Football,PAPI-e21f456947761dba,SUG-33e4c2da2418c9437233273e,7,WIN,,,ESPN_PUBLIC:401856699:BOX_SCORE
SETTLE-SUG-342d71e336cbd52edd5045da,2026-09-26T18:10:43.955549-07:00,NCAA_Football,NCAA_Football,PAPI-f82f13a288a8176f,SUG-342d71e336cbd52edd5045da,1,LOSS,,,ESPN_PUBLIC:401856698:BOX_SCORE
SETTLE-SUG-343efed44cdbaabf7505d22b,2026-09-26T18:10:43.955549-07:00,NCAA_Football,NCAA_Football,PL-216103,SUG-343efed44cdbaabf7505d22b,5,LOSS,,,ESPN_PUBLIC:401856698:BOX_SCORE
SETTLE-SUG-34e6645afc54cf1e8c217045,2026-09-26T18:10:43.955549-07:00,NCAA_Football,NCAA_Football,PAPI-2b77c81e33a8c196,SUG-34e6645afc54cf1e8c217045,2,LOSS,,,ESPN_PUBLIC:401858464:BOX_SCORE
SETTLE-SUG-359bdc4904b6a4aa4bdf6f76,2026-09-26T18:10:43.955549-07:00,MLB,MLB,PL-232568,SUG-359bdc4904b6a4aa4bdf6f76,1,WIN,,,ESPN_PUBLIC:401817097:FINAL_SCORE_ML
SETTLE-SUG-368c88fa9a8c89a9ea6c54c1,2026-09-26T18:10:43.955549-07:00,NHL,NHL,2026010057,SUG-368c88fa9a8c89a9ea6c54c1,1,WIN,,,ESPN_PUBLIC:401879361:FINAL_SCORE_ML
SETTLE-SUG-3697cf38c8f989cf9cdc3071,2026-09-26T18:10:43.955549-07:00,NCAA_Football,NCAA_Football,PL-216854,SUG-3697cf38c8f989cf9cdc3071,0,LOSS,,,ESPN_PUBLIC:401856699:FINAL_SCORE_ML
SETTLE-SUG-37ddec7b60e3ff4b4b2f5e87,2026-09-26T18:10:43.955549-07:00,NHL,NHL,2026010059,SUG-37ddec7b60e3ff4b4b2f5e87,0,LOSS,,,ESPN_PUBLIC:401881134:FINAL_SCORE_ML
SETTLE-SUG-38aeb1a799765b20bf89d4c3,2026-09-26T18:10:43.955549-07:00,NCAA_Football,NCAA_Football,PAPI-2b77c81e33a8c196,SUG-38aeb1a799765b20bf89d4c3,208,LOSS,,,ESPN_PUBLIC:401858464:BOX_SCORE
SETTLE-SUG-39b29a8b85c2bcea722ff3ab,2026-09-26T18:10:43.955549-07:00,NCAA_Football,NCAA_Football,PAPI-2b77c81e33a8c196,SUG-39b29a8b85c2bcea722ff3ab,12,WIN,,,ESPN_PUBLIC:401858464:BOX_SCORE
SETTLE-SUG-3b90c5c522455e8ef289b3ef,2026-09-26T18:10:43.955549-07:00,NCAA_Football,NCAA_Football,PAPI-f82f13a288a8176f,SUG-3b90c5c522455e8ef289b3ef,7,WIN,,,ESPN_PUBLIC:401856698:BOX_SCORE
SETTLE-SUG-3bf54376c97f7c4ae4317ba2,2026-09-26T18:10:43.955549-07:00,NHL,NHL,2026010057,SUG-3bf54376c97f7c4ae4317ba2,1,WIN,,,ESPN_PUBLIC:401879361:FINAL_SCORE_ML
SETTLE-SUG-3cc3eb3f8c48cb740e4c3b4f,2026-09-26T18:10:43.955549-07:00,NCAA_Football,NCAA_Football,PAPI-f82f13a288a8176f,SUG-3cc3eb3f8c48cb740e4c3b4f,8,LOSS,,,ESPN_PUBLIC:401856698:BOX_SCORE
SETTLE-SUG-3e21dc4c82d71fce9e4bf0b8,2026-09-26T18:10:43.955549-07:00,NHL,NHL,PL-243756,SUG-3e21dc4c82d71fce9e4bf0b8,0,LOSS,,,ESPN_PUBLIC:401881134:FINAL_SCORE_ML
SETTLE-SUG-3e3745bdadbc124451d07bd3,2026-09-26T18:10:43.955549-07:00,NCAA_Football,NCAA_Football,PAPI-2b77c81e33a8c196,SUG-3e3745bdadbc124451d07bd3,2,WIN,,,ESPN_PUBLIC:401858464:BOX_SCORE
SETTLE-SUG-3eaaffd70b2186235aa344b9,2026-09-26T18:10:43.955549-07:00,MLB,MLB,PL-232568,SUG-3eaaffd70b2186235aa344b9,1,WIN,,,ESPN_PUBLIC:401817097:FINAL_SCORE_ML
SETTLE-SUG-40957b220439b3f2bd668cb1,2026-09-26T18:10:43.955549-07:00,NHL,NHL,PL-184822,SUG-40957b220439b3f2bd668cb1,1,WIN,,,ESPN_PUBLIC:401879361:FINAL_SCORE_ML
SETTLE-SUG-40c3963fe9499036cb0d133f,2026-09-26T18:10:43.955549-07:00,NCAA_Football,NCAA_Football,PAPI-35d7b263e6fef7e8,SUG-40c3963fe9499036cb0d133f,16,WIN,,,ESPN_PUBLIC:401856806:BOX_SCORE
SETTLE-SUG-412e1ae0bd0e2712b5aa7688,2026-09-26T18:10:43.955549-07:00,MLB,MLB,PL-232568,SUG-412e1ae0bd0e2712b5aa7688,1,WIN,,,ESPN_PUBLIC:401817097:FINAL_SCORE_ML
SETTLE-SUG-4215f0bcc3999c5a6f96e27f,2026-09-26T18:10:43.955549-07:00,NCAA_Football,NCAA_Football,PAPI-f82f13a288a8176f,SUG-4215f0bcc3999c5a6f96e27f,5,WIN,,,ESPN_PUBLIC:401856698:BOX_SCORE
SETTLE-SUG-421addcb9cc87636afb90625,2026-09-26T18:10:43.955549-07:00,NCAA_Football,NCAA_Football,PAPI-f82f13a288a8176f,SUG-421addcb9cc87636afb90625,199,WIN,,,ESPN_PUBLIC:401856698:BOX_SCORE
SETTLE-SUG-430ebd4eefcb9c73b5381a94,2026-09-26T18:10:43.955549-07:00,NCAA_Football,NCAA_Football,PAPI-2b77c81e33a8c196,SUG-430ebd4eefcb9c73b5381a94,212,WIN,,,ESPN_PUBLIC:401858464:BOX_SCORE
SETTLE-SUG-438aa9b3e9de40d0e47e0138,2026-09-26T18:10:43.955549-07:00,NCAA_Football,NCAA_Football,PL-216103,SUG-438aa9b3e9de40d0e47e0138,95,WIN,,,ESPN_PUBLIC:401856698:BOX_SCORE
SETTLE-SUG-440fc3c709b3f1e74e92ae37,2026-09-26T18:10:43.955549-07:00,NHL,NHL,2026010057,SUG-440fc3c709b3f1e74e92ae37,1,WIN,,,ESPN_PUBLIC:401879361:FINAL_SCORE_ML
SETTLE-SUG-442395f2aab475dd8802e2d2,2026-09-26T18:10:43.955549-07:00,NCAA_Football,NCAA_Football,PAPI-39682a8f2df579a7,SUG-442395f2aab475dd8802e2d2,2,WIN,,,ESPN_PUBLIC:401858466:BOX_SCORE
SETTLE-SUG-4498413471b67c1c2b0f1500,2026-09-26T18:10:43.955549-07:00,NCAA_Football,NCAA_Football,PAPI-39682a8f2df579a7,SUG-4498413471b67c1c2b0f1500,36,LOSS,,,ESPN_PUBLIC:401858466:BOX_SCORE
SETTLE-SUG-44b33a52ad8b810feb1ae5b0,2026-09-26T18:10:43.955549-07:00,NCAA_Football,NCAA_Football,PAPI-f82f13a288a8176f,SUG-44b33a52ad8b810feb1ae5b0,95,WIN,,,ESPN_PUBLIC:401856698:BOX_SCORE
SETTLE-SUG-44c5edd737785d08d08dac5f,2026-09-26T18:10:43.955549-07:00,NHL,NHL,2026010057,SUG-44c5edd737785d08d08dac5f,1,WIN,,,ESPN_PUBLIC:401879361:FINAL_SCORE_ML
SETTLE-SUG-45609dad094b9aa1b78b5df9,2026-09-26T18:10:43.955549-07:00,NHL,NHL,2026010057,SUG-45609dad094b9aa1b78b5df9,1,WIN,,,ESPN_PUBLIC:401879361:FINAL_SCORE_ML
SETTLE-SUG-46325ff3844ae9348409c243,2026-09-26T18:10:43.955549-07:00,NCAA_Football,NCAA_Football,PAPI-39682a8f2df579a7,SUG-46325ff3844ae9348409c243,70,LOSS,,,ESPN_PUBLIC:401858466:BOX_SCORE
SETTLE-SUG-47373595e91e3cb67d415a35,2026-09-26T18:10:43.955549-07:00,NCAA_Football,NCAA_Football,PL-216103,SUG-47373595e91e3cb67d415a35,1,WIN,,,ESPN_PUBLIC:401856698:FINAL_SCORE_ML
SETTLE-SUG-47d7fd4891e602c7538dc509,2026-09-26T18:10:43.955549-07:00,NCAA_Football,NCAA_Football,PL-216103,SUG-47d7fd4891e602c7538dc509,1,WIN,,,ESPN_PUBLIC:401856698:FINAL_SCORE_ML
SETTLE-SUG-47eb53a2cf25d31ce76467ea,2026-09-26T18:10:43.955549-07:00,NCAA_Football,NCAA_Football,PL-215500,SUG-47eb53a2cf25d31ce76467ea,1,WIN,,,ESPN_PUBLIC:401862781:FINAL_SCORE_ML
SETTLE-SUG-48bb1897ec23ed261303fde5,2026-09-26T18:10:43.955549-07:00,NCAA_Football,NCAA_Football,PL-216854,SUG-48bb1897ec23ed261303fde5,0,LOSS,,,ESPN_PUBLIC:401856699:FINAL_SCORE_ML
SETTLE-SUG-4a3a9b6755ec0bd490e9423b,2026-09-26T18:10:43.955549-07:00,NHL,NHL,2026010059,SUG-4a3a9b6755ec0bd490e9423b,1,WIN,,,ESPN_PUBLIC:401881134:FINAL_SCORE_ML
SETTLE-SUG-4b2b88b0284d7dcaecb4b241,2026-09-26T18:10:43.955549-07:00,NCAA_Football,NCAA_Football,PL-216854,SUG-4b2b88b0284d7dcaecb4b241,0,LOSS,,,ESPN_PUBLIC:401856699:FINAL_SCORE_ML
SETTLE-SUG-4b69df92282f45b18ca187c2,2026-09-26T18:10:43.955549-07:00,NCAA_Football,NCAA_Football,PL-218891,SUG-4b69df92282f45b18ca187c2,11,LOSS,,,ESPN_PUBLIC:401856699:BOX_SCORE
SETTLE-SUG-4bf413a9b8e3a12d1e2bbe8f,2026-09-26T18:10:43.955549-07:00,NCAA_Football,NCAA_Football,PAPI-35d7b263e6fef7e8,SUG-4bf413a9b8e3a12d1e2bbe8f,68,WIN,,,ESPN_PUBLIC:401856806:BOX_SCORE
SETTLE-SUG-4c21c6a48337a3905d778d18,2026-09-26T18:10:43.955549-07:00,NCAA_Football,NCAA_Football,PL-218891,SUG-4c21c6a48337a3905d778d18,2,LOSS,,,ESPN_PUBLIC:401856699:BOX_SCORE
SETTLE-SUG-4c86cdb8f3415649825bdd31,2026-09-26T18:10:43.955549-07:00,NCAA_Football,NCAA_Football,PAPI-35d7b263e6fef7e8,SUG-4c86cdb8f3415649825bdd31,83,WIN,,,ESPN_PUBLIC:401856806:BOX_SCORE
SETTLE-SUG-4cf304827e01ca4b01dd76b9,2026-09-26T18:10:43.955549-07:00,NHL,NHL,2026010057,SUG-4cf304827e01ca4b01dd76b9,1,WIN,,,ESPN_PUBLIC:401879361:FINAL_SCORE_ML
SETTLE-SUG-4d42f7a1ca233a64a0543cd6,2026-09-26T18:10:43.955549-07:00,NHL,NHL,2026010057,SUG-4d42f7a1ca233a64a0543cd6,1,WIN,,,ESPN_PUBLIC:401879361:FINAL_SCORE_ML
SETTLE-SUG-4d4d3471fe3603809ff6f32b,2026-09-26T18:10:43.955549-07:00,NHL,NHL,2026010057,SUG-4d4d3471fe3603809ff6f32b,1,WIN,,,ESPN_PUBLIC:401879361:FINAL_SCORE_ML
SETTLE-SUG-5113bdc4fe27e892a9b25383,2026-09-26T18:10:43.955549-07:00,NCAA_Football,NCAA_Football,PL-215319,SUG-5113bdc4fe27e892a9b25383,1,WIN,,,ESPN_PUBLIC:401868188:FINAL_SCORE_ML
SETTLE-SUG-525aa0fd1df522d388646b96,2026-09-26T18:10:43.955549-07:00,NHL,NHL,2026010059,SUG-525aa0fd1df522d388646b96,0,LOSS,,,ESPN_PUBLIC:401881134:FINAL_SCORE_ML
SETTLE-SUG-529c4c582b1753695b23e714,2026-09-26T18:10:43.955549-07:00,NCAA_Football,NCAA_Football,PAPI-39682a8f2df579a7,SUG-529c4c582b1753695b23e714,5,WIN,,,ESPN_PUBLIC:401858466:BOX_SCORE
SETTLE-SUG-5352d4e717fb2d9e7a8824d4,2026-09-26T18:10:43.955549-07:00,NCAA_Football,NCAA_Football,PL-215319,SUG-5352d4e717fb2d9e7a8824d4,1,WIN,,,ESPN_PUBLIC:401868188:FINAL_SCORE_ML
SETTLE-SUG-536c1aa6f13ad3a478c93985,2026-09-26T18:10:43.955549-07:00,NCAA_Football,NCAA_Football,PL-216103,SUG-536c1aa6f13ad3a478c93985,5,LOSS,,,ESPN_PUBLIC:401856698:BOX_SCORE
SETTLE-SUG-53c164508eeaf614230ace88,2026-09-26T18:10:43.955549-07:00,NCAA_Football,NCAA_Football,PAPI-2b77c81e33a8c196,SUG-53c164508eeaf614230ace88,0,WIN,,,ESPN_PUBLIC:401858464:BOX_SCORE
SETTLE-SUG-53eb06de13f822d16f4dad8c,2026-09-26T18:10:43.955549-07:00,NCAA_Football,NCAA_Football,PL-215820,SUG-53eb06de13f822d16f4dad8c,0,LOSS,,,ESPN_PUBLIC:401858466:FINAL_SCORE_ML
SETTLE-SUG-541eedb0737ff298fd73bd6d,2026-09-26T18:10:43.955549-07:00,NCAA_Football,NCAA_Football,PL-217944,SUG-541eedb0737ff298fd73bd6d,1,WIN,,,ESPN_PUBLIC:401858464:FINAL_SCORE_ML
SETTLE-SUG-554d6cd893db31054b5794c0,2026-09-26T18:10:43.955549-07:00,NCAA_Football,NCAA_Football,PAPI-f82f13a288a8176f,SUG-554d6cd893db31054b5794c0,95,WIN,,,ESPN_PUBLIC:401856698:BOX_SCORE
SETTLE-SUG-55af528396077f0fe8f39f73,2026-09-26T18:10:43.955549-07:00,NHL,NHL,PL-184822,SUG-55af528396077f0fe8f39f73,1,WIN,,,ESPN_PUBLIC:401879361:FINAL_SCORE_ML
SETTLE-SUG-563643c62628a5fb5b2871bf,2026-09-26T18:10:43.955549-07:00,NCAA_Football,NCAA_Football,PL-216103,SUG-563643c62628a5fb5b2871bf,199,WIN,,,ESPN_PUBLIC:401856698:BOX_SCORE
SETTLE-SUG-56423cf9e8a24edb6bbd91ab,2026-09-26T18:10:43.955549-07:00,NHL,NHL,2026010057,SUG-56423cf9e8a24edb6bbd91ab,1,WIN,,,ESPN_PUBLIC:401879361:FINAL_SCORE_ML
SETTLE-SUG-56fd5a00fcf0dbe5130cc66d,2026-09-26T18:10:43.955549-07:00,NCAA_Football,NCAA_Football,PL-216103,SUG-56fd5a00fcf0dbe5130cc66d,1,LOSS,,,ESPN_PUBLIC:401856698:BOX_SCORE
SETTLE-SUG-57813047b5f17366b64d679e,2026-09-26T18:10:43.955549-07:00,NCAA_Football,NCAA_Football,PL-216854,SUG-57813047b5f17366b64d679e,0,LOSS,,,ESPN_PUBLIC:401856699:FINAL_SCORE_ML
SETTLE-SUG-5935542959eb881e76437599,2026-09-26T18:10:43.955549-07:00,NCAA_Football,NCAA_Football,PL-216103,SUG-5935542959eb881e76437599,6,WIN,,,ESPN_PUBLIC:401856698:BOX_SCORE
SETTLE-SUG-596acc2dfa2c51e3336aebc2,2026-09-26T18:10:43.955549-07:00,NCAA_Football,NCAA_Football,PAPI-2b77c81e33a8c196,SUG-596acc2dfa2c51e3336aebc2,43,LOSS,,,ESPN_PUBLIC:401858464:BOX_SCORE
SETTLE-SUG-598370d1e330fad30dbd91d5,2026-09-26T18:10:43.955549-07:00,NHL,NHL,2026010057,SUG-598370d1e330fad30dbd91d5,1,WIN,,,ESPN_PUBLIC:401879361:FINAL_SCORE_ML
SETTLE-SUG-5ddadce1afd28b1590aee7d4,2026-09-26T18:10:43.955549-07:00,NCAA_Football,NCAA_Football,PL-216103,SUG-5ddadce1afd28b1590aee7d4,1,WIN,,,ESPN_PUBLIC:401856698:FINAL_SCORE_ML
SETTLE-SUG-5dea211e632406ba5f75d691,2026-09-26T18:10:43.955549-07:00,NCAA_Football,NCAA_Football,PL-216103,SUG-5dea211e632406ba5f75d691,140,LOSS,,,ESPN_PUBLIC:401856698:BOX_SCORE
SETTLE-SUG-5ebf4a61a1effa805bbafa89,2026-09-26T18:10:43.955549-07:00,NCAA_Football,NCAA_Football,PAPI-2b77c81e33a8c196,SUG-5ebf4a61a1effa805bbafa89,212,WIN,,,ESPN_PUBLIC:401858464:BOX_SCORE
SETTLE-SUG-5ee30a11f139c890dfd75d8c,2026-09-26T18:10:43.955549-07:00,NHL,NHL,PL-243756,SUG-5ee30a11f139c890dfd75d8c,0,LOSS,,,ESPN_PUBLIC:401881134:FINAL_SCORE_ML
SETTLE-SUG-60fa9eba1b326f528ecf2a27,2026-09-26T18:10:43.955549-07:00,NCAA_Football,NCAA_Football,PAPI-39682a8f2df579a7,SUG-60fa9eba1b326f528ecf2a27,16,LOSS,,,ESPN_PUBLIC:401858466:BOX_SCORE
SETTLE-SUG-61b5e3f4c5e2fea284e5d35d,2026-09-26T18:10:43.955549-07:00,NCAA_Football,NCAA_Football,PL-216103,SUG-61b5e3f4c5e2fea284e5d35d,13,WIN,,,ESPN_PUBLIC:401856698:BOX_SCORE
SETTLE-SUG-653f406b590fba4cf0c9defd,2026-09-26T18:10:43.955549-07:00,NCAA_Football,NCAA_Football,PAPI-e21f456947761dba,SUG-653f406b590fba4cf0c9defd,196,LOSS,,,ESPN_PUBLIC:401856699:BOX_SCORE
SETTLE-SUG-66c21cf44b73ffccb7a9c6a1,2026-09-26T18:10:43.955549-07:00,NHL,NHL,PL-184822,SUG-66c21cf44b73ffccb7a9c6a1,1,WIN,,,ESPN_PUBLIC:401879361:FINAL_SCORE_ML
SETTLE-SUG-6741b33f8811ece2a15d7ac3,2026-09-26T18:10:43.955549-07:00,NCAA_Football,NCAA_Football,PL-216103,SUG-6741b33f8811ece2a15d7ac3,140,LOSS,,,ESPN_PUBLIC:401856698:BOX_SCORE
SETTLE-SUG-696621f9d8977553c3969d48,2026-09-26T18:10:43.955549-07:00,NHL,NHL,2026010057,SUG-696621f9d8977553c3969d48,1,WIN,,,ESPN_PUBLIC:401879361:FINAL_SCORE_ML
SETTLE-SUG-6b6ba3ded35861a57cef1095,2026-09-26T18:10:43.955549-07:00,NCAA_Football,NCAA_Football,PL-215319,SUG-6b6ba3ded35861a57cef1095,1,WIN,,,ESPN_PUBLIC:401868188:FINAL_SCORE_ML
SETTLE-SUG-6ce850acf6127913f5411d3e,2026-09-26T18:10:43.955549-07:00,NCAA_Football,NCAA_Football,PAPI-2b77c81e33a8c196,SUG-6ce850acf6127913f5411d3e,15,WIN,,,ESPN_PUBLIC:401858464:BOX_SCORE
SETTLE-SUG-6d1e25ec7e841331ad4fe16d,2026-09-26T18:10:43.955549-07:00,NCAA_Football,NCAA_Football,PL-216854,SUG-6d1e25ec7e841331ad4fe16d,0,LOSS,,,ESPN_PUBLIC:401856699:FINAL_SCORE_ML
SETTLE-SUG-6d5dbfab1ed95df70afc0e43,2026-09-26T18:10:43.955549-07:00,NCAA_Football,NCAA_Football,PAPI-35d7b263e6fef7e8,SUG-6d5dbfab1ed95df70afc0e43,25,LOSS,,,ESPN_PUBLIC:401856806:BOX_SCORE
SETTLE-SUG-6e540a96863cce210c12a931,2026-09-26T18:10:43.955549-07:00,NCAA_Football,NCAA_Football,PL-215319,SUG-6e540a96863cce210c12a931,1,WIN,,,ESPN_PUBLIC:401868188:FINAL_SCORE_ML
SETTLE-SUG-6ec1de89723cb445992a6012,2026-09-26T18:10:43.955549-07:00,NCAA_Football,NCAA_Football,PAPI-2b77c81e33a8c196,SUG-6ec1de89723cb445992a6012,2,WIN,,,ESPN_PUBLIC:401858464:BOX_SCORE
SETTLE-SUG-6f2d19ca12e1b230ce24286e,2026-09-26T18:10:43.955549-07:00,NHL,NHL,PL-184822,SUG-6f2d19ca12e1b230ce24286e,0,LOSS,,,ESPN_PUBLIC:401879361:FINAL_SCORE_ML
SETTLE-SUG-6f409e14a5e86958c9813156,2026-09-26T18:10:43.955549-07:00,NHL,NHL,2026010059,SUG-6f409e14a5e86958c9813156,0,LOSS,,,ESPN_PUBLIC:401881134:FINAL_SCORE_ML
SETTLE-SUG-701475c962ae1379702736f9,2026-09-26T18:10:43.955549-07:00,NCAA_Football,NCAA_Football,PL-216103,SUG-701475c962ae1379702736f9,2,WIN,,,ESPN_PUBLIC:401856698:BOX_SCORE
SETTLE-SUG-7193dc8ec41946aee5e9cf55,2026-09-26T18:10:43.955549-07:00,NHL,NHL,2026010057,SUG-7193dc8ec41946aee5e9cf55,1,WIN,,,ESPN_PUBLIC:401879361:FINAL_SCORE_ML
SETTLE-SUG-72024b7dc175e042a1779bf6,2026-09-26T18:10:43.955549-07:00,NHL,NHL,2026010059,SUG-72024b7dc175e042a1779bf6,0,LOSS,,,ESPN_PUBLIC:401881134:FINAL_SCORE_ML
SETTLE-SUG-7258379426732f9a4e22af8b,2026-09-26T18:10:43.955549-07:00,NCAA_Football,NCAA_Football,PL-215319,SUG-7258379426732f9a4e22af8b,1,WIN,,,ESPN_PUBLIC:401868188:FINAL_SCORE_ML
SETTLE-SUG-734eee6f1dac476431330622,2026-09-26T18:10:43.955549-07:00,MLB,MLB,PL-232568,SUG-734eee6f1dac476431330622,1,WIN,,,ESPN_PUBLIC:401817097:FINAL_SCORE_ML
SETTLE-SUG-7424288991277d1b43edd9cc,2026-09-26T18:10:43.955549-07:00,NCAA_Football,NCAA_Football,PL-216103,SUG-7424288991277d1b43edd9cc,0,LOSS,,,ESPN_PUBLIC:401856698:BOX_SCORE
SETTLE-SUG-74fc47c8b3eadbba4a68f787,2026-09-26T18:10:43.955549-07:00,NHL,NHL,2026010059,SUG-74fc47c8b3eadbba4a68f787,1,WIN,,,ESPN_PUBLIC:401881134:FINAL_SCORE_ML
SETTLE-SUG-76642bf3f20f990aab5d80d1,2026-09-26T18:10:43.955549-07:00,NCAA_Football,NCAA_Football,PL-218891,SUG-76642bf3f20f990aab5d80d1,298,WIN,,,ESPN_PUBLIC:401856699:BOX_SCORE
SETTLE-SUG-767429c498f8bab7b8e6201a,2026-09-26T18:10:43.955549-07:00,NCAA_Football,NCAA_Football,PL-216103,SUG-767429c498f8bab7b8e6201a,199,WIN,,,ESPN_PUBLIC:401856698:BOX_SCORE
SETTLE-SUG-768f77c6ff35f5bb0967165b,2026-09-26T18:10:43.955549-07:00,NHL,NHL,PL-184822,SUG-768f77c6ff35f5bb0967165b,1,WIN,,,ESPN_PUBLIC:401879361:FINAL_SCORE_ML
SETTLE-SUG-769cbd07daa48155229741c4,2026-09-26T18:10:43.955549-07:00,NCAA_Football,NCAA_Football,PL-217944,SUG-769cbd07daa48155229741c4,1,WIN,,,ESPN_PUBLIC:401858464:FINAL_SCORE_ML
SETTLE-SUG-77a24bf6631af940a47bb86b,2026-09-26T18:10:43.955549-07:00,NCAA_Football,NCAA_Football,PL-216103,SUG-77a24bf6631af940a47bb86b,1,WIN,,,ESPN_PUBLIC:401856698:FINAL_SCORE_ML
SETTLE-SUG-78c71bcf19e06f29b4e8b74a,2026-09-26T18:10:43.955549-07:00,NCAA_Football,NCAA_Football,PL-215319,SUG-78c71bcf19e06f29b4e8b74a,1,WIN,,,ESPN_PUBLIC:401868188:FINAL_SCORE_ML
SETTLE-SUG-7accfeee528917f4fb53a18f,2026-09-26T18:10:43.955549-07:00,NCAA_Football,NCAA_Football,PL-216103,SUG-7accfeee528917f4fb53a18f,1,WIN,,,ESPN_PUBLIC:401856698:FINAL_SCORE_ML
SETTLE-SUG-7b6b5c8e620a32873960389c,2026-09-26T18:10:43.955549-07:00,NCAA_Football,NCAA_Football,PAPI-e21f456947761dba,SUG-7b6b5c8e620a32873960389c,1,LOSS,,,ESPN_PUBLIC:401856699:BOX_SCORE
SETTLE-SUG-7c114c644002080a0429497c,2026-09-26T18:10:43.955549-07:00,NHL,NHL,2026010057,SUG-7c114c644002080a0429497c,1,WIN,,,ESPN_PUBLIC:401879361:FINAL_SCORE_ML
SETTLE-SUG-7d373e0527e6ef14e9c36e5b,2026-09-26T18:10:43.955549-07:00,NCAA_Football,NCAA_Football,PL-216103,SUG-7d373e0527e6ef14e9c36e5b,38,LOSS,,,ESPN_PUBLIC:401856698:BOX_SCORE
SETTLE-SUG-7f3c624ae3feb3d41e4415b5,2026-09-26T18:10:43.955549-07:00,NCAA_Football,NCAA_Football,PAPI-2b77c81e33a8c196,SUG-7f3c624ae3feb3d41e4415b5,0,WIN,,,ESPN_PUBLIC:401858464:BOX_SCORE
SETTLE-SUG-80434752211ad13c2f897b73,2026-09-26T18:10:43.955549-07:00,NCAA_Football,NCAA_Football,PAPI-2b77c81e33a8c196,SUG-80434752211ad13c2f897b73,47,LOSS,,,ESPN_PUBLIC:401858464:BOX_SCORE
SETTLE-SUG-81463b2ce88c34a0e5b22861,2026-09-26T18:10:43.955549-07:00,MLB,MLB,PL-232568,SUG-81463b2ce88c34a0e5b22861,1,WIN,,,ESPN_PUBLIC:401817097:FINAL_SCORE_ML
SETTLE-SUG-81c9b9a69ac2b873fb048b00,2026-09-26T18:10:43.955549-07:00,NCAA_Football,NCAA_Football,PAPI-f82f13a288a8176f,SUG-81c9b9a69ac2b873fb048b00,10,LOSS,,,ESPN_PUBLIC:401856698:BOX_SCORE
SETTLE-SUG-82f1649b3f0a173df532517b,2026-09-26T18:10:43.955549-07:00,NCAA_Football,NCAA_Football,PAPI-39682a8f2df579a7,SUG-82f1649b3f0a173df532517b,105,WIN,,,ESPN_PUBLIC:401858466:BOX_SCORE
SETTLE-SUG-84f58a5ef3ca5d34bd7c7e1e,2026-09-26T18:10:43.955549-07:00,NCAA_Football,NCAA_Football,PL-218891,SUG-84f58a5ef3ca5d34bd7c7e1e,1,LOSS,,,ESPN_PUBLIC:401856699:BOX_SCORE
SETTLE-SUG-854fdf4f30e208a01ac487a2,2026-09-26T18:10:43.955549-07:00,NCAA_Football,NCAA_Football,PAPI-f82f13a288a8176f,SUG-854fdf4f30e208a01ac487a2,5,LOSS,,,ESPN_PUBLIC:401856698:BOX_SCORE
SETTLE-SUG-8617dc3738890945f5501145,2026-09-26T18:10:43.955549-07:00,NCAA_Football,NCAA_Football,PL-218891,SUG-8617dc3738890945f5501145,196,WIN,,,ESPN_PUBLIC:401856699:BOX_SCORE
SETTLE-SUG-86382c9cd34faa6d059a9f86,2026-09-26T18:10:43.955549-07:00,NCAA_Football,NCAA_Football,PAPI-35d7b263e6fef7e8,SUG-86382c9cd34faa6d059a9f86,68,WIN,,,ESPN_PUBLIC:401856806:BOX_SCORE
SETTLE-SUG-86a858d428ff3da3d42199ba,2026-09-26T18:10:43.955549-07:00,NCAA_Football,NCAA_Football,PAPI-39682a8f2df579a7,SUG-86a858d428ff3da3d42199ba,2,LOSS,,,ESPN_PUBLIC:401858466:BOX_SCORE
SETTLE-SUG-86d64ee8bb5f53088afc2f47,2026-09-26T18:10:43.955549-07:00,NCAA_Football,NCAA_Football,PAPI-f82f13a288a8176f,SUG-86d64ee8bb5f53088afc2f47,38,LOSS,,,ESPN_PUBLIC:401856698:BOX_SCORE
SETTLE-SUG-887fff784a84828f8813ed82,2026-09-26T18:10:43.955549-07:00,NHL,NHL,PL-184822,SUG-887fff784a84828f8813ed82,1,WIN,,,ESPN_PUBLIC:401879361:FINAL_SCORE_ML
SETTLE-SUG-894c8b95a52a9d844ff4acc0,2026-09-26T18:10:43.955549-07:00,NCAA_Football,NCAA_Football,PAPI-39682a8f2df579a7,SUG-894c8b95a52a9d844ff4acc0,2,LOSS,,,ESPN_PUBLIC:401858466:BOX_SCORE
SETTLE-SUG-8b346e90a34acc42743b15b4,2026-09-26T18:10:43.955549-07:00,NCAA_Football,NCAA_Football,PAPI-2b77c81e33a8c196,SUG-8b346e90a34acc42743b15b4,43,LOSS,,,ESPN_PUBLIC:401858464:BOX_SCORE
SETTLE-SUG-8b497d04b89697f7cef86dce,2026-09-26T18:10:43.955549-07:00,NCAA_Football,NCAA_Football,PL-216103,SUG-8b497d04b89697f7cef86dce,5,LOSS,,,ESPN_PUBLIC:401856698:BOX_SCORE
SETTLE-SUG-8c91fb061acdea9eb91651ec,2026-09-26T18:10:43.955549-07:00,NCAA_Football,NCAA_Football,PAPI-39682a8f2df579a7,SUG-8c91fb061acdea9eb91651ec,14,LOSS,,,ESPN_PUBLIC:401858466:BOX_SCORE
SETTLE-SUG-8de7753b66c069c3a612d869,2026-09-26T18:10:43.955549-07:00,NCAA_Football,NCAA_Football,PL-217944,SUG-8de7753b66c069c3a612d869,1,WIN,,,ESPN_PUBLIC:401858464:FINAL_SCORE_ML
SETTLE-SUG-8ee659d998f7d6e50716fe59,2026-09-26T18:10:43.955549-07:00,NHL,NHL,PL-184822,SUG-8ee659d998f7d6e50716fe59,0,LOSS,,,ESPN_PUBLIC:401879361:FINAL_SCORE_ML
SETTLE-SUG-8f6ef16488b095633120a0ea,2026-09-26T18:10:43.955549-07:00,NCAA_Football,NCAA_Football,PL-218891,SUG-8f6ef16488b095633120a0ea,33,WIN,,,ESPN_PUBLIC:401856699:BOX_SCORE
SETTLE-SUG-90dcb5fb459ab520aef91df0,2026-09-26T18:10:43.955549-07:00,NCAA_Football,NCAA_Football,PAPI-f82f13a288a8176f,SUG-90dcb5fb459ab520aef91df0,6,WIN,,,ESPN_PUBLIC:401856698:BOX_SCORE
SETTLE-SUG-9363912b40ffc219b86f2cbd,2026-09-26T18:10:43.955549-07:00,NCAA_Football,NCAA_Football,PAPI-35d7b263e6fef7e8,SUG-9363912b40ffc219b86f2cbd,284,WIN,,,ESPN_PUBLIC:401856806:BOX_SCORE
SETTLE-SUG-937cad9575aa2a7f26b29df1,2026-09-26T18:10:43.955549-07:00,NCAA_Football,NCAA_Football,PL-215319,SUG-937cad9575aa2a7f26b29df1,1,WIN,,,ESPN_PUBLIC:401868188:FINAL_SCORE_ML
SETTLE-SUG-94306f242b2136e2ef812f70,2026-09-26T18:10:43.955549-07:00,NCAA_Football,NCAA_Football,PAPI-f82f13a288a8176f,SUG-94306f242b2136e2ef812f70,0,WIN,,,ESPN_PUBLIC:401856698:BOX_SCORE
SETTLE-SUG-943d71f02d32545ae17ae95b,2026-09-26T18:10:43.955549-07:00,NHL,NHL,2026010059,SUG-943d71f02d32545ae17ae95b,0,LOSS,,,ESPN_PUBLIC:401881134:FINAL_SCORE_ML
SETTLE-SUG-95b1d44bc14e512561ddec38,2026-09-26T18:10:43.955549-07:00,NCAA_Football,NCAA_Football,PL-216103,SUG-95b1d44bc14e512561ddec38,1,WIN,,,ESPN_PUBLIC:401856698:FINAL_SCORE_ML
SETTLE-SUG-9879378ee0ce646e35d7484d,2026-09-26T18:10:43.955549-07:00,NCAA_Football,NCAA_Football,PAPI-e21f456947761dba,SUG-9879378ee0ce646e35d7484d,33,WIN,,,ESPN_PUBLIC:401856699:BOX_SCORE
SETTLE-SUG-98e2bab16ca49e9a73f52f74,2026-09-26T18:10:43.955549-07:00,NCAA_Football,NCAA_Football,PL-218891,SUG-98e2bab16ca49e9a73f52f74,8,WIN,,,ESPN_PUBLIC:401856699:BOX_SCORE
SETTLE-SUG-995e7cc232224bd571e04e99,2026-09-26T18:10:43.955549-07:00,NHL,NHL,2026010054,SUG-995e7cc232224bd571e04e99,0,LOSS,,,ESPN_PUBLIC:401879365:FINAL_SCORE_ML
SETTLE-SUG-9a2edc55a46eacc1ce4dfb42,2026-09-26T18:10:43.955549-07:00,NHL,NHL,2026010057,SUG-9a2edc55a46eacc1ce4dfb42,1,WIN,,,ESPN_PUBLIC:401879361:FINAL_SCORE_ML
SETTLE-SUG-9ad835799456f7acc341ce69,2026-09-26T18:10:43.955549-07:00,NCAA_Football,NCAA_Football,PAPI-e21f456947761dba,SUG-9ad835799456f7acc341ce69,8,WIN,,,ESPN_PUBLIC:401856699:BOX_SCORE
SETTLE-SUG-9b5eaaf37d44a6c67f9c22d3,2026-09-26T18:10:43.955549-07:00,NCAA_Football,NCAA_Football,PAPI-39682a8f2df579a7,SUG-9b5eaaf37d44a6c67f9c22d3,2,LOSS,,,ESPN_PUBLIC:401858466:BOX_SCORE
SETTLE-SUG-9c0bebe3a81a43fda3a1da8b,2026-09-26T18:10:43.955549-07:00,NCAA_Football,NCAA_Football,PL-216103,SUG-9c0bebe3a81a43fda3a1da8b,2,WIN,,,ESPN_PUBLIC:401856698:BOX_SCORE
SETTLE-SUG-9c91b451ff48468a8f0fa013,2026-09-26T18:10:43.955549-07:00,NHL,NHL,PL-184822,SUG-9c91b451ff48468a8f0fa013,1,WIN,,,ESPN_PUBLIC:401879361:FINAL_SCORE_ML
SETTLE-SUG-9d73618c2f6da4be60382ce5,2026-09-26T18:10:43.955549-07:00,NCAA_Football,NCAA_Football,PAPI-f82f13a288a8176f,SUG-9d73618c2f6da4be60382ce5,2,WIN,,,ESPN_PUBLIC:401856698:BOX_SCORE
SETTLE-SUG-9d74f598c011a3e6df84da49,2026-09-26T18:10:43.955549-07:00,NCAA_Football,NCAA_Football,PAPI-f82f13a288a8176f,SUG-9d74f598c011a3e6df84da49,29,LOSS,,,ESPN_PUBLIC:401856698:BOX_SCORE
SETTLE-SUG-9dc89a674102735979bc7e4c,2026-09-26T18:10:43.955549-07:00,NCAA_Football,NCAA_Football,PAPI-2b77c81e33a8c196,SUG-9dc89a674102735979bc7e4c,208,LOSS,,,ESPN_PUBLIC:401858464:BOX_SCORE
SETTLE-SUG-9fd43aa22a991271623ddb2b,2026-09-26T18:10:43.955549-07:00,NHL,NHL,PL-184822,SUG-9fd43aa22a991271623ddb2b,1,WIN,,,ESPN_PUBLIC:401879361:FINAL_SCORE_ML
SETTLE-SUG-a0fcda411176a9ef649ca2d6,2026-09-26T18:10:43.955549-07:00,NCAA_Football,NCAA_Football,PAPI-f82f13a288a8176f,SUG-a0fcda411176a9ef649ca2d6,0,LOSS,,,ESPN_PUBLIC:401856698:BOX_SCORE
SETTLE-SUG-a1dcd2e85a148ff2a2f51d10,2026-09-26T18:10:43.955549-07:00,NCAA_Football,NCAA_Football,PL-217944,SUG-a1dcd2e85a148ff2a2f51d10,1,WIN,,,ESPN_PUBLIC:401858464:FINAL_SCORE_ML
SETTLE-SUG-a1f9bf57ea0d10ff13dab0f9,2026-09-26T18:10:43.955549-07:00,NCAA_Football,NCAA_Football,PAPI-2b77c81e33a8c196,SUG-a1f9bf57ea0d10ff13dab0f9,4,LOSS,,,ESPN_PUBLIC:401858464:BOX_SCORE
SETTLE-SUG-a240b324e15815181be6df68,2026-09-26T18:10:43.955549-07:00,NHL,NHL,2026010057,SUG-a240b324e15815181be6df68,1,WIN,,,ESPN_PUBLIC:401879361:FINAL_SCORE_ML
SETTLE-SUG-a35f382f26f7e811a8140403,2026-09-26T18:10:43.955549-07:00,NCAA_Football,NCAA_Football,PAPI-39682a8f2df579a7,SUG-a35f382f26f7e811a8140403,2,WIN,,,ESPN_PUBLIC:401858466:BOX_SCORE
SETTLE-SUG-a3aba4e9ea6c807d979cc3af,2026-09-26T18:10:43.955549-07:00,NCAA_Football,NCAA_Football,PL-218891,SUG-a3aba4e9ea6c807d979cc3af,1,LOSS,,,ESPN_PUBLIC:401856699:BOX_SCORE
SETTLE-SUG-a5db6cbec096c82919d1c2b4,2026-09-26T18:10:43.955549-07:00,NCAA_Football,NCAA_Football,PAPI-35d7b263e6fef7e8,SUG-a5db6cbec096c82919d1c2b4,45,WIN,,,ESPN_PUBLIC:401856806:BOX_SCORE
SETTLE-SUG-a77483b1f2329028ab3a5b55,2026-09-26T18:10:43.955549-07:00,NCAA_Football,NCAA_Football,PL-216103,SUG-a77483b1f2329028ab3a5b55,0,WIN,,,ESPN_PUBLIC:401856698:BOX_SCORE
SETTLE-SUG-a8147ec6670d39fdebffc197,2026-09-26T18:10:43.955549-07:00,NCAA_Football,NCAA_Football,PL-215319,SUG-a8147ec6670d39fdebffc197,1,WIN,,,ESPN_PUBLIC:401868188:FINAL_SCORE_ML
SETTLE-SUG-ab65a98592cedf19531331b4,2026-09-26T18:10:43.955549-07:00,NCAA_Football,NCAA_Football,PL-216103,SUG-ab65a98592cedf19531331b4,1,WIN,,,ESPN_PUBLIC:401856698:FINAL_SCORE_ML
SETTLE-SUG-ab7b8a6a1cb962cdea875f08,2026-09-26T18:10:43.955549-07:00,NCAA_Football,NCAA_Football,PL-216854,SUG-ab7b8a6a1cb962cdea875f08,0,LOSS,,,ESPN_PUBLIC:401856699:FINAL_SCORE_ML
SETTLE-SUG-abd5d29d39b0420be6d82e91,2026-09-26T18:10:43.955549-07:00,NCAA_Football,NCAA_Football,PL-218891,SUG-abd5d29d39b0420be6d82e91,4,WIN,,,ESPN_PUBLIC:401856699:BOX_SCORE
SETTLE-SUG-abd743129e4b739126392b1e,2026-09-26T18:10:43.955549-07:00,NHL,NHL,2026010057,SUG-abd743129e4b739126392b1e,1,WIN,,,ESPN_PUBLIC:401879361:FINAL_SCORE_ML
SETTLE-SUG-abe5ae2c088b5826f9b067eb,2026-09-26T18:10:43.955549-07:00,NCAA_Football,NCAA_Football,PAPI-f82f13a288a8176f,SUG-abe5ae2c088b5826f9b067eb,140,LOSS,,,ESPN_PUBLIC:401856698:BOX_SCORE
SETTLE-SUG-abf795bb53f42a4c1b0b8418,2026-09-26T18:10:43.955549-07:00,NCAA_Football,NCAA_Football,PAPI-39682a8f2df579a7,SUG-abf795bb53f42a4c1b0b8418,235,WIN,,,ESPN_PUBLIC:401858466:BOX_SCORE
SETTLE-SUG-accdb86bb849e97344486f13,2026-09-26T18:10:43.955549-07:00,NHL,NHL,PL-243756,SUG-accdb86bb849e97344486f13,0,LOSS,,,ESPN_PUBLIC:401881134:FINAL_SCORE_ML
SETTLE-SUG-ae181b216cdbd42f090023b1,2026-09-26T18:10:43.955549-07:00,NHL,NHL,2026010059,SUG-ae181b216cdbd42f090023b1,1,WIN,,,ESPN_PUBLIC:401881134:FINAL_SCORE_ML
SETTLE-SUG-b32f605dfa4555fc48e6f192,2026-09-26T18:10:43.955549-07:00,NCAA_Football,NCAA_Football,PAPI-2b77c81e33a8c196,SUG-b32f605dfa4555fc48e6f192,23,LOSS,,,ESPN_PUBLIC:401858464:BOX_SCORE
SETTLE-SUG-b351f8c5641a858cde67d317,2026-09-26T18:10:43.955549-07:00,NCAA_Football,NCAA_Football,PAPI-39682a8f2df579a7,SUG-b351f8c5641a858cde67d317,14,LOSS,,,ESPN_PUBLIC:401858466:BOX_SCORE
SETTLE-SUG-b49fceaa8a0bdf48b85979a9,2026-09-26T18:10:43.955549-07:00,NCAA_Football,NCAA_Football,PL-218891,SUG-b49fceaa8a0bdf48b85979a9,5,LOSS,,,ESPN_PUBLIC:401856699:BOX_SCORE
SETTLE-SUG-b5e037599e278ec338042b2d,2026-09-26T18:10:43.955549-07:00,MLB,MLB,KXMLBRBI-26SEP261610TEXMIN,SUG-b5e037599e278ec338042b2d,1,WIN,,,ESPN_PUBLIC:401817097:FINAL_SCORE_ML
SETTLE-SUG-b603a884c7c1910cd5945a17,2026-09-26T18:10:43.955549-07:00,NCAA_Football,NCAA_Football,PL-216103,SUG-b603a884c7c1910cd5945a17,38,LOSS,,,ESPN_PUBLIC:401856698:BOX_SCORE
SETTLE-SUG-b7f4807f7d88be15f066379d,2026-09-26T18:10:43.955549-07:00,NCAA_Football,NCAA_Football,PL-216103,SUG-b7f4807f7d88be15f066379d,1,WIN,,,ESPN_PUBLIC:401856698:FINAL_SCORE_ML
SETTLE-SUG-b82d710d7396b59c12f52ca6,2026-09-26T18:10:43.955549-07:00,NCAA_Football,NCAA_Football,PL-216103,SUG-b82d710d7396b59c12f52ca6,1,LOSS,,,ESPN_PUBLIC:401856698:BOX_SCORE
SETTLE-SUG-bad38fedc27c3a1e3514c821,2026-09-26T18:10:43.955549-07:00,NCAA_Football,NCAA_Football,PL-216103,SUG-bad38fedc27c3a1e3514c821,29,LOSS,,,ESPN_PUBLIC:401856698:BOX_SCORE
SETTLE-SUG-bad580a9cf37662c53e6caae,2026-09-26T18:10:43.955549-07:00,NCAA_Football,NCAA_Football,PAPI-35d7b263e6fef7e8,SUG-bad580a9cf37662c53e6caae,6,LOSS,,,ESPN_PUBLIC:401856806:BOX_SCORE
SETTLE-SUG-bb103e7c551e6976857da912,2026-09-26T18:10:43.955549-07:00,NCAA_Football,NCAA_Football,PAPI-35d7b263e6fef7e8,SUG-bb103e7c551e6976857da912,119,LOSS,,,ESPN_PUBLIC:401856806:BOX_SCORE
SETTLE-SUG-bb67652f4b17c5a693bc3322,2026-09-26T18:10:43.955549-07:00,NCAA_Football,NCAA_Football,PAPI-f82f13a288a8176f,SUG-bb67652f4b17c5a693bc3322,38,LOSS,,,ESPN_PUBLIC:401856698:BOX_SCORE
SETTLE-SUG-bd6b8a450541ce4563a6ed49,2026-09-26T18:10:43.955549-07:00,NCAA_Football,NCAA_Football,PAPI-2b77c81e33a8c196,SUG-bd6b8a450541ce4563a6ed49,24,LOSS,,,ESPN_PUBLIC:401858464:BOX_SCORE
SETTLE-SUG-bf09c939a40b43079ff5a03a,2026-09-26T18:10:43.955549-07:00,NHL,NHL,2026010059,SUG-bf09c939a40b43079ff5a03a,0,LOSS,,,ESPN_PUBLIC:401881134:FINAL_SCORE_ML
SETTLE-SUG-bf2c4867e2421e5b8176cc8e,2026-09-26T18:10:43.955549-07:00,NCAA_Football,NCAA_Football,PL-217629,SUG-bf2c4867e2421e5b8176cc8e,1,WIN,,,ESPN_PUBLIC:401862785:FINAL_SCORE_ML
SETTLE-SUG-bf3f42913585a82fef09a8ce,2026-09-26T18:10:43.955549-07:00,NCAA_Football,NCAA_Football,PAPI-39682a8f2df579a7,SUG-bf3f42913585a82fef09a8ce,36,LOSS,,,ESPN_PUBLIC:401858466:BOX_SCORE
SETTLE-SUG-c08c9931653f7689b5268647,2026-09-26T18:10:43.955549-07:00,NCAA_Football,NCAA_Football,PAPI-39682a8f2df579a7,SUG-c08c9931653f7689b5268647,235,WIN,,,ESPN_PUBLIC:401858466:BOX_SCORE
SETTLE-SUG-c3204f5e3585ea382dceba23,2026-09-26T18:10:43.955549-07:00,NCAA_Football,NCAA_Football,PAPI-2b77c81e33a8c196,SUG-c3204f5e3585ea382dceba23,4,LOSS,,,ESPN_PUBLIC:401858464:BOX_SCORE
SETTLE-SUG-c3d3c0c0bf093f7595a67150,2026-09-26T18:10:43.955549-07:00,MLB,MLB,PL-232568,SUG-c3d3c0c0bf093f7595a67150,1,WIN,,,ESPN_PUBLIC:401817097:FINAL_SCORE_ML
SETTLE-SUG-c40cc3f9bcce1d1be2c30fa1,2026-09-26T18:10:43.955549-07:00,NCAA_Football,NCAA_Football,PL-218891,SUG-c40cc3f9bcce1d1be2c30fa1,2,WIN,,,ESPN_PUBLIC:401856699:BOX_SCORE
SETTLE-SUG-c45841b791844a3b70f5f68c,2026-09-26T18:10:43.955549-07:00,NCAA_Football,NCAA_Football,PAPI-e21f456947761dba,SUG-c45841b791844a3b70f5f68c,33,WIN,,,ESPN_PUBLIC:401856699:BOX_SCORE
SETTLE-SUG-c4d52cfea2cef67b90c943d0,2026-09-26T18:10:43.955549-07:00,NCAA_Football,NCAA_Football,PAPI-2b77c81e33a8c196,SUG-c4d52cfea2cef67b90c943d0,25,WIN,,,ESPN_PUBLIC:401858464:BOX_SCORE
SETTLE-SUG-c5ed5b646096cfcc7991fab2,2026-09-26T18:10:43.955549-07:00,NCAA_Football,NCAA_Football,PL-216103,SUG-c5ed5b646096cfcc7991fab2,7,WIN,,,ESPN_PUBLIC:401856698:BOX_SCORE
SETTLE-SUG-c64d39090a57304f0e27b54e,2026-09-26T18:10:43.955549-07:00,NCAA_Football,NCAA_Football,PL-216103,SUG-c64d39090a57304f0e27b54e,7,WIN,,,ESPN_PUBLIC:401856698:BOX_SCORE
SETTLE-SUG-c6836dde9a5c2ec790f3dcf4,2026-09-26T18:10:43.955549-07:00,NHL,NHL,2026010059,SUG-c6836dde9a5c2ec790f3dcf4,0,LOSS,,,ESPN_PUBLIC:401881134:FINAL_SCORE_ML
SETTLE-SUG-c6856f842fc5ab3f99fe0ad9,2026-09-26T18:10:43.955549-07:00,NCAA_Football,NCAA_Football,PAPI-f82f13a288a8176f,SUG-c6856f842fc5ab3f99fe0ad9,199,WIN,,,ESPN_PUBLIC:401856698:BOX_SCORE
SETTLE-SUG-c6fc1e29fa20e1fa9c8ca501,2026-09-26T18:10:43.955549-07:00,NHL,NHL,2026010057,SUG-c6fc1e29fa20e1fa9c8ca501,1,WIN,,,ESPN_PUBLIC:401879361:FINAL_SCORE_ML
SETTLE-SUG-c745ffa3e12c5e1d7a003678,2026-09-26T18:10:43.955549-07:00,NHL,NHL,2026010057,SUG-c745ffa3e12c5e1d7a003678,1,WIN,,,ESPN_PUBLIC:401879361:FINAL_SCORE_ML
SETTLE-SUG-c7581d5b3d825278c7b97119,2026-09-26T18:10:43.955549-07:00,NCAA_Football,NCAA_Football,PL-215820,SUG-c7581d5b3d825278c7b97119,0,LOSS,,,ESPN_PUBLIC:401858466:FINAL_SCORE_ML
SETTLE-SUG-c75ff9cc1740319dd98b164f,2026-09-26T18:10:43.955549-07:00,NHL,NHL,PL-184822,SUG-c75ff9cc1740319dd98b164f,1,WIN,,,ESPN_PUBLIC:401879361:FINAL_SCORE_ML
SETTLE-SUG-c78c92b3ad99e13f8dc2d65e,2026-09-26T18:10:43.955549-07:00,NCAA_Football,NCAA_Football,PL-216854,SUG-c78c92b3ad99e13f8dc2d65e,0,LOSS,,,ESPN_PUBLIC:401856699:FINAL_SCORE_ML
SETTLE-SUG-c9f907c0df66527978e131d8,2026-09-26T18:10:43.955549-07:00,NCAA_Football,NCAA_Football,PAPI-f82f13a288a8176f,SUG-c9f907c0df66527978e131d8,10,LOSS,,,ESPN_PUBLIC:401856698:BOX_SCORE
SETTLE-SUG-cc19b841d0317e042d33e26c,2026-09-26T18:10:43.955549-07:00,NHL,NHL,2026010054,SUG-cc19b841d0317e042d33e26c,0,LOSS,,,ESPN_PUBLIC:401879365:FINAL_SCORE_ML
SETTLE-SUG-cc44e3ad31b79d98213e1f64,2026-09-26T18:10:43.955549-07:00,NCAA_Football,NCAA_Football,PL-218713,SUG-cc44e3ad31b79d98213e1f64,1,WIN,,,ESPN_PUBLIC:401862781:FINAL_SCORE_ML
SETTLE-SUG-cf3e541e0705a08c6c3e2192,2026-09-26T18:10:43.955549-07:00,NHL,NHL,PL-243756,SUG-cf3e541e0705a08c6c3e2192,0,LOSS,,,ESPN_PUBLIC:401881134:FINAL_SCORE_ML
SETTLE-SUG-cf9396d5defe3021bec66402,2026-09-26T18:10:43.955549-07:00,NCAA_Football,NCAA_Football,PAPI-f82f13a288a8176f,SUG-cf9396d5defe3021bec66402,13,WIN,,,ESPN_PUBLIC:401856698:BOX_SCORE
SETTLE-SUG-d11453c220c08e4a7abd2164,2026-09-26T18:10:43.955549-07:00,NCAA_Football,NCAA_Football,PAPI-2b77c81e33a8c196,SUG-d11453c220c08e4a7abd2164,12,WIN,,,ESPN_PUBLIC:401858464:BOX_SCORE
SETTLE-SUG-d1dad2643a7d4d5bd2c3943a,2026-09-26T18:10:43.955549-07:00,NCAA_Football,NCAA_Football,PAPI-35d7b263e6fef7e8,SUG-d1dad2643a7d4d5bd2c3943a,68,WIN,,,ESPN_PUBLIC:401856806:BOX_SCORE
SETTLE-SUG-d3348af2629da8618c4a2d66,2026-09-26T18:10:43.955549-07:00,NCAA_Football,NCAA_Football,PL-216103,SUG-d3348af2629da8618c4a2d66,29,LOSS,,,ESPN_PUBLIC:401856698:BOX_SCORE
SETTLE-SUG-d42184add288681da927d627,2026-09-26T18:10:43.955549-07:00,NCAA_Football,NCAA_Football,PAPI-f82f13a288a8176f,SUG-d42184add288681da927d627,140,LOSS,,,ESPN_PUBLIC:401856698:BOX_SCORE
SETTLE-SUG-d44ab625942a76bca4102a53,2026-09-26T18:10:43.955549-07:00,NHL,NHL,PL-184822,SUG-d44ab625942a76bca4102a53,1,WIN,,,ESPN_PUBLIC:401879361:FINAL_SCORE_ML
SETTLE-SUG-d46e5c8c9fc9b7322a459dbe,2026-09-26T18:10:43.955549-07:00,NCAA_Football,NCAA_Football,PL-216854,SUG-d46e5c8c9fc9b7322a459dbe,0,LOSS,,,ESPN_PUBLIC:401856699:FINAL_SCORE_ML
SETTLE-SUG-d4e17ffcadaf156f8e0a46aa,2026-09-26T18:10:43.955549-07:00,NHL,NHL,PL-184822,SUG-d4e17ffcadaf156f8e0a46aa,1,WIN,,,ESPN_PUBLIC:401879361:FINAL_SCORE_ML
SETTLE-SUG-d5ae7494f02015e1875490f7,2026-09-26T18:10:43.955549-07:00,NHL,NHL,2026010057,SUG-d5ae7494f02015e1875490f7,1,WIN,,,ESPN_PUBLIC:401879361:FINAL_SCORE_ML
SETTLE-SUG-d5b61c80a9fb18c8d224a183,2026-09-26T18:10:43.955549-07:00,NCAA_Football,NCAA_Football,PL-218891,SUG-d5b61c80a9fb18c8d224a183,1,LOSS,,,ESPN_PUBLIC:401856699:BOX_SCORE
SETTLE-SUG-d69508ab4df042c78cd7f238,2026-09-26T18:10:43.955549-07:00,NCAA_Football,NCAA_Football,PAPI-39682a8f2df579a7,SUG-d69508ab4df042c78cd7f238,2,WIN,,,ESPN_PUBLIC:401858466:BOX_SCORE
SETTLE-SUG-d69f61cda51f7761ef0a2687,2026-09-26T18:10:43.955549-07:00,NCAA_Football,NCAA_Football,PAPI-39682a8f2df579a7,SUG-d69f61cda51f7761ef0a2687,114,LOSS,,,ESPN_PUBLIC:401858466:BOX_SCORE
SETTLE-SUG-d7ae5fa93d9d7a770caba222,2026-09-26T18:10:43.955549-07:00,NCAA_Football,NCAA_Football,PL-218891,SUG-d7ae5fa93d9d7a770caba222,1,LOSS,,,ESPN_PUBLIC:401856699:BOX_SCORE
SETTLE-SUG-d8a8bb17ffd030ce73660ef7,2026-09-26T18:10:43.955549-07:00,NCAA_Football,NCAA_Football,PL-216103,SUG-d8a8bb17ffd030ce73660ef7,1,WIN,,,ESPN_PUBLIC:401856698:FINAL_SCORE_ML
SETTLE-SUG-d99d5a8c942347385a6d3cec,2026-09-26T18:10:43.955549-07:00,NCAA_Football,NCAA_Football,PAPI-f82f13a288a8176f,SUG-d99d5a8c942347385a6d3cec,5,WIN,,,ESPN_PUBLIC:401856698:BOX_SCORE
SETTLE-SUG-d9cce317ce89f2c0939d24e7,2026-09-26T18:10:43.955549-07:00,NHL,NHL,2026010059,SUG-d9cce317ce89f2c0939d24e7,0,LOSS,,,ESPN_PUBLIC:401881134:FINAL_SCORE_ML
SETTLE-SUG-d9e1bf865b7222d370cd2a16,2026-09-26T18:10:43.955549-07:00,NCAA_Football,NCAA_Football,PL-215319,SUG-d9e1bf865b7222d370cd2a16,1,WIN,,,ESPN_PUBLIC:401868188:FINAL_SCORE_ML
SETTLE-SUG-daadacc30ca675d5c563509f,2026-09-26T18:10:43.955549-07:00,NCAA_Football,NCAA_Football,PL-216103,SUG-daadacc30ca675d5c563509f,1,WIN,,,ESPN_PUBLIC:401856698:FINAL_SCORE_ML
SETTLE-SUG-de07915e25e1103e89570d19,2026-09-26T18:10:43.955549-07:00,NHL,NHL,2026010057,SUG-de07915e25e1103e89570d19,1,WIN,,,ESPN_PUBLIC:401879361:FINAL_SCORE_ML
SETTLE-SUG-de886ae070e819b342e55c5a,2026-09-26T18:10:43.955549-07:00,NCAA_Football,NCAA_Football,PAPI-39682a8f2df579a7,SUG-de886ae070e819b342e55c5a,0,LOSS,,,ESPN_PUBLIC:401858466:BOX_SCORE
SETTLE-SUG-dea2fd9523171356582e0ef2,2026-09-26T18:10:43.955549-07:00,NHL,NHL,PL-243756,SUG-dea2fd9523171356582e0ef2,0,LOSS,,,ESPN_PUBLIC:401881134:FINAL_SCORE_ML
SETTLE-SUG-e0b2bfe3e43c9fb60a8d0e81,2026-09-26T18:10:43.955549-07:00,NCAA_Football,NCAA_Football,PAPI-39682a8f2df579a7,SUG-e0b2bfe3e43c9fb60a8d0e81,2,LOSS,,,ESPN_PUBLIC:401858466:BOX_SCORE
SETTLE-SUG-e105ed5fe22b0fb0d276c7a1,2026-09-26T18:10:43.955549-07:00,NCAA_Football,NCAA_Football,PAPI-2b77c81e33a8c196,SUG-e105ed5fe22b0fb0d276c7a1,25,WIN,,,ESPN_PUBLIC:401858464:BOX_SCORE
SETTLE-SUG-e1ccea8177228503f4721cf9,2026-09-26T18:10:43.955549-07:00,NCAA_Football,NCAA_Football,PL-216103,SUG-e1ccea8177228503f4721cf9,1,WIN,,,ESPN_PUBLIC:401856698:FINAL_SCORE_ML
SETTLE-SUG-e2f1f7221b72c6bf5c86fad8,2026-09-26T18:10:43.955549-07:00,NCAA_Football,NCAA_Football,PAPI-35d7b263e6fef7e8,SUG-e2f1f7221b72c6bf5c86fad8,239,WIN,,,ESPN_PUBLIC:401856806:BOX_SCORE
SETTLE-SUG-e2f3ea91181d0cf628d72587,2026-09-26T18:10:43.955549-07:00,NHL,NHL,PL-243756,SUG-e2f3ea91181d0cf628d72587,0,LOSS,,,ESPN_PUBLIC:401881134:FINAL_SCORE_ML
SETTLE-SUG-e4cc9bce7b4ef7bb94c0b1a9,2026-09-26T18:10:43.955549-07:00,NCAA_Football,NCAA_Football,PAPI-35d7b263e6fef7e8,SUG-e4cc9bce7b4ef7bb94c0b1a9,50,LOSS,,,ESPN_PUBLIC:401856806:BOX_SCORE
SETTLE-SUG-e54dfcd8ab88ba1bb01cbb39,2026-09-26T18:10:43.955549-07:00,NCAA_Football,NCAA_Football,PL-215319,SUG-e54dfcd8ab88ba1bb01cbb39,1,WIN,,,ESPN_PUBLIC:401868188:FINAL_SCORE_ML
SETTLE-SUG-e5788f5c79b446527fc0b39d,2026-09-26T18:10:43.955549-07:00,NCAA_Football,NCAA_Football,PL-218891,SUG-e5788f5c79b446527fc0b39d,7,WIN,,,ESPN_PUBLIC:401856699:BOX_SCORE
SETTLE-SUG-e6a4f922da0e7d390e3aeb7a,2026-09-26T18:10:43.955549-07:00,NHL,NHL,2026010057,SUG-e6a4f922da0e7d390e3aeb7a,1,WIN,,,ESPN_PUBLIC:401879361:FINAL_SCORE_ML
SETTLE-SUG-e9950300d4e6e180ff787b51,2026-09-26T18:10:43.955549-07:00,NCAA_Football,NCAA_Football,PAPI-2b77c81e33a8c196,SUG-e9950300d4e6e180ff787b51,43,LOSS,,,ESPN_PUBLIC:401858464:BOX_SCORE
SETTLE-SUG-ea09954401dd74f2c135a29a,2026-09-26T18:10:43.955549-07:00,NCAA_Football,NCAA_Football,PL-218891,SUG-ea09954401dd74f2c135a29a,196,LOSS,,,ESPN_PUBLIC:401856699:BOX_SCORE
SETTLE-SUG-ea3ec5365d7f2b2ba9e98b3e,2026-09-26T18:10:43.955549-07:00,NCAA_Football,NCAA_Football,PAPI-2b77c81e33a8c196,SUG-ea3ec5365d7f2b2ba9e98b3e,4,LOSS,,,ESPN_PUBLIC:401858464:BOX_SCORE
SETTLE-SUG-ea5cbd4e69ba12c7f57828c6,2026-09-26T18:10:43.955549-07:00,NCAA_Football,NCAA_Football,PL-216103,SUG-ea5cbd4e69ba12c7f57828c6,95,WIN,,,ESPN_PUBLIC:401856698:BOX_SCORE
SETTLE-SUG-eaeddb7ef86e624c6db082f8,2026-09-26T18:10:43.955549-07:00,NCAA_Football,NCAA_Football,PL-216103,SUG-eaeddb7ef86e624c6db082f8,10,LOSS,,,ESPN_PUBLIC:401856698:BOX_SCORE
SETTLE-SUG-eba0cef90150fd80024b1fc2,2026-09-26T18:10:43.955549-07:00,NCAA_Football,NCAA_Football,PAPI-35d7b263e6fef7e8,SUG-eba0cef90150fd80024b1fc2,16,WIN,,,ESPN_PUBLIC:401856806:BOX_SCORE
SETTLE-SUG-ecec445e9460f8c191ca7ef9,2026-09-26T18:10:43.955549-07:00,NCAA_Football,NCAA_Football,PAPI-2b77c81e33a8c196,SUG-ecec445e9460f8c191ca7ef9,15,WIN,,,ESPN_PUBLIC:401858464:BOX_SCORE
SETTLE-SUG-ee213766eed28f424e54a350,2026-09-26T18:10:43.955549-07:00,NCAA_Football,NCAA_Football,PAPI-2b77c81e33a8c196,SUG-ee213766eed28f424e54a350,25,WIN,,,ESPN_PUBLIC:401858464:BOX_SCORE
SETTLE-SUG-ee288173bacf499030d0cde4,2026-09-26T18:10:43.955549-07:00,NCAA_Football,NCAA_Football,PAPI-39682a8f2df579a7,SUG-ee288173bacf499030d0cde4,114,LOSS,,,ESPN_PUBLIC:401858466:BOX_SCORE
SETTLE-SUG-ef2720014ebfd8aed4373d1f,2026-09-26T18:10:43.955549-07:00,NCAA_Football,NCAA_Football,PL-216103,SUG-ef2720014ebfd8aed4373d1f,0,LOSS,,,ESPN_PUBLIC:401856698:BOX_SCORE
SETTLE-SUG-ef4daf09358990bcf6fe4a5c,2026-09-26T18:10:43.955549-07:00,NCAA_Football,NCAA_Football,PL-216103,SUG-ef4daf09358990bcf6fe4a5c,0,WIN,,,ESPN_PUBLIC:401856698:BOX_SCORE
SETTLE-SUG-f175fd017d5b7fb7c41e517b,2026-09-26T18:10:43.955549-07:00,NCAA_Football,NCAA_Football,PAPI-39682a8f2df579a7,SUG-f175fd017d5b7fb7c41e517b,235,WIN,,,ESPN_PUBLIC:401858466:BOX_SCORE
SETTLE-SUG-f29823150d79b1e73b3049d1,2026-09-26T18:10:43.955549-07:00,NCAA_Football,NCAA_Football,PL-217629,SUG-f29823150d79b1e73b3049d1,1,WIN,,,ESPN_PUBLIC:401862785:FINAL_SCORE_ML
SETTLE-SUG-f37b7176075853c5ee2d152a,2026-09-26T18:10:43.955549-07:00,NCAA_Football,NCAA_Football,PAPI-39682a8f2df579a7,SUG-f37b7176075853c5ee2d152a,16,LOSS,,,ESPN_PUBLIC:401858466:BOX_SCORE
SETTLE-SUG-f475f30d2ce31d19136ad378,2026-09-26T18:10:43.955549-07:00,NCAA_Football,NCAA_Football,PL-216103,SUG-f475f30d2ce31d19136ad378,5,WIN,,,ESPN_PUBLIC:401856698:BOX_SCORE
SETTLE-SUG-f54ddfc895d0963d35fd788d,2026-09-26T18:10:43.955549-07:00,NCAA_Football,NCAA_Football,PAPI-2b77c81e33a8c196,SUG-f54ddfc895d0963d35fd788d,24,LOSS,,,ESPN_PUBLIC:401858464:BOX_SCORE
SETTLE-SUG-f6f9ca66c6d774dd8abf30eb,2026-09-26T18:10:43.955549-07:00,NCAA_Football,NCAA_Football,PL-216854,SUG-f6f9ca66c6d774dd8abf30eb,0,LOSS,,,ESPN_PUBLIC:401856699:FINAL_SCORE_ML
SETTLE-SUG-f88796ee6d4f86468c19d6f8,2026-09-26T18:10:43.955549-07:00,NHL,NHL,PL-243756,SUG-f88796ee6d4f86468c19d6f8,0,LOSS,,,ESPN_PUBLIC:401881134:FINAL_SCORE_ML
SETTLE-SUG-f8c1c5e1ce612902c2e86d5c,2026-09-26T18:10:43.955549-07:00,NCAA_Football,NCAA_Football,PAPI-2b77c81e33a8c196,SUG-f8c1c5e1ce612902c2e86d5c,4,WIN,,,ESPN_PUBLIC:401858464:BOX_SCORE
SETTLE-SUG-f8c96db54bcbe3cb290b6a2c,2026-09-26T18:10:43.955549-07:00,NCAA_Football,NCAA_Football,PL-217629,SUG-f8c96db54bcbe3cb290b6a2c,1,WIN,,,ESPN_PUBLIC:401862785:FINAL_SCORE_ML
SETTLE-SUG-f912c96113fdf3fee3d8839e,2026-09-26T18:10:43.955549-07:00,NCAA_Football,NCAA_Football,PAPI-2b77c81e33a8c196,SUG-f912c96113fdf3fee3d8839e,47,LOSS,,,ESPN_PUBLIC:401858464:BOX_SCORE
SETTLE-SUG-f9c5f2b5d1f1196416052498,2026-09-26T18:10:43.955549-07:00,NHL,NHL,2026010057,SUG-f9c5f2b5d1f1196416052498,1,WIN,,,ESPN_PUBLIC:401879361:FINAL_SCORE_ML
SETTLE-SUG-fac47b467016c335db8aeb60,2026-09-26T18:10:43.955549-07:00,NCAA_Football,NCAA_Football,PAPI-39682a8f2df579a7,SUG-fac47b467016c335db8aeb60,16,LOSS,,,ESPN_PUBLIC:401858466:BOX_SCORE
SETTLE-SUG-fc8a4ff1e740e0b7bdba6f88,2026-09-26T18:10:43.955549-07:00,NHL,NHL,PL-243756,SUG-fc8a4ff1e740e0b7bdba6f88,0,LOSS,,,ESPN_PUBLIC:401881134:FINAL_SCORE_ML
SETTLE-SUG-fd6d7fddcc390f727cb3be8d,2026-09-26T18:10:43.955549-07:00,NHL,NHL,2026010059,SUG-fd6d7fddcc390f727cb3be8d,1,WIN,,,ESPN_PUBLIC:401881134:FINAL_SCORE_ML
SETTLE-SUG-ff3ef5fc1aceed557d23c608,2026-09-26T18:10:43.955549-07:00,NCAA_Football,NCAA_Football,PL-216103,SUG-ff3ef5fc1aceed557d23c608,5,WIN,,,ESPN_PUBLIC:401856698:BOX_SCORE
SETTLE-SUG-0731b02a1f8f3f917d70113d,2026-09-26T18:31:30.928587-07:00,NCAA_Football,NCAA_Football,PL-215431,SUG-0731b02a1f8f3f917d70113d,1,WIN,,,ESPN_PUBLIC:401858239:FINAL_SCORE_ML
SETTLE-SUG-13e0cd102fc1086f4c12e203,2026-09-26T18:31:30.928587-07:00,NCAA_Football,NCAA_Football,PL-215431,SUG-13e0cd102fc1086f4c12e203,1,WIN,,,ESPN_PUBLIC:401858239:FINAL_SCORE_ML
SETTLE-SUG-44e03e70c486184f0f472d06,2026-09-26T18:31:30.928587-07:00,NCAA_Football,NCAA_Football,PL-215431,SUG-44e03e70c486184f0f472d06,1,WIN,,,ESPN_PUBLIC:401858239:FINAL_SCORE_ML
SETTLE-SUG-4655b81d49b85d4aae0a1675,2026-09-26T18:31:30.928587-07:00,NCAA_Football,NCAA_Football,PL-215431,SUG-4655b81d49b85d4aae0a1675,1,WIN,,,ESPN_PUBLIC:401858239:FINAL_SCORE_ML
SETTLE-SUG-6abe590228e02a6e5d4f962d,2026-09-26T18:31:30.928587-07:00,NCAA_Football,NCAA_Football,PL-215431,SUG-6abe590228e02a6e5d4f962d,1,WIN,,,ESPN_PUBLIC:401858239:FINAL_SCORE_ML
SETTLE-SUG-7b8ea46f5c4fdb22104bcf9e,2026-09-26T18:31:30.928587-07:00,NCAA_Football,NCAA_Football,PL-215431,SUG-7b8ea46f5c4fdb22104bcf9e,1,WIN,,,ESPN_PUBLIC:401858239:FINAL_SCORE_ML
SETTLE-SUG-afa4f48b340b24d237b1efb3,2026-09-26T18:31:30.928587-07:00,NCAA_Football,NCAA_Football,PL-215431,SUG-afa4f48b340b24d237b1efb3,1,WIN,,,ESPN_PUBLIC:401858239:FINAL_SCORE_ML
SETTLE-SUG-b04791d2efba1872810159cf,2026-09-26T18:31:30.928587-07:00,NCAA_Football,NCAA_Football,PL-215431,SUG-b04791d2efba1872810159cf,1,WIN,,,ESPN_PUBLIC:401858239:FINAL_SCORE_ML
SETTLE-SUG-d4bfba3acd568c5198012cf6,2026-09-26T18:31:30.928587-07:00,NCAA_Football,NCAA_Football,PL-215431,SUG-d4bfba3acd568c5198012cf6,1,WIN,,,ESPN_PUBLIC:401858239:FINAL_SCORE_ML
SETTLE-SUG-de6417157e29bde037e98e87,2026-09-26T18:31:30.928587-07:00,NCAA_Football,NCAA_Football,PL-215431,SUG-de6417157e29bde037e98e87,1,WIN,,,ESPN_PUBLIC:401858239:FINAL_SCORE_ML
SETTLE-SUG-f61487d69ca4cc13234de996,2026-09-26T18:31:30.928587-07:00,NCAA_Football,NCAA_Football,PL-215431,SUG-f61487d69ca4cc13234de996,1,WIN,,,ESPN_PUBLIC:401858239:FINAL_SCORE_ML
SETTLE-SUG-000f2091da4fcd1c2e572f80,2026-09-27T00:46:32.380118-07:00,MLB,MLB,PL-232575,SUG-000f2091da4fcd1c2e572f80,1,WIN,,,ESPN_PUBLIC:401817099:FINAL_SCORE_ML
SETTLE-SUG-0020878fb04c768f27945565,2026-09-27T00:46:32.380118-07:00,NCAA_Football,NCAA_Football,PL-215557,SUG-0020878fb04c768f27945565,0,LOSS,,,ESPN_PUBLIC:401856881:FINAL_SCORE_ML
SETTLE-SUG-00bd012f5e3f0be54f2917b1,2026-09-27T00:46:32.380118-07:00,NHL,NHL,PL-184841,SUG-00bd012f5e3f0be54f2917b1,0,LOSS,,,ESPN_PUBLIC:401879653:FINAL_SCORE_ML
SETTLE-SUG-00fcb68641cdbe8aab3cff15,2026-09-27T00:46:32.380118-07:00,NCAA_Football,NCAA_Football,PL-217486,SUG-00fcb68641cdbe8aab3cff15,0,LOSS,,,ESPN_PUBLIC:401858240:FINAL_SCORE_ML
SETTLE-SUG-011f5df1be2f9484e134456e,2026-09-27T00:46:32.380118-07:00,NCAA_Football,NCAA_Football,PL-217325,SUG-011f5df1be2f9484e134456e,1,WIN,,,ESPN_PUBLIC:401860891:FINAL_SCORE_ML
SETTLE-SUG-02280618ed3bee8488038fbe,2026-09-27T00:46:32.380118-07:00,NCAA_Football,NCAA_Football,PL-219276,SUG-02280618ed3bee8488038fbe,1,WIN,,,ESPN_PUBLIC:401869961:FINAL_SCORE_ML
SETTLE-SUG-023e7864427f4335b48aa8f4,2026-09-27T00:46:32.380118-07:00,NHL,NHL,PL-184845,SUG-023e7864427f4335b48aa8f4,1,WIN,,,ESPN_PUBLIC:401878104:FINAL_SCORE_ML
SETTLE-SUG-02c087bc4b775df25f4ca826,2026-09-27T00:46:32.380118-07:00,NHL,NHL,2026010058,SUG-02c087bc4b775df25f4ca826,1,WIN,,,ESPN_PUBLIC:401886261:FINAL_SCORE_ML
SETTLE-SUG-031b46d72c8695f44cf1157e,2026-09-27T00:46:32.380118-07:00,NCAA_Football,NCAA_Football,PAPI-917daaf69473cbd5,SUG-031b46d72c8695f44cf1157e,253,WIN,,,ESPN_PUBLIC:401864572:BOX_SCORE
SETTLE-SUG-0327d1a33a2f32cf33f75cb9,2026-09-27T00:46:32.380118-07:00,MLB,MLB,PAPI-ca93ae0b2342e95e,SUG-0327d1a33a2f32cf33f75cb9,1,WIN,,,ESPN_PUBLIC:401817096:FINAL_SCORE_ML
SETTLE-SUG-033ff3f28c8a4e38f1678fa3,2026-09-27T00:46:32.380118-07:00,NCAA_Football,NCAA_Football,PAPI-db6cdc28cfc83bd0,SUG-033ff3f28c8a4e38f1678fa3,295,WIN,,,ESPN_PUBLIC:401856703:BOX_SCORE
SETTLE-SUG-038e07ec320fc889f7bf1854,2026-09-27T00:46:32.380118-07:00,NCAA_Football,NCAA_Football,PL-218061,SUG-038e07ec320fc889f7bf1854,0,LOSS,,,ESPN_PUBLIC:401860894:FINAL_SCORE_ML
SETTLE-SUG-040d6fe406d72ccee1a45aba,2026-09-27T00:46:32.380118-07:00,NCAA_Football,NCAA_Football,PAPI-917daaf69473cbd5,SUG-040d6fe406d72ccee1a45aba,87,WIN,,,ESPN_PUBLIC:401864572:BOX_SCORE
SETTLE-SUG-045abe946c22408157acbe62,2026-09-27T00:46:32.380118-07:00,NCAA_Football,NCAA_Football,PL-217741,SUG-045abe946c22408157acbe62,1,WIN,,,ESPN_PUBLIC:401856703:FINAL_SCORE_ML
SETTLE-SUG-04bef96262d2fdb418eb66e9,2026-09-27T00:46:32.380118-07:00,NCAA_Football,NCAA_Football,PL-217994,SUG-04bef96262d2fdb418eb66e9,1,WIN,,,ESPN_PUBLIC:401871048:FINAL_SCORE_ML
SETTLE-SUG-05393e525ced0868700a6454,2026-09-27T00:46:32.380118-07:00,NCAA_Football,NCAA_Football,PL-217196,SUG-05393e525ced0868700a6454,7,WIN,,,ESPN_PUBLIC:401858470:BOX_SCORE
SETTLE-SUG-056caea20a051ed3b08387d6,2026-09-27T00:46:32.380118-07:00,NHL,NHL,2026010061,SUG-056caea20a051ed3b08387d6,0,LOSS,,,ESPN_PUBLIC:401879453:FINAL_SCORE_ML
SETTLE-SUG-05757d77e357069986275d11,2026-09-27T00:46:32.380118-07:00,NCAA_Football,NCAA_Football,PL-217921,SUG-05757d77e357069986275d11,241,LOSS,,,ESPN_PUBLIC:401856804:BOX_SCORE
SETTLE-SUG-0580294aee9150a680662bb1,2026-09-27T00:46:32.380118-07:00,NHL,NHL,PL-184844,SUG-0580294aee9150a680662bb1,0,LOSS,,,ESPN_PUBLIC:401879453:FINAL_SCORE_ML
SETTLE-SUG-05f83541a2f3ac251859c02e,2026-09-27T00:46:32.380118-07:00,NCAA_Football,NCAA_Football,PL-217386,SUG-05f83541a2f3ac251859c02e,0,LOSS,,,ESPN_PUBLIC:401860892:FINAL_SCORE_ML
SETTLE-SUG-06aada51e8dbb8fdc67c8223,2026-09-27T00:46:32.380118-07:00,MLB,MLB,PL-232569,SUG-06aada51e8dbb8fdc67c8223,0,LOSS,,,ESPN_PUBLIC:401817095:FINAL_SCORE_ML
SETTLE-SUG-070404ee789bf04965ed4c4e,2026-09-27T00:46:32.380118-07:00,NCAA_Football,NCAA_Football,PL-217520,SUG-070404ee789bf04965ed4c4e,0,LOSS,,,ESPN_PUBLIC:401856697:FINAL_SCORE_ML
SETTLE-SUG-072ec109c6657f114bd52f4e,2026-09-27T00:46:32.380118-07:00,NCAA_Football,NCAA_Football,PAPI-917daaf69473cbd5,SUG-072ec109c6657f114bd52f4e,64,WIN,,,ESPN_PUBLIC:401864572:BOX_SCORE
SETTLE-SUG-07b73448700f3f4051844a1e,2026-09-27T00:46:32.380118-07:00,NCAA_Football,NCAA_Football,PAPI-917daaf69473cbd5,SUG-07b73448700f3f4051844a1e,5,WIN,,,ESPN_PUBLIC:401864572:BOX_SCORE
SETTLE-SUG-0810bc3e7538bfcb9e413b32,2026-09-27T00:46:32.380118-07:00,NHL,NHL,PL-184819,SUG-0810bc3e7538bfcb9e413b32,0,LOSS,,,ESPN_PUBLIC:401879651:FINAL_SCORE_ML
SETTLE-SUG-087e597099b8ee93ba8ce8d9,2026-09-27T00:46:32.380118-07:00,NCAA_Football,NCAA_Football,PAPI-4370298155b50de8,SUG-087e597099b8ee93ba8ce8d9,34,LOSS,,,ESPN_PUBLIC:401856881:BOX_SCORE
SETTLE-SUG-08bf5f4e992f112c721ca546,2026-09-27T00:46:32.380118-07:00,NHL,NHL,2026010061,SUG-08bf5f4e992f112c721ca546,0,LOSS,,,ESPN_PUBLIC:401879453:FINAL_SCORE_ML
SETTLE-SUG-08e976c93955017df821e1dc,2026-09-27T00:46:32.380118-07:00,NCAA_Football,NCAA_Football,PL-217921,SUG-08e976c93955017df821e1dc,57,LOSS,,,ESPN_PUBLIC:401856804:BOX_SCORE
SETTLE-SUG-093e130ba6c5b7f952444f1d,2026-09-27T00:46:32.380118-07:00,NHL,NHL,PL-184844,SUG-093e130ba6c5b7f952444f1d,0,LOSS,,,ESPN_PUBLIC:401879453:FINAL_SCORE_ML
SETTLE-SUG-0983e1902f5612c192fcc183,2026-09-27T00:46:32.380118-07:00,NCAA_Football,NCAA_Football,PL-217486,SUG-0983e1902f5612c192fcc183,91,LOSS,,,ESPN_PUBLIC:401858240:BOX_SCORE
SETTLE-SUG-09d94e22e3931b79f1e026ab,2026-09-27T00:46:32.380118-07:00,MLB,MLB,KXMLBRBI-26SEP262040AZSD,SUG-09d94e22e3931b79f1e026ab,1,WIN,,,ESPN_PUBLIC:401817099:FINAL_SCORE_ML
SETTLE-SUG-0a47e1d72fbff499a855bc04,2026-09-27T00:46:32.380118-07:00,MLB,MLB,PL-232569,SUG-0a47e1d72fbff499a855bc04,0,LOSS,,,ESPN_PUBLIC:401817095:FINAL_SCORE_ML
SETTLE-SUG-0ac0f3206ffaa1efd2e3310c,2026-09-27T00:46:32.380118-07:00,NCAA_Football,NCAA_Football,PL-216889,SUG-0ac0f3206ffaa1efd2e3310c,1,WIN,,,ESPN_PUBLIC:401864509:FINAL_SCORE_ML
SETTLE-SUG-0acfae2d5d4299a51574a6e6,2026-09-27T00:46:32.380118-07:00,NCAA_Football,NCAA_Football,PAPI-1685d983ac70615d,SUG-0acfae2d5d4299a51574a6e6,1,LOSS,,,ESPN_PUBLIC:401858241:BOX_SCORE
SETTLE-SUG-0b31c1bd8d1d9c3ceaa6debb,2026-09-27T00:46:32.380118-07:00,NCAA_Football,NCAA_Football,PAPI-4370298155b50de8,SUG-0b31c1bd8d1d9c3ceaa6debb,63,LOSS,,,ESPN_PUBLIC:401856881:BOX_SCORE
SETTLE-SUG-0b4680db3ad6de564809afdf,2026-09-27T00:46:32.380118-07:00,NCAA_Football,NCAA_Football,PL-217486,SUG-0b4680db3ad6de564809afdf,3,LOSS,,,ESPN_PUBLIC:401858240:BOX_SCORE
SETTLE-SUG-0b7322fb90e34a5a4ddf98a8,2026-09-27T00:46:32.380118-07:00,NHL,NHL,PL-184842,SUG-0b7322fb90e34a5a4ddf98a8,1,WIN,,,ESPN_PUBLIC:401879647:FINAL_SCORE_ML
SETTLE-SUG-0bb607de1f72cf0acba4092d,2026-09-27T00:46:32.380118-07:00,MLB,MLB,KXMLBRBI-26SEP261910STLMIL,SUG-0bb607de1f72cf0acba4092d,1,WIN,,,ESPN_PUBLIC:401817096:FINAL_SCORE_ML
SETTLE-SUG-0c11087d447a1941f7887844,2026-09-27T00:46:32.380118-07:00,NCAA_Football,NCAA_Football,PL-217325,SUG-0c11087d447a1941f7887844,1,WIN,,,ESPN_PUBLIC:401860891:FINAL_SCORE_ML
SETTLE-SUG-0caa4857ff2a55e15e1cdccd,2026-09-27T00:46:32.380118-07:00,NCAA_Football,NCAA_Football,PAPI-db6cdc28cfc83bd0,SUG-0caa4857ff2a55e15e1cdccd,114,WIN,,,ESPN_PUBLIC:401856703:BOX_SCORE
SETTLE-SUG-0d772b63bb4bddeb16e061ad,2026-09-27T00:46:32.380118-07:00,NCAA_Football,NCAA_Football,PL-219276,SUG-0d772b63bb4bddeb16e061ad,1,WIN,,,ESPN_PUBLIC:401869961:FINAL_SCORE_ML
SETTLE-SUG-0e49f1e7fa603d2894f443bc,2026-09-27T00:46:32.380118-07:00,NCAA_Football,NCAA_Football,PL-217486,SUG-0e49f1e7fa603d2894f443bc,4,WIN,,,ESPN_PUBLIC:401858240:BOX_SCORE
SETTLE-SUG-0e8f9e5638a12d8b7dad6f94,2026-09-27T00:46:32.380118-07:00,NCAA_Football,NCAA_Football,PL-218061,SUG-0e8f9e5638a12d8b7dad6f94,0,LOSS,,,ESPN_PUBLIC:401860894:FINAL_SCORE_ML
SETTLE-SUG-0ed2c4a03683cfeb29dfb154,2026-09-27T00:46:32.380118-07:00,NCAA_Football,NCAA_Football,PL-216889,SUG-0ed2c4a03683cfeb29dfb154,1,WIN,,,ESPN_PUBLIC:401864509:FINAL_SCORE_ML
SETTLE-SUG-0f2bc1b4ba0fdbce1b746d74,2026-09-27T00:46:32.380118-07:00,NCAA_Football,NCAA_Football,PAPI-8d9b9a968af64b83,SUG-0f2bc1b4ba0fdbce1b746d74,3,WIN,,,ESPN_PUBLIC:401858470:BOX_SCORE
SETTLE-SUG-0f84b271176213f28391b6b9,2026-09-27T00:46:32.380118-07:00,NCAA_Football,NCAA_Football,PL-217921,SUG-0f84b271176213f28391b6b9,1,WIN,,,ESPN_PUBLIC:401856804:FINAL_SCORE_ML
SETTLE-SUG-0fb9d4c96b43f40b8dcd4edb,2026-09-27T00:46:32.380118-07:00,NCAA_Football,NCAA_Football,PL-217520,SUG-0fb9d4c96b43f40b8dcd4edb,0,LOSS,,,ESPN_PUBLIC:401856697:FINAL_SCORE_ML
SETTLE-SUG-10e6f07096dfbb29ce16cee3,2026-09-27T00:46:32.380118-07:00,NCAA_Football,NCAA_Football,PL-217486,SUG-10e6f07096dfbb29ce16cee3,4,LOSS,,,ESPN_PUBLIC:401858240:BOX_SCORE
SETTLE-SUG-11a0c3a9d0edef0e49ead274,2026-09-27T00:46:32.380118-07:00,NCAA_Football,NCAA_Football,PAPI-634cd0f89c6c789c,SUG-11a0c3a9d0edef0e49ead274,6,WIN,,,ESPN_PUBLIC:401856814:BOX_SCORE
SETTLE-SUG-1213fb4c33e5c6541e936da2,2026-09-27T00:46:32.380118-07:00,NCAA_Football,NCAA_Football,PL-217196,SUG-1213fb4c33e5c6541e936da2,7,WIN,,,ESPN_PUBLIC:401858470:BOX_SCORE
SETTLE-SUG-12568dab5d3a2d9e4f39a0bd,2026-09-27T00:46:32.380118-07:00,NCAA_Football,NCAA_Football,PAPI-4370298155b50de8,SUG-12568dab5d3a2d9e4f39a0bd,30,LOSS,,,ESPN_PUBLIC:401856881:BOX_SCORE
SETTLE-SUG-125b84ce1818aab1db817f6c,2026-09-27T00:46:32.380118-07:00,NCAA_Football,NCAA_Football,PL-219276,SUG-125b84ce1818aab1db817f6c,1,WIN,,,ESPN_PUBLIC:401869961:FINAL_SCORE_ML
SETTLE-SUG-12be92d6b3d2a9f47df8c3ae,2026-09-27T00:46:32.380118-07:00,NCAA_Football,NCAA_Football,PL-217196,SUG-12be92d6b3d2a9f47df8c3ae,1,LOSS,,,ESPN_PUBLIC:401858470:BOX_SCORE
SETTLE-SUG-1322c9626b16eaa3adb16840,2026-09-27T00:46:32.380118-07:00,NHL,NHL,2026010060,SUG-1322c9626b16eaa3adb16840,1,WIN,,,ESPN_PUBLIC:401878104:FINAL_SCORE_ML
SETTLE-SUG-13fcefe45caf5704f39b8cef,2026-09-27T00:46:32.380118-07:00,NHL,NHL,2026010056,SUG-13fcefe45caf5704f39b8cef,0,LOSS,,,ESPN_PUBLIC:401879653:FINAL_SCORE_ML
SETTLE-SUG-14e501d862b3e715dd49fc81,2026-09-27T00:46:32.380118-07:00,NCAA_Football,NCAA_Football,PL-217520,SUG-14e501d862b3e715dd49fc81,0,LOSS,,,ESPN_PUBLIC:401856697:FINAL_SCORE_ML
SETTLE-SUG-15152983c5f557de53b976fa,2026-09-27T00:46:32.380118-07:00,NCAA_Football,NCAA_Football,PL-217386,SUG-15152983c5f557de53b976fa,0,LOSS,,,ESPN_PUBLIC:401860892:FINAL_SCORE_ML
SETTLE-SUG-1548ba3b2816592646e23443,2026-09-27T00:46:32.380118-07:00,MLB,MLB,PAPI-0b4b59491570f4b3,SUG-1548ba3b2816592646e23443,1,WIN,,,ESPN_PUBLIC:401817100:FINAL_SCORE_ML
SETTLE-SUG-159abe01fc527fbc27f5e15a,2026-09-27T00:46:32.380118-07:00,NCAA_Football,NCAA_Football,PL-217994,SUG-159abe01fc527fbc27f5e15a,1,WIN,,,ESPN_PUBLIC:401871048:FINAL_SCORE_ML
SETTLE-SUG-15db2d9aa653e6b7fe1a87cd,2026-09-27T00:46:32.380118-07:00,NCAA_Football,NCAA_Football,PL-218061,SUG-15db2d9aa653e6b7fe1a87cd,0,LOSS,,,ESPN_PUBLIC:401860894:FINAL_SCORE_ML
SETTLE-SUG-15e455ac5fad66434e63f413,2026-09-27T00:46:32.380118-07:00,NCAA_Football,NCAA_Football,PL-217994,SUG-15e455ac5fad66434e63f413,1,WIN,,,ESPN_PUBLIC:401871048:FINAL_SCORE_ML
SETTLE-SUG-1608b5d5ec147cf421a985df,2026-09-27T00:46:32.380118-07:00,NHL,NHL,2026010056,SUG-1608b5d5ec147cf421a985df,0,LOSS,,,ESPN_PUBLIC:401879653:FINAL_SCORE_ML
SETTLE-SUG-160a6ca76be7b1c247610e3c,2026-09-27T00:46:32.380118-07:00,NCAA_Football,NCAA_Football,PL-219195,SUG-160a6ca76be7b1c247610e3c,1,WIN,,,ESPN_PUBLIC:401862780:FINAL_SCORE_ML
SETTLE-SUG-16bc05aeeb4a76e6f0e0b2c5,2026-09-27T00:46:32.380118-07:00,NCAA_Football,NCAA_Football,PAPI-1685d983ac70615d,SUG-16bc05aeeb4a76e6f0e0b2c5,1,WIN,,,ESPN_PUBLIC:401858241:BOX_SCORE
SETTLE-SUG-16e26be0e3bc13ccbc726420,2026-09-27T00:46:32.380118-07:00,NCAA_Football,NCAA_Football,PAPI-db6cdc28cfc83bd0,SUG-16e26be0e3bc13ccbc726420,25,WIN,,,ESPN_PUBLIC:401856703:BOX_SCORE
SETTLE-SUG-170a781249085234e2db8ed2,2026-09-27T00:46:32.380118-07:00,NHL,NHL,PL-184846,SUG-170a781249085234e2db8ed2,0,LOSS,,,ESPN_PUBLIC:401879414:FINAL_SCORE_ML
SETTLE-SUG-1867a6572bbafedb29aeaf4d,2026-09-27T00:46:32.380118-07:00,NCAA_Football,NCAA_Football,PAPI-634cd0f89c6c789c,SUG-1867a6572bbafedb29aeaf4d,6,WIN,,,ESPN_PUBLIC:401856814:BOX_SCORE
SETTLE-SUG-1961a4855bfd4431802cd7a1,2026-09-27T00:46:32.380118-07:00,NCAA_Football,NCAA_Football,PL-216889,SUG-1961a4855bfd4431802cd7a1,1,WIN,,,ESPN_PUBLIC:401864509:FINAL_SCORE_ML
SETTLE-SUG-1a695b15236842bd119acdb3,2026-09-27T00:46:32.380118-07:00,NHL,NHL,PL-184843,SUG-1a695b15236842bd119acdb3,0,LOSS,,,ESPN_PUBLIC:401879453:FINAL_SCORE_ML
SETTLE-SUG-1aa52c5a9db71bb79121e246,2026-09-27T00:46:32.380118-07:00,NCAA_Football,NCAA_Football,PAPI-d41ddd0b6949370d,SUG-1aa52c5a9db71bb79121e246,1,LOSS,,,ESPN_PUBLIC:401856804:BOX_SCORE
SETTLE-SUG-1b0e922822d68b9365117e49,2026-09-27T00:46:32.380118-07:00,NHL,NHL,2026010058,SUG-1b0e922822d68b9365117e49,1,WIN,,,ESPN_PUBLIC:401886261:FINAL_SCORE_ML
SETTLE-SUG-1b30d81d86ddeb49ffd5ba5e,2026-09-27T00:46:32.380118-07:00,NCAA_Football,NCAA_Football,PL-219276,SUG-1b30d81d86ddeb49ffd5ba5e,1,WIN,,,ESPN_PUBLIC:401869961:FINAL_SCORE_ML
SETTLE-SUG-1c0f98d21f3b143332f8a48e,2026-09-27T00:46:32.380118-07:00,NCAA_Football,NCAA_Football,PAPI-917daaf69473cbd5,SUG-1c0f98d21f3b143332f8a48e,317,WIN,,,ESPN_PUBLIC:401864572:BOX_SCORE
SETTLE-SUG-1ca78532d881f340bf7e196f,2026-09-27T00:46:32.380118-07:00,NCAA_Football,NCAA_Football,PAPI-634cd0f89c6c789c,SUG-1ca78532d881f340bf7e196f,6,WIN,,,ESPN_PUBLIC:401856814:BOX_SCORE
SETTLE-SUG-1d0ee30e7bc51ec74d8dbd63,2026-09-27T00:46:32.380118-07:00,NCAA_Football,NCAA_Football,PAPI-4370298155b50de8,SUG-1d0ee30e7bc51ec74d8dbd63,3,LOSS,,,ESPN_PUBLIC:401856881:BOX_SCORE
SETTLE-SUG-1e6492b5e481ee3116fd9979,2026-09-27T00:46:32.380118-07:00,NCAA_Football,NCAA_Football,PL-217386,SUG-1e6492b5e481ee3116fd9979,0,LOSS,,,ESPN_PUBLIC:401860892:FINAL_SCORE_ML
SETTLE-SUG-1ecd8f8cac2514ccb6be91c6,2026-09-27T00:46:32.380118-07:00,NHL,NHL,PL-184841,SUG-1ecd8f8cac2514ccb6be91c6,0,LOSS,,,ESPN_PUBLIC:401879653:FINAL_SCORE_ML
SETTLE-SUG-1f485c58c346ce3226f775eb,2026-09-27T00:46:32.380118-07:00,NCAA_Football,NCAA_Football,PAPI-4370298155b50de8,SUG-1f485c58c346ce3226f775eb,63,WIN,,,ESPN_PUBLIC:401856881:BOX_SCORE
SETTLE-SUG-200db416b877ace28753ddb8,2026-09-27T00:46:32.380118-07:00,NCAA_Football,NCAA_Football,PAPI-8d9b9a968af64b83,SUG-200db416b877ace28753ddb8,4,LOSS,,,ESPN_PUBLIC:401858470:BOX_SCORE
SETTLE-SUG-20161c27d93b918fa551e6d5,2026-09-27T00:46:32.380118-07:00,NHL,NHL,2026010058,SUG-20161c27d93b918fa551e6d5,1,WIN,,,ESPN_PUBLIC:401886261:FINAL_SCORE_ML
SETTLE-SUG-206c32a39812185e5683d73d,2026-09-27T00:46:32.380118-07:00,MLB,MLB,PL-232574,SUG-206c32a39812185e5683d73d,1,WIN,,,ESPN_PUBLIC:401817093:FINAL_SCORE_ML
SETTLE-SUG-20a0d0a526ca76c9719bde6f,2026-09-27T00:46:32.380118-07:00,NCAA_Football,NCAA_Football,PL-217386,SUG-20a0d0a526ca76c9719bde6f,0,LOSS,,,ESPN_PUBLIC:401860892:FINAL_SCORE_ML
SETTLE-SUG-20d9ec6840a91b403ee4fd19,2026-09-27T00:46:32.380118-07:00,NHL,NHL,PL-184843,SUG-20d9ec6840a91b403ee4fd19,0,LOSS,,,ESPN_PUBLIC:401879453:FINAL_SCORE_ML
SETTLE-SUG-211f9aec066c140a5d84d39b,2026-09-27T00:46:32.380118-07:00,NHL,NHL,2026010058,SUG-211f9aec066c140a5d84d39b,1,WIN,,,ESPN_PUBLIC:401886261:FINAL_SCORE_ML
SETTLE-SUG-21de9184a6a2513e32e5acfb,2026-09-27T00:46:32.380118-07:00,NCAA_Football,NCAA_Football,PL-217921,SUG-21de9184a6a2513e32e5acfb,1,WIN,,,ESPN_PUBLIC:401856804:FINAL_SCORE_ML
SETTLE-SUG-2216ec40e019039c07b9a040,2026-09-27T00:46:32.380118-07:00,NHL,NHL,2026010060,SUG-2216ec40e019039c07b9a040,1,WIN,,,ESPN_PUBLIC:401878104:FINAL_SCORE_ML
SETTLE-SUG-2343efab0b230c024dd7e973,2026-09-27T00:46:32.380118-07:00,NCAA_Football,NCAA_Football,PL-217921,SUG-2343efab0b230c024dd7e973,4,WIN,,,ESPN_PUBLIC:401856804:BOX_SCORE
SETTLE-SUG-236322ac2ff66e27d6935dbd,2026-09-27T00:46:32.380118-07:00,NCAA_Football,NCAA_Football,PL-217196,SUG-236322ac2ff66e27d6935dbd,77,LOSS,,,ESPN_PUBLIC:401858470:BOX_SCORE
SETTLE-SUG-23759ae19ed3ecd7a7a20eb7,2026-09-27T00:46:32.380118-07:00,NCAA_Football,NCAA_Football,PAPI-634cd0f89c6c789c,SUG-23759ae19ed3ecd7a7a20eb7,1,LOSS,,,ESPN_PUBLIC:401856814:BOX_SCORE
SETTLE-SUG-23c9218a2bea08f58f43ea3b,2026-09-27T00:46:32.380118-07:00,NCAA_Football,NCAA_Football,PL-217921,SUG-23c9218a2bea08f58f43ea3b,1,WIN,,,ESPN_PUBLIC:401856804:FINAL_SCORE_ML
SETTLE-SUG-24ad50399429ef2aa2c01169,2026-09-27T00:46:32.380118-07:00,NCAA_Football,NCAA_Football,PL-217520,SUG-24ad50399429ef2aa2c01169,309,LOSS,,,ESPN_PUBLIC:401856697:BOX_SCORE
SETTLE-SUG-24fd2869cd12d37a96879eb0,2026-09-27T00:46:32.380118-07:00,NCAA_Football,NCAA_Football,PL-217486,SUG-24fd2869cd12d37a96879eb0,52,WIN,,,ESPN_PUBLIC:401858240:BOX_SCORE
SETTLE-SUG-257363f1b0fbc2c0abb06631,2026-09-27T00:46:32.380118-07:00,NCAA_Football,NCAA_Football,PL-217196,SUG-257363f1b0fbc2c0abb06631,30,LOSS,,,ESPN_PUBLIC:401858470:BOX_SCORE
SETTLE-SUG-25e2273b47173694732c47b4,2026-09-27T00:46:32.380118-07:00,NCAA_Football,NCAA_Football,PL-219276,SUG-25e2273b47173694732c47b4,1,WIN,,,ESPN_PUBLIC:401869961:FINAL_SCORE_ML
SETTLE-SUG-261091dbd0a18781657e6b85,2026-09-27T00:46:32.380118-07:00,NCAA_Football,NCAA_Football,PL-217325,SUG-261091dbd0a18781657e6b85,1,WIN,,,ESPN_PUBLIC:401860891:FINAL_SCORE_ML
SETTLE-SUG-267cf43d1e8574559a2b38fa,2026-09-27T00:46:32.380118-07:00,NCAA_Football,NCAA_Football,PL-218297,SUG-267cf43d1e8574559a2b38fa,1,WIN,,,ESPN_PUBLIC:401866429:FINAL_SCORE_ML
SETTLE-SUG-268ec515214049013014c645,2026-09-27T00:46:32.380118-07:00,MLB,MLB,PL-232571,SUG-268ec515214049013014c645,1,WIN,,,ESPN_PUBLIC:401817096:FINAL_SCORE_ML
SETTLE-SUG-27978a365bc721de72f86053,2026-09-27T00:46:32.380118-07:00,NHL,NHL,2026010060,SUG-27978a365bc721de72f86053,1,WIN,,,ESPN_PUBLIC:401878104:FINAL_SCORE_ML
SETTLE-SUG-287841e437fcd04e54c376a8,2026-09-27T00:46:32.380118-07:00,NCAA_Football,NCAA_Football,PL-217196,SUG-287841e437fcd04e54c376a8,3,WIN,,,ESPN_PUBLIC:401858470:BOX_SCORE
SETTLE-SUG-28fe89e67c63df696c9d34cf,2026-09-27T00:46:32.380118-07:00,NCAA_Football,NCAA_Football,PL-217196,SUG-28fe89e67c63df696c9d34cf,2,LOSS,,,ESPN_PUBLIC:401858470:BOX_SCORE
SETTLE-SUG-298650115534fc9d3a84a313,2026-09-27T00:46:32.380118-07:00,MLB,MLB,KXMLBRBI-26SEP261915TBPHI,SUG-298650115534fc9d3a84a313,1,WIN,,,ESPN_PUBLIC:401817093:FINAL_SCORE_ML
SETTLE-SUG-2a324561be89a903989740e3,2026-09-27T00:46:32.380118-07:00,NCAA_Football,NCAA_Football,PL-217196,SUG-2a324561be89a903989740e3,41,LOSS,,,ESPN_PUBLIC:401858470:BOX_SCORE
SETTLE-SUG-2a340a74c261a2c94e6f93f4,2026-09-27T00:46:32.380118-07:00,NCAA_Football,NCAA_Football,PAPI-8d9b9a968af64b83,SUG-2a340a74c261a2c94e6f93f4,1,WIN,,,ESPN_PUBLIC:401858470:BOX_SCORE
SETTLE-SUG-2a3ae8b9f3d6975b721ee547,2026-09-27T00:46:32.380118-07:00,NCAA_Football,NCAA_Football,PL-219195,SUG-2a3ae8b9f3d6975b721ee547,1,WIN,,,ESPN_PUBLIC:401862780:FINAL_SCORE_ML
SETTLE-SUG-2a87dd8e00a1beaa65ee6e87,2026-09-27T00:46:32.380118-07:00,NHL,NHL,2026010060,SUG-2a87dd8e00a1beaa65ee6e87,1,WIN,,,ESPN_PUBLIC:401878104:FINAL_SCORE_ML
SETTLE-SUG-2bd9063452a2af2edf171a15,2026-09-27T00:46:32.380118-07:00,NHL,NHL,PL-184844,SUG-2bd9063452a2af2edf171a15,0,LOSS,,,ESPN_PUBLIC:401879453:FINAL_SCORE_ML
SETTLE-SUG-2ca3dd0c479807c19e5cf7aa,2026-09-27T00:46:32.380118-07:00,MLB,MLB,PL-232571,SUG-2ca3dd0c479807c19e5cf7aa,1,WIN,,,ESPN_PUBLIC:401817096:FINAL_SCORE_ML
SETTLE-SUG-2d0bcffc58421bb5e3dd8047,2026-09-27T00:46:32.380118-07:00,NHL,NHL,PL-184843,SUG-2d0bcffc58421bb5e3dd8047,0,LOSS,,,ESPN_PUBLIC:401879453:FINAL_SCORE_ML
SETTLE-SUG-2d0d4464f71a6e90d980c55b,2026-09-27T00:46:32.380118-07:00,NCAA_Football,NCAA_Football,PAPI-d41ddd0b6949370d,SUG-2d0d4464f71a6e90d980c55b,57,WIN,,,ESPN_PUBLIC:401856804:BOX_SCORE
SETTLE-SUG-2e832ea2dd363f6bab040cc9,2026-09-27T00:46:32.380118-07:00,NHL,NHL,2026010061,SUG-2e832ea2dd363f6bab040cc9,0,LOSS,,,ESPN_PUBLIC:401879453:FINAL_SCORE_ML
SETTLE-SUG-2fc165469d23352f96ac040e,2026-09-27T00:46:32.380118-07:00,NCAA_Football,NCAA_Football,PAPI-db6cdc28cfc83bd0,SUG-2fc165469d23352f96ac040e,76,WIN,,,ESPN_PUBLIC:401856703:BOX_SCORE
SETTLE-SUG-2fcf6149337c812983c35c76,2026-09-27T00:46:32.380118-07:00,NHL,NHL,PL-184842,SUG-2fcf6149337c812983c35c76,1,WIN,,,ESPN_PUBLIC:401879647:FINAL_SCORE_ML
SETTLE-SUG-30330fb9e1cfaca5f54ca74b,2026-09-27T00:46:32.380118-07:00,NCAA_Football,NCAA_Football,PL-217921,SUG-30330fb9e1cfaca5f54ca74b,57,WIN,,,ESPN_PUBLIC:401856804:BOX_SCORE
SETTLE-SUG-303f148426694a418400adc9,2026-09-27T00:46:32.380118-07:00,NHL,NHL,2026010058,SUG-303f148426694a418400adc9,1,WIN,,,ESPN_PUBLIC:401886261:FINAL_SCORE_ML
SETTLE-SUG-304ecdc6f357d0c40713dbd1,2026-09-27T00:46:32.380118-07:00,NCAA_Football,NCAA_Football,PAPI-13f3cb56689e81c7,SUG-304ecdc6f357d0c40713dbd1,92,WIN,,,ESPN_PUBLIC:401864509:BOX_SCORE
SETTLE-SUG-30659502116ce2a8fd0d237b,2026-09-27T00:46:32.380118-07:00,NHL,NHL,2026010058,SUG-30659502116ce2a8fd0d237b,1,WIN,,,ESPN_PUBLIC:401886261:FINAL_SCORE_ML
SETTLE-SUG-3077ab9cdb9a06e3a8c2afcc,2026-09-27T00:46:32.380118-07:00,NCAA_Football,NCAA_Football,PAPI-db6cdc28cfc83bd0,SUG-3077ab9cdb9a06e3a8c2afcc,60,LOSS,,,ESPN_PUBLIC:401856703:BOX_SCORE
SETTLE-SUG-30c71b4e3cb503c7b02d80e7,2026-09-27T00:46:32.380118-07:00,NCAA_Football,NCAA_Football,PAPI-917daaf69473cbd5,SUG-30c71b4e3cb503c7b02d80e7,26,LOSS,,,ESPN_PUBLIC:401864572:BOX_SCORE
SETTLE-SUG-3100b38be79a91c25c98f015,2026-09-27T00:46:32.380118-07:00,NHL,NHL,2026010060,SUG-3100b38be79a91c25c98f015,1,WIN,,,ESPN_PUBLIC:401878104:FINAL_SCORE_ML
SETTLE-SUG-3191672bde1f9d461f01dee2,2026-09-27T00:46:32.380118-07:00,NCAA_Football,NCAA_Football,PL-217386,SUG-3191672bde1f9d461f01dee2,0,LOSS,,,ESPN_PUBLIC:401860892:FINAL_SCORE_ML
SETTLE-SUG-333eb80f19612e41eaef5d83,2026-09-27T00:46:32.380118-07:00,NCAA_Football,NCAA_Football,PL-217994,SUG-333eb80f19612e41eaef5d83,1,WIN,,,ESPN_PUBLIC:401871048:FINAL_SCORE_ML
SETTLE-SUG-3360f49e665d8a164b5eb703,2026-09-27T00:46:32.380118-07:00,MLB,MLB,PL-232576,SUG-3360f49e665d8a164b5eb703,1,WIN,,,ESPN_PUBLIC:401817100:FINAL_SCORE_ML
SETTLE-SUG-340e3de30a44eee2efacd476,2026-09-27T00:46:32.380118-07:00,NCAA_Football,NCAA_Football,PAPI-634cd0f89c6c789c,SUG-340e3de30a44eee2efacd476,292,LOSS,,,ESPN_PUBLIC:401856814:BOX_SCORE
SETTLE-SUG-344e1f4a552fec2ef6aeb4c3,2026-09-27T00:46:32.380118-07:00,NCAA_Football,NCAA_Football,PAPI-db6cdc28cfc83bd0,SUG-344e1f4a552fec2ef6aeb4c3,3,LOSS,,,ESPN_PUBLIC:401856703:BOX_SCORE
SETTLE-SUG-34bc4834d8da3ef18d723300,2026-09-27T00:46:32.380118-07:00,NCAA_Football,NCAA_Football,PL-217921,SUG-34bc4834d8da3ef18d723300,1,WIN,,,ESPN_PUBLIC:401856804:FINAL_SCORE_ML
SETTLE-SUG-35732aad293b681fa8c6f4d0,2026-09-27T00:46:32.380118-07:00,NHL,NHL,2026010061,SUG-35732aad293b681fa8c6f4d0,0,LOSS,,,ESPN_PUBLIC:401879453:FINAL_SCORE_ML
SETTLE-SUG-36175de4e386ede5319d6c26,2026-09-27T00:46:32.380118-07:00,NCAA_Football,NCAA_Football,PAPI-634cd0f89c6c789c,SUG-36175de4e386ede5319d6c26,80,WIN,,,ESPN_PUBLIC:401856814:BOX_SCORE
SETTLE-SUG-3696f920630345311c1bf02f,2026-09-27T00:46:32.380118-07:00,MLB,MLB,PAPI-bb0f8dacaf9de0fc,SUG-3696f920630345311c1bf02f,1,WIN,,,ESPN_PUBLIC:401817094:FINAL_SCORE_ML
SETTLE-SUG-36caf286a76da320c3e142a0,2026-09-27T00:46:32.380118-07:00,NHL,NHL,2026010061,SUG-36caf286a76da320c3e142a0,0,LOSS,,,ESPN_PUBLIC:401879453:FINAL_SCORE_ML
SETTLE-SUG-3827c7cfacb78b7937511428,2026-09-27T00:46:32.380118-07:00,NCAA_Football,NCAA_Football,PAPI-db6cdc28cfc83bd0,SUG-3827c7cfacb78b7937511428,76,WIN,,,ESPN_PUBLIC:401856703:BOX_SCORE
SETTLE-SUG-3828b7439b4be5fc468e0a70,2026-09-27T00:46:32.380118-07:00,MLB,MLB,PL-232570,SUG-3828b7439b4be5fc468e0a70,1,WIN,,,ESPN_PUBLIC:401817094:FINAL_SCORE_ML
SETTLE-SUG-394632bf86f16a1eefa2e091,2026-09-27T00:46:32.380118-07:00,NCAA_Football,NCAA_Football,PL-219195,SUG-394632bf86f16a1eefa2e091,1,WIN,,,ESPN_PUBLIC:401862780:FINAL_SCORE_ML
SETTLE-SUG-39ac5f75223f0f575df7a5a2,2026-09-27T00:46:32.380118-07:00,MLB,MLB,PAPI-d15cabed4aea6166,SUG-39ac5f75223f0f575df7a5a2,1,WIN,,,ESPN_PUBLIC:401817093:FINAL_SCORE_ML
SETTLE-SUG-39b051b9c8bae0deb61f0a35,2026-09-27T00:46:32.380118-07:00,MLB,MLB,PL-232576,SUG-39b051b9c8bae0deb61f0a35,1,WIN,,,ESPN_PUBLIC:401817100:FINAL_SCORE_ML
SETTLE-SUG-39d4452b76b6d9fe944d717a,2026-09-27T00:46:32.380118-07:00,NCAA_Football,NCAA_Football,PAPI-917daaf69473cbd5,SUG-39d4452b76b6d9fe944d717a,2,LOSS,,,ESPN_PUBLIC:401864572:BOX_SCORE
SETTLE-SUG-3b03020bdbd56be5bbdf4104,2026-09-27T00:46:32.380118-07:00,NCAA_Football,NCAA_Football,PL-217520,SUG-3b03020bdbd56be5bbdf4104,5,LOSS,,,ESPN_PUBLIC:401856697:BOX_SCORE
SETTLE-SUG-3b30148d2fe1a45633613b31,2026-09-27T00:46:32.380118-07:00,NCAA_Football,NCAA_Football,PL-217325,SUG-3b30148d2fe1a45633613b31,1,WIN,,,ESPN_PUBLIC:401860891:FINAL_SCORE_ML
SETTLE-SUG-3b4db12a32c356149987dd54,2026-09-27T00:46:32.380118-07:00,NCAA_Football,NCAA_Football,PAPI-db6cdc28cfc83bd0,SUG-3b4db12a32c356149987dd54,156,WIN,,,ESPN_PUBLIC:401856703:BOX_SCORE
SETTLE-SUG-3bd04d9ac43e82f817948937,2026-09-27T00:46:32.380118-07:00,NHL,NHL,2026010061,SUG-3bd04d9ac43e82f817948937,0,LOSS,,,ESPN_PUBLIC:401879453:FINAL_SCORE_ML
SETTLE-SUG-3be9121e1e4f113799d5fec4,2026-09-27T00:46:32.380118-07:00,NCAA_Football,NCAA_Football,PAPI-db6cdc28cfc83bd0,SUG-3be9121e1e4f113799d5fec4,26,WIN,,,ESPN_PUBLIC:401856703:BOX_SCORE
SETTLE-SUG-3c0ac426fbca99b9b91b27c2,2026-09-27T00:46:32.380118-07:00,MLB,MLB,PL-232570,SUG-3c0ac426fbca99b9b91b27c2,1,WIN,,,ESPN_PUBLIC:401817094:FINAL_SCORE_ML
SETTLE-SUG-3c94b5cbe7796b554b488067,2026-09-27T00:46:32.380118-07:00,NCAA_Football,NCAA_Football,PL-217921,SUG-3c94b5cbe7796b554b488067,241,LOSS,,,ESPN_PUBLIC:401856804:BOX_SCORE
SETTLE-SUG-3ce7618160fef09fc3b6548c,2026-09-27T00:46:32.380118-07:00,NCAA_Football,NCAA_Football,PL-217486,SUG-3ce7618160fef09fc3b6548c,0,LOSS,,,ESPN_PUBLIC:401858240:FINAL_SCORE_ML
SETTLE-SUG-3d1afeca3cc954ffd195ff5a,2026-09-27T00:46:32.380118-07:00,NCAA_Football,NCAA_Football,PL-217196,SUG-3d1afeca3cc954ffd195ff5a,4,WIN,,,ESPN_PUBLIC:401858470:BOX_SCORE
SETTLE-SUG-3d20aea283b4d7cf47ebdd47,2026-09-27T00:46:32.380118-07:00,NCAA_Football,NCAA_Football,PL-217325,SUG-3d20aea283b4d7cf47ebdd47,1,WIN,,,ESPN_PUBLIC:401860891:FINAL_SCORE_ML
SETTLE-SUG-3d35180bf2c8df35983ac920,2026-09-27T00:46:32.380118-07:00,NCAA_Football,NCAA_Football,PAPI-db6cdc28cfc83bd0,SUG-3d35180bf2c8df35983ac920,3,WIN,,,ESPN_PUBLIC:401856703:BOX_SCORE
SETTLE-SUG-3d47741a14f92188a1fa8e3b,2026-09-27T00:46:32.380118-07:00,MLB,MLB,PL-232569,SUG-3d47741a14f92188a1fa8e3b,0,LOSS,,,ESPN_PUBLIC:401817095:FINAL_SCORE_ML
SETTLE-SUG-3d96dce6e3891ed1291ba390,2026-09-27T00:46:32.380118-07:00,NCAA_Football,NCAA_Football,PL-217325,SUG-3d96dce6e3891ed1291ba390,1,WIN,,,ESPN_PUBLIC:401860891:FINAL_SCORE_ML
SETTLE-SUG-3dd7e7ce1e1c083066e07ad4,2026-09-27T00:46:32.380118-07:00,NCAA_Football,NCAA_Football,PAPI-8d9b9a968af64b83,SUG-3dd7e7ce1e1c083066e07ad4,36,WIN,,,ESPN_PUBLIC:401858470:BOX_SCORE
SETTLE-SUG-3e751b7ec9640a6af1163b05,2026-09-27T00:46:32.380118-07:00,NHL,NHL,2026010058,SUG-3e751b7ec9640a6af1163b05,1,WIN,,,ESPN_PUBLIC:401886261:FINAL_SCORE_ML
SETTLE-SUG-3ee804c2013fc38b591b029d,2026-09-27T00:46:32.380118-07:00,NCAA_Football,NCAA_Football,PL-217196,SUG-3ee804c2013fc38b591b029d,4,LOSS,,,ESPN_PUBLIC:401858470:BOX_SCORE
SETTLE-SUG-3f31adc0a9edff7fabb41d39,2026-09-27T00:46:32.380118-07:00,NCAA_Football,NCAA_Football,PL-219195,SUG-3f31adc0a9edff7fabb41d39,1,WIN,,,ESPN_PUBLIC:401862780:FINAL_SCORE_ML
SETTLE-SUG-3f9e8fdf9c8b81f9d579a357,2026-09-27T00:46:32.380118-07:00,NCAA_Football,NCAA_Football,PL-219195,SUG-3f9e8fdf9c8b81f9d579a357,1,WIN,,,ESPN_PUBLIC:401862780:FINAL_SCORE_ML
SETTLE-SUG-3fc3ce50b3293c11da465360,2026-09-27T00:46:32.380118-07:00,NCAA_Football,NCAA_Football,PL-218297,SUG-3fc3ce50b3293c11da465360,1,WIN,,,ESPN_PUBLIC:401866429:FINAL_SCORE_ML
SETTLE-SUG-400c75ed3ba45e716b6e9877,2026-09-27T00:46:32.380118-07:00,MLB,MLB,PAPI-ca93ae0b2342e95e,SUG-400c75ed3ba45e716b6e9877,1,WIN,,,ESPN_PUBLIC:401817096:FINAL_SCORE_ML
SETTLE-SUG-405bb9fc800928c1b03bd06e,2026-09-27T00:46:32.380118-07:00,NCAA_Football,NCAA_Football,PL-219276,SUG-405bb9fc800928c1b03bd06e,1,WIN,,,ESPN_PUBLIC:401869961:FINAL_SCORE_ML
SETTLE-SUG-4066971d26994f0eaf120009,2026-09-27T00:46:32.380118-07:00,NHL,NHL,2026010056,SUG-4066971d26994f0eaf120009,0,LOSS,,,ESPN_PUBLIC:401879653:FINAL_SCORE_ML
SETTLE-SUG-412efadf4494e8480944310f,2026-09-27T00:46:32.380118-07:00,NHL,NHL,PL-184842,SUG-412efadf4494e8480944310f,1,WIN,,,ESPN_PUBLIC:401879647:FINAL_SCORE_ML
SETTLE-SUG-414c0132ba6d7e8de87958ca,2026-09-27T00:46:32.380118-07:00,MLB,MLB,PL-232577,SUG-414c0132ba6d7e8de87958ca,1,WIN,,,ESPN_PUBLIC:401817098:FINAL_SCORE_ML
SETTLE-SUG-4163ae4a073eedd12722e0ab,2026-09-27T00:46:32.380118-07:00,NCAA_Football,NCAA_Football,PAPI-917daaf69473cbd5,SUG-4163ae4a073eedd12722e0ab,26,LOSS,,,ESPN_PUBLIC:401864572:BOX_SCORE
SETTLE-SUG-41c24c0db6ed9c6d0b24d091,2026-09-27T00:46:32.380118-07:00,NCAA_Football,NCAA_Football,PAPI-db6cdc28cfc83bd0,SUG-41c24c0db6ed9c6d0b24d091,54,LOSS,,,ESPN_PUBLIC:401856703:BOX_SCORE
SETTLE-SUG-41ec2f2b549c1c34ae8edf8a,2026-09-27T00:46:32.380118-07:00,NHL,NHL,2026010061,SUG-41ec2f2b549c1c34ae8edf8a,0,LOSS,,,ESPN_PUBLIC:401879453:FINAL_SCORE_ML
SETTLE-SUG-4300e715c2e30111cd85046b,2026-09-27T00:46:32.380118-07:00,NHL,NHL,PL-184843,SUG-4300e715c2e30111cd85046b,0,LOSS,,,ESPN_PUBLIC:401879453:FINAL_SCORE_ML
SETTLE-SUG-432f409dc45af44c0857c549,2026-09-27T00:46:32.380118-07:00,NCAA_Football,NCAA_Football,PL-217520,SUG-432f409dc45af44c0857c549,0,LOSS,,,ESPN_PUBLIC:401856697:FINAL_SCORE_ML
SETTLE-SUG-43fc320ed94ed6e49f43cb03,2026-09-27T00:46:32.380118-07:00,MLB,MLB,PL-232569,SUG-43fc320ed94ed6e49f43cb03,0,LOSS,,,ESPN_PUBLIC:401817095:FINAL_SCORE_ML
SETTLE-SUG-44511003d2d4065d922855e7,2026-09-27T00:46:32.380118-07:00,NCAA_Football,NCAA_Football,PL-217486,SUG-44511003d2d4065d922855e7,0,LOSS,,,ESPN_PUBLIC:401858240:FINAL_SCORE_ML
SETTLE-SUG-44951afb66af1e9f9c9fc6f4,2026-09-27T00:46:32.380118-07:00,NCAA_Football,NCAA_Football,PL-217196,SUG-44951afb66af1e9f9c9fc6f4,2,LOSS,,,ESPN_PUBLIC:401858470:BOX_SCORE
SETTLE-SUG-44a5650afcc75e59dda35375,2026-09-27T00:46:32.380118-07:00,NCAA_Football,NCAA_Football,PL-217005,SUG-44a5650afcc75e59dda35375,0,LOSS,,,ESPN_PUBLIC:401856881:FINAL_SCORE_ML
SETTLE-SUG-44ca741d4e2bca0b24c46e31,2026-09-27T00:46:32.380118-07:00,NCAA_Football,NCAA_Football,PL-217520,SUG-44ca741d4e2bca0b24c46e31,195,LOSS,,,ESPN_PUBLIC:401856697:BOX_SCORE
SETTLE-SUG-44d12e455cda9c6791c63f62,2026-09-27T00:46:32.380118-07:00,NCAA_Football,NCAA_Football,PAPI-db6cdc28cfc83bd0,SUG-44d12e455cda9c6791c63f62,295,WIN,,,ESPN_PUBLIC:401856703:BOX_SCORE
SETTLE-SUG-44d17b0b8c1f9ce6b2604d91,2026-09-27T00:46:32.380118-07:00,NCAA_Football,NCAA_Football,PAPI-634cd0f89c6c789c,SUG-44d17b0b8c1f9ce6b2604d91,25,LOSS,,,ESPN_PUBLIC:401856814:BOX_SCORE
SETTLE-SUG-44f358bad1e16720ead6eb8a,2026-09-27T00:46:32.380118-07:00,NCAA_Football,NCAA_Football,PL-217741,SUG-44f358bad1e16720ead6eb8a,1,WIN,,,ESPN_PUBLIC:401856703:FINAL_SCORE_ML
SETTLE-SUG-45171bd51910955ec55010f6,2026-09-27T00:46:32.380118-07:00,NCAA_Football,NCAA_Football,PL-217520,SUG-45171bd51910955ec55010f6,0,LOSS,,,ESPN_PUBLIC:401856697:FINAL_SCORE_ML
SETTLE-SUG-4664abf54d69cd73203537e9,2026-09-27T00:46:32.380118-07:00,NCAA_Football,NCAA_Football,PAPI-917daaf69473cbd5,SUG-4664abf54d69cd73203537e9,64,WIN,,,ESPN_PUBLIC:401864572:BOX_SCORE
SETTLE-SUG-475669dc1031116fc1936e25,2026-09-27T00:46:32.380118-07:00,NCAA_Football,NCAA_Football,PL-217196,SUG-475669dc1031116fc1936e25,7,WIN,,,ESPN_PUBLIC:401858470:BOX_SCORE
SETTLE-SUG-47710455aeab302635ae9570,2026-09-27T00:46:32.380118-07:00,NCAA_Football,NCAA_Football,PL-217741,SUG-47710455aeab302635ae9570,1,WIN,,,ESPN_PUBLIC:401856703:FINAL_SCORE_ML
SETTLE-SUG-47a63651d28a7cd15062beda,2026-09-27T00:46:32.380118-07:00,MLB,MLB,PAPI-0b4b59491570f4b3,SUG-47a63651d28a7cd15062beda,1,WIN,,,ESPN_PUBLIC:401817100:FINAL_SCORE_ML
SETTLE-SUG-489bd7ffe6e45b5d9c0c4a33,2026-09-27T00:46:32.380118-07:00,NCAA_Football,NCAA_Football,PL-217196,SUG-489bd7ffe6e45b5d9c0c4a33,58,WIN,,,ESPN_PUBLIC:401858470:BOX_SCORE
SETTLE-SUG-48c67a6fa47a29158f41c5bd,2026-09-27T00:46:32.380118-07:00,NCAA_Football,NCAA_Football,PAPI-917daaf69473cbd5,SUG-48c67a6fa47a29158f41c5bd,5,WIN,,,ESPN_PUBLIC:401864572:BOX_SCORE
SETTLE-SUG-48dc78f648e06e4f600164d9,2026-09-27T00:46:32.380118-07:00,NCAA_Football,NCAA_Football,PAPI-634cd0f89c6c789c,SUG-48dc78f648e06e4f600164d9,10,LOSS,,,ESPN_PUBLIC:401856814:BOX_SCORE
SETTLE-SUG-492855e9488b3928d8a7f8e6,2026-09-27T00:46:32.380118-07:00,NCAA_Football,NCAA_Football,PL-217741,SUG-492855e9488b3928d8a7f8e6,1,WIN,,,ESPN_PUBLIC:401856703:FINAL_SCORE_ML
SETTLE-SUG-496dabb92a7a5b9deb0338a2,2026-09-27T00:46:32.380118-07:00,NCAA_Football,NCAA_Football,PAPI-8d9b9a968af64b83,SUG-496dabb92a7a5b9deb0338a2,36,WIN,,,ESPN_PUBLIC:401858470:BOX_SCORE
SETTLE-SUG-4a2780266ad7e250f367dd02,2026-09-27T00:46:32.380118-07:00,NCAA_Football,NCAA_Football,PL-216889,SUG-4a2780266ad7e250f367dd02,1,WIN,,,ESPN_PUBLIC:401864509:FINAL_SCORE_ML
SETTLE-SUG-4ae185895037416f800d2635,2026-09-27T00:46:32.380118-07:00,MLB,MLB,PL-232574,SUG-4ae185895037416f800d2635,1,WIN,,,ESPN_PUBLIC:401817093:FINAL_SCORE_ML
SETTLE-SUG-4b3c0af10c2c69e3914c605e,2026-09-27T00:46:32.380118-07:00,NCAA_Football,NCAA_Football,PAPI-4370298155b50de8,SUG-4b3c0af10c2c69e3914c605e,30,LOSS,,,ESPN_PUBLIC:401856881:BOX_SCORE
SETTLE-SUG-4b3e59d4c69a0c42e0523a3d,2026-09-27T00:46:32.380118-07:00,NCAA_Football,NCAA_Football,PL-216889,SUG-4b3e59d4c69a0c42e0523a3d,1,WIN,,,ESPN_PUBLIC:401864509:FINAL_SCORE_ML
SETTLE-SUG-4beacf6b6e7ff5993c5127ec,2026-09-27T00:46:32.380118-07:00,NCAA_Football,NCAA_Football,PAPI-917daaf69473cbd5,SUG-4beacf6b6e7ff5993c5127ec,317,WIN,,,ESPN_PUBLIC:401864572:BOX_SCORE
SETTLE-SUG-4bee4c18ae6ab9abb46a72f6,2026-09-27T00:46:32.380118-07:00,NCAA_Football,NCAA_Football,PL-217386,SUG-4bee4c18ae6ab9abb46a72f6,0,LOSS,,,ESPN_PUBLIC:401860892:FINAL_SCORE_ML
SETTLE-SUG-4c3f5910b49cc1c4d2593d2e,2026-09-27T00:46:32.380118-07:00,NCAA_Football,NCAA_Football,PAPI-8d9b9a968af64b83,SUG-4c3f5910b49cc1c4d2593d2e,204,LOSS,,,ESPN_PUBLIC:401858470:BOX_SCORE
SETTLE-SUG-4c4578fd490f907dfbf60040,2026-09-27T00:46:32.380118-07:00,NHL,NHL,2026010058,SUG-4c4578fd490f907dfbf60040,1,WIN,,,ESPN_PUBLIC:401886261:FINAL_SCORE_ML
SETTLE-SUG-4c7e7d08c27000664f22e89b,2026-09-27T00:46:32.380118-07:00,MLB,MLB,PL-232575,SUG-4c7e7d08c27000664f22e89b,1,WIN,,,ESPN_PUBLIC:401817099:FINAL_SCORE_ML
SETTLE-SUG-4ccaf0462b61d011465367a8,2026-09-27T00:46:32.380118-07:00,NCAA_Football,NCAA_Football,PL-217196,SUG-4ccaf0462b61d011465367a8,0,LOSS,,,ESPN_PUBLIC:401858470:FINAL_SCORE_ML
SETTLE-SUG-4cfa817ebfb74ba06dbfda17,2026-09-27T00:46:32.380118-07:00,NCAA_Football,NCAA_Football,PL-217520,SUG-4cfa817ebfb74ba06dbfda17,0,LOSS,,,ESPN_PUBLIC:401856697:FINAL_SCORE_ML
SETTLE-SUG-4d25c78a0052b723bf1fd197,2026-09-27T00:46:32.380118-07:00,NCAA_Football,NCAA_Football,PL-218061,SUG-4d25c78a0052b723bf1fd197,0,LOSS,,,ESPN_PUBLIC:401860894:FINAL_SCORE_ML
SETTLE-SUG-4da36b52620c74333cff9be3,2026-09-27T00:46:32.380118-07:00,NCAA_Football,NCAA_Football,PAPI-917daaf69473cbd5,SUG-4da36b52620c74333cff9be3,87,WIN,,,ESPN_PUBLIC:401864572:BOX_SCORE
SETTLE-SUG-4de87ccc380afed17eef7274,2026-09-27T00:46:32.380118-07:00,NHL,NHL,PL-184842,SUG-4de87ccc380afed17eef7274,1,WIN,,,ESPN_PUBLIC:401879647:FINAL_SCORE_ML
SETTLE-SUG-4e779f41f6e188dc0cd2ada2,2026-09-27T00:46:32.380118-07:00,MLB,MLB,PL-232574,SUG-4e779f41f6e188dc0cd2ada2,1,WIN,,,ESPN_PUBLIC:401817093:FINAL_SCORE_ML
SETTLE-SUG-4ed4b8ddea74632d5d6851c7,2026-09-27T00:46:32.380118-07:00,NCAA_Football,NCAA_Football,PAPI-db6cdc28cfc83bd0,SUG-4ed4b8ddea74632d5d6851c7,54,LOSS,,,ESPN_PUBLIC:401856703:BOX_SCORE
SETTLE-SUG-4ee48bf755ed85de70929cae,2026-09-27T00:46:32.380118-07:00,NCAA_Football,NCAA_Football,PL-217386,SUG-4ee48bf755ed85de70929cae,0,LOSS,,,ESPN_PUBLIC:401860892:FINAL_SCORE_ML
SETTLE-SUG-4ee924603ce471a1ce139ed0,2026-09-27T00:46:32.380118-07:00,NCAA_Football,NCAA_Football,PL-217325,SUG-4ee924603ce471a1ce139ed0,1,WIN,,,ESPN_PUBLIC:401860891:FINAL_SCORE_ML
SETTLE-SUG-4fb6c31095001319b1a0a880,2026-09-27T00:46:32.380118-07:00,NHL,NHL,2026010060,SUG-4fb6c31095001319b1a0a880,1,WIN,,,ESPN_PUBLIC:401878104:FINAL_SCORE_ML
SETTLE-SUG-4fd185091263724406838654,2026-09-27T00:46:32.380118-07:00,NCAA_Football,NCAA_Football,PL-219195,SUG-4fd185091263724406838654,1,WIN,,,ESPN_PUBLIC:401862780:FINAL_SCORE_ML
SETTLE-SUG-5029f8085c153c08d451069a,2026-09-27T00:46:32.380118-07:00,NHL,NHL,2026010056,SUG-5029f8085c153c08d451069a,0,LOSS,,,ESPN_PUBLIC:401879653:FINAL_SCORE_ML
SETTLE-SUG-504d7dfff31096bac4c68f8e,2026-09-27T00:46:32.380118-07:00,NHL,NHL,PL-184843,SUG-504d7dfff31096bac4c68f8e,0,LOSS,,,ESPN_PUBLIC:401879453:FINAL_SCORE_ML
SETTLE-SUG-50e78a09e596c33347fa0628,2026-09-27T00:46:32.380118-07:00,NCAA_Football,NCAA_Football,PL-217520,SUG-50e78a09e596c33347fa0628,0,LOSS,,,ESPN_PUBLIC:401856697:FINAL_SCORE_ML
SETTLE-SUG-515bdd42a3c2d1ad539b7ad8,2026-09-27T00:46:32.380118-07:00,NCAA_Football,NCAA_Football,PL-217994,SUG-515bdd42a3c2d1ad539b7ad8,1,WIN,,,ESPN_PUBLIC:401871048:FINAL_SCORE_ML
SETTLE-SUG-518434152f06c1557c7f654d,2026-09-27T00:46:32.380118-07:00,NCAA_Football,NCAA_Football,PL-217486,SUG-518434152f06c1557c7f654d,4,LOSS,,,ESPN_PUBLIC:401858240:BOX_SCORE
SETTLE-SUG-51876722d51f46f5566e2ae6,2026-09-27T00:46:32.380118-07:00,NCAA_Football,NCAA_Football,PL-217994,SUG-51876722d51f46f5566e2ae6,1,WIN,,,ESPN_PUBLIC:401871048:FINAL_SCORE_ML
SETTLE-SUG-51b837284670ee1a6e6c1a85,2026-09-27T00:46:32.380118-07:00,NCAA_Football,NCAA_Football,PL-37378,SUG-51b837284670ee1a6e6c1a85,77,LOSS,,,ESPN_PUBLIC:401858469:BOX_SCORE
SETTLE-SUG-5227c58455141287fc822201,2026-09-27T00:46:32.380118-07:00,NCAA_Football,NCAA_Football,PL-217921,SUG-5227c58455141287fc822201,1,WIN,,,ESPN_PUBLIC:401856804:FINAL_SCORE_ML
SETTLE-SUG-5265bf1f97f73c4284ce5ade,2026-09-27T00:46:32.380118-07:00,NCAA_Football,NCAA_Football,PL-217921,SUG-5265bf1f97f73c4284ce5ade,1,WIN,,,ESPN_PUBLIC:401856804:FINAL_SCORE_ML
SETTLE-SUG-526e69ef6b37d1f7c532444a,2026-09-27T00:46:32.380118-07:00,NCAA_Football,NCAA_Football,PL-216889,SUG-526e69ef6b37d1f7c532444a,1,WIN,,,ESPN_PUBLIC:401864509:FINAL_SCORE_ML
SETTLE-SUG-529077d718fcc9fecdbc23ac,2026-09-27T00:46:32.380118-07:00,NCAA_Football,NCAA_Football,PL-217196,SUG-529077d718fcc9fecdbc23ac,0,LOSS,,,ESPN_PUBLIC:401858470:FINAL_SCORE_ML
SETTLE-SUG-52a44275abe9aa8d8aa46a26,2026-09-27T00:46:32.380118-07:00,NCAA_Football,NCAA_Football,PL-217921,SUG-52a44275abe9aa8d8aa46a26,57,WIN,,,ESPN_PUBLIC:401856804:BOX_SCORE
SETTLE-SUG-52bbf92daad4f0bc27dd877c,2026-09-27T00:46:32.380118-07:00,NCAA_Football,NCAA_Football,PL-217196,SUG-52bbf92daad4f0bc27dd877c,30,LOSS,,,ESPN_PUBLIC:401858470:BOX_SCORE
SETTLE-SUG-5310178761d118fdaa24fed4,2026-09-27T00:46:32.380118-07:00,NCAA_Football,NCAA_Football,PL-216889,SUG-5310178761d118fdaa24fed4,1,WIN,,,ESPN_PUBLIC:401864509:FINAL_SCORE_ML
SETTLE-SUG-53e6887d72a665b9a0b49d3b,2026-09-27T00:46:32.380118-07:00,NCAA_Football,NCAA_Football,PL-219195,SUG-53e6887d72a665b9a0b49d3b,1,WIN,,,ESPN_PUBLIC:401862780:FINAL_SCORE_ML
SETTLE-SUG-541e797cfc7f24e886579c5a,2026-09-27T00:46:32.380118-07:00,NCAA_Football,NCAA_Football,PAPI-db6cdc28cfc83bd0,SUG-541e797cfc7f24e886579c5a,8,WIN,,,ESPN_PUBLIC:401856703:BOX_SCORE
SETTLE-SUG-543e884c0cafdeb87f9bc151,2026-09-27T00:46:32.380118-07:00,NHL,NHL,2026010058,SUG-543e884c0cafdeb87f9bc151,1,WIN,,,ESPN_PUBLIC:401886261:FINAL_SCORE_ML
SETTLE-SUG-54a5d60b427b8edefe998dfc,2026-09-27T00:46:32.380118-07:00,NCAA_Football,NCAA_Football,PL-217486,SUG-54a5d60b427b8edefe998dfc,2,LOSS,,,ESPN_PUBLIC:401858240:BOX_SCORE
SETTLE-SUG-54fb35aa3f4da96cfff56e0f,2026-09-27T00:46:32.380118-07:00,NCAA_Football,NCAA_Football,PL-219149,SUG-54fb35aa3f4da96cfff56e0f,1,WIN,,,ESPN_PUBLIC:401862784:FINAL_SCORE_ML
SETTLE-SUG-559ff7a8c179abdd4b1693f8,2026-09-27T00:46:32.380118-07:00,NCAA_Football,NCAA_Football,PAPI-db6cdc28cfc83bd0,SUG-559ff7a8c179abdd4b1693f8,4,LOSS,,,ESPN_PUBLIC:401856703:BOX_SCORE
SETTLE-SUG-561dd593247840055bda4a6b,2026-09-27T00:46:32.380118-07:00,NHL,NHL,PL-184819,SUG-561dd593247840055bda4a6b,0,LOSS,,,ESPN_PUBLIC:401879651:FINAL_SCORE_ML
SETTLE-SUG-563b936987cbb3983611cf6e,2026-09-27T00:46:32.380118-07:00,NCAA_Football,NCAA_Football,PL-217196,SUG-563b936987cbb3983611cf6e,0,LOSS,,,ESPN_PUBLIC:401858470:FINAL_SCORE_ML
SETTLE-SUG-564fd98ad73ca47f14d69d40,2026-09-27T00:46:32.380118-07:00,NHL,NHL,2026010061,SUG-564fd98ad73ca47f14d69d40,0,LOSS,,,ESPN_PUBLIC:401879453:FINAL_SCORE_ML
SETTLE-SUG-570a075ac20b0539e6811575,2026-09-27T00:46:32.380118-07:00,NCAA_Football,NCAA_Football,PL-217386,SUG-570a075ac20b0539e6811575,0,LOSS,,,ESPN_PUBLIC:401860892:FINAL_SCORE_ML
SETTLE-SUG-57e302137229f0848fbd7f85,2026-09-27T00:46:32.380118-07:00,NCAA_Football,NCAA_Football,PL-217921,SUG-57e302137229f0848fbd7f85,1,LOSS,,,ESPN_PUBLIC:401856804:BOX_SCORE
SETTLE-SUG-584f3cd4730f5e6455d5a882,2026-09-27T00:46:32.380118-07:00,NCAA_Football,NCAA_Football,PAPI-4370298155b50de8,SUG-584f3cd4730f5e6455d5a882,29,WIN,,,ESPN_PUBLIC:401856881:BOX_SCORE
SETTLE-SUG-5853f09f9bdf547c6024c882,2026-09-27T00:46:32.380118-07:00,NCAA_Football,NCAA_Football,PL-216889,SUG-5853f09f9bdf547c6024c882,1,WIN,,,ESPN_PUBLIC:401864509:FINAL_SCORE_ML
SETTLE-SUG-5889801d897e0a0f289d4853,2026-09-27T00:46:32.380118-07:00,NCAA_Football,NCAA_Football,PL-217520,SUG-5889801d897e0a0f289d4853,0,LOSS,,,ESPN_PUBLIC:401856697:FINAL_SCORE_ML
SETTLE-SUG-588c1204667cfbc5861cfd2e,2026-09-27T00:46:32.380118-07:00,NCAA_Football,NCAA_Football,PL-219149,SUG-588c1204667cfbc5861cfd2e,1,WIN,,,ESPN_PUBLIC:401862784:FINAL_SCORE_ML
SETTLE-SUG-5943615dccf827a4dd55a734,2026-09-27T00:46:32.380118-07:00,NCAA_Football,NCAA_Football,PL-217386,SUG-5943615dccf827a4dd55a734,0,LOSS,,,ESPN_PUBLIC:401860892:FINAL_SCORE_ML
SETTLE-SUG-59b37df89405106d13a411f8,2026-09-27T00:46:32.380118-07:00,NCAA_Football,NCAA_Football,PL-217196,SUG-59b37df89405106d13a411f8,0,LOSS,,,ESPN_PUBLIC:401858470:FINAL_SCORE_ML
SETTLE-SUG-59b78709f6dea24002b5146a,2026-09-27T00:46:32.380118-07:00,MLB,MLB,PL-232577,SUG-59b78709f6dea24002b5146a,1,WIN,,,ESPN_PUBLIC:401817098:FINAL_SCORE_ML
SETTLE-SUG-59fbd8c2dc5c8c2e6d4e5f40,2026-09-27T00:46:32.380118-07:00,NCAA_Football,NCAA_Football,PL-217196,SUG-59fbd8c2dc5c8c2e6d4e5f40,17,WIN,,,ESPN_PUBLIC:401858470:BOX_SCORE
SETTLE-SUG-5a5cbdd826778a9f13b034ec,2026-09-27T00:46:32.380118-07:00,NCAA_Football,NCAA_Football,PAPI-917daaf69473cbd5,SUG-5a5cbdd826778a9f13b034ec,2,LOSS,,,ESPN_PUBLIC:401864572:BOX_SCORE
SETTLE-SUG-5a6f72080a2e3505d1e2f89f,2026-09-27T00:46:32.380118-07:00,MLB,MLB,PAPI-6a552d490aca8a44,SUG-5a6f72080a2e3505d1e2f89f,0,LOSS,,,ESPN_PUBLIC:401817095:FINAL_SCORE_ML
SETTLE-SUG-5ae3668110c99ac76e7ea2bb,2026-09-27T00:46:32.380118-07:00,NCAA_Football,NCAA_Football,PAPI-917daaf69473cbd5,SUG-5ae3668110c99ac76e7ea2bb,317,WIN,,,ESPN_PUBLIC:401864572:BOX_SCORE
SETTLE-SUG-5ae9d6d657606a0f2220ee76,2026-09-27T00:46:32.380118-07:00,NCAA_Football,NCAA_Football,PL-217196,SUG-5ae9d6d657606a0f2220ee76,3,WIN,,,ESPN_PUBLIC:401858470:BOX_SCORE
SETTLE-SUG-5b89290073ef1467bc8b8529,2026-09-27T00:46:32.380118-07:00,NCAA_Football,NCAA_Football,PL-217741,SUG-5b89290073ef1467bc8b8529,1,WIN,,,ESPN_PUBLIC:401856703:FINAL_SCORE_ML
SETTLE-SUG-5b9375240023074b86cf4f6f,2026-09-27T00:46:32.380118-07:00,NCAA_Football,NCAA_Football,PAPI-db6cdc28cfc83bd0,SUG-5b9375240023074b86cf4f6f,3,WIN,,,ESPN_PUBLIC:401856703:BOX_SCORE
SETTLE-SUG-5bb811d789fdb1360bdba2cd,2026-09-27T00:46:32.380118-07:00,NHL,NHL,PL-184819,SUG-5bb811d789fdb1360bdba2cd,0,LOSS,,,ESPN_PUBLIC:401879651:FINAL_SCORE_ML
SETTLE-SUG-5cbf4150151ffb57daf1c39a,2026-09-27T00:46:32.380118-07:00,NCAA_Football,NCAA_Football,PAPI-8d9b9a968af64b83,SUG-5cbf4150151ffb57daf1c39a,58,WIN,,,ESPN_PUBLIC:401858470:BOX_SCORE
SETTLE-SUG-5d608e6f72a502ad329f94c5,2026-09-27T00:46:32.380118-07:00,NCAA_Football,NCAA_Football,PL-217196,SUG-5d608e6f72a502ad329f94c5,0,LOSS,,,ESPN_PUBLIC:401858470:FINAL_SCORE_ML
SETTLE-SUG-5d97cdd31bd83469c3195b39,2026-09-27T00:46:32.380118-07:00,NCAA_Football,NCAA_Football,PL-219276,SUG-5d97cdd31bd83469c3195b39,1,WIN,,,ESPN_PUBLIC:401869961:FINAL_SCORE_ML
SETTLE-SUG-5db0ec9f12920d4660df779c,2026-09-27T00:46:32.380118-07:00,NHL,NHL,PL-184842,SUG-5db0ec9f12920d4660df779c,1,WIN,,,ESPN_PUBLIC:401879647:FINAL_SCORE_ML
SETTLE-SUG-5e3b6d18535d9f91917eb8f4,2026-09-27T00:46:32.380118-07:00,NCAA_Football,NCAA_Football,PAPI-db6cdc28cfc83bd0,SUG-5e3b6d18535d9f91917eb8f4,3,LOSS,,,ESPN_PUBLIC:401856703:BOX_SCORE
SETTLE-SUG-5e7801136c5682cdbda2bf8d,2026-09-27T00:46:32.380118-07:00,NCAA_Football,NCAA_Football,PL-216889,SUG-5e7801136c5682cdbda2bf8d,1,WIN,,,ESPN_PUBLIC:401864509:FINAL_SCORE_ML
SETTLE-SUG-5e87247dcc80ce280a6dcaff,2026-09-27T00:46:32.380118-07:00,NCAA_Football,NCAA_Football,PL-219276,SUG-5e87247dcc80ce280a6dcaff,1,WIN,,,ESPN_PUBLIC:401869961:FINAL_SCORE_ML
SETTLE-SUG-5ed05317e1eed43758b0fb73,2026-09-27T00:46:32.380118-07:00,NHL,NHL,PL-184842,SUG-5ed05317e1eed43758b0fb73,1,WIN,,,ESPN_PUBLIC:401879647:FINAL_SCORE_ML
SETTLE-SUG-5f5d0fb4764f0b7d9dc22976,2026-09-27T00:46:32.380118-07:00,NCAA_Football,NCAA_Football,PL-217994,SUG-5f5d0fb4764f0b7d9dc22976,1,WIN,,,ESPN_PUBLIC:401871048:FINAL_SCORE_ML
SETTLE-SUG-5fd72d37260d13382ec48590,2026-09-27T00:46:32.380118-07:00,NCAA_Football,NCAA_Football,PL-217741,SUG-5fd72d37260d13382ec48590,1,WIN,,,ESPN_PUBLIC:401856703:FINAL_SCORE_ML
SETTLE-SUG-602c7511bab0412dd224cb78,2026-09-27T00:46:32.380118-07:00,NCAA_Football,NCAA_Football,PAPI-8d9b9a968af64b83,SUG-602c7511bab0412dd224cb78,41,LOSS,,,ESPN_PUBLIC:401858470:BOX_SCORE
SETTLE-SUG-60d3d1fa74168d5ace070419,2026-09-27T00:46:32.380118-07:00,NCAA_Football,NCAA_Football,PL-219276,SUG-60d3d1fa74168d5ace070419,1,WIN,,,ESPN_PUBLIC:401869961:FINAL_SCORE_ML
SETTLE-SUG-61527e9d5ef230da2fd75749,2026-09-27T00:46:32.380118-07:00,NCAA_Football,NCAA_Football,PAPI-db6cdc28cfc83bd0,SUG-61527e9d5ef230da2fd75749,156,WIN,,,ESPN_PUBLIC:401856703:BOX_SCORE
SETTLE-SUG-618bd92e77055f47e29d7297,2026-09-27T00:46:32.380118-07:00,NCAA_Football,NCAA_Football,PL-217196,SUG-618bd92e77055f47e29d7297,0,LOSS,,,ESPN_PUBLIC:401858470:FINAL_SCORE_ML
SETTLE-SUG-61c69c58059e6a8ad002f350,2026-09-27T00:46:32.380118-07:00,NCAA_Football,NCAA_Football,PL-217486,SUG-61c69c58059e6a8ad002f350,2,LOSS,,,ESPN_PUBLIC:401858240:BOX_SCORE
SETTLE-SUG-62c1c2731e852e4d6ae5e3f4,2026-09-27T00:46:32.380118-07:00,NCAA_Football,NCAA_Football,PAPI-634cd0f89c6c789c,SUG-62c1c2731e852e4d6ae5e3f4,16,WIN,,,ESPN_PUBLIC:401856814:BOX_SCORE
SETTLE-SUG-6358ba19f6f6b44a2b683d42,2026-09-27T00:46:32.380118-07:00,NCAA_Football,NCAA_Football,PAPI-db6cdc28cfc83bd0,SUG-6358ba19f6f6b44a2b683d42,4,WIN,,,ESPN_PUBLIC:401856703:BOX_SCORE
SETTLE-SUG-639e1554fd50d20922d9539c,2026-09-27T00:46:32.380118-07:00,NCAA_Football,NCAA_Football,PAPI-db6cdc28cfc83bd0,SUG-639e1554fd50d20922d9539c,14,LOSS,,,ESPN_PUBLIC:401856703:BOX_SCORE
SETTLE-SUG-63d339d45b002bc6b72f2d69,2026-09-27T00:46:32.380118-07:00,NCAA_Football,NCAA_Football,PAPI-917daaf69473cbd5,SUG-63d339d45b002bc6b72f2d69,87,WIN,,,ESPN_PUBLIC:401864572:BOX_SCORE
SETTLE-SUG-63dab1f1ef3de4e99dc5eb86,2026-09-27T00:46:32.380118-07:00,NCAA_Football,NCAA_Football,PAPI-db6cdc28cfc83bd0,SUG-63dab1f1ef3de4e99dc5eb86,4,WIN,,,ESPN_PUBLIC:401856703:BOX_SCORE
SETTLE-SUG-641912654cc83b97f6adc71e,2026-09-27T00:46:32.380118-07:00,NHL,NHL,PL-184842,SUG-641912654cc83b97f6adc71e,1,WIN,,,ESPN_PUBLIC:401879647:FINAL_SCORE_ML
SETTLE-SUG-64f388ed00a000eaa2099646,2026-09-27T00:46:32.380118-07:00,NHL,NHL,2026010061,SUG-64f388ed00a000eaa2099646,0,LOSS,,,ESPN_PUBLIC:401879453:FINAL_SCORE_ML
SETTLE-SUG-658b3a6d4cb01e2212ac1b8a,2026-09-27T00:46:32.380118-07:00,NCAA_Football,NCAA_Football,PL-217385,SUG-658b3a6d4cb01e2212ac1b8a,1,WIN,,,ESPN_PUBLIC:401869931:FINAL_SCORE_ML
SETTLE-SUG-664705b51ade11951afa14af,2026-09-27T00:46:32.380118-07:00,NCAA_Football,NCAA_Football,PAPI-634cd0f89c6c789c,SUG-664705b51ade11951afa14af,66,WIN,,,ESPN_PUBLIC:401856814:BOX_SCORE
SETTLE-SUG-6664eaf34a98cd8ee8688f91,2026-09-27T00:46:32.380118-07:00,NCAA_Football,NCAA_Football,PL-217486,SUG-6664eaf34a98cd8ee8688f91,0,LOSS,,,ESPN_PUBLIC:401858240:FINAL_SCORE_ML
SETTLE-SUG-669f87bf1728399e73be0117,2026-09-27T00:46:32.380118-07:00,NCAA_Football,NCAA_Football,PL-217741,SUG-669f87bf1728399e73be0117,1,WIN,,,ESPN_PUBLIC:401856703:FINAL_SCORE_ML
SETTLE-SUG-66c4d3eae107c460b55cbc61,2026-09-27T00:46:32.380118-07:00,NCAA_Football,NCAA_Football,PL-217741,SUG-66c4d3eae107c460b55cbc61,1,WIN,,,ESPN_PUBLIC:401856703:FINAL_SCORE_ML
SETTLE-SUG-66d4079d5877557870fe18ca,2026-09-27T00:46:32.380118-07:00,NCAA_Football,NCAA_Football,PL-217196,SUG-66d4079d5877557870fe18ca,204,LOSS,,,ESPN_PUBLIC:401858470:BOX_SCORE
SETTLE-SUG-670764d65af63a45404c5aff,2026-09-27T00:46:32.380118-07:00,NHL,NHL,PL-184842,SUG-670764d65af63a45404c5aff,1,WIN,,,ESPN_PUBLIC:401879647:FINAL_SCORE_ML
SETTLE-SUG-6737580f42ffdfbfc8e457a9,2026-09-27T00:46:32.380118-07:00,NHL,NHL,2026010063,SUG-6737580f42ffdfbfc8e457a9,0,LOSS,,,ESPN_PUBLIC:401879414:FINAL_SCORE_ML
SETTLE-SUG-67d79e6fa1b78a0e850aa012,2026-09-27T00:46:32.380118-07:00,NCAA_Football,NCAA_Football,PAPI-db6cdc28cfc83bd0,SUG-67d79e6fa1b78a0e850aa012,11,LOSS,,,ESPN_PUBLIC:401856703:BOX_SCORE
SETTLE-SUG-67f5fd3f8709e36a19de9bb5,2026-09-27T00:46:32.380118-07:00,NHL,NHL,PL-184841,SUG-67f5fd3f8709e36a19de9bb5,0,LOSS,,,ESPN_PUBLIC:401879653:FINAL_SCORE_ML
SETTLE-SUG-67fa5619fcab9d18246321be,2026-09-27T00:46:32.380118-07:00,NCAA_Football,NCAA_Football,PAPI-634cd0f89c6c789c,SUG-67fa5619fcab9d18246321be,2,LOSS,,,ESPN_PUBLIC:401856814:BOX_SCORE
SETTLE-SUG-68b2ddb5adff725a33be656f,2026-09-27T00:46:32.380118-07:00,NCAA_Football,NCAA_Football,PL-217196,SUG-68b2ddb5adff725a33be656f,87,LOSS,,,ESPN_PUBLIC:401858470:BOX_SCORE
SETTLE-SUG-6909fefd2dfa35ac98159ff6,2026-09-27T00:46:32.380118-07:00,NCAA_Football,NCAA_Football,PL-217486,SUG-6909fefd2dfa35ac98159ff6,0,LOSS,,,ESPN_PUBLIC:401858240:FINAL_SCORE_ML
SETTLE-SUG-69bbda8f59739db933d9bcd8,2026-09-27T00:46:32.380118-07:00,NCAA_Football,NCAA_Football,PL-217196,SUG-69bbda8f59739db933d9bcd8,4,LOSS,,,ESPN_PUBLIC:401858470:BOX_SCORE
SETTLE-SUG-6a51553029910cafdadcf8e7,2026-09-27T00:46:32.380118-07:00,NCAA_Football,NCAA_Football,PAPI-634cd0f89c6c789c,SUG-6a51553029910cafdadcf8e7,66,WIN,,,ESPN_PUBLIC:401856814:BOX_SCORE
SETTLE-SUG-6aab1e913dd93f77320e7bd6,2026-09-27T00:46:32.380118-07:00,NCAA_Football,NCAA_Football,PL-217921,SUG-6aab1e913dd93f77320e7bd6,13,WIN,,,ESPN_PUBLIC:401856804:BOX_SCORE
SETTLE-SUG-6ab4e884c11c75ecd17de13f,2026-09-27T00:46:32.380118-07:00,NCAA_Football,NCAA_Football,PL-217486,SUG-6ab4e884c11c75ecd17de13f,2,LOSS,,,ESPN_PUBLIC:401858240:BOX_SCORE
SETTLE-SUG-6b0cf8cc3da5bae3dcab22f8,2026-09-27T00:46:32.380118-07:00,NCAA_Football,NCAA_Football,PAPI-917daaf69473cbd5,SUG-6b0cf8cc3da5bae3dcab22f8,46,WIN,,,ESPN_PUBLIC:401864572:BOX_SCORE
SETTLE-SUG-6b61730b96ca4e9803cd8fe4,2026-09-27T00:46:32.380118-07:00,NHL,NHL,2026010062,SUG-6b61730b96ca4e9803cd8fe4,1,WIN,,,ESPN_PUBLIC:401879647:FINAL_SCORE_ML
SETTLE-SUG-6b7efdfcd21a3fd683661726,2026-09-27T00:46:32.380118-07:00,MLB,MLB,PAPI-6a552d490aca8a44,SUG-6b7efdfcd21a3fd683661726,0,LOSS,,,ESPN_PUBLIC:401817095:FINAL_SCORE_ML
SETTLE-SUG-6c195a01e78d734f3195050e,2026-09-27T00:46:32.380118-07:00,NHL,NHL,2026010061,SUG-6c195a01e78d734f3195050e,0,LOSS,,,ESPN_PUBLIC:401879453:FINAL_SCORE_ML
SETTLE-SUG-6c3e7faa2917b519cf2141f0,2026-09-27T00:46:32.380118-07:00,NHL,NHL,PL-184844,SUG-6c3e7faa2917b519cf2141f0,0,LOSS,,,ESPN_PUBLIC:401879453:FINAL_SCORE_ML
SETTLE-SUG-6c9dda9304dcf03b7868ed46,2026-09-27T00:46:32.380118-07:00,NCAA_Football,NCAA_Football,PL-219195,SUG-6c9dda9304dcf03b7868ed46,1,WIN,,,ESPN_PUBLIC:401862780:FINAL_SCORE_ML
SETTLE-SUG-6ca20a125b3e31bbdbedde50,2026-09-27T00:46:32.380118-07:00,NCAA_Football,NCAA_Football,PL-217520,SUG-6ca20a125b3e31bbdbedde50,0,LOSS,,,ESPN_PUBLIC:401856697:FINAL_SCORE_ML
SETTLE-SUG-6d1cb84ddbd1db1084dbef7a,2026-09-27T00:46:32.380118-07:00,NCAA_Football,NCAA_Football,PAPI-8d9b9a968af64b83,SUG-6d1cb84ddbd1db1084dbef7a,77,LOSS,,,ESPN_PUBLIC:401858470:BOX_SCORE
SETTLE-SUG-6d4dfb133527c08c82a3f9a5,2026-09-27T00:46:32.380118-07:00,MLB,MLB,PL-232574,SUG-6d4dfb133527c08c82a3f9a5,1,WIN,,,ESPN_PUBLIC:401817093:FINAL_SCORE_ML
SETTLE-SUG-6ea7db3edf22a16d188f186f,2026-09-27T00:46:32.380118-07:00,NHL,NHL,PL-184842,SUG-6ea7db3edf22a16d188f186f,1,WIN,,,ESPN_PUBLIC:401879647:FINAL_SCORE_ML
SETTLE-SUG-6f6fa385c198c1d5baaeaed0,2026-09-27T00:46:32.380118-07:00,NCAA_Football,NCAA_Football,PL-217196,SUG-6f6fa385c198c1d5baaeaed0,1,WIN,,,ESPN_PUBLIC:401858470:BOX_SCORE
SETTLE-SUG-6f99785005a0b33b8bfa312b,2026-09-27T00:46:32.380118-07:00,NHL,NHL,2026010056,SUG-6f99785005a0b33b8bfa312b,0,LOSS,,,ESPN_PUBLIC:401879653:FINAL_SCORE_ML
SETTLE-SUG-6f9f4a5080e461af680afd22,2026-09-27T00:46:32.380118-07:00,NCAA_Football,NCAA_Football,PL-218061,SUG-6f9f4a5080e461af680afd22,0,LOSS,,,ESPN_PUBLIC:401860894:FINAL_SCORE_ML
SETTLE-SUG-6fd40d099a8d3d421141c81b,2026-09-27T00:46:32.380118-07:00,NCAA_Football,NCAA_Football,PL-219276,SUG-6fd40d099a8d3d421141c81b,1,WIN,,,ESPN_PUBLIC:401869961:FINAL_SCORE_ML
SETTLE-SUG-6fed1e3264ccfd39acf80cc2,2026-09-27T00:46:32.380118-07:00,NCAA_Football,NCAA_Football,PAPI-8d9b9a968af64b83,SUG-6fed1e3264ccfd39acf80cc2,58,WIN,,,ESPN_PUBLIC:401858470:BOX_SCORE
SETTLE-SUG-7039ac35aed79ce8c742a29b,2026-09-27T00:46:32.380118-07:00,NCAA_Football,NCAA_Football,PL-219195,SUG-7039ac35aed79ce8c742a29b,1,WIN,,,ESPN_PUBLIC:401862780:FINAL_SCORE_ML
SETTLE-SUG-708e182a13fdbb1b47204d82,2026-09-27T00:46:32.380118-07:00,NCAA_Football,NCAA_Football,PL-217921,SUG-708e182a13fdbb1b47204d82,1,LOSS,,,ESPN_PUBLIC:401856804:BOX_SCORE
SETTLE-SUG-70b2f9877535c1c4e97c391b,2026-09-27T00:46:32.380118-07:00,NCAA_Football,NCAA_Football,PL-217196,SUG-70b2f9877535c1c4e97c391b,4,LOSS,,,ESPN_PUBLIC:401858470:BOX_SCORE
SETTLE-SUG-70b71e01ef894bbb92154ede,2026-09-27T00:46:32.380118-07:00,NCAA_Football,NCAA_Football,PL-217520,SUG-70b71e01ef894bbb92154ede,0,LOSS,,,ESPN_PUBLIC:401856697:FINAL_SCORE_ML
SETTLE-SUG-70d8c3a6f7f5af96a58902d7,2026-09-27T00:46:32.380118-07:00,NCAA_Football,NCAA_Football,PL-219276,SUG-70d8c3a6f7f5af96a58902d7,1,WIN,,,ESPN_PUBLIC:401869961:FINAL_SCORE_ML
SETTLE-SUG-70f4ee41f7ce03151355b99f,2026-09-27T00:46:32.380118-07:00,NCAA_Football,NCAA_Football,PL-216889,SUG-70f4ee41f7ce03151355b99f,1,WIN,,,ESPN_PUBLIC:401864509:FINAL_SCORE_ML
SETTLE-SUG-713080f01fa76a09974b7f26,2026-09-27T00:46:32.380118-07:00,MLB,MLB,PL-232574,SUG-713080f01fa76a09974b7f26,1,WIN,,,ESPN_PUBLIC:401817093:FINAL_SCORE_ML
SETTLE-SUG-718ce6c1acd6a35ecb1dc255,2026-09-27T00:46:32.380118-07:00,NCAA_Football,NCAA_Football,PL-217486,SUG-718ce6c1acd6a35ecb1dc255,91,LOSS,,,ESPN_PUBLIC:401858240:BOX_SCORE
SETTLE-SUG-71ec4d30d4db7e239db8fe8c,2026-09-27T00:46:32.380118-07:00,MLB,MLB,PL-232575,SUG-71ec4d30d4db7e239db8fe8c,1,WIN,,,ESPN_PUBLIC:401817099:FINAL_SCORE_ML
SETTLE-SUG-7268c56b410b801e5b622921,2026-09-27T00:46:32.380118-07:00,MLB,MLB,PL-232574,SUG-7268c56b410b801e5b622921,1,WIN,,,ESPN_PUBLIC:401817093:FINAL_SCORE_ML
SETTLE-SUG-72baec2ef8a1f7c58e0abc28,2026-09-27T00:46:32.380118-07:00,NCAA_Football,NCAA_Football,PL-217196,SUG-72baec2ef8a1f7c58e0abc28,2,WIN,,,ESPN_PUBLIC:401858470:BOX_SCORE
SETTLE-SUG-72ddafb2386210c7c75b9f47,2026-09-27T00:46:32.380118-07:00,NHL,NHL,2026010058,SUG-72ddafb2386210c7c75b9f47,1,WIN,,,ESPN_PUBLIC:401886261:FINAL_SCORE_ML
SETTLE-SUG-73710c72f990fb8d1baa8c6c,2026-09-27T00:46:32.380118-07:00,NHL,NHL,2026010056,SUG-73710c72f990fb8d1baa8c6c,0,LOSS,,,ESPN_PUBLIC:401879653:FINAL_SCORE_ML
SETTLE-SUG-73b562980ef259840e6644d5,2026-09-27T00:46:32.380118-07:00,NCAA_Football,NCAA_Football,PAPI-db6cdc28cfc83bd0,SUG-73b562980ef259840e6644d5,55,WIN,,,ESPN_PUBLIC:401856703:BOX_SCORE
SETTLE-SUG-742d0e37ea8974b6fd9c596d,2026-09-27T00:46:32.380118-07:00,NCAA_Football,NCAA_Football,PL-219276,SUG-742d0e37ea8974b6fd9c596d,1,WIN,,,ESPN_PUBLIC:401869961:FINAL_SCORE_ML
SETTLE-SUG-7453953bb193173dac396e89,2026-09-27T00:46:32.380118-07:00,NCAA_Football,NCAA_Football,PL-219149,SUG-7453953bb193173dac396e89,1,WIN,,,ESPN_PUBLIC:401862784:FINAL_SCORE_ML
SETTLE-SUG-747bfb653043cda23c77afbb,2026-09-27T00:46:32.380118-07:00,NCAA_Football,NCAA_Football,PAPI-4370298155b50de8,SUG-747bfb653043cda23c77afbb,8,WIN,,,ESPN_PUBLIC:401856881:BOX_SCORE
SETTLE-SUG-74c7442f8e6094f1c1bc6d96,2026-09-27T00:46:32.380118-07:00,NCAA_Football,NCAA_Football,PL-217196,SUG-74c7442f8e6094f1c1bc6d96,36,WIN,,,ESPN_PUBLIC:401858470:BOX_SCORE
SETTLE-SUG-7501f336abc7d70862d9a4a3,2026-09-27T00:46:32.380118-07:00,NHL,NHL,2026010063,SUG-7501f336abc7d70862d9a4a3,0,LOSS,,,ESPN_PUBLIC:401879414:FINAL_SCORE_ML
SETTLE-SUG-75262aa23ec978c7d6b16282,2026-09-27T00:46:32.380118-07:00,NCAA_Football,NCAA_Football,PL-217902,SUG-75262aa23ec978c7d6b16282,0,LOSS,,,ESPN_PUBLIC:401870745:FINAL_SCORE_ML
SETTLE-SUG-75342ec95f02b3bd61dcc969,2026-09-27T00:46:32.380118-07:00,NCAA_Football,NCAA_Football,PL-217385,SUG-75342ec95f02b3bd61dcc969,1,WIN,,,ESPN_PUBLIC:401869931:FINAL_SCORE_ML
SETTLE-SUG-756f41aac09ed928b36e6bb3,2026-09-27T00:46:32.380118-07:00,MLB,MLB,PAPI-d15cabed4aea6166,SUG-756f41aac09ed928b36e6bb3,1,WIN,,,ESPN_PUBLIC:401817093:FINAL_SCORE_ML
SETTLE-SUG-7587be40f2821131a904869e,2026-09-27T00:46:32.380118-07:00,NHL,NHL,2026010061,SUG-7587be40f2821131a904869e,0,LOSS,,,ESPN_PUBLIC:401879453:FINAL_SCORE_ML
SETTLE-SUG-758eda3b176b962a44c82702,2026-09-27T00:46:32.380118-07:00,NCAA_Football,NCAA_Football,PL-217741,SUG-758eda3b176b962a44c82702,1,WIN,,,ESPN_PUBLIC:401856703:FINAL_SCORE_ML
SETTLE-SUG-7596417cd0bcdd83088dbc48,2026-09-27T00:46:32.380118-07:00,NHL,NHL,PL-184846,SUG-7596417cd0bcdd83088dbc48,0,LOSS,,,ESPN_PUBLIC:401879414:FINAL_SCORE_ML
SETTLE-SUG-76886895f2395eebe1d5c275,2026-09-27T00:46:32.380118-07:00,NCAA_Football,NCAA_Football,PL-217610,SUG-76886895f2395eebe1d5c275,1,WIN,,,ESPN_PUBLIC:401856804:FINAL_SCORE_ML
SETTLE-SUG-768a95192bd47cd4fd42d24e,2026-09-27T00:46:32.380118-07:00,NHL,NHL,PL-184844,SUG-768a95192bd47cd4fd42d24e,0,LOSS,,,ESPN_PUBLIC:401879453:FINAL_SCORE_ML
SETTLE-SUG-772d7f0a3fadf523274b41b0,2026-09-27T00:46:32.380118-07:00,NCAA_Football,NCAA_Football,PL-217610,SUG-772d7f0a3fadf523274b41b0,1,WIN,,,ESPN_PUBLIC:401856804:FINAL_SCORE_ML
SETTLE-SUG-779fcc43cfe986ebe9f20d40,2026-09-27T00:46:32.380118-07:00,NCAA_Football,NCAA_Football,PAPI-db6cdc28cfc83bd0,SUG-779fcc43cfe986ebe9f20d40,54,LOSS,,,ESPN_PUBLIC:401856703:BOX_SCORE
SETTLE-SUG-78767c8de61778d850c628ec,2026-09-27T00:46:32.380118-07:00,NCAA_Football,NCAA_Football,PAPI-4370298155b50de8,SUG-78767c8de61778d850c628ec,389,WIN,,,ESPN_PUBLIC:401856881:BOX_SCORE
SETTLE-SUG-788d75ce2e1d32e87f06225f,2026-09-27T00:46:32.380118-07:00,NHL,NHL,PL-184845,SUG-788d75ce2e1d32e87f06225f,1,WIN,,,ESPN_PUBLIC:401878104:FINAL_SCORE_ML
SETTLE-SUG-78b4a87d16c91c88808610ea,2026-09-27T00:46:32.380118-07:00,NCAA_Football,NCAA_Football,PL-217921,SUG-78b4a87d16c91c88808610ea,1,WIN,,,ESPN_PUBLIC:401856804:FINAL_SCORE_ML
SETTLE-SUG-797d33855a1c19f3bfcfc151,2026-09-27T00:46:32.380118-07:00,NCAA_Football,NCAA_Football,PAPI-917daaf69473cbd5,SUG-797d33855a1c19f3bfcfc151,46,WIN,,,ESPN_PUBLIC:401864572:BOX_SCORE
SETTLE-SUG-79cb5a05d165050d676346a2,2026-09-27T00:46:32.380118-07:00,NCAA_Football,NCAA_Football,PL-219276,SUG-79cb5a05d165050d676346a2,1,WIN,,,ESPN_PUBLIC:401869961:FINAL_SCORE_ML
SETTLE-SUG-79e5d687f00c4cc0f2776ef1,2026-09-27T00:46:32.380118-07:00,NCAA_Football,NCAA_Football,PL-217610,SUG-79e5d687f00c4cc0f2776ef1,1,WIN,,,ESPN_PUBLIC:401856804:FINAL_SCORE_ML
SETTLE-SUG-7a1109b1090ac54771902cb0,2026-09-27T00:46:32.380118-07:00,NCAA_Football,NCAA_Football,PAPI-4370298155b50de8,SUG-7a1109b1090ac54771902cb0,2,WIN,,,ESPN_PUBLIC:401856881:BOX_SCORE
SETTLE-SUG-7a3e48743fb8619a34bfb449,2026-09-27T00:46:32.380118-07:00,NCAA_Football,NCAA_Football,PL-217741,SUG-7a3e48743fb8619a34bfb449,1,WIN,,,ESPN_PUBLIC:401856703:FINAL_SCORE_ML
SETTLE-SUG-7a6d3f539d85d8668ff8e984,2026-09-27T00:46:32.380118-07:00,NCAA_Football,NCAA_Football,PL-217994,SUG-7a6d3f539d85d8668ff8e984,1,WIN,,,ESPN_PUBLIC:401871048:FINAL_SCORE_ML
SETTLE-SUG-7b6fea2ca2dd7241ebed1100,2026-09-27T00:46:32.380118-07:00,NCAA_Football,NCAA_Football,PAPI-8d9b9a968af64b83,SUG-7b6fea2ca2dd7241ebed1100,4,WIN,,,ESPN_PUBLIC:401858470:BOX_SCORE
SETTLE-SUG-7c92d099591277b9fbe363a7,2026-09-27T00:46:32.380118-07:00,NCAA_Football,NCAA_Football,PL-217196,SUG-7c92d099591277b9fbe363a7,17,WIN,,,ESPN_PUBLIC:401858470:BOX_SCORE
SETTLE-SUG-7ce2fb5c7d266ec62c0fb044,2026-09-27T00:46:32.380118-07:00,NCAA_Football,NCAA_Football,PL-217520,SUG-7ce2fb5c7d266ec62c0fb044,1,WIN,,,ESPN_PUBLIC:401856697:BOX_SCORE
SETTLE-SUG-7d979799bce9e89152f3de39,2026-09-27T00:46:32.380118-07:00,NCAA_Football,NCAA_Football,PL-217520,SUG-7d979799bce9e89152f3de39,195,WIN,,,ESPN_PUBLIC:401856697:BOX_SCORE
SETTLE-SUG-7d9e70d2ac5b3fffd55f0e7d,2026-09-27T00:46:32.380118-07:00,NHL,NHL,2026010063,SUG-7d9e70d2ac5b3fffd55f0e7d,0,LOSS,,,ESPN_PUBLIC:401879414:FINAL_SCORE_ML
SETTLE-SUG-7da49666a4926a2d583d515e,2026-09-27T00:46:32.380118-07:00,NCAA_Football,NCAA_Football,PL-217486,SUG-7da49666a4926a2d583d515e,0,LOSS,,,ESPN_PUBLIC:401858240:FINAL_SCORE_ML
SETTLE-SUG-7dd33d15d1c0d62068621aee,2026-09-27T00:46:32.380118-07:00,MLB,MLB,KXMLBRBI-26SEP261910CLEKC,SUG-7dd33d15d1c0d62068621aee,1,WIN,,,ESPN_PUBLIC:401817094:FINAL_SCORE_ML
SETTLE-SUG-7e1733c84380ff4f89a45c68,2026-09-27T00:46:32.380118-07:00,NHL,NHL,2026010061,SUG-7e1733c84380ff4f89a45c68,0,LOSS,,,ESPN_PUBLIC:401879453:FINAL_SCORE_ML
SETTLE-SUG-7e7aa08aef4814ee0487cf82,2026-09-27T00:46:32.380118-07:00,NHL,NHL,2026010056,SUG-7e7aa08aef4814ee0487cf82,0,LOSS,,,ESPN_PUBLIC:401879653:FINAL_SCORE_ML
SETTLE-SUG-7ee481f0d051ff0ed68a53b2,2026-09-27T00:46:32.380118-07:00,NHL,NHL,2026010060,SUG-7ee481f0d051ff0ed68a53b2,1,WIN,,,ESPN_PUBLIC:401878104:FINAL_SCORE_ML
SETTLE-SUG-7f4076031e2e8ba5bb046a61,2026-09-27T00:46:32.380118-07:00,NCAA_Football,NCAA_Football,PL-217741,SUG-7f4076031e2e8ba5bb046a61,1,WIN,,,ESPN_PUBLIC:401856703:FINAL_SCORE_ML
SETTLE-SUG-7f47f0a0e1ca1059c0fda913,2026-09-27T00:46:32.380118-07:00,NHL,NHL,2026010060,SUG-7f47f0a0e1ca1059c0fda913,1,WIN,,,ESPN_PUBLIC:401878104:FINAL_SCORE_ML
SETTLE-SUG-7fb6b1afd60dc5c28b63934d,2026-09-27T00:46:32.380118-07:00,NCAA_Football,NCAA_Football,PL-219276,SUG-7fb6b1afd60dc5c28b63934d,1,WIN,,,ESPN_PUBLIC:401869961:FINAL_SCORE_ML
SETTLE-SUG-7fc45fa543bb74c1d01d25e1,2026-09-27T00:46:32.380118-07:00,NCAA_Football,NCAA_Football,PL-217486,SUG-7fc45fa543bb74c1d01d25e1,2,LOSS,,,ESPN_PUBLIC:401858240:BOX_SCORE
SETTLE-SUG-800e961a78d260e296f66ab4,2026-09-27T00:46:32.380118-07:00,NHL,NHL,2026010061,SUG-800e961a78d260e296f66ab4,0,LOSS,,,ESPN_PUBLIC:401879453:FINAL_SCORE_ML
SETTLE-SUG-805fc29a182b05a3d8f8ebea,2026-09-27T00:46:32.380118-07:00,NCAA_Football,NCAA_Football,PL-217486,SUG-805fc29a182b05a3d8f8ebea,4,WIN,,,ESPN_PUBLIC:401858240:BOX_SCORE
SETTLE-SUG-80d327c6ee92c116ce654a5b,2026-09-27T00:46:32.380118-07:00,NCAA_Football,NCAA_Football,PAPI-8d9b9a968af64b83,SUG-80d327c6ee92c116ce654a5b,1,LOSS,,,ESPN_PUBLIC:401858470:BOX_SCORE
SETTLE-SUG-80fdf10fefc4d31e9308896c,2026-09-27T00:46:32.380118-07:00,NCAA_Football,NCAA_Football,PL-219195,SUG-80fdf10fefc4d31e9308896c,1,WIN,,,ESPN_PUBLIC:401862780:FINAL_SCORE_ML
SETTLE-SUG-8184e3d0767b5af009a0d73b,2026-09-27T00:46:32.380118-07:00,NCAA_Football,NCAA_Football,PL-218061,SUG-8184e3d0767b5af009a0d73b,0,LOSS,,,ESPN_PUBLIC:401860894:FINAL_SCORE_ML
SETTLE-SUG-81b43538b627476120c13cc0,2026-09-27T00:46:32.380118-07:00,NCAA_Football,NCAA_Football,PL-216131,SUG-81b43538b627476120c13cc0,1,WIN,,,ESPN_PUBLIC:401862783:FINAL_SCORE_ML
SETTLE-SUG-81fd9497a03aa7947cdfab31,2026-09-27T00:46:32.380118-07:00,NCAA_Football,NCAA_Football,PAPI-634cd0f89c6c789c,SUG-81fd9497a03aa7947cdfab31,1,LOSS,,,ESPN_PUBLIC:401856814:BOX_SCORE
SETTLE-SUG-822bc58999bfbf438edf51ee,2026-09-27T00:46:32.380118-07:00,NHL,NHL,2026010061,SUG-822bc58999bfbf438edf51ee,0,LOSS,,,ESPN_PUBLIC:401879453:FINAL_SCORE_ML
SETTLE-SUG-8235f4913d4d4289e7a688cf,2026-09-27T00:46:32.380118-07:00,NHL,NHL,PL-184845,SUG-8235f4913d4d4289e7a688cf,1,WIN,,,ESPN_PUBLIC:401878104:FINAL_SCORE_ML
SETTLE-SUG-83af7bd34ffb05fc7cb440e6,2026-09-27T00:46:32.380118-07:00,NCAA_Football,NCAA_Football,PL-217385,SUG-83af7bd34ffb05fc7cb440e6,1,WIN,,,ESPN_PUBLIC:401869931:FINAL_SCORE_ML
SETTLE-SUG-84b57bc17b695c856dae485b,2026-09-27T00:46:32.380118-07:00,NCAA_Football,NCAA_Football,PL-217196,SUG-84b57bc17b695c856dae485b,204,LOSS,,,ESPN_PUBLIC:401858470:BOX_SCORE
SETTLE-SUG-84e37a412a88f1149d61b8ee,2026-09-27T00:46:32.380118-07:00,NCAA_Football,NCAA_Football,PL-219195,SUG-84e37a412a88f1149d61b8ee,1,WIN,,,ESPN_PUBLIC:401862780:FINAL_SCORE_ML
SETTLE-SUG-84fb5c55418083ee5a37fede,2026-09-27T00:46:32.380118-07:00,NCAA_Football,NCAA_Football,PAPI-8d9b9a968af64b83,SUG-84fb5c55418083ee5a37fede,7,WIN,,,ESPN_PUBLIC:401858470:BOX_SCORE
SETTLE-SUG-855f1e2c9352ac523fa726c1,2026-09-27T00:46:32.380118-07:00,MLB,MLB,PL-232575,SUG-855f1e2c9352ac523fa726c1,1,WIN,,,ESPN_PUBLIC:401817099:FINAL_SCORE_ML
SETTLE-SUG-85a6629725516b7b34f5eb04,2026-09-27T00:46:32.380118-07:00,NCAA_Football,NCAA_Football,PL-217196,SUG-85a6629725516b7b34f5eb04,0,LOSS,,,ESPN_PUBLIC:401858470:FINAL_SCORE_ML
SETTLE-SUG-8614f6b2f3c93d0ac5671895,2026-09-27T00:46:32.380118-07:00,NCAA_Football,NCAA_Football,PL-217994,SUG-8614f6b2f3c93d0ac5671895,1,WIN,,,ESPN_PUBLIC:401871048:FINAL_SCORE_ML
SETTLE-SUG-86503956d5c5e53a843e33d2,2026-09-27T00:46:32.380118-07:00,NCAA_Football,NCAA_Football,PAPI-4370298155b50de8,SUG-86503956d5c5e53a843e33d2,389,WIN,,,ESPN_PUBLIC:401856881:BOX_SCORE
SETTLE-SUG-86d361ea26d322c8dca5892e,2026-09-27T00:46:32.380118-07:00,NCAA_Football,NCAA_Football,PAPI-8d9b9a968af64b83,SUG-86d361ea26d322c8dca5892e,36,WIN,,,ESPN_PUBLIC:401858470:BOX_SCORE
SETTLE-SUG-873e0a40e46563f77dfed0f8,2026-09-27T00:46:32.380118-07:00,NHL,NHL,PL-184845,SUG-873e0a40e46563f77dfed0f8,1,WIN,,,ESPN_PUBLIC:401878104:FINAL_SCORE_ML
SETTLE-SUG-874599078d8175cb2816337a,2026-09-27T00:46:32.380118-07:00,NHL,NHL,2026010061,SUG-874599078d8175cb2816337a,0,LOSS,,,ESPN_PUBLIC:401879453:FINAL_SCORE_ML
SETTLE-SUG-8750a2c1c0a0952dd0ef2de3,2026-09-27T00:46:32.380118-07:00,NCAA_Football,NCAA_Football,PL-219276,SUG-8750a2c1c0a0952dd0ef2de3,1,WIN,,,ESPN_PUBLIC:401869961:FINAL_SCORE_ML
SETTLE-SUG-879945ff01ee338e69b5b452,2026-09-27T00:46:32.380118-07:00,MLB,MLB,PL-232577,SUG-879945ff01ee338e69b5b452,1,WIN,,,ESPN_PUBLIC:401817098:FINAL_SCORE_ML
SETTLE-SUG-87ad86b2bff8b46a21114b16,2026-09-27T00:46:32.380118-07:00,MLB,MLB,PL-232575,SUG-87ad86b2bff8b46a21114b16,1,WIN,,,ESPN_PUBLIC:401817099:FINAL_SCORE_ML
SETTLE-SUG-87caef7bce5fe3b9c7ce9ca7,2026-09-27T00:46:32.380118-07:00,NCAA_Football,NCAA_Football,PAPI-917daaf69473cbd5,SUG-87caef7bce5fe3b9c7ce9ca7,46,WIN,,,ESPN_PUBLIC:401864572:BOX_SCORE
SETTLE-SUG-87fffc8d4829a145ddecf35a,2026-09-27T00:46:32.380118-07:00,NHL,NHL,2026010061,SUG-87fffc8d4829a145ddecf35a,0,LOSS,,,ESPN_PUBLIC:401879453:FINAL_SCORE_ML
SETTLE-SUG-88315131169d0fd4699fc797,2026-09-27T00:46:32.380118-07:00,NHL,NHL,2026010061,SUG-88315131169d0fd4699fc797,0,LOSS,,,ESPN_PUBLIC:401879453:FINAL_SCORE_ML
SETTLE-SUG-88863b8ebb4f2043dccc094b,2026-09-27T00:46:32.380118-07:00,NHL,NHL,2026010060,SUG-88863b8ebb4f2043dccc094b,1,WIN,,,ESPN_PUBLIC:401878104:FINAL_SCORE_ML
SETTLE-SUG-88dd160ccd5891e2fe409cec,2026-09-27T00:46:32.380118-07:00,NCAA_Football,NCAA_Football,PL-217486,SUG-88dd160ccd5891e2fe409cec,2,LOSS,,,ESPN_PUBLIC:401858240:BOX_SCORE
SETTLE-SUG-893161417eb6e16324e34f19,2026-09-27T00:46:32.380118-07:00,NCAA_Football,NCAA_Football,PL-217997,SUG-893161417eb6e16324e34f19,1,WIN,,,ESPN_PUBLIC:401860895:FINAL_SCORE_ML
SETTLE-SUG-8937390a89e38ad56dfaa0b7,2026-09-27T00:46:32.380118-07:00,MLB,MLB,PL-232569,SUG-8937390a89e38ad56dfaa0b7,0,LOSS,,,ESPN_PUBLIC:401817095:FINAL_SCORE_ML
SETTLE-SUG-89bbbf814344d12f356d480b,2026-09-27T00:46:32.380118-07:00,NCAA_Football,NCAA_Football,PAPI-4370298155b50de8,SUG-89bbbf814344d12f356d480b,389,WIN,,,ESPN_PUBLIC:401856881:BOX_SCORE
SETTLE-SUG-8a1feaf95b75f6c12ae2e26e,2026-09-27T00:46:32.380118-07:00,MLB,MLB,PL-232571,SUG-8a1feaf95b75f6c12ae2e26e,1,WIN,,,ESPN_PUBLIC:401817096:FINAL_SCORE_ML
SETTLE-SUG-8b656ed2a7148f805dda06fc,2026-09-27T00:46:32.380118-07:00,NHL,NHL,PL-184845,SUG-8b656ed2a7148f805dda06fc,1,WIN,,,ESPN_PUBLIC:401878104:FINAL_SCORE_ML
SETTLE-SUG-8be22227ded48a9076f8eeac,2026-09-27T00:46:32.380118-07:00,NHL,NHL,2026010058,SUG-8be22227ded48a9076f8eeac,1,WIN,,,ESPN_PUBLIC:401886261:FINAL_SCORE_ML
SETTLE-SUG-8bf8c73d76e890a828f468a7,2026-09-27T00:46:32.380118-07:00,NCAA_Football,NCAA_Football,PL-217325,SUG-8bf8c73d76e890a828f468a7,1,WIN,,,ESPN_PUBLIC:401860891:FINAL_SCORE_ML
SETTLE-SUG-8c93707b06ab2c088343bafa,2026-09-27T00:46:32.380118-07:00,NHL,NHL,2026010058,SUG-8c93707b06ab2c088343bafa,1,WIN,,,ESPN_PUBLIC:401886261:FINAL_SCORE_ML
SETTLE-SUG-8cf55097e0fbf73af5ff6953,2026-09-27T00:46:32.380118-07:00,NCAA_Football,NCAA_Football,PL-217486,SUG-8cf55097e0fbf73af5ff6953,4,WIN,,,ESPN_PUBLIC:401858240:BOX_SCORE
SETTLE-SUG-8d8b66026bbd1533315b44bc,2026-09-27T00:46:32.380118-07:00,NHL,NHL,PL-184844,SUG-8d8b66026bbd1533315b44bc,0,LOSS,,,ESPN_PUBLIC:401879453:FINAL_SCORE_ML
SETTLE-SUG-8dcd046ce9646cfbae30fc10,2026-09-27T00:46:32.380118-07:00,NCAA_Football,NCAA_Football,PL-217486,SUG-8dcd046ce9646cfbae30fc10,268,WIN,,,ESPN_PUBLIC:401858240:BOX_SCORE
SETTLE-SUG-8e104aa4a42cd07c2922a256,2026-09-27T00:46:32.380118-07:00,NCAA_Football,NCAA_Football,PL-216131,SUG-8e104aa4a42cd07c2922a256,1,WIN,,,ESPN_PUBLIC:401862783:FINAL_SCORE_ML
SETTLE-SUG-8e24e12b0451435c053c125e,2026-09-27T00:46:32.380118-07:00,NCAA_Football,NCAA_Football,PL-218061,SUG-8e24e12b0451435c053c125e,0,LOSS,,,ESPN_PUBLIC:401860894:FINAL_SCORE_ML
SETTLE-SUG-8e9d51bb06d3495585728c6e,2026-09-27T00:46:32.380118-07:00,NCAA_Football,NCAA_Football,PL-217610,SUG-8e9d51bb06d3495585728c6e,1,WIN,,,ESPN_PUBLIC:401856804:FINAL_SCORE_ML
SETTLE-SUG-8f158be491c773e6aeb44569,2026-09-27T00:46:32.380118-07:00,NCAA_Football,NCAA_Football,PAPI-917daaf69473cbd5,SUG-8f158be491c773e6aeb44569,2,WIN,,,ESPN_PUBLIC:401864572:BOX_SCORE
SETTLE-SUG-8f61be12e6ac9b3913e9e955,2026-09-27T00:46:32.380118-07:00,NCAA_Football,NCAA_Football,PAPI-917daaf69473cbd5,SUG-8f61be12e6ac9b3913e9e955,2,WIN,,,ESPN_PUBLIC:401864572:BOX_SCORE
SETTLE-SUG-8f9481842d303e78f03cb606,2026-09-27T00:46:32.380118-07:00,MLB,MLB,PL-232569,SUG-8f9481842d303e78f03cb606,0,LOSS,,,ESPN_PUBLIC:401817095:FINAL_SCORE_ML
SETTLE-SUG-8fa96edadb84ac9b4090c52f,2026-09-27T00:46:32.380118-07:00,NCAA_Football,NCAA_Football,PAPI-db6cdc28cfc83bd0,SUG-8fa96edadb84ac9b4090c52f,295,WIN,,,ESPN_PUBLIC:401856703:BOX_SCORE
SETTLE-SUG-8fe45af589b8181309ebd26c,2026-09-27T00:46:32.380118-07:00,NCAA_Football,NCAA_Football,PL-219195,SUG-8fe45af589b8181309ebd26c,1,WIN,,,ESPN_PUBLIC:401862780:FINAL_SCORE_ML
SETTLE-SUG-90418ce9c76e4e1b4862fbca,2026-09-27T00:46:32.380118-07:00,NCAA_Football,NCAA_Football,PAPI-db6cdc28cfc83bd0,SUG-90418ce9c76e4e1b4862fbca,14,LOSS,,,ESPN_PUBLIC:401856703:BOX_SCORE
SETTLE-SUG-904ec79c99a8bf626fc665ca,2026-09-27T00:46:32.380118-07:00,NCAA_Football,NCAA_Football,PL-217486,SUG-904ec79c99a8bf626fc665ca,268,WIN,,,ESPN_PUBLIC:401858240:BOX_SCORE
SETTLE-SUG-906a4ca6e6aa43f2519cafc6,2026-09-27T00:46:32.380118-07:00,MLB,MLB,PL-232569,SUG-906a4ca6e6aa43f2519cafc6,0,LOSS,,,ESPN_PUBLIC:401817095:FINAL_SCORE_ML
SETTLE-SUG-91069f523b8a3c188e070f17,2026-09-27T00:46:32.380118-07:00,NHL,NHL,PL-184846,SUG-91069f523b8a3c188e070f17,0,LOSS,,,ESPN_PUBLIC:401879414:FINAL_SCORE_ML
SETTLE-SUG-91b581436d6a75ee745c5c20,2026-09-27T00:46:32.380118-07:00,NCAA_Football,NCAA_Football,PL-217997,SUG-91b581436d6a75ee745c5c20,1,WIN,,,ESPN_PUBLIC:401860895:FINAL_SCORE_ML
SETTLE-SUG-91c83c126cf855b8a845c3af,2026-09-27T00:46:32.380118-07:00,NCAA_Football,NCAA_Football,PL-217386,SUG-91c83c126cf855b8a845c3af,0,LOSS,,,ESPN_PUBLIC:401860892:FINAL_SCORE_ML
SETTLE-SUG-91eb5573332ab66c4bf67dad,2026-09-27T00:46:32.380118-07:00,NHL,NHL,PL-184845,SUG-91eb5573332ab66c4bf67dad,0,LOSS,,,ESPN_PUBLIC:401878104:FINAL_SCORE_ML
SETTLE-SUG-92120b1a2856d8125546cea9,2026-09-27T00:46:32.380118-07:00,MLB,MLB,PL-232569,SUG-92120b1a2856d8125546cea9,0,LOSS,,,ESPN_PUBLIC:401817095:FINAL_SCORE_ML
SETTLE-SUG-9224b6a81901728487fb6c51,2026-09-27T00:46:32.380118-07:00,NHL,NHL,2026010061,SUG-9224b6a81901728487fb6c51,0,LOSS,,,ESPN_PUBLIC:401879453:FINAL_SCORE_ML
SETTLE-SUG-926e4f4b82e8cdba4b34b0d0,2026-09-27T00:46:32.380118-07:00,NCAA_Football,NCAA_Football,PL-217921,SUG-926e4f4b82e8cdba4b34b0d0,13,WIN,,,ESPN_PUBLIC:401856804:BOX_SCORE
SETTLE-SUG-946c34b80dfa44e981d86647,2026-09-27T00:46:32.380118-07:00,NCAA_Football,NCAA_Football,PAPI-917daaf69473cbd5,SUG-946c34b80dfa44e981d86647,253,WIN,,,ESPN_PUBLIC:401864572:BOX_SCORE
SETTLE-SUG-947346971668cdc83963f74a,2026-09-27T00:46:32.380118-07:00,NCAA_Football,NCAA_Football,PL-218061,SUG-947346971668cdc83963f74a,0,LOSS,,,ESPN_PUBLIC:401860894:FINAL_SCORE_ML
SETTLE-SUG-9543b8130557df6ce78966ba,2026-09-27T00:46:32.380118-07:00,NHL,NHL,PL-184843,SUG-9543b8130557df6ce78966ba,0,LOSS,,,ESPN_PUBLIC:401879453:FINAL_SCORE_ML
SETTLE-SUG-961aaf80b63209aba2649e56,2026-09-27T00:46:32.380118-07:00,NCAA_Football,NCAA_Football,PL-217486,SUG-961aaf80b63209aba2649e56,2,WIN,,,ESPN_PUBLIC:401858240:BOX_SCORE
SETTLE-SUG-969d88dbe9fa1917a7f09d83,2026-09-27T00:46:32.380118-07:00,NCAA_Football,NCAA_Football,PL-217196,SUG-969d88dbe9fa1917a7f09d83,0,LOSS,,,ESPN_PUBLIC:401858470:FINAL_SCORE_ML
SETTLE-SUG-96bcccfa58907b42265fc8a0,2026-09-27T00:46:32.380118-07:00,NCAA_Football,NCAA_Football,PAPI-4370298155b50de8,SUG-96bcccfa58907b42265fc8a0,63,LOSS,,,ESPN_PUBLIC:401856881:BOX_SCORE
SETTLE-SUG-972df3f3febe159b8a1a9250,2026-09-27T00:46:32.380118-07:00,NCAA_Football,NCAA_Football,PAPI-db6cdc28cfc83bd0,SUG-972df3f3febe159b8a1a9250,360,LOSS,,,ESPN_PUBLIC:401856703:BOX_SCORE
SETTLE-SUG-9739be1da9295ec9c65cb734,2026-09-27T00:46:32.380118-07:00,NCAA_Football,NCAA_Football,PAPI-1685d983ac70615d,SUG-9739be1da9295ec9c65cb734,102,LOSS,,,ESPN_PUBLIC:401858241:BOX_SCORE
SETTLE-SUG-97f356bbe4e2fec8f4e27d42,2026-09-27T00:46:32.380118-07:00,NCAA_Football,NCAA_Football,PAPI-4370298155b50de8,SUG-97f356bbe4e2fec8f4e27d42,30,LOSS,,,ESPN_PUBLIC:401856881:BOX_SCORE
SETTLE-SUG-983b4eec3a871c6889e1468d,2026-09-27T00:46:32.380118-07:00,NCAA_Football,NCAA_Football,PL-217994,SUG-983b4eec3a871c6889e1468d,1,WIN,,,ESPN_PUBLIC:401871048:FINAL_SCORE_ML
SETTLE-SUG-9851c76cbec66afdb518771e,2026-09-27T00:46:32.380118-07:00,NCAA_Football,NCAA_Football,PL-216889,SUG-9851c76cbec66afdb518771e,1,WIN,,,ESPN_PUBLIC:401864509:FINAL_SCORE_ML
SETTLE-SUG-988ae2c10bd87cc437ab4b50,2026-09-27T00:46:32.380118-07:00,NHL,NHL,PL-184845,SUG-988ae2c10bd87cc437ab4b50,1,WIN,,,ESPN_PUBLIC:401878104:FINAL_SCORE_ML
SETTLE-SUG-99498ea00c75d75d4ce63235,2026-09-27T00:46:32.380118-07:00,NCAA_Football,NCAA_Football,PL-217196,SUG-99498ea00c75d75d4ce63235,2,WIN,,,ESPN_PUBLIC:401858470:BOX_SCORE
SETTLE-SUG-99fb1702be06488d2c52e53c,2026-09-27T00:46:32.380118-07:00,NCAA_Football,NCAA_Football,PL-217486,SUG-99fb1702be06488d2c52e53c,0,LOSS,,,ESPN_PUBLIC:401858240:FINAL_SCORE_ML
SETTLE-SUG-99fb1c2f5a55155b25281168,2026-09-27T00:46:32.380118-07:00,NHL,NHL,PL-184842,SUG-99fb1c2f5a55155b25281168,1,WIN,,,ESPN_PUBLIC:401879647:FINAL_SCORE_ML
SETTLE-SUG-9a2d82c341581274c0f4abe3,2026-09-27T00:46:32.380118-07:00,NCAA_Football,NCAA_Football,PL-217921,SUG-9a2d82c341581274c0f4abe3,129,LOSS,,,ESPN_PUBLIC:401856804:BOX_SCORE
SETTLE-SUG-9a5a63ca35df1872f977d5cc,2026-09-27T00:46:32.380118-07:00,NCAA_Football,NCAA_Football,PL-217994,SUG-9a5a63ca35df1872f977d5cc,1,WIN,,,ESPN_PUBLIC:401871048:FINAL_SCORE_ML
SETTLE-SUG-9a7eb9237ef6e8acc885a28a,2026-09-27T00:46:32.380118-07:00,NCAA_Football,NCAA_Football,PL-217994,SUG-9a7eb9237ef6e8acc885a28a,1,WIN,,,ESPN_PUBLIC:401871048:FINAL_SCORE_ML
SETTLE-SUG-9ac81e0d0f1998fa8a70bb3b,2026-09-27T00:46:32.380118-07:00,NCAA_Football,NCAA_Football,PL-217994,SUG-9ac81e0d0f1998fa8a70bb3b,1,WIN,,,ESPN_PUBLIC:401871048:FINAL_SCORE_ML
SETTLE-SUG-9b515653d6c3283d305db749,2026-09-27T00:46:32.380118-07:00,NCAA_Football,NCAA_Football,PL-217005,SUG-9b515653d6c3283d305db749,0,LOSS,,,ESPN_PUBLIC:401856881:FINAL_SCORE_ML
SETTLE-SUG-9b572199a03fdd47a52e964d,2026-09-27T00:46:32.380118-07:00,NCAA_Football,NCAA_Football,PAPI-4370298155b50de8,SUG-9b572199a03fdd47a52e964d,3,LOSS,,,ESPN_PUBLIC:401856881:BOX_SCORE
SETTLE-SUG-9b8d91895603e0fe4a287e46,2026-09-27T00:46:32.380118-07:00,NCAA_Football,NCAA_Football,PAPI-db6cdc28cfc83bd0,SUG-9b8d91895603e0fe4a287e46,360,WIN,,,ESPN_PUBLIC:401856703:BOX_SCORE
SETTLE-SUG-9c2b7a167f88bd1b44187503,2026-09-27T00:46:32.380118-07:00,NCAA_Football,NCAA_Football,PL-217994,SUG-9c2b7a167f88bd1b44187503,1,WIN,,,ESPN_PUBLIC:401871048:FINAL_SCORE_ML
SETTLE-SUG-9c75d54818aaa2cfa771fba1,2026-09-27T00:46:32.380118-07:00,NHL,NHL,2026010056,SUG-9c75d54818aaa2cfa771fba1,0,LOSS,,,ESPN_PUBLIC:401879653:FINAL_SCORE_ML
SETTLE-SUG-9c88ec56e71c20f930524dbc,2026-09-27T00:46:32.380118-07:00,NCAA_Football,NCAA_Football,PL-217386,SUG-9c88ec56e71c20f930524dbc,0,LOSS,,,ESPN_PUBLIC:401860892:FINAL_SCORE_ML
SETTLE-SUG-9cb3265ec41369b412d39d55,2026-09-27T00:46:32.380118-07:00,NCAA_Football,NCAA_Football,PAPI-8d9b9a968af64b83,SUG-9cb3265ec41369b412d39d55,2,WIN,,,ESPN_PUBLIC:401858470:BOX_SCORE
SETTLE-SUG-9cb77cadfbad5165f70742a3,2026-09-27T00:46:32.380118-07:00,NHL,NHL,2026010060,SUG-9cb77cadfbad5165f70742a3,1,WIN,,,ESPN_PUBLIC:401878104:FINAL_SCORE_ML
SETTLE-SUG-9dc0ab8326e8a6b4269441ad,2026-09-27T00:46:32.380118-07:00,NCAA_Football,NCAA_Football,PL-217386,SUG-9dc0ab8326e8a6b4269441ad,0,LOSS,,,ESPN_PUBLIC:401860892:FINAL_SCORE_ML
SETTLE-SUG-9e2c1ec90ae97009d10683f8,2026-09-27T00:46:32.380118-07:00,NCAA_Football,NCAA_Football,PL-217520,SUG-9e2c1ec90ae97009d10683f8,9,WIN,,,ESPN_PUBLIC:401856697:BOX_SCORE
SETTLE-SUG-9e5c9bb83050e1b066d3712d,2026-09-27T00:46:32.380118-07:00,NCAA_Football,NCAA_Football,PL-216132,SUG-9e5c9bb83050e1b066d3712d,1,WIN,,,ESPN_PUBLIC:401858238:FINAL_SCORE_ML
SETTLE-SUG-9f2a882daa4f881e74d6875a,2026-09-27T00:46:32.380118-07:00,NCAA_Football,NCAA_Football,PL-217902,SUG-9f2a882daa4f881e74d6875a,0,LOSS,,,ESPN_PUBLIC:401870745:FINAL_SCORE_ML
SETTLE-SUG-9f2c29503f8070a30655384f,2026-09-27T00:46:32.380118-07:00,NCAA_Football,NCAA_Football,PAPI-db6cdc28cfc83bd0,SUG-9f2c29503f8070a30655384f,3,WIN,,,ESPN_PUBLIC:401856703:BOX_SCORE
SETTLE-SUG-9f766f13f6de0458acd70ec3,2026-09-27T00:46:32.380118-07:00,NCAA_Football,NCAA_Football,PL-217610,SUG-9f766f13f6de0458acd70ec3,1,WIN,,,ESPN_PUBLIC:401856804:FINAL_SCORE_ML
SETTLE-SUG-a0788e61935feb88e5021bf4,2026-09-27T00:46:32.380118-07:00,NCAA_Football,NCAA_Football,PL-219195,SUG-a0788e61935feb88e5021bf4,1,WIN,,,ESPN_PUBLIC:401862780:FINAL_SCORE_ML
SETTLE-SUG-a1148ed2d6d145f614a204b9,2026-09-27T00:46:32.380118-07:00,NHL,NHL,2026010060,SUG-a1148ed2d6d145f614a204b9,1,WIN,,,ESPN_PUBLIC:401878104:FINAL_SCORE_ML
SETTLE-SUG-a1af1c3eb46a0aff9e35ecf0,2026-09-27T00:46:32.380118-07:00,NCAA_Football,NCAA_Football,PAPI-4370298155b50de8,SUG-a1af1c3eb46a0aff9e35ecf0,2,WIN,,,ESPN_PUBLIC:401856881:BOX_SCORE
SETTLE-SUG-a1b22dd3cb759447f4cc09df,2026-09-27T00:46:32.380118-07:00,NCAA_Football,NCAA_Football,PL-217610,SUG-a1b22dd3cb759447f4cc09df,1,WIN,,,ESPN_PUBLIC:401856804:FINAL_SCORE_ML
SETTLE-SUG-a1c2a01f387d2cd6ad5bc662,2026-09-27T00:46:32.380118-07:00,NHL,NHL,2026010056,SUG-a1c2a01f387d2cd6ad5bc662,0,LOSS,,,ESPN_PUBLIC:401879653:FINAL_SCORE_ML
SETTLE-SUG-a2274466f862166d3f6c176a,2026-09-27T00:46:32.380118-07:00,NCAA_Football,NCAA_Football,PAPI-8d9b9a968af64b83,SUG-a2274466f862166d3f6c176a,2,WIN,,,ESPN_PUBLIC:401858470:BOX_SCORE
SETTLE-SUG-a2adbce1c68effea96c6570e,2026-09-27T00:46:32.380118-07:00,NCAA_Football,NCAA_Football,PL-217196,SUG-a2adbce1c68effea96c6570e,17,WIN,,,ESPN_PUBLIC:401858470:BOX_SCORE
SETTLE-SUG-a2bbc0bc1b22ceaf7ec16126,2026-09-27T00:46:32.380118-07:00,MLB,MLB,PL-232571,SUG-a2bbc0bc1b22ceaf7ec16126,1,WIN,,,ESPN_PUBLIC:401817096:FINAL_SCORE_ML
SETTLE-SUG-a3455c21f0b8b8a29ad09012,2026-09-27T00:46:32.380118-07:00,NCAA_Football,NCAA_Football,PAPI-917daaf69473cbd5,SUG-a3455c21f0b8b8a29ad09012,253,WIN,,,ESPN_PUBLIC:401864572:BOX_SCORE
SETTLE-SUG-a350f965574f08dc15a5a7a4,2026-09-27T00:46:32.380118-07:00,NHL,NHL,2026010061,SUG-a350f965574f08dc15a5a7a4,0,LOSS,,,ESPN_PUBLIC:401879453:FINAL_SCORE_ML
SETTLE-SUG-a35593b4b18c391518d89484,2026-09-27T00:46:32.380118-07:00,NCAA_Football,NCAA_Football,PAPI-8d9b9a968af64b83,SUG-a35593b4b18c391518d89484,30,LOSS,,,ESPN_PUBLIC:401858470:BOX_SCORE
SETTLE-SUG-a3fad77c034c93136dc08303,2026-09-27T00:46:32.380118-07:00,NCAA_Football,NCAA_Football,PL-217196,SUG-a3fad77c034c93136dc08303,0,LOSS,,,ESPN_PUBLIC:401858470:FINAL_SCORE_ML
SETTLE-SUG-a3fc7c9db85580a5b0ecf408,2026-09-27T00:46:32.380118-07:00,NHL,NHL,PL-184819,SUG-a3fc7c9db85580a5b0ecf408,0,LOSS,,,ESPN_PUBLIC:401879651:FINAL_SCORE_ML
SETTLE-SUG-a43eb55b29865a34606e9543,2026-09-27T00:46:32.380118-07:00,NCAA_Football,NCAA_Football,PL-217386,SUG-a43eb55b29865a34606e9543,0,LOSS,,,ESPN_PUBLIC:401860892:FINAL_SCORE_ML
SETTLE-SUG-a458f27dd6a2861bd7d479c0,2026-09-27T00:46:32.380118-07:00,NCAA_Football,NCAA_Football,PAPI-8d9b9a968af64b83,SUG-a458f27dd6a2861bd7d479c0,30,LOSS,,,ESPN_PUBLIC:401858470:BOX_SCORE
SETTLE-SUG-a4840d764620ca510281706f,2026-09-27T00:46:32.380118-07:00,MLB,MLB,PL-232569,SUG-a4840d764620ca510281706f,0,LOSS,,,ESPN_PUBLIC:401817095:FINAL_SCORE_ML
SETTLE-SUG-a48f915fc73e113913bdd4a6,2026-09-27T00:46:32.380118-07:00,NCAA_Football,NCAA_Football,PL-216889,SUG-a48f915fc73e113913bdd4a6,1,WIN,,,ESPN_PUBLIC:401864509:FINAL_SCORE_ML
SETTLE-SUG-a49272f4e3b6da6753c140f1,2026-09-27T00:46:32.380118-07:00,NCAA_Football,NCAA_Football,PL-217486,SUG-a49272f4e3b6da6753c140f1,0,LOSS,,,ESPN_PUBLIC:401858240:FINAL_SCORE_ML
SETTLE-SUG-a4bf3fef40a9f5644d40beee,2026-09-27T00:46:32.380118-07:00,NCAA_Football,NCAA_Football,PL-217921,SUG-a4bf3fef40a9f5644d40beee,297,WIN,,,ESPN_PUBLIC:401856804:BOX_SCORE
SETTLE-SUG-a52a0f393ba3f05198eef27e,2026-09-27T00:46:32.380118-07:00,NCAA_Football,NCAA_Football,PL-217196,SUG-a52a0f393ba3f05198eef27e,36,WIN,,,ESPN_PUBLIC:401858470:BOX_SCORE
SETTLE-SUG-a634bfaef31acfd2cebcf519,2026-09-27T00:46:32.380118-07:00,NHL,NHL,PL-184846,SUG-a634bfaef31acfd2cebcf519,0,LOSS,,,ESPN_PUBLIC:401879414:FINAL_SCORE_ML
SETTLE-SUG-a66b501f5ad70376e275379f,2026-09-27T00:46:32.380118-07:00,MLB,MLB,PL-232569,SUG-a66b501f5ad70376e275379f,0,LOSS,,,ESPN_PUBLIC:401817095:FINAL_SCORE_ML
SETTLE-SUG-a6b97d687eaff6071939e84d,2026-09-27T00:46:32.380118-07:00,MLB,MLB,PL-232570,SUG-a6b97d687eaff6071939e84d,1,WIN,,,ESPN_PUBLIC:401817094:FINAL_SCORE_ML
SETTLE-SUG-a6bfe306698d1b3e5e6c4b82,2026-09-27T00:46:32.380118-07:00,NCAA_Football,NCAA_Football,PAPI-917daaf69473cbd5,SUG-a6bfe306698d1b3e5e6c4b82,2,LOSS,,,ESPN_PUBLIC:401864572:BOX_SCORE
SETTLE-SUG-a7aec1e32243870822a4e0cd,2026-09-27T00:46:32.380118-07:00,MLB,MLB,PL-232577,SUG-a7aec1e32243870822a4e0cd,1,WIN,,,ESPN_PUBLIC:401817098:FINAL_SCORE_ML
SETTLE-SUG-a8093c760df0d93b48ec45a0,2026-09-27T00:46:32.380118-07:00,NCAA_Football,NCAA_Football,PAPI-634cd0f89c6c789c,SUG-a8093c760df0d93b48ec45a0,1,LOSS,,,ESPN_PUBLIC:401856814:BOX_SCORE
SETTLE-SUG-a896230440cde023bc7182f5,2026-09-27T00:46:32.380118-07:00,NCAA_Football,NCAA_Football,PL-217994,SUG-a896230440cde023bc7182f5,1,WIN,,,ESPN_PUBLIC:401871048:FINAL_SCORE_ML
SETTLE-SUG-a8bb156372650f5919add700,2026-09-27T00:46:32.380118-07:00,NCAA_Football,NCAA_Football,PL-217486,SUG-a8bb156372650f5919add700,9,LOSS,,,ESPN_PUBLIC:401858240:BOX_SCORE
SETTLE-SUG-a8e218e97052f1044f29d7bf,2026-09-27T00:46:32.380118-07:00,NHL,NHL,2026010058,SUG-a8e218e97052f1044f29d7bf,1,WIN,,,ESPN_PUBLIC:401886261:FINAL_SCORE_ML
SETTLE-SUG-a98ceb853e8daf88d9125f71,2026-09-27T00:46:32.380118-07:00,NCAA_Football,NCAA_Football,PAPI-917daaf69473cbd5,SUG-a98ceb853e8daf88d9125f71,9,WIN,,,ESPN_PUBLIC:401864572:BOX_SCORE
SETTLE-SUG-a9bc1284208f214e274de6ee,2026-09-27T00:46:32.380118-07:00,NCAA_Football,NCAA_Football,PL-217520,SUG-a9bc1284208f214e274de6ee,0,LOSS,,,ESPN_PUBLIC:401856697:FINAL_SCORE_ML
SETTLE-SUG-aae6bd5180615e2051bff9b0,2026-09-27T00:46:32.380118-07:00,NCAA_Football,NCAA_Football,PL-217994,SUG-aae6bd5180615e2051bff9b0,1,WIN,,,ESPN_PUBLIC:401871048:FINAL_SCORE_ML
SETTLE-SUG-ab3739c241ddb7566fdccb05,2026-09-27T00:46:32.380118-07:00,NCAA_Football,NCAA_Football,PAPI-4370298155b50de8,SUG-ab3739c241ddb7566fdccb05,192,WIN,,,ESPN_PUBLIC:401856881:BOX_SCORE
SETTLE-SUG-abd9bedcd82f9c06b1c8c078,2026-09-27T00:46:32.380118-07:00,NHL,NHL,2026010060,SUG-abd9bedcd82f9c06b1c8c078,1,WIN,,,ESPN_PUBLIC:401878104:FINAL_SCORE_ML
SETTLE-SUG-ac08386a45d09f9066c06ee8,2026-09-27T00:46:32.380118-07:00,NCAA_Football,NCAA_Football,PL-217486,SUG-ac08386a45d09f9066c06ee8,0,LOSS,,,ESPN_PUBLIC:401858240:FINAL_SCORE_ML
SETTLE-SUG-adc9cf779d8b04960f326cbb,2026-09-27T00:46:32.380118-07:00,NCAA_Football,NCAA_Football,PL-217196,SUG-adc9cf779d8b04960f326cbb,87,LOSS,,,ESPN_PUBLIC:401858470:BOX_SCORE
SETTLE-SUG-ae6a8b75745a467d3cccdef2,2026-09-27T00:46:32.380118-07:00,NCAA_Football,NCAA_Football,PL-217196,SUG-ae6a8b75745a467d3cccdef2,1,WIN,,,ESPN_PUBLIC:401858470:BOX_SCORE
SETTLE-SUG-af49a451909fadaba7dc4db4,2026-09-27T00:46:32.380118-07:00,NHL,NHL,2026010060,SUG-af49a451909fadaba7dc4db4,1,WIN,,,ESPN_PUBLIC:401878104:FINAL_SCORE_ML
SETTLE-SUG-b04ddbe3086ee5814f44f361,2026-09-27T00:46:32.380118-07:00,NHL,NHL,2026010063,SUG-b04ddbe3086ee5814f44f361,0,LOSS,,,ESPN_PUBLIC:401879414:FINAL_SCORE_ML
SETTLE-SUG-b056dbb6b640064e0fe12699,2026-09-27T00:46:32.380118-07:00,NCAA_Football,NCAA_Football,PL-217486,SUG-b056dbb6b640064e0fe12699,0,LOSS,,,ESPN_PUBLIC:401858240:FINAL_SCORE_ML
SETTLE-SUG-b09c0e1f6d9b268a26824b20,2026-09-27T00:46:32.380118-07:00,NCAA_Football,NCAA_Football,PAPI-db6cdc28cfc83bd0,SUG-b09c0e1f6d9b268a26824b20,295,WIN,,,ESPN_PUBLIC:401856703:BOX_SCORE
SETTLE-SUG-b0fcccaa599552765b91ab04,2026-09-27T00:46:32.380118-07:00,NHL,NHL,2026010056,SUG-b0fcccaa599552765b91ab04,0,LOSS,,,ESPN_PUBLIC:401879653:FINAL_SCORE_ML
SETTLE-SUG-b13ca38828759b9c1396996e,2026-09-27T00:46:32.380118-07:00,NCAA_Football,NCAA_Football,PL-217325,SUG-b13ca38828759b9c1396996e,1,WIN,,,ESPN_PUBLIC:401860891:FINAL_SCORE_ML
SETTLE-SUG-b1c98f47a0854c26388a719c,2026-09-27T00:46:32.380118-07:00,NCAA_Football,NCAA_Football,PAPI-db6cdc28cfc83bd0,SUG-b1c98f47a0854c26388a719c,2,LOSS,,,ESPN_PUBLIC:401856703:BOX_SCORE
SETTLE-SUG-b1d40ebb6972ccb09c7dd21d,2026-09-27T00:46:32.380118-07:00,NHL,NHL,2026010056,SUG-b1d40ebb6972ccb09c7dd21d,0,LOSS,,,ESPN_PUBLIC:401879653:FINAL_SCORE_ML
SETTLE-SUG-b1d7f87e4093274fc689ed00,2026-09-27T00:46:32.380118-07:00,NCAA_Football,NCAA_Football,PL-217520,SUG-b1d7f87e4093274fc689ed00,0,LOSS,,,ESPN_PUBLIC:401856697:FINAL_SCORE_ML
SETTLE-SUG-b207f813860c699834718cea,2026-09-27T00:46:32.380118-07:00,NCAA_Football,NCAA_Football,PAPI-8d9b9a968af64b83,SUG-b207f813860c699834718cea,2,WIN,,,ESPN_PUBLIC:401858470:BOX_SCORE
SETTLE-SUG-b22a8ea2242dab9cdf23982d,2026-09-27T00:46:32.380118-07:00,NCAA_Football,NCAA_Football,PL-217741,SUG-b22a8ea2242dab9cdf23982d,1,WIN,,,ESPN_PUBLIC:401856703:FINAL_SCORE_ML
SETTLE-SUG-b275fab0193b8707c7af52e1,2026-09-27T00:46:32.380118-07:00,NCAA_Football,NCAA_Football,PL-217325,SUG-b275fab0193b8707c7af52e1,1,WIN,,,ESPN_PUBLIC:401860891:FINAL_SCORE_ML
SETTLE-SUG-b2960be7c9940a4a7d617017,2026-09-27T00:46:32.380118-07:00,NCAA_Football,NCAA_Football,PAPI-8d9b9a968af64b83,SUG-b2960be7c9940a4a7d617017,4,WIN,,,ESPN_PUBLIC:401858470:BOX_SCORE
SETTLE-SUG-b2ad3b4e64c038b53a96ae1a,2026-09-27T00:46:32.380118-07:00,NCAA_Football,NCAA_Football,PAPI-4370298155b50de8,SUG-b2ad3b4e64c038b53a96ae1a,30,LOSS,,,ESPN_PUBLIC:401856881:BOX_SCORE
SETTLE-SUG-b325a1682db35071c7f199e7,2026-09-27T00:46:32.380118-07:00,NCAA_Football,NCAA_Football,PAPI-917daaf69473cbd5,SUG-b325a1682db35071c7f199e7,8,LOSS,,,ESPN_PUBLIC:401864572:BOX_SCORE
SETTLE-SUG-b349850cd2225ff342fd22a1,2026-09-27T00:46:32.380118-07:00,NCAA_Football,NCAA_Football,PL-219276,SUG-b349850cd2225ff342fd22a1,1,WIN,,,ESPN_PUBLIC:401869961:FINAL_SCORE_ML
SETTLE-SUG-b36bfe32f15dc86c46c9fbd3,2026-09-27T00:46:32.380118-07:00,NHL,NHL,PL-184843,SUG-b36bfe32f15dc86c46c9fbd3,0,LOSS,,,ESPN_PUBLIC:401879453:FINAL_SCORE_ML
SETTLE-SUG-b3c16357445a08d54c3f198d,2026-09-27T00:46:32.380118-07:00,NCAA_Football,NCAA_Football,PAPI-4370298155b50de8,SUG-b3c16357445a08d54c3f198d,63,WIN,,,ESPN_PUBLIC:401856881:BOX_SCORE
SETTLE-SUG-b489549117bd1ff6a122fbdc,2026-09-27T00:46:32.380118-07:00,NCAA_Football,NCAA_Football,PL-217386,SUG-b489549117bd1ff6a122fbdc,0,LOSS,,,ESPN_PUBLIC:401860892:FINAL_SCORE_ML
SETTLE-SUG-b49f9b92b2dff1717b7ea45b,2026-09-27T00:46:32.380118-07:00,NCAA_Football,NCAA_Football,PL-217386,SUG-b49f9b92b2dff1717b7ea45b,0,LOSS,,,ESPN_PUBLIC:401860892:FINAL_SCORE_ML
SETTLE-SUG-b4a4262927285ffb77f6d260,2026-09-27T00:46:32.380118-07:00,NCAA_Football,NCAA_Football,PL-217921,SUG-b4a4262927285ffb77f6d260,1,WIN,,,ESPN_PUBLIC:401856804:FINAL_SCORE_ML
SETTLE-SUG-b536d6d0e2c1064763ce6494,2026-09-27T00:46:32.380118-07:00,NHL,NHL,2026010060,SUG-b536d6d0e2c1064763ce6494,1,WIN,,,ESPN_PUBLIC:401878104:FINAL_SCORE_ML
SETTLE-SUG-b569445ea78d71c08d88c1df,2026-09-27T00:46:32.380118-07:00,NCAA_Football,NCAA_Football,PL-217921,SUG-b569445ea78d71c08d88c1df,1,WIN,,,ESPN_PUBLIC:401856804:FINAL_SCORE_ML
SETTLE-SUG-b577c9a362e9653acf094842,2026-09-27T00:46:32.380118-07:00,NCAA_Football,NCAA_Football,PAPI-917daaf69473cbd5,SUG-b577c9a362e9653acf094842,2,WIN,,,ESPN_PUBLIC:401864572:BOX_SCORE
SETTLE-SUG-b614c3cc601df8211b645e1d,2026-09-27T00:46:32.380118-07:00,NHL,NHL,PL-184842,SUG-b614c3cc601df8211b645e1d,1,WIN,,,ESPN_PUBLIC:401879647:FINAL_SCORE_ML
SETTLE-SUG-b688feb045eebb9263b79264,2026-09-27T00:46:32.380118-07:00,NHL,NHL,2026010058,SUG-b688feb045eebb9263b79264,1,WIN,,,ESPN_PUBLIC:401886261:FINAL_SCORE_ML
SETTLE-SUG-b7ac985372f9cca3493e4b3e,2026-09-27T00:46:32.380118-07:00,NHL,NHL,2026010056,SUG-b7ac985372f9cca3493e4b3e,0,LOSS,,,ESPN_PUBLIC:401879653:FINAL_SCORE_ML
SETTLE-SUG-b8279085be46639202b02217,2026-09-27T00:46:32.380118-07:00,NCAA_Football,NCAA_Football,PL-217486,SUG-b8279085be46639202b02217,-19,LOSS,,,ESPN_PUBLIC:401858240:BOX_SCORE
SETTLE-SUG-b87993ee0692563051da2622,2026-09-27T00:46:32.380118-07:00,MLB,MLB,PL-232571,SUG-b87993ee0692563051da2622,1,WIN,,,ESPN_PUBLIC:401817096:FINAL_SCORE_ML
SETTLE-SUG-b8aebc3698c1eefdcda2c46c,2026-09-27T00:46:32.380118-07:00,NCAA_Football,NCAA_Football,PL-219276,SUG-b8aebc3698c1eefdcda2c46c,1,WIN,,,ESPN_PUBLIC:401869961:FINAL_SCORE_ML
SETTLE-SUG-b9199ff25f4d707aa35242a3,2026-09-27T00:46:32.380118-07:00,NHL,NHL,PL-184842,SUG-b9199ff25f4d707aa35242a3,1,WIN,,,ESPN_PUBLIC:401879647:FINAL_SCORE_ML
SETTLE-SUG-b965233fe82eeb6e8e2af1f7,2026-09-27T00:46:32.380118-07:00,NHL,NHL,2026010056,SUG-b965233fe82eeb6e8e2af1f7,0,LOSS,,,ESPN_PUBLIC:401879653:FINAL_SCORE_ML
SETTLE-SUG-b9d5d9bf558541b265f8b2f6,2026-09-27T00:46:32.380118-07:00,NHL,NHL,2026010056,SUG-b9d5d9bf558541b265f8b2f6,0,LOSS,,,ESPN_PUBLIC:401879653:FINAL_SCORE_ML
SETTLE-SUG-ba2997544cb50e51943524e1,2026-09-27T00:46:32.380118-07:00,MLB,MLB,PL-232570,SUG-ba2997544cb50e51943524e1,1,WIN,,,ESPN_PUBLIC:401817094:FINAL_SCORE_ML
SETTLE-SUG-ba5964f8cb3e7a26a1e51505,2026-09-27T00:46:32.380118-07:00,NCAA_Football,NCAA_Football,PAPI-4370298155b50de8,SUG-ba5964f8cb3e7a26a1e51505,39,LOSS,,,ESPN_PUBLIC:401856881:BOX_SCORE
SETTLE-SUG-ba7638ef774e0e33feb8510b,2026-09-27T00:46:32.380118-07:00,NCAA_Football,NCAA_Football,PL-217997,SUG-ba7638ef774e0e33feb8510b,1,WIN,,,ESPN_PUBLIC:401860895:FINAL_SCORE_ML
SETTLE-SUG-bba3f35c232180b4d522f426,2026-09-27T00:46:32.380118-07:00,NCAA_Football,NCAA_Football,PAPI-13f3cb56689e81c7,SUG-bba3f35c232180b4d522f426,92,LOSS,,,ESPN_PUBLIC:401864509:BOX_SCORE
SETTLE-SUG-bbd238613f799c543a430e05,2026-09-27T00:46:32.380118-07:00,NCAA_Football,NCAA_Football,PL-217325,SUG-bbd238613f799c543a430e05,1,WIN,,,ESPN_PUBLIC:401860891:FINAL_SCORE_ML
SETTLE-SUG-bc8937cc843dad6df0c7414c,2026-09-27T00:46:32.380118-07:00,NHL,NHL,2026010056,SUG-bc8937cc843dad6df0c7414c,0,LOSS,,,ESPN_PUBLIC:401879653:FINAL_SCORE_ML
SETTLE-SUG-bd1f6b6ce5ff2ebf7e6d2f5d,2026-09-27T00:46:32.380118-07:00,NCAA_Football,NCAA_Football,PAPI-8d9b9a968af64b83,SUG-bd1f6b6ce5ff2ebf7e6d2f5d,17,WIN,,,ESPN_PUBLIC:401858470:BOX_SCORE
SETTLE-SUG-be3783abb9fdb976f3fbdd7e,2026-09-27T00:46:32.380118-07:00,NCAA_Football,NCAA_Football,PAPI-4370298155b50de8,SUG-be3783abb9fdb976f3fbdd7e,29,WIN,,,ESPN_PUBLIC:401856881:BOX_SCORE
SETTLE-SUG-be3f2cc72057c656f730c021,2026-09-27T00:46:32.380118-07:00,NHL,NHL,PL-184842,SUG-be3f2cc72057c656f730c021,1,WIN,,,ESPN_PUBLIC:401879647:FINAL_SCORE_ML
SETTLE-SUG-bed82d26abe57c87146b4809,2026-09-27T00:46:32.380118-07:00,NHL,NHL,PL-184845,SUG-bed82d26abe57c87146b4809,1,WIN,,,ESPN_PUBLIC:401878104:FINAL_SCORE_ML
SETTLE-SUG-bee3bffb5369605f0f36ce8f,2026-09-27T00:46:32.380118-07:00,NCAA_Football,NCAA_Football,PL-217196,SUG-bee3bffb5369605f0f36ce8f,0,LOSS,,,ESPN_PUBLIC:401858470:FINAL_SCORE_ML
SETTLE-SUG-bfd9b24d76ac591c72aa1b05,2026-09-27T00:46:32.380118-07:00,NCAA_Football,NCAA_Football,PL-216889,SUG-bfd9b24d76ac591c72aa1b05,1,WIN,,,ESPN_PUBLIC:401864509:FINAL_SCORE_ML
SETTLE-SUG-bfdad43442ae112875b6d3da,2026-09-27T00:46:32.380118-07:00,NCAA_Football,NCAA_Football,PL-218061,SUG-bfdad43442ae112875b6d3da,0,LOSS,,,ESPN_PUBLIC:401860894:FINAL_SCORE_ML
SETTLE-SUG-bfe27981c498daa584ae05ae,2026-09-27T00:46:32.380118-07:00,MLB,MLB,PL-232577,SUG-bfe27981c498daa584ae05ae,1,WIN,,,ESPN_PUBLIC:401817098:FINAL_SCORE_ML
SETTLE-SUG-c04af9ba772de28729458b2c,2026-09-27T00:46:32.380118-07:00,NHL,NHL,2026010056,SUG-c04af9ba772de28729458b2c,0,LOSS,,,ESPN_PUBLIC:401879653:FINAL_SCORE_ML
SETTLE-SUG-c0644364e5382c664b234ca9,2026-09-27T00:46:32.380118-07:00,NCAA_Football,NCAA_Football,PL-217486,SUG-c0644364e5382c664b234ca9,0,LOSS,,,ESPN_PUBLIC:401858240:FINAL_SCORE_ML
SETTLE-SUG-c06eb1d778feae582fdace9c,2026-09-27T00:46:32.380118-07:00,NCAA_Football,NCAA_Football,PL-218893,SUG-c06eb1d778feae582fdace9c,1,WIN,,,ESPN_PUBLIC:401871048:FINAL_SCORE_ML
SETTLE-SUG-c07b51ff0cebb25fe8c43dea,2026-09-27T00:46:32.380118-07:00,NCAA_Football,NCAA_Football,PL-216889,SUG-c07b51ff0cebb25fe8c43dea,1,WIN,,,ESPN_PUBLIC:401864509:FINAL_SCORE_ML
SETTLE-SUG-c07d760ba3c60abf268405c4,2026-09-27T00:46:32.380118-07:00,NCAA_Football,NCAA_Football,PL-217921,SUG-c07d760ba3c60abf268405c4,129,LOSS,,,ESPN_PUBLIC:401856804:BOX_SCORE
SETTLE-SUG-c14040afe83b917b9efe3c08,2026-09-27T00:46:32.380118-07:00,NCAA_Football,NCAA_Football,PL-217921,SUG-c14040afe83b917b9efe3c08,57,LOSS,,,ESPN_PUBLIC:401856804:BOX_SCORE
SETTLE-SUG-c1455324cce8b8410d48e08f,2026-09-27T00:46:32.380118-07:00,NCAA_Football,NCAA_Football,PL-217005,SUG-c1455324cce8b8410d48e08f,0,LOSS,,,ESPN_PUBLIC:401856881:FINAL_SCORE_ML
SETTLE-SUG-c15df546de1fe6439e944874,2026-09-27T00:46:32.380118-07:00,NHL,NHL,2026010061,SUG-c15df546de1fe6439e944874,0,LOSS,,,ESPN_PUBLIC:401879453:FINAL_SCORE_ML
SETTLE-SUG-c1d47f6f45902fe5b0e75f59,2026-09-27T00:46:32.380118-07:00,NCAA_Football,NCAA_Football,PAPI-4370298155b50de8,SUG-c1d47f6f45902fe5b0e75f59,63,WIN,,,ESPN_PUBLIC:401856881:BOX_SCORE
SETTLE-SUG-c1e2ff55207375ddd42cf06f,2026-09-27T00:46:32.380118-07:00,NCAA_Football,NCAA_Football,PL-217196,SUG-c1e2ff55207375ddd42cf06f,7,WIN,,,ESPN_PUBLIC:401858470:BOX_SCORE
SETTLE-SUG-c201676d8d46a664e9e3a02b,2026-09-27T00:46:32.380118-07:00,NCAA_Football,NCAA_Football,PAPI-db6cdc28cfc83bd0,SUG-c201676d8d46a664e9e3a02b,114,WIN,,,ESPN_PUBLIC:401856703:BOX_SCORE
SETTLE-SUG-c234cdb8b31bf9936b0ef459,2026-09-27T00:46:32.380118-07:00,NCAA_Football,NCAA_Football,PL-217196,SUG-c234cdb8b31bf9936b0ef459,4,WIN,,,ESPN_PUBLIC:401858470:BOX_SCORE
SETTLE-SUG-c320fac2b81ca6238cfcc58b,2026-09-27T00:46:32.380118-07:00,NCAA_Football,NCAA_Football,PAPI-634cd0f89c6c789c,SUG-c320fac2b81ca6238cfcc58b,6,LOSS,,,ESPN_PUBLIC:401856814:BOX_SCORE
SETTLE-SUG-c33b0102bf5ffd9a3ff86d66,2026-09-27T00:46:32.380118-07:00,NCAA_Football,NCAA_Football,PL-217486,SUG-c33b0102bf5ffd9a3ff86d66,52,WIN,,,ESPN_PUBLIC:401858240:BOX_SCORE
SETTLE-SUG-c374f53c15609bb91826f25e,2026-09-27T00:46:32.380118-07:00,NCAA_Football,NCAA_Football,PL-217385,SUG-c374f53c15609bb91826f25e,1,WIN,,,ESPN_PUBLIC:401869931:FINAL_SCORE_ML
SETTLE-SUG-c379baf51ee24821a49c1de6,2026-09-27T00:46:32.380118-07:00,NCAA_Football,NCAA_Football,PL-218061,SUG-c379baf51ee24821a49c1de6,0,LOSS,,,ESPN_PUBLIC:401860894:FINAL_SCORE_ML
SETTLE-SUG-c44582708d38f9048e249fa6,2026-09-27T00:46:32.380118-07:00,NHL,NHL,2026010061,SUG-c44582708d38f9048e249fa6,0,LOSS,,,ESPN_PUBLIC:401879453:FINAL_SCORE_ML
SETTLE-SUG-c495d5f76794288e0de38c68,2026-09-27T00:46:32.380118-07:00,MLB,MLB,PL-232571,SUG-c495d5f76794288e0de38c68,1,WIN,,,ESPN_PUBLIC:401817096:FINAL_SCORE_ML
SETTLE-SUG-c53ff8567c6f22b48ceaeb76,2026-09-27T00:46:32.380118-07:00,NCAA_Football,NCAA_Football,PL-217486,SUG-c53ff8567c6f22b48ceaeb76,396,LOSS,,,ESPN_PUBLIC:401858240:BOX_SCORE
SETTLE-SUG-c5c78557a93fc0003b93afae,2026-09-27T00:46:32.380118-07:00,NHL,NHL,PL-184841,SUG-c5c78557a93fc0003b93afae,0,LOSS,,,ESPN_PUBLIC:401879653:FINAL_SCORE_ML
SETTLE-SUG-c60aebca8f323cd56ed41993,2026-09-27T00:46:32.380118-07:00,NHL,NHL,2026010063,SUG-c60aebca8f323cd56ed41993,0,LOSS,,,ESPN_PUBLIC:401879414:FINAL_SCORE_ML
SETTLE-SUG-c65e599ce664d64abaacfe0c,2026-09-27T00:46:32.380118-07:00,NCAA_Football,NCAA_Football,PL-217486,SUG-c65e599ce664d64abaacfe0c,9,LOSS,,,ESPN_PUBLIC:401858240:BOX_SCORE
SETTLE-SUG-c67984d28a583493872e302b,2026-09-27T00:46:32.380118-07:00,NCAA_Football,NCAA_Football,PAPI-8d9b9a968af64b83,SUG-c67984d28a583493872e302b,4,WIN,,,ESPN_PUBLIC:401858470:BOX_SCORE
SETTLE-SUG-c687897d7ef9a6e2838e4af3,2026-09-27T00:46:32.380118-07:00,NCAA_Football,NCAA_Football,PL-217196,SUG-c687897d7ef9a6e2838e4af3,77,LOSS,,,ESPN_PUBLIC:401858470:BOX_SCORE
SETTLE-SUG-c6f104f113570bbc2152f2dc,2026-09-27T00:46:32.380118-07:00,NCAA_Football,NCAA_Football,PAPI-db6cdc28cfc83bd0,SUG-c6f104f113570bbc2152f2dc,4,LOSS,,,ESPN_PUBLIC:401856703:BOX_SCORE
SETTLE-SUG-c8238f19e26c10d7b4318836,2026-09-27T00:46:32.380118-07:00,NCAA_Football,NCAA_Football,PL-217741,SUG-c8238f19e26c10d7b4318836,1,WIN,,,ESPN_PUBLIC:401856703:FINAL_SCORE_ML
SETTLE-SUG-c8528ce415c350f48c087b7f,2026-09-27T00:46:32.380118-07:00,NHL,NHL,PL-184844,SUG-c8528ce415c350f48c087b7f,0,LOSS,,,ESPN_PUBLIC:401879453:FINAL_SCORE_ML
SETTLE-SUG-c8b6c5966a843e5b83bb03f9,2026-09-27T00:46:32.380118-07:00,NCAA_Football,NCAA_Football,PAPI-db6cdc28cfc83bd0,SUG-c8b6c5966a843e5b83bb03f9,2,LOSS,,,ESPN_PUBLIC:401856703:BOX_SCORE
SETTLE-SUG-c92bfcc3f88fe69fa6d7a8d4,2026-09-27T00:46:32.380118-07:00,NHL,NHL,PL-184842,SUG-c92bfcc3f88fe69fa6d7a8d4,1,WIN,,,ESPN_PUBLIC:401879647:FINAL_SCORE_ML
SETTLE-SUG-c931edebd351d5c74f9130d4,2026-09-27T00:46:32.380118-07:00,NCAA_Football,NCAA_Football,PL-218061,SUG-c931edebd351d5c74f9130d4,0,LOSS,,,ESPN_PUBLIC:401860894:FINAL_SCORE_ML
SETTLE-SUG-c94505adc5e5792e16a3ae0a,2026-09-27T00:46:32.380118-07:00,NCAA_Football,NCAA_Football,PL-217385,SUG-c94505adc5e5792e16a3ae0a,1,WIN,,,ESPN_PUBLIC:401869931:FINAL_SCORE_ML
SETTLE-SUG-c9d8c018a18ca3bdf2a81f55,2026-09-27T00:46:32.380118-07:00,NCAA_Football,NCAA_Football,PAPI-634cd0f89c6c789c,SUG-c9d8c018a18ca3bdf2a81f55,1,LOSS,,,ESPN_PUBLIC:401856814:BOX_SCORE
SETTLE-SUG-ca9386258ef42b06018d63f6,2026-09-27T00:46:32.380118-07:00,NHL,NHL,PL-184845,SUG-ca9386258ef42b06018d63f6,1,WIN,,,ESPN_PUBLIC:401878104:FINAL_SCORE_ML
SETTLE-SUG-cab1319c7f71c0af4672955c,2026-09-27T00:46:32.380118-07:00,NCAA_Football,NCAA_Football,PL-217520,SUG-cab1319c7f71c0af4672955c,0,LOSS,,,ESPN_PUBLIC:401856697:FINAL_SCORE_ML
SETTLE-SUG-cb53f1bba5e08544bf314b1f,2026-09-27T00:46:32.380118-07:00,NCAA_Football,NCAA_Football,PL-217997,SUG-cb53f1bba5e08544bf314b1f,1,WIN,,,ESPN_PUBLIC:401860895:FINAL_SCORE_ML
SETTLE-SUG-cbc21dcd576cf9c07b267c30,2026-09-27T00:46:32.380118-07:00,NCAA_Football,NCAA_Football,PL-217196,SUG-cbc21dcd576cf9c07b267c30,41,LOSS,,,ESPN_PUBLIC:401858470:BOX_SCORE
SETTLE-SUG-cc4b3c993c24ee60e32fabfe,2026-09-27T00:46:32.380118-07:00,NHL,NHL,2026010061,SUG-cc4b3c993c24ee60e32fabfe,0,LOSS,,,ESPN_PUBLIC:401879453:FINAL_SCORE_ML
SETTLE-SUG-cc916b5f7c0d613af5f5429b,2026-09-27T00:46:32.380118-07:00,MLB,MLB,PL-232569,SUG-cc916b5f7c0d613af5f5429b,0,LOSS,,,ESPN_PUBLIC:401817095:FINAL_SCORE_ML
SETTLE-SUG-ce539867d6f334f40a20db7f,2026-09-27T00:46:32.380118-07:00,NCAA_Football,NCAA_Football,PAPI-634cd0f89c6c789c,SUG-ce539867d6f334f40a20db7f,16,WIN,,,ESPN_PUBLIC:401856814:BOX_SCORE
SETTLE-SUG-ce87881e40dc4187910ada12,2026-09-27T00:46:32.380118-07:00,NCAA_Football,NCAA_Football,PL-217196,SUG-ce87881e40dc4187910ada12,1,LOSS,,,ESPN_PUBLIC:401858470:BOX_SCORE
SETTLE-SUG-ce8bf926b0af78c78c8d9b11,2026-09-27T00:46:32.380118-07:00,NCAA_Football,NCAA_Football,PL-219149,SUG-ce8bf926b0af78c78c8d9b11,1,WIN,,,ESPN_PUBLIC:401862784:FINAL_SCORE_ML
SETTLE-SUG-ced866f9d279dd5ca60b5afa,2026-09-27T00:46:32.380118-07:00,NCAA_Football,NCAA_Football,PAPI-634cd0f89c6c789c,SUG-ced866f9d279dd5ca60b5afa,6,WIN,,,ESPN_PUBLIC:401856814:BOX_SCORE
SETTLE-SUG-cf6ae7524f40faa64d9da6f9,2026-09-27T00:46:32.380118-07:00,NCAA_Football,NCAA_Football,PAPI-1685d983ac70615d,SUG-cf6ae7524f40faa64d9da6f9,102,WIN,,,ESPN_PUBLIC:401858241:BOX_SCORE
SETTLE-SUG-cf9fa54c73e4305152a26642,2026-09-27T00:46:32.380118-07:00,NCAA_Football,NCAA_Football,PL-217610,SUG-cf9fa54c73e4305152a26642,1,WIN,,,ESPN_PUBLIC:401856804:FINAL_SCORE_ML
SETTLE-SUG-cfd293a165849466af93a034,2026-09-27T00:46:32.380118-07:00,NCAA_Football,NCAA_Football,PL-217486,SUG-cfd293a165849466af93a034,-19,LOSS,,,ESPN_PUBLIC:401858240:BOX_SCORE
SETTLE-SUG-d038b4a172eb6d1f8d9fe69f,2026-09-27T00:46:32.380118-07:00,NCAA_Football,NCAA_Football,PAPI-8d9b9a968af64b83,SUG-d038b4a172eb6d1f8d9fe69f,17,WIN,,,ESPN_PUBLIC:401858470:BOX_SCORE
SETTLE-SUG-d098e09f3c903a97903ec4b0,2026-09-27T00:46:32.380118-07:00,MLB,MLB,PL-232571,SUG-d098e09f3c903a97903ec4b0,1,WIN,,,ESPN_PUBLIC:401817096:FINAL_SCORE_ML
SETTLE-SUG-d0db3dc32bd82c7f47cf92ed,2026-09-27T00:46:32.380118-07:00,NCAA_Football,NCAA_Football,PL-217921,SUG-d0db3dc32bd82c7f47cf92ed,1,WIN,,,ESPN_PUBLIC:401856804:FINAL_SCORE_ML
SETTLE-SUG-d185d6dc66fb80ba36a55d17,2026-09-27T00:46:32.380118-07:00,NCAA_Football,NCAA_Football,PAPI-4370298155b50de8,SUG-d185d6dc66fb80ba36a55d17,2,WIN,,,ESPN_PUBLIC:401856881:BOX_SCORE
SETTLE-SUG-d22682ef7af99acf2d44b30b,2026-09-27T00:46:32.380118-07:00,NCAA_Football,NCAA_Football,PL-217196,SUG-d22682ef7af99acf2d44b30b,3,WIN,,,ESPN_PUBLIC:401858470:BOX_SCORE
SETTLE-SUG-d2593c201b3a8ad348687e89,2026-09-27T00:46:32.380118-07:00,MLB,MLB,PL-232570,SUG-d2593c201b3a8ad348687e89,1,WIN,,,ESPN_PUBLIC:401817094:FINAL_SCORE_ML
SETTLE-SUG-d31c43b3c1ad87255a39788e,2026-09-27T00:46:32.380118-07:00,NCAA_Football,NCAA_Football,PL-217741,SUG-d31c43b3c1ad87255a39788e,1,WIN,,,ESPN_PUBLIC:401856703:FINAL_SCORE_ML
SETTLE-SUG-d39c9242731722fb67d596f0,2026-09-27T00:46:32.380118-07:00,NCAA_Football,NCAA_Football,PL-217196,SUG-d39c9242731722fb67d596f0,30,LOSS,,,ESPN_PUBLIC:401858470:BOX_SCORE
SETTLE-SUG-d3cdd59e974f0fb65dd4e0dc,2026-09-27T00:46:32.380118-07:00,NCAA_Football,NCAA_Football,PAPI-db6cdc28cfc83bd0,SUG-d3cdd59e974f0fb65dd4e0dc,11,LOSS,,,ESPN_PUBLIC:401856703:BOX_SCORE
SETTLE-SUG-d44301944fe129123ede5da1,2026-09-27T00:46:32.380118-07:00,NHL,NHL,2026010061,SUG-d44301944fe129123ede5da1,0,LOSS,,,ESPN_PUBLIC:401879453:FINAL_SCORE_ML
SETTLE-SUG-d44496988133e74012255607,2026-09-27T00:46:32.380118-07:00,NCAA_Football,NCAA_Football,PAPI-db6cdc28cfc83bd0,SUG-d44496988133e74012255607,360,WIN,,,ESPN_PUBLIC:401856703:BOX_SCORE
SETTLE-SUG-d68057233b4bc306bbe251ca,2026-09-27T00:46:32.380118-07:00,NCAA_Football,NCAA_Football,PL-217196,SUG-d68057233b4bc306bbe251ca,36,WIN,,,ESPN_PUBLIC:401858470:BOX_SCORE
SETTLE-SUG-d8ce5a61afe8a2b470fc2ca3,2026-09-27T00:46:32.380118-07:00,NHL,NHL,2026010061,SUG-d8ce5a61afe8a2b470fc2ca3,0,LOSS,,,ESPN_PUBLIC:401879453:FINAL_SCORE_ML
SETTLE-SUG-d949ab647b129bb673cca09a,2026-09-27T00:46:32.380118-07:00,NCAA_Football,NCAA_Football,PAPI-917daaf69473cbd5,SUG-d949ab647b129bb673cca09a,9,WIN,,,ESPN_PUBLIC:401864572:BOX_SCORE
SETTLE-SUG-d951a7cfaab626fd949eea7a,2026-09-27T00:46:32.380118-07:00,NCAA_Football,NCAA_Football,PL-217385,SUG-d951a7cfaab626fd949eea7a,1,WIN,,,ESPN_PUBLIC:401869931:FINAL_SCORE_ML
SETTLE-SUG-d984f80012b0a84090903a13,2026-09-27T00:46:32.380118-07:00,MLB,MLB,PL-232576,SUG-d984f80012b0a84090903a13,1,WIN,,,ESPN_PUBLIC:401817100:FINAL_SCORE_ML
SETTLE-SUG-d9b51cb159851724e520d1da,2026-09-27T00:46:32.380118-07:00,NCAA_Football,NCAA_Football,PAPI-8d9b9a968af64b83,SUG-d9b51cb159851724e520d1da,17,WIN,,,ESPN_PUBLIC:401858470:BOX_SCORE
SETTLE-SUG-d9c69c12c18e15474b67680a,2026-09-27T00:46:32.380118-07:00,MLB,MLB,PL-232576,SUG-d9c69c12c18e15474b67680a,1,WIN,,,ESPN_PUBLIC:401817100:FINAL_SCORE_ML
SETTLE-SUG-da0377542186d53ee95d39d5,2026-09-27T00:46:32.380118-07:00,NCAA_Football,NCAA_Football,PL-219195,SUG-da0377542186d53ee95d39d5,1,WIN,,,ESPN_PUBLIC:401862780:FINAL_SCORE_ML
SETTLE-SUG-dab76ca2cad0a2e93a5963c1,2026-09-27T00:46:32.380118-07:00,NCAA_Football,NCAA_Football,PL-217196,SUG-dab76ca2cad0a2e93a5963c1,7,WIN,,,ESPN_PUBLIC:401858470:BOX_SCORE
SETTLE-SUG-db71b73291860bfc0899d4f3,2026-09-27T00:46:32.380118-07:00,NCAA_Football,NCAA_Football,PL-219276,SUG-db71b73291860bfc0899d4f3,1,WIN,,,ESPN_PUBLIC:401869961:FINAL_SCORE_ML
SETTLE-SUG-dbdcaa70c81dde05ecb1abfb,2026-09-27T00:46:32.380118-07:00,NCAA_Football,NCAA_Football,PL-217520,SUG-dbdcaa70c81dde05ecb1abfb,0,LOSS,,,ESPN_PUBLIC:401856697:FINAL_SCORE_ML
SETTLE-SUG-dc00a138e0a289af1dc3c432,2026-09-27T00:46:32.380118-07:00,MLB,MLB,PL-232576,SUG-dc00a138e0a289af1dc3c432,0,LOSS,,,ESPN_PUBLIC:401817100:FINAL_SCORE_ML
SETTLE-SUG-dc0db3f2b9b337e1e6fbcf8a,2026-09-27T00:46:32.380118-07:00,NCAA_Football,NCAA_Football,PL-217921,SUG-dc0db3f2b9b337e1e6fbcf8a,297,WIN,,,ESPN_PUBLIC:401856804:BOX_SCORE
SETTLE-SUG-ddadc95c419f444327a2cc83,2026-09-27T00:46:32.380118-07:00,NCAA_Football,NCAA_Football,PL-217196,SUG-ddadc95c419f444327a2cc83,41,LOSS,,,ESPN_PUBLIC:401858470:BOX_SCORE
SETTLE-SUG-ddb14810e4e3b46501c02309,2026-09-27T00:46:32.380118-07:00,MLB,MLB,PL-232570,SUG-ddb14810e4e3b46501c02309,1,WIN,,,ESPN_PUBLIC:401817094:FINAL_SCORE_ML
SETTLE-SUG-dde1f2cfa3cd3f5ce349f9e8,2026-09-27T00:46:32.380118-07:00,MLB,MLB,PL-232574,SUG-dde1f2cfa3cd3f5ce349f9e8,1,WIN,,,ESPN_PUBLIC:401817093:FINAL_SCORE_ML
SETTLE-SUG-defc8136021fb5b47fc515b7,2026-09-27T00:46:32.380118-07:00,NCAA_Football,NCAA_Football,PL-217325,SUG-defc8136021fb5b47fc515b7,1,WIN,,,ESPN_PUBLIC:401860891:FINAL_SCORE_ML
SETTLE-SUG-df842330e2dda842448794a5,2026-09-27T00:46:32.380118-07:00,NCAA_Football,NCAA_Football,PAPI-4370298155b50de8,SUG-df842330e2dda842448794a5,3,LOSS,,,ESPN_PUBLIC:401856881:BOX_SCORE
SETTLE-SUG-dfcb408230002a5b566ec124,2026-09-27T00:46:32.380118-07:00,MLB,MLB,PL-232569,SUG-dfcb408230002a5b566ec124,0,LOSS,,,ESPN_PUBLIC:401817095:FINAL_SCORE_ML
SETTLE-SUG-e04dd0b571cc3a4d14813905,2026-09-27T00:46:32.380118-07:00,NCAA_Football,NCAA_Football,PL-217385,SUG-e04dd0b571cc3a4d14813905,1,WIN,,,ESPN_PUBLIC:401869931:FINAL_SCORE_ML
SETTLE-SUG-e0c29647863f6e0c89cf862a,2026-09-27T00:46:32.380118-07:00,NCAA_Football,NCAA_Football,PL-217994,SUG-e0c29647863f6e0c89cf862a,1,WIN,,,ESPN_PUBLIC:401871048:FINAL_SCORE_ML
SETTLE-SUG-e0d87174222eb67b121bbeff,2026-09-27T00:46:32.380118-07:00,NCAA_Football,NCAA_Football,PL-217386,SUG-e0d87174222eb67b121bbeff,0,LOSS,,,ESPN_PUBLIC:401860892:FINAL_SCORE_ML
SETTLE-SUG-e0f3ebbf94f31e76e7162911,2026-09-27T00:46:32.380118-07:00,NCAA_Football,NCAA_Football,PL-219149,SUG-e0f3ebbf94f31e76e7162911,1,WIN,,,ESPN_PUBLIC:401862784:FINAL_SCORE_ML
SETTLE-SUG-e2565de38d786c541c59ca14,2026-09-27T00:46:32.380118-07:00,NCAA_Football,NCAA_Football,PL-218061,SUG-e2565de38d786c541c59ca14,0,LOSS,,,ESPN_PUBLIC:401860894:FINAL_SCORE_ML
SETTLE-SUG-e270d84b7f9df7c8b4c41894,2026-09-27T00:46:32.380118-07:00,NHL,NHL,PL-184845,SUG-e270d84b7f9df7c8b4c41894,1,WIN,,,ESPN_PUBLIC:401878104:FINAL_SCORE_ML
SETTLE-SUG-e27c614be19d7989a679d6f6,2026-09-27T00:46:32.380118-07:00,NCAA_Football,NCAA_Football,PL-217486,SUG-e27c614be19d7989a679d6f6,3,LOSS,,,ESPN_PUBLIC:401858240:BOX_SCORE
SETTLE-SUG-e294a5421b1385c2b9dcad51,2026-09-27T00:46:32.380118-07:00,NCAA_Football,NCAA_Football,PAPI-634cd0f89c6c789c,SUG-e294a5421b1385c2b9dcad51,6,WIN,,,ESPN_PUBLIC:401856814:BOX_SCORE
SETTLE-SUG-e2b96288c460f90f6e7446d6,2026-09-27T00:46:32.380118-07:00,NCAA_Football,NCAA_Football,PL-217196,SUG-e2b96288c460f90f6e7446d6,58,WIN,,,ESPN_PUBLIC:401858470:BOX_SCORE
SETTLE-SUG-e3888b96e9f160a3fb3687b0,2026-09-27T00:46:32.380118-07:00,NCAA_Football,NCAA_Football,PL-217196,SUG-e3888b96e9f160a3fb3687b0,77,LOSS,,,ESPN_PUBLIC:401858470:BOX_SCORE
SETTLE-SUG-e3893d8dc31460239df8ae08,2026-09-27T00:46:32.380118-07:00,NCAA_Football,NCAA_Football,PL-218061,SUG-e3893d8dc31460239df8ae08,0,LOSS,,,ESPN_PUBLIC:401860894:FINAL_SCORE_ML
SETTLE-SUG-e3d2ddd28599d4ab9a591d5e,2026-09-27T00:46:32.380118-07:00,NCAA_Football,NCAA_Football,PL-217196,SUG-e3d2ddd28599d4ab9a591d5e,0,LOSS,,,ESPN_PUBLIC:401858470:FINAL_SCORE_ML
SETTLE-SUG-e4681a652116fab65af67a1c,2026-09-27T00:46:32.380118-07:00,NCAA_Football,NCAA_Football,PAPI-4370298155b50de8,SUG-e4681a652116fab65af67a1c,34,LOSS,,,ESPN_PUBLIC:401856881:BOX_SCORE
SETTLE-SUG-e4805635abe02506cf345169,2026-09-27T00:46:32.380118-07:00,NCAA_Football,NCAA_Football,PAPI-8d9b9a968af64b83,SUG-e4805635abe02506cf345169,7,WIN,,,ESPN_PUBLIC:401858470:BOX_SCORE
SETTLE-SUG-e50e2824d4f55e2fc98944bf,2026-09-27T00:46:32.380118-07:00,NCAA_Football,NCAA_Football,PAPI-db6cdc28cfc83bd0,SUG-e50e2824d4f55e2fc98944bf,55,WIN,,,ESPN_PUBLIC:401856703:BOX_SCORE
SETTLE-SUG-e60812abb356561a0c211105,2026-09-27T00:46:32.380118-07:00,NCAA_Football,NCAA_Football,PAPI-634cd0f89c6c789c,SUG-e60812abb356561a0c211105,1,LOSS,,,ESPN_PUBLIC:401856814:BOX_SCORE
SETTLE-SUG-e61de790a3c4a09a4df522a2,2026-09-27T00:46:32.380118-07:00,NCAA_Football,NCAA_Football,PL-217196,SUG-e61de790a3c4a09a4df522a2,7,WIN,,,ESPN_PUBLIC:401858470:BOX_SCORE
SETTLE-SUG-e6d9d6054f4323332f74eaa3,2026-09-27T00:46:32.380118-07:00,NCAA_Football,NCAA_Football,PL-219276,SUG-e6d9d6054f4323332f74eaa3,1,WIN,,,ESPN_PUBLIC:401869961:FINAL_SCORE_ML
SETTLE-SUG-e7d0a2fbc6316115c382795d,2026-09-27T00:46:32.380118-07:00,NCAA_Football,NCAA_Football,PL-217196,SUG-e7d0a2fbc6316115c382795d,204,LOSS,,,ESPN_PUBLIC:401858470:BOX_SCORE
SETTLE-SUG-e84b8c820bda5848f88a82d8,2026-09-27T00:46:32.380118-07:00,NCAA_Football,NCAA_Football,PAPI-4370298155b50de8,SUG-e84b8c820bda5848f88a82d8,39,LOSS,,,ESPN_PUBLIC:401856881:BOX_SCORE
SETTLE-SUG-e88470659d0d8f6561fed1ae,2026-09-27T00:46:32.380118-07:00,NCAA_Football,NCAA_Football,PL-216131,SUG-e88470659d0d8f6561fed1ae,1,WIN,,,ESPN_PUBLIC:401862783:FINAL_SCORE_ML
SETTLE-SUG-e89e52aaa1df9c12d5a662ec,2026-09-27T00:46:32.380118-07:00,NCAA_Football,NCAA_Football,PL-217997,SUG-e89e52aaa1df9c12d5a662ec,1,WIN,,,ESPN_PUBLIC:401860895:FINAL_SCORE_ML
SETTLE-SUG-e8b4a2c2db1fe395813eb694,2026-09-27T00:46:32.380118-07:00,NCAA_Football,NCAA_Football,PL-217196,SUG-e8b4a2c2db1fe395813eb694,2,WIN,,,ESPN_PUBLIC:401858470:BOX_SCORE
SETTLE-SUG-e9437abbbf825fd30c5807f4,2026-09-27T00:46:32.380118-07:00,NCAA_Football,NCAA_Football,PL-216889,SUG-e9437abbbf825fd30c5807f4,1,WIN,,,ESPN_PUBLIC:401864509:FINAL_SCORE_ML
SETTLE-SUG-ea177c0b5953ba8fbb0fed71,2026-09-27T00:46:32.380118-07:00,NCAA_Football,NCAA_Football,PL-217997,SUG-ea177c0b5953ba8fbb0fed71,1,WIN,,,ESPN_PUBLIC:401860895:FINAL_SCORE_ML
SETTLE-SUG-ea2c416dc817a99968f0183b,2026-09-27T00:46:32.380118-07:00,NCAA_Football,NCAA_Football,PL-219149,SUG-ea2c416dc817a99968f0183b,1,WIN,,,ESPN_PUBLIC:401862784:FINAL_SCORE_ML
SETTLE-SUG-ea986c69fe028cdb8a8a8858,2026-09-27T00:46:32.380118-07:00,NCAA_Football,NCAA_Football,PL-219276,SUG-ea986c69fe028cdb8a8a8858,1,WIN,,,ESPN_PUBLIC:401869961:FINAL_SCORE_ML
SETTLE-SUG-eb41eb937c16f63ce3917485,2026-09-27T00:46:32.380118-07:00,NCAA_Football,NCAA_Football,PL-217486,SUG-eb41eb937c16f63ce3917485,2,WIN,,,ESPN_PUBLIC:401858240:BOX_SCORE
SETTLE-SUG-eba1834563724709f4422c33,2026-09-27T00:46:32.380118-07:00,NCAA_Football,NCAA_Football,PL-217005,SUG-eba1834563724709f4422c33,0,LOSS,,,ESPN_PUBLIC:401856881:FINAL_SCORE_ML
SETTLE-SUG-eba448ad97fc80f5707de551,2026-09-27T00:46:32.380118-07:00,NHL,NHL,PL-184844,SUG-eba448ad97fc80f5707de551,0,LOSS,,,ESPN_PUBLIC:401879453:FINAL_SCORE_ML
SETTLE-SUG-ec311971797287e9b5c6b8ba,2026-09-27T00:46:32.380118-07:00,NCAA_Football,NCAA_Football,PL-217994,SUG-ec311971797287e9b5c6b8ba,1,WIN,,,ESPN_PUBLIC:401871048:FINAL_SCORE_ML
SETTLE-SUG-eccc625936a28abe921a0769,2026-09-27T00:46:32.380118-07:00,NCAA_Football,NCAA_Football,PL-217196,SUG-eccc625936a28abe921a0769,1,LOSS,,,ESPN_PUBLIC:401858470:BOX_SCORE
SETTLE-SUG-ed7690e0a1cfc412923204f0,2026-09-27T00:46:32.380118-07:00,NCAA_Football,NCAA_Football,PL-217196,SUG-ed7690e0a1cfc412923204f0,0,LOSS,,,ESPN_PUBLIC:401858470:FINAL_SCORE_ML
SETTLE-SUG-edd8d74f594006c1ce99cbc2,2026-09-27T00:46:32.380118-07:00,MLB,MLB,PL-232574,SUG-edd8d74f594006c1ce99cbc2,1,WIN,,,ESPN_PUBLIC:401817093:FINAL_SCORE_ML
SETTLE-SUG-ee03d6ae8f5237c2dfc55b9c,2026-09-27T00:46:32.380118-07:00,NHL,NHL,2026010060,SUG-ee03d6ae8f5237c2dfc55b9c,1,WIN,,,ESPN_PUBLIC:401878104:FINAL_SCORE_ML
SETTLE-SUG-ee40f91cc0c544625607054d,2026-09-27T00:46:32.380118-07:00,MLB,MLB,PL-232570,SUG-ee40f91cc0c544625607054d,1,WIN,,,ESPN_PUBLIC:401817094:FINAL_SCORE_ML
SETTLE-SUG-ee665079e6e4ed4a8e2f95f8,2026-09-27T00:46:32.380118-07:00,NCAA_Football,NCAA_Football,PAPI-db6cdc28cfc83bd0,SUG-ee665079e6e4ed4a8e2f95f8,3,WIN,,,ESPN_PUBLIC:401856703:BOX_SCORE
SETTLE-SUG-ee76fd34f6f4059a8510c765,2026-09-27T00:46:32.380118-07:00,NCAA_Football,NCAA_Football,PAPI-db6cdc28cfc83bd0,SUG-ee76fd34f6f4059a8510c765,25,WIN,,,ESPN_PUBLIC:401856703:BOX_SCORE
SETTLE-SUG-eeb14a53d31ff7f27b834194,2026-09-27T00:46:32.380118-07:00,NCAA_Football,NCAA_Football,PL-218893,SUG-eeb14a53d31ff7f27b834194,1,WIN,,,ESPN_PUBLIC:401871048:FINAL_SCORE_ML
SETTLE-SUG-f0422fa588157851af08a9dd,2026-09-27T00:46:32.380118-07:00,NCAA_Football,NCAA_Football,PL-218061,SUG-f0422fa588157851af08a9dd,0,LOSS,,,ESPN_PUBLIC:401860894:FINAL_SCORE_ML
SETTLE-SUG-f09e9448d41833a5db330d64,2026-09-27T00:46:32.380118-07:00,NCAA_Football,NCAA_Football,PL-217196,SUG-f09e9448d41833a5db330d64,0,LOSS,,,ESPN_PUBLIC:401858470:FINAL_SCORE_ML
SETTLE-SUG-f0e2b97eca8e8888126be243,2026-09-27T00:46:32.380118-07:00,MLB,MLB,PL-232575,SUG-f0e2b97eca8e8888126be243,1,WIN,,,ESPN_PUBLIC:401817099:FINAL_SCORE_ML
SETTLE-SUG-f16a3fd81e256acaf84a2da5,2026-09-27T00:46:32.380118-07:00,NCAA_Football,NCAA_Football,PL-217921,SUG-f16a3fd81e256acaf84a2da5,4,WIN,,,ESPN_PUBLIC:401856804:BOX_SCORE
SETTLE-SUG-f197953e0ed97b3862829bbd,2026-09-27T00:46:32.380118-07:00,NCAA_Football,NCAA_Football,PL-217196,SUG-f197953e0ed97b3862829bbd,0,LOSS,,,ESPN_PUBLIC:401858470:FINAL_SCORE_ML
SETTLE-SUG-f1b1983859efb9132c3cb012,2026-09-27T00:46:32.380118-07:00,NCAA_Football,NCAA_Football,PAPI-db6cdc28cfc83bd0,SUG-f1b1983859efb9132c3cb012,295,WIN,,,ESPN_PUBLIC:401856703:BOX_SCORE
SETTLE-SUG-f1b89ec6aa7fa10a9a15707d,2026-09-27T00:46:32.380118-07:00,NHL,NHL,2026010058,SUG-f1b89ec6aa7fa10a9a15707d,1,WIN,,,ESPN_PUBLIC:401886261:FINAL_SCORE_ML
SETTLE-SUG-f2037b810e0823913478242a,2026-09-27T00:46:32.380118-07:00,MLB,MLB,PL-232571,SUG-f2037b810e0823913478242a,1,WIN,,,ESPN_PUBLIC:401817096:FINAL_SCORE_ML
SETTLE-SUG-f2064fd7dd3a60a0eca5a85f,2026-09-27T00:46:32.380118-07:00,NCAA_Football,NCAA_Football,PL-218061,SUG-f2064fd7dd3a60a0eca5a85f,0,LOSS,,,ESPN_PUBLIC:401860894:FINAL_SCORE_ML
SETTLE-SUG-f23d557cfeaaaadc6ca78393,2026-09-27T00:46:32.380118-07:00,NCAA_Football,NCAA_Football,PL-217385,SUG-f23d557cfeaaaadc6ca78393,1,WIN,,,ESPN_PUBLIC:401869931:FINAL_SCORE_ML
SETTLE-SUG-f373aace417e8f9b89158490,2026-09-27T00:46:32.380118-07:00,NCAA_Football,NCAA_Football,PL-217486,SUG-f373aace417e8f9b89158490,268,WIN,,,ESPN_PUBLIC:401858240:BOX_SCORE
SETTLE-SUG-f3afd5a767b48994c57b9c2f,2026-09-27T00:46:32.380118-07:00,NCAA_Football,NCAA_Football,PL-217486,SUG-f3afd5a767b48994c57b9c2f,9,LOSS,,,ESPN_PUBLIC:401858240:BOX_SCORE
SETTLE-SUG-f43b8c45223c74dc7aa1290a,2026-09-27T00:46:32.380118-07:00,NCAA_Football,NCAA_Football,PL-217486,SUG-f43b8c45223c74dc7aa1290a,0,LOSS,,,ESPN_PUBLIC:401858240:FINAL_SCORE_ML
SETTLE-SUG-f4457064078a1a18f3da36ad,2026-09-27T00:46:32.380118-07:00,NCAA_Football,NCAA_Football,PL-217486,SUG-f4457064078a1a18f3da36ad,396,LOSS,,,ESPN_PUBLIC:401858240:BOX_SCORE
SETTLE-SUG-f44f16c6d72a48d0de71831b,2026-09-27T00:46:32.380118-07:00,NCAA_Football,NCAA_Football,PAPI-917daaf69473cbd5,SUG-f44f16c6d72a48d0de71831b,317,WIN,,,ESPN_PUBLIC:401864572:BOX_SCORE
SETTLE-SUG-f488f22d641e06a2f62eea12,2026-09-27T00:46:32.380118-07:00,MLB,MLB,PL-232569,SUG-f488f22d641e06a2f62eea12,1,WIN,,,ESPN_PUBLIC:401817095:FINAL_SCORE_ML
SETTLE-SUG-f4ed929ae9c0b714a065dd7c,2026-09-27T00:46:32.380118-07:00,NCAA_Football,NCAA_Football,PL-219195,SUG-f4ed929ae9c0b714a065dd7c,1,WIN,,,ESPN_PUBLIC:401862780:FINAL_SCORE_ML
SETTLE-SUG-f5282a2f6e567801c0204fd6,2026-09-27T00:46:32.380118-07:00,NCAA_Football,NCAA_Football,PL-216889,SUG-f5282a2f6e567801c0204fd6,1,WIN,,,ESPN_PUBLIC:401864509:FINAL_SCORE_ML
SETTLE-SUG-f532c286acd51ccb9a16bc39,2026-09-27T00:46:32.380118-07:00,NHL,NHL,2026010058,SUG-f532c286acd51ccb9a16bc39,1,WIN,,,ESPN_PUBLIC:401886261:FINAL_SCORE_ML
SETTLE-SUG-f540bb872387bb1c4156d697,2026-09-27T00:46:32.380118-07:00,NCAA_Football,NCAA_Football,PAPI-d41ddd0b6949370d,SUG-f540bb872387bb1c4156d697,1,LOSS,,,ESPN_PUBLIC:401856804:BOX_SCORE
SETTLE-SUG-f5bd4bebebc98d9d55404a9e,2026-09-27T00:46:32.380118-07:00,NCAA_Football,NCAA_Football,PAPI-634cd0f89c6c789c,SUG-f5bd4bebebc98d9d55404a9e,5,WIN,,,ESPN_PUBLIC:401856814:BOX_SCORE
SETTLE-SUG-f633a445278d36973e805042,2026-09-27T00:46:32.380118-07:00,NHL,NHL,2026010056,SUG-f633a445278d36973e805042,0,LOSS,,,ESPN_PUBLIC:401879653:FINAL_SCORE_ML
SETTLE-SUG-f6778a4c805fc010370c11f5,2026-09-27T00:46:32.380118-07:00,NCAA_Football,NCAA_Football,PAPI-634cd0f89c6c789c,SUG-f6778a4c805fc010370c11f5,80,WIN,,,ESPN_PUBLIC:401856814:BOX_SCORE
SETTLE-SUG-f6d6499cc2c32c7f651ac1ad,2026-09-27T00:46:32.380118-07:00,MLB,MLB,PL-232569,SUG-f6d6499cc2c32c7f651ac1ad,0,LOSS,,,ESPN_PUBLIC:401817095:FINAL_SCORE_ML
SETTLE-SUG-f6dfa362345da7eb745674bb,2026-09-27T00:46:32.380118-07:00,NCAA_Football,NCAA_Football,PAPI-d41ddd0b6949370d,SUG-f6dfa362345da7eb745674bb,129,LOSS,,,ESPN_PUBLIC:401856804:BOX_SCORE
SETTLE-SUG-f703c678a45162eaedd00ca2,2026-09-27T00:46:32.380118-07:00,MLB,MLB,PL-232570,SUG-f703c678a45162eaedd00ca2,1,WIN,,,ESPN_PUBLIC:401817094:FINAL_SCORE_ML
SETTLE-SUG-f722e10b16666fdc6a83d9bd,2026-09-27T00:46:32.380118-07:00,NCAA_Football,NCAA_Football,PAPI-634cd0f89c6c789c,SUG-f722e10b16666fdc6a83d9bd,292,LOSS,,,ESPN_PUBLIC:401856814:BOX_SCORE
SETTLE-SUG-f7c84c5cae4d81aa90cdf5c3,2026-09-27T00:46:32.380118-07:00,NCAA_Football,NCAA_Football,PAPI-4370298155b50de8,SUG-f7c84c5cae4d81aa90cdf5c3,34,LOSS,,,ESPN_PUBLIC:401856881:BOX_SCORE
SETTLE-SUG-f7db428f8ab7834a785baa0b,2026-09-27T00:46:32.380118-07:00,NCAA_Football,NCAA_Football,PL-219195,SUG-f7db428f8ab7834a785baa0b,1,WIN,,,ESPN_PUBLIC:401862780:FINAL_SCORE_ML
SETTLE-SUG-f7e7e9f4be72e3fa3650d869,2026-09-27T00:46:32.380118-07:00,NCAA_Football,NCAA_Football,PAPI-db6cdc28cfc83bd0,SUG-f7e7e9f4be72e3fa3650d869,8,WIN,,,ESPN_PUBLIC:401856703:BOX_SCORE
SETTLE-SUG-f90907461e726c46865461d6,2026-09-27T00:46:32.380118-07:00,NCAA_Football,NCAA_Football,PAPI-4370298155b50de8,SUG-f90907461e726c46865461d6,389,WIN,,,ESPN_PUBLIC:401856881:BOX_SCORE
SETTLE-SUG-f9090929dca9f1037f03def6,2026-09-27T00:46:32.380118-07:00,NCAA_Football,NCAA_Football,PAPI-db6cdc28cfc83bd0,SUG-f9090929dca9f1037f03def6,26,WIN,,,ESPN_PUBLIC:401856703:BOX_SCORE
SETTLE-SUG-f98331724a552dc1578d9258,2026-09-27T00:46:32.380118-07:00,NCAA_Football,NCAA_Football,PL-217994,SUG-f98331724a552dc1578d9258,1,WIN,,,ESPN_PUBLIC:401871048:FINAL_SCORE_ML
SETTLE-SUG-f9cafe8a26225bf58d30bbb4,2026-09-27T00:46:32.380118-07:00,MLB,MLB,PL-232576,SUG-f9cafe8a26225bf58d30bbb4,1,WIN,,,ESPN_PUBLIC:401817100:FINAL_SCORE_ML
SETTLE-SUG-fb186c164beaa1d7a0987ab2,2026-09-27T00:46:32.380118-07:00,NCAA_Football,NCAA_Football,PAPI-4370298155b50de8,SUG-fb186c164beaa1d7a0987ab2,30,WIN,,,ESPN_PUBLIC:401856881:BOX_SCORE
SETTLE-SUG-fc467b9e6825b2e3188dd7d0,2026-09-27T00:46:32.380118-07:00,NHL,NHL,PL-184819,SUG-fc467b9e6825b2e3188dd7d0,0,LOSS,,,ESPN_PUBLIC:401879651:FINAL_SCORE_ML
SETTLE-SUG-fc7cd51408c8715c74e8d7a7,2026-09-27T00:46:32.380118-07:00,NCAA_Football,NCAA_Football,PL-216889,SUG-fc7cd51408c8715c74e8d7a7,1,WIN,,,ESPN_PUBLIC:401864509:FINAL_SCORE_ML
SETTLE-SUG-fcb43bbe14e001d3c4993746,2026-09-27T00:46:32.380118-07:00,NCAA_Football,NCAA_Football,PAPI-917daaf69473cbd5,SUG-fcb43bbe14e001d3c4993746,2,LOSS,,,ESPN_PUBLIC:401864572:BOX_SCORE
SETTLE-SUG-fd95f5fd3d78220dc29e53ab,2026-09-27T00:46:32.380118-07:00,NCAA_Football,NCAA_Football,PL-217486,SUG-fd95f5fd3d78220dc29e53ab,2,LOSS,,,ESPN_PUBLIC:401858240:BOX_SCORE
SETTLE-SUG-fdbb55e2bd85309ef2d2be84,2026-09-27T00:46:32.380118-07:00,NCAA_Football,NCAA_Football,PAPI-4370298155b50de8,SUG-fdbb55e2bd85309ef2d2be84,39,LOSS,,,ESPN_PUBLIC:401856881:BOX_SCORE
SETTLE-SUG-fe4911ca48eed6ab16b79cb1,2026-09-27T00:46:32.380118-07:00,NCAA_Football,NCAA_Football,PAPI-634cd0f89c6c789c,SUG-fe4911ca48eed6ab16b79cb1,1,LOSS,,,ESPN_PUBLIC:401856814:BOX_SCORE
SETTLE-SUG-fe63fb1f89ecfca528037211,2026-09-27T00:46:32.380118-07:00,NCAA_Football,NCAA_Football,PAPI-8d9b9a968af64b83,SUG-fe63fb1f89ecfca528037211,2,LOSS,,,ESPN_PUBLIC:401858470:BOX_SCORE
SETTLE-SUG-ff15768cd9dc9297b6211d31,2026-09-27T00:46:32.380118-07:00,NCAA_Football,NCAA_Football,PL-219149,SUG-ff15768cd9dc9297b6211d31,1,WIN,,,ESPN_PUBLIC:401862784:FINAL_SCORE_ML
SETTLE-SUG-ff60140f6ffca9da587cc188,2026-09-27T00:46:32.380118-07:00,NCAA_Football,NCAA_Football,PL-217196,SUG-ff60140f6ffca9da587cc188,58,WIN,,,ESPN_PUBLIC:401858470:BOX_SCORE
SETTLE-SUG-ff66f8d9d6fd36aaa06feaa3,2026-09-27T00:46:32.380118-07:00,MLB,MLB,PL-232576,SUG-ff66f8d9d6fd36aaa06feaa3,1,WIN,,,ESPN_PUBLIC:401817100:FINAL_SCORE_ML
SETTLE-SUG-ffaeb65e66e48f858113701f,2026-09-27T00:46:32.380118-07:00,NCAA_Football,NCAA_Football,PL-217386,SUG-ffaeb65e66e48f858113701f,0,LOSS,,,ESPN_PUBLIC:401860892:FINAL_SCORE_ML
