snapshot_id,collected_at_pt,sport,league,event_id,event_start_utc,venue,venue_city,venue_state,venue_indoor,latitude,longitude,weather_time_utc,source,observation_type,temperature_2m,apparent_temperature,relative_humidity_2m,precipitation_probability,precipitation,rain,snowfall,weather_code,surface_pressure,wind_speed_10m,wind_direction_10m,wind_gusts_10m
OPEN_METEO-FORECAST-401872948-20260917T180632Z,2026-09-17T11:06:32.479998-07:00,NFL,NFL,401872948,2026-09-25T00:15:00+00:00,Lambeau Field,Green Bay,WI,False,44.51916,-88.01983,2026-09-25T00:00Z,OPEN_METEO_FORECAST,FORECAST,57.7,55.4,79,6,0.0,0.0,0.0,0,1001.8,6.4,100,6.3
OPEN_METEO-FORECAST-401817070-20260917T180632Z,2026-09-17T11:06:32.479998-07:00,MLB,MLB,401817070,2026-09-25T01:40:00+00:00,Sutter Health Park,Sacramento,California,False,38.58157,-121.4944,2026-09-25T02:00Z,OPEN_METEO_FORECAST,FORECAST,82.6,75.8,20,0,0.0,0.0,0.0,3,1005.7,9.1,197,20.1
OPEN_METEO-FORECAST-401817071-20260917T180632Z,2026-09-17T11:06:32.479998-07:00,MLB,MLB,401817071,2026-09-25T02:10:00+00:00,Dodger Stadium,Los Angeles,California,False,34.05223,-118.24368,2026-09-25T02:00Z,OPEN_METEO_FORECAST,FORECAST,75.8,76.1,59,0,0.0,0.0,0.0,0,1001.0,7.7,234,4.7
OPEN_METEO-FORECAST-401872947-20260917T180632Z,2026-09-17T11:06:32.479998-07:00,NFL,NFL,401872947,2026-09-22T00:15:00+00:00,SoFi Stadium,Inglewood,CA,False,33.96168,-118.35313,2026-09-22T00:00Z,OPEN_METEO_FORECAST,FORECAST,72.7,71.1,63,0,0.0,0.0,0.0,0,1005.4,11.2,254,5.8
OPEN_METEO-FORECAST-401873648-20260917T180632Z,2026-09-17T11:06:32.479998-07:00,MLB,MLB,401873648,2026-09-22T17:05:00+00:00,Yankee Stadium,Bronx,New York,False,40.93815,-73.83208,2026-09-22T17:00Z,OPEN_METEO_FORECAST,FORECAST,55.2,50.1,87,27,0.016,0.016,0.0,51,1023.6,13.2,55,15.4
OPEN_METEO-FORECAST-401817035-20260917T180632Z,2026-09-17T11:06:32.479998-07:00,MLB,MLB,401817035,2026-09-22T22:35:00+00:00,Oriole Park at Camden Yards,Baltimore,Maryland,False,39.29038,-76.61219,2026-09-22T23:00Z,OPEN_METEO_FORECAST,FORECAST,59.6,56.6,92,44,0.008,0.004,0.0,51,1022.6,12.8,71,23.9
OPEN_METEO-FORECAST-401817032-20260917T180632Z,2026-09-17T11:06:32.479998-07:00,MLB,MLB,401817032,2026-09-22T22:40:00+00:00,Citizens Bank Park,Philadelphia,Pennsylvania,False,39.95238,-75.16362,2026-09-22T23:00Z,OPEN_METEO_FORECAST,FORECAST,56.0,52.1,93,38,0.028,0.028,0.0,53,1025.0,12.4,55,23.0
OPEN_METEO-FORECAST-401817033-20260917T180632Z,2026-09-17T11:06:32.479998-07:00,MLB,MLB,401817033,2026-09-22T22:40:00+00:00,PNC Park,Pittsburgh,Pennsylvania,False,40.44062,-79.99589,2026-09-22T23:00Z,OPEN_METEO_FORECAST,FORECAST,62.8,61.7,92,50,0.016,0.0,0.0,51,996.1,11.0,108,27.7
OPEN_METEO-FORECAST-401817036-20260917T180632Z,2026-09-17T11:06:32.479998-07:00,MLB,MLB,401817036,2026-09-22T22:40:00+00:00,Comerica Park,Detroit,Michigan,False,42.33143,-83.04575,2026-09-22T23:00Z,OPEN_METEO_FORECAST,FORECAST,57.6,54.3,85,22,0.0,0.0,0.0,3,1002.6,10.1,32,24.4
OPEN_METEO-FORECAST-401817031-20260917T180632Z,2026-09-17T11:06:32.479998-07:00,MLB,MLB,401817031,2026-09-22T22:45:00+00:00,Fenway Park,Boston,Massachusetts,False,42.35843,-71.05977,2026-09-22T23:00Z,OPEN_METEO_FORECAST,FORECAST,55.5,47.1,57,10,0.0,0.0,0.0,3,1028.8,14.4,54,15.9
OPEN_METEO-FORECAST-401817034-20260917T180632Z,2026-09-17T11:06:32.479998-07:00,MLB,MLB,401817034,2026-09-22T23:05:00+00:00,Yankee Stadium,Bronx,New York,False,40.93815,-73.83208,2026-09-22T23:00Z,OPEN_METEO_FORECAST,FORECAST,54.2,49.6,84,23,0.0,0.0,0.0,3,1024.0,10.4,47,16.6
OPEN_METEO-FORECAST-401817030-20260917T180632Z,2026-09-17T11:06:32.479998-07:00,MLB,MLB,401817030,2026-09-22T23:15:00+00:00,Truist Park,Atlanta,Georgia,False,33.749,-84.38798,2026-09-22T23:00Z,OPEN_METEO_FORECAST,FORECAST,86.2,90.8,48,29,0.0,0.0,0.0,3,978.0,1.3,135,9.2
OPEN_METEO-FORECAST-401817037-20260917T180632Z,2026-09-17T11:06:32.479998-07:00,MLB,MLB,401817037,2026-09-22T23:40:00+00:00,Kauffman Stadium,Kansas City,Missouri,False,39.09973,-94.57857,2026-09-22T23:00Z,OPEN_METEO_FORECAST,FORECAST,67.4,65.8,63,4,0.0,0.0,0.0,3,986.5,7.0,42,13.2
OPEN_METEO-FORECAST-401817038-20260917T180632Z,2026-09-17T11:06:32.479998-07:00,MLB,MLB,401817038,2026-09-22T23:40:00+00:00,Wrigley Field,Chicago,Illinois,False,41.85003,-87.65005,2026-09-22T23:00Z,OPEN_METEO_FORECAST,FORECAST,60.6,55.7,69,13,0.0,0.0,0.0,3,1002.3,11.9,52,18.6
OPEN_METEO-FORECAST-401817029-20260917T180632Z,2026-09-17T11:06:32.479998-07:00,MLB,MLB,401817029,2026-09-22T01:45:00+00:00,Oracle Park,San Francisco,California,False,37.77493,-122.41942,2026-09-22T02:00Z,OPEN_METEO_FORECAST,FORECAST,62.2,59.7,75,0,0.0,0.0,0.0,0,1010.8,8.9,236,7.6
OPEN_METEO-FORECAST-401872932-20260917T180632Z,2026-09-17T11:06:32.479998-07:00,NFL,NFL,401872932,2026-09-18T00:15:00+00:00,Highmark Stadium,Orchard Park,NY,False,42.76756,-78.74392,2026-09-18T00:00Z,OPEN_METEO_FORECAST,FORECAST,70.3,73.9,83,2,0.0,0.0,0.0,3,989.4,4.7,245,8.7
OPEN_METEO-FORECAST-401858226-20260917T180632Z,2026-09-17T11:06:32.479998-07:00,NCAA_Football,NCAA_Football,401858226,2026-09-18T23:30:00+00:00,Allegacy Federal Credit Union Stadium,Winston-Salem,NC,False,36.09986,-80.24422,2026-09-18T23:00Z,OPEN_METEO_FORECAST,FORECAST,83.7,87.9,58,24,0.0,0.0,0.0,3,983.7,5.6,61,9.2
OPEN_METEO-FORECAST-401816984-20260917T180632Z,2026-09-17T11:06:32.479998-07:00,MLB,MLB,401816984,2026-09-18T22:40:00+00:00,Great American Ball Park,Cincinnati,Ohio,False,39.12711,-84.51439,2026-09-18T23:00Z,OPEN_METEO_FORECAST,FORECAST,72.3,76.2,86,3,0.0,0.0,0.0,3,988.1,6.9,29,15.2
OPEN_METEO-FORECAST-401816985-20260917T180632Z,2026-09-17T11:06:32.479998-07:00,MLB,MLB,401816985,2026-09-18T22:40:00+00:00,PNC Park,Pittsburgh,Pennsylvania,False,40.44062,-79.99589,2026-09-18T23:00Z,OPEN_METEO_FORECAST,FORECAST,71.7,75.0,76,0,0.0,0.0,0.0,1,992.1,3.8,360,11.2
OPEN_METEO-FORECAST-401816986-20260917T180632Z,2026-09-17T11:06:32.479998-07:00,MLB,MLB,401816986,2026-09-18T23:05:00+00:00,Oriole Park at Camden Yards,Baltimore,Maryland,False,39.29038,-76.61219,2026-09-18T23:00Z,OPEN_METEO_FORECAST,FORECAST,77.9,76.8,45,0,0.0,0.0,0.0,0,1015.1,6.3,360,14.8
OPEN_METEO-FORECAST-401816987-20260917T180632Z,2026-09-17T11:06:32.479998-07:00,MLB,MLB,401816987,2026-09-18T23:10:00+00:00,Citi Field,Queens,New York,False,40.68149,-73.83652,2026-09-18T23:00Z,OPEN_METEO_FORECAST,FORECAST,73.4,72.5,53,0,0.0,0.0,0.0,0,1017.1,5.9,11,15.0
OPEN_METEO-FORECAST-401816989-20260917T180632Z,2026-09-17T11:06:32.479998-07:00,MLB,MLB,401816989,2026-09-18T23:40:00+00:00,Rate Field,Chicago,Illinois,False,41.85003,-87.65005,2026-09-18T23:00Z,OPEN_METEO_FORECAST,FORECAST,66.2,66.1,81,3,0.0,0.0,0.0,3,1000.7,8.6,53,16.1
OPEN_METEO-FORECAST-401816981-20260917T180632Z,2026-09-17T11:06:32.479998-07:00,MLB,MLB,401816981,2026-09-18T01:38:00+00:00,Angel Stadium,Anaheim,California,False,33.83529,-117.9145,2026-09-18T02:00Z,OPEN_METEO_FORECAST,FORECAST,73.4,73.5,61,0,0.0,0.0,0.0,0,1011.3,6.9,274,9.8
OPEN_METEO-FORECAST-401872945-20260917T180632Z,2026-09-17T11:06:32.479998-07:00,NFL,NFL,401872945,2026-09-21T00:20:00+00:00,Arrowhead Stadium,Kansas City,MO,False,39.09973,-94.57857,2026-09-21T00:00Z,OPEN_METEO_FORECAST,FORECAST,74.0,75.9,74,46,0.0,0.0,0.0,3,979.1,8.5,6,13.6
OPEN_METEO-FORECAST-401817027-20260917T180632Z,2026-09-17T11:06:32.479998-07:00,MLB,MLB,401817027,2026-09-21T22:35:00+00:00,Oriole Park at Camden Yards,Baltimore,Maryland,False,39.29038,-76.61219,2026-09-21T23:00Z,OPEN_METEO_FORECAST,FORECAST,71.7,71.6,67,32,0.0,0.0,0.0,3,1016.3,8.1,74,11.0
OPEN_METEO-FORECAST-401817028-20260917T180632Z,2026-09-17T11:06:32.479998-07:00,MLB,MLB,401817028,2026-09-21T22:40:00+00:00,Comerica Park,Detroit,Michigan,False,42.33143,-83.04575,2026-09-21T23:00Z,OPEN_METEO_FORECAST,FORECAST,53.7,49.0,91,11,0.028,0.028,0.0,53,998.6,12.2,54,17.9
OPEN_METEO-FORECAST-401858225-20260917T180632Z,2026-09-17T11:06:32.479998-07:00,NCAA_Football,NCAA_Football,401858225,2026-09-17T23:30:00+00:00,Acrisure Stadium,Pittsburgh,PA,False,40.44062,-79.99589,2026-09-17T23:00Z,OPEN_METEO_FORECAST,FORECAST,76.6,84.8,89,8,0.0,0.0,0.0,3,992.8,3.8,267,13.6
OPEN_METEO-FORECAST-401816975-20260917T180632Z,2026-09-17T11:06:32.479998-07:00,MLB,MLB,401816975,2026-09-17T16:35:00+00:00,PNC Park,Pittsburgh,Pennsylvania,False,40.44062,-79.99589,2026-09-17T17:00Z,OPEN_METEO_FORECAST,FORECAST,79.1,86.7,86,12,0.0,0.0,0.0,3,995.2,6.9,241,14.3
OPEN_METEO-FORECAST-401816974-20260917T180632Z,2026-09-17T11:06:32.479998-07:00,MLB,MLB,401816974,2026-09-17T16:40:00+00:00,Great American Ball Park,Cincinnati,Ohio,False,39.12711,-84.51439,2026-09-17T17:00Z,OPEN_METEO_FORECAST,FORECAST,92.3,96.8,42,0,0.0,0.0,0.0,0,992.1,8.2,281,15.9
OPEN_METEO-FORECAST-401816976-20260917T180632Z,2026-09-17T11:06:32.479998-07:00,MLB,MLB,401816976,2026-09-17T23:15:00+00:00,Citi Field,Queens,New York,False,40.68149,-73.83652,2026-09-17T23:00Z,OPEN_METEO_FORECAST,FORECAST,74.0,77.3,82,6,0.0,0.0,0.0,2,1017.5,8.8,173,20.4
OPEN_METEO-FORECAST-401816978-20260917T180632Z,2026-09-17T11:06:32.479998-07:00,MLB,MLB,401816978,2026-09-17T23:40:00+00:00,Rate Field,Chicago,Illinois,False,41.85003,-87.65005,2026-09-17T23:00Z,OPEN_METEO_FORECAST,FORECAST,68.0,71.6,97,8,0.0,0.0,0.0,3,1000.8,7.2,4,14.3
OPEN_METEO-FORECAST-401869941-20260917T180632Z,2026-09-17T11:06:32.479998-07:00,NCAA_Football,NCAA_Football,401869941,2026-09-24T23:30:00+00:00,Brooks Stadium (SC),Conway,SC,False,35.0887,-92.4421,2026-09-24T23:00Z,OPEN_METEO_FORECAST,FORECAST,83.4,84.0,44,2,0.0,0.0,0.0,2,1006.4,5.8,36,3.6
OPEN_METEO-FORECAST-401817063-20260917T180632Z,2026-09-17T11:06:32.479998-07:00,MLB,MLB,401817063,2026-09-24T16:35:00+00:00,PNC Park,Pittsburgh,Pennsylvania,False,40.44062,-79.99589,2026-09-24T17:00Z,OPEN_METEO_FORECAST,FORECAST,59.8,59.8,88,21,0.0,0.0,0.0,3,996.6,4.9,120,13.2
OPEN_METEO-FORECAST-401817065-20260917T180632Z,2026-09-17T11:06:32.479998-07:00,MLB,MLB,401817065,2026-09-24T18:10:00+00:00,Kauffman Stadium,Kansas City,Missouri,False,39.09973,-94.57857,2026-09-24T18:00Z,OPEN_METEO_FORECAST,FORECAST,74.7,74.3,54,23,0.0,0.0,0.0,3,991.2,6.5,84,8.9
OPEN_METEO-FORECAST-401817066-20260917T180632Z,2026-09-17T11:06:32.479998-07:00,MLB,MLB,401817066,2026-09-24T18:20:00+00:00,Wrigley Field,Chicago,Illinois,False,41.85003,-87.65005,2026-09-24T18:00Z,OPEN_METEO_FORECAST,FORECAST,64.7,62.3,77,5,0.004,0.0,0.0,51,1001.8,11.3,7,6.9
OPEN_METEO-FORECAST-401817062-20260917T180632Z,2026-09-17T11:06:32.479998-07:00,MLB,MLB,401817062,2026-09-24T22:05:00+00:00,Citizens Bank Park,Philadelphia,Pennsylvania,False,39.95238,-75.16362,2026-09-24T22:00Z,OPEN_METEO_FORECAST,FORECAST,63.2,59.8,56,12,0.0,0.0,0.0,3,1022.7,6.1,62,10.5
OPEN_METEO-FORECAST-401817061-20260917T180632Z,2026-09-17T11:06:32.479998-07:00,MLB,MLB,401817061,2026-09-24T22:45:00+00:00,Fenway Park,Boston,Massachusetts,False,42.35843,-71.05977,2026-09-24T23:00Z,OPEN_METEO_FORECAST,FORECAST,56.2,50.3,68,23,0.0,0.0,0.0,1,1024.5,11.6,41,15.2
OPEN_METEO-FORECAST-401817064-20260917T180632Z,2026-09-17T11:06:32.479998-07:00,MLB,MLB,401817064,2026-09-24T23:05:00+00:00,Yankee Stadium,Bronx,New York,False,40.93815,-73.83208,2026-09-24T23:00Z,OPEN_METEO_FORECAST,FORECAST,62.3,57.5,55,15,0.0,0.0,0.0,3,1020.7,8.8,58,13.2
OPEN_METEO-FORECAST-401817060-20260917T180632Z,2026-09-17T11:06:32.479998-07:00,MLB,MLB,401817060,2026-09-24T23:15:00+00:00,Truist Park,Atlanta,Georgia,False,33.749,-84.38798,2026-09-24T23:00Z,OPEN_METEO_FORECAST,FORECAST,82.2,83.6,45,6,0.0,0.0,0.0,3,982.1,3.7,25,10.1
OPEN_METEO-FORECAST-401817056-20260917T180632Z,2026-09-17T11:06:32.479998-07:00,MLB,MLB,401817056,2026-09-24T01:40:00+00:00,Sutter Health Park,Sacramento,California,False,38.58157,-121.4944,2026-09-24T02:00Z,OPEN_METEO_FORECAST,FORECAST,85.5,79.1,14,0,0.0,0.0,0.0,1,1005.5,5.7,189,7.4
OPEN_METEO-FORECAST-401817059-20260917T180632Z,2026-09-17T11:06:32.479998-07:00,MLB,MLB,401817059,2026-09-24T02:10:00+00:00,Dodger Stadium,Los Angeles,California,False,34.05223,-118.24368,2026-09-24T02:00Z,OPEN_METEO_FORECAST,FORECAST,77.7,78.3,55,0,0.0,0.0,0.0,0,999.7,6.7,217,5.6
OPEN_METEO-FORECAST-401872937-20260917T180632Z,2026-09-17T11:06:32.479998-07:00,NFL,NFL,401872937,2026-09-20T17:00:00+00:00,Soldier Field,Chicago,IL,False,41.85003,-87.65005,2026-09-20T17:00Z,OPEN_METEO_FORECAST,FORECAST,66.3,68.3,95,60,0.004,0.0,0.0,51,992.0,8.2,55,20.4
OPEN_METEO-FORECAST-401872939-20260917T180632Z,2026-09-17T11:06:32.479998-07:00,NFL,NFL,401872939,2026-09-20T17:00:00+00:00,Nissan Stadium,Nashville,TN,False,36.16589,-86.78444,2026-09-20T17:00Z,OPEN_METEO_FORECAST,FORECAST,92.5,97.7,40,2,0.0,0.0,0.0,1,995.7,5.2,198,7.4
OPEN_METEO-FORECAST-401872946-20260917T180632Z,2026-09-17T11:06:32.479998-07:00,NFL,NFL,401872946,2026-09-20T17:00:00+00:00,Gillette Stadium,Foxborough,MA,False,42.06538,-71.24783,2026-09-20T17:00Z,OPEN_METEO_FORECAST,FORECAST,54.2,53.2,87,24,0.016,0.016,0.0,51,1008.9,2.7,171,10.7
OPEN_METEO-FORECAST-401872936-20260917T180632Z,2026-09-17T11:06:32.479998-07:00,NFL,NFL,401872936,2026-09-20T17:00:00+00:00,MetLife Stadium,East Rutherford,NJ,False,40.83399,-74.09709,2026-09-20T17:00Z,OPEN_METEO_FORECAST,FORECAST,64.7,66.0,96,70,0.13,0.13,0.0,63,1013.0,8.3,142,24.4
OPEN_METEO-FORECAST-401872935-20260917T180632Z,2026-09-17T11:06:32.479998-07:00,NFL,NFL,401872935,2026-09-20T17:00:00+00:00,Raymond James Stadium,Tampa,FL,False,27.94752,-82.45843,2026-09-20T17:00Z,OPEN_METEO_FORECAST,FORECAST,90.6,99.4,47,5,0.0,0.0,0.0,0,1012.3,3.6,120,4.9
OPEN_METEO-FORECAST-401872938-20260917T180632Z,2026-09-17T11:06:32.479998-07:00,NFL,NFL,401872938,2026-09-20T17:00:00+00:00,M&T Bank Stadium,Baltimore,MD,False,39.29038,-76.61219,2026-09-20T17:00Z,OPEN_METEO_FORECAST,FORECAST,79.0,80.9,63,29,0.0,0.0,0.0,3,1010.8,9.1,200,18.6
OPEN_METEO-FORECAST-401872940-20260917T180632Z,2026-09-17T11:06:32.479998-07:00,NFL,NFL,401872940,2026-09-20T20:05:00+00:00,Empower Field at Mile High,Denver,CO,False,39.73915,-104.9847,2026-09-20T20:00Z,OPEN_METEO_FORECAST,FORECAST,74.7,71.7,37,44,0.0,0.0,0.0,3,838.0,9.8,37,5.6
OPEN_METEO-FORECAST-401872941-20260917T180632Z,2026-09-17T11:06:32.479998-07:00,NFL,NFL,401872941,2026-09-20T20:05:00+00:00,SoFi Stadium,Inglewood,CA,False,33.96168,-118.35313,2026-09-20T20:00Z,OPEN_METEO_FORECAST,FORECAST,77.0,79.2,53,0,0.0,0.0,0.0,0,1007.6,8.7,215,5.6
OPEN_METEO-FORECAST-401872942-20260917T180632Z,2026-09-17T11:06:32.479998-07:00,NFL,NFL,401872942,2026-09-20T20:25:00+00:00,Levi's Stadium,Santa Clara,CA,False,37.35411,-121.95524,2026-09-20T20:00Z,OPEN_METEO_FORECAST,FORECAST,72.9,71.1,46,0,0.0,0.0,0.0,3,1010.2,5.1,360,4.7
OPEN_METEO-FORECAST-401856693-20260917T180632Z,2026-09-17T11:06:32.479998-07:00,NCAA_Football,NCAA_Football,401856693,2026-09-20T00:00:00+00:00,DKR-Texas Memorial Stadium,Austin,TX,False,30.26715,-97.74306,2026-09-20T00:00Z,OPEN_METEO_FORECAST,FORECAST,97.5,94.7,25,0,0.0,0.0,0.0,0,992.8,10.9,122,11.9
OPEN_METEO-FORECAST-401856799-20260917T180632Z,2026-09-17T11:06:32.479998-07:00,NCAA_Football,NCAA_Football,401856799,2026-09-20T00:00:00+00:00,Amon G. Carter Stadium,Fort Worth,TX,False,32.72541,-97.32085,2026-09-20T00:00Z,OPEN_METEO_FORECAST,FORECAST,96.9,92.9,20,0,0.0,0.0,0.0,0,987.6,9.0,166,11.2
OPEN_METEO-FORECAST-401862775-20260917T180632Z,2026-09-17T11:06:32.479998-07:00,NCAA_Football,NCAA_Football,401862775,2026-09-20T00:00:00+00:00,H. A. Chapman Stadium,Tulsa,OK,False,36.15398,-95.99277,2026-09-20T00:00Z,OPEN_METEO_FORECAST,FORECAST,96.3,92.8,23,0,0.0,0.0,0.0,0,982.7,9.9,177,21.5
OPEN_METEO-FORECAST-401862776-20260917T180632Z,2026-09-17T11:06:32.479998-07:00,NCAA_Football,NCAA_Football,401862776,2026-09-20T00:00:00+00:00,Our Lady of Lourdes Stadium,Lafayette,LA,False,30.22409,-92.01984,2026-09-20T00:00Z,OPEN_METEO_FORECAST,FORECAST,83.0,87.3,65,4,0.0,0.0,0.0,0,1011.6,8.6,190,15.0
OPEN_METEO-FORECAST-401860885-20260917T180632Z,2026-09-17T11:06:32.479998-07:00,NCAA_Football,NCAA_Football,401860885,2026-09-20T02:00:00+00:00,Albertsons Stadium,Boise,ID,False,43.6135,-116.20345,2026-09-20T02:00Z,OPEN_METEO_FORECAST,FORECAST,71.7,68.0,38,0,0.0,0.0,0.0,0,920.0,5.7,9,17.0
OPEN_METEO-FORECAST-401860887-20260917T180632Z,2026-09-17T11:06:32.479998-07:00,NCAA_Football,NCAA_Football,401860887,2026-09-20T02:00:00+00:00,Snapdragon Stadium,San Diego,CA,False,32.71571,-117.16472,2026-09-20T02:00Z,OPEN_METEO_FORECAST,FORECAST,72.6,74.2,66,0,0.0,0.0,0.0,0,1010.4,4.9,275,3.8
OPEN_METEO-FORECAST-401856793-20260917T180632Z,2026-09-17T11:06:32.479998-07:00,NCAA_Football,NCAA_Football,401856793,2026-09-20T02:30:00+00:00,Casino Del Sol Stadium,Tucson,AZ,False,32.22174,-110.92648,2026-09-20T02:00Z,OPEN_METEO_FORECAST,FORECAST,92.8,83.4,13,0,0.0,0.0,0.0,0,925.9,14.1,245,13.9
OPEN_METEO-FORECAST-401864507-20260917T180632Z,2026-09-17T11:06:32.479998-07:00,NCAA_Football,NCAA_Football,401864507,2026-09-20T02:30:00+00:00,Hornet Stadium,Sacramento,CA,False,38.58157,-121.4944,2026-09-20T02:00Z,OPEN_METEO_FORECAST,FORECAST,82.5,78.3,32,0,0.0,0.0,0.0,0,1007.2,9.7,203,16.1
OPEN_METEO-FORECAST-401860886-20260917T180632Z,2026-09-17T11:06:32.479998-07:00,NCAA_Football,NCAA_Football,401860886,2026-09-20T03:00:00+00:00,Reser Stadium,Corvallis,OR,False,33.90224,-118.08173,2026-09-20T03:00Z,OPEN_METEO_FORECAST,FORECAST,76.3,76.7,55,0,0.0,0.0,0.0,2,1008.5,6.1,246,5.8
OPEN_METEO-FORECAST-401860888-20260917T180632Z,2026-09-17T11:06:32.479998-07:00,NCAA_Football,NCAA_Football,401860888,2026-09-20T03:00:00+00:00,CEFCU Stadium,San Jose,CA,False,37.33939,-121.89496,2026-09-20T03:00Z,OPEN_METEO_FORECAST,FORECAST,72.2,70.4,49,0,0.0,0.0,0.0,0,1009.2,5.6,337,3.8
OPEN_METEO-FORECAST-401817017-20260917T180632Z,2026-09-17T11:06:32.479998-07:00,MLB,MLB,401817017,2026-09-20T17:10:00+00:00,Citi Field,Queens,New York,False,40.68149,-73.83652,2026-09-20T17:00Z,OPEN_METEO_FORECAST,FORECAST,65.9,65.2,90,60,0.118,0.118,0.0,63,1015.0,12.6,153,23.7
OPEN_METEO-FORECAST-401817015-20260917T180632Z,2026-09-17T11:06:32.479998-07:00,MLB,MLB,401817015,2026-09-20T17:35:00+00:00,PNC Park,Pittsburgh,Pennsylvania,False,40.44062,-79.99589,2026-09-20T18:00Z,OPEN_METEO_FORECAST,FORECAST,70.3,75.5,95,76,0.024,0.02,0.0,53,986.0,5.0,243,17.2
OPEN_METEO-FORECAST-401817014-20260917T180632Z,2026-09-17T11:06:32.479998-07:00,MLB,MLB,401817014,2026-09-20T17:40:00+00:00,Great American Ball Park,Cincinnati,Ohio,False,39.12711,-84.51439,2026-09-20T18:00Z,OPEN_METEO_FORECAST,FORECAST,73.9,78.8,87,15,0.0,0.0,0.0,3,982.0,6.9,159,17.2
OPEN_METEO-FORECAST-401817019-20260917T180632Z,2026-09-17T11:06:32.479998-07:00,MLB,MLB,401817019,2026-09-20T18:10:00+00:00,Rate Field,Chicago,Illinois,False,41.85003,-87.65005,2026-09-20T18:00Z,OPEN_METEO_FORECAST,FORECAST,65.6,67.0,96,60,0.008,0.008,0.0,51,992.2,9.1,22,18.6
OPEN_METEO-FORECAST-401817021-20260917T180632Z,2026-09-17T11:06:32.479998-07:00,MLB,MLB,401817021,2026-09-20T18:15:00+00:00,Busch Stadium,St. Louis,Missouri,False,38.62727,-90.19789,2026-09-20T18:00Z,OPEN_METEO_FORECAST,FORECAST,91.6,90.7,31,11,0.0,0.0,0.0,3,994.5,7.2,240,9.4
OPEN_METEO-FORECAST-401817024-20260917T180632Z,2026-09-17T11:06:32.479998-07:00,MLB,MLB,401817024,2026-09-20T20:07:00+00:00,Angel Stadium,Anaheim,California,False,33.83529,-117.9145,2026-09-20T20:00Z,OPEN_METEO_FORECAST,FORECAST,80.1,82.4,49,0,0.0,0.0,0.0,0,1007.5,9.2,219,7.8
OPEN_METEO-FORECAST-401817023-20260917T180632Z,2026-09-17T11:06:32.479998-07:00,MLB,MLB,401817023,2026-09-20T20:10:00+00:00,Petco Park,San Diego,California,False,32.71571,-117.16472,2026-09-20T20:00Z,OPEN_METEO_FORECAST,FORECAST,75.3,77.9,62,0,0.0,0.0,0.0,3,1011.2,10.1,265,6.0
OPEN_METEO-FORECAST-401817026-20260917T180632Z,2026-09-17T11:06:32.479998-07:00,MLB,MLB,401817026,2026-09-20T20:10:00+00:00,Dodger Stadium,Los Angeles,California,False,34.05223,-118.24368,2026-09-20T20:00Z,OPEN_METEO_FORECAST,FORECAST,82.3,83.8,39,0,0.0,0.0,0.0,0,1002.1,7.5,192,5.6
OPEN_METEO-FORECAST-401817016-20260917T180632Z,2026-09-17T11:06:32.479998-07:00,MLB,MLB,401817016,2026-09-20T23:20:00+00:00,Oriole Park at Camden Yards,Baltimore,Maryland,False,39.29038,-76.61219,2026-09-20T23:00Z,OPEN_METEO_FORECAST,FORECAST,79.0,84.3,69,53,0.012,0.0,0.0,51,1007.9,3.9,204,18.3
OPEN_METEO-FORECAST-401817008-20260917T180632Z,2026-09-17T11:06:32.479998-07:00,MLB,MLB,401817008,2026-09-20T00:40:00+00:00,Petco Park,San Diego,California,False,32.71571,-117.16472,2026-09-20T01:00Z,OPEN_METEO_FORECAST,FORECAST,73.5,74.1,62,0,0.0,0.0,0.0,0,1009.9,6.5,272,4.3
OPEN_METEO-FORECAST-401817011-20260917T180632Z,2026-09-17T11:06:32.479998-07:00,MLB,MLB,401817011,2026-09-20T01:10:00+00:00,Dodger Stadium,Los Angeles,California,False,34.05223,-118.24368,2026-09-20T01:00Z,OPEN_METEO_FORECAST,FORECAST,77.2,75.8,53,0,0.0,0.0,0.0,2,1000.4,10.2,241,8.7
OPEN_METEO-FORECAST-401817009-20260917T180632Z,2026-09-17T11:06:32.479998-07:00,MLB,MLB,401817009,2026-09-20T01:38:00+00:00,Angel Stadium,Anaheim,California,False,33.83529,-117.9145,2026-09-20T02:00Z,OPEN_METEO_FORECAST,FORECAST,76.0,75.7,54,0,0.0,0.0,0.0,1,1005.9,7.0,220,6.7
OPEN_METEO-FORECAST-401856811-20260917T180632Z,2026-09-17T11:06:32.479998-07:00,NCAA_Football,NCAA_Football,401856811,2026-09-19T00:00:00+00:00,Galaxy Stadium,Lubbock,TX,False,33.57786,-101.85517,2026-09-19T00:00Z,OPEN_METEO_FORECAST,FORECAST,89.3,86.7,31,1,0.0,0.0,0.0,0,909.2,9.8,164,13.2
OPEN_METEO-FORECAST-401858455-20260917T180632Z,2026-09-17T11:06:32.479998-07:00,NCAA_Football,NCAA_Football,401858455,2026-09-19T02:30:00+00:00,Autzen Stadium,Eugene,OR,False,44.05207,-123.08675,2026-09-19T02:00Z,OPEN_METEO_FORECAST,FORECAST,70.1,66.6,48,0,0.0,0.0,0.0,0,1004.2,8.0,293,14.3
OPEN_METEO-FORECAST-401869940-20260917T180632Z,2026-09-17T11:06:32.479998-07:00,NCAA_Football,NCAA_Football,401869940,2026-09-19T15:30:00+00:00,Delaware Stadium,Newark,DE,False,40.73566,-74.17237,2026-09-19T15:00Z,OPEN_METEO_FORECAST,FORECAST,68.3,62.2,32,0,0.0,0.0,0.0,1,1021.9,8.9,62,8.9
OPEN_METEO-FORECAST-401856686-20260917T180632Z,2026-09-17T11:06:32.479998-07:00,NCAA_Football,NCAA_Football,401856686,2026-09-19T16:00:00+00:00,Donald W. Reynolds Razorback Stadium,Fayetteville,AR,False,35.05266,-78.87836,2026-09-19T16:00Z,OPEN_METEO_FORECAST,FORECAST,78.5,84.4,78,5,0.0,0.0,0.0,3,1013.1,6.3,63,10.1
OPEN_METEO-FORECAST-401858454-20260917T180632Z,2026-09-17T11:06:32.479998-07:00,NCAA_Football,NCAA_Football,401858454,2026-09-19T16:00:00+00:00,Ohio Stadium,Columbus,OH,False,39.96118,-82.99879,2026-09-19T16:00Z,OPEN_METEO_FORECAST,FORECAST,74.1,75.0,57,16,0.0,0.0,0.0,3,992.9,4.0,71,6.9
OPEN_METEO-FORECAST-401858456-20260917T180632Z,2026-09-17T11:06:32.479998-07:00,NCAA_Football,NCAA_Football,401858456,2026-09-19T16:00:00+00:00,Beaver Stadium,University Park,PA,False,37.44188,-122.14302,2026-09-19T16:00Z,OPEN_METEO_FORECAST,FORECAST,66.3,66.0,58,0,0.0,0.0,0.0,0,1014.3,1.6,262,2.0
OPEN_METEO-FORECAST-401856792-20260917T180632Z,2026-09-17T11:06:32.479998-07:00,NCAA_Football,NCAA_Football,401856792,2026-09-19T16:00:00+00:00,Bill Snyder Family Stadium,Manhattan,KS,False,40.78343,-73.96625,2026-09-19T16:00Z,OPEN_METEO_FORECAST,FORECAST,68.6,62.7,30,0,0.0,0.0,0.0,3,1018.3,9.8,66,9.2
OPEN_METEO-FORECAST-401856798-20260917T180632Z,2026-09-17T11:06:32.479998-07:00,NCAA_Football,NCAA_Football,401856798,2026-09-19T16:00:00+00:00,Jack Trice Stadium,Ames,IA,False,42.03471,-93.61994,2026-09-19T16:00Z,OPEN_METEO_FORECAST,FORECAST,72.7,77.7,90,25,0.016,0.0,0.0,51,977.8,6.6,168,5.4
OPEN_METEO-FORECAST-401856812-20260917T180632Z,2026-09-17T11:06:32.479998-07:00,NCAA_Football,NCAA_Football,401856812,2026-09-19T16:00:00+00:00,Wembley Stadium,London,,False,39.88645,-83.44825,2026-09-19T16:00Z,OPEN_METEO_FORECAST,FORECAST,72.6,74.0,62,13,0.0,0.0,0.0,0,981.8,5.9,83,8.1
OPEN_METEO-FORECAST-401858228-20260917T180632Z,2026-09-17T11:06:32.479998-07:00,NCAA_Football,NCAA_Football,401858228,2026-09-19T16:00:00+00:00,Bobby Dodd Stadium,Atlanta,GA,False,33.749,-84.38798,2026-09-19T16:00Z,OPEN_METEO_FORECAST,FORECAST,89.8,94.8,40,0,0.0,0.0,0.0,1,980.0,2.7,95,4.5
OPEN_METEO-FORECAST-401858229-20260917T180632Z,2026-09-17T11:06:32.479998-07:00,NCAA_Football,NCAA_Football,401858229,2026-09-19T16:00:00+00:00,"Memorial Stadium (Clemson, SC)",Clemson,SC,False,34.68344,-82.83737,2026-09-19T16:00Z,OPEN_METEO_FORECAST,FORECAST,82.7,88.9,61,2,0.0,0.0,0.0,3,991.7,1.7,130,3.1
OPEN_METEO-FORECAST-401858451-20260917T180632Z,2026-09-17T11:06:32.479998-07:00,NCAA_Football,NCAA_Football,401858451,2026-09-19T16:00:00+00:00,Huntington Bank Stadium,Minneapolis,MN,False,44.97997,-93.26384,2026-09-19T16:00Z,OPEN_METEO_FORECAST,FORECAST,56.3,54.8,96,13,0.008,0.008,0.0,51,985.6,7.4,70,19.0
OPEN_METEO-FORECAST-401860889-20260917T180632Z,2026-09-17T11:06:32.479998-07:00,NCAA_Football,NCAA_Football,401860889,2026-09-19T16:00:00+00:00,UFCU Stadium,San Marcos,TX,False,29.88327,-97.94139,2026-09-19T16:00Z,OPEN_METEO_FORECAST,FORECAST,86.9,91.3,55,0,0.0,0.0,0.0,0,993.7,8.5,166,9.2
OPEN_METEO-FORECAST-401858460-20260917T180632Z,2026-09-17T11:06:32.479998-07:00,NCAA_Football,NCAA_Football,401858460,2026-09-19T16:30:00+00:00,Camp Randall Stadium,Madison,WI,False,43.07305,-89.40123,2026-09-19T16:00Z,OPEN_METEO_FORECAST,FORECAST,60.2,58.7,98,90,0.012,0.0,0.0,51,982.9,11.2,125,21.0
OPEN_METEO-FORECAST-401856695-20260917T180632Z,2026-09-17T11:06:32.479998-07:00,NCAA_Football,NCAA_Football,401856695,2026-09-19T16:45:00+00:00,FirstBank Stadium,Nashville,TN,False,36.16589,-86.78444,2026-09-19T17:00Z,OPEN_METEO_FORECAST,FORECAST,97.0,101.2,31,0,0.0,0.0,0.0,0,997.4,4.4,246,6.7
OPEN_METEO-FORECAST-401864508-20260917T180632Z,2026-09-17T11:06:32.479998-07:00,NCAA_Football,NCAA_Football,401864508,2026-09-19T17:00:00+00:00,Kelly/Shorts Stadium,Mount Pleasant,MI,False,43.59781,-84.76751,2026-09-19T17:00Z,OPEN_METEO_FORECAST,FORECAST,66.1,59.9,37,69,0.0,0.0,0.0,3,992.7,8.6,110,15.2
OPEN_METEO-FORECAST-401858227-20260917T180632Z,2026-09-17T11:06:32.479998-07:00,NCAA_Football,NCAA_Football,401858227,2026-09-19T18:00:00+00:00,"Alumni Stadium (Chestnut Hill, MA)",Chestnut Hill,MA,False,42.33065,-71.16616,2026-09-19T18:00Z,OPEN_METEO_FORECAST,FORECAST,63.0,58.1,37,0,0.0,0.0,0.0,0,1014.7,9.1,101,5.4
OPEN_METEO-FORECAST-401858448-20260917T180632Z,2026-09-17T11:06:32.479998-07:00,NCAA_Football,NCAA_Football,401858448,2026-09-19T18:00:00+00:00,Gies Memorial Stadium,Champaign,IL,False,40.11642,-88.24338,2026-09-19T18:00Z,OPEN_METEO_FORECAST,FORECAST,72.3,74.0,82,15,0.0,0.0,0.0,3,988.4,10.9,104,10.7
OPEN_METEO-FORECAST-401862774-20260917T180632Z,2026-09-17T11:06:32.479998-07:00,NCAA_Football,NCAA_Football,401862774,2026-09-19T19:00:00+00:00,Glass Bowl,Toledo,OH,False,41.66394,-83.55521,2026-09-19T19:00Z,OPEN_METEO_FORECAST,FORECAST,64.5,64.1,78,65,0.0,0.0,0.0,3,996.7,6.5,88,11.4
OPEN_METEO-FORECAST-401856694-20260917T180632Z,2026-09-17T11:06:32.479998-07:00,NCAA_Football,NCAA_Football,401856694,2026-09-19T19:30:00+00:00,Kyle Field,College Station,TX,False,30.62798,-96.33441,2026-09-19T19:00Z,OPEN_METEO_FORECAST,FORECAST,97.2,98.9,26,0,0.0,0.0,0.0,0,1001.3,8.5,150,9.6
OPEN_METEO-FORECAST-401856685-20260917T180632Z,2026-09-17T11:06:32.479998-07:00,NCAA_Football,NCAA_Football,401856685,2026-09-19T19:30:00+00:00,Bryant-Denny Stadium,Tuscaloosa,AL,False,33.20984,-87.56917,2026-09-19T19:00Z,OPEN_METEO_FORECAST,FORECAST,101.4,105.9,28,7,0.0,0.0,0.0,3,1006.0,4.9,43,3.4
OPEN_METEO-FORECAST-401858457-20260917T180632Z,2026-09-17T11:06:32.479998-07:00,NCAA_Football,NCAA_Football,401858457,2026-09-19T19:30:00+00:00,SHI Stadium,Piscataway,NJ,False,40.49927,-74.39904,2026-09-19T19:00Z,OPEN_METEO_FORECAST,FORECAST,70.2,66.5,41,0,0.0,0.0,0.0,3,1018.1,6.8,113,5.1
OPEN_METEO-FORECAST-401858230-20260917T180632Z,2026-09-17T11:06:32.479998-07:00,NCAA_Football,NCAA_Football,401858230,2026-09-19T19:30:00+00:00,L&N Federal Credit Union Stadium,Louisville,KY,False,38.25424,-85.75941,2026-09-19T19:00Z,OPEN_METEO_FORECAST,FORECAST,92.7,102.7,47,9,0.0,0.0,0.0,0,997.3,0.2,90,7.6
OPEN_METEO-FORECAST-401856801-20260917T180632Z,2026-09-17T11:06:32.479998-07:00,NCAA_Football,NCAA_Football,401856801,2026-09-19T19:30:00+00:00,Rice-Eccles Stadium,Salt Lake City,UT,False,40.76078,-111.89105,2026-09-19T19:00Z,OPEN_METEO_FORECAST,FORECAST,72.1,66.8,31,24,0.004,0.0,0.0,51,872.4,8.1,323,8.9
OPEN_METEO-FORECAST-401858450-20260917T180632Z,2026-09-17T11:06:32.479998-07:00,NCAA_Football,NCAA_Football,401858450,2026-09-19T19:30:00+00:00,Michigan Stadium,Ann Arbor,MI,False,42.27756,-83.74088,2026-09-19T19:00Z,OPEN_METEO_FORECAST,FORECAST,58.1,56.9,88,77,0.0,0.0,0.0,3,986.7,6.3,98,15.9
OPEN_METEO-FORECAST-401856797-20260917T180632Z,2026-09-17T11:06:32.479998-07:00,NCAA_Football,NCAA_Football,401856797,2026-09-19T19:30:00+00:00,TQL Stadium,Cincinnati,OH,False,39.12711,-84.51439,2026-09-19T19:00Z,OPEN_METEO_FORECAST,FORECAST,86.5,92.6,47,12,0.0,0.0,0.0,0,985.7,2.2,53,2.0
OPEN_METEO-FORECAST-401858233-20260917T180632Z,2026-09-17T11:06:32.479998-07:00,NCAA_Football,NCAA_Football,401858233,2026-09-19T19:30:00+00:00,California Memorial Stadium,Berkeley,CA,False,37.87159,-122.27275,2026-09-19T19:00Z,OPEN_METEO_FORECAST,FORECAST,74.4,75.8,48,0,0.0,0.0,0.0,0,1008.1,4.5,270,3.4
OPEN_METEO-FORECAST-401860890-20260917T180632Z,2026-09-17T11:06:32.479998-07:00,NCAA_Football,NCAA_Football,401860890,2026-09-19T19:30:00+00:00,Martin Stadium,Pullman,WA,False,46.73127,-117.17962,2026-09-19T19:00Z,OPEN_METEO_FORECAST,FORECAST,72.1,68.9,34,0,0.0,0.0,0.0,0,935.1,6.1,276,3.6
OPEN_METEO-FORECAST-401866424-20260917T180632Z,2026-09-17T11:06:32.479998-07:00,NCAA_Football,NCAA_Football,401866424,2026-09-19T19:30:00+00:00,Warren McGuirk Alumni Stadium,Amherst,MA,False,42.97839,-78.79976,2026-09-19T19:00Z,OPEN_METEO_FORECAST,FORECAST,69.7,64.9,31,8,0.0,0.0,0.0,3,999.4,6.9,90,8.3
OPEN_METEO-FORECAST-401858449-20260917T180632Z,2026-09-17T11:06:32.479998-07:00,NCAA_Football,NCAA_Football,401858449,2026-09-19T20:00:00+00:00,"Memorial Stadium (Bloomington, IN)",Bloomington,IN,False,39.16533,-86.52639,2026-09-19T20:00Z,OPEN_METEO_FORECAST,FORECAST,89.6,96.4,49,16,0.0,0.0,0.0,0,986.1,3.0,132,5.6
OPEN_METEO-FORECAST-401858471-20260917T180632Z,2026-09-17T11:06:32.479998-07:00,NCAA_Football,NCAA_Football,401858471,2026-09-19T20:00:00+00:00,Kinnick Stadium,Iowa City,IA,False,41.66113,-91.53017,2026-09-19T20:00Z,OPEN_METEO_FORECAST,FORECAST,74.9,78.7,90,36,0.008,0.0,0.0,51,986.7,12.1,146,16.3
OPEN_METEO-FORECAST-401858231-20260917T180632Z,2026-09-17T11:06:32.479998-07:00,NCAA_Football,NCAA_Football,401858231,2026-09-19T20:00:00+00:00,Wallace Wade Stadium,Durham,NC,False,35.99403,-78.89862,2026-09-19T20:00Z,OPEN_METEO_FORECAST,FORECAST,83.1,86.2,60,18,0.004,0.0,0.0,51,1002.5,8.9,56,7.8
OPEN_METEO-FORECAST-401866422-20260917T180632Z,2026-09-17T11:06:32.479998-07:00,NCAA_Football,NCAA_Football,401866422,2026-09-19T20:00:00+00:00,Williams Stadium (VA),Lynchburg,VA,False,37.41375,-79.14225,2026-09-19T20:00Z,OPEN_METEO_FORECAST,FORECAST,80.7,84.4,56,2,0.0,0.0,0.0,1,994.9,4.8,101,3.6
OPEN_METEO-FORECAST-401867804-20260917T180632Z,2026-09-17T11:06:32.479998-07:00,NCAA_Football,NCAA_Football,401867804,2026-09-19T20:00:00+00:00,McLane Stadium,Waco,TX,False,31.54933,-97.14667,2026-09-19T20:00Z,OPEN_METEO_FORECAST,FORECAST,98.7,98.8,23,0,0.0,0.0,0.0,0,995.3,9.6,155,10.3
OPEN_METEO-FORECAST-401856691-20260917T180632Z,2026-09-17T11:06:32.479998-07:00,NCAA_Football,NCAA_Football,401856691,2026-09-19T20:15:00+00:00,Williams-Brice Stadium,Columbia,SC,False,34.00071,-81.03481,2026-09-19T20:00Z,OPEN_METEO_FORECAST,FORECAST,89.4,94.5,49,55,0.004,0.0,0.0,51,1004.2,4.3,3,9.4
OPEN_METEO-FORECAST-401868317-20260917T180632Z,2026-09-17T11:06:32.479998-07:00,NCAA_Football,NCAA_Football,401868317,2026-09-19T20:30:00+00:00,Malone Stadium,Monroe,LA,False,32.50931,-92.1193,2026-09-19T20:00Z,OPEN_METEO_FORECAST,FORECAST,102.2,106.4,24,0,0.0,0.0,0.0,0,1010.5,3.2,192,6.5
OPEN_METEO-FORECAST-401862710-20260917T180632Z,2026-09-17T11:06:32.479998-07:00,NCAA_Football,NCAA_Football,401862710,2026-09-19T22:00:00+00:00,S.B. Ballard Stadium,Norfolk,VA,False,36.84681,-76.28522,2026-09-19T22:00Z,OPEN_METEO_FORECAST,FORECAST,77.4,79.1,65,2,0.0,0.0,0.0,3,1018.2,8.9,72,9.6
OPEN_METEO-FORECAST-401862771-20260917T180632Z,2026-09-17T11:06:32.479998-07:00,NCAA_Football,NCAA_Football,401862771,2026-09-19T22:00:00+00:00,Flagler Credit Union Stadium,Boca Raton,FL,False,26.35869,-80.0831,2026-09-19T22:00Z,OPEN_METEO_FORECAST,FORECAST,86.0,90.0,60,76,0.0,0.0,0.0,3,1012.1,10.2,82,6.3
OPEN_METEO-FORECAST-401864574-20260917T180632Z,2026-09-17T11:06:32.479998-07:00,NCAA_Football,NCAA_Football,401864574,2026-09-19T22:00:00+00:00,Kidd Brewer Stadium,Boone,NC,False,36.21679,-81.67455,2026-09-19T22:00Z,OPEN_METEO_FORECAST,FORECAST,69.1,74.4,95,61,0.051,0.0,0.0,95,906.7,3.4,127,4.7
OPEN_METEO-FORECAST-401871047-20260917T180632Z,2026-09-17T11:06:32.479998-07:00,NCAA_Football,NCAA_Football,401871047,2026-09-19T22:30:00+00:00,Robert W. Plaster Stadium,Springfield,MO,False,37.21533,-93.29824,2026-09-19T22:00Z,OPEN_METEO_FORECAST,FORECAST,98.8,94.8,20,0,0.0,0.0,0.0,0,965.7,10.1,202,10.3
OPEN_METEO-FORECAST-401856689-20260917T180632Z,2026-09-17T11:06:32.479998-07:00,NCAA_Football,NCAA_Football,401856689,2026-09-19T23:00:00+00:00,Memorial Stadium,Columbia,MO,False,34.00071,-81.03481,2026-09-19T23:00Z,OPEN_METEO_FORECAST,FORECAST,84.9,89.9,60,55,0.0,0.0,0.0,3,1004.7,6.6,78,14.3
OPEN_METEO-FORECAST-401856687-20260917T180632Z,2026-09-17T11:06:32.479998-07:00,NCAA_Football,NCAA_Football,401856687,2026-09-19T23:00:00+00:00,Jordan-Hare Stadium,Auburn,AL,False,42.93173,-76.56605,2026-09-19T23:00Z,OPEN_METEO_FORECAST,FORECAST,55.0,52.6,66,2,0.0,0.0,0.0,2,996.0,1.9,45,2.5
OPEN_METEO-FORECAST-401856800-20260917T180632Z,2026-09-17T11:06:32.479998-07:00,NCAA_Football,NCAA_Football,401856800,2026-09-19T23:00:00+00:00,Acrisure Bounce House,Orlando,FL,False,28.53834,-81.37924,2026-09-19T23:00Z,OPEN_METEO_FORECAST,FORECAST,80.9,86.3,71,62,0.102,0.0,0.0,95,1007.7,6.9,61,14.8
OPEN_METEO-FORECAST-401856803-20260917T180632Z,2026-09-17T11:06:32.479998-07:00,NCAA_Football,NCAA_Football,401856803,2026-09-19T23:00:00+00:00,Boone Pickens Stadium,Stillwater,OK,False,36.11561,-97.05837,2026-09-19T23:00Z,OPEN_METEO_FORECAST,FORECAST,101.4,95.9,22,1,0.0,0.0,0.0,0,976.2,17.1,185,17.9
OPEN_METEO-FORECAST-401861963-20260917T180632Z,2026-09-17T11:06:32.479998-07:00,NCAA_Football,NCAA_Football,401861963,2026-09-19T23:00:00+00:00,M. M. Roberts Stadium,Hattiesburg,MS,False,31.32712,-89.29034,2026-09-19T23:00Z,OPEN_METEO_FORECAST,FORECAST,91.8,95.6,43,1,0.0,0.0,0.0,1,1006.2,5.1,285,5.1
OPEN_METEO-FORECAST-401862772-20260917T180632Z,2026-09-17T11:06:32.479998-07:00,NCAA_Football,NCAA_Football,401862772,2026-09-19T23:00:00+00:00,Simmons Bank Liberty Stadium,Memphis,TN,False,35.14953,-90.04898,2026-09-19T23:00Z,OPEN_METEO_FORECAST,FORECAST,101.4,101.0,20,0,0.0,0.0,0.0,0,1001.4,2.9,176,5.6
OPEN_METEO-FORECAST-401862773-20260917T180632Z,2026-09-17T11:06:32.479998-07:00,NCAA_Football,NCAA_Football,401862773,2026-09-19T23:00:00+00:00,Rice Stadium,Houston,TX,False,29.76328,-95.36327,2026-09-19T23:00Z,OPEN_METEO_FORECAST,FORECAST,91.6,92.5,42,1,0.0,0.0,0.0,0,1011.2,11.1,124,11.6
OPEN_METEO-FORECAST-401862777-20260917T180632Z,2026-09-17T11:06:32.479998-07:00,NCAA_Football,NCAA_Football,401862777,2026-09-19T23:00:00+00:00,Raymond James Stadium,Tampa,FL,False,27.94752,-82.45843,2026-09-19T23:00Z,OPEN_METEO_FORECAST,FORECAST,88.3,91.6,47,65,0.0,0.0,0.0,2,1011.3,5.7,349,8.1
OPEN_METEO-FORECAST-401864443-20260917T180632Z,2026-09-17T11:06:32.479998-07:00,NCAA_Football,NCAA_Football,401864443,2026-09-19T23:00:00+00:00,"Johnny ""Red"" Floyd Stadium",Murfreesboro,TN,False,35.84562,-86.39027,2026-09-19T23:00Z,OPEN_METEO_FORECAST,FORECAST,88.2,93.4,48,13,0.0,0.0,0.0,3,990.6,1.8,270,9.2
OPEN_METEO-FORECAST-401866423-20260917T180632Z,2026-09-17T11:06:32.479998-07:00,NCAA_Football,NCAA_Football,401866423,2026-09-19T23:00:00+00:00,Hancock Whitney Stadium,Mobile,AL,False,30.69436,-88.04305,2026-09-19T23:00Z,OPEN_METEO_FORECAST,FORECAST,90.0,93.1,48,7,0.0,0.0,0.0,2,1011.6,8.7,193,5.4
OPEN_METEO-FORECAST-401869948-20260917T180632Z,2026-09-17T11:06:32.479998-07:00,NCAA_Football,NCAA_Football,401869948,2026-09-19T23:00:00+00:00,AmFirst Stadium,Jacksonville,AL,False,30.33218,-81.65565,2026-09-19T23:00Z,OPEN_METEO_FORECAST,FORECAST,85.1,87.0,53,10,0.0,0.0,0.0,0,1013.8,9.7,83,11.4
OPEN_METEO-FORECAST-401870764-20260917T180632Z,2026-09-17T11:06:32.479998-07:00,NCAA_Football,NCAA_Football,401870764,2026-09-19T23:00:00+00:00,Elliott T. Bowers Stadium,Huntsville,TX,False,34.7304,-86.58594,2026-09-19T23:00Z,OPEN_METEO_FORECAST,FORECAST,91.5,93.5,40,18,0.0,0.0,0.0,0,990.3,7.0,37,3.1
OPEN_METEO-FORECAST-401858452-20260917T180632Z,2026-09-17T11:06:32.479998-07:00,NCAA_Football,NCAA_Football,401858452,2026-09-19T23:15:00+00:00,"Memorial Stadium (Lincoln, NE)",Lincoln,NE,False,40.8,-96.66696,2026-09-19T23:00Z,OPEN_METEO_FORECAST,FORECAST,79.1,77.9,70,30,0.0,0.0,0.0,2,965.7,19.8,13,20.4
OPEN_METEO-FORECAST-401858459-20260917T180632Z,2026-09-17T11:06:32.479998-07:00,NCAA_Football,NCAA_Football,401858459,2026-09-19T23:15:00+00:00,Husky Stadium,Seattle,WA,False,47.60621,-122.33207,2026-09-19T23:00Z,OPEN_METEO_FORECAST,FORECAST,75.7,73.0,38,0,0.0,0.0,0.0,3,1009.4,5.3,348,2.7
OPEN_METEO-FORECAST-401858453-20260917T180632Z,2026-09-17T11:06:32.479998-07:00,NCAA_Football,NCAA_Football,401858453,2026-09-19T23:30:00+00:00,Notre Dame Stadium,Notre Dame,IN,False,41.70019,-86.23793,2026-09-19T23:00Z,OPEN_METEO_FORECAST,FORECAST,64.6,65.1,91,81,0.0,0.0,0.0,3,988.0,8.9,135,19.0
OPEN_METEO-FORECAST-401856688-20260917T180632Z,2026-09-17T11:06:32.479998-07:00,NCAA_Football,NCAA_Football,401856688,2026-09-19T23:30:00+00:00,Vaught-Hemingway Stadium,Oxford,MS,False,34.3665,-89.51925,2026-09-19T23:00Z,OPEN_METEO_FORECAST,FORECAST,94.7,97.5,34,1,0.0,0.0,0.0,0,994.3,3.2,155,3.6
OPEN_METEO-FORECAST-401856795-20260917T180632Z,2026-09-17T11:06:32.479998-07:00,NCAA_Football,NCAA_Football,401856795,2026-09-19T23:30:00+00:00,Canvas Stadium,Fort Collins,CO,False,40.58526,-105.08442,2026-09-19T23:00Z,OPEN_METEO_FORECAST,FORECAST,71.0,67.5,45,83,0.0,0.0,0.0,0,846.6,7.6,90,2.7
OPEN_METEO-FORECAST-401856690-20260917T180632Z,2026-09-17T11:06:32.479998-07:00,NCAA_Football,NCAA_Football,401856690,2026-09-19T23:30:00+00:00,"Memorial Stadium (Norman, OK)",Norman,OK,False,35.22257,-97.43948,2026-09-19T23:00Z,OPEN_METEO_FORECAST,FORECAST,100.6,94.6,21,1,0.0,0.0,0.0,1,968.0,16.8,179,15.0
OPEN_METEO-FORECAST-401856802-20260917T180632Z,2026-09-17T11:06:32.479998-07:00,NCAA_Football,NCAA_Football,401856802,2026-09-19T23:30:00+00:00,Bank of America Stadium,Charlotte,NC,False,35.22709,-80.84313,2026-09-19T23:00Z,OPEN_METEO_FORECAST,FORECAST,78.2,84.4,77,53,0.031,0.0,0.0,53,987.1,4.9,43,12.8
OPEN_METEO-FORECAST-401856796-20260917T180632Z,2026-09-17T11:06:32.479998-07:00,NCAA_Football,NCAA_Football,401856796,2026-09-19T23:30:00+00:00,Northwestern Medicine Field at Martin Stadium,Evanston,IL,False,41.26828,-110.96324,2026-09-19T23:00Z,OPEN_METEO_FORECAST,FORECAST,59.7,49.3,36,36,0.0,0.0,0.0,0,796.7,15.8,278,18.6
OPEN_METEO-FORECAST-401858232-20260917T180632Z,2026-09-17T11:06:32.479998-07:00,NCAA_Football,NCAA_Football,401858232,2026-09-19T23:30:00+00:00,SECU Stadium,College Park,MD,False,38.98067,-76.93692,2026-09-19T23:00Z,OPEN_METEO_FORECAST,FORECAST,73.8,74.4,67,3,0.0,0.0,0.0,3,1016.2,8.6,97,11.6
OPEN_METEO-FORECAST-401856692-20260917T180632Z,2026-09-17T11:06:32.479998-07:00,NCAA_Football,NCAA_Football,401856692,2026-09-19T23:45:00+00:00,Neyland Stadium,Knoxville,TN,False,35.96064,-83.92074,2026-09-19T23:00Z,OPEN_METEO_FORECAST,FORECAST,74.9,77.1,81,21,0.012,0.0,0.0,51,981.7,12.4,305,7.6
OPEN_METEO-FORECAST-401816991-20260917T180632Z,2026-09-17T11:06:32.479998-07:00,MLB,MLB,401816991,2026-09-19T00:15:00+00:00,Busch Stadium,St. Louis,Missouri,False,38.62727,-90.19789,2026-09-19T00:00Z,OPEN_METEO_FORECAST,FORECAST,85.0,89.9,66,7,0.0,0.0,0.0,3,1000.6,10.3,169,16.6
OPEN_METEO-FORECAST-401816994-20260917T180632Z,2026-09-17T11:06:32.479998-07:00,MLB,MLB,401816994,2026-09-19T01:38:00+00:00,Angel Stadium,Anaheim,California,False,33.83529,-117.9145,2026-09-19T02:00Z,OPEN_METEO_FORECAST,FORECAST,73.0,73.9,62,0,0.0,0.0,0.0,0,1010.0,5.2,250,8.1
OPEN_METEO-FORECAST-401816993-20260917T180632Z,2026-09-17T11:06:32.479998-07:00,MLB,MLB,401816993,2026-09-19T01:40:00+00:00,Petco Park,San Diego,California,False,32.71571,-117.16472,2026-09-19T02:00Z,OPEN_METEO_FORECAST,FORECAST,68.7,69.8,73,0,0.0,0.0,0.0,0,1015.2,5.2,310,8.5
OPEN_METEO-FORECAST-401816996-20260917T180632Z,2026-09-17T11:06:32.479998-07:00,MLB,MLB,401816996,2026-09-19T02:10:00+00:00,Dodger Stadium,Los Angeles,California,False,34.05223,-118.24368,2026-09-19T02:00Z,OPEN_METEO_FORECAST,FORECAST,69.3,69.8,71,0,0.0,0.0,0.0,0,1004.7,6.2,255,9.4
OPEN_METEO-FORECAST-401817001-20260917T180632Z,2026-09-17T11:06:32.479998-07:00,MLB,MLB,401817001,2026-09-19T20:05:00+00:00,Oriole Park at Camden Yards,Baltimore,Maryland,False,39.29038,-76.61219,2026-09-19T20:00Z,OPEN_METEO_FORECAST,FORECAST,76.0,75.8,51,3,0.0,0.0,0.0,3,1016.4,5.5,102,7.2
OPEN_METEO-FORECAST-401817002-20260917T180632Z,2026-09-17T11:06:32.479998-07:00,MLB,MLB,401817002,2026-09-19T20:10:00+00:00,Citi Field,Queens,New York,False,40.68149,-73.83652,2026-09-19T20:00Z,OPEN_METEO_FORECAST,FORECAST,71.2,67.2,43,0,0.0,0.0,0.0,3,1020.6,7.9,137,4.3
OPEN_METEO-FORECAST-401816999-20260917T180632Z,2026-09-17T11:06:32.479998-07:00,MLB,MLB,401816999,2026-09-19T22:40:00+00:00,Great American Ball Park,Cincinnati,Ohio,False,39.12711,-84.51439,2026-09-19T23:00Z,OPEN_METEO_FORECAST,FORECAST,76.4,81.1,74,12,0.008,0.0,0.0,51,983.1,4.6,14,7.8
OPEN_METEO-FORECAST-401817000-20260917T180632Z,2026-09-17T11:06:32.479998-07:00,MLB,MLB,401817000,2026-09-19T22:40:00+00:00,PNC Park,Pittsburgh,Pennsylvania,False,40.44062,-79.99589,2026-09-19T23:00Z,OPEN_METEO_FORECAST,FORECAST,71.2,73.3,72,8,0.0,0.0,0.0,3,989.2,4.8,41,15.7
OPEN_METEO-FORECAST-401817004-20260917T180632Z,2026-09-17T11:06:32.479998-07:00,MLB,MLB,401817004,2026-09-19T23:10:00+00:00,Rate Field,Chicago,Illinois,False,41.85003,-87.65005,2026-09-19T23:00Z,OPEN_METEO_FORECAST,FORECAST,64.0,65.9,96,81,0.012,0.012,0.0,51,992.5,6.3,174,23.7
OPEN_METEO-FORECAST-401817006-20260917T180632Z,2026-09-17T11:06:32.479998-07:00,MLB,MLB,401817006,2026-09-19T23:15:00+00:00,Busch Stadium,St. Louis,Missouri,False,38.62727,-90.19789,2026-09-19T23:00Z,OPEN_METEO_FORECAST,FORECAST,96.8,97.6,27,1,0.0,0.0,0.0,2,995.0,3.6,281,3.6
OPEN_METEO-FORECAST-401817041-20260917T180632Z,2026-09-17T11:06:32.479998-07:00,MLB,MLB,401817041,2026-09-23T01:40:00+00:00,Sutter Health Park,Sacramento,California,False,38.58157,-121.4944,2026-09-23T02:00Z,OPEN_METEO_FORECAST,FORECAST,81.9,78.8,33,0,0.0,0.0,0.0,0,1005.1,7.2,185,8.9
OPEN_METEO-FORECAST-401817043-20260917T180632Z,2026-09-17T11:06:32.479998-07:00,MLB,MLB,401817043,2026-09-23T01:45:00+00:00,Oracle Park,San Francisco,California,False,37.77493,-122.41942,2026-09-23T02:00Z,OPEN_METEO_FORECAST,FORECAST,63.4,62.2,75,0,0.0,0.0,0.0,0,1007.9,6.7,266,5.6
OPEN_METEO-FORECAST-401817044-20260917T180632Z,2026-09-17T11:06:32.479998-07:00,MLB,MLB,401817044,2026-09-23T02:10:00+00:00,Dodger Stadium,Los Angeles,California,False,34.05223,-118.24368,2026-09-23T02:00Z,OPEN_METEO_FORECAST,FORECAST,74.0,74.9,65,1,0.0,0.0,0.0,0,998.3,7.3,225,5.8
OPEN_METEO-FORECAST-401817051-20260917T180632Z,2026-09-17T11:06:32.479998-07:00,MLB,MLB,401817051,2026-09-23T17:10:00+00:00,Comerica Park,Detroit,Michigan,False,42.33143,-83.04575,2026-09-23T17:00Z,OPEN_METEO_FORECAST,FORECAST,61.7,61.3,90,25,0.0,0.0,0.0,3,1006.1,7.6,93,17.4
OPEN_METEO-FORECAST-401817058-20260917T180632Z,2026-09-17T11:06:32.479998-07:00,MLB,MLB,401817058,2026-09-23T19:45:00+00:00,Oracle Park,San Francisco,California,False,37.77493,-122.41942,2026-09-23T20:00Z,OPEN_METEO_FORECAST,FORECAST,71.4,71.5,48,0,0.0,0.0,0.0,3,1008.8,5.8,274,6.9
OPEN_METEO-FORECAST-401817050-20260917T180632Z,2026-09-17T11:06:32.479998-07:00,MLB,MLB,401817050,2026-09-23T22:35:00+00:00,Oriole Park at Camden Yards,Baltimore,Maryland,False,39.29038,-76.61219,2026-09-23T23:00Z,OPEN_METEO_FORECAST,FORECAST,64.5,61.2,62,22,0.0,0.0,0.0,3,1027.3,8.6,75,19.5
OPEN_METEO-FORECAST-401817047-20260917T180632Z,2026-09-17T11:06:32.479998-07:00,MLB,MLB,401817047,2026-09-23T22:40:00+00:00,Citizens Bank Park,Philadelphia,Pennsylvania,False,39.95238,-75.16362,2026-09-23T23:00Z,OPEN_METEO_FORECAST,FORECAST,63.5,58.4,58,14,0.0,0.0,0.0,2,1030.4,11.1,76,19.9
OPEN_METEO-FORECAST-401817048-20260917T180632Z,2026-09-17T11:06:32.479998-07:00,MLB,MLB,401817048,2026-09-23T22:40:00+00:00,PNC Park,Pittsburgh,Pennsylvania,False,40.44062,-79.99589,2026-09-23T23:00Z,OPEN_METEO_FORECAST,FORECAST,57.1,54.6,92,25,0.0,0.0,0.0,3,1000.2,9.6,106,23.9
OPEN_METEO-FORECAST-401817046-20260917T180632Z,2026-09-17T11:06:32.479998-07:00,MLB,MLB,401817046,2026-09-23T23:00:00+00:00,Fenway Park,Boston,Massachusetts,False,42.35843,-71.05977,2026-09-23T23:00Z,OPEN_METEO_FORECAST,FORECAST,56.1,47.8,64,6,0.0,0.0,0.0,3,1033.6,16.1,56,14.3
OPEN_METEO-FORECAST-401817049-20260917T180632Z,2026-09-17T11:06:32.479998-07:00,MLB,MLB,401817049,2026-09-23T23:05:00+00:00,Yankee Stadium,Bronx,New York,False,40.93815,-73.83208,2026-09-23T23:00Z,OPEN_METEO_FORECAST,FORECAST,62.7,56.2,54,16,0.0,0.0,0.0,1,1029.0,12.9,76,18.3
OPEN_METEO-FORECAST-401817045-20260917T180632Z,2026-09-17T11:06:32.479998-07:00,MLB,MLB,401817045,2026-09-23T23:15:00+00:00,Truist Park,Atlanta,Georgia,False,33.749,-84.38798,2026-09-23T23:00Z,OPEN_METEO_FORECAST,FORECAST,75.6,78.4,70,14,0.0,0.0,0.0,3,984.6,6.5,90,13.6
OPEN_METEO-FORECAST-401817052-20260917T180632Z,2026-09-17T11:06:32.479998-07:00,MLB,MLB,401817052,2026-09-23T23:40:00+00:00,Kauffman Stadium,Kansas City,Missouri,False,39.09973,-94.57857,2026-09-23T23:00Z,OPEN_METEO_FORECAST,FORECAST,74.0,73.2,53,6,0.0,0.0,0.0,1,988.4,6.2,69,11.9
OPEN_METEO-FORECAST-401817053-20260917T180632Z,2026-09-17T11:06:32.479998-07:00,MLB,MLB,401817053,2026-09-23T23:40:00+00:00,Wrigley Field,Chicago,Illinois,False,41.85003,-87.65005,2026-09-23T23:00Z,OPEN_METEO_FORECAST,FORECAST,63.3,60.7,71,2,0.0,0.0,0.0,3,1003.2,8.7,13,8.5
OPEN_METEO-FORECAST-401872945-20260917T180827Z,2026-09-17T11:08:27.552898-07:00,NFL,NFL,401872945,2026-09-21T00:20:00+00:00,Arrowhead Stadium,Kansas City,MO,False,39.09973,-94.57857,2026-09-21T00:00Z,OPEN_METEO_FORECAST,FORECAST,74.0,75.9,74,46,0.0,0.0,0.0,3,979.1,8.5,6,13.6
OPEN_METEO-FORECAST-401817027-20260917T180827Z,2026-09-17T11:08:27.552898-07:00,MLB,MLB,401817027,2026-09-21T22:35:00+00:00,Oriole Park at Camden Yards,Baltimore,Maryland,False,39.29038,-76.61219,2026-09-21T23:00Z,OPEN_METEO_FORECAST,FORECAST,71.7,71.6,67,32,0.0,0.0,0.0,3,1016.3,8.1,74,11.0
OPEN_METEO-FORECAST-401817028-20260917T180827Z,2026-09-17T11:08:27.552898-07:00,MLB,MLB,401817028,2026-09-21T22:40:00+00:00,Comerica Park,Detroit,Michigan,False,42.33143,-83.04575,2026-09-21T23:00Z,OPEN_METEO_FORECAST,FORECAST,53.7,49.0,91,11,0.028,0.028,0.0,53,998.6,12.2,54,17.9
OPEN_METEO-FORECAST-401858225-20260917T180827Z,2026-09-17T11:08:27.552898-07:00,NCAA_Football,NCAA_Football,401858225,2026-09-17T23:30:00+00:00,Acrisure Stadium,Pittsburgh,PA,False,40.44062,-79.99589,2026-09-17T23:00Z,OPEN_METEO_FORECAST,FORECAST,76.6,84.8,89,8,0.0,0.0,0.0,3,992.8,3.8,267,13.6
OPEN_METEO-FORECAST-401816975-20260917T180827Z,2026-09-17T11:08:27.552898-07:00,MLB,MLB,401816975,2026-09-17T16:35:00+00:00,PNC Park,Pittsburgh,Pennsylvania,False,40.44062,-79.99589,2026-09-17T17:00Z,OPEN_METEO_FORECAST,FORECAST,79.1,86.7,86,12,0.0,0.0,0.0,3,995.2,6.9,241,14.3
OPEN_METEO-FORECAST-401816974-20260917T180827Z,2026-09-17T11:08:27.552898-07:00,MLB,MLB,401816974,2026-09-17T16:40:00+00:00,Great American Ball Park,Cincinnati,Ohio,False,39.12711,-84.51439,2026-09-17T17:00Z,OPEN_METEO_FORECAST,FORECAST,92.3,96.8,42,0,0.0,0.0,0.0,0,992.1,8.2,281,15.9
OPEN_METEO-FORECAST-401816976-20260917T180827Z,2026-09-17T11:08:27.552898-07:00,MLB,MLB,401816976,2026-09-17T23:15:00+00:00,Citi Field,Queens,New York,False,40.68149,-73.83652,2026-09-17T23:00Z,OPEN_METEO_FORECAST,FORECAST,74.0,77.3,82,6,0.0,0.0,0.0,2,1017.5,8.8,173,20.4
OPEN_METEO-FORECAST-401816978-20260917T180827Z,2026-09-17T11:08:27.552898-07:00,MLB,MLB,401816978,2026-09-17T23:40:00+00:00,Rate Field,Chicago,Illinois,False,41.85003,-87.65005,2026-09-17T23:00Z,OPEN_METEO_FORECAST,FORECAST,68.0,71.6,97,8,0.0,0.0,0.0,3,1000.8,7.2,4,14.3
OPEN_METEO-FORECAST-401872948-20260917T180827Z,2026-09-17T11:08:27.552898-07:00,NFL,NFL,401872948,2026-09-25T00:15:00+00:00,Lambeau Field,Green Bay,WI,False,44.51916,-88.01983,2026-09-25T00:00Z,OPEN_METEO_FORECAST,FORECAST,57.7,55.4,79,6,0.0,0.0,0.0,0,1001.8,6.4,100,6.3
OPEN_METEO-FORECAST-401817070-20260917T180827Z,2026-09-17T11:08:27.552898-07:00,MLB,MLB,401817070,2026-09-25T01:40:00+00:00,Sutter Health Park,Sacramento,California,False,38.58157,-121.4944,2026-09-25T02:00Z,OPEN_METEO_FORECAST,FORECAST,82.6,75.8,20,0,0.0,0.0,0.0,3,1005.7,9.1,197,20.1
OPEN_METEO-FORECAST-401817071-20260917T180827Z,2026-09-17T11:08:27.552898-07:00,MLB,MLB,401817071,2026-09-25T02:10:00+00:00,Dodger Stadium,Los Angeles,California,False,34.05223,-118.24368,2026-09-25T02:00Z,OPEN_METEO_FORECAST,FORECAST,75.8,76.1,59,0,0.0,0.0,0.0,0,1001.0,7.7,234,4.7
OPEN_METEO-FORECAST-401872937-20260917T180827Z,2026-09-17T11:08:27.552898-07:00,NFL,NFL,401872937,2026-09-20T17:00:00+00:00,Soldier Field,Chicago,IL,False,41.85003,-87.65005,2026-09-20T17:00Z,OPEN_METEO_FORECAST,FORECAST,66.3,68.3,95,60,0.004,0.0,0.0,51,992.0,8.2,55,20.4
OPEN_METEO-FORECAST-401872939-20260917T180827Z,2026-09-17T11:08:27.552898-07:00,NFL,NFL,401872939,2026-09-20T17:00:00+00:00,Nissan Stadium,Nashville,TN,False,36.16589,-86.78444,2026-09-20T17:00Z,OPEN_METEO_FORECAST,FORECAST,92.5,97.7,40,2,0.0,0.0,0.0,1,995.7,5.2,198,7.4
OPEN_METEO-FORECAST-401872946-20260917T180827Z,2026-09-17T11:08:27.552898-07:00,NFL,NFL,401872946,2026-09-20T17:00:00+00:00,Gillette Stadium,Foxborough,MA,False,42.06538,-71.24783,2026-09-20T17:00Z,OPEN_METEO_FORECAST,FORECAST,54.2,53.2,87,24,0.016,0.016,0.0,51,1008.9,2.7,171,10.7
OPEN_METEO-FORECAST-401872936-20260917T180827Z,2026-09-17T11:08:27.552898-07:00,NFL,NFL,401872936,2026-09-20T17:00:00+00:00,MetLife Stadium,East Rutherford,NJ,False,40.83399,-74.09709,2026-09-20T17:00Z,OPEN_METEO_FORECAST,FORECAST,64.7,66.0,96,70,0.13,0.13,0.0,63,1013.0,8.3,142,24.4
OPEN_METEO-FORECAST-401872935-20260917T180827Z,2026-09-17T11:08:27.552898-07:00,NFL,NFL,401872935,2026-09-20T17:00:00+00:00,Raymond James Stadium,Tampa,FL,False,27.94752,-82.45843,2026-09-20T17:00Z,OPEN_METEO_FORECAST,FORECAST,90.6,99.4,47,5,0.0,0.0,0.0,0,1012.3,3.6,120,4.9
OPEN_METEO-FORECAST-401872938-20260917T180827Z,2026-09-17T11:08:27.552898-07:00,NFL,NFL,401872938,2026-09-20T17:00:00+00:00,M&T Bank Stadium,Baltimore,MD,False,39.29038,-76.61219,2026-09-20T17:00Z,OPEN_METEO_FORECAST,FORECAST,79.0,80.9,63,29,0.0,0.0,0.0,3,1010.8,9.1,200,18.6
OPEN_METEO-FORECAST-401872940-20260917T180827Z,2026-09-17T11:08:27.552898-07:00,NFL,NFL,401872940,2026-09-20T20:05:00+00:00,Empower Field at Mile High,Denver,CO,False,39.73915,-104.9847,2026-09-20T20:00Z,OPEN_METEO_FORECAST,FORECAST,74.7,71.7,37,44,0.0,0.0,0.0,3,838.0,9.8,37,5.6
OPEN_METEO-FORECAST-401872941-20260917T180827Z,2026-09-17T11:08:27.552898-07:00,NFL,NFL,401872941,2026-09-20T20:05:00+00:00,SoFi Stadium,Inglewood,CA,False,33.96168,-118.35313,2026-09-20T20:00Z,OPEN_METEO_FORECAST,FORECAST,77.0,79.2,53,0,0.0,0.0,0.0,0,1007.6,8.7,215,5.6
OPEN_METEO-FORECAST-401872942-20260917T180827Z,2026-09-17T11:08:27.552898-07:00,NFL,NFL,401872942,2026-09-20T20:25:00+00:00,Levi's Stadium,Santa Clara,CA,False,37.35411,-121.95524,2026-09-20T20:00Z,OPEN_METEO_FORECAST,FORECAST,72.9,71.1,46,0,0.0,0.0,0.0,3,1010.2,5.1,360,4.7
OPEN_METEO-FORECAST-401856693-20260917T180827Z,2026-09-17T11:08:27.552898-07:00,NCAA_Football,NCAA_Football,401856693,2026-09-20T00:00:00+00:00,DKR-Texas Memorial Stadium,Austin,TX,False,30.26715,-97.74306,2026-09-20T00:00Z,OPEN_METEO_FORECAST,FORECAST,97.5,94.7,25,0,0.0,0.0,0.0,0,992.8,10.9,122,11.9
OPEN_METEO-FORECAST-401856799-20260917T180827Z,2026-09-17T11:08:27.552898-07:00,NCAA_Football,NCAA_Football,401856799,2026-09-20T00:00:00+00:00,Amon G. Carter Stadium,Fort Worth,TX,False,32.72541,-97.32085,2026-09-20T00:00Z,OPEN_METEO_FORECAST,FORECAST,96.9,92.9,20,0,0.0,0.0,0.0,0,987.6,9.0,166,11.2
OPEN_METEO-FORECAST-401862775-20260917T180827Z,2026-09-17T11:08:27.552898-07:00,NCAA_Football,NCAA_Football,401862775,2026-09-20T00:00:00+00:00,H. A. Chapman Stadium,Tulsa,OK,False,36.15398,-95.99277,2026-09-20T00:00Z,OPEN_METEO_FORECAST,FORECAST,96.3,92.8,23,0,0.0,0.0,0.0,0,982.7,9.9,177,21.5
OPEN_METEO-FORECAST-401862776-20260917T180827Z,2026-09-17T11:08:27.552898-07:00,NCAA_Football,NCAA_Football,401862776,2026-09-20T00:00:00+00:00,Our Lady of Lourdes Stadium,Lafayette,LA,False,30.22409,-92.01984,2026-09-20T00:00Z,OPEN_METEO_FORECAST,FORECAST,83.0,87.3,65,4,0.0,0.0,0.0,0,1011.6,8.6,190,15.0
OPEN_METEO-FORECAST-401860885-20260917T180827Z,2026-09-17T11:08:27.552898-07:00,NCAA_Football,NCAA_Football,401860885,2026-09-20T02:00:00+00:00,Albertsons Stadium,Boise,ID,False,43.6135,-116.20345,2026-09-20T02:00Z,OPEN_METEO_FORECAST,FORECAST,71.7,68.0,38,0,0.0,0.0,0.0,0,920.0,5.7,9,17.0
OPEN_METEO-FORECAST-401860887-20260917T180827Z,2026-09-17T11:08:27.552898-07:00,NCAA_Football,NCAA_Football,401860887,2026-09-20T02:00:00+00:00,Snapdragon Stadium,San Diego,CA,False,32.71571,-117.16472,2026-09-20T02:00Z,OPEN_METEO_FORECAST,FORECAST,72.6,74.2,66,0,0.0,0.0,0.0,0,1010.4,4.9,275,3.8
OPEN_METEO-FORECAST-401856793-20260917T180827Z,2026-09-17T11:08:27.552898-07:00,NCAA_Football,NCAA_Football,401856793,2026-09-20T02:30:00+00:00,Casino Del Sol Stadium,Tucson,AZ,False,32.22174,-110.92648,2026-09-20T02:00Z,OPEN_METEO_FORECAST,FORECAST,92.8,83.4,13,0,0.0,0.0,0.0,0,925.9,14.1,245,13.9
OPEN_METEO-FORECAST-401864507-20260917T180827Z,2026-09-17T11:08:27.552898-07:00,NCAA_Football,NCAA_Football,401864507,2026-09-20T02:30:00+00:00,Hornet Stadium,Sacramento,CA,False,38.58157,-121.4944,2026-09-20T02:00Z,OPEN_METEO_FORECAST,FORECAST,82.5,78.3,32,0,0.0,0.0,0.0,0,1007.2,9.7,203,16.1
OPEN_METEO-FORECAST-401860886-20260917T180827Z,2026-09-17T11:08:27.552898-07:00,NCAA_Football,NCAA_Football,401860886,2026-09-20T03:00:00+00:00,Reser Stadium,Corvallis,OR,False,33.90224,-118.08173,2026-09-20T03:00Z,OPEN_METEO_FORECAST,FORECAST,76.3,76.7,55,0,0.0,0.0,0.0,2,1008.5,6.1,246,5.8
OPEN_METEO-FORECAST-401860888-20260917T180827Z,2026-09-17T11:08:27.552898-07:00,NCAA_Football,NCAA_Football,401860888,2026-09-20T03:00:00+00:00,CEFCU Stadium,San Jose,CA,False,37.33939,-121.89496,2026-09-20T03:00Z,OPEN_METEO_FORECAST,FORECAST,72.2,70.4,49,0,0.0,0.0,0.0,0,1009.2,5.6,337,3.8
OPEN_METEO-FORECAST-401817017-20260917T180827Z,2026-09-17T11:08:27.552898-07:00,MLB,MLB,401817017,2026-09-20T17:10:00+00:00,Citi Field,Queens,New York,False,40.68149,-73.83652,2026-09-20T17:00Z,OPEN_METEO_FORECAST,FORECAST,65.9,65.2,90,60,0.118,0.118,0.0,63,1015.0,12.6,153,23.7
OPEN_METEO-FORECAST-401817015-20260917T180827Z,2026-09-17T11:08:27.552898-07:00,MLB,MLB,401817015,2026-09-20T17:35:00+00:00,PNC Park,Pittsburgh,Pennsylvania,False,40.44062,-79.99589,2026-09-20T18:00Z,OPEN_METEO_FORECAST,FORECAST,70.3,75.5,95,76,0.024,0.02,0.0,53,986.0,5.0,243,17.2
OPEN_METEO-FORECAST-401817014-20260917T180827Z,2026-09-17T11:08:27.552898-07:00,MLB,MLB,401817014,2026-09-20T17:40:00+00:00,Great American Ball Park,Cincinnati,Ohio,False,39.12711,-84.51439,2026-09-20T18:00Z,OPEN_METEO_FORECAST,FORECAST,73.9,78.8,87,15,0.0,0.0,0.0,3,982.0,6.9,159,17.2
OPEN_METEO-FORECAST-401817019-20260917T180827Z,2026-09-17T11:08:27.552898-07:00,MLB,MLB,401817019,2026-09-20T18:10:00+00:00,Rate Field,Chicago,Illinois,False,41.85003,-87.65005,2026-09-20T18:00Z,OPEN_METEO_FORECAST,FORECAST,65.6,67.0,96,60,0.008,0.008,0.0,51,992.2,9.1,22,18.6
OPEN_METEO-FORECAST-401817021-20260917T180827Z,2026-09-17T11:08:27.552898-07:00,MLB,MLB,401817021,2026-09-20T18:15:00+00:00,Busch Stadium,St. Louis,Missouri,False,38.62727,-90.19789,2026-09-20T18:00Z,OPEN_METEO_FORECAST,FORECAST,91.6,90.7,31,11,0.0,0.0,0.0,3,994.5,7.2,240,9.4
OPEN_METEO-FORECAST-401817024-20260917T180827Z,2026-09-17T11:08:27.552898-07:00,MLB,MLB,401817024,2026-09-20T20:07:00+00:00,Angel Stadium,Anaheim,California,False,33.83529,-117.9145,2026-09-20T20:00Z,OPEN_METEO_FORECAST,FORECAST,80.1,82.4,49,0,0.0,0.0,0.0,0,1007.5,9.2,219,7.8
OPEN_METEO-FORECAST-401817023-20260917T180827Z,2026-09-17T11:08:27.552898-07:00,MLB,MLB,401817023,2026-09-20T20:10:00+00:00,Petco Park,San Diego,California,False,32.71571,-117.16472,2026-09-20T20:00Z,OPEN_METEO_FORECAST,FORECAST,75.3,77.9,62,0,0.0,0.0,0.0,3,1011.2,10.1,265,6.0
OPEN_METEO-FORECAST-401817026-20260917T180827Z,2026-09-17T11:08:27.552898-07:00,MLB,MLB,401817026,2026-09-20T20:10:00+00:00,Dodger Stadium,Los Angeles,California,False,34.05223,-118.24368,2026-09-20T20:00Z,OPEN_METEO_FORECAST,FORECAST,82.3,83.8,39,0,0.0,0.0,0.0,0,1002.1,7.5,192,5.6
OPEN_METEO-FORECAST-401817016-20260917T180827Z,2026-09-17T11:08:27.552898-07:00,MLB,MLB,401817016,2026-09-20T23:20:00+00:00,Oriole Park at Camden Yards,Baltimore,Maryland,False,39.29038,-76.61219,2026-09-20T23:00Z,OPEN_METEO_FORECAST,FORECAST,79.0,84.3,69,53,0.012,0.0,0.0,51,1007.9,3.9,204,18.3
OPEN_METEO-FORECAST-401817008-20260917T180827Z,2026-09-17T11:08:27.552898-07:00,MLB,MLB,401817008,2026-09-20T00:40:00+00:00,Petco Park,San Diego,California,False,32.71571,-117.16472,2026-09-20T01:00Z,OPEN_METEO_FORECAST,FORECAST,73.5,74.1,62,0,0.0,0.0,0.0,0,1009.9,6.5,272,4.3
OPEN_METEO-FORECAST-401817011-20260917T180827Z,2026-09-17T11:08:27.552898-07:00,MLB,MLB,401817011,2026-09-20T01:10:00+00:00,Dodger Stadium,Los Angeles,California,False,34.05223,-118.24368,2026-09-20T01:00Z,OPEN_METEO_FORECAST,FORECAST,77.2,75.8,53,0,0.0,0.0,0.0,2,1000.4,10.2,241,8.7
OPEN_METEO-FORECAST-401817009-20260917T180827Z,2026-09-17T11:08:27.552898-07:00,MLB,MLB,401817009,2026-09-20T01:38:00+00:00,Angel Stadium,Anaheim,California,False,33.83529,-117.9145,2026-09-20T02:00Z,OPEN_METEO_FORECAST,FORECAST,76.0,75.7,54,0,0.0,0.0,0.0,1,1005.9,7.0,220,6.7
OPEN_METEO-FORECAST-401872947-20260917T180827Z,2026-09-17T11:08:27.552898-07:00,NFL,NFL,401872947,2026-09-22T00:15:00+00:00,SoFi Stadium,Inglewood,CA,False,33.96168,-118.35313,2026-09-22T00:00Z,OPEN_METEO_FORECAST,FORECAST,72.7,71.1,63,0,0.0,0.0,0.0,0,1005.4,11.2,254,5.8
OPEN_METEO-FORECAST-401873648-20260917T180827Z,2026-09-17T11:08:27.552898-07:00,MLB,MLB,401873648,2026-09-22T17:05:00+00:00,Yankee Stadium,Bronx,New York,False,40.93815,-73.83208,2026-09-22T17:00Z,OPEN_METEO_FORECAST,FORECAST,55.2,50.1,87,27,0.016,0.016,0.0,51,1023.6,13.2,55,15.4
OPEN_METEO-FORECAST-401817035-20260917T180827Z,2026-09-17T11:08:27.552898-07:00,MLB,MLB,401817035,2026-09-22T22:35:00+00:00,Oriole Park at Camden Yards,Baltimore,Maryland,False,39.29038,-76.61219,2026-09-22T23:00Z,OPEN_METEO_FORECAST,FORECAST,59.6,56.6,92,44,0.008,0.004,0.0,51,1022.6,12.8,71,23.9
OPEN_METEO-FORECAST-401817032-20260917T180827Z,2026-09-17T11:08:27.552898-07:00,MLB,MLB,401817032,2026-09-22T22:40:00+00:00,Citizens Bank Park,Philadelphia,Pennsylvania,False,39.95238,-75.16362,2026-09-22T23:00Z,OPEN_METEO_FORECAST,FORECAST,56.0,52.1,93,38,0.028,0.028,0.0,53,1025.0,12.4,55,23.0
OPEN_METEO-FORECAST-401817033-20260917T180827Z,2026-09-17T11:08:27.552898-07:00,MLB,MLB,401817033,2026-09-22T22:40:00+00:00,PNC Park,Pittsburgh,Pennsylvania,False,40.44062,-79.99589,2026-09-22T23:00Z,OPEN_METEO_FORECAST,FORECAST,62.8,61.7,92,50,0.016,0.0,0.0,51,996.1,11.0,108,27.7
OPEN_METEO-FORECAST-401817036-20260917T180827Z,2026-09-17T11:08:27.552898-07:00,MLB,MLB,401817036,2026-09-22T22:40:00+00:00,Comerica Park,Detroit,Michigan,False,42.33143,-83.04575,2026-09-22T23:00Z,OPEN_METEO_FORECAST,FORECAST,57.6,54.3,85,22,0.0,0.0,0.0,3,1002.6,10.1,32,24.4
OPEN_METEO-FORECAST-401817031-20260917T180827Z,2026-09-17T11:08:27.552898-07:00,MLB,MLB,401817031,2026-09-22T22:45:00+00:00,Fenway Park,Boston,Massachusetts,False,42.35843,-71.05977,2026-09-22T23:00Z,OPEN_METEO_FORECAST,FORECAST,55.5,47.1,57,10,0.0,0.0,0.0,3,1028.8,14.4,54,15.9
OPEN_METEO-FORECAST-401817034-20260917T180827Z,2026-09-17T11:08:27.552898-07:00,MLB,MLB,401817034,2026-09-22T23:05:00+00:00,Yankee Stadium,Bronx,New York,False,40.93815,-73.83208,2026-09-22T23:00Z,OPEN_METEO_FORECAST,FORECAST,54.2,49.6,84,23,0.0,0.0,0.0,3,1024.0,10.4,47,16.6
OPEN_METEO-FORECAST-401817030-20260917T180827Z,2026-09-17T11:08:27.552898-07:00,MLB,MLB,401817030,2026-09-22T23:15:00+00:00,Truist Park,Atlanta,Georgia,False,33.749,-84.38798,2026-09-22T23:00Z,OPEN_METEO_FORECAST,FORECAST,86.2,90.8,48,29,0.0,0.0,0.0,3,978.0,1.3,135,9.2
OPEN_METEO-FORECAST-401817037-20260917T180827Z,2026-09-17T11:08:27.552898-07:00,MLB,MLB,401817037,2026-09-22T23:40:00+00:00,Kauffman Stadium,Kansas City,Missouri,False,39.09973,-94.57857,2026-09-22T23:00Z,OPEN_METEO_FORECAST,FORECAST,67.4,65.8,63,4,0.0,0.0,0.0,3,986.5,7.0,42,13.2
OPEN_METEO-FORECAST-401817038-20260917T180827Z,2026-09-17T11:08:27.552898-07:00,MLB,MLB,401817038,2026-09-22T23:40:00+00:00,Wrigley Field,Chicago,Illinois,False,41.85003,-87.65005,2026-09-22T23:00Z,OPEN_METEO_FORECAST,FORECAST,60.6,55.7,69,13,0.0,0.0,0.0,3,1002.3,11.9,52,18.6
OPEN_METEO-FORECAST-401817029-20260917T180827Z,2026-09-17T11:08:27.552898-07:00,MLB,MLB,401817029,2026-09-22T01:45:00+00:00,Oracle Park,San Francisco,California,False,37.77493,-122.41942,2026-09-22T02:00Z,OPEN_METEO_FORECAST,FORECAST,62.2,59.7,75,0,0.0,0.0,0.0,0,1010.8,8.9,236,7.6
OPEN_METEO-FORECAST-401872932-20260917T180827Z,2026-09-17T11:08:27.552898-07:00,NFL,NFL,401872932,2026-09-18T00:15:00+00:00,Highmark Stadium,Orchard Park,NY,False,42.76756,-78.74392,2026-09-18T00:00Z,OPEN_METEO_FORECAST,FORECAST,70.3,73.9,83,2,0.0,0.0,0.0,3,989.4,4.7,245,8.7
OPEN_METEO-FORECAST-401858226-20260917T180827Z,2026-09-17T11:08:27.552898-07:00,NCAA_Football,NCAA_Football,401858226,2026-09-18T23:30:00+00:00,Allegacy Federal Credit Union Stadium,Winston-Salem,NC,False,36.09986,-80.24422,2026-09-18T23:00Z,OPEN_METEO_FORECAST,FORECAST,83.7,87.9,58,24,0.0,0.0,0.0,3,983.7,5.6,61,9.2
OPEN_METEO-FORECAST-401816984-20260917T180827Z,2026-09-17T11:08:27.552898-07:00,MLB,MLB,401816984,2026-09-18T22:40:00+00:00,Great American Ball Park,Cincinnati,Ohio,False,39.12711,-84.51439,2026-09-18T23:00Z,OPEN_METEO_FORECAST,FORECAST,72.3,76.2,86,3,0.0,0.0,0.0,3,988.1,6.9,29,15.2
OPEN_METEO-FORECAST-401816985-20260917T180827Z,2026-09-17T11:08:27.552898-07:00,MLB,MLB,401816985,2026-09-18T22:40:00+00:00,PNC Park,Pittsburgh,Pennsylvania,False,40.44062,-79.99589,2026-09-18T23:00Z,OPEN_METEO_FORECAST,FORECAST,71.7,75.0,76,0,0.0,0.0,0.0,1,992.1,3.8,360,11.2
OPEN_METEO-FORECAST-401816986-20260917T180827Z,2026-09-17T11:08:27.552898-07:00,MLB,MLB,401816986,2026-09-18T23:05:00+00:00,Oriole Park at Camden Yards,Baltimore,Maryland,False,39.29038,-76.61219,2026-09-18T23:00Z,OPEN_METEO_FORECAST,FORECAST,77.9,76.8,45,0,0.0,0.0,0.0,0,1015.1,6.3,360,14.8
OPEN_METEO-FORECAST-401816987-20260917T180827Z,2026-09-17T11:08:27.552898-07:00,MLB,MLB,401816987,2026-09-18T23:10:00+00:00,Citi Field,Queens,New York,False,40.68149,-73.83652,2026-09-18T23:00Z,OPEN_METEO_FORECAST,FORECAST,73.4,72.5,53,0,0.0,0.0,0.0,0,1017.1,5.9,11,15.0
OPEN_METEO-FORECAST-401816989-20260917T180827Z,2026-09-17T11:08:27.552898-07:00,MLB,MLB,401816989,2026-09-18T23:40:00+00:00,Rate Field,Chicago,Illinois,False,41.85003,-87.65005,2026-09-18T23:00Z,OPEN_METEO_FORECAST,FORECAST,66.2,66.1,81,3,0.0,0.0,0.0,3,1000.7,8.6,53,16.1
OPEN_METEO-FORECAST-401816981-20260917T180827Z,2026-09-17T11:08:27.552898-07:00,MLB,MLB,401816981,2026-09-18T01:38:00+00:00,Angel Stadium,Anaheim,California,False,33.83529,-117.9145,2026-09-18T02:00Z,OPEN_METEO_FORECAST,FORECAST,73.4,73.5,61,0,0.0,0.0,0.0,0,1011.3,6.9,274,9.8
OPEN_METEO-FORECAST-401869941-20260917T180827Z,2026-09-17T11:08:27.552898-07:00,NCAA_Football,NCAA_Football,401869941,2026-09-24T23:30:00+00:00,Brooks Stadium (SC),Conway,SC,False,35.0887,-92.4421,2026-09-24T23:00Z,OPEN_METEO_FORECAST,FORECAST,83.4,84.0,44,2,0.0,0.0,0.0,2,1006.4,5.8,36,3.6
OPEN_METEO-FORECAST-401817063-20260917T180827Z,2026-09-17T11:08:27.552898-07:00,MLB,MLB,401817063,2026-09-24T16:35:00+00:00,PNC Park,Pittsburgh,Pennsylvania,False,40.44062,-79.99589,2026-09-24T17:00Z,OPEN_METEO_FORECAST,FORECAST,59.8,59.8,88,21,0.0,0.0,0.0,3,996.6,4.9,120,13.2
OPEN_METEO-FORECAST-401817065-20260917T180827Z,2026-09-17T11:08:27.552898-07:00,MLB,MLB,401817065,2026-09-24T18:10:00+00:00,Kauffman Stadium,Kansas City,Missouri,False,39.09973,-94.57857,2026-09-24T18:00Z,OPEN_METEO_FORECAST,FORECAST,74.7,74.3,54,23,0.0,0.0,0.0,3,991.2,6.5,84,8.9
OPEN_METEO-FORECAST-401817066-20260917T180827Z,2026-09-17T11:08:27.552898-07:00,MLB,MLB,401817066,2026-09-24T18:20:00+00:00,Wrigley Field,Chicago,Illinois,False,41.85003,-87.65005,2026-09-24T18:00Z,OPEN_METEO_FORECAST,FORECAST,64.7,62.3,77,5,0.004,0.0,0.0,51,1001.8,11.3,7,6.9
OPEN_METEO-FORECAST-401817062-20260917T180827Z,2026-09-17T11:08:27.552898-07:00,MLB,MLB,401817062,2026-09-24T22:05:00+00:00,Citizens Bank Park,Philadelphia,Pennsylvania,False,39.95238,-75.16362,2026-09-24T22:00Z,OPEN_METEO_FORECAST,FORECAST,63.2,59.8,56,12,0.0,0.0,0.0,3,1022.7,6.1,62,10.5
OPEN_METEO-FORECAST-401817061-20260917T180827Z,2026-09-17T11:08:27.552898-07:00,MLB,MLB,401817061,2026-09-24T22:45:00+00:00,Fenway Park,Boston,Massachusetts,False,42.35843,-71.05977,2026-09-24T23:00Z,OPEN_METEO_FORECAST,FORECAST,56.2,50.3,68,23,0.0,0.0,0.0,1,1024.5,11.6,41,15.2
OPEN_METEO-FORECAST-401817064-20260917T180827Z,2026-09-17T11:08:27.552898-07:00,MLB,MLB,401817064,2026-09-24T23:05:00+00:00,Yankee Stadium,Bronx,New York,False,40.93815,-73.83208,2026-09-24T23:00Z,OPEN_METEO_FORECAST,FORECAST,62.3,57.5,55,15,0.0,0.0,0.0,3,1020.7,8.8,58,13.2
OPEN_METEO-FORECAST-401817060-20260917T180827Z,2026-09-17T11:08:27.552898-07:00,MLB,MLB,401817060,2026-09-24T23:15:00+00:00,Truist Park,Atlanta,Georgia,False,33.749,-84.38798,2026-09-24T23:00Z,OPEN_METEO_FORECAST,FORECAST,82.2,83.6,45,6,0.0,0.0,0.0,3,982.1,3.7,25,10.1
OPEN_METEO-FORECAST-401817056-20260917T180827Z,2026-09-17T11:08:27.552898-07:00,MLB,MLB,401817056,2026-09-24T01:40:00+00:00,Sutter Health Park,Sacramento,California,False,38.58157,-121.4944,2026-09-24T02:00Z,OPEN_METEO_FORECAST,FORECAST,85.5,79.1,14,0,0.0,0.0,0.0,1,1005.5,5.7,189,7.4
OPEN_METEO-FORECAST-401817059-20260917T180827Z,2026-09-17T11:08:27.552898-07:00,MLB,MLB,401817059,2026-09-24T02:10:00+00:00,Dodger Stadium,Los Angeles,California,False,34.05223,-118.24368,2026-09-24T02:00Z,OPEN_METEO_FORECAST,FORECAST,77.7,78.3,55,0,0.0,0.0,0.0,0,999.7,6.7,217,5.6
OPEN_METEO-FORECAST-401856811-20260917T180827Z,2026-09-17T11:08:27.552898-07:00,NCAA_Football,NCAA_Football,401856811,2026-09-19T00:00:00+00:00,Galaxy Stadium,Lubbock,TX,False,33.57786,-101.85517,2026-09-19T00:00Z,OPEN_METEO_FORECAST,FORECAST,89.3,86.7,31,1,0.0,0.0,0.0,0,909.2,9.8,164,13.2
OPEN_METEO-FORECAST-401858455-20260917T180827Z,2026-09-17T11:08:27.552898-07:00,NCAA_Football,NCAA_Football,401858455,2026-09-19T02:30:00+00:00,Autzen Stadium,Eugene,OR,False,44.05207,-123.08675,2026-09-19T02:00Z,OPEN_METEO_FORECAST,FORECAST,70.1,66.6,48,0,0.0,0.0,0.0,0,1004.2,8.0,293,14.3
OPEN_METEO-FORECAST-401869940-20260917T180827Z,2026-09-17T11:08:27.552898-07:00,NCAA_Football,NCAA_Football,401869940,2026-09-19T15:30:00+00:00,Delaware Stadium,Newark,DE,False,40.73566,-74.17237,2026-09-19T15:00Z,OPEN_METEO_FORECAST,FORECAST,68.3,62.2,32,0,0.0,0.0,0.0,1,1021.9,8.9,62,8.9
OPEN_METEO-FORECAST-401856686-20260917T180827Z,2026-09-17T11:08:27.552898-07:00,NCAA_Football,NCAA_Football,401856686,2026-09-19T16:00:00+00:00,Donald W. Reynolds Razorback Stadium,Fayetteville,AR,False,35.05266,-78.87836,2026-09-19T16:00Z,OPEN_METEO_FORECAST,FORECAST,78.5,84.4,78,5,0.0,0.0,0.0,3,1013.1,6.3,63,10.1
OPEN_METEO-FORECAST-401858454-20260917T180827Z,2026-09-17T11:08:27.552898-07:00,NCAA_Football,NCAA_Football,401858454,2026-09-19T16:00:00+00:00,Ohio Stadium,Columbus,OH,False,39.96118,-82.99879,2026-09-19T16:00Z,OPEN_METEO_FORECAST,FORECAST,74.1,75.0,57,16,0.0,0.0,0.0,3,992.9,4.0,71,6.9
OPEN_METEO-FORECAST-401858456-20260917T180827Z,2026-09-17T11:08:27.552898-07:00,NCAA_Football,NCAA_Football,401858456,2026-09-19T16:00:00+00:00,Beaver Stadium,University Park,PA,False,37.44188,-122.14302,2026-09-19T16:00Z,OPEN_METEO_FORECAST,FORECAST,66.3,66.0,58,0,0.0,0.0,0.0,0,1014.3,1.6,262,2.0
OPEN_METEO-FORECAST-401856792-20260917T180827Z,2026-09-17T11:08:27.552898-07:00,NCAA_Football,NCAA_Football,401856792,2026-09-19T16:00:00+00:00,Bill Snyder Family Stadium,Manhattan,KS,False,40.78343,-73.96625,2026-09-19T16:00Z,OPEN_METEO_FORECAST,FORECAST,68.6,62.7,30,0,0.0,0.0,0.0,3,1018.3,9.8,66,9.2
OPEN_METEO-FORECAST-401856798-20260917T180827Z,2026-09-17T11:08:27.552898-07:00,NCAA_Football,NCAA_Football,401856798,2026-09-19T16:00:00+00:00,Jack Trice Stadium,Ames,IA,False,42.03471,-93.61994,2026-09-19T16:00Z,OPEN_METEO_FORECAST,FORECAST,72.7,77.7,90,25,0.016,0.0,0.0,51,977.8,6.6,168,5.4
OPEN_METEO-FORECAST-401856812-20260917T180827Z,2026-09-17T11:08:27.552898-07:00,NCAA_Football,NCAA_Football,401856812,2026-09-19T16:00:00+00:00,Wembley Stadium,London,,False,39.88645,-83.44825,2026-09-19T16:00Z,OPEN_METEO_FORECAST,FORECAST,72.6,74.0,62,13,0.0,0.0,0.0,0,981.8,5.9,83,8.1
OPEN_METEO-FORECAST-401858228-20260917T180827Z,2026-09-17T11:08:27.552898-07:00,NCAA_Football,NCAA_Football,401858228,2026-09-19T16:00:00+00:00,Bobby Dodd Stadium,Atlanta,GA,False,33.749,-84.38798,2026-09-19T16:00Z,OPEN_METEO_FORECAST,FORECAST,89.8,94.8,40,0,0.0,0.0,0.0,1,980.0,2.7,95,4.5
OPEN_METEO-FORECAST-401858229-20260917T180827Z,2026-09-17T11:08:27.552898-07:00,NCAA_Football,NCAA_Football,401858229,2026-09-19T16:00:00+00:00,"Memorial Stadium (Clemson, SC)",Clemson,SC,False,34.68344,-82.83737,2026-09-19T16:00Z,OPEN_METEO_FORECAST,FORECAST,82.7,88.9,61,2,0.0,0.0,0.0,3,991.7,1.7,130,3.1
OPEN_METEO-FORECAST-401858451-20260917T180827Z,2026-09-17T11:08:27.552898-07:00,NCAA_Football,NCAA_Football,401858451,2026-09-19T16:00:00+00:00,Huntington Bank Stadium,Minneapolis,MN,False,44.97997,-93.26384,2026-09-19T16:00Z,OPEN_METEO_FORECAST,FORECAST,56.3,54.8,96,13,0.008,0.008,0.0,51,985.6,7.4,70,19.0
OPEN_METEO-FORECAST-401860889-20260917T180827Z,2026-09-17T11:08:27.552898-07:00,NCAA_Football,NCAA_Football,401860889,2026-09-19T16:00:00+00:00,UFCU Stadium,San Marcos,TX,False,29.88327,-97.94139,2026-09-19T16:00Z,OPEN_METEO_FORECAST,FORECAST,86.9,91.3,55,0,0.0,0.0,0.0,0,993.7,8.5,166,9.2
OPEN_METEO-FORECAST-401858460-20260917T180827Z,2026-09-17T11:08:27.552898-07:00,NCAA_Football,NCAA_Football,401858460,2026-09-19T16:30:00+00:00,Camp Randall Stadium,Madison,WI,False,43.07305,-89.40123,2026-09-19T16:00Z,OPEN_METEO_FORECAST,FORECAST,60.2,58.7,98,90,0.012,0.0,0.0,51,982.9,11.2,125,21.0
OPEN_METEO-FORECAST-401856695-20260917T180827Z,2026-09-17T11:08:27.552898-07:00,NCAA_Football,NCAA_Football,401856695,2026-09-19T16:45:00+00:00,FirstBank Stadium,Nashville,TN,False,36.16589,-86.78444,2026-09-19T17:00Z,OPEN_METEO_FORECAST,FORECAST,97.0,101.2,31,0,0.0,0.0,0.0,0,997.4,4.4,246,6.7
OPEN_METEO-FORECAST-401864508-20260917T180827Z,2026-09-17T11:08:27.552898-07:00,NCAA_Football,NCAA_Football,401864508,2026-09-19T17:00:00+00:00,Kelly/Shorts Stadium,Mount Pleasant,MI,False,43.59781,-84.76751,2026-09-19T17:00Z,OPEN_METEO_FORECAST,FORECAST,66.1,59.9,37,69,0.0,0.0,0.0,3,992.7,8.6,110,15.2
OPEN_METEO-FORECAST-401858227-20260917T180827Z,2026-09-17T11:08:27.552898-07:00,NCAA_Football,NCAA_Football,401858227,2026-09-19T18:00:00+00:00,"Alumni Stadium (Chestnut Hill, MA)",Chestnut Hill,MA,False,42.33065,-71.16616,2026-09-19T18:00Z,OPEN_METEO_FORECAST,FORECAST,63.0,58.1,37,0,0.0,0.0,0.0,0,1014.7,9.1,101,5.4
OPEN_METEO-FORECAST-401858448-20260917T180827Z,2026-09-17T11:08:27.552898-07:00,NCAA_Football,NCAA_Football,401858448,2026-09-19T18:00:00+00:00,Gies Memorial Stadium,Champaign,IL,False,40.11642,-88.24338,2026-09-19T18:00Z,OPEN_METEO_FORECAST,FORECAST,72.3,74.0,82,15,0.0,0.0,0.0,3,988.4,10.9,104,10.7
OPEN_METEO-FORECAST-401862774-20260917T180827Z,2026-09-17T11:08:27.552898-07:00,NCAA_Football,NCAA_Football,401862774,2026-09-19T19:00:00+00:00,Glass Bowl,Toledo,OH,False,41.66394,-83.55521,2026-09-19T19:00Z,OPEN_METEO_FORECAST,FORECAST,64.5,64.1,78,65,0.0,0.0,0.0,3,996.7,6.5,88,11.4
OPEN_METEO-FORECAST-401856694-20260917T180827Z,2026-09-17T11:08:27.552898-07:00,NCAA_Football,NCAA_Football,401856694,2026-09-19T19:30:00+00:00,Kyle Field,College Station,TX,False,30.62798,-96.33441,2026-09-19T19:00Z,OPEN_METEO_FORECAST,FORECAST,97.2,98.9,26,0,0.0,0.0,0.0,0,1001.3,8.5,150,9.6
OPEN_METEO-FORECAST-401856685-20260917T180827Z,2026-09-17T11:08:27.552898-07:00,NCAA_Football,NCAA_Football,401856685,2026-09-19T19:30:00+00:00,Bryant-Denny Stadium,Tuscaloosa,AL,False,33.20984,-87.56917,2026-09-19T19:00Z,OPEN_METEO_FORECAST,FORECAST,101.4,105.9,28,7,0.0,0.0,0.0,3,1006.0,4.9,43,3.4
OPEN_METEO-FORECAST-401858457-20260917T180827Z,2026-09-17T11:08:27.552898-07:00,NCAA_Football,NCAA_Football,401858457,2026-09-19T19:30:00+00:00,SHI Stadium,Piscataway,NJ,False,40.49927,-74.39904,2026-09-19T19:00Z,OPEN_METEO_FORECAST,FORECAST,70.2,66.5,41,0,0.0,0.0,0.0,3,1018.1,6.8,113,5.1
OPEN_METEO-FORECAST-401858230-20260917T180827Z,2026-09-17T11:08:27.552898-07:00,NCAA_Football,NCAA_Football,401858230,2026-09-19T19:30:00+00:00,L&N Federal Credit Union Stadium,Louisville,KY,False,38.25424,-85.75941,2026-09-19T19:00Z,OPEN_METEO_FORECAST,FORECAST,92.7,102.7,47,9,0.0,0.0,0.0,0,997.3,0.2,90,7.6
OPEN_METEO-FORECAST-401856801-20260917T180827Z,2026-09-17T11:08:27.552898-07:00,NCAA_Football,NCAA_Football,401856801,2026-09-19T19:30:00+00:00,Rice-Eccles Stadium,Salt Lake City,UT,False,40.76078,-111.89105,2026-09-19T19:00Z,OPEN_METEO_FORECAST,FORECAST,72.1,66.8,31,24,0.004,0.0,0.0,51,872.4,8.1,323,8.9
OPEN_METEO-FORECAST-401858450-20260917T180827Z,2026-09-17T11:08:27.552898-07:00,NCAA_Football,NCAA_Football,401858450,2026-09-19T19:30:00+00:00,Michigan Stadium,Ann Arbor,MI,False,42.27756,-83.74088,2026-09-19T19:00Z,OPEN_METEO_FORECAST,FORECAST,58.1,56.9,88,77,0.0,0.0,0.0,3,986.7,6.3,98,15.9
OPEN_METEO-FORECAST-401856797-20260917T180827Z,2026-09-17T11:08:27.552898-07:00,NCAA_Football,NCAA_Football,401856797,2026-09-19T19:30:00+00:00,TQL Stadium,Cincinnati,OH,False,39.12711,-84.51439,2026-09-19T19:00Z,OPEN_METEO_FORECAST,FORECAST,86.5,92.6,47,12,0.0,0.0,0.0,0,985.7,2.2,53,2.0
OPEN_METEO-FORECAST-401858233-20260917T180827Z,2026-09-17T11:08:27.552898-07:00,NCAA_Football,NCAA_Football,401858233,2026-09-19T19:30:00+00:00,California Memorial Stadium,Berkeley,CA,False,37.87159,-122.27275,2026-09-19T19:00Z,OPEN_METEO_FORECAST,FORECAST,74.4,75.8,48,0,0.0,0.0,0.0,0,1008.1,4.5,270,3.4
OPEN_METEO-FORECAST-401860890-20260917T180827Z,2026-09-17T11:08:27.552898-07:00,NCAA_Football,NCAA_Football,401860890,2026-09-19T19:30:00+00:00,Martin Stadium,Pullman,WA,False,46.73127,-117.17962,2026-09-19T19:00Z,OPEN_METEO_FORECAST,FORECAST,72.1,68.9,34,0,0.0,0.0,0.0,0,935.1,6.1,276,3.6
OPEN_METEO-FORECAST-401866424-20260917T180827Z,2026-09-17T11:08:27.552898-07:00,NCAA_Football,NCAA_Football,401866424,2026-09-19T19:30:00+00:00,Warren McGuirk Alumni Stadium,Amherst,MA,False,42.97839,-78.79976,2026-09-19T19:00Z,OPEN_METEO_FORECAST,FORECAST,69.7,64.9,31,8,0.0,0.0,0.0,3,999.4,6.9,90,8.3
OPEN_METEO-FORECAST-401858449-20260917T180827Z,2026-09-17T11:08:27.552898-07:00,NCAA_Football,NCAA_Football,401858449,2026-09-19T20:00:00+00:00,"Memorial Stadium (Bloomington, IN)",Bloomington,IN,False,39.16533,-86.52639,2026-09-19T20:00Z,OPEN_METEO_FORECAST,FORECAST,89.6,96.4,49,16,0.0,0.0,0.0,0,986.1,3.0,132,5.6
OPEN_METEO-FORECAST-401858471-20260917T180827Z,2026-09-17T11:08:27.552898-07:00,NCAA_Football,NCAA_Football,401858471,2026-09-19T20:00:00+00:00,Kinnick Stadium,Iowa City,IA,False,41.66113,-91.53017,2026-09-19T20:00Z,OPEN_METEO_FORECAST,FORECAST,74.9,78.7,90,36,0.008,0.0,0.0,51,986.7,12.1,146,16.3
OPEN_METEO-FORECAST-401858231-20260917T180827Z,2026-09-17T11:08:27.552898-07:00,NCAA_Football,NCAA_Football,401858231,2026-09-19T20:00:00+00:00,Wallace Wade Stadium,Durham,NC,False,35.99403,-78.89862,2026-09-19T20:00Z,OPEN_METEO_FORECAST,FORECAST,83.1,86.2,60,18,0.004,0.0,0.0,51,1002.5,8.9,56,7.8
OPEN_METEO-FORECAST-401866422-20260917T180827Z,2026-09-17T11:08:27.552898-07:00,NCAA_Football,NCAA_Football,401866422,2026-09-19T20:00:00+00:00,Williams Stadium (VA),Lynchburg,VA,False,37.41375,-79.14225,2026-09-19T20:00Z,OPEN_METEO_FORECAST,FORECAST,80.7,84.4,56,2,0.0,0.0,0.0,1,994.9,4.8,101,3.6
OPEN_METEO-FORECAST-401867804-20260917T180827Z,2026-09-17T11:08:27.552898-07:00,NCAA_Football,NCAA_Football,401867804,2026-09-19T20:00:00+00:00,McLane Stadium,Waco,TX,False,31.54933,-97.14667,2026-09-19T20:00Z,OPEN_METEO_FORECAST,FORECAST,98.7,98.8,23,0,0.0,0.0,0.0,0,995.3,9.6,155,10.3
OPEN_METEO-FORECAST-401856691-20260917T180827Z,2026-09-17T11:08:27.552898-07:00,NCAA_Football,NCAA_Football,401856691,2026-09-19T20:15:00+00:00,Williams-Brice Stadium,Columbia,SC,False,34.00071,-81.03481,2026-09-19T20:00Z,OPEN_METEO_FORECAST,FORECAST,89.4,94.5,49,55,0.004,0.0,0.0,51,1004.2,4.3,3,9.4
OPEN_METEO-FORECAST-401868317-20260917T180827Z,2026-09-17T11:08:27.552898-07:00,NCAA_Football,NCAA_Football,401868317,2026-09-19T20:30:00+00:00,Malone Stadium,Monroe,LA,False,32.50931,-92.1193,2026-09-19T20:00Z,OPEN_METEO_FORECAST,FORECAST,102.2,106.4,24,0,0.0,0.0,0.0,0,1010.5,3.2,192,6.5
OPEN_METEO-FORECAST-401862710-20260917T180827Z,2026-09-17T11:08:27.552898-07:00,NCAA_Football,NCAA_Football,401862710,2026-09-19T22:00:00+00:00,S.B. Ballard Stadium,Norfolk,VA,False,36.84681,-76.28522,2026-09-19T22:00Z,OPEN_METEO_FORECAST,FORECAST,77.4,79.1,65,2,0.0,0.0,0.0,3,1018.2,8.9,72,9.6
OPEN_METEO-FORECAST-401862771-20260917T180827Z,2026-09-17T11:08:27.552898-07:00,NCAA_Football,NCAA_Football,401862771,2026-09-19T22:00:00+00:00,Flagler Credit Union Stadium,Boca Raton,FL,False,26.35869,-80.0831,2026-09-19T22:00Z,OPEN_METEO_FORECAST,FORECAST,86.0,90.0,60,76,0.0,0.0,0.0,3,1012.1,10.2,82,6.3
OPEN_METEO-FORECAST-401864574-20260917T180827Z,2026-09-17T11:08:27.552898-07:00,NCAA_Football,NCAA_Football,401864574,2026-09-19T22:00:00+00:00,Kidd Brewer Stadium,Boone,NC,False,36.21679,-81.67455,2026-09-19T22:00Z,OPEN_METEO_FORECAST,FORECAST,69.1,74.4,95,61,0.051,0.0,0.0,95,906.7,3.4,127,4.7
OPEN_METEO-FORECAST-401871047-20260917T180827Z,2026-09-17T11:08:27.552898-07:00,NCAA_Football,NCAA_Football,401871047,2026-09-19T22:30:00+00:00,Robert W. Plaster Stadium,Springfield,MO,False,37.21533,-93.29824,2026-09-19T22:00Z,OPEN_METEO_FORECAST,FORECAST,98.8,94.8,20,0,0.0,0.0,0.0,0,965.7,10.1,202,10.3
OPEN_METEO-FORECAST-401856689-20260917T180827Z,2026-09-17T11:08:27.552898-07:00,NCAA_Football,NCAA_Football,401856689,2026-09-19T23:00:00+00:00,Memorial Stadium,Columbia,MO,False,34.00071,-81.03481,2026-09-19T23:00Z,OPEN_METEO_FORECAST,FORECAST,84.9,89.9,60,55,0.0,0.0,0.0,3,1004.7,6.6,78,14.3
OPEN_METEO-FORECAST-401856687-20260917T180827Z,2026-09-17T11:08:27.552898-07:00,NCAA_Football,NCAA_Football,401856687,2026-09-19T23:00:00+00:00,Jordan-Hare Stadium,Auburn,AL,False,42.93173,-76.56605,2026-09-19T23:00Z,OPEN_METEO_FORECAST,FORECAST,55.0,52.6,66,2,0.0,0.0,0.0,2,996.0,1.9,45,2.5
OPEN_METEO-FORECAST-401856800-20260917T180827Z,2026-09-17T11:08:27.552898-07:00,NCAA_Football,NCAA_Football,401856800,2026-09-19T23:00:00+00:00,Acrisure Bounce House,Orlando,FL,False,28.53834,-81.37924,2026-09-19T23:00Z,OPEN_METEO_FORECAST,FORECAST,80.9,86.3,71,62,0.102,0.0,0.0,95,1007.7,6.9,61,14.8
OPEN_METEO-FORECAST-401856803-20260917T180827Z,2026-09-17T11:08:27.552898-07:00,NCAA_Football,NCAA_Football,401856803,2026-09-19T23:00:00+00:00,Boone Pickens Stadium,Stillwater,OK,False,36.11561,-97.05837,2026-09-19T23:00Z,OPEN_METEO_FORECAST,FORECAST,101.4,95.9,22,1,0.0,0.0,0.0,0,976.2,17.1,185,17.9
OPEN_METEO-FORECAST-401861963-20260917T180827Z,2026-09-17T11:08:27.552898-07:00,NCAA_Football,NCAA_Football,401861963,2026-09-19T23:00:00+00:00,M. M. Roberts Stadium,Hattiesburg,MS,False,31.32712,-89.29034,2026-09-19T23:00Z,OPEN_METEO_FORECAST,FORECAST,91.8,95.6,43,1,0.0,0.0,0.0,1,1006.2,5.1,285,5.1
OPEN_METEO-FORECAST-401862772-20260917T180827Z,2026-09-17T11:08:27.552898-07:00,NCAA_Football,NCAA_Football,401862772,2026-09-19T23:00:00+00:00,Simmons Bank Liberty Stadium,Memphis,TN,False,35.14953,-90.04898,2026-09-19T23:00Z,OPEN_METEO_FORECAST,FORECAST,101.4,101.0,20,0,0.0,0.0,0.0,0,1001.4,2.9,176,5.6
OPEN_METEO-FORECAST-401862773-20260917T180827Z,2026-09-17T11:08:27.552898-07:00,NCAA_Football,NCAA_Football,401862773,2026-09-19T23:00:00+00:00,Rice Stadium,Houston,TX,False,29.76328,-95.36327,2026-09-19T23:00Z,OPEN_METEO_FORECAST,FORECAST,91.6,92.5,42,1,0.0,0.0,0.0,0,1011.2,11.1,124,11.6
OPEN_METEO-FORECAST-401862777-20260917T180827Z,2026-09-17T11:08:27.552898-07:00,NCAA_Football,NCAA_Football,401862777,2026-09-19T23:00:00+00:00,Raymond James Stadium,Tampa,FL,False,27.94752,-82.45843,2026-09-19T23:00Z,OPEN_METEO_FORECAST,FORECAST,88.3,91.6,47,65,0.0,0.0,0.0,2,1011.3,5.7,349,8.1
OPEN_METEO-FORECAST-401864443-20260917T180827Z,2026-09-17T11:08:27.552898-07:00,NCAA_Football,NCAA_Football,401864443,2026-09-19T23:00:00+00:00,"Johnny ""Red"" Floyd Stadium",Murfreesboro,TN,False,35.84562,-86.39027,2026-09-19T23:00Z,OPEN_METEO_FORECAST,FORECAST,88.2,93.4,48,13,0.0,0.0,0.0,3,990.6,1.8,270,9.2
OPEN_METEO-FORECAST-401866423-20260917T180827Z,2026-09-17T11:08:27.552898-07:00,NCAA_Football,NCAA_Football,401866423,2026-09-19T23:00:00+00:00,Hancock Whitney Stadium,Mobile,AL,False,30.69436,-88.04305,2026-09-19T23:00Z,OPEN_METEO_FORECAST,FORECAST,90.0,93.1,48,7,0.0,0.0,0.0,2,1011.6,8.7,193,5.4
OPEN_METEO-FORECAST-401869948-20260917T180827Z,2026-09-17T11:08:27.552898-07:00,NCAA_Football,NCAA_Football,401869948,2026-09-19T23:00:00+00:00,AmFirst Stadium,Jacksonville,AL,False,30.33218,-81.65565,2026-09-19T23:00Z,OPEN_METEO_FORECAST,FORECAST,85.1,87.0,53,10,0.0,0.0,0.0,0,1013.8,9.7,83,11.4
OPEN_METEO-FORECAST-401870764-20260917T180827Z,2026-09-17T11:08:27.552898-07:00,NCAA_Football,NCAA_Football,401870764,2026-09-19T23:00:00+00:00,Elliott T. Bowers Stadium,Huntsville,TX,False,34.7304,-86.58594,2026-09-19T23:00Z,OPEN_METEO_FORECAST,FORECAST,91.5,93.5,40,18,0.0,0.0,0.0,0,990.3,7.0,37,3.1
OPEN_METEO-FORECAST-401858452-20260917T180827Z,2026-09-17T11:08:27.552898-07:00,NCAA_Football,NCAA_Football,401858452,2026-09-19T23:15:00+00:00,"Memorial Stadium (Lincoln, NE)",Lincoln,NE,False,40.8,-96.66696,2026-09-19T23:00Z,OPEN_METEO_FORECAST,FORECAST,79.1,77.9,70,30,0.0,0.0,0.0,2,965.7,19.8,13,20.4
OPEN_METEO-FORECAST-401858459-20260917T180827Z,2026-09-17T11:08:27.552898-07:00,NCAA_Football,NCAA_Football,401858459,2026-09-19T23:15:00+00:00,Husky Stadium,Seattle,WA,False,47.60621,-122.33207,2026-09-19T23:00Z,OPEN_METEO_FORECAST,FORECAST,75.7,73.0,38,0,0.0,0.0,0.0,3,1009.4,5.3,348,2.7
OPEN_METEO-FORECAST-401858453-20260917T180827Z,2026-09-17T11:08:27.552898-07:00,NCAA_Football,NCAA_Football,401858453,2026-09-19T23:30:00+00:00,Notre Dame Stadium,Notre Dame,IN,False,41.70019,-86.23793,2026-09-19T23:00Z,OPEN_METEO_FORECAST,FORECAST,64.6,65.1,91,81,0.0,0.0,0.0,3,988.0,8.9,135,19.0
OPEN_METEO-FORECAST-401856688-20260917T180827Z,2026-09-17T11:08:27.552898-07:00,NCAA_Football,NCAA_Football,401856688,2026-09-19T23:30:00+00:00,Vaught-Hemingway Stadium,Oxford,MS,False,34.3665,-89.51925,2026-09-19T23:00Z,OPEN_METEO_FORECAST,FORECAST,94.7,97.5,34,1,0.0,0.0,0.0,0,994.3,3.2,155,3.6
OPEN_METEO-FORECAST-401856795-20260917T180827Z,2026-09-17T11:08:27.552898-07:00,NCAA_Football,NCAA_Football,401856795,2026-09-19T23:30:00+00:00,Canvas Stadium,Fort Collins,CO,False,40.58526,-105.08442,2026-09-19T23:00Z,OPEN_METEO_FORECAST,FORECAST,71.0,67.5,45,83,0.0,0.0,0.0,0,846.6,7.6,90,2.7
OPEN_METEO-FORECAST-401856690-20260917T180827Z,2026-09-17T11:08:27.552898-07:00,NCAA_Football,NCAA_Football,401856690,2026-09-19T23:30:00+00:00,"Memorial Stadium (Norman, OK)",Norman,OK,False,35.22257,-97.43948,2026-09-19T23:00Z,OPEN_METEO_FORECAST,FORECAST,100.6,94.6,21,1,0.0,0.0,0.0,1,968.0,16.8,179,15.0
OPEN_METEO-FORECAST-401856802-20260917T180827Z,2026-09-17T11:08:27.552898-07:00,NCAA_Football,NCAA_Football,401856802,2026-09-19T23:30:00+00:00,Bank of America Stadium,Charlotte,NC,False,35.22709,-80.84313,2026-09-19T23:00Z,OPEN_METEO_FORECAST,FORECAST,78.2,84.4,77,53,0.031,0.0,0.0,53,987.1,4.9,43,12.8
OPEN_METEO-FORECAST-401856796-20260917T180827Z,2026-09-17T11:08:27.552898-07:00,NCAA_Football,NCAA_Football,401856796,2026-09-19T23:30:00+00:00,Northwestern Medicine Field at Martin Stadium,Evanston,IL,False,41.26828,-110.96324,2026-09-19T23:00Z,OPEN_METEO_FORECAST,FORECAST,59.7,49.3,36,36,0.0,0.0,0.0,0,796.7,15.8,278,18.6
OPEN_METEO-FORECAST-401858232-20260917T180827Z,2026-09-17T11:08:27.552898-07:00,NCAA_Football,NCAA_Football,401858232,2026-09-19T23:30:00+00:00,SECU Stadium,College Park,MD,False,38.98067,-76.93692,2026-09-19T23:00Z,OPEN_METEO_FORECAST,FORECAST,73.8,74.4,67,3,0.0,0.0,0.0,3,1016.2,8.6,97,11.6
OPEN_METEO-FORECAST-401856692-20260917T180827Z,2026-09-17T11:08:27.552898-07:00,NCAA_Football,NCAA_Football,401856692,2026-09-19T23:45:00+00:00,Neyland Stadium,Knoxville,TN,False,35.96064,-83.92074,2026-09-19T23:00Z,OPEN_METEO_FORECAST,FORECAST,74.9,77.1,81,21,0.012,0.0,0.0,51,981.7,12.4,305,7.6
OPEN_METEO-FORECAST-401816991-20260917T180827Z,2026-09-17T11:08:27.552898-07:00,MLB,MLB,401816991,2026-09-19T00:15:00+00:00,Busch Stadium,St. Louis,Missouri,False,38.62727,-90.19789,2026-09-19T00:00Z,OPEN_METEO_FORECAST,FORECAST,85.0,89.9,66,7,0.0,0.0,0.0,3,1000.6,10.3,169,16.6
OPEN_METEO-FORECAST-401816994-20260917T180827Z,2026-09-17T11:08:27.552898-07:00,MLB,MLB,401816994,2026-09-19T01:38:00+00:00,Angel Stadium,Anaheim,California,False,33.83529,-117.9145,2026-09-19T02:00Z,OPEN_METEO_FORECAST,FORECAST,73.0,73.9,62,0,0.0,0.0,0.0,0,1010.0,5.2,250,8.1
OPEN_METEO-FORECAST-401816993-20260917T180827Z,2026-09-17T11:08:27.552898-07:00,MLB,MLB,401816993,2026-09-19T01:40:00+00:00,Petco Park,San Diego,California,False,32.71571,-117.16472,2026-09-19T02:00Z,OPEN_METEO_FORECAST,FORECAST,68.7,69.8,73,0,0.0,0.0,0.0,0,1015.2,5.2,310,8.5
OPEN_METEO-FORECAST-401816996-20260917T180827Z,2026-09-17T11:08:27.552898-07:00,MLB,MLB,401816996,2026-09-19T02:10:00+00:00,Dodger Stadium,Los Angeles,California,False,34.05223,-118.24368,2026-09-19T02:00Z,OPEN_METEO_FORECAST,FORECAST,69.3,69.8,71,0,0.0,0.0,0.0,0,1004.7,6.2,255,9.4
OPEN_METEO-FORECAST-401817001-20260917T180827Z,2026-09-17T11:08:27.552898-07:00,MLB,MLB,401817001,2026-09-19T20:05:00+00:00,Oriole Park at Camden Yards,Baltimore,Maryland,False,39.29038,-76.61219,2026-09-19T20:00Z,OPEN_METEO_FORECAST,FORECAST,76.0,75.8,51,3,0.0,0.0,0.0,3,1016.4,5.5,102,7.2
OPEN_METEO-FORECAST-401817002-20260917T180827Z,2026-09-17T11:08:27.552898-07:00,MLB,MLB,401817002,2026-09-19T20:10:00+00:00,Citi Field,Queens,New York,False,40.68149,-73.83652,2026-09-19T20:00Z,OPEN_METEO_FORECAST,FORECAST,71.2,67.2,43,0,0.0,0.0,0.0,3,1020.6,7.9,137,4.3
OPEN_METEO-FORECAST-401816999-20260917T180827Z,2026-09-17T11:08:27.552898-07:00,MLB,MLB,401816999,2026-09-19T22:40:00+00:00,Great American Ball Park,Cincinnati,Ohio,False,39.12711,-84.51439,2026-09-19T23:00Z,OPEN_METEO_FORECAST,FORECAST,76.4,81.1,74,12,0.008,0.0,0.0,51,983.1,4.6,14,7.8
OPEN_METEO-FORECAST-401817000-20260917T180827Z,2026-09-17T11:08:27.552898-07:00,MLB,MLB,401817000,2026-09-19T22:40:00+00:00,PNC Park,Pittsburgh,Pennsylvania,False,40.44062,-79.99589,2026-09-19T23:00Z,OPEN_METEO_FORECAST,FORECAST,71.2,73.3,72,8,0.0,0.0,0.0,3,989.2,4.8,41,15.7
OPEN_METEO-FORECAST-401817004-20260917T180827Z,2026-09-17T11:08:27.552898-07:00,MLB,MLB,401817004,2026-09-19T23:10:00+00:00,Rate Field,Chicago,Illinois,False,41.85003,-87.65005,2026-09-19T23:00Z,OPEN_METEO_FORECAST,FORECAST,64.0,65.9,96,81,0.012,0.012,0.0,51,992.5,6.3,174,23.7
OPEN_METEO-FORECAST-401817006-20260917T180827Z,2026-09-17T11:08:27.552898-07:00,MLB,MLB,401817006,2026-09-19T23:15:00+00:00,Busch Stadium,St. Louis,Missouri,False,38.62727,-90.19789,2026-09-19T23:00Z,OPEN_METEO_FORECAST,FORECAST,96.8,97.6,27,1,0.0,0.0,0.0,2,995.0,3.6,281,3.6
OPEN_METEO-FORECAST-401817041-20260917T180827Z,2026-09-17T11:08:27.552898-07:00,MLB,MLB,401817041,2026-09-23T01:40:00+00:00,Sutter Health Park,Sacramento,California,False,38.58157,-121.4944,2026-09-23T02:00Z,OPEN_METEO_FORECAST,FORECAST,81.9,78.8,33,0,0.0,0.0,0.0,0,1005.1,7.2,185,8.9
OPEN_METEO-FORECAST-401817043-20260917T180827Z,2026-09-17T11:08:27.552898-07:00,MLB,MLB,401817043,2026-09-23T01:45:00+00:00,Oracle Park,San Francisco,California,False,37.77493,-122.41942,2026-09-23T02:00Z,OPEN_METEO_FORECAST,FORECAST,63.4,62.2,75,0,0.0,0.0,0.0,0,1007.9,6.7,266,5.6
OPEN_METEO-FORECAST-401817044-20260917T180827Z,2026-09-17T11:08:27.552898-07:00,MLB,MLB,401817044,2026-09-23T02:10:00+00:00,Dodger Stadium,Los Angeles,California,False,34.05223,-118.24368,2026-09-23T02:00Z,OPEN_METEO_FORECAST,FORECAST,74.0,74.9,65,1,0.0,0.0,0.0,0,998.3,7.3,225,5.8
OPEN_METEO-FORECAST-401817051-20260917T180827Z,2026-09-17T11:08:27.552898-07:00,MLB,MLB,401817051,2026-09-23T17:10:00+00:00,Comerica Park,Detroit,Michigan,False,42.33143,-83.04575,2026-09-23T17:00Z,OPEN_METEO_FORECAST,FORECAST,61.7,61.3,90,25,0.0,0.0,0.0,3,1006.1,7.6,93,17.4
OPEN_METEO-FORECAST-401817058-20260917T180827Z,2026-09-17T11:08:27.552898-07:00,MLB,MLB,401817058,2026-09-23T19:45:00+00:00,Oracle Park,San Francisco,California,False,37.77493,-122.41942,2026-09-23T20:00Z,OPEN_METEO_FORECAST,FORECAST,71.4,71.5,48,0,0.0,0.0,0.0,3,1008.8,5.8,274,6.9
OPEN_METEO-FORECAST-401817050-20260917T180827Z,2026-09-17T11:08:27.552898-07:00,MLB,MLB,401817050,2026-09-23T22:35:00+00:00,Oriole Park at Camden Yards,Baltimore,Maryland,False,39.29038,-76.61219,2026-09-23T23:00Z,OPEN_METEO_FORECAST,FORECAST,64.5,61.2,62,22,0.0,0.0,0.0,3,1027.3,8.6,75,19.5
OPEN_METEO-FORECAST-401817047-20260917T180827Z,2026-09-17T11:08:27.552898-07:00,MLB,MLB,401817047,2026-09-23T22:40:00+00:00,Citizens Bank Park,Philadelphia,Pennsylvania,False,39.95238,-75.16362,2026-09-23T23:00Z,OPEN_METEO_FORECAST,FORECAST,63.5,58.4,58,14,0.0,0.0,0.0,2,1030.4,11.1,76,19.9
OPEN_METEO-FORECAST-401817048-20260917T180827Z,2026-09-17T11:08:27.552898-07:00,MLB,MLB,401817048,2026-09-23T22:40:00+00:00,PNC Park,Pittsburgh,Pennsylvania,False,40.44062,-79.99589,2026-09-23T23:00Z,OPEN_METEO_FORECAST,FORECAST,57.1,54.6,92,25,0.0,0.0,0.0,3,1000.2,9.6,106,23.9
OPEN_METEO-FORECAST-401817046-20260917T180827Z,2026-09-17T11:08:27.552898-07:00,MLB,MLB,401817046,2026-09-23T23:00:00+00:00,Fenway Park,Boston,Massachusetts,False,42.35843,-71.05977,2026-09-23T23:00Z,OPEN_METEO_FORECAST,FORECAST,56.1,47.8,64,6,0.0,0.0,0.0,3,1033.6,16.1,56,14.3
OPEN_METEO-FORECAST-401817049-20260917T180827Z,2026-09-17T11:08:27.552898-07:00,MLB,MLB,401817049,2026-09-23T23:05:00+00:00,Yankee Stadium,Bronx,New York,False,40.93815,-73.83208,2026-09-23T23:00Z,OPEN_METEO_FORECAST,FORECAST,62.7,56.2,54,16,0.0,0.0,0.0,1,1029.0,12.9,76,18.3
OPEN_METEO-FORECAST-401817045-20260917T180827Z,2026-09-17T11:08:27.552898-07:00,MLB,MLB,401817045,2026-09-23T23:15:00+00:00,Truist Park,Atlanta,Georgia,False,33.749,-84.38798,2026-09-23T23:00Z,OPEN_METEO_FORECAST,FORECAST,75.6,78.4,70,14,0.0,0.0,0.0,3,984.6,6.5,90,13.6
OPEN_METEO-FORECAST-401817052-20260917T180827Z,2026-09-17T11:08:27.552898-07:00,MLB,MLB,401817052,2026-09-23T23:40:00+00:00,Kauffman Stadium,Kansas City,Missouri,False,39.09973,-94.57857,2026-09-23T23:00Z,OPEN_METEO_FORECAST,FORECAST,74.0,73.2,53,6,0.0,0.0,0.0,1,988.4,6.2,69,11.9
OPEN_METEO-FORECAST-401817053-20260917T180827Z,2026-09-17T11:08:27.552898-07:00,MLB,MLB,401817053,2026-09-23T23:40:00+00:00,Wrigley Field,Chicago,Illinois,False,41.85003,-87.65005,2026-09-23T23:00Z,OPEN_METEO_FORECAST,FORECAST,63.3,60.7,71,2,0.0,0.0,0.0,3,1003.2,8.7,13,8.5
OPEN_METEO-FORECAST-401872945-20260917T185055Z,2026-09-17T11:50:55.619345-07:00,NFL,NFL,401872945,2026-09-21T00:20:00+00:00,Arrowhead Stadium,Kansas City,MO,False,39.09973,-94.57857,2026-09-21T00:00Z,OPEN_METEO_FORECAST,FORECAST,74.0,75.9,74,46,0.0,0.0,0.0,3,979.1,8.5,6,13.6
OPEN_METEO-FORECAST-401817027-20260917T185055Z,2026-09-17T11:50:55.619345-07:00,MLB,MLB,401817027,2026-09-21T22:35:00+00:00,Oriole Park at Camden Yards,Baltimore,Maryland,False,39.29038,-76.61219,2026-09-21T23:00Z,OPEN_METEO_FORECAST,FORECAST,71.7,71.6,67,32,0.0,0.0,0.0,3,1016.3,8.1,74,11.0
OPEN_METEO-FORECAST-401817028-20260917T185055Z,2026-09-17T11:50:55.619345-07:00,MLB,MLB,401817028,2026-09-21T22:40:00+00:00,Comerica Park,Detroit,Michigan,False,42.33143,-83.04575,2026-09-21T23:00Z,OPEN_METEO_FORECAST,FORECAST,53.7,49.0,91,11,0.028,0.028,0.0,53,998.6,12.2,54,17.9
OPEN_METEO-FORECAST-401872948-20260917T185055Z,2026-09-17T11:50:55.619345-07:00,NFL,NFL,401872948,2026-09-25T00:15:00+00:00,Lambeau Field,Green Bay,WI,False,44.51916,-88.01983,2026-09-25T00:00Z,OPEN_METEO_FORECAST,FORECAST,57.7,55.4,79,6,0.0,0.0,0.0,0,1001.8,6.4,100,6.3
OPEN_METEO-FORECAST-401817070-20260917T185055Z,2026-09-17T11:50:55.619345-07:00,MLB,MLB,401817070,2026-09-25T01:40:00+00:00,Sutter Health Park,Sacramento,California,False,38.58157,-121.4944,2026-09-25T02:00Z,OPEN_METEO_FORECAST,FORECAST,82.6,75.8,20,0,0.0,0.0,0.0,3,1005.7,9.1,197,20.1
OPEN_METEO-FORECAST-401817071-20260917T185055Z,2026-09-17T11:50:55.619345-07:00,MLB,MLB,401817071,2026-09-25T02:10:00+00:00,Dodger Stadium,Los Angeles,California,False,34.05223,-118.24368,2026-09-25T02:00Z,OPEN_METEO_FORECAST,FORECAST,75.8,76.1,59,0,0.0,0.0,0.0,0,1001.0,7.7,234,4.7
OPEN_METEO-FORECAST-401872932-20260917T185055Z,2026-09-17T11:50:55.619345-07:00,NFL,NFL,401872932,2026-09-18T00:15:00+00:00,Highmark Stadium,Orchard Park,NY,False,42.76756,-78.74392,2026-09-18T00:00Z,OPEN_METEO_FORECAST,FORECAST,70.9,75.1,85,2,0.0,0.0,0.0,3,989.4,4.2,252,8.3
OPEN_METEO-FORECAST-401858226-20260917T185055Z,2026-09-17T11:50:55.619345-07:00,NCAA_Football,NCAA_Football,401858226,2026-09-18T23:30:00+00:00,Allegacy Federal Credit Union Stadium,Winston-Salem,NC,False,36.09986,-80.24422,2026-09-18T23:00Z,OPEN_METEO_FORECAST,FORECAST,83.7,87.9,58,24,0.0,0.0,0.0,3,983.7,5.6,61,9.2
OPEN_METEO-FORECAST-401816984-20260917T185055Z,2026-09-17T11:50:55.619345-07:00,MLB,MLB,401816984,2026-09-18T22:40:00+00:00,Great American Ball Park,Cincinnati,Ohio,False,39.12711,-84.51439,2026-09-18T23:00Z,OPEN_METEO_FORECAST,FORECAST,72.3,76.2,86,3,0.0,0.0,0.0,3,988.1,6.9,29,15.2
OPEN_METEO-FORECAST-401816985-20260917T185055Z,2026-09-17T11:50:55.619345-07:00,MLB,MLB,401816985,2026-09-18T22:40:00+00:00,PNC Park,Pittsburgh,Pennsylvania,False,40.44062,-79.99589,2026-09-18T23:00Z,OPEN_METEO_FORECAST,FORECAST,71.7,75.0,76,0,0.0,0.0,0.0,1,992.1,3.8,360,11.2
OPEN_METEO-FORECAST-401816986-20260917T185055Z,2026-09-17T11:50:55.619345-07:00,MLB,MLB,401816986,2026-09-18T23:05:00+00:00,Oriole Park at Camden Yards,Baltimore,Maryland,False,39.29038,-76.61219,2026-09-18T23:00Z,OPEN_METEO_FORECAST,FORECAST,77.9,76.8,45,0,0.0,0.0,0.0,0,1015.1,6.3,360,14.8
OPEN_METEO-FORECAST-401816982-20260917T185055Z,2026-09-17T11:50:55.619345-07:00,MLB,MLB,401816982,2026-09-18T23:10:00+00:00,Progressive Field,Cleveland,Ohio,False,41.4995,-81.69541,2026-09-18T23:00Z,OPEN_METEO_FORECAST,FORECAST,69.2,66.8,59,0,0.0,0.0,0.0,3,998.2,8.6,31,14.8
OPEN_METEO-FORECAST-401816987-20260917T185055Z,2026-09-17T11:50:55.619345-07:00,MLB,MLB,401816987,2026-09-18T23:10:00+00:00,Citi Field,Queens,New York,False,40.68149,-73.83652,2026-09-18T23:00Z,OPEN_METEO_FORECAST,FORECAST,73.4,72.5,53,0,0.0,0.0,0.0,0,1017.1,5.9,11,15.0
OPEN_METEO-FORECAST-401816989-20260917T185055Z,2026-09-17T11:50:55.619345-07:00,MLB,MLB,401816989,2026-09-18T23:40:00+00:00,Rate Field,Chicago,Illinois,False,41.85003,-87.65005,2026-09-18T23:00Z,OPEN_METEO_FORECAST,FORECAST,66.2,66.1,81,3,0.0,0.0,0.0,3,1000.7,8.6,53,16.1
OPEN_METEO-FORECAST-401816981-20260917T185055Z,2026-09-17T11:50:55.619345-07:00,MLB,MLB,401816981,2026-09-18T01:38:00+00:00,Angel Stadium,Anaheim,California,False,33.83529,-117.9145,2026-09-18T02:00Z,OPEN_METEO_FORECAST,FORECAST,73.5,73.6,60,0,0.0,0.0,0.0,0,1010.8,6.5,270,9.4
OPEN_METEO-FORECAST-401858225-20260917T185055Z,2026-09-17T11:50:55.619345-07:00,NCAA_Football,NCAA_Football,401858225,2026-09-17T23:30:00+00:00,Acrisure Stadium,Pittsburgh,PA,False,40.44062,-79.99589,2026-09-17T23:00Z,OPEN_METEO_FORECAST,FORECAST,77.1,83.3,84,8,0.0,0.0,0.0,3,992.7,6.6,252,19.9
OPEN_METEO-FORECAST-401816975-20260917T185055Z,2026-09-17T11:50:55.619345-07:00,MLB,MLB,401816975,2026-09-17T16:35:00+00:00,PNC Park,Pittsburgh,Pennsylvania,False,40.44062,-79.99589,2026-09-17T17:00Z,OPEN_METEO_FORECAST,FORECAST,80.1,87.9,85,12,0.0,0.0,0.0,3,995.3,7.3,243,12.1
OPEN_METEO-FORECAST-401816974-20260917T185055Z,2026-09-17T11:50:55.619345-07:00,MLB,MLB,401816974,2026-09-17T16:40:00+00:00,Great American Ball Park,Cincinnati,Ohio,False,39.12711,-84.51439,2026-09-17T17:00Z,OPEN_METEO_FORECAST,FORECAST,89.5,97.3,57,0,0.0,0.0,0.0,0,993.0,7.9,278,15.7
OPEN_METEO-FORECAST-401816980-20260917T185055Z,2026-09-17T11:50:55.619345-07:00,MLB,MLB,401816980,2026-09-17T19:10:00+00:00,Coors Field,Denver,Colorado,False,39.73915,-104.9847,2026-09-17T19:00Z,OPEN_METEO_FORECAST,FORECAST,79.9,82.0,43,8,0.0,0.0,0.0,3,845.4,1.4,231,10.5
OPEN_METEO-FORECAST-401816976-20260917T185055Z,2026-09-17T11:50:55.619345-07:00,MLB,MLB,401816976,2026-09-17T23:15:00+00:00,Citi Field,Queens,New York,False,40.68149,-73.83652,2026-09-17T23:00Z,OPEN_METEO_FORECAST,FORECAST,72.7,76.3,84,6,0.0,0.0,0.0,3,1018.0,7.4,164,18.6
OPEN_METEO-FORECAST-401816978-20260917T185055Z,2026-09-17T11:50:55.619345-07:00,MLB,MLB,401816978,2026-09-17T23:40:00+00:00,Rate Field,Chicago,Illinois,False,41.85003,-87.65005,2026-09-17T23:00Z,OPEN_METEO_FORECAST,FORECAST,68.6,71.8,95,8,0.0,0.0,0.0,1,1000.6,7.9,7,13.6
OPEN_METEO-FORECAST-401869941-20260917T185055Z,2026-09-17T11:50:55.619345-07:00,NCAA_Football,NCAA_Football,401869941,2026-09-24T23:30:00+00:00,Brooks Stadium (SC),Conway,SC,False,35.0887,-92.4421,2026-09-24T23:00Z,OPEN_METEO_FORECAST,FORECAST,83.4,84.0,44,2,0.0,0.0,0.0,2,1006.4,5.8,36,3.6
OPEN_METEO-FORECAST-401817063-20260917T185055Z,2026-09-17T11:50:55.619345-07:00,MLB,MLB,401817063,2026-09-24T16:35:00+00:00,PNC Park,Pittsburgh,Pennsylvania,False,40.44062,-79.99589,2026-09-24T17:00Z,OPEN_METEO_FORECAST,FORECAST,59.8,59.8,88,21,0.0,0.0,0.0,3,996.6,4.9,120,13.2
OPEN_METEO-FORECAST-401817065-20260917T185055Z,2026-09-17T11:50:55.619345-07:00,MLB,MLB,401817065,2026-09-24T18:10:00+00:00,Kauffman Stadium,Kansas City,Missouri,False,39.09973,-94.57857,2026-09-24T18:00Z,OPEN_METEO_FORECAST,FORECAST,74.7,74.3,54,23,0.0,0.0,0.0,3,991.2,6.5,84,8.9
OPEN_METEO-FORECAST-401817066-20260917T185055Z,2026-09-17T11:50:55.619345-07:00,MLB,MLB,401817066,2026-09-24T18:20:00+00:00,Wrigley Field,Chicago,Illinois,False,41.85003,-87.65005,2026-09-24T18:00Z,OPEN_METEO_FORECAST,FORECAST,64.7,62.3,77,5,0.004,0.0,0.0,51,1001.8,11.3,7,6.9
OPEN_METEO-FORECAST-401817068-20260917T185055Z,2026-09-17T11:50:55.619345-07:00,MLB,MLB,401817068,2026-09-24T19:10:00+00:00,Coors Field,Denver,Colorado,False,39.73915,-104.9847,2026-09-24T19:00Z,OPEN_METEO_FORECAST,FORECAST,74.4,70.9,29,16,0.0,0.0,0.0,3,846.6,2.7,81,11.0
OPEN_METEO-FORECAST-401817062-20260917T185055Z,2026-09-17T11:50:55.619345-07:00,MLB,MLB,401817062,2026-09-24T22:05:00+00:00,Citizens Bank Park,Philadelphia,Pennsylvania,False,39.95238,-75.16362,2026-09-24T22:00Z,OPEN_METEO_FORECAST,FORECAST,63.2,59.8,56,12,0.0,0.0,0.0,3,1022.7,6.1,62,10.5
OPEN_METEO-FORECAST-401817061-20260917T185055Z,2026-09-17T11:50:55.619345-07:00,MLB,MLB,401817061,2026-09-24T22:45:00+00:00,Fenway Park,Boston,Massachusetts,False,42.35843,-71.05977,2026-09-24T23:00Z,OPEN_METEO_FORECAST,FORECAST,56.2,50.3,68,23,0.0,0.0,0.0,1,1024.5,11.6,41,15.2
OPEN_METEO-FORECAST-401817064-20260917T185055Z,2026-09-17T11:50:55.619345-07:00,MLB,MLB,401817064,2026-09-24T23:05:00+00:00,Yankee Stadium,Bronx,New York,False,40.93815,-73.83208,2026-09-24T23:00Z,OPEN_METEO_FORECAST,FORECAST,62.3,57.5,55,15,0.0,0.0,0.0,3,1020.7,8.8,58,13.2
OPEN_METEO-FORECAST-401817060-20260917T185055Z,2026-09-17T11:50:55.619345-07:00,MLB,MLB,401817060,2026-09-24T23:15:00+00:00,Truist Park,Atlanta,Georgia,False,33.749,-84.38798,2026-09-24T23:00Z,OPEN_METEO_FORECAST,FORECAST,82.2,83.6,45,6,0.0,0.0,0.0,3,982.1,3.7,25,10.1
OPEN_METEO-FORECAST-401817055-20260917T185055Z,2026-09-17T11:50:55.619345-07:00,MLB,MLB,401817055,2026-09-24T00:40:00+00:00,Coors Field,Denver,Colorado,False,39.73915,-104.9847,2026-09-24T01:00Z,OPEN_METEO_FORECAST,FORECAST,76.7,68.2,24,22,0.0,0.0,0.0,3,844.5,13.1,133,13.2
OPEN_METEO-FORECAST-401817056-20260917T185055Z,2026-09-17T11:50:55.619345-07:00,MLB,MLB,401817056,2026-09-24T01:40:00+00:00,Sutter Health Park,Sacramento,California,False,38.58157,-121.4944,2026-09-24T02:00Z,OPEN_METEO_FORECAST,FORECAST,85.5,79.1,14,0,0.0,0.0,0.0,1,1005.5,5.7,189,7.4
OPEN_METEO-FORECAST-401817059-20260917T185055Z,2026-09-17T11:50:55.619345-07:00,MLB,MLB,401817059,2026-09-24T02:10:00+00:00,Dodger Stadium,Los Angeles,California,False,34.05223,-118.24368,2026-09-24T02:00Z,OPEN_METEO_FORECAST,FORECAST,77.7,78.3,55,0,0.0,0.0,0.0,0,999.7,6.7,217,5.6
OPEN_METEO-FORECAST-401872937-20260917T185055Z,2026-09-17T11:50:55.619345-07:00,NFL,NFL,401872937,2026-09-20T17:00:00+00:00,Soldier Field,Chicago,IL,False,41.85003,-87.65005,2026-09-20T17:00Z,OPEN_METEO_FORECAST,FORECAST,66.3,68.3,95,60,0.004,0.0,0.0,51,992.0,8.2,55,20.4
OPEN_METEO-FORECAST-401872939-20260917T185055Z,2026-09-17T11:50:55.619345-07:00,NFL,NFL,401872939,2026-09-20T17:00:00+00:00,Nissan Stadium,Nashville,TN,False,36.16589,-86.78444,2026-09-20T17:00Z,OPEN_METEO_FORECAST,FORECAST,92.5,97.7,40,2,0.0,0.0,0.0,1,995.7,5.2,198,7.4
OPEN_METEO-FORECAST-401872946-20260917T185055Z,2026-09-17T11:50:55.619345-07:00,NFL,NFL,401872946,2026-09-20T17:00:00+00:00,Gillette Stadium,Foxborough,MA,False,42.06538,-71.24783,2026-09-20T17:00Z,OPEN_METEO_FORECAST,FORECAST,54.2,53.2,87,24,0.016,0.016,0.0,51,1008.9,2.7,171,10.7
OPEN_METEO-FORECAST-401872936-20260917T185055Z,2026-09-17T11:50:55.619345-07:00,NFL,NFL,401872936,2026-09-20T17:00:00+00:00,MetLife Stadium,East Rutherford,NJ,False,40.83399,-74.09709,2026-09-20T17:00Z,OPEN_METEO_FORECAST,FORECAST,64.7,66.0,96,70,0.13,0.13,0.0,63,1013.0,8.3,142,24.4
OPEN_METEO-FORECAST-401872935-20260917T185055Z,2026-09-17T11:50:55.619345-07:00,NFL,NFL,401872935,2026-09-20T17:00:00+00:00,Raymond James Stadium,Tampa,FL,False,27.94752,-82.45843,2026-09-20T17:00Z,OPEN_METEO_FORECAST,FORECAST,90.6,99.4,47,5,0.0,0.0,0.0,0,1012.3,3.6,120,4.9
OPEN_METEO-FORECAST-401872938-20260917T185055Z,2026-09-17T11:50:55.619345-07:00,NFL,NFL,401872938,2026-09-20T17:00:00+00:00,M&T Bank Stadium,Baltimore,MD,False,39.29038,-76.61219,2026-09-20T17:00Z,OPEN_METEO_FORECAST,FORECAST,79.0,80.9,63,29,0.0,0.0,0.0,3,1010.8,9.1,200,18.6
OPEN_METEO-FORECAST-401872940-20260917T185055Z,2026-09-17T11:50:55.619345-07:00,NFL,NFL,401872940,2026-09-20T20:05:00+00:00,Empower Field at Mile High,Denver,CO,False,39.73915,-104.9847,2026-09-20T20:00Z,OPEN_METEO_FORECAST,FORECAST,74.7,71.7,37,44,0.0,0.0,0.0,3,838.0,9.8,37,5.6
OPEN_METEO-FORECAST-401872941-20260917T185055Z,2026-09-17T11:50:55.619345-07:00,NFL,NFL,401872941,2026-09-20T20:05:00+00:00,SoFi Stadium,Inglewood,CA,False,33.96168,-118.35313,2026-09-20T20:00Z,OPEN_METEO_FORECAST,FORECAST,77.0,79.2,53,0,0.0,0.0,0.0,0,1007.6,8.7,215,5.6
OPEN_METEO-FORECAST-401872942-20260917T185055Z,2026-09-17T11:50:55.619345-07:00,NFL,NFL,401872942,2026-09-20T20:25:00+00:00,Levi's Stadium,Santa Clara,CA,False,37.35411,-121.95524,2026-09-20T20:00Z,OPEN_METEO_FORECAST,FORECAST,72.9,71.1,46,0,0.0,0.0,0.0,3,1010.2,5.1,360,4.7
OPEN_METEO-FORECAST-401856693-20260917T185055Z,2026-09-17T11:50:55.619345-07:00,NCAA_Football,NCAA_Football,401856693,2026-09-20T00:00:00+00:00,DKR-Texas Memorial Stadium,Austin,TX,False,30.26715,-97.74306,2026-09-20T00:00Z,OPEN_METEO_FORECAST,FORECAST,97.5,94.7,25,0,0.0,0.0,0.0,0,992.8,10.9,122,11.9
OPEN_METEO-FORECAST-401856799-20260917T185055Z,2026-09-17T11:50:55.619345-07:00,NCAA_Football,NCAA_Football,401856799,2026-09-20T00:00:00+00:00,Amon G. Carter Stadium,Fort Worth,TX,False,32.72541,-97.32085,2026-09-20T00:00Z,OPEN_METEO_FORECAST,FORECAST,96.9,92.9,20,0,0.0,0.0,0.0,0,987.6,9.0,166,11.2
OPEN_METEO-FORECAST-401862775-20260917T185055Z,2026-09-17T11:50:55.619345-07:00,NCAA_Football,NCAA_Football,401862775,2026-09-20T00:00:00+00:00,H. A. Chapman Stadium,Tulsa,OK,False,36.15398,-95.99277,2026-09-20T00:00Z,OPEN_METEO_FORECAST,FORECAST,96.3,92.8,23,0,0.0,0.0,0.0,0,982.7,9.9,177,21.5
OPEN_METEO-FORECAST-401862776-20260917T185055Z,2026-09-17T11:50:55.619345-07:00,NCAA_Football,NCAA_Football,401862776,2026-09-20T00:00:00+00:00,Our Lady of Lourdes Stadium,Lafayette,LA,False,30.22409,-92.01984,2026-09-20T00:00Z,OPEN_METEO_FORECAST,FORECAST,83.0,87.3,65,4,0.0,0.0,0.0,0,1011.6,8.6,190,15.0
OPEN_METEO-FORECAST-401860885-20260917T185055Z,2026-09-17T11:50:55.619345-07:00,NCAA_Football,NCAA_Football,401860885,2026-09-20T02:00:00+00:00,Albertsons Stadium,Boise,ID,False,43.6135,-116.20345,2026-09-20T02:00Z,OPEN_METEO_FORECAST,FORECAST,71.7,68.0,38,0,0.0,0.0,0.0,0,920.0,5.7,9,17.0
OPEN_METEO-FORECAST-401860887-20260917T185055Z,2026-09-17T11:50:55.619345-07:00,NCAA_Football,NCAA_Football,401860887,2026-09-20T02:00:00+00:00,Snapdragon Stadium,San Diego,CA,False,32.71571,-117.16472,2026-09-20T02:00Z,OPEN_METEO_FORECAST,FORECAST,72.6,74.2,66,0,0.0,0.0,0.0,0,1010.4,4.9,275,3.8
OPEN_METEO-FORECAST-401856793-20260917T185055Z,2026-09-17T11:50:55.619345-07:00,NCAA_Football,NCAA_Football,401856793,2026-09-20T02:30:00+00:00,Casino Del Sol Stadium,Tucson,AZ,False,32.22174,-110.92648,2026-09-20T02:00Z,OPEN_METEO_FORECAST,FORECAST,92.8,83.4,13,0,0.0,0.0,0.0,0,925.9,14.1,245,13.9
OPEN_METEO-FORECAST-401864507-20260917T185055Z,2026-09-17T11:50:55.619345-07:00,NCAA_Football,NCAA_Football,401864507,2026-09-20T02:30:00+00:00,Hornet Stadium,Sacramento,CA,False,38.58157,-121.4944,2026-09-20T02:00Z,OPEN_METEO_FORECAST,FORECAST,82.5,78.3,32,0,0.0,0.0,0.0,0,1007.2,9.7,203,16.1
OPEN_METEO-FORECAST-401858458-20260917T185055Z,2026-09-17T11:50:55.619345-07:00,NCAA_Football,NCAA_Football,401858458,2026-09-20T03:00:00+00:00,Rose Bowl,Pasadena,CA,False,29.69106,-95.2091,2026-09-20T03:00Z,OPEN_METEO_FORECAST,FORECAST,83.6,89.6,67,0,0.0,0.0,0.0,0,1012.7,6.6,147,14.8
OPEN_METEO-FORECAST-401860886-20260917T185055Z,2026-09-17T11:50:55.619345-07:00,NCAA_Football,NCAA_Football,401860886,2026-09-20T03:00:00+00:00,Reser Stadium,Corvallis,OR,False,33.90224,-118.08173,2026-09-20T03:00Z,OPEN_METEO_FORECAST,FORECAST,76.3,76.7,55,0,0.0,0.0,0.0,2,1008.5,6.1,246,5.8
OPEN_METEO-FORECAST-401860888-20260917T185055Z,2026-09-17T11:50:55.619345-07:00,NCAA_Football,NCAA_Football,401860888,2026-09-20T03:00:00+00:00,CEFCU Stadium,San Jose,CA,False,37.33939,-121.89496,2026-09-20T03:00Z,OPEN_METEO_FORECAST,FORECAST,72.2,70.4,49,0,0.0,0.0,0.0,0,1009.2,5.6,337,3.8
OPEN_METEO-FORECAST-401817017-20260917T185055Z,2026-09-17T11:50:55.619345-07:00,MLB,MLB,401817017,2026-09-20T17:10:00+00:00,Citi Field,Queens,New York,False,40.68149,-73.83652,2026-09-20T17:00Z,OPEN_METEO_FORECAST,FORECAST,65.9,65.2,90,60,0.118,0.118,0.0,63,1015.0,12.6,153,23.7
OPEN_METEO-FORECAST-401817015-20260917T185055Z,2026-09-17T11:50:55.619345-07:00,MLB,MLB,401817015,2026-09-20T17:35:00+00:00,PNC Park,Pittsburgh,Pennsylvania,False,40.44062,-79.99589,2026-09-20T18:00Z,OPEN_METEO_FORECAST,FORECAST,70.3,75.5,95,76,0.024,0.02,0.0,53,986.0,5.0,243,17.2
OPEN_METEO-FORECAST-401817012-20260917T185055Z,2026-09-17T11:50:55.619345-07:00,MLB,MLB,401817012,2026-09-20T17:40:00+00:00,Progressive Field,Cleveland,Ohio,False,41.4995,-81.69541,2026-09-20T18:00Z,OPEN_METEO_FORECAST,FORECAST,63.9,67.4,94,63,0.02,0.02,0.0,53,990.7,1.8,83,10.7
OPEN_METEO-FORECAST-401817014-20260917T185055Z,2026-09-17T11:50:55.619345-07:00,MLB,MLB,401817014,2026-09-20T17:40:00+00:00,Great American Ball Park,Cincinnati,Ohio,False,39.12711,-84.51439,2026-09-20T18:00Z,OPEN_METEO_FORECAST,FORECAST,73.9,78.8,87,15,0.0,0.0,0.0,3,982.0,6.9,159,17.2
OPEN_METEO-FORECAST-401817019-20260917T185055Z,2026-09-17T11:50:55.619345-07:00,MLB,MLB,401817019,2026-09-20T18:10:00+00:00,Rate Field,Chicago,Illinois,False,41.85003,-87.65005,2026-09-20T18:00Z,OPEN_METEO_FORECAST,FORECAST,65.6,67.0,96,60,0.008,0.008,0.0,51,992.2,9.1,22,18.6
OPEN_METEO-FORECAST-401817021-20260917T185055Z,2026-09-17T11:50:55.619345-07:00,MLB,MLB,401817021,2026-09-20T18:15:00+00:00,Busch Stadium,St. Louis,Missouri,False,38.62727,-90.19789,2026-09-20T18:00Z,OPEN_METEO_FORECAST,FORECAST,91.6,90.7,31,11,0.0,0.0,0.0,3,994.5,7.2,240,9.4
OPEN_METEO-FORECAST-401817022-20260917T185055Z,2026-09-17T11:50:55.619345-07:00,MLB,MLB,401817022,2026-09-20T19:10:00+00:00,Coors Field,Denver,Colorado,False,39.73915,-104.9847,2026-09-20T19:00Z,OPEN_METEO_FORECAST,FORECAST,73.2,70.1,41,44,0.0,0.0,0.0,3,838.6,11.2,23,7.6
OPEN_METEO-FORECAST-401817024-20260917T185055Z,2026-09-17T11:50:55.619345-07:00,MLB,MLB,401817024,2026-09-20T20:07:00+00:00,Angel Stadium,Anaheim,California,False,33.83529,-117.9145,2026-09-20T20:00Z,OPEN_METEO_FORECAST,FORECAST,80.1,82.4,49,0,0.0,0.0,0.0,0,1007.5,9.2,219,7.8
OPEN_METEO-FORECAST-401817023-20260917T185055Z,2026-09-17T11:50:55.619345-07:00,MLB,MLB,401817023,2026-09-20T20:10:00+00:00,Petco Park,San Diego,California,False,32.71571,-117.16472,2026-09-20T20:00Z,OPEN_METEO_FORECAST,FORECAST,75.3,77.9,62,0,0.0,0.0,0.0,3,1011.2,10.1,265,6.0
OPEN_METEO-FORECAST-401817026-20260917T185055Z,2026-09-17T11:50:55.619345-07:00,MLB,MLB,401817026,2026-09-20T20:10:00+00:00,Dodger Stadium,Los Angeles,California,False,34.05223,-118.24368,2026-09-20T20:00Z,OPEN_METEO_FORECAST,FORECAST,82.3,83.8,39,0,0.0,0.0,0.0,0,1002.1,7.5,192,5.6
OPEN_METEO-FORECAST-401817016-20260917T185055Z,2026-09-17T11:50:55.619345-07:00,MLB,MLB,401817016,2026-09-20T23:20:00+00:00,Oriole Park at Camden Yards,Baltimore,Maryland,False,39.29038,-76.61219,2026-09-20T23:00Z,OPEN_METEO_FORECAST,FORECAST,79.0,84.3,69,53,0.012,0.0,0.0,51,1007.9,3.9,204,18.3
OPEN_METEO-FORECAST-401817007-20260917T185055Z,2026-09-17T11:50:55.619345-07:00,MLB,MLB,401817007,2026-09-20T00:10:00+00:00,Coors Field,Denver,Colorado,False,39.73915,-104.9847,2026-09-20T00:00Z,OPEN_METEO_FORECAST,FORECAST,67.8,66.9,55,71,0.024,0.0,0.0,53,838.4,3.1,60,8.3
OPEN_METEO-FORECAST-401817008-20260917T185055Z,2026-09-17T11:50:55.619345-07:00,MLB,MLB,401817008,2026-09-20T00:40:00+00:00,Petco Park,San Diego,California,False,32.71571,-117.16472,2026-09-20T01:00Z,OPEN_METEO_FORECAST,FORECAST,73.5,74.1,62,0,0.0,0.0,0.0,0,1009.9,6.5,272,4.3
OPEN_METEO-FORECAST-401817011-20260917T185055Z,2026-09-17T11:50:55.619345-07:00,MLB,MLB,401817011,2026-09-20T01:10:00+00:00,Dodger Stadium,Los Angeles,California,False,34.05223,-118.24368,2026-09-20T01:00Z,OPEN_METEO_FORECAST,FORECAST,77.2,75.8,53,0,0.0,0.0,0.0,2,1000.4,10.2,241,8.7
OPEN_METEO-FORECAST-401817009-20260917T185055Z,2026-09-17T11:50:55.619345-07:00,MLB,MLB,401817009,2026-09-20T01:38:00+00:00,Angel Stadium,Anaheim,California,False,33.83529,-117.9145,2026-09-20T02:00Z,OPEN_METEO_FORECAST,FORECAST,76.0,75.7,54,0,0.0,0.0,0.0,1,1005.9,7.0,220,6.7
OPEN_METEO-FORECAST-401817040-20260917T185055Z,2026-09-17T11:50:55.619345-07:00,MLB,MLB,401817040,2026-09-23T00:40:00+00:00,Coors Field,Denver,Colorado,False,39.73915,-104.9847,2026-09-23T01:00Z,OPEN_METEO_FORECAST,FORECAST,71.2,68.3,36,23,0.0,0.0,0.0,1,838.4,2.6,211,6.0
OPEN_METEO-FORECAST-401817041-20260917T185055Z,2026-09-17T11:50:55.619345-07:00,MLB,MLB,401817041,2026-09-23T01:40:00+00:00,Sutter Health Park,Sacramento,California,False,38.58157,-121.4944,2026-09-23T02:00Z,OPEN_METEO_FORECAST,FORECAST,81.9,78.8,33,0,0.0,0.0,0.0,0,1005.1,7.2,185,8.9
OPEN_METEO-FORECAST-401817043-20260917T185055Z,2026-09-17T11:50:55.619345-07:00,MLB,MLB,401817043,2026-09-23T01:45:00+00:00,Oracle Park,San Francisco,California,False,37.77493,-122.41942,2026-09-23T02:00Z,OPEN_METEO_FORECAST,FORECAST,63.4,62.2,75,0,0.0,0.0,0.0,0,1007.9,6.7,266,5.6
OPEN_METEO-FORECAST-401817044-20260917T185055Z,2026-09-17T11:50:55.619345-07:00,MLB,MLB,401817044,2026-09-23T02:10:00+00:00,Dodger Stadium,Los Angeles,California,False,34.05223,-118.24368,2026-09-23T02:00Z,OPEN_METEO_FORECAST,FORECAST,74.0,74.9,65,1,0.0,0.0,0.0,0,998.3,7.3,225,5.8
OPEN_METEO-FORECAST-401817051-20260917T185055Z,2026-09-17T11:50:55.619345-07:00,MLB,MLB,401817051,2026-09-23T17:10:00+00:00,Comerica Park,Detroit,Michigan,False,42.33143,-83.04575,2026-09-23T17:00Z,OPEN_METEO_FORECAST,FORECAST,61.7,61.3,90,25,0.0,0.0,0.0,3,1006.1,7.6,93,17.4
OPEN_METEO-FORECAST-401817058-20260917T185055Z,2026-09-17T11:50:55.619345-07:00,MLB,MLB,401817058,2026-09-23T19:45:00+00:00,Oracle Park,San Francisco,California,False,37.77493,-122.41942,2026-09-23T20:00Z,OPEN_METEO_FORECAST,FORECAST,71.4,71.5,48,0,0.0,0.0,0.0,3,1008.8,5.8,274,6.9
OPEN_METEO-FORECAST-401817050-20260917T185055Z,2026-09-17T11:50:55.619345-07:00,MLB,MLB,401817050,2026-09-23T22:35:00+00:00,Oriole Park at Camden Yards,Baltimore,Maryland,False,39.29038,-76.61219,2026-09-23T23:00Z,OPEN_METEO_FORECAST,FORECAST,64.5,61.2,62,22,0.0,0.0,0.0,3,1027.3,8.6,75,19.5
OPEN_METEO-FORECAST-401817047-20260917T185055Z,2026-09-17T11:50:55.619345-07:00,MLB,MLB,401817047,2026-09-23T22:40:00+00:00,Citizens Bank Park,Philadelphia,Pennsylvania,False,39.95238,-75.16362,2026-09-23T23:00Z,OPEN_METEO_FORECAST,FORECAST,63.5,58.4,58,14,0.0,0.0,0.0,2,1030.4,11.1,76,19.9
OPEN_METEO-FORECAST-401817048-20260917T185055Z,2026-09-17T11:50:55.619345-07:00,MLB,MLB,401817048,2026-09-23T22:40:00+00:00,PNC Park,Pittsburgh,Pennsylvania,False,40.44062,-79.99589,2026-09-23T23:00Z,OPEN_METEO_FORECAST,FORECAST,57.1,54.6,92,25,0.0,0.0,0.0,3,1000.2,9.6,106,23.9
OPEN_METEO-FORECAST-401817046-20260917T185055Z,2026-09-17T11:50:55.619345-07:00,MLB,MLB,401817046,2026-09-23T23:00:00+00:00,Fenway Park,Boston,Massachusetts,False,42.35843,-71.05977,2026-09-23T23:00Z,OPEN_METEO_FORECAST,FORECAST,56.1,47.8,64,6,0.0,0.0,0.0,3,1033.6,16.1,56,14.3
OPEN_METEO-FORECAST-401817049-20260917T185055Z,2026-09-17T11:50:55.619345-07:00,MLB,MLB,401817049,2026-09-23T23:05:00+00:00,Yankee Stadium,Bronx,New York,False,40.93815,-73.83208,2026-09-23T23:00Z,OPEN_METEO_FORECAST,FORECAST,62.7,56.2,54,16,0.0,0.0,0.0,1,1029.0,12.9,76,18.3
OPEN_METEO-FORECAST-401817045-20260917T185055Z,2026-09-17T11:50:55.619345-07:00,MLB,MLB,401817045,2026-09-23T23:15:00+00:00,Truist Park,Atlanta,Georgia,False,33.749,-84.38798,2026-09-23T23:00Z,OPEN_METEO_FORECAST,FORECAST,75.6,78.4,70,14,0.0,0.0,0.0,3,984.6,6.5,90,13.6
OPEN_METEO-FORECAST-401817052-20260917T185055Z,2026-09-17T11:50:55.619345-07:00,MLB,MLB,401817052,2026-09-23T23:40:00+00:00,Kauffman Stadium,Kansas City,Missouri,False,39.09973,-94.57857,2026-09-23T23:00Z,OPEN_METEO_FORECAST,FORECAST,74.0,73.2,53,6,0.0,0.0,0.0,1,988.4,6.2,69,11.9
OPEN_METEO-FORECAST-401817053-20260917T185055Z,2026-09-17T11:50:55.619345-07:00,MLB,MLB,401817053,2026-09-23T23:40:00+00:00,Wrigley Field,Chicago,Illinois,False,41.85003,-87.65005,2026-09-23T23:00Z,OPEN_METEO_FORECAST,FORECAST,63.3,60.7,71,2,0.0,0.0,0.0,3,1003.2,8.7,13,8.5
OPEN_METEO-FORECAST-401858225-20260917T204515Z,2026-09-17T13:45:15.497277-07:00,NCAA_Football,NCAA_Football,401858225,2026-09-17T23:30:00+00:00,Acrisure Stadium,Pittsburgh,PA,False,40.44062,-79.99589,2026-09-17T23:00Z,OPEN_METEO_FORECAST,FORECAST,78.4,86.4,83,8,0.0,0.0,0.0,3,992.4,3.7,237,15.2
OPEN_METEO-FORECAST-401816975-20260917T204515Z,2026-09-17T13:45:15.497277-07:00,MLB,MLB,401816975,2026-09-17T16:35:00+00:00,PNC Park,Pittsburgh,Pennsylvania,False,40.44062,-79.99589,2026-09-17T17:00Z,OPEN_METEO_FORECAST,FORECAST,80.1,87.9,85,12,0.0,0.0,0.0,3,995.3,7.3,243,12.1
OPEN_METEO-FORECAST-401816974-20260917T204515Z,2026-09-17T13:45:15.497277-07:00,MLB,MLB,401816974,2026-09-17T16:40:00+00:00,Great American Ball Park,Cincinnati,Ohio,False,39.12711,-84.51439,2026-09-17T17:00Z,OPEN_METEO_FORECAST,FORECAST,89.5,97.3,57,0,0.0,0.0,0.0,0,993.0,7.9,278,15.7
OPEN_METEO-FORECAST-401816980-20260917T204515Z,2026-09-17T13:45:15.497277-07:00,MLB,MLB,401816980,2026-09-17T19:10:00+00:00,Coors Field,Denver,Colorado,False,39.73915,-104.9847,2026-09-17T19:00Z,OPEN_METEO_FORECAST,FORECAST,77.7,81.5,50,9,0.0,0.0,0.0,1,845.8,3.8,310,10.3
OPEN_METEO-FORECAST-401816976-20260917T204515Z,2026-09-17T13:45:15.497277-07:00,MLB,MLB,401816976,2026-09-17T23:15:00+00:00,Citi Field,Queens,New York,False,40.68149,-73.83652,2026-09-17T23:00Z,OPEN_METEO_FORECAST,FORECAST,74.0,77.9,82,5,0.0,0.0,0.0,3,1018.4,7.4,178,17.2
OPEN_METEO-FORECAST-401816978-20260917T204515Z,2026-09-17T13:45:15.497277-07:00,MLB,MLB,401816978,2026-09-17T23:40:00+00:00,Rate Field,Chicago,Illinois,False,41.85003,-87.65005,2026-09-17T23:00Z,OPEN_METEO_FORECAST,FORECAST,69.3,73.9,95,8,0.0,0.0,0.0,3,1000.8,5.4,9,9.8
OPEN_METEO-FORECAST-401869941-20260917T204515Z,2026-09-17T13:45:15.497277-07:00,NCAA_Football,NCAA_Football,401869941,2026-09-24T23:30:00+00:00,Brooks Stadium (SC),Conway,SC,False,35.0887,-92.4421,2026-09-24T23:00Z,OPEN_METEO_FORECAST,FORECAST,83.4,84.0,44,2,0.0,0.0,0.0,2,1007.6,5.8,36,11.6
OPEN_METEO-FORECAST-401817063-20260917T204515Z,2026-09-17T13:45:15.497277-07:00,MLB,MLB,401817063,2026-09-24T16:35:00+00:00,PNC Park,Pittsburgh,Pennsylvania,False,40.44062,-79.99589,2026-09-24T17:00Z,OPEN_METEO_FORECAST,FORECAST,59.8,59.8,88,21,0.0,0.0,0.0,3,994.2,4.9,120,8.5
OPEN_METEO-FORECAST-401817065-20260917T204515Z,2026-09-17T13:45:15.497277-07:00,MLB,MLB,401817065,2026-09-24T18:10:00+00:00,Kauffman Stadium,Kansas City,Missouri,False,39.09973,-94.57857,2026-09-24T18:00Z,OPEN_METEO_FORECAST,FORECAST,74.7,74.3,54,23,0.0,0.0,0.0,3,991.8,6.5,84,8.1
OPEN_METEO-FORECAST-401817066-20260917T204515Z,2026-09-17T13:45:15.497277-07:00,MLB,MLB,401817066,2026-09-24T18:20:00+00:00,Wrigley Field,Chicago,Illinois,False,41.85003,-87.65005,2026-09-24T18:00Z,OPEN_METEO_FORECAST,FORECAST,64.7,62.3,77,5,0.004,0.0,0.0,51,1003.9,11.3,7,12.1
OPEN_METEO-FORECAST-401817068-20260917T204515Z,2026-09-17T13:45:15.497277-07:00,MLB,MLB,401817068,2026-09-24T19:10:00+00:00,Coors Field,Denver,Colorado,False,39.73915,-104.9847,2026-09-24T19:00Z,OPEN_METEO_FORECAST,FORECAST,74.4,70.9,29,16,0.0,0.0,0.0,3,845.4,2.7,81,4.5
OPEN_METEO-FORECAST-401817062-20260917T204515Z,2026-09-17T13:45:15.497277-07:00,MLB,MLB,401817062,2026-09-24T22:05:00+00:00,Citizens Bank Park,Philadelphia,Pennsylvania,False,39.95238,-75.16362,2026-09-24T22:00Z,OPEN_METEO_FORECAST,FORECAST,63.2,59.8,56,12,0.0,0.0,0.0,3,1021.7,6.1,62,8.5
OPEN_METEO-FORECAST-401817061-20260917T204515Z,2026-09-17T13:45:15.497277-07:00,MLB,MLB,401817061,2026-09-24T22:45:00+00:00,Fenway Park,Boston,Massachusetts,False,42.35843,-71.05977,2026-09-24T23:00Z,OPEN_METEO_FORECAST,FORECAST,56.2,50.3,68,23,0.0,0.0,0.0,1,1023.1,11.6,41,16.1
OPEN_METEO-FORECAST-401817064-20260917T204515Z,2026-09-17T13:45:15.497277-07:00,MLB,MLB,401817064,2026-09-24T23:05:00+00:00,Yankee Stadium,Bronx,New York,False,40.93815,-73.83208,2026-09-24T23:00Z,OPEN_METEO_FORECAST,FORECAST,62.3,57.5,55,15,0.0,0.0,0.0,3,1019.7,8.8,58,14.1
OPEN_METEO-FORECAST-401817060-20260917T204515Z,2026-09-17T13:45:15.497277-07:00,MLB,MLB,401817060,2026-09-24T23:15:00+00:00,Truist Park,Atlanta,Georgia,False,33.749,-84.38798,2026-09-24T23:00Z,OPEN_METEO_FORECAST,FORECAST,82.2,83.6,45,6,0.0,0.0,0.0,3,980.0,3.7,25,7.2
OPEN_METEO-FORECAST-401817055-20260917T204515Z,2026-09-17T13:45:15.497277-07:00,MLB,MLB,401817055,2026-09-24T00:40:00+00:00,Coors Field,Denver,Colorado,False,39.73915,-104.9847,2026-09-24T01:00Z,OPEN_METEO_FORECAST,FORECAST,76.7,68.2,24,22,0.0,0.0,0.0,3,844.0,13.1,133,13.9
OPEN_METEO-FORECAST-401817056-20260917T204515Z,2026-09-17T13:45:15.497277-07:00,MLB,MLB,401817056,2026-09-24T01:40:00+00:00,Sutter Health Park,Sacramento,California,False,38.58157,-121.4944,2026-09-24T02:00Z,OPEN_METEO_FORECAST,FORECAST,85.5,79.1,14,0,0.0,0.0,0.0,1,1004.8,5.7,189,7.6
OPEN_METEO-FORECAST-401817059-20260917T204515Z,2026-09-17T13:45:15.497277-07:00,MLB,MLB,401817059,2026-09-24T02:10:00+00:00,Dodger Stadium,Los Angeles,California,False,34.05223,-118.24368,2026-09-24T02:00Z,OPEN_METEO_FORECAST,FORECAST,77.7,78.3,55,0,0.0,0.0,0.0,0,998.9,6.7,217,5.1
OPEN_METEO-FORECAST-401872948-20260917T204515Z,2026-09-17T13:45:15.497277-07:00,NFL,NFL,401872948,2026-09-25T00:15:00+00:00,Lambeau Field,Green Bay,WI,False,44.51916,-88.01983,2026-09-25T00:00Z,OPEN_METEO_FORECAST,FORECAST,57.7,55.4,79,6,0.0,0.0,0.0,0,1004.3,6.4,100,6.7
OPEN_METEO-FORECAST-401817070-20260917T204515Z,2026-09-17T13:45:15.497277-07:00,MLB,MLB,401817070,2026-09-25T01:40:00+00:00,Sutter Health Park,Sacramento,California,False,38.58157,-121.4944,2026-09-25T02:00Z,OPEN_METEO_FORECAST,FORECAST,82.6,75.8,20,0,0.0,0.0,0.0,3,1006.1,9.1,197,15.2
OPEN_METEO-FORECAST-401817071-20260917T204515Z,2026-09-17T13:45:15.497277-07:00,MLB,MLB,401817071,2026-09-25T02:10:00+00:00,Dodger Stadium,Los Angeles,California,False,34.05223,-118.24368,2026-09-25T02:00Z,OPEN_METEO_FORECAST,FORECAST,75.8,76.1,59,0,0.0,0.0,0.0,0,1000.6,7.7,234,5.8
OPEN_METEO-FORECAST-401872932-20260917T204515Z,2026-09-17T13:45:15.497277-07:00,NFL,NFL,401872932,2026-09-18T00:15:00+00:00,Highmark Stadium,Orchard Park,NY,False,42.76756,-78.74392,2026-09-18T00:00Z,OPEN_METEO_FORECAST,FORECAST,71.2,75.5,86,1,0.0,0.0,0.0,3,989.5,4.7,270,6.9
OPEN_METEO-FORECAST-401858226-20260917T204515Z,2026-09-17T13:45:15.497277-07:00,NCAA_Football,NCAA_Football,401858226,2026-09-18T23:30:00+00:00,Allegacy Federal Credit Union Stadium,Winston-Salem,NC,False,36.09986,-80.24422,2026-09-18T23:00Z,OPEN_METEO_FORECAST,FORECAST,81.7,90.2,73,25,0.0,0.0,0.0,3,983.7,1.5,243,11.2
OPEN_METEO-FORECAST-401816984-20260917T204515Z,2026-09-17T13:45:15.497277-07:00,MLB,MLB,401816984,2026-09-18T22:40:00+00:00,Great American Ball Park,Cincinnati,Ohio,False,39.12711,-84.51439,2026-09-18T23:00Z,OPEN_METEO_FORECAST,FORECAST,76.9,79.8,75,3,0.0,0.0,0.0,0,988.3,10.1,22,16.1
OPEN_METEO-FORECAST-401816985-20260917T204515Z,2026-09-17T13:45:15.497277-07:00,MLB,MLB,401816985,2026-09-18T22:40:00+00:00,PNC Park,Pittsburgh,Pennsylvania,False,40.44062,-79.99589,2026-09-18T23:00Z,OPEN_METEO_FORECAST,FORECAST,71.2,74.1,76,0,0.0,0.0,0.0,3,991.8,4.3,360,9.8
OPEN_METEO-FORECAST-401816986-20260917T204515Z,2026-09-17T13:45:15.497277-07:00,MLB,MLB,401816986,2026-09-18T23:05:00+00:00,Oriole Park at Camden Yards,Baltimore,Maryland,False,39.29038,-76.61219,2026-09-18T23:00Z,OPEN_METEO_FORECAST,FORECAST,78.2,80.8,63,0,0.0,0.0,0.0,0,1014.6,6.4,350,13.0
OPEN_METEO-FORECAST-401816982-20260917T204515Z,2026-09-17T13:45:15.497277-07:00,MLB,MLB,401816982,2026-09-18T23:10:00+00:00,Progressive Field,Cleveland,Ohio,False,41.4995,-81.69541,2026-09-18T23:00Z,OPEN_METEO_FORECAST,FORECAST,69.4,67.1,62,0,0.0,0.0,0.0,3,998.2,9.9,18,14.8
OPEN_METEO-FORECAST-401816987-20260917T204515Z,2026-09-17T13:45:15.497277-07:00,MLB,MLB,401816987,2026-09-18T23:10:00+00:00,Citi Field,Queens,New York,False,40.68149,-73.83652,2026-09-18T23:00Z,OPEN_METEO_FORECAST,FORECAST,75.0,74.4,52,0,0.0,0.0,0.0,0,1016.3,6.0,13,14.1
OPEN_METEO-FORECAST-401816989-20260917T204515Z,2026-09-17T13:45:15.497277-07:00,MLB,MLB,401816989,2026-09-18T23:40:00+00:00,Rate Field,Chicago,Illinois,False,41.85003,-87.65005,2026-09-18T23:00Z,OPEN_METEO_FORECAST,FORECAST,65.0,64.2,78,3,0.0,0.0,0.0,3,999.9,8.1,90,16.6
OPEN_METEO-FORECAST-401816981-20260917T204515Z,2026-09-17T13:45:15.497277-07:00,MLB,MLB,401816981,2026-09-18T01:38:00+00:00,Angel Stadium,Anaheim,California,False,33.83529,-117.9145,2026-09-18T02:00Z,OPEN_METEO_FORECAST,FORECAST,73.4,73.3,60,0,0.0,0.0,0.0,0,1011.0,7.0,276,10.1
OPEN_METEO-FORECAST-401872937-20260917T204515Z,2026-09-17T13:45:15.497277-07:00,NFL,NFL,401872937,2026-09-20T17:00:00+00:00,Soldier Field,Chicago,IL,False,41.85003,-87.65005,2026-09-20T17:00Z,OPEN_METEO_FORECAST,FORECAST,66.3,68.3,95,60,0.004,0.0,0.0,51,991.1,8.2,55,9.4
OPEN_METEO-FORECAST-401872939-20260917T204515Z,2026-09-17T13:45:15.497277-07:00,NFL,NFL,401872939,2026-09-20T17:00:00+00:00,Nissan Stadium,Nashville,TN,False,36.16589,-86.78444,2026-09-20T17:00Z,OPEN_METEO_FORECAST,FORECAST,92.5,97.7,40,2,0.0,0.0,0.0,1,995.4,5.2,198,6.3
OPEN_METEO-FORECAST-401872946-20260917T204515Z,2026-09-17T13:45:15.497277-07:00,NFL,NFL,401872946,2026-09-20T17:00:00+00:00,Gillette Stadium,Foxborough,MA,False,42.06538,-71.24783,2026-09-20T17:00Z,OPEN_METEO_FORECAST,FORECAST,54.2,53.2,87,24,0.016,0.016,0.0,51,1010.0,2.7,171,9.4
OPEN_METEO-FORECAST-401872936-20260917T204515Z,2026-09-17T13:45:15.497277-07:00,NFL,NFL,401872936,2026-09-20T17:00:00+00:00,MetLife Stadium,East Rutherford,NJ,False,40.83399,-74.09709,2026-09-20T17:00Z,OPEN_METEO_FORECAST,FORECAST,64.7,66.0,96,70,0.13,0.13,0.0,63,1013.7,8.3,142,22.1
OPEN_METEO-FORECAST-401872935-20260917T204515Z,2026-09-17T13:45:15.497277-07:00,NFL,NFL,401872935,2026-09-20T17:00:00+00:00,Raymond James Stadium,Tampa,FL,False,27.94752,-82.45843,2026-09-20T17:00Z,OPEN_METEO_FORECAST,FORECAST,90.6,99.4,47,5,0.0,0.0,0.0,0,1012.0,3.6,120,4.7
OPEN_METEO-FORECAST-401872938-20260917T204515Z,2026-09-17T13:45:15.497277-07:00,NFL,NFL,401872938,2026-09-20T17:00:00+00:00,M&T Bank Stadium,Baltimore,MD,False,39.29038,-76.61219,2026-09-20T17:00Z,OPEN_METEO_FORECAST,FORECAST,79.0,80.9,63,29,0.0,0.0,0.0,3,1011.8,9.1,200,17.2
OPEN_METEO-FORECAST-401872940-20260917T204515Z,2026-09-17T13:45:15.497277-07:00,NFL,NFL,401872940,2026-09-20T20:05:00+00:00,Empower Field at Mile High,Denver,CO,False,39.73915,-104.9847,2026-09-20T20:00Z,OPEN_METEO_FORECAST,FORECAST,74.7,71.7,37,44,0.0,0.0,0.0,3,838.6,9.8,37,7.6
OPEN_METEO-FORECAST-401872941-20260917T204515Z,2026-09-17T13:45:15.497277-07:00,NFL,NFL,401872941,2026-09-20T20:05:00+00:00,SoFi Stadium,Inglewood,CA,False,33.96168,-118.35313,2026-09-20T20:00Z,OPEN_METEO_FORECAST,FORECAST,77.0,79.2,53,0,0.0,0.0,0.0,0,1007.0,8.7,215,5.8
OPEN_METEO-FORECAST-401872942-20260917T204515Z,2026-09-17T13:45:15.497277-07:00,NFL,NFL,401872942,2026-09-20T20:25:00+00:00,Levi's Stadium,Santa Clara,CA,False,37.35411,-121.95524,2026-09-20T20:00Z,OPEN_METEO_FORECAST,FORECAST,72.9,71.1,46,0,0.0,0.0,0.0,3,1010.6,5.1,360,4.5
OPEN_METEO-FORECAST-401856693-20260917T204515Z,2026-09-17T13:45:15.497277-07:00,NCAA_Football,NCAA_Football,401856693,2026-09-20T00:00:00+00:00,DKR-Texas Memorial Stadium,Austin,TX,False,30.26715,-97.74306,2026-09-20T00:00Z,OPEN_METEO_FORECAST,FORECAST,97.5,94.7,25,0,0.0,0.0,0.0,0,991.8,10.9,122,11.4
OPEN_METEO-FORECAST-401856799-20260917T204515Z,2026-09-17T13:45:15.497277-07:00,NCAA_Football,NCAA_Football,401856799,2026-09-20T00:00:00+00:00,Amon G. Carter Stadium,Fort Worth,TX,False,32.72541,-97.32085,2026-09-20T00:00Z,OPEN_METEO_FORECAST,FORECAST,96.9,92.9,20,0,0.0,0.0,0.0,0,987.0,9.0,166,11.6
OPEN_METEO-FORECAST-401862775-20260917T204515Z,2026-09-17T13:45:15.497277-07:00,NCAA_Football,NCAA_Football,401862775,2026-09-20T00:00:00+00:00,H. A. Chapman Stadium,Tulsa,OK,False,36.15398,-95.99277,2026-09-20T00:00Z,OPEN_METEO_FORECAST,FORECAST,96.3,92.8,23,0,0.0,0.0,0.0,0,982.7,9.9,177,21.0
OPEN_METEO-FORECAST-401862776-20260917T204515Z,2026-09-17T13:45:15.497277-07:00,NCAA_Football,NCAA_Football,401862776,2026-09-20T00:00:00+00:00,Our Lady of Lourdes Stadium,Lafayette,LA,False,30.22409,-92.01984,2026-09-20T00:00Z,OPEN_METEO_FORECAST,FORECAST,83.0,87.3,65,4,0.0,0.0,0.0,0,1011.1,8.6,190,12.8
OPEN_METEO-FORECAST-401860885-20260917T204515Z,2026-09-17T13:45:15.497277-07:00,NCAA_Football,NCAA_Football,401860885,2026-09-20T02:00:00+00:00,Albertsons Stadium,Boise,ID,False,43.6135,-116.20345,2026-09-20T02:00Z,OPEN_METEO_FORECAST,FORECAST,71.7,68.0,38,0,0.0,0.0,0.0,0,919.5,5.7,9,11.0
OPEN_METEO-FORECAST-401860887-20260917T204515Z,2026-09-17T13:45:15.497277-07:00,NCAA_Football,NCAA_Football,401860887,2026-09-20T02:00:00+00:00,Snapdragon Stadium,San Diego,CA,False,32.71571,-117.16472,2026-09-20T02:00Z,OPEN_METEO_FORECAST,FORECAST,72.6,74.2,66,0,0.0,0.0,0.0,0,1010.2,4.9,275,3.4
OPEN_METEO-FORECAST-401856793-20260917T204515Z,2026-09-17T13:45:15.497277-07:00,NCAA_Football,NCAA_Football,401856793,2026-09-20T02:30:00+00:00,Casino Del Sol Stadium,Tucson,AZ,False,32.22174,-110.92648,2026-09-20T02:00Z,OPEN_METEO_FORECAST,FORECAST,92.8,83.4,13,0,0.0,0.0,0.0,0,925.6,14.1,245,13.9
OPEN_METEO-FORECAST-401864507-20260917T204515Z,2026-09-17T13:45:15.497277-07:00,NCAA_Football,NCAA_Football,401864507,2026-09-20T02:30:00+00:00,Hornet Stadium,Sacramento,CA,False,38.58157,-121.4944,2026-09-20T02:00Z,OPEN_METEO_FORECAST,FORECAST,82.5,78.3,32,0,0.0,0.0,0.0,0,1007.2,9.7,203,18.8
OPEN_METEO-FORECAST-401858458-20260917T204515Z,2026-09-17T13:45:15.497277-07:00,NCAA_Football,NCAA_Football,401858458,2026-09-20T03:00:00+00:00,Rose Bowl,Pasadena,CA,False,29.69106,-95.2091,2026-09-20T03:00Z,OPEN_METEO_FORECAST,FORECAST,83.6,89.6,67,0,0.0,0.0,0.0,0,1012.3,6.6,147,14.5
OPEN_METEO-FORECAST-401860886-20260917T204515Z,2026-09-17T13:45:15.497277-07:00,NCAA_Football,NCAA_Football,401860886,2026-09-20T03:00:00+00:00,Reser Stadium,Corvallis,OR,False,33.90224,-118.08173,2026-09-20T03:00Z,OPEN_METEO_FORECAST,FORECAST,76.3,76.7,55,0,0.0,0.0,0.0,2,1008.5,6.1,246,6.0
OPEN_METEO-FORECAST-401860888-20260917T204515Z,2026-09-17T13:45:15.497277-07:00,NCAA_Football,NCAA_Football,401860888,2026-09-20T03:00:00+00:00,CEFCU Stadium,San Jose,CA,False,37.33939,-121.89496,2026-09-20T03:00Z,OPEN_METEO_FORECAST,FORECAST,72.2,70.4,49,0,0.0,0.0,0.0,0,1009.2,5.6,337,3.6
OPEN_METEO-FORECAST-401817017-20260917T204515Z,2026-09-17T13:45:15.497277-07:00,MLB,MLB,401817017,2026-09-20T17:10:00+00:00,Citi Field,Queens,New York,False,40.68149,-73.83652,2026-09-20T17:00Z,OPEN_METEO_FORECAST,FORECAST,65.9,65.2,90,60,0.118,0.118,0.0,63,1015.6,12.6,153,21.9
OPEN_METEO-FORECAST-401817015-20260917T204515Z,2026-09-17T13:45:15.497277-07:00,MLB,MLB,401817015,2026-09-20T17:35:00+00:00,PNC Park,Pittsburgh,Pennsylvania,False,40.44062,-79.99589,2026-09-20T18:00Z,OPEN_METEO_FORECAST,FORECAST,70.3,75.5,95,76,0.024,0.02,0.0,53,986.4,5.0,243,13.9
OPEN_METEO-FORECAST-401817012-20260917T204515Z,2026-09-17T13:45:15.497277-07:00,MLB,MLB,401817012,2026-09-20T17:40:00+00:00,Progressive Field,Cleveland,Ohio,False,41.4995,-81.69541,2026-09-20T18:00Z,OPEN_METEO_FORECAST,FORECAST,63.9,67.4,94,63,0.02,0.02,0.0,53,990.9,1.8,83,1.8
OPEN_METEO-FORECAST-401817014-20260917T204515Z,2026-09-17T13:45:15.497277-07:00,MLB,MLB,401817014,2026-09-20T17:40:00+00:00,Great American Ball Park,Cincinnati,Ohio,False,39.12711,-84.51439,2026-09-20T18:00Z,OPEN_METEO_FORECAST,FORECAST,73.9,78.8,87,15,0.0,0.0,0.0,3,982.2,6.9,159,21.5
OPEN_METEO-FORECAST-401817019-20260917T204515Z,2026-09-17T13:45:15.497277-07:00,MLB,MLB,401817019,2026-09-20T18:10:00+00:00,Rate Field,Chicago,Illinois,False,41.85003,-87.65005,2026-09-20T18:00Z,OPEN_METEO_FORECAST,FORECAST,65.6,67.0,96,60,0.008,0.008,0.0,51,991.3,9.1,22,12.5
OPEN_METEO-FORECAST-401817021-20260917T204515Z,2026-09-17T13:45:15.497277-07:00,MLB,MLB,401817021,2026-09-20T18:15:00+00:00,Busch Stadium,St. Louis,Missouri,False,38.62727,-90.19789,2026-09-20T18:00Z,OPEN_METEO_FORECAST,FORECAST,91.6,90.7,31,11,0.0,0.0,0.0,3,993.9,7.2,240,13.0
OPEN_METEO-FORECAST-401817022-20260917T204515Z,2026-09-17T13:45:15.497277-07:00,MLB,MLB,401817022,2026-09-20T19:10:00+00:00,Coors Field,Denver,Colorado,False,39.73915,-104.9847,2026-09-20T19:00Z,OPEN_METEO_FORECAST,FORECAST,73.2,70.1,41,44,0.0,0.0,0.0,3,838.8,11.2,23,9.4
OPEN_METEO-FORECAST-401817024-20260917T204515Z,2026-09-17T13:45:15.497277-07:00,MLB,MLB,401817024,2026-09-20T20:07:00+00:00,Angel Stadium,Anaheim,California,False,33.83529,-117.9145,2026-09-20T20:00Z,OPEN_METEO_FORECAST,FORECAST,80.1,82.4,49,0,0.0,0.0,0.0,0,1007.0,9.2,219,6.5
OPEN_METEO-FORECAST-401817023-20260917T204515Z,2026-09-17T13:45:15.497277-07:00,MLB,MLB,401817023,2026-09-20T20:10:00+00:00,Petco Park,San Diego,California,False,32.71571,-117.16472,2026-09-20T20:00Z,OPEN_METEO_FORECAST,FORECAST,75.3,77.9,62,0,0.0,0.0,0.0,3,1011.0,10.1,265,5.6
OPEN_METEO-FORECAST-401817026-20260917T204515Z,2026-09-17T13:45:15.497277-07:00,MLB,MLB,401817026,2026-09-20T20:10:00+00:00,Dodger Stadium,Los Angeles,California,False,34.05223,-118.24368,2026-09-20T20:00Z,OPEN_METEO_FORECAST,FORECAST,82.3,83.8,39,0,0.0,0.0,0.0,0,1001.5,7.5,192,5.8
OPEN_METEO-FORECAST-401817016-20260917T204515Z,2026-09-17T13:45:15.497277-07:00,MLB,MLB,401817016,2026-09-20T23:20:00+00:00,Oriole Park at Camden Yards,Baltimore,Maryland,False,39.29038,-76.61219,2026-09-20T23:00Z,OPEN_METEO_FORECAST,FORECAST,79.0,84.3,69,53,0.012,0.0,0.0,51,1008.7,3.9,204,17.9
OPEN_METEO-FORECAST-401817007-20260917T204515Z,2026-09-17T13:45:15.497277-07:00,MLB,MLB,401817007,2026-09-20T00:10:00+00:00,Coors Field,Denver,Colorado,False,39.73915,-104.9847,2026-09-20T00:00Z,OPEN_METEO_FORECAST,FORECAST,67.8,66.9,55,71,0.024,0.0,0.0,53,837.4,3.1,60,2.7
OPEN_METEO-FORECAST-401817008-20260917T204515Z,2026-09-17T13:45:15.497277-07:00,MLB,MLB,401817008,2026-09-20T00:40:00+00:00,Petco Park,San Diego,California,False,32.71571,-117.16472,2026-09-20T01:00Z,OPEN_METEO_FORECAST,FORECAST,73.5,74.1,62,0,0.0,0.0,0.0,0,1009.8,6.5,272,4.0
OPEN_METEO-FORECAST-401817011-20260917T204515Z,2026-09-17T13:45:15.497277-07:00,MLB,MLB,401817011,2026-09-20T01:10:00+00:00,Dodger Stadium,Los Angeles,California,False,34.05223,-118.24368,2026-09-20T01:00Z,OPEN_METEO_FORECAST,FORECAST,77.2,75.8,53,0,0.0,0.0,0.0,2,1000.4,10.2,241,9.4
OPEN_METEO-FORECAST-401817009-20260917T204515Z,2026-09-17T13:45:15.497277-07:00,MLB,MLB,401817009,2026-09-20T01:38:00+00:00,Angel Stadium,Anaheim,California,False,33.83529,-117.9145,2026-09-20T02:00Z,OPEN_METEO_FORECAST,FORECAST,76.0,75.7,54,0,0.0,0.0,0.0,1,1005.8,7.0,220,7.2
OPEN_METEO-FORECAST-401856811-20260917T204515Z,2026-09-17T13:45:15.497277-07:00,NCAA_Football,NCAA_Football,401856811,2026-09-19T00:00:00+00:00,Galaxy Stadium,Lubbock,TX,False,33.57786,-101.85517,2026-09-19T00:00Z,OPEN_METEO_FORECAST,FORECAST,89.1,86.2,30,1,0.0,0.0,0.0,0,909.0,9.4,180,13.0
OPEN_METEO-FORECAST-401858455-20260917T204515Z,2026-09-17T13:45:15.497277-07:00,NCAA_Football,NCAA_Football,401858455,2026-09-19T02:30:00+00:00,Autzen Stadium,Eugene,OR,False,44.05207,-123.08675,2026-09-19T02:00Z,OPEN_METEO_FORECAST,FORECAST,68.7,65.5,52,0,0.0,0.0,0.0,0,1004.1,7.8,294,13.9
OPEN_METEO-FORECAST-401869940-20260917T204515Z,2026-09-17T13:45:15.497277-07:00,NCAA_Football,NCAA_Football,401869940,2026-09-19T15:30:00+00:00,Delaware Stadium,Newark,DE,False,40.73566,-74.17237,2026-09-19T15:00Z,OPEN_METEO_FORECAST,FORECAST,63.7,59.3,48,0,0.0,0.0,0.0,3,1021.4,8.3,27,11.2
OPEN_METEO-FORECAST-401856686-20260917T204515Z,2026-09-17T13:45:15.497277-07:00,NCAA_Football,NCAA_Football,401856686,2026-09-19T16:00:00+00:00,Donald W. Reynolds Razorback Stadium,Fayetteville,AR,False,35.05266,-78.87836,2026-09-19T16:00Z,OPEN_METEO_FORECAST,FORECAST,80.6,86.9,77,5,0.0,0.0,0.0,2,1012.8,7.8,36,10.8
OPEN_METEO-FORECAST-401858454-20260917T204515Z,2026-09-17T13:45:15.497277-07:00,NCAA_Football,NCAA_Football,401858454,2026-09-19T16:00:00+00:00,Ohio Stadium,Columbus,OH,False,39.96118,-82.99879,2026-09-19T16:00Z,OPEN_METEO_FORECAST,FORECAST,69.4,72.2,79,16,0.0,0.0,0.0,3,991.9,3.4,94,7.5
OPEN_METEO-FORECAST-401858456-20260917T204515Z,2026-09-17T13:45:15.497277-07:00,NCAA_Football,NCAA_Football,401858456,2026-09-19T16:00:00+00:00,Beaver Stadium,University Park,PA,False,37.44188,-122.14302,2026-09-19T16:00Z,OPEN_METEO_FORECAST,FORECAST,60.2,60.3,81,0,0.0,0.0,0.0,2,1015.9,2.6,157,3.2
OPEN_METEO-FORECAST-401856792-20260917T204515Z,2026-09-17T13:45:15.497277-07:00,NCAA_Football,NCAA_Football,401856792,2026-09-19T16:00:00+00:00,Bill Snyder Family Stadium,Manhattan,KS,False,40.78343,-73.96625,2026-09-19T16:00Z,OPEN_METEO_FORECAST,FORECAST,66.1,62.0,43,0,0.0,0.0,0.0,2,1017.4,9.6,50,11.2
OPEN_METEO-FORECAST-401856798-20260917T204515Z,2026-09-17T13:45:15.497277-07:00,NCAA_Football,NCAA_Football,401856798,2026-09-19T16:00:00+00:00,Jack Trice Stadium,Ames,IA,False,42.03471,-93.61994,2026-09-19T16:00Z,OPEN_METEO_FORECAST,FORECAST,75.3,81.2,86,25,0.004,0.0,0.0,3,976.9,6.2,289,9.3
OPEN_METEO-FORECAST-401856812-20260917T204515Z,2026-09-17T13:45:15.497277-07:00,NCAA_Football,NCAA_Football,401856812,2026-09-19T16:00:00+00:00,Wembley Stadium,London,,False,39.88645,-83.44825,2026-09-19T16:00Z,OPEN_METEO_FORECAST,FORECAST,70.9,72.9,73,13,0.0,0.0,0.0,0,981.2,7.2,78,9.8
OPEN_METEO-FORECAST-401858228-20260917T204515Z,2026-09-17T13:45:15.497277-07:00,NCAA_Football,NCAA_Football,401858228,2026-09-19T16:00:00+00:00,Bobby Dodd Stadium,Atlanta,GA,False,33.749,-84.38798,2026-09-19T16:00Z,OPEN_METEO_FORECAST,FORECAST,90.3,97.1,45,0,0.0,0.0,0.0,0,980.2,2.4,285,4.0
OPEN_METEO-FORECAST-401858229-20260917T204515Z,2026-09-17T13:45:15.497277-07:00,NCAA_Football,NCAA_Football,401858229,2026-09-19T16:00:00+00:00,"Memorial Stadium (Clemson, SC)",Clemson,SC,False,34.68344,-82.83737,2026-09-19T16:00Z,OPEN_METEO_FORECAST,FORECAST,88.2,96.2,54,2,0.0,0.0,0.0,0,991.4,2.1,100,3.1
OPEN_METEO-FORECAST-401858451-20260917T204515Z,2026-09-17T13:45:15.497277-07:00,NCAA_Football,NCAA_Football,401858451,2026-09-19T16:00:00+00:00,Huntington Bank Stadium,Minneapolis,MN,False,44.97997,-93.26384,2026-09-19T16:00Z,OPEN_METEO_FORECAST,FORECAST,57.8,57.2,94,13,0.002,0.002,0.0,3,985.2,5.9,71,14.9
OPEN_METEO-FORECAST-401860889-20260917T204515Z,2026-09-17T13:45:15.497277-07:00,NCAA_Football,NCAA_Football,401860889,2026-09-19T16:00:00+00:00,UFCU Stadium,San Marcos,TX,False,29.88327,-97.94139,2026-09-19T16:00Z,OPEN_METEO_FORECAST,FORECAST,87.1,92.8,57,0,0.0,0.0,0.0,0,994.4,7.0,178,7.7
OPEN_METEO-FORECAST-401858460-20260917T204515Z,2026-09-17T13:45:15.497277-07:00,NCAA_Football,NCAA_Football,401858460,2026-09-19T16:30:00+00:00,Camp Randall Stadium,Madison,WI,False,43.07305,-89.40123,2026-09-19T16:00Z,OPEN_METEO_FORECAST,FORECAST,63.1,62.9,96,90,0.142,0.139,0.0,63,982.8,10.4,140,22.1
OPEN_METEO-FORECAST-401856695-20260917T204515Z,2026-09-17T13:45:15.497277-07:00,NCAA_Football,NCAA_Football,401856695,2026-09-19T16:45:00+00:00,FirstBank Stadium,Nashville,TN,False,36.16589,-86.78444,2026-09-19T17:00Z,OPEN_METEO_FORECAST,FORECAST,98.1,101.2,29,0,0.0,0.0,0.0,0,997.2,5.6,268,8.1
OPEN_METEO-FORECAST-401864508-20260917T204515Z,2026-09-17T13:45:15.497277-07:00,NCAA_Football,NCAA_Football,401864508,2026-09-19T17:00:00+00:00,Kelly/Shorts Stadium,Mount Pleasant,MI,False,43.59781,-84.76751,2026-09-19T17:00Z,OPEN_METEO_FORECAST,FORECAST,62.0,57.3,51,69,0.0,0.0,0.0,3,991.6,7.0,102,11.4
OPEN_METEO-FORECAST-401858227-20260917T204515Z,2026-09-17T13:45:15.497277-07:00,NCAA_Football,NCAA_Football,401858227,2026-09-19T18:00:00+00:00,"Alumni Stadium (Chestnut Hill, MA)",Chestnut Hill,MA,False,42.33065,-71.16616,2026-09-19T18:00Z,OPEN_METEO_FORECAST,FORECAST,62.7,58.5,39,0,0.0,0.0,0.0,3,1014.0,8.2,91,6.0
OPEN_METEO-FORECAST-401858448-20260917T204515Z,2026-09-17T13:45:15.497277-07:00,NCAA_Football,NCAA_Football,401858448,2026-09-19T18:00:00+00:00,Gies Memorial Stadium,Champaign,IL,False,40.11642,-88.24338,2026-09-19T18:00Z,OPEN_METEO_FORECAST,FORECAST,74.8,77.4,79,15,0.0,0.0,0.0,1,989.1,11.0,89,12.1
OPEN_METEO-FORECAST-401862774-20260917T204515Z,2026-09-17T13:45:15.497277-07:00,NCAA_Football,NCAA_Football,401862774,2026-09-19T19:00:00+00:00,Glass Bowl,Toledo,OH,False,41.66394,-83.55521,2026-09-19T19:00Z,OPEN_METEO_FORECAST,FORECAST,64.5,64.1,78,65,0.0,0.0,0.0,3,995.9,6.5,88,14.8
OPEN_METEO-FORECAST-401856694-20260917T204515Z,2026-09-17T13:45:15.497277-07:00,NCAA_Football,NCAA_Football,401856694,2026-09-19T19:30:00+00:00,Kyle Field,College Station,TX,False,30.62798,-96.33441,2026-09-19T19:00Z,OPEN_METEO_FORECAST,FORECAST,97.2,98.9,26,0,0.0,0.0,0.0,0,1001.0,8.5,150,9.4
OPEN_METEO-FORECAST-401856685-20260917T204515Z,2026-09-17T13:45:15.497277-07:00,NCAA_Football,NCAA_Football,401856685,2026-09-19T19:30:00+00:00,Bryant-Denny Stadium,Tuscaloosa,AL,False,33.20984,-87.56917,2026-09-19T19:00Z,OPEN_METEO_FORECAST,FORECAST,101.4,105.9,28,7,0.0,0.0,0.0,3,1005.3,4.9,43,5.6
OPEN_METEO-FORECAST-401858457-20260917T204515Z,2026-09-17T13:45:15.497277-07:00,NCAA_Football,NCAA_Football,401858457,2026-09-19T19:30:00+00:00,SHI Stadium,Piscataway,NJ,False,40.49927,-74.39904,2026-09-19T19:00Z,OPEN_METEO_FORECAST,FORECAST,70.2,66.5,41,0,0.0,0.0,0.0,3,1017.5,6.8,113,6.3
OPEN_METEO-FORECAST-401858230-20260917T204515Z,2026-09-17T13:45:15.497277-07:00,NCAA_Football,NCAA_Football,401858230,2026-09-19T19:30:00+00:00,L&N Federal Credit Union Stadium,Louisville,KY,False,38.25424,-85.75941,2026-09-19T19:00Z,OPEN_METEO_FORECAST,FORECAST,92.7,102.7,47,9,0.0,0.0,0.0,0,997.7,0.2,90,2.7
OPEN_METEO-FORECAST-401856801-20260917T204515Z,2026-09-17T13:45:15.497277-07:00,NCAA_Football,NCAA_Football,401856801,2026-09-19T19:30:00+00:00,Rice-Eccles Stadium,Salt Lake City,UT,False,40.76078,-111.89105,2026-09-19T19:00Z,OPEN_METEO_FORECAST,FORECAST,72.1,66.8,31,24,0.004,0.0,0.0,51,872.6,8.1,323,11.6
OPEN_METEO-FORECAST-401858450-20260917T204515Z,2026-09-17T13:45:15.497277-07:00,NCAA_Football,NCAA_Football,401858450,2026-09-19T19:30:00+00:00,Michigan Stadium,Ann Arbor,MI,False,42.27756,-83.74088,2026-09-19T19:00Z,OPEN_METEO_FORECAST,FORECAST,58.1,56.9,88,77,0.0,0.0,0.0,3,986.4,6.3,98,16.1
OPEN_METEO-FORECAST-401856797-20260917T204515Z,2026-09-17T13:45:15.497277-07:00,NCAA_Football,NCAA_Football,401856797,2026-09-19T19:30:00+00:00,TQL Stadium,Cincinnati,OH,False,39.12711,-84.51439,2026-09-19T19:00Z,OPEN_METEO_FORECAST,FORECAST,86.5,92.6,47,12,0.0,0.0,0.0,0,985.4,2.2,53,2.5
OPEN_METEO-FORECAST-401858233-20260917T204515Z,2026-09-17T13:45:15.497277-07:00,NCAA_Football,NCAA_Football,401858233,2026-09-19T19:30:00+00:00,California Memorial Stadium,Berkeley,CA,False,37.87159,-122.27275,2026-09-19T19:00Z,OPEN_METEO_FORECAST,FORECAST,74.4,75.8,48,0,0.0,0.0,0.0,0,1008.2,4.5,270,3.1
OPEN_METEO-FORECAST-401860890-20260917T204515Z,2026-09-17T13:45:15.497277-07:00,NCAA_Football,NCAA_Football,401860890,2026-09-19T19:30:00+00:00,Martin Stadium,Pullman,WA,False,46.73127,-117.17962,2026-09-19T19:00Z,OPEN_METEO_FORECAST,FORECAST,72.1,68.9,34,0,0.0,0.0,0.0,0,935.1,6.1,276,5.1
OPEN_METEO-FORECAST-401866424-20260917T204515Z,2026-09-17T13:45:15.497277-07:00,NCAA_Football,NCAA_Football,401866424,2026-09-19T19:30:00+00:00,Warren McGuirk Alumni Stadium,Amherst,MA,False,42.97839,-78.79976,2026-09-19T19:00Z,OPEN_METEO_FORECAST,FORECAST,69.7,64.9,31,8,0.0,0.0,0.0,3,999.1,6.9,90,7.8
OPEN_METEO-FORECAST-401858449-20260917T204515Z,2026-09-17T13:45:15.497277-07:00,NCAA_Football,NCAA_Football,401858449,2026-09-19T20:00:00+00:00,"Memorial Stadium (Bloomington, IN)",Bloomington,IN,False,39.16533,-86.52639,2026-09-19T20:00Z,OPEN_METEO_FORECAST,FORECAST,89.6,96.4,49,16,0.0,0.0,0.0,0,986.8,3.0,132,5.1
OPEN_METEO-FORECAST-401858471-20260917T204515Z,2026-09-17T13:45:15.497277-07:00,NCAA_Football,NCAA_Football,401858471,2026-09-19T20:00:00+00:00,Kinnick Stadium,Iowa City,IA,False,41.66113,-91.53017,2026-09-19T20:00Z,OPEN_METEO_FORECAST,FORECAST,74.9,78.7,90,36,0.008,0.0,0.0,51,986.9,12.1,146,17.4
OPEN_METEO-FORECAST-401858231-20260917T204515Z,2026-09-17T13:45:15.497277-07:00,NCAA_Football,NCAA_Football,401858231,2026-09-19T20:00:00+00:00,Wallace Wade Stadium,Durham,NC,False,35.99403,-78.89862,2026-09-19T20:00Z,OPEN_METEO_FORECAST,FORECAST,83.1,86.2,60,18,0.004,0.0,0.0,51,1001.8,8.9,56,8.1
OPEN_METEO-FORECAST-401866422-20260917T204515Z,2026-09-17T13:45:15.497277-07:00,NCAA_Football,NCAA_Football,401866422,2026-09-19T20:00:00+00:00,Williams Stadium (VA),Lynchburg,VA,False,37.41375,-79.14225,2026-09-19T20:00Z,OPEN_METEO_FORECAST,FORECAST,80.7,84.4,56,2,0.0,0.0,0.0,1,993.9,4.8,101,4.3
OPEN_METEO-FORECAST-401867804-20260917T204515Z,2026-09-17T13:45:15.497277-07:00,NCAA_Football,NCAA_Football,401867804,2026-09-19T20:00:00+00:00,McLane Stadium,Waco,TX,False,31.54933,-97.14667,2026-09-19T20:00Z,OPEN_METEO_FORECAST,FORECAST,98.7,98.8,23,0,0.0,0.0,0.0,0,994.9,9.6,155,9.8
OPEN_METEO-FORECAST-401856691-20260917T204515Z,2026-09-17T13:45:15.497277-07:00,NCAA_Football,NCAA_Football,401856691,2026-09-19T20:15:00+00:00,Williams-Brice Stadium,Columbia,SC,False,34.00071,-81.03481,2026-09-19T20:00Z,OPEN_METEO_FORECAST,FORECAST,89.4,94.5,49,55,0.004,0.0,0.0,51,1003.8,4.3,3,6.7
OPEN_METEO-FORECAST-401868317-20260917T204515Z,2026-09-17T13:45:15.497277-07:00,NCAA_Football,NCAA_Football,401868317,2026-09-19T20:30:00+00:00,Malone Stadium,Monroe,LA,False,32.50931,-92.1193,2026-09-19T20:00Z,OPEN_METEO_FORECAST,FORECAST,102.2,106.4,24,0,0.0,0.0,0.0,0,1010.0,3.2,192,5.6
OPEN_METEO-FORECAST-401862710-20260917T204515Z,2026-09-17T13:45:15.497277-07:00,NCAA_Football,NCAA_Football,401862710,2026-09-19T22:00:00+00:00,S.B. Ballard Stadium,Norfolk,VA,False,36.84681,-76.28522,2026-09-19T22:00Z,OPEN_METEO_FORECAST,FORECAST,77.4,79.1,65,2,0.0,0.0,0.0,3,1017.1,8.9,72,8.9
OPEN_METEO-FORECAST-401862771-20260917T204515Z,2026-09-17T13:45:15.497277-07:00,NCAA_Football,NCAA_Football,401862771,2026-09-19T22:00:00+00:00,Flagler Credit Union Stadium,Boca Raton,FL,False,26.35869,-80.0831,2026-09-19T22:00Z,OPEN_METEO_FORECAST,FORECAST,86.0,90.0,60,76,0.0,0.0,0.0,3,1011.4,10.2,82,8.7
OPEN_METEO-FORECAST-401864574-20260917T204515Z,2026-09-17T13:45:15.497277-07:00,NCAA_Football,NCAA_Football,401864574,2026-09-19T22:00:00+00:00,Kidd Brewer Stadium,Boone,NC,False,36.21679,-81.67455,2026-09-19T22:00Z,OPEN_METEO_FORECAST,FORECAST,69.1,74.4,95,61,0.051,0.0,0.0,95,905.9,3.4,127,5.4
OPEN_METEO-FORECAST-401871047-20260917T204515Z,2026-09-17T13:45:15.497277-07:00,NCAA_Football,NCAA_Football,401871047,2026-09-19T22:30:00+00:00,Robert W. Plaster Stadium,Springfield,MO,False,37.21533,-93.29824,2026-09-19T22:00Z,OPEN_METEO_FORECAST,FORECAST,98.8,94.8,20,0,0.0,0.0,0.0,0,965.4,10.1,202,11.0
OPEN_METEO-FORECAST-401856689-20260917T204515Z,2026-09-17T13:45:15.497277-07:00,NCAA_Football,NCAA_Football,401856689,2026-09-19T23:00:00+00:00,Memorial Stadium,Columbia,MO,False,34.00071,-81.03481,2026-09-19T23:00Z,OPEN_METEO_FORECAST,FORECAST,84.9,89.9,60,55,0.0,0.0,0.0,3,1003.7,6.6,78,12.1
OPEN_METEO-FORECAST-401856687-20260917T204515Z,2026-09-17T13:45:15.497277-07:00,NCAA_Football,NCAA_Football,401856687,2026-09-19T23:00:00+00:00,Jordan-Hare Stadium,Auburn,AL,False,42.93173,-76.56605,2026-09-19T23:00Z,OPEN_METEO_FORECAST,FORECAST,55.0,52.6,66,2,0.0,0.0,0.0,2,995.6,1.9,45,2.0
OPEN_METEO-FORECAST-401856800-20260917T204515Z,2026-09-17T13:45:15.497277-07:00,NCAA_Football,NCAA_Football,401856800,2026-09-19T23:00:00+00:00,Acrisure Bounce House,Orlando,FL,False,28.53834,-81.37924,2026-09-19T23:00Z,OPEN_METEO_FORECAST,FORECAST,80.9,86.3,71,62,0.102,0.0,0.0,95,1008.6,6.9,61,10.1
OPEN_METEO-FORECAST-401856803-20260917T204515Z,2026-09-17T13:45:15.497277-07:00,NCAA_Football,NCAA_Football,401856803,2026-09-19T23:00:00+00:00,Boone Pickens Stadium,Stillwater,OK,False,36.11561,-97.05837,2026-09-19T23:00Z,OPEN_METEO_FORECAST,FORECAST,101.4,95.9,22,1,0.0,0.0,0.0,0,974.7,17.1,185,19.5
OPEN_METEO-FORECAST-401861963-20260917T204515Z,2026-09-17T13:45:15.497277-07:00,NCAA_Football,NCAA_Football,401861963,2026-09-19T23:00:00+00:00,M. M. Roberts Stadium,Hattiesburg,MS,False,31.32712,-89.29034,2026-09-19T23:00Z,OPEN_METEO_FORECAST,FORECAST,91.8,95.6,43,1,0.0,0.0,0.0,1,1005.9,5.1,285,6.7
OPEN_METEO-FORECAST-401862772-20260917T204515Z,2026-09-17T13:45:15.497277-07:00,NCAA_Football,NCAA_Football,401862772,2026-09-19T23:00:00+00:00,Simmons Bank Liberty Stadium,Memphis,TN,False,35.14953,-90.04898,2026-09-19T23:00Z,OPEN_METEO_FORECAST,FORECAST,101.4,101.0,20,0,0.0,0.0,0.0,0,1000.9,2.9,176,4.0
OPEN_METEO-FORECAST-401862773-20260917T204515Z,2026-09-17T13:45:15.497277-07:00,NCAA_Football,NCAA_Football,401862773,2026-09-19T23:00:00+00:00,Rice Stadium,Houston,TX,False,29.76328,-95.36327,2026-09-19T23:00Z,OPEN_METEO_FORECAST,FORECAST,91.6,92.5,42,1,0.0,0.0,0.0,0,1010.7,11.1,124,11.2
OPEN_METEO-FORECAST-401862777-20260917T204515Z,2026-09-17T13:45:15.497277-07:00,NCAA_Football,NCAA_Football,401862777,2026-09-19T23:00:00+00:00,Raymond James Stadium,Tampa,FL,False,27.94752,-82.45843,2026-09-19T23:00Z,OPEN_METEO_FORECAST,FORECAST,88.3,91.6,47,65,0.0,0.0,0.0,2,1010.9,5.7,349,9.2
OPEN_METEO-FORECAST-401864443-20260917T204515Z,2026-09-17T13:45:15.497277-07:00,NCAA_Football,NCAA_Football,401864443,2026-09-19T23:00:00+00:00,"Johnny ""Red"" Floyd Stadium",Murfreesboro,TN,False,35.84562,-86.39027,2026-09-19T23:00Z,OPEN_METEO_FORECAST,FORECAST,88.2,93.4,48,13,0.0,0.0,0.0,3,990.4,1.8,270,4.0
OPEN_METEO-FORECAST-401866423-20260917T204515Z,2026-09-17T13:45:15.497277-07:00,NCAA_Football,NCAA_Football,401866423,2026-09-19T23:00:00+00:00,Hancock Whitney Stadium,Mobile,AL,False,30.69436,-88.04305,2026-09-19T23:00Z,OPEN_METEO_FORECAST,FORECAST,90.0,93.1,48,7,0.0,0.0,0.0,2,1012.2,8.7,193,11.2
OPEN_METEO-FORECAST-401869948-20260917T204515Z,2026-09-17T13:45:15.497277-07:00,NCAA_Football,NCAA_Football,401869948,2026-09-19T23:00:00+00:00,AmFirst Stadium,Jacksonville,AL,False,30.33218,-81.65565,2026-09-19T23:00Z,OPEN_METEO_FORECAST,FORECAST,85.1,87.0,53,10,0.0,0.0,0.0,0,1013.0,9.7,83,11.0
OPEN_METEO-FORECAST-401870764-20260917T204515Z,2026-09-17T13:45:15.497277-07:00,NCAA_Football,NCAA_Football,401870764,2026-09-19T23:00:00+00:00,Elliott T. Bowers Stadium,Huntsville,TX,False,34.7304,-86.58594,2026-09-19T23:00Z,OPEN_METEO_FORECAST,FORECAST,91.5,93.5,40,18,0.0,0.0,0.0,0,990.1,7.0,37,7.4
OPEN_METEO-FORECAST-401858452-20260917T204515Z,2026-09-17T13:45:15.497277-07:00,NCAA_Football,NCAA_Football,401858452,2026-09-19T23:15:00+00:00,"Memorial Stadium (Lincoln, NE)",Lincoln,NE,False,40.8,-96.66696,2026-09-19T23:00Z,OPEN_METEO_FORECAST,FORECAST,79.1,77.9,70,30,0.0,0.0,0.0,2,964.2,19.8,13,20.6
OPEN_METEO-FORECAST-401858459-20260917T204515Z,2026-09-17T13:45:15.497277-07:00,NCAA_Football,NCAA_Football,401858459,2026-09-19T23:15:00+00:00,Husky Stadium,Seattle,WA,False,47.60621,-122.33207,2026-09-19T23:00Z,OPEN_METEO_FORECAST,FORECAST,75.7,73.0,38,0,0.0,0.0,0.0,3,1009.5,5.3,348,2.5
OPEN_METEO-FORECAST-401858453-20260917T204515Z,2026-09-17T13:45:15.497277-07:00,NCAA_Football,NCAA_Football,401858453,2026-09-19T23:30:00+00:00,Notre Dame Stadium,Notre Dame,IN,False,41.70019,-86.23793,2026-09-19T23:00Z,OPEN_METEO_FORECAST,FORECAST,64.6,65.1,91,81,0.0,0.0,0.0,3,988.3,8.9,135,18.3
OPEN_METEO-FORECAST-401856688-20260917T204515Z,2026-09-17T13:45:15.497277-07:00,NCAA_Football,NCAA_Football,401856688,2026-09-19T23:30:00+00:00,Vaught-Hemingway Stadium,Oxford,MS,False,34.3665,-89.51925,2026-09-19T23:00Z,OPEN_METEO_FORECAST,FORECAST,94.7,97.5,34,1,0.0,0.0,0.0,0,993.6,3.2,155,2.7
OPEN_METEO-FORECAST-401856795-20260917T204515Z,2026-09-17T13:45:15.497277-07:00,NCAA_Football,NCAA_Football,401856795,2026-09-19T23:30:00+00:00,Canvas Stadium,Fort Collins,CO,False,40.58526,-105.08442,2026-09-19T23:00Z,OPEN_METEO_FORECAST,FORECAST,71.0,67.5,45,83,0.0,0.0,0.0,0,846.4,7.6,90,9.4
OPEN_METEO-FORECAST-401856690-20260917T204515Z,2026-09-17T13:45:15.497277-07:00,NCAA_Football,NCAA_Football,401856690,2026-09-19T23:30:00+00:00,"Memorial Stadium (Norman, OK)",Norman,OK,False,35.22257,-97.43948,2026-09-19T23:00Z,OPEN_METEO_FORECAST,FORECAST,100.6,94.6,21,1,0.0,0.0,0.0,1,967.1,16.8,179,15.2
OPEN_METEO-FORECAST-401856802-20260917T204515Z,2026-09-17T13:45:15.497277-07:00,NCAA_Football,NCAA_Football,401856802,2026-09-19T23:30:00+00:00,Bank of America Stadium,Charlotte,NC,False,35.22709,-80.84313,2026-09-19T23:00Z,OPEN_METEO_FORECAST,FORECAST,78.2,84.4,77,53,0.031,0.0,0.0,53,986.1,4.9,43,9.8
OPEN_METEO-FORECAST-401856796-20260917T204515Z,2026-09-17T13:45:15.497277-07:00,NCAA_Football,NCAA_Football,401856796,2026-09-19T23:30:00+00:00,Northwestern Medicine Field at Martin Stadium,Evanston,IL,False,41.26828,-110.96324,2026-09-19T23:00Z,OPEN_METEO_FORECAST,FORECAST,59.7,49.3,36,36,0.0,0.0,0.0,0,797.4,15.8,278,19.7
OPEN_METEO-FORECAST-401858232-20260917T204515Z,2026-09-17T13:45:15.497277-07:00,NCAA_Football,NCAA_Football,401858232,2026-09-19T23:30:00+00:00,SECU Stadium,College Park,MD,False,38.98067,-76.93692,2026-09-19T23:00Z,OPEN_METEO_FORECAST,FORECAST,73.8,74.4,67,3,0.0,0.0,0.0,3,1015.9,8.6,97,15.0
OPEN_METEO-FORECAST-401856692-20260917T204515Z,2026-09-17T13:45:15.497277-07:00,NCAA_Football,NCAA_Football,401856692,2026-09-19T23:45:00+00:00,Neyland Stadium,Knoxville,TN,False,35.96064,-83.92074,2026-09-19T23:00Z,OPEN_METEO_FORECAST,FORECAST,74.9,77.1,81,21,0.012,0.0,0.0,51,981.7,12.4,305,20.1
OPEN_METEO-FORECAST-401816992-20260917T204515Z,2026-09-17T13:45:15.497277-07:00,MLB,MLB,401816992,2026-09-19T00:10:00+00:00,Coors Field,Denver,Colorado,False,39.73915,-104.9847,2026-09-19T00:00Z,OPEN_METEO_FORECAST,FORECAST,73.7,70.1,39,30,0.0,0.0,0.0,3,842.0,6.8,352,11.4
OPEN_METEO-FORECAST-401816991-20260917T204515Z,2026-09-17T13:45:15.497277-07:00,MLB,MLB,401816991,2026-09-19T00:15:00+00:00,Busch Stadium,St. Louis,Missouri,False,38.62727,-90.19789,2026-09-19T00:00Z,OPEN_METEO_FORECAST,FORECAST,81.0,87.9,74,6,0.0,0.0,0.0,2,999.6,5.3,78,7.6
OPEN_METEO-FORECAST-401816994-20260917T204515Z,2026-09-17T13:45:15.497277-07:00,MLB,MLB,401816994,2026-09-19T01:38:00+00:00,Angel Stadium,Anaheim,California,False,33.83529,-117.9145,2026-09-19T02:00Z,OPEN_METEO_FORECAST,FORECAST,72.7,73.5,63,0,0.0,0.0,0.0,0,1009.6,5.6,236,8.3
OPEN_METEO-FORECAST-401816993-20260917T204515Z,2026-09-17T13:45:15.497277-07:00,MLB,MLB,401816993,2026-09-19T01:40:00+00:00,Petco Park,San Diego,California,False,32.71571,-117.16472,2026-09-19T02:00Z,OPEN_METEO_FORECAST,FORECAST,68.4,69.3,75,0,0.0,0.0,0.0,0,1014.6,5.9,317,10.1
OPEN_METEO-FORECAST-401816996-20260917T204515Z,2026-09-17T13:45:15.497277-07:00,MLB,MLB,401816996,2026-09-19T02:10:00+00:00,Dodger Stadium,Los Angeles,California,False,34.05223,-118.24368,2026-09-19T02:00Z,OPEN_METEO_FORECAST,FORECAST,69.1,69.7,72,0,0.0,0.0,0.0,0,1004.2,6.4,260,9.6
OPEN_METEO-FORECAST-401817001-20260917T204515Z,2026-09-17T13:45:15.497277-07:00,MLB,MLB,401817001,2026-09-19T20:05:00+00:00,Oriole Park at Camden Yards,Baltimore,Maryland,False,39.29038,-76.61219,2026-09-19T20:00Z,OPEN_METEO_FORECAST,FORECAST,76.0,75.8,51,3,0.0,0.0,0.0,3,1015.6,5.5,102,8.5
OPEN_METEO-FORECAST-401817002-20260917T204515Z,2026-09-17T13:45:15.497277-07:00,MLB,MLB,401817002,2026-09-19T20:10:00+00:00,Citi Field,Queens,New York,False,40.68149,-73.83652,2026-09-19T20:00Z,OPEN_METEO_FORECAST,FORECAST,71.2,67.2,43,0,0.0,0.0,0.0,3,1020.0,7.9,137,5.4
OPEN_METEO-FORECAST-401816997-20260917T204515Z,2026-09-17T13:45:15.497277-07:00,MLB,MLB,401816997,2026-09-19T22:10:00+00:00,Progressive Field,Cleveland,Ohio,False,41.4995,-81.69541,2026-09-19T22:00Z,OPEN_METEO_FORECAST,FORECAST,68.2,67.4,63,38,0.0,0.0,0.0,3,993.8,5.8,92,9.8
OPEN_METEO-FORECAST-401816999-20260917T204515Z,2026-09-17T13:45:15.497277-07:00,MLB,MLB,401816999,2026-09-19T22:40:00+00:00,Great American Ball Park,Cincinnati,Ohio,False,39.12711,-84.51439,2026-09-19T23:00Z,OPEN_METEO_FORECAST,FORECAST,76.4,81.1,74,12,0.008,0.0,0.0,51,983.5,4.6,14,9.2
OPEN_METEO-FORECAST-401817000-20260917T204515Z,2026-09-17T13:45:15.497277-07:00,MLB,MLB,401817000,2026-09-19T22:40:00+00:00,PNC Park,Pittsburgh,Pennsylvania,False,40.44062,-79.99589,2026-09-19T23:00Z,OPEN_METEO_FORECAST,FORECAST,71.2,73.3,72,8,0.0,0.0,0.0,3,988.9,4.8,41,12.8
OPEN_METEO-FORECAST-401817004-20260917T204515Z,2026-09-17T13:45:15.497277-07:00,MLB,MLB,401817004,2026-09-19T23:10:00+00:00,Rate Field,Chicago,Illinois,False,41.85003,-87.65005,2026-09-19T23:00Z,OPEN_METEO_FORECAST,FORECAST,64.0,65.9,96,81,0.012,0.012,0.0,51,992.8,6.3,174,19.9
OPEN_METEO-FORECAST-401817006-20260917T204515Z,2026-09-17T13:45:15.497277-07:00,MLB,MLB,401817006,2026-09-19T23:15:00+00:00,Busch Stadium,St. Louis,Missouri,False,38.62727,-90.19789,2026-09-19T23:00Z,OPEN_METEO_FORECAST,FORECAST,96.8,97.6,27,1,0.0,0.0,0.0,2,994.6,3.6,281,6.5
OPEN_METEO-FORECAST-401817040-20260917T204515Z,2026-09-17T13:45:15.497277-07:00,MLB,MLB,401817040,2026-09-23T00:40:00+00:00,Coors Field,Denver,Colorado,False,39.73915,-104.9847,2026-09-23T01:00Z,OPEN_METEO_FORECAST,FORECAST,71.2,68.3,36,23,0.0,0.0,0.0,1,838.8,2.6,211,1.6
OPEN_METEO-FORECAST-401817041-20260917T204515Z,2026-09-17T13:45:15.497277-07:00,MLB,MLB,401817041,2026-09-23T01:40:00+00:00,Sutter Health Park,Sacramento,California,False,38.58157,-121.4944,2026-09-23T02:00Z,OPEN_METEO_FORECAST,FORECAST,81.9,78.8,33,0,0.0,0.0,0.0,0,1004.8,7.2,185,13.2
OPEN_METEO-FORECAST-401817043-20260917T204515Z,2026-09-17T13:45:15.497277-07:00,MLB,MLB,401817043,2026-09-23T01:45:00+00:00,Oracle Park,San Francisco,California,False,37.77493,-122.41942,2026-09-23T02:00Z,OPEN_METEO_FORECAST,FORECAST,63.4,62.2,75,0,0.0,0.0,0.0,0,1008.2,6.7,266,6.7
OPEN_METEO-FORECAST-401817044-20260917T204515Z,2026-09-17T13:45:15.497277-07:00,MLB,MLB,401817044,2026-09-23T02:10:00+00:00,Dodger Stadium,Los Angeles,California,False,34.05223,-118.24368,2026-09-23T02:00Z,OPEN_METEO_FORECAST,FORECAST,74.0,74.9,65,1,0.0,0.0,0.0,0,997.8,7.3,225,6.0
OPEN_METEO-FORECAST-401817051-20260917T204515Z,2026-09-17T13:45:15.497277-07:00,MLB,MLB,401817051,2026-09-23T17:10:00+00:00,Comerica Park,Detroit,Michigan,False,42.33143,-83.04575,2026-09-23T17:00Z,OPEN_METEO_FORECAST,FORECAST,61.7,61.3,90,25,0.0,0.0,0.0,3,1000.2,7.6,93,14.1
OPEN_METEO-FORECAST-401817058-20260917T204515Z,2026-09-17T13:45:15.497277-07:00,MLB,MLB,401817058,2026-09-23T19:45:00+00:00,Oracle Park,San Francisco,California,False,37.77493,-122.41942,2026-09-23T20:00Z,OPEN_METEO_FORECAST,FORECAST,71.4,71.5,48,0,0.0,0.0,0.0,3,1008.9,5.8,274,5.6
OPEN_METEO-FORECAST-401817050-20260917T204515Z,2026-09-17T13:45:15.497277-07:00,MLB,MLB,401817050,2026-09-23T22:35:00+00:00,Oriole Park at Camden Yards,Baltimore,Maryland,False,39.29038,-76.61219,2026-09-23T23:00Z,OPEN_METEO_FORECAST,FORECAST,64.5,61.2,62,22,0.0,0.0,0.0,3,1022.4,8.6,75,17.4
OPEN_METEO-FORECAST-401817047-20260917T204515Z,2026-09-17T13:45:15.497277-07:00,MLB,MLB,401817047,2026-09-23T22:40:00+00:00,Citizens Bank Park,Philadelphia,Pennsylvania,False,39.95238,-75.16362,2026-09-23T23:00Z,OPEN_METEO_FORECAST,FORECAST,63.5,58.4,58,14,0.0,0.0,0.0,2,1024.8,11.1,76,19.2
OPEN_METEO-FORECAST-401817048-20260917T204515Z,2026-09-17T13:45:15.497277-07:00,MLB,MLB,401817048,2026-09-23T22:40:00+00:00,PNC Park,Pittsburgh,Pennsylvania,False,40.44062,-79.99589,2026-09-23T23:00Z,OPEN_METEO_FORECAST,FORECAST,57.1,54.6,92,25,0.0,0.0,0.0,3,995.0,9.6,106,25.7
OPEN_METEO-FORECAST-401817046-20260917T204515Z,2026-09-17T13:45:15.497277-07:00,MLB,MLB,401817046,2026-09-23T23:00:00+00:00,Fenway Park,Boston,Massachusetts,False,42.35843,-71.05977,2026-09-23T23:00Z,OPEN_METEO_FORECAST,FORECAST,56.1,47.8,64,6,0.0,0.0,0.0,3,1028.6,16.1,56,19.2
OPEN_METEO-FORECAST-401817049-20260917T204515Z,2026-09-17T13:45:15.497277-07:00,MLB,MLB,401817049,2026-09-23T23:05:00+00:00,Yankee Stadium,Bronx,New York,False,40.93815,-73.83208,2026-09-23T23:00Z,OPEN_METEO_FORECAST,FORECAST,62.7,56.2,54,16,0.0,0.0,0.0,1,1023.8,12.9,76,19.7
OPEN_METEO-FORECAST-401817045-20260917T204515Z,2026-09-17T13:45:15.497277-07:00,MLB,MLB,401817045,2026-09-23T23:15:00+00:00,Truist Park,Atlanta,Georgia,False,33.749,-84.38798,2026-09-23T23:00Z,OPEN_METEO_FORECAST,FORECAST,75.6,78.4,70,14,0.0,0.0,0.0,3,982.2,6.5,90,9.8
OPEN_METEO-FORECAST-401817052-20260917T204515Z,2026-09-17T13:45:15.497277-07:00,MLB,MLB,401817052,2026-09-23T23:40:00+00:00,Kauffman Stadium,Kansas City,Missouri,False,39.09973,-94.57857,2026-09-23T23:00Z,OPEN_METEO_FORECAST,FORECAST,74.0,73.2,53,6,0.0,0.0,0.0,1,988.1,6.2,69,11.6
OPEN_METEO-FORECAST-401817053-20260917T204515Z,2026-09-17T13:45:15.497277-07:00,MLB,MLB,401817053,2026-09-23T23:40:00+00:00,Wrigley Field,Chicago,Illinois,False,41.85003,-87.65005,2026-09-23T23:00Z,OPEN_METEO_FORECAST,FORECAST,63.3,60.7,71,2,0.0,0.0,0.0,3,1002.3,8.7,13,11.2
OPEN_METEO-FORECAST-401872948-20260917T215303Z,2026-09-17T14:53:03.081491-07:00,NFL,NFL,401872948,2026-09-25T00:15:00+00:00,Lambeau Field,Green Bay,WI,False,44.51916,-88.01983,2026-09-25T00:00Z,OPEN_METEO_FORECAST,FORECAST,57.7,55.4,79,4,0.0,0.0,0.0,0,1004.3,6.4,100,6.7
OPEN_METEO-FORECAST-401817070-20260917T215303Z,2026-09-17T14:53:03.081491-07:00,MLB,MLB,401817070,2026-09-25T01:40:00+00:00,Sutter Health Park,Sacramento,California,False,38.58157,-121.4944,2026-09-25T02:00Z,OPEN_METEO_FORECAST,FORECAST,82.6,75.8,20,0,0.0,0.0,0.0,3,1006.1,9.1,197,15.2
OPEN_METEO-FORECAST-401817071-20260917T215303Z,2026-09-17T14:53:03.081491-07:00,MLB,MLB,401817071,2026-09-25T02:10:00+00:00,Dodger Stadium,Los Angeles,California,False,34.05223,-118.24368,2026-09-25T02:00Z,OPEN_METEO_FORECAST,FORECAST,75.8,76.1,59,2,0.0,0.0,0.0,0,1000.6,7.7,234,5.8
OPEN_METEO-FORECAST-401872945-20260917T215303Z,2026-09-17T14:53:03.081491-07:00,NFL,NFL,401872945,2026-09-21T00:20:00+00:00,Arrowhead Stadium,Kansas City,MO,False,39.09973,-94.57857,2026-09-21T00:00Z,OPEN_METEO_FORECAST,FORECAST,74.0,75.9,74,38,0.0,0.0,0.0,3,978.7,8.5,6,14.1
OPEN_METEO-FORECAST-401817027-20260917T215303Z,2026-09-17T14:53:03.081491-07:00,MLB,MLB,401817027,2026-09-21T22:35:00+00:00,Oriole Park at Camden Yards,Baltimore,Maryland,False,39.29038,-76.61219,2026-09-21T23:00Z,OPEN_METEO_FORECAST,FORECAST,71.7,71.6,67,40,0.0,0.0,0.0,3,1014.2,8.1,74,12.3
OPEN_METEO-FORECAST-401817028-20260917T215303Z,2026-09-17T14:53:03.081491-07:00,MLB,MLB,401817028,2026-09-21T22:40:00+00:00,Comerica Park,Detroit,Michigan,False,42.33143,-83.04575,2026-09-21T23:00Z,OPEN_METEO_FORECAST,FORECAST,53.7,49.0,91,27,0.028,0.028,0.0,53,996.8,12.2,54,27.5
OPEN_METEO-FORECAST-401872932-20260917T215303Z,2026-09-17T14:53:03.081491-07:00,NFL,NFL,401872932,2026-09-18T00:15:00+00:00,Highmark Stadium,Orchard Park,NY,False,42.76756,-78.74392,2026-09-18T00:00Z,OPEN_METEO_FORECAST,FORECAST,69.3,74.0,90,2,0.0,0.0,0.0,3,988.9,3.2,56,4.5
OPEN_METEO-FORECAST-401858226-20260917T215303Z,2026-09-17T14:53:03.081491-07:00,NCAA_Football,NCAA_Football,401858226,2026-09-18T23:30:00+00:00,Allegacy Federal Credit Union Stadium,Winston-Salem,NC,False,36.09986,-80.24422,2026-09-18T23:00Z,OPEN_METEO_FORECAST,FORECAST,81.7,90.2,73,26,0.0,0.0,0.0,3,983.7,1.5,243,11.2
OPEN_METEO-FORECAST-401816984-20260917T215303Z,2026-09-17T14:53:03.081491-07:00,MLB,MLB,401816984,2026-09-18T22:40:00+00:00,Great American Ball Park,Cincinnati,Ohio,False,39.12711,-84.51439,2026-09-18T23:00Z,OPEN_METEO_FORECAST,FORECAST,76.9,79.8,75,6,0.0,0.0,0.0,0,988.3,10.1,22,16.1
OPEN_METEO-FORECAST-401816985-20260917T215303Z,2026-09-17T14:53:03.081491-07:00,MLB,MLB,401816985,2026-09-18T22:40:00+00:00,PNC Park,Pittsburgh,Pennsylvania,False,40.44062,-79.99589,2026-09-18T23:00Z,OPEN_METEO_FORECAST,FORECAST,71.2,74.1,76,0,0.0,0.0,0.0,3,991.8,4.3,360,9.8
OPEN_METEO-FORECAST-401816986-20260917T215303Z,2026-09-17T14:53:03.081491-07:00,MLB,MLB,401816986,2026-09-18T23:05:00+00:00,Oriole Park at Camden Yards,Baltimore,Maryland,False,39.29038,-76.61219,2026-09-18T23:00Z,OPEN_METEO_FORECAST,FORECAST,78.2,80.8,63,0,0.0,0.0,0.0,0,1014.6,6.4,350,13.0
OPEN_METEO-FORECAST-401816982-20260917T215303Z,2026-09-17T14:53:03.081491-07:00,MLB,MLB,401816982,2026-09-18T23:10:00+00:00,Progressive Field,Cleveland,Ohio,False,41.4995,-81.69541,2026-09-18T23:00Z,OPEN_METEO_FORECAST,FORECAST,69.4,67.1,62,0,0.0,0.0,0.0,3,998.2,9.9,18,14.8
OPEN_METEO-FORECAST-401816987-20260917T215303Z,2026-09-17T14:53:03.081491-07:00,MLB,MLB,401816987,2026-09-18T23:10:00+00:00,Citi Field,Queens,New York,False,40.68149,-73.83652,2026-09-18T23:00Z,OPEN_METEO_FORECAST,FORECAST,75.0,74.4,52,0,0.0,0.0,0.0,0,1016.3,6.0,13,14.1
OPEN_METEO-FORECAST-401816989-20260917T215303Z,2026-09-17T14:53:03.081491-07:00,MLB,MLB,401816989,2026-09-18T23:40:00+00:00,Rate Field,Chicago,Illinois,False,41.85003,-87.65005,2026-09-18T23:00Z,OPEN_METEO_FORECAST,FORECAST,65.0,64.2,78,2,0.0,0.0,0.0,3,999.9,8.1,90,16.6
OPEN_METEO-FORECAST-401816981-20260917T215303Z,2026-09-17T14:53:03.081491-07:00,MLB,MLB,401816981,2026-09-18T01:38:00+00:00,Angel Stadium,Anaheim,California,False,33.83529,-117.9145,2026-09-18T02:00Z,OPEN_METEO_FORECAST,FORECAST,73.5,73.8,60,0,0.0,0.0,0.0,0,1010.9,6.4,260,9.6
OPEN_METEO-FORECAST-401858225-20260917T215303Z,2026-09-17T14:53:03.081491-07:00,NCAA_Football,NCAA_Football,401858225,2026-09-17T23:30:00+00:00,Acrisure Stadium,Pittsburgh,PA,False,40.44062,-79.99589,2026-09-17T23:00Z,OPEN_METEO_FORECAST,FORECAST,78.6,86.3,81,9,0.0,0.0,0.0,3,992.4,3.6,317,7.6
OPEN_METEO-FORECAST-401816975-20260917T215303Z,2026-09-17T14:53:03.081491-07:00,MLB,MLB,401816975,2026-09-17T16:35:00+00:00,PNC Park,Pittsburgh,Pennsylvania,False,40.44062,-79.99589,2026-09-17T17:00Z,OPEN_METEO_FORECAST,FORECAST,80.1,87.9,85,12,0.0,0.0,0.0,3,995.3,7.3,243,12.1
OPEN_METEO-FORECAST-401816974-20260917T215303Z,2026-09-17T14:53:03.081491-07:00,MLB,MLB,401816974,2026-09-17T16:40:00+00:00,Great American Ball Park,Cincinnati,Ohio,False,39.12711,-84.51439,2026-09-17T17:00Z,OPEN_METEO_FORECAST,FORECAST,89.5,97.3,57,0,0.0,0.0,0.0,0,993.0,7.9,278,15.7
OPEN_METEO-FORECAST-401816980-20260917T215303Z,2026-09-17T14:53:03.081491-07:00,MLB,MLB,401816980,2026-09-17T19:10:00+00:00,Coors Field,Denver,Colorado,False,39.73915,-104.9847,2026-09-17T19:00Z,OPEN_METEO_FORECAST,FORECAST,77.0,80.8,56,9,0.0,0.0,0.0,2,844.6,5.5,297,5.6
OPEN_METEO-FORECAST-401816976-20260917T215303Z,2026-09-17T14:53:03.081491-07:00,MLB,MLB,401816976,2026-09-17T23:15:00+00:00,Citi Field,Queens,New York,False,40.68149,-73.83652,2026-09-17T23:00Z,OPEN_METEO_FORECAST,FORECAST,73.8,78.8,83,3,0.0,0.0,0.0,3,1018.2,5.0,172,12.5
OPEN_METEO-FORECAST-401816978-20260917T215303Z,2026-09-17T14:53:03.081491-07:00,MLB,MLB,401816978,2026-09-17T23:40:00+00:00,Rate Field,Chicago,Illinois,False,41.85003,-87.65005,2026-09-17T23:00Z,OPEN_METEO_FORECAST,FORECAST,68.6,71.2,96,10,0.0,0.0,0.0,2,1000.2,9.6,4,17.9
OPEN_METEO-FORECAST-401872937-20260917T215303Z,2026-09-17T14:53:03.081491-07:00,NFL,NFL,401872937,2026-09-20T17:00:00+00:00,Soldier Field,Chicago,IL,False,41.85003,-87.65005,2026-09-20T17:00Z,OPEN_METEO_FORECAST,FORECAST,66.3,68.3,95,62,0.004,0.0,0.0,51,991.1,8.2,55,9.4
OPEN_METEO-FORECAST-401872939-20260917T215303Z,2026-09-17T14:53:03.081491-07:00,NFL,NFL,401872939,2026-09-20T17:00:00+00:00,Nissan Stadium,Nashville,TN,False,36.16589,-86.78444,2026-09-20T17:00Z,OPEN_METEO_FORECAST,FORECAST,92.5,97.7,40,1,0.0,0.0,0.0,1,995.4,5.2,198,6.3
OPEN_METEO-FORECAST-401872946-20260917T215303Z,2026-09-17T14:53:03.081491-07:00,NFL,NFL,401872946,2026-09-20T17:00:00+00:00,Gillette Stadium,Foxborough,MA,False,42.06538,-71.24783,2026-09-20T17:00Z,OPEN_METEO_FORECAST,FORECAST,54.2,53.2,87,8,0.016,0.016,0.0,51,1010.0,2.7,171,9.4
OPEN_METEO-FORECAST-401872936-20260917T215303Z,2026-09-17T14:53:03.081491-07:00,NFL,NFL,401872936,2026-09-20T17:00:00+00:00,MetLife Stadium,East Rutherford,NJ,False,40.83399,-74.09709,2026-09-20T17:00Z,OPEN_METEO_FORECAST,FORECAST,64.7,66.0,96,72,0.13,0.13,0.0,63,1013.7,8.3,142,22.1
OPEN_METEO-FORECAST-401872935-20260917T215303Z,2026-09-17T14:53:03.081491-07:00,NFL,NFL,401872935,2026-09-20T17:00:00+00:00,Raymond James Stadium,Tampa,FL,False,27.94752,-82.45843,2026-09-20T17:00Z,OPEN_METEO_FORECAST,FORECAST,90.6,99.4,47,6,0.0,0.0,0.0,0,1012.0,3.6,120,4.7
OPEN_METEO-FORECAST-401872938-20260917T215303Z,2026-09-17T14:53:03.081491-07:00,NFL,NFL,401872938,2026-09-20T17:00:00+00:00,M&T Bank Stadium,Baltimore,MD,False,39.29038,-76.61219,2026-09-20T17:00Z,OPEN_METEO_FORECAST,FORECAST,79.0,80.9,63,23,0.0,0.0,0.0,3,1011.8,9.1,200,17.2
OPEN_METEO-FORECAST-401872940-20260917T215303Z,2026-09-17T14:53:03.081491-07:00,NFL,NFL,401872940,2026-09-20T20:05:00+00:00,Empower Field at Mile High,Denver,CO,False,39.73915,-104.9847,2026-09-20T20:00Z,OPEN_METEO_FORECAST,FORECAST,74.7,71.7,37,52,0.0,0.0,0.0,3,838.6,9.8,37,7.6
OPEN_METEO-FORECAST-401872941-20260917T215303Z,2026-09-17T14:53:03.081491-07:00,NFL,NFL,401872941,2026-09-20T20:05:00+00:00,SoFi Stadium,Inglewood,CA,False,33.96168,-118.35313,2026-09-20T20:00Z,OPEN_METEO_FORECAST,FORECAST,77.0,79.2,53,0,0.0,0.0,0.0,0,1007.0,8.7,215,5.8
OPEN_METEO-FORECAST-401872942-20260917T215303Z,2026-09-17T14:53:03.081491-07:00,NFL,NFL,401872942,2026-09-20T20:25:00+00:00,Levi's Stadium,Santa Clara,CA,False,37.35411,-121.95524,2026-09-20T20:00Z,OPEN_METEO_FORECAST,FORECAST,72.9,71.1,46,0,0.0,0.0,0.0,3,1010.6,5.1,360,4.5
OPEN_METEO-FORECAST-401856693-20260917T215303Z,2026-09-17T14:53:03.081491-07:00,NCAA_Football,NCAA_Football,401856693,2026-09-20T00:00:00+00:00,DKR-Texas Memorial Stadium,Austin,TX,False,30.26715,-97.74306,2026-09-20T00:00Z,OPEN_METEO_FORECAST,FORECAST,97.5,94.7,25,1,0.0,0.0,0.0,0,991.8,10.9,122,11.4
OPEN_METEO-FORECAST-401856799-20260917T215303Z,2026-09-17T14:53:03.081491-07:00,NCAA_Football,NCAA_Football,401856799,2026-09-20T00:00:00+00:00,Amon G. Carter Stadium,Fort Worth,TX,False,32.72541,-97.32085,2026-09-20T00:00Z,OPEN_METEO_FORECAST,FORECAST,96.9,92.9,20,0,0.0,0.0,0.0,0,987.0,9.0,166,11.6
OPEN_METEO-FORECAST-401862775-20260917T215303Z,2026-09-17T14:53:03.081491-07:00,NCAA_Football,NCAA_Football,401862775,2026-09-20T00:00:00+00:00,H. A. Chapman Stadium,Tulsa,OK,False,36.15398,-95.99277,2026-09-20T00:00Z,OPEN_METEO_FORECAST,FORECAST,96.3,92.8,23,0,0.0,0.0,0.0,0,982.7,9.9,177,21.0
OPEN_METEO-FORECAST-401862776-20260917T215303Z,2026-09-17T14:53:03.081491-07:00,NCAA_Football,NCAA_Football,401862776,2026-09-20T00:00:00+00:00,Our Lady of Lourdes Stadium,Lafayette,LA,False,30.22409,-92.01984,2026-09-20T00:00Z,OPEN_METEO_FORECAST,FORECAST,83.0,87.3,65,3,0.0,0.0,0.0,0,1011.1,8.6,190,12.8
OPEN_METEO-FORECAST-401860885-20260917T215303Z,2026-09-17T14:53:03.081491-07:00,NCAA_Football,NCAA_Football,401860885,2026-09-20T02:00:00+00:00,Albertsons Stadium,Boise,ID,False,43.6135,-116.20345,2026-09-20T02:00Z,OPEN_METEO_FORECAST,FORECAST,71.7,68.0,38,0,0.0,0.0,0.0,0,919.5,5.7,9,11.0
OPEN_METEO-FORECAST-401860887-20260917T215303Z,2026-09-17T14:53:03.081491-07:00,NCAA_Football,NCAA_Football,401860887,2026-09-20T02:00:00+00:00,Snapdragon Stadium,San Diego,CA,False,32.71571,-117.16472,2026-09-20T02:00Z,OPEN_METEO_FORECAST,FORECAST,72.6,74.2,66,0,0.0,0.0,0.0,0,1010.2,4.9,275,3.4
OPEN_METEO-FORECAST-401856793-20260917T215303Z,2026-09-17T14:53:03.081491-07:00,NCAA_Football,NCAA_Football,401856793,2026-09-20T02:30:00+00:00,Casino Del Sol Stadium,Tucson,AZ,False,32.22174,-110.92648,2026-09-20T02:00Z,OPEN_METEO_FORECAST,FORECAST,92.8,83.4,13,0,0.0,0.0,0.0,0,925.6,14.1,245,13.9
OPEN_METEO-FORECAST-401864507-20260917T215303Z,2026-09-17T14:53:03.081491-07:00,NCAA_Football,NCAA_Football,401864507,2026-09-20T02:30:00+00:00,Hornet Stadium,Sacramento,CA,False,38.58157,-121.4944,2026-09-20T02:00Z,OPEN_METEO_FORECAST,FORECAST,82.5,78.3,32,0,0.0,0.0,0.0,0,1007.2,9.7,203,18.8
OPEN_METEO-FORECAST-401858458-20260917T215303Z,2026-09-17T14:53:03.081491-07:00,NCAA_Football,NCAA_Football,401858458,2026-09-20T03:00:00+00:00,Rose Bowl,Pasadena,CA,False,29.69106,-95.2091,2026-09-20T03:00Z,OPEN_METEO_FORECAST,FORECAST,83.6,89.6,67,0,0.0,0.0,0.0,0,1012.3,6.6,147,14.5
OPEN_METEO-FORECAST-401860886-20260917T215303Z,2026-09-17T14:53:03.081491-07:00,NCAA_Football,NCAA_Football,401860886,2026-09-20T03:00:00+00:00,Reser Stadium,Corvallis,OR,False,33.90224,-118.08173,2026-09-20T03:00Z,OPEN_METEO_FORECAST,FORECAST,76.3,76.7,55,0,0.0,0.0,0.0,2,1008.5,6.1,246,6.0
OPEN_METEO-FORECAST-401860888-20260917T215303Z,2026-09-17T14:53:03.081491-07:00,NCAA_Football,NCAA_Football,401860888,2026-09-20T03:00:00+00:00,CEFCU Stadium,San Jose,CA,False,37.33939,-121.89496,2026-09-20T03:00Z,OPEN_METEO_FORECAST,FORECAST,72.2,70.4,49,0,0.0,0.0,0.0,0,1009.2,5.6,337,3.6
OPEN_METEO-FORECAST-401817017-20260917T215303Z,2026-09-17T14:53:03.081491-07:00,MLB,MLB,401817017,2026-09-20T17:10:00+00:00,Citi Field,Queens,New York,False,40.68149,-73.83652,2026-09-20T17:00Z,OPEN_METEO_FORECAST,FORECAST,65.9,65.2,90,58,0.118,0.118,0.0,63,1015.6,12.6,153,21.9
OPEN_METEO-FORECAST-401817015-20260917T215303Z,2026-09-17T14:53:03.081491-07:00,MLB,MLB,401817015,2026-09-20T17:35:00+00:00,PNC Park,Pittsburgh,Pennsylvania,False,40.44062,-79.99589,2026-09-20T18:00Z,OPEN_METEO_FORECAST,FORECAST,70.3,75.5,95,74,0.024,0.02,0.0,53,986.4,5.0,243,13.9
OPEN_METEO-FORECAST-401817012-20260917T215303Z,2026-09-17T14:53:03.081491-07:00,MLB,MLB,401817012,2026-09-20T17:40:00+00:00,Progressive Field,Cleveland,Ohio,False,41.4995,-81.69541,2026-09-20T18:00Z,OPEN_METEO_FORECAST,FORECAST,63.9,67.4,94,63,0.02,0.02,0.0,53,990.9,1.8,83,1.8
OPEN_METEO-FORECAST-401817014-20260917T215303Z,2026-09-17T14:53:03.081491-07:00,MLB,MLB,401817014,2026-09-20T17:40:00+00:00,Great American Ball Park,Cincinnati,Ohio,False,39.12711,-84.51439,2026-09-20T18:00Z,OPEN_METEO_FORECAST,FORECAST,73.9,78.8,87,11,0.0,0.0,0.0,3,982.2,6.9,159,21.5
OPEN_METEO-FORECAST-401817019-20260917T215303Z,2026-09-17T14:53:03.081491-07:00,MLB,MLB,401817019,2026-09-20T18:10:00+00:00,Rate Field,Chicago,Illinois,False,41.85003,-87.65005,2026-09-20T18:00Z,OPEN_METEO_FORECAST,FORECAST,65.6,67.0,96,62,0.008,0.008,0.0,51,991.3,9.1,22,12.5
OPEN_METEO-FORECAST-401817021-20260917T215303Z,2026-09-17T14:53:03.081491-07:00,MLB,MLB,401817021,2026-09-20T18:15:00+00:00,Busch Stadium,St. Louis,Missouri,False,38.62727,-90.19789,2026-09-20T18:00Z,OPEN_METEO_FORECAST,FORECAST,91.6,90.7,31,11,0.0,0.0,0.0,3,993.9,7.2,240,13.0
OPEN_METEO-FORECAST-401817022-20260917T215303Z,2026-09-17T14:53:03.081491-07:00,MLB,MLB,401817022,2026-09-20T19:10:00+00:00,Coors Field,Denver,Colorado,False,39.73915,-104.9847,2026-09-20T19:00Z,OPEN_METEO_FORECAST,FORECAST,73.2,70.1,41,52,0.0,0.0,0.0,3,838.8,11.2,23,9.4
OPEN_METEO-FORECAST-401817024-20260917T215303Z,2026-09-17T14:53:03.081491-07:00,MLB,MLB,401817024,2026-09-20T20:07:00+00:00,Angel Stadium,Anaheim,California,False,33.83529,-117.9145,2026-09-20T20:00Z,OPEN_METEO_FORECAST,FORECAST,80.1,82.4,49,0,0.0,0.0,0.0,0,1007.0,9.2,219,6.5
OPEN_METEO-FORECAST-401817023-20260917T215303Z,2026-09-17T14:53:03.081491-07:00,MLB,MLB,401817023,2026-09-20T20:10:00+00:00,Petco Park,San Diego,California,False,32.71571,-117.16472,2026-09-20T20:00Z,OPEN_METEO_FORECAST,FORECAST,75.3,77.9,62,0,0.0,0.0,0.0,3,1011.0,10.1,265,5.6
OPEN_METEO-FORECAST-401817026-20260917T215303Z,2026-09-17T14:53:03.081491-07:00,MLB,MLB,401817026,2026-09-20T20:10:00+00:00,Dodger Stadium,Los Angeles,California,False,34.05223,-118.24368,2026-09-20T20:00Z,OPEN_METEO_FORECAST,FORECAST,82.3,83.8,39,0,0.0,0.0,0.0,0,1001.5,7.5,192,5.8
OPEN_METEO-FORECAST-401817016-20260917T215303Z,2026-09-17T14:53:03.081491-07:00,MLB,MLB,401817016,2026-09-20T23:20:00+00:00,Oriole Park at Camden Yards,Baltimore,Maryland,False,39.29038,-76.61219,2026-09-20T23:00Z,OPEN_METEO_FORECAST,FORECAST,79.0,84.3,69,54,0.012,0.0,0.0,51,1008.7,3.9,204,17.9
OPEN_METEO-FORECAST-401817007-20260917T215303Z,2026-09-17T14:53:03.081491-07:00,MLB,MLB,401817007,2026-09-20T00:10:00+00:00,Coors Field,Denver,Colorado,False,39.73915,-104.9847,2026-09-20T00:00Z,OPEN_METEO_FORECAST,FORECAST,67.8,66.9,55,71,0.024,0.0,0.0,53,837.4,3.1,60,2.7
OPEN_METEO-FORECAST-401817008-20260917T215303Z,2026-09-17T14:53:03.081491-07:00,MLB,MLB,401817008,2026-09-20T00:40:00+00:00,Petco Park,San Diego,California,False,32.71571,-117.16472,2026-09-20T01:00Z,OPEN_METEO_FORECAST,FORECAST,73.5,74.1,62,0,0.0,0.0,0.0,0,1009.8,6.5,272,4.0
OPEN_METEO-FORECAST-401817011-20260917T215303Z,2026-09-17T14:53:03.081491-07:00,MLB,MLB,401817011,2026-09-20T01:10:00+00:00,Dodger Stadium,Los Angeles,California,False,34.05223,-118.24368,2026-09-20T01:00Z,OPEN_METEO_FORECAST,FORECAST,77.2,75.8,53,0,0.0,0.0,0.0,2,1000.4,10.2,241,9.4
OPEN_METEO-FORECAST-401817009-20260917T215303Z,2026-09-17T14:53:03.081491-07:00,MLB,MLB,401817009,2026-09-20T01:38:00+00:00,Angel Stadium,Anaheim,California,False,33.83529,-117.9145,2026-09-20T02:00Z,OPEN_METEO_FORECAST,FORECAST,76.0,75.7,54,0,0.0,0.0,0.0,1,1005.8,7.0,220,7.2
OPEN_METEO-FORECAST-401856811-20260917T215303Z,2026-09-17T14:53:03.081491-07:00,NCAA_Football,NCAA_Football,401856811,2026-09-19T00:00:00+00:00,Galaxy Stadium,Lubbock,TX,False,33.57786,-101.85517,2026-09-19T00:00Z,OPEN_METEO_FORECAST,FORECAST,89.1,86.2,30,1,0.0,0.0,0.0,0,909.0,9.4,180,13.0
OPEN_METEO-FORECAST-401858455-20260917T215303Z,2026-09-17T14:53:03.081491-07:00,NCAA_Football,NCAA_Football,401858455,2026-09-19T02:30:00+00:00,Autzen Stadium,Eugene,OR,False,44.05207,-123.08675,2026-09-19T02:00Z,OPEN_METEO_FORECAST,FORECAST,68.7,65.5,52,0,0.0,0.0,0.0,0,1004.1,7.8,294,13.9
OPEN_METEO-FORECAST-401869940-20260917T215303Z,2026-09-17T14:53:03.081491-07:00,NCAA_Football,NCAA_Football,401869940,2026-09-19T15:30:00+00:00,Delaware Stadium,Newark,DE,False,40.73566,-74.17237,2026-09-19T15:00Z,OPEN_METEO_FORECAST,FORECAST,63.7,59.3,48,0,0.0,0.0,0.0,3,1021.4,8.3,27,11.2
OPEN_METEO-FORECAST-401856686-20260917T215303Z,2026-09-17T14:53:03.081491-07:00,NCAA_Football,NCAA_Football,401856686,2026-09-19T16:00:00+00:00,Donald W. Reynolds Razorback Stadium,Fayetteville,AR,False,35.05266,-78.87836,2026-09-19T16:00Z,OPEN_METEO_FORECAST,FORECAST,80.6,86.9,77,15,0.0,0.0,0.0,2,1012.8,7.8,36,10.8
OPEN_METEO-FORECAST-401858454-20260917T215303Z,2026-09-17T14:53:03.081491-07:00,NCAA_Football,NCAA_Football,401858454,2026-09-19T16:00:00+00:00,Ohio Stadium,Columbus,OH,False,39.96118,-82.99879,2026-09-19T16:00Z,OPEN_METEO_FORECAST,FORECAST,69.4,72.2,79,6,0.0,0.0,0.0,3,991.9,3.4,94,7.5
OPEN_METEO-FORECAST-401858456-20260917T215303Z,2026-09-17T14:53:03.081491-07:00,NCAA_Football,NCAA_Football,401858456,2026-09-19T16:00:00+00:00,Beaver Stadium,University Park,PA,False,37.44188,-122.14302,2026-09-19T16:00Z,OPEN_METEO_FORECAST,FORECAST,60.2,60.3,81,0,0.0,0.0,0.0,2,1015.9,2.6,157,3.2
OPEN_METEO-FORECAST-401856792-20260917T215303Z,2026-09-17T14:53:03.081491-07:00,NCAA_Football,NCAA_Football,401856792,2026-09-19T16:00:00+00:00,Bill Snyder Family Stadium,Manhattan,KS,False,40.78343,-73.96625,2026-09-19T16:00Z,OPEN_METEO_FORECAST,FORECAST,66.1,62.0,43,0,0.0,0.0,0.0,2,1017.4,9.6,50,11.2
OPEN_METEO-FORECAST-401856798-20260917T215303Z,2026-09-17T14:53:03.081491-07:00,NCAA_Football,NCAA_Football,401856798,2026-09-19T16:00:00+00:00,Jack Trice Stadium,Ames,IA,False,42.03471,-93.61994,2026-09-19T16:00Z,OPEN_METEO_FORECAST,FORECAST,75.3,81.2,86,29,0.004,0.0,0.0,3,976.9,6.2,289,9.3
OPEN_METEO-FORECAST-401856812-20260917T215303Z,2026-09-17T14:53:03.081491-07:00,NCAA_Football,NCAA_Football,401856812,2026-09-19T16:00:00+00:00,Wembley Stadium,London,,False,39.88645,-83.44825,2026-09-19T16:00Z,OPEN_METEO_FORECAST,FORECAST,70.9,72.9,73,3,0.0,0.0,0.0,0,981.2,7.2,78,9.8
OPEN_METEO-FORECAST-401858228-20260917T215303Z,2026-09-17T14:53:03.081491-07:00,NCAA_Football,NCAA_Football,401858228,2026-09-19T16:00:00+00:00,Bobby Dodd Stadium,Atlanta,GA,False,33.749,-84.38798,2026-09-19T16:00Z,OPEN_METEO_FORECAST,FORECAST,90.3,97.1,45,1,0.0,0.0,0.0,0,980.2,2.4,285,4.0
OPEN_METEO-FORECAST-401858229-20260917T215303Z,2026-09-17T14:53:03.081491-07:00,NCAA_Football,NCAA_Football,401858229,2026-09-19T16:00:00+00:00,"Memorial Stadium (Clemson, SC)",Clemson,SC,False,34.68344,-82.83737,2026-09-19T16:00Z,OPEN_METEO_FORECAST,FORECAST,88.2,96.2,54,1,0.0,0.0,0.0,0,991.4,2.1,100,3.1
OPEN_METEO-FORECAST-401858451-20260917T215303Z,2026-09-17T14:53:03.081491-07:00,NCAA_Football,NCAA_Football,401858451,2026-09-19T16:00:00+00:00,Huntington Bank Stadium,Minneapolis,MN,False,44.97997,-93.26384,2026-09-19T16:00Z,OPEN_METEO_FORECAST,FORECAST,57.8,57.2,94,23,0.002,0.002,0.0,3,985.2,5.9,71,14.9
OPEN_METEO-FORECAST-401860889-20260917T215303Z,2026-09-17T14:53:03.081491-07:00,NCAA_Football,NCAA_Football,401860889,2026-09-19T16:00:00+00:00,UFCU Stadium,San Marcos,TX,False,29.88327,-97.94139,2026-09-19T16:00Z,OPEN_METEO_FORECAST,FORECAST,87.1,92.8,57,0,0.0,0.0,0.0,0,994.4,7.0,178,7.7
OPEN_METEO-FORECAST-401858460-20260917T215303Z,2026-09-17T14:53:03.081491-07:00,NCAA_Football,NCAA_Football,401858460,2026-09-19T16:30:00+00:00,Camp Randall Stadium,Madison,WI,False,43.07305,-89.40123,2026-09-19T16:00Z,OPEN_METEO_FORECAST,FORECAST,63.1,62.9,96,90,0.142,0.139,0.0,63,982.8,10.4,140,22.1
OPEN_METEO-FORECAST-401856695-20260917T215303Z,2026-09-17T14:53:03.081491-07:00,NCAA_Football,NCAA_Football,401856695,2026-09-19T16:45:00+00:00,FirstBank Stadium,Nashville,TN,False,36.16589,-86.78444,2026-09-19T17:00Z,OPEN_METEO_FORECAST,FORECAST,98.1,101.2,29,0,0.0,0.0,0.0,0,997.2,5.6,268,8.1
OPEN_METEO-FORECAST-401864508-20260917T215303Z,2026-09-17T14:53:03.081491-07:00,NCAA_Football,NCAA_Football,401864508,2026-09-19T17:00:00+00:00,Kelly/Shorts Stadium,Mount Pleasant,MI,False,43.59781,-84.76751,2026-09-19T17:00Z,OPEN_METEO_FORECAST,FORECAST,62.0,57.3,51,49,0.0,0.0,0.0,3,991.6,7.0,102,11.4
OPEN_METEO-FORECAST-401858227-20260917T215303Z,2026-09-17T14:53:03.081491-07:00,NCAA_Football,NCAA_Football,401858227,2026-09-19T18:00:00+00:00,"Alumni Stadium (Chestnut Hill, MA)",Chestnut Hill,MA,False,42.33065,-71.16616,2026-09-19T18:00Z,OPEN_METEO_FORECAST,FORECAST,62.7,58.5,39,0,0.0,0.0,0.0,3,1014.0,8.2,91,6.0
OPEN_METEO-FORECAST-401858448-20260917T215303Z,2026-09-17T14:53:03.081491-07:00,NCAA_Football,NCAA_Football,401858448,2026-09-19T18:00:00+00:00,Gies Memorial Stadium,Champaign,IL,False,40.11642,-88.24338,2026-09-19T18:00Z,OPEN_METEO_FORECAST,FORECAST,74.8,77.4,79,27,0.0,0.0,0.0,1,989.1,11.0,89,12.1
OPEN_METEO-FORECAST-401862774-20260917T215303Z,2026-09-17T14:53:03.081491-07:00,NCAA_Football,NCAA_Football,401862774,2026-09-19T19:00:00+00:00,Glass Bowl,Toledo,OH,False,41.66394,-83.55521,2026-09-19T19:00Z,OPEN_METEO_FORECAST,FORECAST,64.5,64.1,78,58,0.0,0.0,0.0,3,995.9,6.5,88,14.8
OPEN_METEO-FORECAST-401856694-20260917T215303Z,2026-09-17T14:53:03.081491-07:00,NCAA_Football,NCAA_Football,401856694,2026-09-19T19:30:00+00:00,Kyle Field,College Station,TX,False,30.62798,-96.33441,2026-09-19T19:00Z,OPEN_METEO_FORECAST,FORECAST,97.2,98.9,26,0,0.0,0.0,0.0,0,1001.0,8.5,150,9.4
OPEN_METEO-FORECAST-401856685-20260917T215303Z,2026-09-17T14:53:03.081491-07:00,NCAA_Football,NCAA_Football,401856685,2026-09-19T19:30:00+00:00,Bryant-Denny Stadium,Tuscaloosa,AL,False,33.20984,-87.56917,2026-09-19T19:00Z,OPEN_METEO_FORECAST,FORECAST,101.4,105.9,28,17,0.0,0.0,0.0,3,1005.3,4.9,43,5.6
OPEN_METEO-FORECAST-401858457-20260917T215303Z,2026-09-17T14:53:03.081491-07:00,NCAA_Football,NCAA_Football,401858457,2026-09-19T19:30:00+00:00,SHI Stadium,Piscataway,NJ,False,40.49927,-74.39904,2026-09-19T19:00Z,OPEN_METEO_FORECAST,FORECAST,70.2,66.5,41,0,0.0,0.0,0.0,3,1017.5,6.8,113,6.3
OPEN_METEO-FORECAST-401858230-20260917T215303Z,2026-09-17T14:53:03.081491-07:00,NCAA_Football,NCAA_Football,401858230,2026-09-19T19:30:00+00:00,L&N Federal Credit Union Stadium,Louisville,KY,False,38.25424,-85.75941,2026-09-19T19:00Z,OPEN_METEO_FORECAST,FORECAST,92.7,102.7,47,11,0.0,0.0,0.0,0,997.7,0.2,90,2.7
OPEN_METEO-FORECAST-401856801-20260917T215303Z,2026-09-17T14:53:03.081491-07:00,NCAA_Football,NCAA_Football,401856801,2026-09-19T19:30:00+00:00,Rice-Eccles Stadium,Salt Lake City,UT,False,40.76078,-111.89105,2026-09-19T19:00Z,OPEN_METEO_FORECAST,FORECAST,72.1,66.8,31,22,0.004,0.0,0.0,51,872.6,8.1,323,11.6
OPEN_METEO-FORECAST-401858450-20260917T215303Z,2026-09-17T14:53:03.081491-07:00,NCAA_Football,NCAA_Football,401858450,2026-09-19T19:30:00+00:00,Michigan Stadium,Ann Arbor,MI,False,42.27756,-83.74088,2026-09-19T19:00Z,OPEN_METEO_FORECAST,FORECAST,58.1,56.9,88,70,0.0,0.0,0.0,3,986.4,6.3,98,16.1
OPEN_METEO-FORECAST-401856797-20260917T215303Z,2026-09-17T14:53:03.081491-07:00,NCAA_Football,NCAA_Football,401856797,2026-09-19T19:30:00+00:00,TQL Stadium,Cincinnati,OH,False,39.12711,-84.51439,2026-09-19T19:00Z,OPEN_METEO_FORECAST,FORECAST,86.5,92.6,47,17,0.0,0.0,0.0,0,985.4,2.2,53,2.5
OPEN_METEO-FORECAST-401858233-20260917T215303Z,2026-09-17T14:53:03.081491-07:00,NCAA_Football,NCAA_Football,401858233,2026-09-19T19:30:00+00:00,California Memorial Stadium,Berkeley,CA,False,37.87159,-122.27275,2026-09-19T19:00Z,OPEN_METEO_FORECAST,FORECAST,74.4,75.8,48,0,0.0,0.0,0.0,0,1008.2,4.5,270,3.1
OPEN_METEO-FORECAST-401860890-20260917T215303Z,2026-09-17T14:53:03.081491-07:00,NCAA_Football,NCAA_Football,401860890,2026-09-19T19:30:00+00:00,Martin Stadium,Pullman,WA,False,46.73127,-117.17962,2026-09-19T19:00Z,OPEN_METEO_FORECAST,FORECAST,72.1,68.9,34,0,0.0,0.0,0.0,0,935.1,6.1,276,5.1
OPEN_METEO-FORECAST-401866424-20260917T215303Z,2026-09-17T14:53:03.081491-07:00,NCAA_Football,NCAA_Football,401866424,2026-09-19T19:30:00+00:00,Warren McGuirk Alumni Stadium,Amherst,MA,False,42.97839,-78.79976,2026-09-19T19:00Z,OPEN_METEO_FORECAST,FORECAST,69.7,64.9,31,5,0.0,0.0,0.0,3,999.1,6.9,90,7.8
OPEN_METEO-FORECAST-401858449-20260917T215303Z,2026-09-17T14:53:03.081491-07:00,NCAA_Football,NCAA_Football,401858449,2026-09-19T20:00:00+00:00,"Memorial Stadium (Bloomington, IN)",Bloomington,IN,False,39.16533,-86.52639,2026-09-19T20:00Z,OPEN_METEO_FORECAST,FORECAST,89.6,96.4,49,15,0.0,0.0,0.0,0,986.8,3.0,132,5.1
OPEN_METEO-FORECAST-401858471-20260917T215303Z,2026-09-17T14:53:03.081491-07:00,NCAA_Football,NCAA_Football,401858471,2026-09-19T20:00:00+00:00,Kinnick Stadium,Iowa City,IA,False,41.66113,-91.53017,2026-09-19T20:00Z,OPEN_METEO_FORECAST,FORECAST,74.9,78.7,90,33,0.008,0.0,0.0,51,986.9,12.1,146,17.4
OPEN_METEO-FORECAST-401858231-20260917T215303Z,2026-09-17T14:53:03.081491-07:00,NCAA_Football,NCAA_Football,401858231,2026-09-19T20:00:00+00:00,Wallace Wade Stadium,Durham,NC,False,35.99403,-78.89862,2026-09-19T20:00Z,OPEN_METEO_FORECAST,FORECAST,83.1,86.2,60,17,0.004,0.0,0.0,51,1001.8,8.9,56,8.1
OPEN_METEO-FORECAST-401866422-20260917T215303Z,2026-09-17T14:53:03.081491-07:00,NCAA_Football,NCAA_Football,401866422,2026-09-19T20:00:00+00:00,Williams Stadium (VA),Lynchburg,VA,False,37.41375,-79.14225,2026-09-19T20:00Z,OPEN_METEO_FORECAST,FORECAST,80.7,84.4,56,9,0.0,0.0,0.0,1,993.9,4.8,101,4.3
OPEN_METEO-FORECAST-401867804-20260917T215303Z,2026-09-17T14:53:03.081491-07:00,NCAA_Football,NCAA_Football,401867804,2026-09-19T20:00:00+00:00,McLane Stadium,Waco,TX,False,31.54933,-97.14667,2026-09-19T20:00Z,OPEN_METEO_FORECAST,FORECAST,98.7,98.8,23,0,0.0,0.0,0.0,0,994.9,9.6,155,9.8
OPEN_METEO-FORECAST-401856691-20260917T215303Z,2026-09-17T14:53:03.081491-07:00,NCAA_Football,NCAA_Football,401856691,2026-09-19T20:15:00+00:00,Williams-Brice Stadium,Columbia,SC,False,34.00071,-81.03481,2026-09-19T20:00Z,OPEN_METEO_FORECAST,FORECAST,89.4,94.5,49,64,0.004,0.0,0.0,51,1003.8,4.3,3,6.7
OPEN_METEO-FORECAST-401868317-20260917T215303Z,2026-09-17T14:53:03.081491-07:00,NCAA_Football,NCAA_Football,401868317,2026-09-19T20:30:00+00:00,Malone Stadium,Monroe,LA,False,32.50931,-92.1193,2026-09-19T20:00Z,OPEN_METEO_FORECAST,FORECAST,102.2,106.4,24,1,0.0,0.0,0.0,0,1010.0,3.2,192,5.6
OPEN_METEO-FORECAST-401862710-20260917T215303Z,2026-09-17T14:53:03.081491-07:00,NCAA_Football,NCAA_Football,401862710,2026-09-19T22:00:00+00:00,S.B. Ballard Stadium,Norfolk,VA,False,36.84681,-76.28522,2026-09-19T22:00Z,OPEN_METEO_FORECAST,FORECAST,77.4,79.1,65,2,0.0,0.0,0.0,3,1017.1,8.9,72,8.9
OPEN_METEO-FORECAST-401862771-20260917T215303Z,2026-09-17T14:53:03.081491-07:00,NCAA_Football,NCAA_Football,401862771,2026-09-19T22:00:00+00:00,Flagler Credit Union Stadium,Boca Raton,FL,False,26.35869,-80.0831,2026-09-19T22:00Z,OPEN_METEO_FORECAST,FORECAST,86.0,90.0,60,61,0.0,0.0,0.0,3,1011.4,10.2,82,8.7
OPEN_METEO-FORECAST-401864574-20260917T215303Z,2026-09-17T14:53:03.081491-07:00,NCAA_Football,NCAA_Football,401864574,2026-09-19T22:00:00+00:00,Kidd Brewer Stadium,Boone,NC,False,36.21679,-81.67455,2026-09-19T22:00Z,OPEN_METEO_FORECAST,FORECAST,69.1,74.4,95,49,0.051,0.0,0.0,95,905.9,3.4,127,5.4
OPEN_METEO-FORECAST-401871047-20260917T215303Z,2026-09-17T14:53:03.081491-07:00,NCAA_Football,NCAA_Football,401871047,2026-09-19T22:30:00+00:00,Robert W. Plaster Stadium,Springfield,MO,False,37.21533,-93.29824,2026-09-19T22:00Z,OPEN_METEO_FORECAST,FORECAST,98.8,94.8,20,0,0.0,0.0,0.0,0,965.4,10.1,202,11.0
OPEN_METEO-FORECAST-401856689-20260917T215303Z,2026-09-17T14:53:03.081491-07:00,NCAA_Football,NCAA_Football,401856689,2026-09-19T23:00:00+00:00,Memorial Stadium,Columbia,MO,False,34.00071,-81.03481,2026-09-19T23:00Z,OPEN_METEO_FORECAST,FORECAST,84.9,89.9,60,64,0.0,0.0,0.0,3,1003.7,6.6,78,12.1
OPEN_METEO-FORECAST-401856687-20260917T215303Z,2026-09-17T14:53:03.081491-07:00,NCAA_Football,NCAA_Football,401856687,2026-09-19T23:00:00+00:00,Jordan-Hare Stadium,Auburn,AL,False,42.93173,-76.56605,2026-09-19T23:00Z,OPEN_METEO_FORECAST,FORECAST,55.0,52.6,66,0,0.0,0.0,0.0,2,995.6,1.9,45,2.0
OPEN_METEO-FORECAST-401856800-20260917T215303Z,2026-09-17T14:53:03.081491-07:00,NCAA_Football,NCAA_Football,401856800,2026-09-19T23:00:00+00:00,Acrisure Bounce House,Orlando,FL,False,28.53834,-81.37924,2026-09-19T23:00Z,OPEN_METEO_FORECAST,FORECAST,80.9,86.3,71,50,0.102,0.0,0.0,95,1008.6,6.9,61,10.1
OPEN_METEO-FORECAST-401856803-20260917T215303Z,2026-09-17T14:53:03.081491-07:00,NCAA_Football,NCAA_Football,401856803,2026-09-19T23:00:00+00:00,Boone Pickens Stadium,Stillwater,OK,False,36.11561,-97.05837,2026-09-19T23:00Z,OPEN_METEO_FORECAST,FORECAST,101.4,95.9,22,2,0.0,0.0,0.0,0,974.7,17.1,185,19.5
OPEN_METEO-FORECAST-401861963-20260917T215303Z,2026-09-17T14:53:03.081491-07:00,NCAA_Football,NCAA_Football,401861963,2026-09-19T23:00:00+00:00,M. M. Roberts Stadium,Hattiesburg,MS,False,31.32712,-89.29034,2026-09-19T23:00Z,OPEN_METEO_FORECAST,FORECAST,91.8,95.6,43,1,0.0,0.0,0.0,1,1005.9,5.1,285,6.7
OPEN_METEO-FORECAST-401862772-20260917T215303Z,2026-09-17T14:53:03.081491-07:00,NCAA_Football,NCAA_Football,401862772,2026-09-19T23:00:00+00:00,Simmons Bank Liberty Stadium,Memphis,TN,False,35.14953,-90.04898,2026-09-19T23:00Z,OPEN_METEO_FORECAST,FORECAST,101.4,101.0,20,0,0.0,0.0,0.0,0,1000.9,2.9,176,4.0
OPEN_METEO-FORECAST-401862773-20260917T215303Z,2026-09-17T14:53:03.081491-07:00,NCAA_Football,NCAA_Football,401862773,2026-09-19T23:00:00+00:00,Rice Stadium,Houston,TX,False,29.76328,-95.36327,2026-09-19T23:00Z,OPEN_METEO_FORECAST,FORECAST,91.6,92.5,42,1,0.0,0.0,0.0,0,1010.7,11.1,124,11.2
OPEN_METEO-FORECAST-401862777-20260917T215303Z,2026-09-17T14:53:03.081491-07:00,NCAA_Football,NCAA_Football,401862777,2026-09-19T23:00:00+00:00,Raymond James Stadium,Tampa,FL,False,27.94752,-82.45843,2026-09-19T23:00Z,OPEN_METEO_FORECAST,FORECAST,88.3,91.6,47,52,0.0,0.0,0.0,2,1010.9,5.7,349,9.2
OPEN_METEO-FORECAST-401864443-20260917T215303Z,2026-09-17T14:53:03.081491-07:00,NCAA_Football,NCAA_Football,401864443,2026-09-19T23:00:00+00:00,"Johnny ""Red"" Floyd Stadium",Murfreesboro,TN,False,35.84562,-86.39027,2026-09-19T23:00Z,OPEN_METEO_FORECAST,FORECAST,88.2,93.4,48,11,0.0,0.0,0.0,3,990.4,1.8,270,4.0
OPEN_METEO-FORECAST-401866423-20260917T215303Z,2026-09-17T14:53:03.081491-07:00,NCAA_Football,NCAA_Football,401866423,2026-09-19T23:00:00+00:00,Hancock Whitney Stadium,Mobile,AL,False,30.69436,-88.04305,2026-09-19T23:00Z,OPEN_METEO_FORECAST,FORECAST,90.0,93.1,48,6,0.0,0.0,0.0,2,1012.2,8.7,193,11.2
OPEN_METEO-FORECAST-401869948-20260917T215303Z,2026-09-17T14:53:03.081491-07:00,NCAA_Football,NCAA_Football,401869948,2026-09-19T23:00:00+00:00,AmFirst Stadium,Jacksonville,AL,False,30.33218,-81.65565,2026-09-19T23:00Z,OPEN_METEO_FORECAST,FORECAST,85.1,87.0,53,9,0.0,0.0,0.0,0,1013.0,9.7,83,11.0
OPEN_METEO-FORECAST-401870764-20260917T215303Z,2026-09-17T14:53:03.081491-07:00,NCAA_Football,NCAA_Football,401870764,2026-09-19T23:00:00+00:00,Elliott T. Bowers Stadium,Huntsville,TX,False,34.7304,-86.58594,2026-09-19T23:00Z,OPEN_METEO_FORECAST,FORECAST,91.5,93.5,40,6,0.0,0.0,0.0,0,990.1,7.0,37,7.4
OPEN_METEO-FORECAST-401858452-20260917T215303Z,2026-09-17T14:53:03.081491-07:00,NCAA_Football,NCAA_Football,401858452,2026-09-19T23:15:00+00:00,"Memorial Stadium (Lincoln, NE)",Lincoln,NE,False,40.8,-96.66696,2026-09-19T23:00Z,OPEN_METEO_FORECAST,FORECAST,79.1,77.9,70,27,0.0,0.0,0.0,2,964.2,19.8,13,20.6
OPEN_METEO-FORECAST-401858459-20260917T215303Z,2026-09-17T14:53:03.081491-07:00,NCAA_Football,NCAA_Football,401858459,2026-09-19T23:15:00+00:00,Husky Stadium,Seattle,WA,False,47.60621,-122.33207,2026-09-19T23:00Z,OPEN_METEO_FORECAST,FORECAST,75.7,73.0,38,0,0.0,0.0,0.0,3,1009.5,5.3,348,2.5
OPEN_METEO-FORECAST-401858453-20260917T215303Z,2026-09-17T14:53:03.081491-07:00,NCAA_Football,NCAA_Football,401858453,2026-09-19T23:30:00+00:00,Notre Dame Stadium,Notre Dame,IN,False,41.70019,-86.23793,2026-09-19T23:00Z,OPEN_METEO_FORECAST,FORECAST,64.6,65.1,91,82,0.0,0.0,0.0,3,988.3,8.9,135,18.3
OPEN_METEO-FORECAST-401856688-20260917T215303Z,2026-09-17T14:53:03.081491-07:00,NCAA_Football,NCAA_Football,401856688,2026-09-19T23:30:00+00:00,Vaught-Hemingway Stadium,Oxford,MS,False,34.3665,-89.51925,2026-09-19T23:00Z,OPEN_METEO_FORECAST,FORECAST,94.7,97.5,34,0,0.0,0.0,0.0,0,993.6,3.2,155,2.7
OPEN_METEO-FORECAST-401856795-20260917T215303Z,2026-09-17T14:53:03.081491-07:00,NCAA_Football,NCAA_Football,401856795,2026-09-19T23:30:00+00:00,Canvas Stadium,Fort Collins,CO,False,40.58526,-105.08442,2026-09-19T23:00Z,OPEN_METEO_FORECAST,FORECAST,71.0,67.5,45,81,0.0,0.0,0.0,0,846.4,7.6,90,9.4
OPEN_METEO-FORECAST-401856690-20260917T215303Z,2026-09-17T14:53:03.081491-07:00,NCAA_Football,NCAA_Football,401856690,2026-09-19T23:30:00+00:00,"Memorial Stadium (Norman, OK)",Norman,OK,False,35.22257,-97.43948,2026-09-19T23:00Z,OPEN_METEO_FORECAST,FORECAST,100.6,94.6,21,0,0.0,0.0,0.0,1,967.1,16.8,179,15.2
OPEN_METEO-FORECAST-401856802-20260917T215303Z,2026-09-17T14:53:03.081491-07:00,NCAA_Football,NCAA_Football,401856802,2026-09-19T23:30:00+00:00,Bank of America Stadium,Charlotte,NC,False,35.22709,-80.84313,2026-09-19T23:00Z,OPEN_METEO_FORECAST,FORECAST,78.2,84.4,77,37,0.031,0.0,0.0,53,986.1,4.9,43,9.8
OPEN_METEO-FORECAST-401856796-20260917T215303Z,2026-09-17T14:53:03.081491-07:00,NCAA_Football,NCAA_Football,401856796,2026-09-19T23:30:00+00:00,Northwestern Medicine Field at Martin Stadium,Evanston,IL,False,41.26828,-110.96324,2026-09-19T23:00Z,OPEN_METEO_FORECAST,FORECAST,59.7,49.3,36,36,0.0,0.0,0.0,0,797.4,15.8,278,19.7
OPEN_METEO-FORECAST-401858232-20260917T215303Z,2026-09-17T14:53:03.081491-07:00,NCAA_Football,NCAA_Football,401858232,2026-09-19T23:30:00+00:00,SECU Stadium,College Park,MD,False,38.98067,-76.93692,2026-09-19T23:00Z,OPEN_METEO_FORECAST,FORECAST,73.8,74.4,67,16,0.0,0.0,0.0,3,1015.9,8.6,97,15.0
OPEN_METEO-FORECAST-401856692-20260917T215303Z,2026-09-17T14:53:03.081491-07:00,NCAA_Football,NCAA_Football,401856692,2026-09-19T23:45:00+00:00,Neyland Stadium,Knoxville,TN,False,35.96064,-83.92074,2026-09-19T23:00Z,OPEN_METEO_FORECAST,FORECAST,74.9,77.1,81,17,0.012,0.0,0.0,51,981.7,12.4,305,20.1
OPEN_METEO-FORECAST-401816992-20260917T215303Z,2026-09-17T14:53:03.081491-07:00,MLB,MLB,401816992,2026-09-19T00:10:00+00:00,Coors Field,Denver,Colorado,False,39.73915,-104.9847,2026-09-19T00:00Z,OPEN_METEO_FORECAST,FORECAST,73.7,70.1,39,30,0.0,0.0,0.0,3,842.0,6.8,352,11.4
OPEN_METEO-FORECAST-401816991-20260917T215303Z,2026-09-17T14:53:03.081491-07:00,MLB,MLB,401816991,2026-09-19T00:15:00+00:00,Busch Stadium,St. Louis,Missouri,False,38.62727,-90.19789,2026-09-19T00:00Z,OPEN_METEO_FORECAST,FORECAST,81.0,87.9,74,10,0.0,0.0,0.0,2,999.6,5.3,78,7.6
OPEN_METEO-FORECAST-401816994-20260917T215303Z,2026-09-17T14:53:03.081491-07:00,MLB,MLB,401816994,2026-09-19T01:38:00+00:00,Angel Stadium,Anaheim,California,False,33.83529,-117.9145,2026-09-19T02:00Z,OPEN_METEO_FORECAST,FORECAST,72.7,73.5,63,0,0.0,0.0,0.0,0,1009.6,5.6,236,8.3
OPEN_METEO-FORECAST-401816993-20260917T215303Z,2026-09-17T14:53:03.081491-07:00,MLB,MLB,401816993,2026-09-19T01:40:00+00:00,Petco Park,San Diego,California,False,32.71571,-117.16472,2026-09-19T02:00Z,OPEN_METEO_FORECAST,FORECAST,68.4,69.3,75,0,0.0,0.0,0.0,0,1014.6,5.9,317,10.1
OPEN_METEO-FORECAST-401816996-20260917T215303Z,2026-09-17T14:53:03.081491-07:00,MLB,MLB,401816996,2026-09-19T02:10:00+00:00,Dodger Stadium,Los Angeles,California,False,34.05223,-118.24368,2026-09-19T02:00Z,OPEN_METEO_FORECAST,FORECAST,69.1,69.7,72,0,0.0,0.0,0.0,0,1004.2,6.4,260,9.6
OPEN_METEO-FORECAST-401817001-20260917T215303Z,2026-09-17T14:53:03.081491-07:00,MLB,MLB,401817001,2026-09-19T20:05:00+00:00,Oriole Park at Camden Yards,Baltimore,Maryland,False,39.29038,-76.61219,2026-09-19T20:00Z,OPEN_METEO_FORECAST,FORECAST,76.0,75.8,51,11,0.0,0.0,0.0,3,1015.6,5.5,102,8.5
OPEN_METEO-FORECAST-401817002-20260917T215303Z,2026-09-17T14:53:03.081491-07:00,MLB,MLB,401817002,2026-09-19T20:10:00+00:00,Citi Field,Queens,New York,False,40.68149,-73.83652,2026-09-19T20:00Z,OPEN_METEO_FORECAST,FORECAST,71.2,67.2,43,0,0.0,0.0,0.0,3,1020.0,7.9,137,5.4
OPEN_METEO-FORECAST-401816997-20260917T215303Z,2026-09-17T14:53:03.081491-07:00,MLB,MLB,401816997,2026-09-19T22:10:00+00:00,Progressive Field,Cleveland,Ohio,False,41.4995,-81.69541,2026-09-19T22:00Z,OPEN_METEO_FORECAST,FORECAST,68.2,67.4,63,19,0.0,0.0,0.0,3,993.8,5.8,92,9.8
OPEN_METEO-FORECAST-401816999-20260917T215303Z,2026-09-17T14:53:03.081491-07:00,MLB,MLB,401816999,2026-09-19T22:40:00+00:00,Great American Ball Park,Cincinnati,Ohio,False,39.12711,-84.51439,2026-09-19T23:00Z,OPEN_METEO_FORECAST,FORECAST,76.4,81.1,74,17,0.008,0.0,0.0,51,983.5,4.6,14,9.2
OPEN_METEO-FORECAST-401817000-20260917T215303Z,2026-09-17T14:53:03.081491-07:00,MLB,MLB,401817000,2026-09-19T22:40:00+00:00,PNC Park,Pittsburgh,Pennsylvania,False,40.44062,-79.99589,2026-09-19T23:00Z,OPEN_METEO_FORECAST,FORECAST,71.2,73.3,72,6,0.0,0.0,0.0,3,988.9,4.8,41,12.8
OPEN_METEO-FORECAST-401817004-20260917T215303Z,2026-09-17T14:53:03.081491-07:00,MLB,MLB,401817004,2026-09-19T23:10:00+00:00,Rate Field,Chicago,Illinois,False,41.85003,-87.65005,2026-09-19T23:00Z,OPEN_METEO_FORECAST,FORECAST,64.0,65.9,96,85,0.012,0.012,0.0,51,992.8,6.3,174,19.9
OPEN_METEO-FORECAST-401817006-20260917T215303Z,2026-09-17T14:53:03.081491-07:00,MLB,MLB,401817006,2026-09-19T23:15:00+00:00,Busch Stadium,St. Louis,Missouri,False,38.62727,-90.19789,2026-09-19T23:00Z,OPEN_METEO_FORECAST,FORECAST,96.8,97.6,27,2,0.0,0.0,0.0,2,994.6,3.6,281,6.5
OPEN_METEO-FORECAST-401817040-20260917T215303Z,2026-09-17T14:53:03.081491-07:00,MLB,MLB,401817040,2026-09-23T00:40:00+00:00,Coors Field,Denver,Colorado,False,39.73915,-104.9847,2026-09-23T01:00Z,OPEN_METEO_FORECAST,FORECAST,71.2,68.3,36,32,0.0,0.0,0.0,1,838.8,2.6,211,1.6
OPEN_METEO-FORECAST-401817041-20260917T215303Z,2026-09-17T14:53:03.081491-07:00,MLB,MLB,401817041,2026-09-23T01:40:00+00:00,Sutter Health Park,Sacramento,California,False,38.58157,-121.4944,2026-09-23T02:00Z,OPEN_METEO_FORECAST,FORECAST,81.9,78.8,33,0,0.0,0.0,0.0,0,1004.8,7.2,185,13.2
OPEN_METEO-FORECAST-401817043-20260917T215303Z,2026-09-17T14:53:03.081491-07:00,MLB,MLB,401817043,2026-09-23T01:45:00+00:00,Oracle Park,San Francisco,California,False,37.77493,-122.41942,2026-09-23T02:00Z,OPEN_METEO_FORECAST,FORECAST,63.4,62.2,75,0,0.0,0.0,0.0,0,1008.2,6.7,266,6.7
OPEN_METEO-FORECAST-401817044-20260917T215303Z,2026-09-17T14:53:03.081491-07:00,MLB,MLB,401817044,2026-09-23T02:10:00+00:00,Dodger Stadium,Los Angeles,California,False,34.05223,-118.24368,2026-09-23T02:00Z,OPEN_METEO_FORECAST,FORECAST,74.0,74.9,65,0,0.0,0.0,0.0,0,997.8,7.3,225,6.0
OPEN_METEO-FORECAST-401817051-20260917T215303Z,2026-09-17T14:53:03.081491-07:00,MLB,MLB,401817051,2026-09-23T17:10:00+00:00,Comerica Park,Detroit,Michigan,False,42.33143,-83.04575,2026-09-23T17:00Z,OPEN_METEO_FORECAST,FORECAST,61.7,61.3,90,23,0.0,0.0,0.0,3,1000.2,7.6,93,14.1
OPEN_METEO-FORECAST-401817058-20260917T215303Z,2026-09-17T14:53:03.081491-07:00,MLB,MLB,401817058,2026-09-23T19:45:00+00:00,Oracle Park,San Francisco,California,False,37.77493,-122.41942,2026-09-23T20:00Z,OPEN_METEO_FORECAST,FORECAST,71.4,71.5,48,0,0.0,0.0,0.0,3,1008.9,5.8,274,5.6
OPEN_METEO-FORECAST-401817050-20260917T215303Z,2026-09-17T14:53:03.081491-07:00,MLB,MLB,401817050,2026-09-23T22:35:00+00:00,Oriole Park at Camden Yards,Baltimore,Maryland,False,39.29038,-76.61219,2026-09-23T23:00Z,OPEN_METEO_FORECAST,FORECAST,64.5,61.2,62,29,0.0,0.0,0.0,3,1022.4,8.6,75,17.4
OPEN_METEO-FORECAST-401817047-20260917T215303Z,2026-09-17T14:53:03.081491-07:00,MLB,MLB,401817047,2026-09-23T22:40:00+00:00,Citizens Bank Park,Philadelphia,Pennsylvania,False,39.95238,-75.16362,2026-09-23T23:00Z,OPEN_METEO_FORECAST,FORECAST,63.5,58.4,58,23,0.0,0.0,0.0,2,1024.8,11.1,76,19.2
OPEN_METEO-FORECAST-401817048-20260917T215303Z,2026-09-17T14:53:03.081491-07:00,MLB,MLB,401817048,2026-09-23T22:40:00+00:00,PNC Park,Pittsburgh,Pennsylvania,False,40.44062,-79.99589,2026-09-23T23:00Z,OPEN_METEO_FORECAST,FORECAST,57.1,54.6,92,37,0.0,0.0,0.0,3,995.0,9.6,106,25.7
OPEN_METEO-FORECAST-401817046-20260917T215303Z,2026-09-17T14:53:03.081491-07:00,MLB,MLB,401817046,2026-09-23T23:00:00+00:00,Fenway Park,Boston,Massachusetts,False,42.35843,-71.05977,2026-09-23T23:00Z,OPEN_METEO_FORECAST,FORECAST,56.1,47.8,64,12,0.0,0.0,0.0,3,1028.6,16.1,56,19.2
OPEN_METEO-FORECAST-401817049-20260917T215303Z,2026-09-17T14:53:03.081491-07:00,MLB,MLB,401817049,2026-09-23T23:05:00+00:00,Yankee Stadium,Bronx,New York,False,40.93815,-73.83208,2026-09-23T23:00Z,OPEN_METEO_FORECAST,FORECAST,62.7,56.2,54,21,0.0,0.0,0.0,1,1023.8,12.9,76,19.7
OPEN_METEO-FORECAST-401817045-20260917T215303Z,2026-09-17T14:53:03.081491-07:00,MLB,MLB,401817045,2026-09-23T23:15:00+00:00,Truist Park,Atlanta,Georgia,False,33.749,-84.38798,2026-09-23T23:00Z,OPEN_METEO_FORECAST,FORECAST,75.6,78.4,70,12,0.0,0.0,0.0,3,982.2,6.5,90,9.8
OPEN_METEO-FORECAST-401817052-20260917T215303Z,2026-09-17T14:53:03.081491-07:00,MLB,MLB,401817052,2026-09-23T23:40:00+00:00,Kauffman Stadium,Kansas City,Missouri,False,39.09973,-94.57857,2026-09-23T23:00Z,OPEN_METEO_FORECAST,FORECAST,74.0,73.2,53,3,0.0,0.0,0.0,1,988.1,6.2,69,11.6
OPEN_METEO-FORECAST-401817053-20260917T215303Z,2026-09-17T14:53:03.081491-07:00,MLB,MLB,401817053,2026-09-23T23:40:00+00:00,Wrigley Field,Chicago,Illinois,False,41.85003,-87.65005,2026-09-23T23:00Z,OPEN_METEO_FORECAST,FORECAST,63.3,60.7,71,3,0.0,0.0,0.0,3,1002.3,8.7,13,11.2
OPEN_METEO-FORECAST-401872948-20260917T235231Z,2026-09-17T16:52:31.964947-07:00,NFL,NFL,401872948,2026-09-25T00:15:00+00:00,Lambeau Field,Green Bay,WI,False,44.51916,-88.01983,2026-09-25T00:00Z,OPEN_METEO_FORECAST,FORECAST,55.0,52.6,69,4,0.0,0.0,0.0,0,1004.2,2.7,114,6.7
OPEN_METEO-FORECAST-401817070-20260917T235231Z,2026-09-17T16:52:31.964947-07:00,MLB,MLB,401817070,2026-09-25T01:40:00+00:00,Sutter Health Park,Sacramento,California,False,38.58157,-121.4944,2026-09-25T02:00Z,OPEN_METEO_FORECAST,FORECAST,86.2,79.5,17,0,0.0,0.0,0.0,3,1006.1,8.4,212,15.2
OPEN_METEO-FORECAST-401817071-20260917T235231Z,2026-09-17T16:52:31.964947-07:00,MLB,MLB,401817071,2026-09-25T02:10:00+00:00,Dodger Stadium,Los Angeles,California,False,34.05223,-118.24368,2026-09-25T02:00Z,OPEN_METEO_FORECAST,FORECAST,74.3,75.3,65,2,0.0,0.0,0.0,2,1000.6,7.4,237,5.8
OPEN_METEO-FORECAST-401872945-20260917T235231Z,2026-09-17T16:52:31.964947-07:00,NFL,NFL,401872945,2026-09-21T00:20:00+00:00,Arrowhead Stadium,Kansas City,MO,False,39.09973,-94.57857,2026-09-21T00:00Z,OPEN_METEO_FORECAST,FORECAST,75.2,77.2,75,38,0.0,0.0,0.0,3,978.8,10.4,353,14.1
OPEN_METEO-FORECAST-401817027-20260917T235231Z,2026-09-17T16:52:31.964947-07:00,MLB,MLB,401817027,2026-09-21T22:35:00+00:00,Oriole Park at Camden Yards,Baltimore,Maryland,False,39.29038,-76.61219,2026-09-21T23:00Z,OPEN_METEO_FORECAST,FORECAST,66.8,67.0,82,40,0.004,0.0,0.0,51,1014.2,8.6,37,12.3
OPEN_METEO-FORECAST-401817028-20260917T235231Z,2026-09-17T16:52:31.964947-07:00,MLB,MLB,401817028,2026-09-21T22:40:00+00:00,Comerica Park,Detroit,Michigan,False,42.33143,-83.04575,2026-09-21T23:00Z,OPEN_METEO_FORECAST,FORECAST,63.1,57.3,56,27,0.0,0.0,0.0,3,997.2,12.0,76,27.5
OPEN_METEO-FORECAST-401858225-20260917T235231Z,2026-09-17T16:52:31.964947-07:00,NCAA_Football,NCAA_Football,401858225,2026-09-17T23:30:00+00:00,Acrisure Stadium,Pittsburgh,PA,False,40.44062,-79.99589,2026-09-17T23:00Z,OPEN_METEO_FORECAST,FORECAST,79.0,86.6,82,10,0.0,0.0,0.0,2,992.3,4.8,248,12.3
OPEN_METEO-FORECAST-401816975-20260917T235231Z,2026-09-17T16:52:31.964947-07:00,MLB,MLB,401816975,2026-09-17T16:35:00+00:00,PNC Park,Pittsburgh,Pennsylvania,False,40.44062,-79.99589,2026-09-17T17:00Z,OPEN_METEO_FORECAST,FORECAST,80.1,87.9,85,12,0.0,0.0,0.0,3,995.3,7.3,243,12.1
OPEN_METEO-FORECAST-401816974-20260917T235231Z,2026-09-17T16:52:31.964947-07:00,MLB,MLB,401816974,2026-09-17T16:40:00+00:00,Great American Ball Park,Cincinnati,Ohio,False,39.12711,-84.51439,2026-09-17T17:00Z,OPEN_METEO_FORECAST,FORECAST,89.5,97.3,57,0,0.0,0.0,0.0,0,993.0,7.9,278,15.7
OPEN_METEO-FORECAST-401816980-20260917T235231Z,2026-09-17T16:52:31.964947-07:00,MLB,MLB,401816980,2026-09-17T19:10:00+00:00,Coors Field,Denver,Colorado,False,39.73915,-104.9847,2026-09-17T19:00Z,OPEN_METEO_FORECAST,FORECAST,77.0,80.8,56,9,0.0,0.0,0.0,2,844.6,5.5,297,5.6
OPEN_METEO-FORECAST-401816976-20260917T235231Z,2026-09-17T16:52:31.964947-07:00,MLB,MLB,401816976,2026-09-17T23:15:00+00:00,Citi Field,Queens,New York,False,40.68149,-73.83652,2026-09-17T23:00Z,OPEN_METEO_FORECAST,FORECAST,75.4,82.0,81,1,0.0,0.0,0.0,3,1018.0,2.4,146,12.3
OPEN_METEO-FORECAST-401816978-20260917T235231Z,2026-09-17T16:52:31.964947-07:00,MLB,MLB,401816978,2026-09-17T23:40:00+00:00,Rate Field,Chicago,Illinois,False,41.85003,-87.65005,2026-09-17T23:00Z,OPEN_METEO_FORECAST,FORECAST,69.0,73.6,95,12,0.098,0.098,0.0,63,1000.3,5.2,342,14.8
OPEN_METEO-FORECAST-401869941-20260917T235231Z,2026-09-17T16:52:31.964947-07:00,NCAA_Football,NCAA_Football,401869941,2026-09-24T23:30:00+00:00,Brooks Stadium (SC),Conway,SC,False,35.0887,-92.4421,2026-09-24T23:00Z,OPEN_METEO_FORECAST,FORECAST,75.5,72.4,41,1,0.0,0.0,0.0,3,1007.4,7.6,32,11.6
OPEN_METEO-FORECAST-401817063-20260917T235231Z,2026-09-17T16:52:31.964947-07:00,MLB,MLB,401817063,2026-09-24T16:35:00+00:00,PNC Park,Pittsburgh,Pennsylvania,False,40.44062,-79.99589,2026-09-24T17:00Z,OPEN_METEO_FORECAST,FORECAST,65.8,66.4,72,22,0.0,0.0,0.0,3,994.5,3.5,215,8.5
OPEN_METEO-FORECAST-401817065-20260917T235231Z,2026-09-17T16:52:31.964947-07:00,MLB,MLB,401817065,2026-09-24T18:10:00+00:00,Kauffman Stadium,Kansas City,Missouri,False,39.09973,-94.57857,2026-09-24T18:00Z,OPEN_METEO_FORECAST,FORECAST,69.1,66.2,43,21,0.0,0.0,0.0,3,991.5,4.2,54,8.1
OPEN_METEO-FORECAST-401817066-20260917T235231Z,2026-09-17T16:52:31.964947-07:00,MLB,MLB,401817066,2026-09-24T18:20:00+00:00,Wrigley Field,Chicago,Illinois,False,41.85003,-87.65005,2026-09-24T18:00Z,OPEN_METEO_FORECAST,FORECAST,59.9,57.0,85,5,0.004,0.0,0.0,51,1003.7,10.8,339,12.1
OPEN_METEO-FORECAST-401817068-20260917T235231Z,2026-09-17T16:52:31.964947-07:00,MLB,MLB,401817068,2026-09-24T19:10:00+00:00,Coors Field,Denver,Colorado,False,39.73915,-104.9847,2026-09-24T19:00Z,OPEN_METEO_FORECAST,FORECAST,78.0,75.7,25,19,0.0,0.0,0.0,1,846.4,5.2,85,4.5
OPEN_METEO-FORECAST-401817062-20260917T235231Z,2026-09-17T16:52:31.964947-07:00,MLB,MLB,401817062,2026-09-24T22:05:00+00:00,Citizens Bank Park,Philadelphia,Pennsylvania,False,39.95238,-75.16362,2026-09-24T22:00Z,OPEN_METEO_FORECAST,FORECAST,62.7,62.0,95,14,0.039,0.012,0.0,55,1021.7,10.8,66,8.5
OPEN_METEO-FORECAST-401817061-20260917T235231Z,2026-09-17T16:52:31.964947-07:00,MLB,MLB,401817061,2026-09-24T22:45:00+00:00,Fenway Park,Boston,Massachusetts,False,42.35843,-71.05977,2026-09-24T23:00Z,OPEN_METEO_FORECAST,FORECAST,59.4,54.0,81,24,0.004,0.004,0.0,51,1023.1,15.4,62,16.1
OPEN_METEO-FORECAST-401817064-20260917T235231Z,2026-09-17T16:52:31.964947-07:00,MLB,MLB,401817064,2026-09-24T23:05:00+00:00,Yankee Stadium,Bronx,New York,False,40.93815,-73.83208,2026-09-24T23:00Z,OPEN_METEO_FORECAST,FORECAST,62.3,58.2,76,16,0.0,0.0,0.0,3,1019.7,13.0,63,14.1
OPEN_METEO-FORECAST-401817060-20260917T235231Z,2026-09-17T16:52:31.964947-07:00,MLB,MLB,401817060,2026-09-24T23:15:00+00:00,Truist Park,Atlanta,Georgia,False,33.749,-84.38798,2026-09-24T23:00Z,OPEN_METEO_FORECAST,FORECAST,77.8,80.8,65,4,0.0,0.0,0.0,2,979.7,6.2,339,7.2
OPEN_METEO-FORECAST-401817055-20260917T235231Z,2026-09-17T16:52:31.964947-07:00,MLB,MLB,401817055,2026-09-24T00:40:00+00:00,Coors Field,Denver,Colorado,False,39.73915,-104.9847,2026-09-24T01:00Z,OPEN_METEO_FORECAST,FORECAST,74.1,69.6,31,21,0.0,0.0,0.0,3,843.3,5.9,108,13.9
OPEN_METEO-FORECAST-401817056-20260917T235231Z,2026-09-17T16:52:31.964947-07:00,MLB,MLB,401817056,2026-09-24T01:40:00+00:00,Sutter Health Park,Sacramento,California,False,38.58157,-121.4944,2026-09-24T02:00Z,OPEN_METEO_FORECAST,FORECAST,89.1,83.6,13,0,0.0,0.0,0.0,0,1004.8,4.1,209,7.6
OPEN_METEO-FORECAST-401817059-20260917T235231Z,2026-09-17T16:52:31.964947-07:00,MLB,MLB,401817059,2026-09-24T02:10:00+00:00,Dodger Stadium,Los Angeles,California,False,34.05223,-118.24368,2026-09-24T02:00Z,OPEN_METEO_FORECAST,FORECAST,76.9,77.6,58,1,0.0,0.0,0.0,0,998.8,7.5,219,5.1
OPEN_METEO-FORECAST-401872947-20260917T235231Z,2026-09-17T16:52:31.964947-07:00,NFL,NFL,401872947,2026-09-22T00:15:00+00:00,SoFi Stadium,Inglewood,CA,False,33.96168,-118.35313,2026-09-22T00:00Z,OPEN_METEO_FORECAST,FORECAST,73.0,71.4,61,0,0.0,0.0,0.0,0,1005.2,10.8,253,6.0
OPEN_METEO-FORECAST-401873648-20260917T235231Z,2026-09-17T16:52:31.964947-07:00,MLB,MLB,401873648,2026-09-22T17:05:00+00:00,Yankee Stadium,Bronx,New York,False,40.93815,-73.83208,2026-09-22T17:00Z,OPEN_METEO_FORECAST,FORECAST,56.1,50.0,92,32,0.142,0.138,0.0,81,1021.1,17.4,72,23.5
OPEN_METEO-FORECAST-401817035-20260917T235231Z,2026-09-17T16:52:31.964947-07:00,MLB,MLB,401817035,2026-09-22T22:35:00+00:00,Oriole Park at Camden Yards,Baltimore,Maryland,False,39.29038,-76.61219,2026-09-22T23:00Z,OPEN_METEO_FORECAST,FORECAST,61.1,59.4,91,48,0.0,0.0,0.0,3,1018.1,10.8,56,28.0
OPEN_METEO-FORECAST-401817032-20260917T235231Z,2026-09-17T16:52:31.964947-07:00,MLB,MLB,401817032,2026-09-22T22:40:00+00:00,Citizens Bank Park,Philadelphia,Pennsylvania,False,39.95238,-75.16362,2026-09-22T23:00Z,OPEN_METEO_FORECAST,FORECAST,59.6,55.0,84,41,0.0,0.0,0.0,3,1022.0,14.7,69,27.5
OPEN_METEO-FORECAST-401817033-20260917T235231Z,2026-09-17T16:52:31.964947-07:00,MLB,MLB,401817033,2026-09-22T22:40:00+00:00,PNC Park,Pittsburgh,Pennsylvania,False,40.44062,-79.99589,2026-09-22T23:00Z,OPEN_METEO_FORECAST,FORECAST,67.8,69.9,85,57,0.0,0.0,0.0,3,991.1,6.1,96,24.4
OPEN_METEO-FORECAST-401817036-20260917T235231Z,2026-09-17T16:52:31.964947-07:00,MLB,MLB,401817036,2026-09-22T22:40:00+00:00,Comerica Park,Detroit,Michigan,False,42.33143,-83.04575,2026-09-22T23:00Z,OPEN_METEO_FORECAST,FORECAST,57.1,52.5,72,15,0.0,0.0,0.0,3,998.4,9.7,38,22.4
OPEN_METEO-FORECAST-401817031-20260917T235231Z,2026-09-17T16:52:31.964947-07:00,MLB,MLB,401817031,2026-09-22T22:45:00+00:00,Fenway Park,Boston,Massachusetts,False,42.35843,-71.05977,2026-09-22T23:00Z,OPEN_METEO_FORECAST,FORECAST,52.7,44.9,87,19,0.028,0.024,0.0,53,1026.2,17.8,55,20.4
OPEN_METEO-FORECAST-401817034-20260917T235231Z,2026-09-17T16:52:31.964947-07:00,MLB,MLB,401817034,2026-09-22T23:05:00+00:00,Yankee Stadium,Bronx,New York,False,40.93815,-73.83208,2026-09-22T23:00Z,OPEN_METEO_FORECAST,FORECAST,52.8,47.0,92,31,0.008,0.008,0.0,51,1021.8,14.1,54,22.1
OPEN_METEO-FORECAST-401817030-20260917T235231Z,2026-09-17T16:52:31.964947-07:00,MLB,MLB,401817030,2026-09-22T23:15:00+00:00,Truist Park,Atlanta,Georgia,False,33.749,-84.38798,2026-09-22T23:00Z,OPEN_METEO_FORECAST,FORECAST,88.7,93.4,43,41,0.004,0.004,0.0,51,976.7,0.2,270,2.0
OPEN_METEO-FORECAST-401817037-20260917T235231Z,2026-09-17T16:52:31.964947-07:00,MLB,MLB,401817037,2026-09-22T23:40:00+00:00,Kauffman Stadium,Kansas City,Missouri,False,39.09973,-94.57857,2026-09-22T23:00Z,OPEN_METEO_FORECAST,FORECAST,64.7,62.0,68,2,0.0,0.0,0.0,3,986.7,9.2,26,10.7
OPEN_METEO-FORECAST-401817038-20260917T235231Z,2026-09-17T16:52:31.964947-07:00,MLB,MLB,401817038,2026-09-22T23:40:00+00:00,Wrigley Field,Chicago,Illinois,False,41.85003,-87.65005,2026-09-22T23:00Z,OPEN_METEO_FORECAST,FORECAST,57.7,51.0,69,26,0.0,0.0,0.0,3,1000.0,14.4,36,16.6
OPEN_METEO-FORECAST-401817029-20260917T235231Z,2026-09-17T16:52:31.964947-07:00,MLB,MLB,401817029,2026-09-22T01:45:00+00:00,Oracle Park,San Francisco,California,False,37.77493,-122.41942,2026-09-22T02:00Z,OPEN_METEO_FORECAST,FORECAST,61.8,59.4,78,0,0.0,0.0,0.0,0,1010.1,9.4,237,8.5
OPEN_METEO-FORECAST-401872932-20260917T235231Z,2026-09-17T16:52:31.964947-07:00,NFL,NFL,401872932,2026-09-18T00:15:00+00:00,Highmark Stadium,Orchard Park,NY,False,42.76756,-78.74392,2026-09-18T00:00Z,OPEN_METEO_FORECAST,FORECAST,67.2,70.4,88,1,0.0,0.0,0.0,2,989.1,3.8,90,6.5
OPEN_METEO-FORECAST-401858226-20260917T235231Z,2026-09-17T16:52:31.964947-07:00,NCAA_Football,NCAA_Football,401858226,2026-09-18T23:30:00+00:00,Allegacy Federal Credit Union Stadium,Winston-Salem,NC,False,36.09986,-80.24422,2026-09-18T23:00Z,OPEN_METEO_FORECAST,FORECAST,81.7,90.2,73,25,0.0,0.0,0.0,3,983.7,1.5,243,11.2
OPEN_METEO-FORECAST-401816984-20260917T235231Z,2026-09-17T16:52:31.964947-07:00,MLB,MLB,401816984,2026-09-18T22:40:00+00:00,Great American Ball Park,Cincinnati,Ohio,False,39.12711,-84.51439,2026-09-18T23:00Z,OPEN_METEO_FORECAST,FORECAST,76.9,79.8,75,6,0.0,0.0,0.0,0,988.3,10.1,22,16.1
OPEN_METEO-FORECAST-401816985-20260917T235231Z,2026-09-17T16:52:31.964947-07:00,MLB,MLB,401816985,2026-09-18T22:40:00+00:00,PNC Park,Pittsburgh,Pennsylvania,False,40.44062,-79.99589,2026-09-18T23:00Z,OPEN_METEO_FORECAST,FORECAST,71.2,74.1,76,0,0.0,0.0,0.0,3,991.8,4.3,360,9.8
OPEN_METEO-FORECAST-401816986-20260917T235231Z,2026-09-17T16:52:31.964947-07:00,MLB,MLB,401816986,2026-09-18T23:05:00+00:00,Oriole Park at Camden Yards,Baltimore,Maryland,False,39.29038,-76.61219,2026-09-18T23:00Z,OPEN_METEO_FORECAST,FORECAST,78.2,80.8,63,0,0.0,0.0,0.0,0,1014.6,6.4,350,13.0
OPEN_METEO-FORECAST-401816982-20260917T235231Z,2026-09-17T16:52:31.964947-07:00,MLB,MLB,401816982,2026-09-18T23:10:00+00:00,Progressive Field,Cleveland,Ohio,False,41.4995,-81.69541,2026-09-18T23:00Z,OPEN_METEO_FORECAST,FORECAST,69.4,67.1,62,0,0.0,0.0,0.0,3,998.2,9.9,18,14.8
OPEN_METEO-FORECAST-401816987-20260917T235231Z,2026-09-17T16:52:31.964947-07:00,MLB,MLB,401816987,2026-09-18T23:10:00+00:00,Citi Field,Queens,New York,False,40.68149,-73.83652,2026-09-18T23:00Z,OPEN_METEO_FORECAST,FORECAST,75.0,74.4,52,0,0.0,0.0,0.0,0,1016.3,6.0,13,14.1
OPEN_METEO-FORECAST-401816989-20260917T235231Z,2026-09-17T16:52:31.964947-07:00,MLB,MLB,401816989,2026-09-18T23:40:00+00:00,Rate Field,Chicago,Illinois,False,41.85003,-87.65005,2026-09-18T23:00Z,OPEN_METEO_FORECAST,FORECAST,65.0,64.2,78,3,0.0,0.0,0.0,3,999.9,8.1,90,16.6
OPEN_METEO-FORECAST-401816981-20260917T235231Z,2026-09-17T16:52:31.964947-07:00,MLB,MLB,401816981,2026-09-18T01:38:00+00:00,Angel Stadium,Anaheim,California,False,33.83529,-117.9145,2026-09-18T02:00Z,OPEN_METEO_FORECAST,FORECAST,73.5,73.4,59,0,0.0,0.0,0.0,0,1010.9,6.6,252,10.1
OPEN_METEO-FORECAST-401872937-20260917T235231Z,2026-09-17T16:52:31.964947-07:00,NFL,NFL,401872937,2026-09-20T17:00:00+00:00,Soldier Field,Chicago,IL,False,41.85003,-87.65005,2026-09-20T17:00Z,OPEN_METEO_FORECAST,FORECAST,64.9,65.9,96,62,0.012,0.0,0.0,51,991.0,9.4,78,9.4
OPEN_METEO-FORECAST-401872939-20260917T235231Z,2026-09-17T16:52:31.964947-07:00,NFL,NFL,401872939,2026-09-20T17:00:00+00:00,Nissan Stadium,Nashville,TN,False,36.16589,-86.78444,2026-09-20T17:00Z,OPEN_METEO_FORECAST,FORECAST,88.9,92.9,47,1,0.0,0.0,0.0,3,995.2,4.7,172,6.3
OPEN_METEO-FORECAST-401872946-20260917T235231Z,2026-09-17T16:52:31.964947-07:00,NFL,NFL,401872946,2026-09-20T17:00:00+00:00,Gillette Stadium,Foxborough,MA,False,42.06538,-71.24783,2026-09-20T17:00Z,OPEN_METEO_FORECAST,FORECAST,58.1,56.0,65,8,0.0,0.0,0.0,3,1010.0,2.9,176,9.4
OPEN_METEO-FORECAST-401872936-20260917T235231Z,2026-09-17T16:52:31.964947-07:00,NFL,NFL,401872936,2026-09-20T17:00:00+00:00,MetLife Stadium,East Rutherford,NJ,False,40.83399,-74.09709,2026-09-20T17:00Z,OPEN_METEO_FORECAST,FORECAST,61.6,61.3,86,72,0.055,0.055,0.0,61,1013.7,6.5,124,22.1
OPEN_METEO-FORECAST-401872935-20260917T235231Z,2026-09-17T16:52:31.964947-07:00,NFL,NFL,401872935,2026-09-20T17:00:00+00:00,Raymond James Stadium,Tampa,FL,False,27.94752,-82.45843,2026-09-20T17:00Z,OPEN_METEO_FORECAST,FORECAST,89.0,96.4,51,6,0.0,0.0,0.0,3,1012.0,3.3,164,4.7
OPEN_METEO-FORECAST-401872938-20260917T235231Z,2026-09-17T16:52:31.964947-07:00,NFL,NFL,401872938,2026-09-20T17:00:00+00:00,M&T Bank Stadium,Baltimore,MD,False,39.29038,-76.61219,2026-09-20T17:00Z,OPEN_METEO_FORECAST,FORECAST,74.5,77.6,76,23,0.004,0.0,0.0,51,1011.8,7.4,178,17.2
OPEN_METEO-FORECAST-401872940-20260917T235231Z,2026-09-17T16:52:31.964947-07:00,NFL,NFL,401872940,2026-09-20T20:05:00+00:00,Empower Field at Mile High,Denver,CO,False,39.73915,-104.9847,2026-09-20T20:00Z,OPEN_METEO_FORECAST,FORECAST,74.3,70.7,35,52,0.0,0.0,0.0,3,838.5,10.5,34,7.6
OPEN_METEO-FORECAST-401872941-20260917T235231Z,2026-09-17T16:52:31.964947-07:00,NFL,NFL,401872941,2026-09-20T20:05:00+00:00,SoFi Stadium,Inglewood,CA,False,33.96168,-118.35313,2026-09-20T20:00Z,OPEN_METEO_FORECAST,FORECAST,78.2,80.3,49,0,0.0,0.0,0.0,0,1007.1,8.4,189,5.8
OPEN_METEO-FORECAST-401872942-20260917T235231Z,2026-09-17T16:52:31.964947-07:00,NFL,NFL,401872942,2026-09-20T20:25:00+00:00,Levi's Stadium,Santa Clara,CA,False,37.35411,-121.95524,2026-09-20T20:00Z,OPEN_METEO_FORECAST,FORECAST,76.9,74.0,40,0,0.0,0.0,0.0,3,1010.6,7.4,357,4.5
OPEN_METEO-FORECAST-401856693-20260917T235231Z,2026-09-17T16:52:31.964947-07:00,NCAA_Football,NCAA_Football,401856693,2026-09-20T00:00:00+00:00,DKR-Texas Memorial Stadium,Austin,TX,False,30.26715,-97.74306,2026-09-20T00:00Z,OPEN_METEO_FORECAST,FORECAST,97.3,93.9,24,1,0.0,0.0,0.0,0,991.8,11.4,122,11.4
OPEN_METEO-FORECAST-401856799-20260917T235231Z,2026-09-17T16:52:31.964947-07:00,NCAA_Football,NCAA_Football,401856799,2026-09-20T00:00:00+00:00,Amon G. Carter Stadium,Fort Worth,TX,False,32.72541,-97.32085,2026-09-20T00:00Z,OPEN_METEO_FORECAST,FORECAST,97.1,93.2,21,0,0.0,0.0,0.0,0,987.0,9.7,157,11.6
OPEN_METEO-FORECAST-401862775-20260917T235231Z,2026-09-17T16:52:31.964947-07:00,NCAA_Football,NCAA_Football,401862775,2026-09-20T00:00:00+00:00,H. A. Chapman Stadium,Tulsa,OK,False,36.15398,-95.99277,2026-09-20T00:00Z,OPEN_METEO_FORECAST,FORECAST,96.6,94.0,26,0,0.0,0.0,0.0,3,982.7,10.8,174,21.0
OPEN_METEO-FORECAST-401862776-20260917T235231Z,2026-09-17T16:52:31.964947-07:00,NCAA_Football,NCAA_Football,401862776,2026-09-20T00:00:00+00:00,Our Lady of Lourdes Stadium,Lafayette,LA,False,30.22409,-92.01984,2026-09-20T00:00Z,OPEN_METEO_FORECAST,FORECAST,82.3,86.0,66,3,0.0,0.0,0.0,0,1011.1,9.8,192,12.8
OPEN_METEO-FORECAST-401860885-20260917T235231Z,2026-09-17T16:52:31.964947-07:00,NCAA_Football,NCAA_Football,401860885,2026-09-20T02:00:00+00:00,Albertsons Stadium,Boise,ID,False,43.6135,-116.20345,2026-09-20T02:00Z,OPEN_METEO_FORECAST,FORECAST,71.4,67.6,39,0,0.0,0.0,0.0,0,919.4,5.9,7,11.0
OPEN_METEO-FORECAST-401860887-20260917T235231Z,2026-09-17T16:52:31.964947-07:00,NCAA_Football,NCAA_Football,401860887,2026-09-20T02:00:00+00:00,Snapdragon Stadium,San Diego,CA,False,32.71571,-117.16472,2026-09-20T02:00Z,OPEN_METEO_FORECAST,FORECAST,72.6,74.3,69,0,0.0,0.0,0.0,0,1010.2,5.8,270,3.4
OPEN_METEO-FORECAST-401856793-20260917T235231Z,2026-09-17T16:52:31.964947-07:00,NCAA_Football,NCAA_Football,401856793,2026-09-20T02:30:00+00:00,Casino Del Sol Stadium,Tucson,AZ,False,32.22174,-110.92648,2026-09-20T02:00Z,OPEN_METEO_FORECAST,FORECAST,93.1,84.3,13,0,0.0,0.0,0.0,0,925.6,13.0,251,13.9
OPEN_METEO-FORECAST-401864507-20260917T235231Z,2026-09-17T16:52:31.964947-07:00,NCAA_Football,NCAA_Football,401864507,2026-09-20T02:30:00+00:00,Hornet Stadium,Sacramento,CA,False,38.58157,-121.4944,2026-09-20T02:00Z,OPEN_METEO_FORECAST,FORECAST,82.1,78.0,32,0,0.0,0.0,0.0,0,1007.2,9.3,201,18.8
OPEN_METEO-FORECAST-401858458-20260917T235231Z,2026-09-17T16:52:31.964947-07:00,NCAA_Football,NCAA_Football,401858458,2026-09-20T03:00:00+00:00,Rose Bowl,Pasadena,CA,False,29.69106,-95.2091,2026-09-20T03:00Z,OPEN_METEO_FORECAST,FORECAST,82.5,87.9,65,0,0.0,0.0,0.0,0,1012.3,5.6,146,14.5
OPEN_METEO-FORECAST-401860886-20260917T235231Z,2026-09-17T16:52:31.964947-07:00,NCAA_Football,NCAA_Football,401860886,2026-09-20T03:00:00+00:00,Reser Stadium,Corvallis,OR,False,33.90224,-118.08173,2026-09-20T03:00Z,OPEN_METEO_FORECAST,FORECAST,76.9,77.3,54,0,0.0,0.0,0.0,2,1008.5,6.0,243,6.0
OPEN_METEO-FORECAST-401860888-20260917T235231Z,2026-09-17T16:52:31.964947-07:00,NCAA_Football,NCAA_Football,401860888,2026-09-20T03:00:00+00:00,CEFCU Stadium,San Jose,CA,False,37.33939,-121.89496,2026-09-20T03:00Z,OPEN_METEO_FORECAST,FORECAST,72.2,70.6,51,0,0.0,0.0,0.0,0,1009.2,6.0,333,3.6
OPEN_METEO-FORECAST-401817017-20260917T235231Z,2026-09-17T16:52:31.964947-07:00,MLB,MLB,401817017,2026-09-20T17:10:00+00:00,Citi Field,Queens,New York,False,40.68149,-73.83652,2026-09-20T17:00Z,OPEN_METEO_FORECAST,FORECAST,63.4,62.1,80,58,0.059,0.059,0.0,61,1015.5,8.6,131,21.9
OPEN_METEO-FORECAST-401817015-20260917T235231Z,2026-09-17T16:52:31.964947-07:00,MLB,MLB,401817015,2026-09-20T17:35:00+00:00,PNC Park,Pittsburgh,Pennsylvania,False,40.44062,-79.99589,2026-09-20T18:00Z,OPEN_METEO_FORECAST,FORECAST,69.9,75.3,94,74,0.024,0.012,0.0,53,986.4,4.0,286,13.9
OPEN_METEO-FORECAST-401817012-20260917T235231Z,2026-09-17T16:52:31.964947-07:00,MLB,MLB,401817012,2026-09-20T17:40:00+00:00,Progressive Field,Cleveland,Ohio,False,41.4995,-81.69541,2026-09-20T18:00Z,OPEN_METEO_FORECAST,FORECAST,62.3,62.9,90,63,0.008,0.008,0.0,51,990.8,5.9,79,1.8
OPEN_METEO-FORECAST-401817014-20260917T235231Z,2026-09-17T16:52:31.964947-07:00,MLB,MLB,401817014,2026-09-20T17:40:00+00:00,Great American Ball Park,Cincinnati,Ohio,False,39.12711,-84.51439,2026-09-20T18:00Z,OPEN_METEO_FORECAST,FORECAST,75.0,79.0,74,11,0.0,0.0,0.0,3,982.3,4.7,172,21.5
OPEN_METEO-FORECAST-401817019-20260917T235231Z,2026-09-17T16:52:31.964947-07:00,MLB,MLB,401817019,2026-09-20T18:10:00+00:00,Rate Field,Chicago,Illinois,False,41.85003,-87.65005,2026-09-20T18:00Z,OPEN_METEO_FORECAST,FORECAST,64.4,65.0,97,62,0.102,0.091,0.0,81,991.2,9.8,73,12.5
OPEN_METEO-FORECAST-401817021-20260917T235231Z,2026-09-17T16:52:31.964947-07:00,MLB,MLB,401817021,2026-09-20T18:15:00+00:00,Busch Stadium,St. Louis,Missouri,False,38.62727,-90.19789,2026-09-20T18:00Z,OPEN_METEO_FORECAST,FORECAST,89.8,92.9,38,11,0.0,0.0,0.0,3,993.8,4.7,239,13.0
OPEN_METEO-FORECAST-401817022-20260917T235231Z,2026-09-17T16:52:31.964947-07:00,MLB,MLB,401817022,2026-09-20T19:10:00+00:00,Coors Field,Denver,Colorado,False,39.73915,-104.9847,2026-09-20T19:00Z,OPEN_METEO_FORECAST,FORECAST,72.7,69.1,38,52,0.0,0.0,0.0,2,838.7,11.4,23,9.4
OPEN_METEO-FORECAST-401817024-20260917T235231Z,2026-09-17T16:52:31.964947-07:00,MLB,MLB,401817024,2026-09-20T20:07:00+00:00,Angel Stadium,Anaheim,California,False,33.83529,-117.9145,2026-09-20T20:00Z,OPEN_METEO_FORECAST,FORECAST,81.4,83.5,45,0,0.0,0.0,0.0,0,1007.0,8.7,209,6.5
OPEN_METEO-FORECAST-401817023-20260917T235231Z,2026-09-17T16:52:31.964947-07:00,MLB,MLB,401817023,2026-09-20T20:10:00+00:00,Petco Park,San Diego,California,False,32.71571,-117.16472,2026-09-20T20:00Z,OPEN_METEO_FORECAST,FORECAST,75.5,78.4,60,0,0.0,0.0,0.0,0,1011.0,9.5,261,5.6
OPEN_METEO-FORECAST-401817026-20260917T235231Z,2026-09-17T16:52:31.964947-07:00,MLB,MLB,401817026,2026-09-20T20:10:00+00:00,Dodger Stadium,Los Angeles,California,False,34.05223,-118.24368,2026-09-20T20:00Z,OPEN_METEO_FORECAST,FORECAST,82.4,84.4,40,0,0.0,0.0,0.0,0,1001.5,7.2,171,5.8
OPEN_METEO-FORECAST-401817016-20260917T235231Z,2026-09-17T16:52:31.964947-07:00,MLB,MLB,401817016,2026-09-20T23:20:00+00:00,Oriole Park at Camden Yards,Baltimore,Maryland,False,39.29038,-76.61219,2026-09-20T23:00Z,OPEN_METEO_FORECAST,FORECAST,74.0,78.3,81,54,0.0,0.0,0.0,2,1008.6,5.9,155,17.9
OPEN_METEO-FORECAST-401817007-20260917T235231Z,2026-09-17T16:52:31.964947-07:00,MLB,MLB,401817007,2026-09-20T00:10:00+00:00,Coors Field,Denver,Colorado,False,39.73915,-104.9847,2026-09-20T00:00Z,OPEN_METEO_FORECAST,FORECAST,68.4,66.6,57,71,0.0,0.0,0.0,0,837.6,6.1,123,2.7
OPEN_METEO-FORECAST-401817008-20260917T235231Z,2026-09-17T16:52:31.964947-07:00,MLB,MLB,401817008,2026-09-20T00:40:00+00:00,Petco Park,San Diego,California,False,32.71571,-117.16472,2026-09-20T01:00Z,OPEN_METEO_FORECAST,FORECAST,73.9,74.8,63,0,0.0,0.0,0.0,0,1009.8,6.3,272,4.0
OPEN_METEO-FORECAST-401817011-20260917T235231Z,2026-09-17T16:52:31.964947-07:00,MLB,MLB,401817011,2026-09-20T01:10:00+00:00,Dodger Stadium,Los Angeles,California,False,34.05223,-118.24368,2026-09-20T01:00Z,OPEN_METEO_FORECAST,FORECAST,77.4,76.6,54,0,0.0,0.0,0.0,0,1000.4,9.3,240,9.4
OPEN_METEO-FORECAST-401817009-20260917T235231Z,2026-09-17T16:52:31.964947-07:00,MLB,MLB,401817009,2026-09-20T01:38:00+00:00,Angel Stadium,Anaheim,California,False,33.83529,-117.9145,2026-09-20T02:00Z,OPEN_METEO_FORECAST,FORECAST,76.2,75.9,54,0,0.0,0.0,0.0,3,1005.8,7.0,220,7.2
OPEN_METEO-FORECAST-401856811-20260917T235231Z,2026-09-17T16:52:31.964947-07:00,NCAA_Football,NCAA_Football,401856811,2026-09-19T00:00:00+00:00,Galaxy Stadium,Lubbock,TX,False,33.57786,-101.85517,2026-09-19T00:00Z,OPEN_METEO_FORECAST,FORECAST,89.1,86.2,30,1,0.0,0.0,0.0,0,909.0,9.4,180,13.0
OPEN_METEO-FORECAST-401858455-20260917T235231Z,2026-09-17T16:52:31.964947-07:00,NCAA_Football,NCAA_Football,401858455,2026-09-19T02:30:00+00:00,Autzen Stadium,Eugene,OR,False,44.05207,-123.08675,2026-09-19T02:00Z,OPEN_METEO_FORECAST,FORECAST,68.7,65.5,52,0,0.0,0.0,0.0,0,1004.1,7.8,294,13.9
OPEN_METEO-FORECAST-401869940-20260917T235231Z,2026-09-17T16:52:31.964947-07:00,NCAA_Football,NCAA_Football,401869940,2026-09-19T15:30:00+00:00,Delaware Stadium,Newark,DE,False,40.73566,-74.17237,2026-09-19T15:00Z,OPEN_METEO_FORECAST,FORECAST,63.7,59.3,48,0,0.0,0.0,0.0,3,1021.4,8.3,27,11.2
OPEN_METEO-FORECAST-401856686-20260917T235231Z,2026-09-17T16:52:31.964947-07:00,NCAA_Football,NCAA_Football,401856686,2026-09-19T16:00:00+00:00,Donald W. Reynolds Razorback Stadium,Fayetteville,AR,False,35.05266,-78.87836,2026-09-19T16:00Z,OPEN_METEO_FORECAST,FORECAST,82.2,88.1,73,15,0.0,0.0,0.0,2,1012.8,9.0,34,10.8
OPEN_METEO-FORECAST-401858454-20260917T235231Z,2026-09-17T16:52:31.964947-07:00,NCAA_Football,NCAA_Football,401858454,2026-09-19T16:00:00+00:00,Ohio Stadium,Columbus,OH,False,39.96118,-82.99879,2026-09-19T16:00Z,OPEN_METEO_FORECAST,FORECAST,69.3,72.3,79,6,0.0,0.0,0.0,3,991.9,3.6,102,7.5
OPEN_METEO-FORECAST-401858456-20260917T235231Z,2026-09-17T16:52:31.964947-07:00,NCAA_Football,NCAA_Football,401858456,2026-09-19T16:00:00+00:00,Beaver Stadium,University Park,PA,False,37.44188,-122.14302,2026-09-19T16:00Z,OPEN_METEO_FORECAST,FORECAST,60.1,60.3,82,0,0.0,0.0,0.0,2,1015.9,2.6,155,3.2
OPEN_METEO-FORECAST-401856792-20260917T235231Z,2026-09-17T16:52:31.964947-07:00,NCAA_Football,NCAA_Football,401856792,2026-09-19T16:00:00+00:00,Bill Snyder Family Stadium,Manhattan,KS,False,40.78343,-73.96625,2026-09-19T16:00Z,OPEN_METEO_FORECAST,FORECAST,66.0,61.7,42,0,0.0,0.0,0.0,2,1017.4,9.6,50,11.2
OPEN_METEO-FORECAST-401856798-20260917T235231Z,2026-09-17T16:52:31.964947-07:00,NCAA_Football,NCAA_Football,401856798,2026-09-19T16:00:00+00:00,Jack Trice Stadium,Ames,IA,False,42.03471,-93.61994,2026-09-19T16:00Z,OPEN_METEO_FORECAST,FORECAST,76.1,81.6,84,29,0.0,0.0,0.0,3,977.0,7.1,301,9.3
OPEN_METEO-FORECAST-401856812-20260917T235231Z,2026-09-17T16:52:31.964947-07:00,NCAA_Football,NCAA_Football,401856812,2026-09-19T16:00:00+00:00,Wembley Stadium,London,,False,39.88645,-83.44825,2026-09-19T16:00Z,OPEN_METEO_FORECAST,FORECAST,70.9,72.8,73,3,0.0,0.0,0.0,0,981.2,7.4,82,9.8
OPEN_METEO-FORECAST-401858228-20260917T235231Z,2026-09-17T16:52:31.964947-07:00,NCAA_Football,NCAA_Football,401858228,2026-09-19T16:00:00+00:00,Bobby Dodd Stadium,Atlanta,GA,False,33.749,-84.38798,2026-09-19T16:00Z,OPEN_METEO_FORECAST,FORECAST,90.2,97.0,45,1,0.0,0.0,0.0,0,980.2,2.3,287,4.0
OPEN_METEO-FORECAST-401858229-20260917T235231Z,2026-09-17T16:52:31.964947-07:00,NCAA_Football,NCAA_Football,401858229,2026-09-19T16:00:00+00:00,"Memorial Stadium (Clemson, SC)",Clemson,SC,False,34.68344,-82.83737,2026-09-19T16:00Z,OPEN_METEO_FORECAST,FORECAST,88.8,96.8,52,1,0.0,0.0,0.0,0,991.5,3.0,92,3.1
OPEN_METEO-FORECAST-401858451-20260917T235231Z,2026-09-17T16:52:31.964947-07:00,NCAA_Football,NCAA_Football,401858451,2026-09-19T16:00:00+00:00,Huntington Bank Stadium,Minneapolis,MN,False,44.97997,-93.26384,2026-09-19T16:00Z,OPEN_METEO_FORECAST,FORECAST,57.8,57.2,94,23,0.008,0.008,0.0,3,985.2,5.8,71,14.9
OPEN_METEO-FORECAST-401860889-20260917T235231Z,2026-09-17T16:52:31.964947-07:00,NCAA_Football,NCAA_Football,401860889,2026-09-19T16:00:00+00:00,UFCU Stadium,San Marcos,TX,False,29.88327,-97.94139,2026-09-19T16:00Z,OPEN_METEO_FORECAST,FORECAST,87.1,92.6,55,0,0.0,0.0,0.0,0,994.4,6.8,176,7.7
OPEN_METEO-FORECAST-401858460-20260917T235231Z,2026-09-17T16:52:31.964947-07:00,NCAA_Football,NCAA_Football,401858460,2026-09-19T16:30:00+00:00,Camp Randall Stadium,Madison,WI,False,43.07305,-89.40123,2026-09-19T16:00Z,OPEN_METEO_FORECAST,FORECAST,62.7,62.0,96,90,0.145,0.143,0.0,63,982.8,11.1,140,22.1
OPEN_METEO-FORECAST-401856695-20260917T235231Z,2026-09-17T16:52:31.964947-07:00,NCAA_Football,NCAA_Football,401856695,2026-09-19T16:45:00+00:00,FirstBank Stadium,Nashville,TN,False,36.16589,-86.78444,2026-09-19T17:00Z,OPEN_METEO_FORECAST,FORECAST,98.4,101.5,28,0,0.0,0.0,0.0,0,997.2,5.6,258,8.1
OPEN_METEO-FORECAST-401864508-20260917T235231Z,2026-09-17T16:52:31.964947-07:00,NCAA_Football,NCAA_Football,401864508,2026-09-19T17:00:00+00:00,Kelly/Shorts Stadium,Mount Pleasant,MI,False,43.59781,-84.76751,2026-09-19T17:00Z,OPEN_METEO_FORECAST,FORECAST,62.0,57.7,54,49,0.0,0.0,0.0,3,991.6,7.0,113,11.4
OPEN_METEO-FORECAST-401858227-20260917T235231Z,2026-09-17T16:52:31.964947-07:00,NCAA_Football,NCAA_Football,401858227,2026-09-19T18:00:00+00:00,"Alumni Stadium (Chestnut Hill, MA)",Chestnut Hill,MA,False,42.33065,-71.16616,2026-09-19T18:00Z,OPEN_METEO_FORECAST,FORECAST,62.5,57.9,39,0,0.0,0.0,0.0,3,1014.0,8.4,91,6.0
OPEN_METEO-FORECAST-401858448-20260917T235231Z,2026-09-17T16:52:31.964947-07:00,NCAA_Football,NCAA_Football,401858448,2026-09-19T18:00:00+00:00,Gies Memorial Stadium,Champaign,IL,False,40.11642,-88.24338,2026-09-19T18:00Z,OPEN_METEO_FORECAST,FORECAST,75.7,79.7,81,27,0.0,0.0,0.0,1,989.2,9.5,102,12.1
OPEN_METEO-FORECAST-401862774-20260917T235231Z,2026-09-17T16:52:31.964947-07:00,NCAA_Football,NCAA_Football,401862774,2026-09-19T19:00:00+00:00,Glass Bowl,Toledo,OH,False,41.66394,-83.55521,2026-09-19T19:00Z,OPEN_METEO_FORECAST,FORECAST,63.0,64.6,88,58,0.004,0.004,0.0,51,995.8,3.7,57,14.8
OPEN_METEO-FORECAST-401856694-20260917T235231Z,2026-09-17T16:52:31.964947-07:00,NCAA_Football,NCAA_Football,401856694,2026-09-19T19:30:00+00:00,Kyle Field,College Station,TX,False,30.62798,-96.33441,2026-09-19T19:00Z,OPEN_METEO_FORECAST,FORECAST,97.0,99.2,27,0,0.0,0.0,0.0,0,1001.0,8.2,139,9.4
OPEN_METEO-FORECAST-401856685-20260917T235231Z,2026-09-17T16:52:31.964947-07:00,NCAA_Football,NCAA_Football,401856685,2026-09-19T19:30:00+00:00,Bryant-Denny Stadium,Tuscaloosa,AL,False,33.20984,-87.56917,2026-09-19T19:00Z,OPEN_METEO_FORECAST,FORECAST,98.0,101.4,33,17,0.004,0.0,0.0,51,1005.2,3.8,36,5.6
OPEN_METEO-FORECAST-401858457-20260917T235231Z,2026-09-17T16:52:31.964947-07:00,NCAA_Football,NCAA_Football,401858457,2026-09-19T19:30:00+00:00,SHI Stadium,Piscataway,NJ,False,40.49927,-74.39904,2026-09-19T19:00Z,OPEN_METEO_FORECAST,FORECAST,68.6,63.0,33,0,0.0,0.0,0.0,3,1017.5,6.9,103,6.3
OPEN_METEO-FORECAST-401858230-20260917T235231Z,2026-09-17T16:52:31.964947-07:00,NCAA_Football,NCAA_Football,401858230,2026-09-19T19:30:00+00:00,L&N Federal Credit Union Stadium,Louisville,KY,False,38.25424,-85.75941,2026-09-19T19:00Z,OPEN_METEO_FORECAST,FORECAST,93.4,101.9,45,11,0.0,0.0,0.0,0,997.7,2.7,246,2.7
OPEN_METEO-FORECAST-401856801-20260917T235231Z,2026-09-17T16:52:31.964947-07:00,NCAA_Football,NCAA_Football,401856801,2026-09-19T19:30:00+00:00,Rice-Eccles Stadium,Salt Lake City,UT,False,40.76078,-111.89105,2026-09-19T19:00Z,OPEN_METEO_FORECAST,FORECAST,72.9,68.3,28,22,0.0,0.0,0.0,0,872.7,9.6,323,11.6
OPEN_METEO-FORECAST-401858450-20260917T235231Z,2026-09-17T16:52:31.964947-07:00,NCAA_Football,NCAA_Football,401858450,2026-09-19T19:30:00+00:00,Michigan Stadium,Ann Arbor,MI,False,42.27756,-83.74088,2026-09-19T19:00Z,OPEN_METEO_FORECAST,FORECAST,58.3,58.7,95,70,0.035,0.035,0.0,53,986.4,4.5,108,16.1
OPEN_METEO-FORECAST-401856797-20260917T235231Z,2026-09-17T16:52:31.964947-07:00,NCAA_Football,NCAA_Football,401856797,2026-09-19T19:30:00+00:00,TQL Stadium,Cincinnati,OH,False,39.12711,-84.51439,2026-09-19T19:00Z,OPEN_METEO_FORECAST,FORECAST,87.2,95.3,51,17,0.0,0.0,0.0,0,985.5,1.1,233,2.5
OPEN_METEO-FORECAST-401858233-20260917T235231Z,2026-09-17T16:52:31.964947-07:00,NCAA_Football,NCAA_Football,401858233,2026-09-19T19:30:00+00:00,California Memorial Stadium,Berkeley,CA,False,37.87159,-122.27275,2026-09-19T19:00Z,OPEN_METEO_FORECAST,FORECAST,74.2,75.8,49,0,0.0,0.0,0.0,0,1008.2,4.3,264,3.1
OPEN_METEO-FORECAST-401860890-20260917T235231Z,2026-09-17T16:52:31.964947-07:00,NCAA_Football,NCAA_Football,401860890,2026-09-19T19:30:00+00:00,Martin Stadium,Pullman,WA,False,46.73127,-117.17962,2026-09-19T19:00Z,OPEN_METEO_FORECAST,FORECAST,72.1,69.2,34,0,0.0,0.0,0.0,0,935.1,5.6,272,5.1
OPEN_METEO-FORECAST-401866424-20260917T235231Z,2026-09-17T16:52:31.964947-07:00,NCAA_Football,NCAA_Football,401866424,2026-09-19T19:30:00+00:00,Warren McGuirk Alumni Stadium,Amherst,MA,False,42.97839,-78.79976,2026-09-19T19:00Z,OPEN_METEO_FORECAST,FORECAST,68.4,63.0,31,5,0.0,0.0,0.0,3,999.0,7.2,86,7.8
OPEN_METEO-FORECAST-401858449-20260917T235231Z,2026-09-17T16:52:31.964947-07:00,NCAA_Football,NCAA_Football,401858449,2026-09-19T20:00:00+00:00,"Memorial Stadium (Bloomington, IN)",Bloomington,IN,False,39.16533,-86.52639,2026-09-19T20:00Z,OPEN_METEO_FORECAST,FORECAST,89.7,95.6,48,15,0.0,0.0,0.0,1,986.8,4.0,308,5.1
OPEN_METEO-FORECAST-401858471-20260917T235231Z,2026-09-17T16:52:31.964947-07:00,NCAA_Football,NCAA_Football,401858471,2026-09-19T20:00:00+00:00,Kinnick Stadium,Iowa City,IA,False,41.66113,-91.53017,2026-09-19T20:00Z,OPEN_METEO_FORECAST,FORECAST,79.9,84.2,73,33,0.0,0.0,0.0,3,987.2,9.4,208,17.4
OPEN_METEO-FORECAST-401858231-20260917T235231Z,2026-09-17T16:52:31.964947-07:00,NCAA_Football,NCAA_Football,401858231,2026-09-19T20:00:00+00:00,Wallace Wade Stadium,Durham,NC,False,35.99403,-78.89862,2026-09-19T20:00Z,OPEN_METEO_FORECAST,FORECAST,82.0,84.0,51,17,0.0,0.0,0.0,2,1001.8,5.4,88,8.1
OPEN_METEO-FORECAST-401866422-20260917T235231Z,2026-09-17T16:52:31.964947-07:00,NCAA_Football,NCAA_Football,401866422,2026-09-19T20:00:00+00:00,Williams Stadium (VA),Lynchburg,VA,False,37.41375,-79.14225,2026-09-19T20:00Z,OPEN_METEO_FORECAST,FORECAST,83.1,84.6,43,9,0.0,0.0,0.0,2,994.0,4.9,114,4.3
OPEN_METEO-FORECAST-401867804-20260917T235231Z,2026-09-17T16:52:31.964947-07:00,NCAA_Football,NCAA_Football,401867804,2026-09-19T20:00:00+00:00,McLane Stadium,Waco,TX,False,31.54933,-97.14667,2026-09-19T20:00Z,OPEN_METEO_FORECAST,FORECAST,99.1,99.2,23,0,0.0,0.0,0.0,0,994.9,9.7,161,9.8
OPEN_METEO-FORECAST-401856691-20260917T235231Z,2026-09-17T16:52:31.964947-07:00,NCAA_Football,NCAA_Football,401856691,2026-09-19T20:15:00+00:00,Williams-Brice Stadium,Columbia,SC,False,34.00071,-81.03481,2026-09-19T20:00Z,OPEN_METEO_FORECAST,FORECAST,87.6,93.6,55,64,0.008,0.0,0.0,51,1003.8,4.1,45,6.7
OPEN_METEO-FORECAST-401868317-20260917T235231Z,2026-09-17T16:52:31.964947-07:00,NCAA_Football,NCAA_Football,401868317,2026-09-19T20:30:00+00:00,Malone Stadium,Monroe,LA,False,32.50931,-92.1193,2026-09-19T20:00Z,OPEN_METEO_FORECAST,FORECAST,101.1,104.4,24,1,0.0,0.0,0.0,0,1010.0,4.3,168,5.6
OPEN_METEO-FORECAST-401862710-20260917T235231Z,2026-09-17T16:52:31.964947-07:00,NCAA_Football,NCAA_Football,401862710,2026-09-19T22:00:00+00:00,S.B. Ballard Stadium,Norfolk,VA,False,36.84681,-76.28522,2026-09-19T22:00Z,OPEN_METEO_FORECAST,FORECAST,78.0,78.2,58,2,0.0,0.0,0.0,0,1017.1,9.3,63,8.9
OPEN_METEO-FORECAST-401862771-20260917T235231Z,2026-09-17T16:52:31.964947-07:00,NCAA_Football,NCAA_Football,401862771,2026-09-19T22:00:00+00:00,Flagler Credit Union Stadium,Boca Raton,FL,False,26.35869,-80.0831,2026-09-19T22:00Z,OPEN_METEO_FORECAST,FORECAST,84.8,89.0,63,61,0.031,0.0,0.0,53,1011.4,9.9,85,8.7
OPEN_METEO-FORECAST-401864574-20260917T235231Z,2026-09-17T16:52:31.964947-07:00,NCAA_Football,NCAA_Football,401864574,2026-09-19T22:00:00+00:00,Kidd Brewer Stadium,Boone,NC,False,36.21679,-81.67455,2026-09-19T22:00Z,OPEN_METEO_FORECAST,FORECAST,69.6,73.6,86,49,0.0,0.0,0.0,3,906.0,4.0,142,5.4
OPEN_METEO-FORECAST-401871047-20260917T235231Z,2026-09-17T16:52:31.964947-07:00,NCAA_Football,NCAA_Football,401871047,2026-09-19T22:30:00+00:00,Robert W. Plaster Stadium,Springfield,MO,False,37.21533,-93.29824,2026-09-19T22:00Z,OPEN_METEO_FORECAST,FORECAST,97.7,93.9,21,0,0.0,0.0,0.0,3,965.4,10.1,201,11.0
OPEN_METEO-FORECAST-401856689-20260917T235231Z,2026-09-17T16:52:31.964947-07:00,NCAA_Football,NCAA_Football,401856689,2026-09-19T23:00:00+00:00,Memorial Stadium,Columbia,MO,False,34.00071,-81.03481,2026-09-19T23:00Z,OPEN_METEO_FORECAST,FORECAST,84.4,88.6,59,64,0.0,0.0,0.0,1,1003.6,7.1,70,12.1
OPEN_METEO-FORECAST-401856687-20260917T235231Z,2026-09-17T16:52:31.964947-07:00,NCAA_Football,NCAA_Football,401856687,2026-09-19T23:00:00+00:00,Jordan-Hare Stadium,Auburn,AL,False,42.93173,-76.56605,2026-09-19T23:00Z,OPEN_METEO_FORECAST,FORECAST,54.8,52.2,62,0,0.0,0.0,0.0,3,995.6,1.3,360,2.0
OPEN_METEO-FORECAST-401856800-20260917T235231Z,2026-09-17T16:52:31.964947-07:00,NCAA_Football,NCAA_Football,401856800,2026-09-19T23:00:00+00:00,Acrisure Bounce House,Orlando,FL,False,28.53834,-81.37924,2026-09-19T23:00Z,OPEN_METEO_FORECAST,FORECAST,84.5,88.2,60,50,0.02,0.0,0.0,53,1008.7,8.9,80,10.1
OPEN_METEO-FORECAST-401856803-20260917T235231Z,2026-09-17T16:52:31.964947-07:00,NCAA_Football,NCAA_Football,401856803,2026-09-19T23:00:00+00:00,Boone Pickens Stadium,Stillwater,OK,False,36.11561,-97.05837,2026-09-19T23:00Z,OPEN_METEO_FORECAST,FORECAST,100.9,96.7,24,2,0.0,0.0,0.0,0,974.7,15.5,175,19.5
OPEN_METEO-FORECAST-401861963-20260917T235231Z,2026-09-17T16:52:31.964947-07:00,NCAA_Football,NCAA_Football,401861963,2026-09-19T23:00:00+00:00,M. M. Roberts Stadium,Hattiesburg,MS,False,31.32712,-89.29034,2026-09-19T23:00Z,OPEN_METEO_FORECAST,FORECAST,88.7,92.3,45,1,0.0,0.0,0.0,3,1005.9,4.1,248,6.7
OPEN_METEO-FORECAST-401862772-20260917T235231Z,2026-09-17T16:52:31.964947-07:00,NCAA_Football,NCAA_Football,401862772,2026-09-19T23:00:00+00:00,Simmons Bank Liberty Stadium,Memphis,TN,False,35.14953,-90.04898,2026-09-19T23:00Z,OPEN_METEO_FORECAST,FORECAST,100.6,101.5,22,0,0.0,0.0,0.0,0,1000.9,1.6,98,4.0
OPEN_METEO-FORECAST-401862773-20260917T235231Z,2026-09-17T16:52:31.964947-07:00,NCAA_Football,NCAA_Football,401862773,2026-09-19T23:00:00+00:00,Rice Stadium,Houston,TX,False,29.76328,-95.36327,2026-09-19T23:00Z,OPEN_METEO_FORECAST,FORECAST,90.9,90.9,39,1,0.0,0.0,0.0,0,1010.7,10.2,126,11.2
OPEN_METEO-FORECAST-401862777-20260917T235231Z,2026-09-17T16:52:31.964947-07:00,NCAA_Football,NCAA_Football,401862777,2026-09-19T23:00:00+00:00,Raymond James Stadium,Tampa,FL,False,27.94752,-82.45843,2026-09-19T23:00Z,OPEN_METEO_FORECAST,FORECAST,87.9,92.4,50,52,0.0,0.0,0.0,2,1010.9,4.8,139,9.2
OPEN_METEO-FORECAST-401864443-20260917T235231Z,2026-09-17T16:52:31.964947-07:00,NCAA_Football,NCAA_Football,401864443,2026-09-19T23:00:00+00:00,"Johnny ""Red"" Floyd Stadium",Murfreesboro,TN,False,35.84562,-86.39027,2026-09-19T23:00Z,OPEN_METEO_FORECAST,FORECAST,90.2,95.5,47,11,0.0,0.0,0.0,0,990.5,2.8,76,4.0
OPEN_METEO-FORECAST-401866423-20260917T235231Z,2026-09-17T16:52:31.964947-07:00,NCAA_Football,NCAA_Football,401866423,2026-09-19T23:00:00+00:00,Hancock Whitney Stadium,Mobile,AL,False,30.69436,-88.04305,2026-09-19T23:00Z,OPEN_METEO_FORECAST,FORECAST,88.4,90.6,51,6,0.0,0.0,0.0,1,1012.2,11.2,177,11.2
OPEN_METEO-FORECAST-401869948-20260917T235231Z,2026-09-17T16:52:31.964947-07:00,NCAA_Football,NCAA_Football,401869948,2026-09-19T23:00:00+00:00,AmFirst Stadium,Jacksonville,AL,False,30.33218,-81.65565,2026-09-19T23:00Z,OPEN_METEO_FORECAST,FORECAST,85.2,86.5,50,9,0.0,0.0,0.0,3,1013.0,9.6,91,11.0
OPEN_METEO-FORECAST-401870764-20260917T235231Z,2026-09-17T16:52:31.964947-07:00,NCAA_Football,NCAA_Football,401870764,2026-09-19T23:00:00+00:00,Elliott T. Bowers Stadium,Huntsville,TX,False,34.7304,-86.58594,2026-09-19T23:00Z,OPEN_METEO_FORECAST,FORECAST,91.7,96.1,42,6,0.0,0.0,0.0,3,990.2,2.9,122,7.4
OPEN_METEO-FORECAST-401858452-20260917T235231Z,2026-09-17T16:52:31.964947-07:00,NCAA_Football,NCAA_Football,401858452,2026-09-19T23:15:00+00:00,"Memorial Stadium (Lincoln, NE)",Lincoln,NE,False,40.8,-96.66696,2026-09-19T23:00Z,OPEN_METEO_FORECAST,FORECAST,73.5,73.9,78,27,0.0,0.0,0.0,3,963.7,13.5,12,20.6
OPEN_METEO-FORECAST-401858459-20260917T235231Z,2026-09-17T16:52:31.964947-07:00,NCAA_Football,NCAA_Football,401858459,2026-09-19T23:15:00+00:00,Husky Stadium,Seattle,WA,False,47.60621,-122.33207,2026-09-19T23:00Z,OPEN_METEO_FORECAST,FORECAST,75.5,72.6,37,0,0.0,0.0,0.0,3,1009.5,5.2,350,2.5
OPEN_METEO-FORECAST-401858453-20260917T235231Z,2026-09-17T16:52:31.964947-07:00,NCAA_Football,NCAA_Football,401858453,2026-09-19T23:30:00+00:00,Notre Dame Stadium,Notre Dame,IN,False,41.70019,-86.23793,2026-09-19T23:00Z,OPEN_METEO_FORECAST,FORECAST,61.0,60.4,94,82,0.008,0.008,0.0,51,988.1,8.8,120,18.3
OPEN_METEO-FORECAST-401856688-20260917T235231Z,2026-09-17T16:52:31.964947-07:00,NCAA_Football,NCAA_Football,401856688,2026-09-19T23:30:00+00:00,Vaught-Hemingway Stadium,Oxford,MS,False,34.3665,-89.51925,2026-09-19T23:00Z,OPEN_METEO_FORECAST,FORECAST,94.3,98.0,36,0,0.0,0.0,0.0,0,993.6,2.5,153,2.7
OPEN_METEO-FORECAST-401856795-20260917T235231Z,2026-09-17T16:52:31.964947-07:00,NCAA_Football,NCAA_Football,401856795,2026-09-19T23:30:00+00:00,Canvas Stadium,Fort Collins,CO,False,40.58526,-105.08442,2026-09-19T23:00Z,OPEN_METEO_FORECAST,FORECAST,62.9,60.5,66,81,0.0,0.0,0.0,3,844.2,6.7,4,9.4
OPEN_METEO-FORECAST-401856690-20260917T235231Z,2026-09-17T16:52:31.964947-07:00,NCAA_Football,NCAA_Football,401856690,2026-09-19T23:30:00+00:00,"Memorial Stadium (Norman, OK)",Norman,OK,False,35.22257,-97.43948,2026-09-19T23:00Z,OPEN_METEO_FORECAST,FORECAST,100.6,96.1,22,0,0.0,0.0,0.0,0,967.1,14.3,181,15.2
OPEN_METEO-FORECAST-401856802-20260917T235231Z,2026-09-17T16:52:31.964947-07:00,NCAA_Football,NCAA_Football,401856802,2026-09-19T23:30:00+00:00,Bank of America Stadium,Charlotte,NC,False,35.22709,-80.84313,2026-09-19T23:00Z,OPEN_METEO_FORECAST,FORECAST,74.6,81.7,91,37,0.028,0.0,0.0,53,985.9,4.5,72,9.8
OPEN_METEO-FORECAST-401856796-20260917T235231Z,2026-09-17T16:52:31.964947-07:00,NCAA_Football,NCAA_Football,401856796,2026-09-19T23:30:00+00:00,Northwestern Medicine Field at Martin Stadium,Evanston,IL,False,41.26828,-110.96324,2026-09-19T23:00Z,OPEN_METEO_FORECAST,FORECAST,62.4,50.4,26,36,0.0,0.0,0.0,0,798.3,17.6,263,19.7
OPEN_METEO-FORECAST-401858232-20260917T235231Z,2026-09-17T16:52:31.964947-07:00,NCAA_Football,NCAA_Football,401858232,2026-09-19T23:30:00+00:00,SECU Stadium,College Park,MD,False,38.98067,-76.93692,2026-09-19T23:00Z,OPEN_METEO_FORECAST,FORECAST,73.2,73.0,63,16,0.0,0.0,0.0,3,1015.9,8.4,110,15.0
OPEN_METEO-FORECAST-401856692-20260917T235231Z,2026-09-17T16:52:31.964947-07:00,NCAA_Football,NCAA_Football,401856692,2026-09-19T23:45:00+00:00,Neyland Stadium,Knoxville,TN,False,35.96064,-83.92074,2026-09-19T23:00Z,OPEN_METEO_FORECAST,FORECAST,72.4,77.4,97,17,0.457,0.433,0.0,82,981.6,9.2,288,20.1
OPEN_METEO-FORECAST-401816992-20260917T235231Z,2026-09-17T16:52:31.964947-07:00,MLB,MLB,401816992,2026-09-19T00:10:00+00:00,Coors Field,Denver,Colorado,False,39.73915,-104.9847,2026-09-19T00:00Z,OPEN_METEO_FORECAST,FORECAST,73.7,70.1,39,29,0.0,0.0,0.0,3,842.0,6.8,352,11.4
OPEN_METEO-FORECAST-401816991-20260917T235231Z,2026-09-17T16:52:31.964947-07:00,MLB,MLB,401816991,2026-09-19T00:15:00+00:00,Busch Stadium,St. Louis,Missouri,False,38.62727,-90.19789,2026-09-19T00:00Z,OPEN_METEO_FORECAST,FORECAST,81.0,87.9,74,17,0.0,0.0,0.0,2,999.6,5.3,78,7.6
OPEN_METEO-FORECAST-401816994-20260917T235231Z,2026-09-17T16:52:31.964947-07:00,MLB,MLB,401816994,2026-09-19T01:38:00+00:00,Angel Stadium,Anaheim,California,False,33.83529,-117.9145,2026-09-19T02:00Z,OPEN_METEO_FORECAST,FORECAST,72.7,73.5,63,0,0.0,0.0,0.0,0,1009.6,5.6,236,8.3
OPEN_METEO-FORECAST-401816993-20260917T235231Z,2026-09-17T16:52:31.964947-07:00,MLB,MLB,401816993,2026-09-19T01:40:00+00:00,Petco Park,San Diego,California,False,32.71571,-117.16472,2026-09-19T02:00Z,OPEN_METEO_FORECAST,FORECAST,68.4,69.3,75,0,0.0,0.0,0.0,0,1014.6,5.9,317,10.1
OPEN_METEO-FORECAST-401816996-20260917T235231Z,2026-09-17T16:52:31.964947-07:00,MLB,MLB,401816996,2026-09-19T02:10:00+00:00,Dodger Stadium,Los Angeles,California,False,34.05223,-118.24368,2026-09-19T02:00Z,OPEN_METEO_FORECAST,FORECAST,69.1,69.7,72,0,0.0,0.0,0.0,0,1004.2,6.4,260,9.6
OPEN_METEO-FORECAST-401817001-20260917T235231Z,2026-09-17T16:52:31.964947-07:00,MLB,MLB,401817001,2026-09-19T20:05:00+00:00,Oriole Park at Camden Yards,Baltimore,Maryland,False,39.29038,-76.61219,2026-09-19T20:00Z,OPEN_METEO_FORECAST,FORECAST,75.6,74.1,46,11,0.0,0.0,0.0,3,1015.6,6.1,100,8.5
OPEN_METEO-FORECAST-401817002-20260917T235231Z,2026-09-17T16:52:31.964947-07:00,MLB,MLB,401817002,2026-09-19T20:10:00+00:00,Citi Field,Queens,New York,False,40.68149,-73.83652,2026-09-19T20:00Z,OPEN_METEO_FORECAST,FORECAST,71.7,67.1,32,0,0.0,0.0,0.0,2,1020.0,5.6,124,5.4
OPEN_METEO-FORECAST-401816997-20260917T235231Z,2026-09-17T16:52:31.964947-07:00,MLB,MLB,401816997,2026-09-19T22:10:00+00:00,Progressive Field,Cleveland,Ohio,False,41.4995,-81.69541,2026-09-19T22:00Z,OPEN_METEO_FORECAST,FORECAST,67.2,67.0,66,19,0.004,0.004,0.0,51,993.8,4.4,45,9.8
OPEN_METEO-FORECAST-401816999-20260917T235231Z,2026-09-17T16:52:31.964947-07:00,MLB,MLB,401816999,2026-09-19T22:40:00+00:00,Great American Ball Park,Cincinnati,Ohio,False,39.12711,-84.51439,2026-09-19T23:00Z,OPEN_METEO_FORECAST,FORECAST,75.9,80.8,81,17,0.012,0.0,0.0,51,983.5,6.8,17,9.2
OPEN_METEO-FORECAST-401817000-20260917T235231Z,2026-09-17T16:52:31.964947-07:00,MLB,MLB,401817000,2026-09-19T22:40:00+00:00,PNC Park,Pittsburgh,Pennsylvania,False,40.44062,-79.99589,2026-09-19T23:00Z,OPEN_METEO_FORECAST,FORECAST,68.7,67.6,59,6,0.0,0.0,0.0,3,988.7,5.2,65,12.8
OPEN_METEO-FORECAST-401817004-20260917T235231Z,2026-09-17T16:52:31.964947-07:00,MLB,MLB,401817004,2026-09-19T23:10:00+00:00,Rate Field,Chicago,Illinois,False,41.85003,-87.65005,2026-09-19T23:00Z,OPEN_METEO_FORECAST,FORECAST,65.1,67.0,95,85,0.008,0.008,0.0,51,992.8,7.0,140,19.9
OPEN_METEO-FORECAST-401817006-20260917T235231Z,2026-09-17T16:52:31.964947-07:00,MLB,MLB,401817006,2026-09-19T23:15:00+00:00,Busch Stadium,St. Louis,Missouri,False,38.62727,-90.19789,2026-09-19T23:00Z,OPEN_METEO_FORECAST,FORECAST,88.7,90.1,38,2,0.0,0.0,0.0,3,994.4,4.5,81,6.5
OPEN_METEO-FORECAST-401817040-20260917T235231Z,2026-09-17T16:52:31.964947-07:00,MLB,MLB,401817040,2026-09-23T00:40:00+00:00,Coors Field,Denver,Colorado,False,39.73915,-104.9847,2026-09-23T01:00Z,OPEN_METEO_FORECAST,FORECAST,64.3,61.2,62,32,0.0,0.0,0.0,2,836.8,8.1,141,1.6
OPEN_METEO-FORECAST-401817041-20260917T235231Z,2026-09-17T16:52:31.964947-07:00,MLB,MLB,401817041,2026-09-23T01:40:00+00:00,Sutter Health Park,Sacramento,California,False,38.58157,-121.4944,2026-09-23T02:00Z,OPEN_METEO_FORECAST,FORECAST,82.2,79.6,34,0,0.0,0.0,0.0,0,1004.8,7.0,187,13.2
OPEN_METEO-FORECAST-401817043-20260917T235231Z,2026-09-17T16:52:31.964947-07:00,MLB,MLB,401817043,2026-09-23T01:45:00+00:00,Oracle Park,San Francisco,California,False,37.77493,-122.41942,2026-09-23T02:00Z,OPEN_METEO_FORECAST,FORECAST,64.9,64.0,72,0,0.0,0.0,0.0,2,1008.2,6.3,264,6.7
OPEN_METEO-FORECAST-401817044-20260917T235231Z,2026-09-17T16:52:31.964947-07:00,MLB,MLB,401817044,2026-09-23T02:10:00+00:00,Dodger Stadium,Los Angeles,California,False,34.05223,-118.24368,2026-09-23T02:00Z,OPEN_METEO_FORECAST,FORECAST,73.8,74.8,66,0,0.0,0.0,0.0,0,997.8,7.3,225,6.0
OPEN_METEO-FORECAST-401817051-20260917T235231Z,2026-09-17T16:52:31.964947-07:00,MLB,MLB,401817051,2026-09-23T17:10:00+00:00,Comerica Park,Detroit,Michigan,False,42.33143,-83.04575,2026-09-23T17:00Z,OPEN_METEO_FORECAST,FORECAST,60.2,60.1,85,23,0.0,0.0,0.0,3,1000.2,4.7,329,14.1
OPEN_METEO-FORECAST-401817058-20260917T235231Z,2026-09-17T16:52:31.964947-07:00,MLB,MLB,401817058,2026-09-23T19:45:00+00:00,Oracle Park,San Francisco,California,False,37.77493,-122.41942,2026-09-23T20:00Z,OPEN_METEO_FORECAST,FORECAST,78.8,80.4,37,0,0.0,0.0,0.0,0,1008.9,3.8,277,5.6
OPEN_METEO-FORECAST-401817050-20260917T235231Z,2026-09-17T16:52:31.964947-07:00,MLB,MLB,401817050,2026-09-23T22:35:00+00:00,Oriole Park at Camden Yards,Baltimore,Maryland,False,39.29038,-76.61219,2026-09-23T23:00Z,OPEN_METEO_FORECAST,FORECAST,62.9,61.9,93,29,0.004,0.004,0.0,51,1022.4,11.2,77,17.4
OPEN_METEO-FORECAST-401817047-20260917T235231Z,2026-09-17T16:52:31.964947-07:00,MLB,MLB,401817047,2026-09-23T22:40:00+00:00,Citizens Bank Park,Philadelphia,Pennsylvania,False,39.95238,-75.16362,2026-09-23T23:00Z,OPEN_METEO_FORECAST,FORECAST,63.3,60.7,82,23,0.0,0.0,0.0,3,1024.8,12.3,71,19.2
OPEN_METEO-FORECAST-401817048-20260917T235231Z,2026-09-17T16:52:31.964947-07:00,MLB,MLB,401817048,2026-09-23T22:40:00+00:00,PNC Park,Pittsburgh,Pennsylvania,False,40.44062,-79.99589,2026-09-23T23:00Z,OPEN_METEO_FORECAST,FORECAST,60.9,60.4,94,37,0.004,0.0,0.0,51,995.2,8.4,122,25.7
OPEN_METEO-FORECAST-401817046-20260917T235231Z,2026-09-17T16:52:31.964947-07:00,MLB,MLB,401817046,2026-09-23T23:00:00+00:00,Fenway Park,Boston,Massachusetts,False,42.35843,-71.05977,2026-09-23T23:00Z,OPEN_METEO_FORECAST,FORECAST,57.8,50.3,71,12,0.0,0.0,0.0,3,1028.6,16.9,67,19.2
OPEN_METEO-FORECAST-401817049-20260917T235231Z,2026-09-17T16:52:31.964947-07:00,MLB,MLB,401817049,2026-09-23T23:05:00+00:00,Yankee Stadium,Bronx,New York,False,40.93815,-73.83208,2026-09-23T23:00Z,OPEN_METEO_FORECAST,FORECAST,59.9,54.7,79,21,0.004,0.004,0.0,51,1023.7,14.9,64,19.7
OPEN_METEO-FORECAST-401817045-20260917T235231Z,2026-09-17T16:52:31.964947-07:00,MLB,MLB,401817045,2026-09-23T23:15:00+00:00,Truist Park,Atlanta,Georgia,False,33.749,-84.38798,2026-09-23T23:00Z,OPEN_METEO_FORECAST,FORECAST,87.1,90.3,46,12,0.0,0.0,0.0,3,983.0,4.3,118,9.8
OPEN_METEO-FORECAST-401817052-20260917T235231Z,2026-09-17T16:52:31.964947-07:00,MLB,MLB,401817052,2026-09-23T23:40:00+00:00,Kauffman Stadium,Kansas City,Missouri,False,39.09973,-94.57857,2026-09-23T23:00Z,OPEN_METEO_FORECAST,FORECAST,67.3,64.0,52,3,0.0,0.0,0.0,3,987.7,7.3,59,11.6
OPEN_METEO-FORECAST-401817053-20260917T235231Z,2026-09-17T16:52:31.964947-07:00,MLB,MLB,401817053,2026-09-23T23:40:00+00:00,Wrigley Field,Chicago,Illinois,False,41.85003,-87.65005,2026-09-23T23:00Z,OPEN_METEO_FORECAST,FORECAST,60.3,56.8,78,3,0.004,0.0,0.0,51,1002.2,10.9,352,11.2
OPEN_METEO-FORECAST-401872945-20260917T235601Z,2026-09-17T16:56:01.603840-07:00,NFL,NFL,401872945,2026-09-21T00:20:00+00:00,Arrowhead Stadium,Kansas City,MO,False,39.09973,-94.57857,2026-09-21T00:00Z,OPEN_METEO_FORECAST,FORECAST,75.2,77.2,75,38,0.0,0.0,0.0,3,978.8,10.4,353,14.1
OPEN_METEO-FORECAST-401817027-20260917T235601Z,2026-09-17T16:56:01.603840-07:00,MLB,MLB,401817027,2026-09-21T22:35:00+00:00,Oriole Park at Camden Yards,Baltimore,Maryland,False,39.29038,-76.61219,2026-09-21T23:00Z,OPEN_METEO_FORECAST,FORECAST,66.8,67.0,82,40,0.004,0.0,0.0,51,1014.2,8.6,37,12.3
OPEN_METEO-FORECAST-401817028-20260917T235601Z,2026-09-17T16:56:01.603840-07:00,MLB,MLB,401817028,2026-09-21T22:40:00+00:00,Comerica Park,Detroit,Michigan,False,42.33143,-83.04575,2026-09-21T23:00Z,OPEN_METEO_FORECAST,FORECAST,63.1,57.3,56,27,0.0,0.0,0.0,3,997.2,12.0,76,27.5
OPEN_METEO-FORECAST-401872947-20260917T235601Z,2026-09-17T16:56:01.603840-07:00,NFL,NFL,401872947,2026-09-22T00:15:00+00:00,SoFi Stadium,Inglewood,CA,False,33.96168,-118.35313,2026-09-22T00:00Z,OPEN_METEO_FORECAST,FORECAST,73.0,71.4,61,0,0.0,0.0,0.0,0,1005.2,10.8,253,6.0
OPEN_METEO-FORECAST-401873648-20260917T235601Z,2026-09-17T16:56:01.603840-07:00,MLB,MLB,401873648,2026-09-22T17:05:00+00:00,Yankee Stadium,Bronx,New York,False,40.93815,-73.83208,2026-09-22T17:00Z,OPEN_METEO_FORECAST,FORECAST,56.1,50.0,92,32,0.142,0.138,0.0,81,1021.1,17.4,72,23.5
OPEN_METEO-FORECAST-401817035-20260917T235601Z,2026-09-17T16:56:01.603840-07:00,MLB,MLB,401817035,2026-09-22T22:35:00+00:00,Oriole Park at Camden Yards,Baltimore,Maryland,False,39.29038,-76.61219,2026-09-22T23:00Z,OPEN_METEO_FORECAST,FORECAST,61.1,59.4,91,48,0.0,0.0,0.0,3,1018.1,10.8,56,28.0
OPEN_METEO-FORECAST-401817032-20260917T235601Z,2026-09-17T16:56:01.603840-07:00,MLB,MLB,401817032,2026-09-22T22:40:00+00:00,Citizens Bank Park,Philadelphia,Pennsylvania,False,39.95238,-75.16362,2026-09-22T23:00Z,OPEN_METEO_FORECAST,FORECAST,59.6,55.0,84,41,0.0,0.0,0.0,3,1022.0,14.7,69,27.5
OPEN_METEO-FORECAST-401817033-20260917T235601Z,2026-09-17T16:56:01.603840-07:00,MLB,MLB,401817033,2026-09-22T22:40:00+00:00,PNC Park,Pittsburgh,Pennsylvania,False,40.44062,-79.99589,2026-09-22T23:00Z,OPEN_METEO_FORECAST,FORECAST,67.8,69.9,85,57,0.0,0.0,0.0,3,991.1,6.1,96,24.4
OPEN_METEO-FORECAST-401817036-20260917T235601Z,2026-09-17T16:56:01.603840-07:00,MLB,MLB,401817036,2026-09-22T22:40:00+00:00,Comerica Park,Detroit,Michigan,False,42.33143,-83.04575,2026-09-22T23:00Z,OPEN_METEO_FORECAST,FORECAST,57.1,52.5,72,15,0.0,0.0,0.0,3,998.4,9.7,38,22.4
OPEN_METEO-FORECAST-401817031-20260917T235601Z,2026-09-17T16:56:01.603840-07:00,MLB,MLB,401817031,2026-09-22T22:45:00+00:00,Fenway Park,Boston,Massachusetts,False,42.35843,-71.05977,2026-09-22T23:00Z,OPEN_METEO_FORECAST,FORECAST,52.7,44.9,87,19,0.028,0.024,0.0,53,1026.2,17.8,55,20.4
OPEN_METEO-FORECAST-401817034-20260917T235601Z,2026-09-17T16:56:01.603840-07:00,MLB,MLB,401817034,2026-09-22T23:05:00+00:00,Yankee Stadium,Bronx,New York,False,40.93815,-73.83208,2026-09-22T23:00Z,OPEN_METEO_FORECAST,FORECAST,52.8,47.0,92,31,0.008,0.008,0.0,51,1021.8,14.1,54,22.1
OPEN_METEO-FORECAST-401817030-20260917T235601Z,2026-09-17T16:56:01.603840-07:00,MLB,MLB,401817030,2026-09-22T23:15:00+00:00,Truist Park,Atlanta,Georgia,False,33.749,-84.38798,2026-09-22T23:00Z,OPEN_METEO_FORECAST,FORECAST,88.7,93.4,43,41,0.004,0.004,0.0,51,976.7,0.2,270,2.0
OPEN_METEO-FORECAST-401817037-20260917T235601Z,2026-09-17T16:56:01.603840-07:00,MLB,MLB,401817037,2026-09-22T23:40:00+00:00,Kauffman Stadium,Kansas City,Missouri,False,39.09973,-94.57857,2026-09-22T23:00Z,OPEN_METEO_FORECAST,FORECAST,64.7,62.0,68,2,0.0,0.0,0.0,3,986.7,9.2,26,10.7
OPEN_METEO-FORECAST-401817038-20260917T235601Z,2026-09-17T16:56:01.603840-07:00,MLB,MLB,401817038,2026-09-22T23:40:00+00:00,Wrigley Field,Chicago,Illinois,False,41.85003,-87.65005,2026-09-22T23:00Z,OPEN_METEO_FORECAST,FORECAST,57.7,51.0,69,26,0.0,0.0,0.0,3,1000.0,14.4,36,16.6
OPEN_METEO-FORECAST-401817029-20260917T235601Z,2026-09-17T16:56:01.603840-07:00,MLB,MLB,401817029,2026-09-22T01:45:00+00:00,Oracle Park,San Francisco,California,False,37.77493,-122.41942,2026-09-22T02:00Z,OPEN_METEO_FORECAST,FORECAST,61.8,59.4,78,0,0.0,0.0,0.0,0,1010.1,9.4,237,8.5
OPEN_METEO-FORECAST-401858225-20260917T235601Z,2026-09-17T16:56:01.603840-07:00,NCAA_Football,NCAA_Football,401858225,2026-09-17T23:30:00+00:00,Acrisure Stadium,Pittsburgh,PA,False,40.44062,-79.99589,2026-09-17T23:00Z,OPEN_METEO_FORECAST,FORECAST,79.0,86.6,82,10,0.0,0.0,0.0,2,992.3,4.8,248,12.3
OPEN_METEO-FORECAST-401816975-20260917T235601Z,2026-09-17T16:56:01.603840-07:00,MLB,MLB,401816975,2026-09-17T16:35:00+00:00,PNC Park,Pittsburgh,Pennsylvania,False,40.44062,-79.99589,2026-09-17T17:00Z,OPEN_METEO_FORECAST,FORECAST,80.1,87.9,85,12,0.0,0.0,0.0,3,995.3,7.3,243,12.1
OPEN_METEO-FORECAST-401816974-20260917T235601Z,2026-09-17T16:56:01.603840-07:00,MLB,MLB,401816974,2026-09-17T16:40:00+00:00,Great American Ball Park,Cincinnati,Ohio,False,39.12711,-84.51439,2026-09-17T17:00Z,OPEN_METEO_FORECAST,FORECAST,89.5,97.3,57,0,0.0,0.0,0.0,0,993.0,7.9,278,15.7
OPEN_METEO-FORECAST-401816980-20260917T235601Z,2026-09-17T16:56:01.603840-07:00,MLB,MLB,401816980,2026-09-17T19:10:00+00:00,Coors Field,Denver,Colorado,False,39.73915,-104.9847,2026-09-17T19:00Z,OPEN_METEO_FORECAST,FORECAST,77.0,80.8,56,9,0.0,0.0,0.0,2,844.6,5.5,297,5.6
OPEN_METEO-FORECAST-401816976-20260917T235601Z,2026-09-17T16:56:01.603840-07:00,MLB,MLB,401816976,2026-09-17T23:15:00+00:00,Citi Field,Queens,New York,False,40.68149,-73.83652,2026-09-17T23:00Z,OPEN_METEO_FORECAST,FORECAST,75.4,82.0,81,1,0.0,0.0,0.0,3,1018.0,2.4,146,12.3
OPEN_METEO-FORECAST-401816978-20260917T235601Z,2026-09-17T16:56:01.603840-07:00,MLB,MLB,401816978,2026-09-17T23:40:00+00:00,Rate Field,Chicago,Illinois,False,41.85003,-87.65005,2026-09-17T23:00Z,OPEN_METEO_FORECAST,FORECAST,69.0,73.6,95,12,0.098,0.098,0.0,63,1000.3,5.2,342,14.8
OPEN_METEO-FORECAST-401872932-20260917T235601Z,2026-09-17T16:56:01.603840-07:00,NFL,NFL,401872932,2026-09-18T00:15:00+00:00,Highmark Stadium,Orchard Park,NY,False,42.76756,-78.74392,2026-09-18T00:00Z,OPEN_METEO_FORECAST,FORECAST,67.2,70.4,88,0,0.0,0.0,0.0,2,989.1,3.8,90,6.5
OPEN_METEO-FORECAST-401858226-20260917T235601Z,2026-09-17T16:56:01.603840-07:00,NCAA_Football,NCAA_Football,401858226,2026-09-18T23:30:00+00:00,Allegacy Federal Credit Union Stadium,Winston-Salem,NC,False,36.09986,-80.24422,2026-09-18T23:00Z,OPEN_METEO_FORECAST,FORECAST,81.7,90.2,73,23,0.0,0.0,0.0,3,983.7,1.5,243,11.2
OPEN_METEO-FORECAST-401816984-20260917T235601Z,2026-09-17T16:56:01.603840-07:00,MLB,MLB,401816984,2026-09-18T22:40:00+00:00,Great American Ball Park,Cincinnati,Ohio,False,39.12711,-84.51439,2026-09-18T23:00Z,OPEN_METEO_FORECAST,FORECAST,76.9,79.8,75,6,0.0,0.0,0.0,0,988.3,10.1,22,16.1
OPEN_METEO-FORECAST-401816985-20260917T235601Z,2026-09-17T16:56:01.603840-07:00,MLB,MLB,401816985,2026-09-18T22:40:00+00:00,PNC Park,Pittsburgh,Pennsylvania,False,40.44062,-79.99589,2026-09-18T23:00Z,OPEN_METEO_FORECAST,FORECAST,71.2,74.1,76,0,0.0,0.0,0.0,3,991.8,4.3,360,9.8
OPEN_METEO-FORECAST-401816986-20260917T235601Z,2026-09-17T16:56:01.603840-07:00,MLB,MLB,401816986,2026-09-18T23:05:00+00:00,Oriole Park at Camden Yards,Baltimore,Maryland,False,39.29038,-76.61219,2026-09-18T23:00Z,OPEN_METEO_FORECAST,FORECAST,78.2,80.8,63,0,0.0,0.0,0.0,0,1014.6,6.4,350,13.0
OPEN_METEO-FORECAST-401816982-20260917T235601Z,2026-09-17T16:56:01.603840-07:00,MLB,MLB,401816982,2026-09-18T23:10:00+00:00,Progressive Field,Cleveland,Ohio,False,41.4995,-81.69541,2026-09-18T23:00Z,OPEN_METEO_FORECAST,FORECAST,69.4,67.1,62,0,0.0,0.0,0.0,3,998.2,9.9,18,14.8
OPEN_METEO-FORECAST-401816987-20260917T235601Z,2026-09-17T16:56:01.603840-07:00,MLB,MLB,401816987,2026-09-18T23:10:00+00:00,Citi Field,Queens,New York,False,40.68149,-73.83652,2026-09-18T23:00Z,OPEN_METEO_FORECAST,FORECAST,75.0,74.4,52,0,0.0,0.0,0.0,0,1016.3,6.0,13,14.1
OPEN_METEO-FORECAST-401816989-20260917T235601Z,2026-09-17T16:56:01.603840-07:00,MLB,MLB,401816989,2026-09-18T23:40:00+00:00,Rate Field,Chicago,Illinois,False,41.85003,-87.65005,2026-09-18T23:00Z,OPEN_METEO_FORECAST,FORECAST,65.0,64.2,78,3,0.0,0.0,0.0,3,999.9,8.1,90,16.6
OPEN_METEO-FORECAST-401816981-20260917T235601Z,2026-09-17T16:56:01.603840-07:00,MLB,MLB,401816981,2026-09-18T01:38:00+00:00,Angel Stadium,Anaheim,California,False,33.83529,-117.9145,2026-09-18T02:00Z,OPEN_METEO_FORECAST,FORECAST,73.5,73.4,59,0,0.0,0.0,0.0,0,1010.9,6.6,252,10.1
OPEN_METEO-FORECAST-401869941-20260917T235601Z,2026-09-17T16:56:01.603840-07:00,NCAA_Football,NCAA_Football,401869941,2026-09-24T23:30:00+00:00,Brooks Stadium (SC),Conway,SC,False,35.0887,-92.4421,2026-09-24T23:00Z,OPEN_METEO_FORECAST,FORECAST,75.5,72.4,41,1,0.0,0.0,0.0,3,1007.4,7.6,32,11.6
OPEN_METEO-FORECAST-401817063-20260917T235601Z,2026-09-17T16:56:01.603840-07:00,MLB,MLB,401817063,2026-09-24T16:35:00+00:00,PNC Park,Pittsburgh,Pennsylvania,False,40.44062,-79.99589,2026-09-24T17:00Z,OPEN_METEO_FORECAST,FORECAST,65.8,66.4,72,22,0.0,0.0,0.0,3,994.5,3.5,215,8.5
OPEN_METEO-FORECAST-401817065-20260917T235601Z,2026-09-17T16:56:01.603840-07:00,MLB,MLB,401817065,2026-09-24T18:10:00+00:00,Kauffman Stadium,Kansas City,Missouri,False,39.09973,-94.57857,2026-09-24T18:00Z,OPEN_METEO_FORECAST,FORECAST,69.1,66.2,43,21,0.0,0.0,0.0,3,991.5,4.2,54,8.1
OPEN_METEO-FORECAST-401817066-20260917T235601Z,2026-09-17T16:56:01.603840-07:00,MLB,MLB,401817066,2026-09-24T18:20:00+00:00,Wrigley Field,Chicago,Illinois,False,41.85003,-87.65005,2026-09-24T18:00Z,OPEN_METEO_FORECAST,FORECAST,59.9,57.0,85,5,0.004,0.0,0.0,51,1003.7,10.8,339,12.1
OPEN_METEO-FORECAST-401817068-20260917T235601Z,2026-09-17T16:56:01.603840-07:00,MLB,MLB,401817068,2026-09-24T19:10:00+00:00,Coors Field,Denver,Colorado,False,39.73915,-104.9847,2026-09-24T19:00Z,OPEN_METEO_FORECAST,FORECAST,78.0,75.7,25,19,0.0,0.0,0.0,1,846.4,5.2,85,4.5
OPEN_METEO-FORECAST-401817062-20260917T235601Z,2026-09-17T16:56:01.603840-07:00,MLB,MLB,401817062,2026-09-24T22:05:00+00:00,Citizens Bank Park,Philadelphia,Pennsylvania,False,39.95238,-75.16362,2026-09-24T22:00Z,OPEN_METEO_FORECAST,FORECAST,62.7,62.0,95,14,0.039,0.012,0.0,55,1021.7,10.8,66,8.5
OPEN_METEO-FORECAST-401817061-20260917T235601Z,2026-09-17T16:56:01.603840-07:00,MLB,MLB,401817061,2026-09-24T22:45:00+00:00,Fenway Park,Boston,Massachusetts,False,42.35843,-71.05977,2026-09-24T23:00Z,OPEN_METEO_FORECAST,FORECAST,59.4,54.0,81,24,0.004,0.004,0.0,51,1023.1,15.4,62,16.1
OPEN_METEO-FORECAST-401817064-20260917T235601Z,2026-09-17T16:56:01.603840-07:00,MLB,MLB,401817064,2026-09-24T23:05:00+00:00,Yankee Stadium,Bronx,New York,False,40.93815,-73.83208,2026-09-24T23:00Z,OPEN_METEO_FORECAST,FORECAST,62.3,58.2,76,16,0.0,0.0,0.0,3,1019.7,13.0,63,14.1
OPEN_METEO-FORECAST-401817060-20260917T235601Z,2026-09-17T16:56:01.603840-07:00,MLB,MLB,401817060,2026-09-24T23:15:00+00:00,Truist Park,Atlanta,Georgia,False,33.749,-84.38798,2026-09-24T23:00Z,OPEN_METEO_FORECAST,FORECAST,77.8,80.8,65,4,0.0,0.0,0.0,2,979.7,6.2,339,7.2
OPEN_METEO-FORECAST-401817055-20260917T235601Z,2026-09-17T16:56:01.603840-07:00,MLB,MLB,401817055,2026-09-24T00:40:00+00:00,Coors Field,Denver,Colorado,False,39.73915,-104.9847,2026-09-24T01:00Z,OPEN_METEO_FORECAST,FORECAST,74.1,69.6,31,21,0.0,0.0,0.0,3,843.3,5.9,108,13.9
OPEN_METEO-FORECAST-401817056-20260917T235601Z,2026-09-17T16:56:01.603840-07:00,MLB,MLB,401817056,2026-09-24T01:40:00+00:00,Sutter Health Park,Sacramento,California,False,38.58157,-121.4944,2026-09-24T02:00Z,OPEN_METEO_FORECAST,FORECAST,89.1,83.6,13,0,0.0,0.0,0.0,0,1004.8,4.1,209,7.6
OPEN_METEO-FORECAST-401817059-20260917T235601Z,2026-09-17T16:56:01.603840-07:00,MLB,MLB,401817059,2026-09-24T02:10:00+00:00,Dodger Stadium,Los Angeles,California,False,34.05223,-118.24368,2026-09-24T02:00Z,OPEN_METEO_FORECAST,FORECAST,76.9,77.6,58,1,0.0,0.0,0.0,0,998.8,7.5,219,5.1
OPEN_METEO-FORECAST-401872937-20260917T235601Z,2026-09-17T16:56:01.603840-07:00,NFL,NFL,401872937,2026-09-20T17:00:00+00:00,Soldier Field,Chicago,IL,False,41.85003,-87.65005,2026-09-20T17:00Z,OPEN_METEO_FORECAST,FORECAST,64.9,65.9,96,62,0.012,0.0,0.0,51,991.0,9.4,78,9.4
OPEN_METEO-FORECAST-401872939-20260917T235601Z,2026-09-17T16:56:01.603840-07:00,NFL,NFL,401872939,2026-09-20T17:00:00+00:00,Nissan Stadium,Nashville,TN,False,36.16589,-86.78444,2026-09-20T17:00Z,OPEN_METEO_FORECAST,FORECAST,88.9,92.9,47,1,0.0,0.0,0.0,3,995.2,4.7,172,6.3
OPEN_METEO-FORECAST-401872946-20260917T235601Z,2026-09-17T16:56:01.603840-07:00,NFL,NFL,401872946,2026-09-20T17:00:00+00:00,Gillette Stadium,Foxborough,MA,False,42.06538,-71.24783,2026-09-20T17:00Z,OPEN_METEO_FORECAST,FORECAST,58.1,56.0,65,8,0.0,0.0,0.0,3,1010.0,2.9,176,9.4
OPEN_METEO-FORECAST-401872936-20260917T235601Z,2026-09-17T16:56:01.603840-07:00,NFL,NFL,401872936,2026-09-20T17:00:00+00:00,MetLife Stadium,East Rutherford,NJ,False,40.83399,-74.09709,2026-09-20T17:00Z,OPEN_METEO_FORECAST,FORECAST,61.6,61.3,86,72,0.055,0.055,0.0,61,1013.7,6.5,124,22.1
OPEN_METEO-FORECAST-401872935-20260917T235601Z,2026-09-17T16:56:01.603840-07:00,NFL,NFL,401872935,2026-09-20T17:00:00+00:00,Raymond James Stadium,Tampa,FL,False,27.94752,-82.45843,2026-09-20T17:00Z,OPEN_METEO_FORECAST,FORECAST,89.0,96.4,51,6,0.0,0.0,0.0,3,1012.0,3.3,164,4.7
OPEN_METEO-FORECAST-401872938-20260917T235601Z,2026-09-17T16:56:01.603840-07:00,NFL,NFL,401872938,2026-09-20T17:00:00+00:00,M&T Bank Stadium,Baltimore,MD,False,39.29038,-76.61219,2026-09-20T17:00Z,OPEN_METEO_FORECAST,FORECAST,74.5,77.6,76,23,0.004,0.0,0.0,51,1011.8,7.4,178,17.2
OPEN_METEO-FORECAST-401872940-20260917T235601Z,2026-09-17T16:56:01.603840-07:00,NFL,NFL,401872940,2026-09-20T20:05:00+00:00,Empower Field at Mile High,Denver,CO,False,39.73915,-104.9847,2026-09-20T20:00Z,OPEN_METEO_FORECAST,FORECAST,74.3,70.7,35,52,0.0,0.0,0.0,3,838.5,10.5,34,7.6
OPEN_METEO-FORECAST-401872941-20260917T235601Z,2026-09-17T16:56:01.603840-07:00,NFL,NFL,401872941,2026-09-20T20:05:00+00:00,SoFi Stadium,Inglewood,CA,False,33.96168,-118.35313,2026-09-20T20:00Z,OPEN_METEO_FORECAST,FORECAST,78.2,80.3,49,0,0.0,0.0,0.0,0,1007.1,8.4,189,5.8
OPEN_METEO-FORECAST-401872942-20260917T235601Z,2026-09-17T16:56:01.603840-07:00,NFL,NFL,401872942,2026-09-20T20:25:00+00:00,Levi's Stadium,Santa Clara,CA,False,37.35411,-121.95524,2026-09-20T20:00Z,OPEN_METEO_FORECAST,FORECAST,76.9,74.0,40,0,0.0,0.0,0.0,3,1010.6,7.4,357,4.5
OPEN_METEO-FORECAST-401856693-20260917T235601Z,2026-09-17T16:56:01.603840-07:00,NCAA_Football,NCAA_Football,401856693,2026-09-20T00:00:00+00:00,DKR-Texas Memorial Stadium,Austin,TX,False,30.26715,-97.74306,2026-09-20T00:00Z,OPEN_METEO_FORECAST,FORECAST,97.3,93.9,24,1,0.0,0.0,0.0,0,991.8,11.4,122,11.4
OPEN_METEO-FORECAST-401856799-20260917T235601Z,2026-09-17T16:56:01.603840-07:00,NCAA_Football,NCAA_Football,401856799,2026-09-20T00:00:00+00:00,Amon G. Carter Stadium,Fort Worth,TX,False,32.72541,-97.32085,2026-09-20T00:00Z,OPEN_METEO_FORECAST,FORECAST,97.1,93.2,21,0,0.0,0.0,0.0,0,987.0,9.7,157,11.6
OPEN_METEO-FORECAST-401862775-20260917T235601Z,2026-09-17T16:56:01.603840-07:00,NCAA_Football,NCAA_Football,401862775,2026-09-20T00:00:00+00:00,H. A. Chapman Stadium,Tulsa,OK,False,36.15398,-95.99277,2026-09-20T00:00Z,OPEN_METEO_FORECAST,FORECAST,96.6,94.0,26,0,0.0,0.0,0.0,3,982.7,10.8,174,21.0
OPEN_METEO-FORECAST-401862776-20260917T235601Z,2026-09-17T16:56:01.603840-07:00,NCAA_Football,NCAA_Football,401862776,2026-09-20T00:00:00+00:00,Our Lady of Lourdes Stadium,Lafayette,LA,False,30.22409,-92.01984,2026-09-20T00:00Z,OPEN_METEO_FORECAST,FORECAST,82.3,86.0,66,3,0.0,0.0,0.0,0,1011.1,9.8,192,12.8
OPEN_METEO-FORECAST-401860885-20260917T235601Z,2026-09-17T16:56:01.603840-07:00,NCAA_Football,NCAA_Football,401860885,2026-09-20T02:00:00+00:00,Albertsons Stadium,Boise,ID,False,43.6135,-116.20345,2026-09-20T02:00Z,OPEN_METEO_FORECAST,FORECAST,71.4,67.6,39,0,0.0,0.0,0.0,0,919.4,5.9,7,11.0
OPEN_METEO-FORECAST-401860887-20260917T235601Z,2026-09-17T16:56:01.603840-07:00,NCAA_Football,NCAA_Football,401860887,2026-09-20T02:00:00+00:00,Snapdragon Stadium,San Diego,CA,False,32.71571,-117.16472,2026-09-20T02:00Z,OPEN_METEO_FORECAST,FORECAST,72.6,74.3,69,0,0.0,0.0,0.0,0,1010.2,5.8,270,3.4
OPEN_METEO-FORECAST-401856793-20260917T235601Z,2026-09-17T16:56:01.603840-07:00,NCAA_Football,NCAA_Football,401856793,2026-09-20T02:30:00+00:00,Casino Del Sol Stadium,Tucson,AZ,False,32.22174,-110.92648,2026-09-20T02:00Z,OPEN_METEO_FORECAST,FORECAST,93.1,84.3,13,0,0.0,0.0,0.0,0,925.6,13.0,251,13.9
OPEN_METEO-FORECAST-401864507-20260917T235601Z,2026-09-17T16:56:01.603840-07:00,NCAA_Football,NCAA_Football,401864507,2026-09-20T02:30:00+00:00,Hornet Stadium,Sacramento,CA,False,38.58157,-121.4944,2026-09-20T02:00Z,OPEN_METEO_FORECAST,FORECAST,82.1,78.0,32,0,0.0,0.0,0.0,0,1007.2,9.3,201,18.8
OPEN_METEO-FORECAST-401858458-20260917T235601Z,2026-09-17T16:56:01.603840-07:00,NCAA_Football,NCAA_Football,401858458,2026-09-20T03:00:00+00:00,Rose Bowl,Pasadena,CA,False,29.69106,-95.2091,2026-09-20T03:00Z,OPEN_METEO_FORECAST,FORECAST,82.5,87.9,65,0,0.0,0.0,0.0,0,1012.3,5.6,146,14.5
OPEN_METEO-FORECAST-401860886-20260917T235601Z,2026-09-17T16:56:01.603840-07:00,NCAA_Football,NCAA_Football,401860886,2026-09-20T03:00:00+00:00,Reser Stadium,Corvallis,OR,False,33.90224,-118.08173,2026-09-20T03:00Z,OPEN_METEO_FORECAST,FORECAST,76.9,77.3,54,0,0.0,0.0,0.0,2,1008.5,6.0,243,6.0
OPEN_METEO-FORECAST-401860888-20260917T235601Z,2026-09-17T16:56:01.603840-07:00,NCAA_Football,NCAA_Football,401860888,2026-09-20T03:00:00+00:00,CEFCU Stadium,San Jose,CA,False,37.33939,-121.89496,2026-09-20T03:00Z,OPEN_METEO_FORECAST,FORECAST,72.2,70.6,51,0,0.0,0.0,0.0,0,1009.2,6.0,333,3.6
OPEN_METEO-FORECAST-401817017-20260917T235601Z,2026-09-17T16:56:01.603840-07:00,MLB,MLB,401817017,2026-09-20T17:10:00+00:00,Citi Field,Queens,New York,False,40.68149,-73.83652,2026-09-20T17:00Z,OPEN_METEO_FORECAST,FORECAST,63.4,62.1,80,58,0.059,0.059,0.0,61,1015.5,8.6,131,21.9
OPEN_METEO-FORECAST-401817015-20260917T235601Z,2026-09-17T16:56:01.603840-07:00,MLB,MLB,401817015,2026-09-20T17:35:00+00:00,PNC Park,Pittsburgh,Pennsylvania,False,40.44062,-79.99589,2026-09-20T18:00Z,OPEN_METEO_FORECAST,FORECAST,69.9,75.3,94,74,0.024,0.012,0.0,53,986.4,4.0,286,13.9
OPEN_METEO-FORECAST-401817012-20260917T235601Z,2026-09-17T16:56:01.603840-07:00,MLB,MLB,401817012,2026-09-20T17:40:00+00:00,Progressive Field,Cleveland,Ohio,False,41.4995,-81.69541,2026-09-20T18:00Z,OPEN_METEO_FORECAST,FORECAST,62.3,62.9,90,63,0.008,0.008,0.0,51,990.8,5.9,79,1.8
OPEN_METEO-FORECAST-401817014-20260917T235601Z,2026-09-17T16:56:01.603840-07:00,MLB,MLB,401817014,2026-09-20T17:40:00+00:00,Great American Ball Park,Cincinnati,Ohio,False,39.12711,-84.51439,2026-09-20T18:00Z,OPEN_METEO_FORECAST,FORECAST,75.0,79.0,74,11,0.0,0.0,0.0,3,982.3,4.7,172,21.5
OPEN_METEO-FORECAST-401817019-20260917T235601Z,2026-09-17T16:56:01.603840-07:00,MLB,MLB,401817019,2026-09-20T18:10:00+00:00,Rate Field,Chicago,Illinois,False,41.85003,-87.65005,2026-09-20T18:00Z,OPEN_METEO_FORECAST,FORECAST,64.4,65.0,97,62,0.102,0.091,0.0,81,991.2,9.8,73,12.5
OPEN_METEO-FORECAST-401817021-20260917T235601Z,2026-09-17T16:56:01.603840-07:00,MLB,MLB,401817021,2026-09-20T18:15:00+00:00,Busch Stadium,St. Louis,Missouri,False,38.62727,-90.19789,2026-09-20T18:00Z,OPEN_METEO_FORECAST,FORECAST,89.8,92.9,38,11,0.0,0.0,0.0,3,993.8,4.7,239,13.0
OPEN_METEO-FORECAST-401817022-20260917T235601Z,2026-09-17T16:56:01.603840-07:00,MLB,MLB,401817022,2026-09-20T19:10:00+00:00,Coors Field,Denver,Colorado,False,39.73915,-104.9847,2026-09-20T19:00Z,OPEN_METEO_FORECAST,FORECAST,72.7,69.1,38,52,0.0,0.0,0.0,2,838.7,11.4,23,9.4
OPEN_METEO-FORECAST-401817024-20260917T235601Z,2026-09-17T16:56:01.603840-07:00,MLB,MLB,401817024,2026-09-20T20:07:00+00:00,Angel Stadium,Anaheim,California,False,33.83529,-117.9145,2026-09-20T20:00Z,OPEN_METEO_FORECAST,FORECAST,81.4,83.5,45,0,0.0,0.0,0.0,0,1007.0,8.7,209,6.5
OPEN_METEO-FORECAST-401817023-20260917T235601Z,2026-09-17T16:56:01.603840-07:00,MLB,MLB,401817023,2026-09-20T20:10:00+00:00,Petco Park,San Diego,California,False,32.71571,-117.16472,2026-09-20T20:00Z,OPEN_METEO_FORECAST,FORECAST,75.5,78.4,60,0,0.0,0.0,0.0,0,1011.0,9.5,261,5.6
OPEN_METEO-FORECAST-401817026-20260917T235601Z,2026-09-17T16:56:01.603840-07:00,MLB,MLB,401817026,2026-09-20T20:10:00+00:00,Dodger Stadium,Los Angeles,California,False,34.05223,-118.24368,2026-09-20T20:00Z,OPEN_METEO_FORECAST,FORECAST,82.4,84.4,40,0,0.0,0.0,0.0,0,1001.5,7.2,171,5.8
OPEN_METEO-FORECAST-401817016-20260917T235601Z,2026-09-17T16:56:01.603840-07:00,MLB,MLB,401817016,2026-09-20T23:20:00+00:00,Oriole Park at Camden Yards,Baltimore,Maryland,False,39.29038,-76.61219,2026-09-20T23:00Z,OPEN_METEO_FORECAST,FORECAST,74.0,78.3,81,54,0.0,0.0,0.0,2,1008.6,5.9,155,17.9
OPEN_METEO-FORECAST-401817007-20260917T235601Z,2026-09-17T16:56:01.603840-07:00,MLB,MLB,401817007,2026-09-20T00:10:00+00:00,Coors Field,Denver,Colorado,False,39.73915,-104.9847,2026-09-20T00:00Z,OPEN_METEO_FORECAST,FORECAST,68.4,66.6,57,71,0.0,0.0,0.0,0,837.6,6.1,123,2.7
OPEN_METEO-FORECAST-401817008-20260917T235601Z,2026-09-17T16:56:01.603840-07:00,MLB,MLB,401817008,2026-09-20T00:40:00+00:00,Petco Park,San Diego,California,False,32.71571,-117.16472,2026-09-20T01:00Z,OPEN_METEO_FORECAST,FORECAST,73.9,74.8,63,0,0.0,0.0,0.0,0,1009.8,6.3,272,4.0
OPEN_METEO-FORECAST-401817011-20260917T235601Z,2026-09-17T16:56:01.603840-07:00,MLB,MLB,401817011,2026-09-20T01:10:00+00:00,Dodger Stadium,Los Angeles,California,False,34.05223,-118.24368,2026-09-20T01:00Z,OPEN_METEO_FORECAST,FORECAST,77.4,76.6,54,0,0.0,0.0,0.0,0,1000.4,9.3,240,9.4
OPEN_METEO-FORECAST-401817009-20260917T235601Z,2026-09-17T16:56:01.603840-07:00,MLB,MLB,401817009,2026-09-20T01:38:00+00:00,Angel Stadium,Anaheim,California,False,33.83529,-117.9145,2026-09-20T02:00Z,OPEN_METEO_FORECAST,FORECAST,76.2,75.9,54,0,0.0,0.0,0.0,3,1005.8,7.0,220,7.2
OPEN_METEO-FORECAST-401856811-20260917T235601Z,2026-09-17T16:56:01.603840-07:00,NCAA_Football,NCAA_Football,401856811,2026-09-19T00:00:00+00:00,Galaxy Stadium,Lubbock,TX,False,33.57786,-101.85517,2026-09-19T00:00Z,OPEN_METEO_FORECAST,FORECAST,89.1,86.2,30,1,0.0,0.0,0.0,0,909.0,9.4,180,13.0
OPEN_METEO-FORECAST-401858455-20260917T235601Z,2026-09-17T16:56:01.603840-07:00,NCAA_Football,NCAA_Football,401858455,2026-09-19T02:30:00+00:00,Autzen Stadium,Eugene,OR,False,44.05207,-123.08675,2026-09-19T02:00Z,OPEN_METEO_FORECAST,FORECAST,68.7,65.5,52,0,0.0,0.0,0.0,0,1004.1,7.8,294,13.9
OPEN_METEO-FORECAST-401869940-20260917T235601Z,2026-09-17T16:56:01.603840-07:00,NCAA_Football,NCAA_Football,401869940,2026-09-19T15:30:00+00:00,Delaware Stadium,Newark,DE,False,40.73566,-74.17237,2026-09-19T15:00Z,OPEN_METEO_FORECAST,FORECAST,63.7,59.3,48,0,0.0,0.0,0.0,3,1021.4,8.3,27,11.2
OPEN_METEO-FORECAST-401856686-20260917T235601Z,2026-09-17T16:56:01.603840-07:00,NCAA_Football,NCAA_Football,401856686,2026-09-19T16:00:00+00:00,Donald W. Reynolds Razorback Stadium,Fayetteville,AR,False,35.05266,-78.87836,2026-09-19T16:00Z,OPEN_METEO_FORECAST,FORECAST,82.2,88.1,73,15,0.0,0.0,0.0,2,1012.8,9.0,34,10.8
OPEN_METEO-FORECAST-401858454-20260917T235601Z,2026-09-17T16:56:01.603840-07:00,NCAA_Football,NCAA_Football,401858454,2026-09-19T16:00:00+00:00,Ohio Stadium,Columbus,OH,False,39.96118,-82.99879,2026-09-19T16:00Z,OPEN_METEO_FORECAST,FORECAST,69.3,72.3,79,6,0.0,0.0,0.0,3,991.9,3.6,102,7.5
OPEN_METEO-FORECAST-401858456-20260917T235601Z,2026-09-17T16:56:01.603840-07:00,NCAA_Football,NCAA_Football,401858456,2026-09-19T16:00:00+00:00,Beaver Stadium,University Park,PA,False,37.44188,-122.14302,2026-09-19T16:00Z,OPEN_METEO_FORECAST,FORECAST,60.1,60.3,82,0,0.0,0.0,0.0,2,1015.9,2.6,155,3.2
OPEN_METEO-FORECAST-401856792-20260917T235601Z,2026-09-17T16:56:01.603840-07:00,NCAA_Football,NCAA_Football,401856792,2026-09-19T16:00:00+00:00,Bill Snyder Family Stadium,Manhattan,KS,False,40.78343,-73.96625,2026-09-19T16:00Z,OPEN_METEO_FORECAST,FORECAST,66.0,61.7,42,0,0.0,0.0,0.0,2,1017.4,9.6,50,11.2
OPEN_METEO-FORECAST-401856798-20260917T235601Z,2026-09-17T16:56:01.603840-07:00,NCAA_Football,NCAA_Football,401856798,2026-09-19T16:00:00+00:00,Jack Trice Stadium,Ames,IA,False,42.03471,-93.61994,2026-09-19T16:00Z,OPEN_METEO_FORECAST,FORECAST,76.1,81.6,84,29,0.0,0.0,0.0,3,977.0,7.1,301,9.3
OPEN_METEO-FORECAST-401856812-20260917T235601Z,2026-09-17T16:56:01.603840-07:00,NCAA_Football,NCAA_Football,401856812,2026-09-19T16:00:00+00:00,Wembley Stadium,London,,False,39.88645,-83.44825,2026-09-19T16:00Z,OPEN_METEO_FORECAST,FORECAST,70.9,72.8,73,3,0.0,0.0,0.0,0,981.2,7.4,82,9.8
OPEN_METEO-FORECAST-401858228-20260917T235601Z,2026-09-17T16:56:01.603840-07:00,NCAA_Football,NCAA_Football,401858228,2026-09-19T16:00:00+00:00,Bobby Dodd Stadium,Atlanta,GA,False,33.749,-84.38798,2026-09-19T16:00Z,OPEN_METEO_FORECAST,FORECAST,90.2,97.0,45,1,0.0,0.0,0.0,0,980.2,2.3,287,4.0
OPEN_METEO-FORECAST-401858229-20260917T235601Z,2026-09-17T16:56:01.603840-07:00,NCAA_Football,NCAA_Football,401858229,2026-09-19T16:00:00+00:00,"Memorial Stadium (Clemson, SC)",Clemson,SC,False,34.68344,-82.83737,2026-09-19T16:00Z,OPEN_METEO_FORECAST,FORECAST,88.8,96.8,52,1,0.0,0.0,0.0,0,991.5,3.0,92,3.1
OPEN_METEO-FORECAST-401858451-20260917T235601Z,2026-09-17T16:56:01.603840-07:00,NCAA_Football,NCAA_Football,401858451,2026-09-19T16:00:00+00:00,Huntington Bank Stadium,Minneapolis,MN,False,44.97997,-93.26384,2026-09-19T16:00Z,OPEN_METEO_FORECAST,FORECAST,57.8,57.2,94,23,0.008,0.008,0.0,3,985.2,5.8,71,14.9
OPEN_METEO-FORECAST-401860889-20260917T235601Z,2026-09-17T16:56:01.603840-07:00,NCAA_Football,NCAA_Football,401860889,2026-09-19T16:00:00+00:00,UFCU Stadium,San Marcos,TX,False,29.88327,-97.94139,2026-09-19T16:00Z,OPEN_METEO_FORECAST,FORECAST,87.1,92.6,55,0,0.0,0.0,0.0,0,994.4,6.8,176,7.7
OPEN_METEO-FORECAST-401858460-20260917T235601Z,2026-09-17T16:56:01.603840-07:00,NCAA_Football,NCAA_Football,401858460,2026-09-19T16:30:00+00:00,Camp Randall Stadium,Madison,WI,False,43.07305,-89.40123,2026-09-19T16:00Z,OPEN_METEO_FORECAST,FORECAST,62.7,62.0,96,90,0.145,0.143,0.0,63,982.8,11.1,140,22.1
OPEN_METEO-FORECAST-401856695-20260917T235601Z,2026-09-17T16:56:01.603840-07:00,NCAA_Football,NCAA_Football,401856695,2026-09-19T16:45:00+00:00,FirstBank Stadium,Nashville,TN,False,36.16589,-86.78444,2026-09-19T17:00Z,OPEN_METEO_FORECAST,FORECAST,98.4,101.5,28,0,0.0,0.0,0.0,0,997.2,5.6,258,8.1
OPEN_METEO-FORECAST-401864508-20260917T235601Z,2026-09-17T16:56:01.603840-07:00,NCAA_Football,NCAA_Football,401864508,2026-09-19T17:00:00+00:00,Kelly/Shorts Stadium,Mount Pleasant,MI,False,43.59781,-84.76751,2026-09-19T17:00Z,OPEN_METEO_FORECAST,FORECAST,62.0,57.7,54,49,0.0,0.0,0.0,3,991.6,7.0,113,11.4
OPEN_METEO-FORECAST-401858227-20260917T235601Z,2026-09-17T16:56:01.603840-07:00,NCAA_Football,NCAA_Football,401858227,2026-09-19T18:00:00+00:00,"Alumni Stadium (Chestnut Hill, MA)",Chestnut Hill,MA,False,42.33065,-71.16616,2026-09-19T18:00Z,OPEN_METEO_FORECAST,FORECAST,62.5,57.9,39,0,0.0,0.0,0.0,3,1014.0,8.4,91,6.0
OPEN_METEO-FORECAST-401858448-20260917T235601Z,2026-09-17T16:56:01.603840-07:00,NCAA_Football,NCAA_Football,401858448,2026-09-19T18:00:00+00:00,Gies Memorial Stadium,Champaign,IL,False,40.11642,-88.24338,2026-09-19T18:00Z,OPEN_METEO_FORECAST,FORECAST,75.7,79.7,81,27,0.0,0.0,0.0,1,989.2,9.5,102,12.1
OPEN_METEO-FORECAST-401862774-20260917T235601Z,2026-09-17T16:56:01.603840-07:00,NCAA_Football,NCAA_Football,401862774,2026-09-19T19:00:00+00:00,Glass Bowl,Toledo,OH,False,41.66394,-83.55521,2026-09-19T19:00Z,OPEN_METEO_FORECAST,FORECAST,63.0,64.6,88,58,0.004,0.004,0.0,51,995.8,3.7,57,14.8
OPEN_METEO-FORECAST-401856694-20260917T235601Z,2026-09-17T16:56:01.603840-07:00,NCAA_Football,NCAA_Football,401856694,2026-09-19T19:30:00+00:00,Kyle Field,College Station,TX,False,30.62798,-96.33441,2026-09-19T19:00Z,OPEN_METEO_FORECAST,FORECAST,97.0,99.2,27,0,0.0,0.0,0.0,0,1001.0,8.2,139,9.4
OPEN_METEO-FORECAST-401856685-20260917T235601Z,2026-09-17T16:56:01.603840-07:00,NCAA_Football,NCAA_Football,401856685,2026-09-19T19:30:00+00:00,Bryant-Denny Stadium,Tuscaloosa,AL,False,33.20984,-87.56917,2026-09-19T19:00Z,OPEN_METEO_FORECAST,FORECAST,98.0,101.4,33,17,0.004,0.0,0.0,51,1005.2,3.8,36,5.6
OPEN_METEO-FORECAST-401858457-20260917T235601Z,2026-09-17T16:56:01.603840-07:00,NCAA_Football,NCAA_Football,401858457,2026-09-19T19:30:00+00:00,SHI Stadium,Piscataway,NJ,False,40.49927,-74.39904,2026-09-19T19:00Z,OPEN_METEO_FORECAST,FORECAST,68.6,63.0,33,0,0.0,0.0,0.0,3,1017.5,6.9,103,6.3
OPEN_METEO-FORECAST-401858230-20260917T235601Z,2026-09-17T16:56:01.603840-07:00,NCAA_Football,NCAA_Football,401858230,2026-09-19T19:30:00+00:00,L&N Federal Credit Union Stadium,Louisville,KY,False,38.25424,-85.75941,2026-09-19T19:00Z,OPEN_METEO_FORECAST,FORECAST,93.4,101.9,45,11,0.0,0.0,0.0,0,997.7,2.7,246,2.7
OPEN_METEO-FORECAST-401856801-20260917T235601Z,2026-09-17T16:56:01.603840-07:00,NCAA_Football,NCAA_Football,401856801,2026-09-19T19:30:00+00:00,Rice-Eccles Stadium,Salt Lake City,UT,False,40.76078,-111.89105,2026-09-19T19:00Z,OPEN_METEO_FORECAST,FORECAST,72.9,68.3,28,22,0.0,0.0,0.0,0,872.7,9.6,323,11.6
OPEN_METEO-FORECAST-401858450-20260917T235601Z,2026-09-17T16:56:01.603840-07:00,NCAA_Football,NCAA_Football,401858450,2026-09-19T19:30:00+00:00,Michigan Stadium,Ann Arbor,MI,False,42.27756,-83.74088,2026-09-19T19:00Z,OPEN_METEO_FORECAST,FORECAST,58.3,58.7,95,70,0.035,0.035,0.0,53,986.4,4.5,108,16.1
OPEN_METEO-FORECAST-401856797-20260917T235601Z,2026-09-17T16:56:01.603840-07:00,NCAA_Football,NCAA_Football,401856797,2026-09-19T19:30:00+00:00,TQL Stadium,Cincinnati,OH,False,39.12711,-84.51439,2026-09-19T19:00Z,OPEN_METEO_FORECAST,FORECAST,87.2,95.3,51,17,0.0,0.0,0.0,0,985.5,1.1,233,2.5
OPEN_METEO-FORECAST-401858233-20260917T235601Z,2026-09-17T16:56:01.603840-07:00,NCAA_Football,NCAA_Football,401858233,2026-09-19T19:30:00+00:00,California Memorial Stadium,Berkeley,CA,False,37.87159,-122.27275,2026-09-19T19:00Z,OPEN_METEO_FORECAST,FORECAST,74.2,75.8,49,0,0.0,0.0,0.0,0,1008.2,4.3,264,3.1
OPEN_METEO-FORECAST-401860890-20260917T235601Z,2026-09-17T16:56:01.603840-07:00,NCAA_Football,NCAA_Football,401860890,2026-09-19T19:30:00+00:00,Martin Stadium,Pullman,WA,False,46.73127,-117.17962,2026-09-19T19:00Z,OPEN_METEO_FORECAST,FORECAST,72.1,69.2,34,0,0.0,0.0,0.0,0,935.1,5.6,272,5.1
OPEN_METEO-FORECAST-401866424-20260917T235601Z,2026-09-17T16:56:01.603840-07:00,NCAA_Football,NCAA_Football,401866424,2026-09-19T19:30:00+00:00,Warren McGuirk Alumni Stadium,Amherst,MA,False,42.97839,-78.79976,2026-09-19T19:00Z,OPEN_METEO_FORECAST,FORECAST,68.4,63.0,31,5,0.0,0.0,0.0,3,999.0,7.2,86,7.8
OPEN_METEO-FORECAST-401858449-20260917T235601Z,2026-09-17T16:56:01.603840-07:00,NCAA_Football,NCAA_Football,401858449,2026-09-19T20:00:00+00:00,"Memorial Stadium (Bloomington, IN)",Bloomington,IN,False,39.16533,-86.52639,2026-09-19T20:00Z,OPEN_METEO_FORECAST,FORECAST,89.7,95.6,48,15,0.0,0.0,0.0,1,986.8,4.0,308,5.1
OPEN_METEO-FORECAST-401858471-20260917T235601Z,2026-09-17T16:56:01.603840-07:00,NCAA_Football,NCAA_Football,401858471,2026-09-19T20:00:00+00:00,Kinnick Stadium,Iowa City,IA,False,41.66113,-91.53017,2026-09-19T20:00Z,OPEN_METEO_FORECAST,FORECAST,79.9,84.2,73,33,0.0,0.0,0.0,3,987.2,9.4,208,17.4
OPEN_METEO-FORECAST-401858231-20260917T235601Z,2026-09-17T16:56:01.603840-07:00,NCAA_Football,NCAA_Football,401858231,2026-09-19T20:00:00+00:00,Wallace Wade Stadium,Durham,NC,False,35.99403,-78.89862,2026-09-19T20:00Z,OPEN_METEO_FORECAST,FORECAST,82.0,84.0,51,17,0.0,0.0,0.0,2,1001.8,5.4,88,8.1
OPEN_METEO-FORECAST-401866422-20260917T235601Z,2026-09-17T16:56:01.603840-07:00,NCAA_Football,NCAA_Football,401866422,2026-09-19T20:00:00+00:00,Williams Stadium (VA),Lynchburg,VA,False,37.41375,-79.14225,2026-09-19T20:00Z,OPEN_METEO_FORECAST,FORECAST,83.1,84.6,43,9,0.0,0.0,0.0,2,994.0,4.9,114,4.3
OPEN_METEO-FORECAST-401867804-20260917T235601Z,2026-09-17T16:56:01.603840-07:00,NCAA_Football,NCAA_Football,401867804,2026-09-19T20:00:00+00:00,McLane Stadium,Waco,TX,False,31.54933,-97.14667,2026-09-19T20:00Z,OPEN_METEO_FORECAST,FORECAST,99.1,99.2,23,0,0.0,0.0,0.0,0,994.9,9.7,161,9.8
OPEN_METEO-FORECAST-401856691-20260917T235601Z,2026-09-17T16:56:01.603840-07:00,NCAA_Football,NCAA_Football,401856691,2026-09-19T20:15:00+00:00,Williams-Brice Stadium,Columbia,SC,False,34.00071,-81.03481,2026-09-19T20:00Z,OPEN_METEO_FORECAST,FORECAST,87.6,93.6,55,64,0.008,0.0,0.0,51,1003.8,4.1,45,6.7
OPEN_METEO-FORECAST-401868317-20260917T235601Z,2026-09-17T16:56:01.603840-07:00,NCAA_Football,NCAA_Football,401868317,2026-09-19T20:30:00+00:00,Malone Stadium,Monroe,LA,False,32.50931,-92.1193,2026-09-19T20:00Z,OPEN_METEO_FORECAST,FORECAST,101.1,104.4,24,1,0.0,0.0,0.0,0,1010.0,4.3,168,5.6
OPEN_METEO-FORECAST-401862710-20260917T235601Z,2026-09-17T16:56:01.603840-07:00,NCAA_Football,NCAA_Football,401862710,2026-09-19T22:00:00+00:00,S.B. Ballard Stadium,Norfolk,VA,False,36.84681,-76.28522,2026-09-19T22:00Z,OPEN_METEO_FORECAST,FORECAST,78.0,78.2,58,2,0.0,0.0,0.0,0,1017.1,9.3,63,8.9
OPEN_METEO-FORECAST-401862771-20260917T235601Z,2026-09-17T16:56:01.603840-07:00,NCAA_Football,NCAA_Football,401862771,2026-09-19T22:00:00+00:00,Flagler Credit Union Stadium,Boca Raton,FL,False,26.35869,-80.0831,2026-09-19T22:00Z,OPEN_METEO_FORECAST,FORECAST,84.8,89.0,63,61,0.031,0.0,0.0,53,1011.4,9.9,85,8.7
OPEN_METEO-FORECAST-401864574-20260917T235601Z,2026-09-17T16:56:01.603840-07:00,NCAA_Football,NCAA_Football,401864574,2026-09-19T22:00:00+00:00,Kidd Brewer Stadium,Boone,NC,False,36.21679,-81.67455,2026-09-19T22:00Z,OPEN_METEO_FORECAST,FORECAST,69.6,73.6,86,49,0.0,0.0,0.0,3,906.0,4.0,142,5.4
OPEN_METEO-FORECAST-401871047-20260917T235601Z,2026-09-17T16:56:01.603840-07:00,NCAA_Football,NCAA_Football,401871047,2026-09-19T22:30:00+00:00,Robert W. Plaster Stadium,Springfield,MO,False,37.21533,-93.29824,2026-09-19T22:00Z,OPEN_METEO_FORECAST,FORECAST,97.7,93.9,21,0,0.0,0.0,0.0,3,965.4,10.1,201,11.0
OPEN_METEO-FORECAST-401856689-20260917T235601Z,2026-09-17T16:56:01.603840-07:00,NCAA_Football,NCAA_Football,401856689,2026-09-19T23:00:00+00:00,Memorial Stadium,Columbia,MO,False,34.00071,-81.03481,2026-09-19T23:00Z,OPEN_METEO_FORECAST,FORECAST,84.4,88.6,59,64,0.0,0.0,0.0,1,1003.6,7.1,70,12.1
OPEN_METEO-FORECAST-401856687-20260917T235601Z,2026-09-17T16:56:01.603840-07:00,NCAA_Football,NCAA_Football,401856687,2026-09-19T23:00:00+00:00,Jordan-Hare Stadium,Auburn,AL,False,42.93173,-76.56605,2026-09-19T23:00Z,OPEN_METEO_FORECAST,FORECAST,54.8,52.2,62,0,0.0,0.0,0.0,3,995.6,1.3,360,2.0
OPEN_METEO-FORECAST-401856800-20260917T235601Z,2026-09-17T16:56:01.603840-07:00,NCAA_Football,NCAA_Football,401856800,2026-09-19T23:00:00+00:00,Acrisure Bounce House,Orlando,FL,False,28.53834,-81.37924,2026-09-19T23:00Z,OPEN_METEO_FORECAST,FORECAST,84.5,88.2,60,50,0.02,0.0,0.0,53,1008.7,8.9,80,10.1
OPEN_METEO-FORECAST-401856803-20260917T235601Z,2026-09-17T16:56:01.603840-07:00,NCAA_Football,NCAA_Football,401856803,2026-09-19T23:00:00+00:00,Boone Pickens Stadium,Stillwater,OK,False,36.11561,-97.05837,2026-09-19T23:00Z,OPEN_METEO_FORECAST,FORECAST,100.9,96.7,24,2,0.0,0.0,0.0,0,974.7,15.5,175,19.5
OPEN_METEO-FORECAST-401861963-20260917T235601Z,2026-09-17T16:56:01.603840-07:00,NCAA_Football,NCAA_Football,401861963,2026-09-19T23:00:00+00:00,M. M. Roberts Stadium,Hattiesburg,MS,False,31.32712,-89.29034,2026-09-19T23:00Z,OPEN_METEO_FORECAST,FORECAST,88.7,92.3,45,1,0.0,0.0,0.0,3,1005.9,4.1,248,6.7
OPEN_METEO-FORECAST-401862772-20260917T235601Z,2026-09-17T16:56:01.603840-07:00,NCAA_Football,NCAA_Football,401862772,2026-09-19T23:00:00+00:00,Simmons Bank Liberty Stadium,Memphis,TN,False,35.14953,-90.04898,2026-09-19T23:00Z,OPEN_METEO_FORECAST,FORECAST,100.6,101.5,22,0,0.0,0.0,0.0,0,1000.9,1.6,98,4.0
OPEN_METEO-FORECAST-401862773-20260917T235601Z,2026-09-17T16:56:01.603840-07:00,NCAA_Football,NCAA_Football,401862773,2026-09-19T23:00:00+00:00,Rice Stadium,Houston,TX,False,29.76328,-95.36327,2026-09-19T23:00Z,OPEN_METEO_FORECAST,FORECAST,90.9,90.9,39,1,0.0,0.0,0.0,0,1010.7,10.2,126,11.2
OPEN_METEO-FORECAST-401862777-20260917T235601Z,2026-09-17T16:56:01.603840-07:00,NCAA_Football,NCAA_Football,401862777,2026-09-19T23:00:00+00:00,Raymond James Stadium,Tampa,FL,False,27.94752,-82.45843,2026-09-19T23:00Z,OPEN_METEO_FORECAST,FORECAST,87.9,92.4,50,52,0.0,0.0,0.0,2,1010.9,4.8,139,9.2
OPEN_METEO-FORECAST-401864443-20260917T235601Z,2026-09-17T16:56:01.603840-07:00,NCAA_Football,NCAA_Football,401864443,2026-09-19T23:00:00+00:00,"Johnny ""Red"" Floyd Stadium",Murfreesboro,TN,False,35.84562,-86.39027,2026-09-19T23:00Z,OPEN_METEO_FORECAST,FORECAST,90.2,95.5,47,11,0.0,0.0,0.0,0,990.5,2.8,76,4.0
OPEN_METEO-FORECAST-401866423-20260917T235601Z,2026-09-17T16:56:01.603840-07:00,NCAA_Football,NCAA_Football,401866423,2026-09-19T23:00:00+00:00,Hancock Whitney Stadium,Mobile,AL,False,30.69436,-88.04305,2026-09-19T23:00Z,OPEN_METEO_FORECAST,FORECAST,88.4,90.6,51,6,0.0,0.0,0.0,1,1012.2,11.2,177,11.2
OPEN_METEO-FORECAST-401869948-20260917T235601Z,2026-09-17T16:56:01.603840-07:00,NCAA_Football,NCAA_Football,401869948,2026-09-19T23:00:00+00:00,AmFirst Stadium,Jacksonville,AL,False,30.33218,-81.65565,2026-09-19T23:00Z,OPEN_METEO_FORECAST,FORECAST,85.2,86.5,50,9,0.0,0.0,0.0,3,1013.0,9.6,91,11.0
OPEN_METEO-FORECAST-401870764-20260917T235601Z,2026-09-17T16:56:01.603840-07:00,NCAA_Football,NCAA_Football,401870764,2026-09-19T23:00:00+00:00,Elliott T. Bowers Stadium,Huntsville,TX,False,34.7304,-86.58594,2026-09-19T23:00Z,OPEN_METEO_FORECAST,FORECAST,91.7,96.1,42,6,0.0,0.0,0.0,3,990.2,2.9,122,7.4
OPEN_METEO-FORECAST-401858452-20260917T235601Z,2026-09-17T16:56:01.603840-07:00,NCAA_Football,NCAA_Football,401858452,2026-09-19T23:15:00+00:00,"Memorial Stadium (Lincoln, NE)",Lincoln,NE,False,40.8,-96.66696,2026-09-19T23:00Z,OPEN_METEO_FORECAST,FORECAST,73.5,73.9,78,27,0.0,0.0,0.0,3,963.7,13.5,12,20.6
OPEN_METEO-FORECAST-401858459-20260917T235601Z,2026-09-17T16:56:01.603840-07:00,NCAA_Football,NCAA_Football,401858459,2026-09-19T23:15:00+00:00,Husky Stadium,Seattle,WA,False,47.60621,-122.33207,2026-09-19T23:00Z,OPEN_METEO_FORECAST,FORECAST,75.5,72.6,37,0,0.0,0.0,0.0,3,1009.5,5.2,350,2.5
OPEN_METEO-FORECAST-401858453-20260917T235601Z,2026-09-17T16:56:01.603840-07:00,NCAA_Football,NCAA_Football,401858453,2026-09-19T23:30:00+00:00,Notre Dame Stadium,Notre Dame,IN,False,41.70019,-86.23793,2026-09-19T23:00Z,OPEN_METEO_FORECAST,FORECAST,61.0,60.4,94,82,0.008,0.008,0.0,51,988.1,8.8,120,18.3
OPEN_METEO-FORECAST-401856688-20260917T235601Z,2026-09-17T16:56:01.603840-07:00,NCAA_Football,NCAA_Football,401856688,2026-09-19T23:30:00+00:00,Vaught-Hemingway Stadium,Oxford,MS,False,34.3665,-89.51925,2026-09-19T23:00Z,OPEN_METEO_FORECAST,FORECAST,94.3,98.0,36,0,0.0,0.0,0.0,0,993.6,2.5,153,2.7
OPEN_METEO-FORECAST-401856795-20260917T235601Z,2026-09-17T16:56:01.603840-07:00,NCAA_Football,NCAA_Football,401856795,2026-09-19T23:30:00+00:00,Canvas Stadium,Fort Collins,CO,False,40.58526,-105.08442,2026-09-19T23:00Z,OPEN_METEO_FORECAST,FORECAST,62.9,60.5,66,81,0.0,0.0,0.0,3,844.2,6.7,4,9.4
OPEN_METEO-FORECAST-401856690-20260917T235601Z,2026-09-17T16:56:01.603840-07:00,NCAA_Football,NCAA_Football,401856690,2026-09-19T23:30:00+00:00,"Memorial Stadium (Norman, OK)",Norman,OK,False,35.22257,-97.43948,2026-09-19T23:00Z,OPEN_METEO_FORECAST,FORECAST,100.6,96.1,22,0,0.0,0.0,0.0,0,967.1,14.3,181,15.2
OPEN_METEO-FORECAST-401856802-20260917T235601Z,2026-09-17T16:56:01.603840-07:00,NCAA_Football,NCAA_Football,401856802,2026-09-19T23:30:00+00:00,Bank of America Stadium,Charlotte,NC,False,35.22709,-80.84313,2026-09-19T23:00Z,OPEN_METEO_FORECAST,FORECAST,74.6,81.7,91,37,0.028,0.0,0.0,53,985.9,4.5,72,9.8
OPEN_METEO-FORECAST-401856796-20260917T235601Z,2026-09-17T16:56:01.603840-07:00,NCAA_Football,NCAA_Football,401856796,2026-09-19T23:30:00+00:00,Northwestern Medicine Field at Martin Stadium,Evanston,IL,False,41.26828,-110.96324,2026-09-19T23:00Z,OPEN_METEO_FORECAST,FORECAST,62.4,50.4,26,36,0.0,0.0,0.0,0,798.3,17.6,263,19.7
OPEN_METEO-FORECAST-401858232-20260917T235601Z,2026-09-17T16:56:01.603840-07:00,NCAA_Football,NCAA_Football,401858232,2026-09-19T23:30:00+00:00,SECU Stadium,College Park,MD,False,38.98067,-76.93692,2026-09-19T23:00Z,OPEN_METEO_FORECAST,FORECAST,73.2,73.0,63,16,0.0,0.0,0.0,3,1015.9,8.4,110,15.0
OPEN_METEO-FORECAST-401856692-20260917T235601Z,2026-09-17T16:56:01.603840-07:00,NCAA_Football,NCAA_Football,401856692,2026-09-19T23:45:00+00:00,Neyland Stadium,Knoxville,TN,False,35.96064,-83.92074,2026-09-19T23:00Z,OPEN_METEO_FORECAST,FORECAST,72.4,77.4,97,17,0.457,0.433,0.0,82,981.6,9.2,288,20.1
OPEN_METEO-FORECAST-401816992-20260917T235601Z,2026-09-17T16:56:01.603840-07:00,MLB,MLB,401816992,2026-09-19T00:10:00+00:00,Coors Field,Denver,Colorado,False,39.73915,-104.9847,2026-09-19T00:00Z,OPEN_METEO_FORECAST,FORECAST,73.7,70.1,39,29,0.0,0.0,0.0,3,842.0,6.8,352,11.4
OPEN_METEO-FORECAST-401816991-20260917T235601Z,2026-09-17T16:56:01.603840-07:00,MLB,MLB,401816991,2026-09-19T00:15:00+00:00,Busch Stadium,St. Louis,Missouri,False,38.62727,-90.19789,2026-09-19T00:00Z,OPEN_METEO_FORECAST,FORECAST,81.0,87.9,74,16,0.0,0.0,0.0,2,999.6,5.3,78,7.6
OPEN_METEO-FORECAST-401816994-20260917T235601Z,2026-09-17T16:56:01.603840-07:00,MLB,MLB,401816994,2026-09-19T01:38:00+00:00,Angel Stadium,Anaheim,California,False,33.83529,-117.9145,2026-09-19T02:00Z,OPEN_METEO_FORECAST,FORECAST,72.7,73.5,63,0,0.0,0.0,0.0,0,1009.6,5.6,236,8.3
OPEN_METEO-FORECAST-401816993-20260917T235601Z,2026-09-17T16:56:01.603840-07:00,MLB,MLB,401816993,2026-09-19T01:40:00+00:00,Petco Park,San Diego,California,False,32.71571,-117.16472,2026-09-19T02:00Z,OPEN_METEO_FORECAST,FORECAST,68.4,69.3,75,0,0.0,0.0,0.0,0,1014.6,5.9,317,10.1
OPEN_METEO-FORECAST-401816996-20260917T235601Z,2026-09-17T16:56:01.603840-07:00,MLB,MLB,401816996,2026-09-19T02:10:00+00:00,Dodger Stadium,Los Angeles,California,False,34.05223,-118.24368,2026-09-19T02:00Z,OPEN_METEO_FORECAST,FORECAST,69.1,69.7,72,0,0.0,0.0,0.0,0,1004.2,6.4,260,9.6
OPEN_METEO-FORECAST-401817001-20260917T235601Z,2026-09-17T16:56:01.603840-07:00,MLB,MLB,401817001,2026-09-19T20:05:00+00:00,Oriole Park at Camden Yards,Baltimore,Maryland,False,39.29038,-76.61219,2026-09-19T20:00Z,OPEN_METEO_FORECAST,FORECAST,75.6,74.1,46,11,0.0,0.0,0.0,3,1015.6,6.1,100,8.5
OPEN_METEO-FORECAST-401817002-20260917T235601Z,2026-09-17T16:56:01.603840-07:00,MLB,MLB,401817002,2026-09-19T20:10:00+00:00,Citi Field,Queens,New York,False,40.68149,-73.83652,2026-09-19T20:00Z,OPEN_METEO_FORECAST,FORECAST,71.7,67.1,32,0,0.0,0.0,0.0,2,1020.0,5.6,124,5.4
OPEN_METEO-FORECAST-401816997-20260917T235601Z,2026-09-17T16:56:01.603840-07:00,MLB,MLB,401816997,2026-09-19T22:10:00+00:00,Progressive Field,Cleveland,Ohio,False,41.4995,-81.69541,2026-09-19T22:00Z,OPEN_METEO_FORECAST,FORECAST,67.2,67.0,66,19,0.004,0.004,0.0,51,993.8,4.4,45,9.8
OPEN_METEO-FORECAST-401816999-20260917T235601Z,2026-09-17T16:56:01.603840-07:00,MLB,MLB,401816999,2026-09-19T22:40:00+00:00,Great American Ball Park,Cincinnati,Ohio,False,39.12711,-84.51439,2026-09-19T23:00Z,OPEN_METEO_FORECAST,FORECAST,75.9,80.8,81,17,0.012,0.0,0.0,51,983.5,6.8,17,9.2
OPEN_METEO-FORECAST-401817000-20260917T235601Z,2026-09-17T16:56:01.603840-07:00,MLB,MLB,401817000,2026-09-19T22:40:00+00:00,PNC Park,Pittsburgh,Pennsylvania,False,40.44062,-79.99589,2026-09-19T23:00Z,OPEN_METEO_FORECAST,FORECAST,68.7,67.6,59,6,0.0,0.0,0.0,3,988.7,5.2,65,12.8
OPEN_METEO-FORECAST-401817004-20260917T235601Z,2026-09-17T16:56:01.603840-07:00,MLB,MLB,401817004,2026-09-19T23:10:00+00:00,Rate Field,Chicago,Illinois,False,41.85003,-87.65005,2026-09-19T23:00Z,OPEN_METEO_FORECAST,FORECAST,65.1,67.0,95,85,0.008,0.008,0.0,51,992.8,7.0,140,19.9
OPEN_METEO-FORECAST-401817006-20260917T235601Z,2026-09-17T16:56:01.603840-07:00,MLB,MLB,401817006,2026-09-19T23:15:00+00:00,Busch Stadium,St. Louis,Missouri,False,38.62727,-90.19789,2026-09-19T23:00Z,OPEN_METEO_FORECAST,FORECAST,88.7,90.1,38,2,0.0,0.0,0.0,3,994.4,4.5,81,6.5
OPEN_METEO-FORECAST-401817040-20260917T235601Z,2026-09-17T16:56:01.603840-07:00,MLB,MLB,401817040,2026-09-23T00:40:00+00:00,Coors Field,Denver,Colorado,False,39.73915,-104.9847,2026-09-23T01:00Z,OPEN_METEO_FORECAST,FORECAST,64.3,61.2,62,32,0.0,0.0,0.0,2,836.8,8.1,141,1.6
OPEN_METEO-FORECAST-401817041-20260917T235601Z,2026-09-17T16:56:01.603840-07:00,MLB,MLB,401817041,2026-09-23T01:40:00+00:00,Sutter Health Park,Sacramento,California,False,38.58157,-121.4944,2026-09-23T02:00Z,OPEN_METEO_FORECAST,FORECAST,82.2,79.6,34,0,0.0,0.0,0.0,0,1004.8,7.0,187,13.2
OPEN_METEO-FORECAST-401817043-20260917T235601Z,2026-09-17T16:56:01.603840-07:00,MLB,MLB,401817043,2026-09-23T01:45:00+00:00,Oracle Park,San Francisco,California,False,37.77493,-122.41942,2026-09-23T02:00Z,OPEN_METEO_FORECAST,FORECAST,64.9,64.0,72,0,0.0,0.0,0.0,2,1008.2,6.3,264,6.7
OPEN_METEO-FORECAST-401817044-20260917T235601Z,2026-09-17T16:56:01.603840-07:00,MLB,MLB,401817044,2026-09-23T02:10:00+00:00,Dodger Stadium,Los Angeles,California,False,34.05223,-118.24368,2026-09-23T02:00Z,OPEN_METEO_FORECAST,FORECAST,73.8,74.8,66,0,0.0,0.0,0.0,0,997.8,7.3,225,6.0
OPEN_METEO-FORECAST-401817051-20260917T235601Z,2026-09-17T16:56:01.603840-07:00,MLB,MLB,401817051,2026-09-23T17:10:00+00:00,Comerica Park,Detroit,Michigan,False,42.33143,-83.04575,2026-09-23T17:00Z,OPEN_METEO_FORECAST,FORECAST,60.2,60.1,85,23,0.0,0.0,0.0,3,1000.2,4.7,329,14.1
OPEN_METEO-FORECAST-401817058-20260917T235601Z,2026-09-17T16:56:01.603840-07:00,MLB,MLB,401817058,2026-09-23T19:45:00+00:00,Oracle Park,San Francisco,California,False,37.77493,-122.41942,2026-09-23T20:00Z,OPEN_METEO_FORECAST,FORECAST,78.8,80.4,37,0,0.0,0.0,0.0,0,1008.9,3.8,277,5.6
OPEN_METEO-FORECAST-401817050-20260917T235601Z,2026-09-17T16:56:01.603840-07:00,MLB,MLB,401817050,2026-09-23T22:35:00+00:00,Oriole Park at Camden Yards,Baltimore,Maryland,False,39.29038,-76.61219,2026-09-23T23:00Z,OPEN_METEO_FORECAST,FORECAST,62.9,61.9,93,29,0.004,0.004,0.0,51,1022.4,11.2,77,17.4
OPEN_METEO-FORECAST-401817047-20260917T235601Z,2026-09-17T16:56:01.603840-07:00,MLB,MLB,401817047,2026-09-23T22:40:00+00:00,Citizens Bank Park,Philadelphia,Pennsylvania,False,39.95238,-75.16362,2026-09-23T23:00Z,OPEN_METEO_FORECAST,FORECAST,63.3,60.7,82,23,0.0,0.0,0.0,3,1024.8,12.3,71,19.2
OPEN_METEO-FORECAST-401817048-20260917T235601Z,2026-09-17T16:56:01.603840-07:00,MLB,MLB,401817048,2026-09-23T22:40:00+00:00,PNC Park,Pittsburgh,Pennsylvania,False,40.44062,-79.99589,2026-09-23T23:00Z,OPEN_METEO_FORECAST,FORECAST,60.9,60.4,94,37,0.004,0.0,0.0,51,995.2,8.4,122,25.7
OPEN_METEO-FORECAST-401817046-20260917T235601Z,2026-09-17T16:56:01.603840-07:00,MLB,MLB,401817046,2026-09-23T23:00:00+00:00,Fenway Park,Boston,Massachusetts,False,42.35843,-71.05977,2026-09-23T23:00Z,OPEN_METEO_FORECAST,FORECAST,57.8,50.3,71,12,0.0,0.0,0.0,3,1028.6,16.9,67,19.2
OPEN_METEO-FORECAST-401817049-20260917T235601Z,2026-09-17T16:56:01.603840-07:00,MLB,MLB,401817049,2026-09-23T23:05:00+00:00,Yankee Stadium,Bronx,New York,False,40.93815,-73.83208,2026-09-23T23:00Z,OPEN_METEO_FORECAST,FORECAST,59.9,54.7,79,21,0.004,0.004,0.0,51,1023.7,14.9,64,19.7
OPEN_METEO-FORECAST-401817045-20260917T235601Z,2026-09-17T16:56:01.603840-07:00,MLB,MLB,401817045,2026-09-23T23:15:00+00:00,Truist Park,Atlanta,Georgia,False,33.749,-84.38798,2026-09-23T23:00Z,OPEN_METEO_FORECAST,FORECAST,87.1,90.3,46,12,0.0,0.0,0.0,3,983.0,4.3,118,9.8
OPEN_METEO-FORECAST-401817052-20260917T235601Z,2026-09-17T16:56:01.603840-07:00,MLB,MLB,401817052,2026-09-23T23:40:00+00:00,Kauffman Stadium,Kansas City,Missouri,False,39.09973,-94.57857,2026-09-23T23:00Z,OPEN_METEO_FORECAST,FORECAST,67.3,64.0,52,3,0.0,0.0,0.0,3,987.7,7.3,59,11.6
OPEN_METEO-FORECAST-401817053-20260917T235601Z,2026-09-17T16:56:01.603840-07:00,MLB,MLB,401817053,2026-09-23T23:40:00+00:00,Wrigley Field,Chicago,Illinois,False,41.85003,-87.65005,2026-09-23T23:00Z,OPEN_METEO_FORECAST,FORECAST,60.3,56.8,78,3,0.004,0.0,0.0,51,1002.2,10.9,352,11.2
OPEN_METEO-FORECAST-401872947-20260917T235842Z,2026-09-17T16:58:42.842956-07:00,NFL,NFL,401872947,2026-09-22T00:15:00+00:00,SoFi Stadium,Inglewood,CA,False,33.96168,-118.35313,2026-09-22T00:00Z,OPEN_METEO_FORECAST,FORECAST,73.0,71.4,61,0,0.0,0.0,0.0,0,1005.1,10.8,253,5.6
OPEN_METEO-FORECAST-401873648-20260917T235842Z,2026-09-17T16:58:42.842956-07:00,MLB,MLB,401873648,2026-09-22T17:05:00+00:00,Yankee Stadium,Bronx,New York,False,40.93815,-73.83208,2026-09-22T17:00Z,OPEN_METEO_FORECAST,FORECAST,56.1,50.0,92,32,0.142,0.138,0.0,81,1018.6,17.4,72,28.9
OPEN_METEO-FORECAST-401817035-20260917T235842Z,2026-09-17T16:58:42.842956-07:00,MLB,MLB,401817035,2026-09-22T22:35:00+00:00,Oriole Park at Camden Yards,Baltimore,Maryland,False,39.29038,-76.61219,2026-09-22T23:00Z,OPEN_METEO_FORECAST,FORECAST,61.1,59.4,91,48,0.0,0.0,0.0,3,1015.6,10.8,56,27.1
OPEN_METEO-FORECAST-401817032-20260917T235842Z,2026-09-17T16:58:42.842956-07:00,MLB,MLB,401817032,2026-09-22T22:40:00+00:00,Citizens Bank Park,Philadelphia,Pennsylvania,False,39.95238,-75.16362,2026-09-22T23:00Z,OPEN_METEO_FORECAST,FORECAST,59.6,55.0,84,41,0.0,0.0,0.0,3,1019.1,14.7,69,29.5
OPEN_METEO-FORECAST-401817033-20260917T235842Z,2026-09-17T16:58:42.842956-07:00,MLB,MLB,401817033,2026-09-22T22:40:00+00:00,PNC Park,Pittsburgh,Pennsylvania,False,40.44062,-79.99589,2026-09-22T23:00Z,OPEN_METEO_FORECAST,FORECAST,67.8,69.9,85,57,0.0,0.0,0.0,3,988.5,6.1,96,12.8
OPEN_METEO-FORECAST-401817036-20260917T235842Z,2026-09-17T16:58:42.842956-07:00,MLB,MLB,401817036,2026-09-22T22:40:00+00:00,Comerica Park,Detroit,Michigan,False,42.33143,-83.04575,2026-09-22T23:00Z,OPEN_METEO_FORECAST,FORECAST,57.1,52.5,72,15,0.0,0.0,0.0,3,997.4,9.7,38,17.7
OPEN_METEO-FORECAST-401817031-20260917T235842Z,2026-09-17T16:58:42.842956-07:00,MLB,MLB,401817031,2026-09-22T22:45:00+00:00,Fenway Park,Boston,Massachusetts,False,42.35843,-71.05977,2026-09-22T23:00Z,OPEN_METEO_FORECAST,FORECAST,52.7,44.9,87,19,0.028,0.024,0.0,53,1024.8,17.8,55,22.4
OPEN_METEO-FORECAST-401817034-20260917T235842Z,2026-09-17T16:58:42.842956-07:00,MLB,MLB,401817034,2026-09-22T23:05:00+00:00,Yankee Stadium,Bronx,New York,False,40.93815,-73.83208,2026-09-22T23:00Z,OPEN_METEO_FORECAST,FORECAST,52.8,47.0,92,31,0.008,0.008,0.0,51,1019.9,14.1,54,26.2
OPEN_METEO-FORECAST-401817030-20260917T235842Z,2026-09-17T16:58:42.842956-07:00,MLB,MLB,401817030,2026-09-22T23:15:00+00:00,Truist Park,Atlanta,Georgia,False,33.749,-84.38798,2026-09-22T23:00Z,OPEN_METEO_FORECAST,FORECAST,88.7,93.4,43,41,0.004,0.004,0.0,51,975.6,0.2,270,4.0
OPEN_METEO-FORECAST-401817037-20260917T235842Z,2026-09-17T16:58:42.842956-07:00,MLB,MLB,401817037,2026-09-22T23:40:00+00:00,Kauffman Stadium,Kansas City,Missouri,False,39.09973,-94.57857,2026-09-22T23:00Z,OPEN_METEO_FORECAST,FORECAST,64.7,62.0,68,2,0.0,0.0,0.0,3,987.8,9.2,26,13.6
OPEN_METEO-FORECAST-401817038-20260917T235842Z,2026-09-17T16:58:42.842956-07:00,MLB,MLB,401817038,2026-09-22T23:40:00+00:00,Wrigley Field,Chicago,Illinois,False,41.85003,-87.65005,2026-09-22T23:00Z,OPEN_METEO_FORECAST,FORECAST,57.7,51.0,69,26,0.0,0.0,0.0,3,1000.2,14.4,36,17.9
OPEN_METEO-FORECAST-401817029-20260917T235842Z,2026-09-17T16:58:42.842956-07:00,MLB,MLB,401817029,2026-09-22T01:45:00+00:00,Oracle Park,San Francisco,California,False,37.77493,-122.41942,2026-09-22T02:00Z,OPEN_METEO_FORECAST,FORECAST,61.8,59.4,78,0,0.0,0.0,0.0,0,1010.1,9.4,237,9.2
OPEN_METEO-FORECAST-401872945-20260917T235842Z,2026-09-17T16:58:42.842956-07:00,NFL,NFL,401872945,2026-09-21T00:20:00+00:00,Arrowhead Stadium,Kansas City,MO,False,39.09973,-94.57857,2026-09-21T00:00Z,OPEN_METEO_FORECAST,FORECAST,75.2,77.2,75,38,0.0,0.0,0.0,3,978.5,10.4,353,15.9
OPEN_METEO-FORECAST-401817027-20260917T235842Z,2026-09-17T16:58:42.842956-07:00,MLB,MLB,401817027,2026-09-21T22:35:00+00:00,Oriole Park at Camden Yards,Baltimore,Maryland,False,39.29038,-76.61219,2026-09-21T23:00Z,OPEN_METEO_FORECAST,FORECAST,66.8,67.0,82,40,0.004,0.0,0.0,51,1012.6,8.6,37,13.9
OPEN_METEO-FORECAST-401817028-20260917T235842Z,2026-09-17T16:58:42.842956-07:00,MLB,MLB,401817028,2026-09-21T22:40:00+00:00,Comerica Park,Detroit,Michigan,False,42.33143,-83.04575,2026-09-21T23:00Z,OPEN_METEO_FORECAST,FORECAST,63.1,57.3,56,27,0.0,0.0,0.0,3,995.6,12.0,76,23.9
OPEN_METEO-FORECAST-401872932-20260917T235842Z,2026-09-17T16:58:42.842956-07:00,NFL,NFL,401872932,2026-09-18T00:15:00+00:00,Highmark Stadium,Orchard Park,NY,False,42.76756,-78.74392,2026-09-18T00:00Z,OPEN_METEO_FORECAST,FORECAST,67.2,70.4,88,1,0.0,0.0,0.0,2,989.1,3.8,90,6.5
OPEN_METEO-FORECAST-401858226-20260917T235842Z,2026-09-17T16:58:42.842956-07:00,NCAA_Football,NCAA_Football,401858226,2026-09-18T23:30:00+00:00,Allegacy Federal Credit Union Stadium,Winston-Salem,NC,False,36.09986,-80.24422,2026-09-18T23:00Z,OPEN_METEO_FORECAST,FORECAST,81.7,90.2,73,25,0.0,0.0,0.0,3,983.7,1.5,243,11.2
OPEN_METEO-FORECAST-401816984-20260917T235842Z,2026-09-17T16:58:42.842956-07:00,MLB,MLB,401816984,2026-09-18T22:40:00+00:00,Great American Ball Park,Cincinnati,Ohio,False,39.12711,-84.51439,2026-09-18T23:00Z,OPEN_METEO_FORECAST,FORECAST,76.9,79.8,75,6,0.0,0.0,0.0,0,988.3,10.1,22,16.1
OPEN_METEO-FORECAST-401816985-20260917T235842Z,2026-09-17T16:58:42.842956-07:00,MLB,MLB,401816985,2026-09-18T22:40:00+00:00,PNC Park,Pittsburgh,Pennsylvania,False,40.44062,-79.99589,2026-09-18T23:00Z,OPEN_METEO_FORECAST,FORECAST,71.2,74.1,76,0,0.0,0.0,0.0,3,991.8,4.3,360,9.8
OPEN_METEO-FORECAST-401816986-20260917T235842Z,2026-09-17T16:58:42.842956-07:00,MLB,MLB,401816986,2026-09-18T23:05:00+00:00,Oriole Park at Camden Yards,Baltimore,Maryland,False,39.29038,-76.61219,2026-09-18T23:00Z,OPEN_METEO_FORECAST,FORECAST,78.2,80.8,63,0,0.0,0.0,0.0,0,1014.6,6.4,350,13.0
OPEN_METEO-FORECAST-401816982-20260917T235842Z,2026-09-17T16:58:42.842956-07:00,MLB,MLB,401816982,2026-09-18T23:10:00+00:00,Progressive Field,Cleveland,Ohio,False,41.4995,-81.69541,2026-09-18T23:00Z,OPEN_METEO_FORECAST,FORECAST,69.4,67.1,62,0,0.0,0.0,0.0,3,998.2,9.9,18,14.8
OPEN_METEO-FORECAST-401816987-20260917T235842Z,2026-09-17T16:58:42.842956-07:00,MLB,MLB,401816987,2026-09-18T23:10:00+00:00,Citi Field,Queens,New York,False,40.68149,-73.83652,2026-09-18T23:00Z,OPEN_METEO_FORECAST,FORECAST,75.0,74.4,52,0,0.0,0.0,0.0,0,1016.3,6.0,13,14.1
OPEN_METEO-FORECAST-401816989-20260917T235842Z,2026-09-17T16:58:42.842956-07:00,MLB,MLB,401816989,2026-09-18T23:40:00+00:00,Rate Field,Chicago,Illinois,False,41.85003,-87.65005,2026-09-18T23:00Z,OPEN_METEO_FORECAST,FORECAST,65.0,64.2,78,3,0.0,0.0,0.0,3,999.9,8.1,90,16.6
OPEN_METEO-FORECAST-401816981-20260917T235842Z,2026-09-17T16:58:42.842956-07:00,MLB,MLB,401816981,2026-09-18T01:38:00+00:00,Angel Stadium,Anaheim,California,False,33.83529,-117.9145,2026-09-18T02:00Z,OPEN_METEO_FORECAST,FORECAST,73.5,73.4,59,0,0.0,0.0,0.0,0,1010.9,6.6,252,10.1
OPEN_METEO-FORECAST-401872937-20260917T235842Z,2026-09-17T16:58:42.842956-07:00,NFL,NFL,401872937,2026-09-20T17:00:00+00:00,Soldier Field,Chicago,IL,False,41.85003,-87.65005,2026-09-20T17:00Z,OPEN_METEO_FORECAST,FORECAST,64.9,65.9,96,62,0.012,0.0,0.0,51,992.4,9.4,78,14.5
OPEN_METEO-FORECAST-401872939-20260917T235842Z,2026-09-17T16:58:42.842956-07:00,NFL,NFL,401872939,2026-09-20T17:00:00+00:00,Nissan Stadium,Nashville,TN,False,36.16589,-86.78444,2026-09-20T17:00Z,OPEN_METEO_FORECAST,FORECAST,88.9,92.9,47,1,0.0,0.0,0.0,3,996.3,4.7,172,7.2
OPEN_METEO-FORECAST-401872946-20260917T235842Z,2026-09-17T16:58:42.842956-07:00,NFL,NFL,401872946,2026-09-20T17:00:00+00:00,Gillette Stadium,Foxborough,MA,False,42.06538,-71.24783,2026-09-20T17:00Z,OPEN_METEO_FORECAST,FORECAST,58.1,56.0,65,8,0.0,0.0,0.0,3,1010.0,2.9,176,10.7
OPEN_METEO-FORECAST-401872936-20260917T235842Z,2026-09-17T16:58:42.842956-07:00,NFL,NFL,401872936,2026-09-20T17:00:00+00:00,MetLife Stadium,East Rutherford,NJ,False,40.83399,-74.09709,2026-09-20T17:00Z,OPEN_METEO_FORECAST,FORECAST,61.6,61.3,86,72,0.055,0.055,0.0,61,1016.1,6.5,124,14.3
OPEN_METEO-FORECAST-401872935-20260917T235842Z,2026-09-17T16:58:42.842956-07:00,NFL,NFL,401872935,2026-09-20T17:00:00+00:00,Raymond James Stadium,Tampa,FL,False,27.94752,-82.45843,2026-09-20T17:00Z,OPEN_METEO_FORECAST,FORECAST,89.0,96.4,51,6,0.0,0.0,0.0,3,1012.6,3.3,164,4.0
OPEN_METEO-FORECAST-401872938-20260917T235842Z,2026-09-17T16:58:42.842956-07:00,NFL,NFL,401872938,2026-09-20T17:00:00+00:00,M&T Bank Stadium,Baltimore,MD,False,39.29038,-76.61219,2026-09-20T17:00Z,OPEN_METEO_FORECAST,FORECAST,74.5,77.6,76,23,0.004,0.0,0.0,51,1012.9,7.4,178,18.1
OPEN_METEO-FORECAST-401872940-20260917T235842Z,2026-09-17T16:58:42.842956-07:00,NFL,NFL,401872940,2026-09-20T20:05:00+00:00,Empower Field at Mile High,Denver,CO,False,39.73915,-104.9847,2026-09-20T20:00Z,OPEN_METEO_FORECAST,FORECAST,74.3,70.7,35,52,0.0,0.0,0.0,3,838.3,10.5,34,9.8
OPEN_METEO-FORECAST-401872941-20260917T235842Z,2026-09-17T16:58:42.842956-07:00,NFL,NFL,401872941,2026-09-20T20:05:00+00:00,SoFi Stadium,Inglewood,CA,False,33.96168,-118.35313,2026-09-20T20:00Z,OPEN_METEO_FORECAST,FORECAST,78.2,80.3,49,0,0.0,0.0,0.0,0,1007.1,8.4,189,6.3
OPEN_METEO-FORECAST-401872942-20260917T235842Z,2026-09-17T16:58:42.842956-07:00,NFL,NFL,401872942,2026-09-20T20:25:00+00:00,Levi's Stadium,Santa Clara,CA,False,37.35411,-121.95524,2026-09-20T20:00Z,OPEN_METEO_FORECAST,FORECAST,76.9,74.0,40,0,0.0,0.0,0.0,3,1010.1,7.4,357,4.3
OPEN_METEO-FORECAST-401856693-20260917T235842Z,2026-09-17T16:58:42.842956-07:00,NCAA_Football,NCAA_Football,401856693,2026-09-20T00:00:00+00:00,DKR-Texas Memorial Stadium,Austin,TX,False,30.26715,-97.74306,2026-09-20T00:00Z,OPEN_METEO_FORECAST,FORECAST,97.3,93.9,24,1,0.0,0.0,0.0,0,992.0,11.4,122,12.8
OPEN_METEO-FORECAST-401856799-20260917T235842Z,2026-09-17T16:58:42.842956-07:00,NCAA_Football,NCAA_Football,401856799,2026-09-20T00:00:00+00:00,Amon G. Carter Stadium,Fort Worth,TX,False,32.72541,-97.32085,2026-09-20T00:00Z,OPEN_METEO_FORECAST,FORECAST,97.1,93.2,21,0,0.0,0.0,0.0,0,987.0,9.7,157,10.7
OPEN_METEO-FORECAST-401862775-20260917T235842Z,2026-09-17T16:58:42.842956-07:00,NCAA_Football,NCAA_Football,401862775,2026-09-20T00:00:00+00:00,H. A. Chapman Stadium,Tulsa,OK,False,36.15398,-95.99277,2026-09-20T00:00Z,OPEN_METEO_FORECAST,FORECAST,96.6,94.0,26,0,0.0,0.0,0.0,3,981.9,10.8,174,21.0
OPEN_METEO-FORECAST-401862776-20260917T235842Z,2026-09-17T16:58:42.842956-07:00,NCAA_Football,NCAA_Football,401862776,2026-09-20T00:00:00+00:00,Our Lady of Lourdes Stadium,Lafayette,LA,False,30.22409,-92.01984,2026-09-20T00:00Z,OPEN_METEO_FORECAST,FORECAST,82.3,86.0,66,3,0.0,0.0,0.0,0,1011.2,9.8,192,15.9
OPEN_METEO-FORECAST-401860885-20260917T235842Z,2026-09-17T16:58:42.842956-07:00,NCAA_Football,NCAA_Football,401860885,2026-09-20T02:00:00+00:00,Albertsons Stadium,Boise,ID,False,43.6135,-116.20345,2026-09-20T02:00Z,OPEN_METEO_FORECAST,FORECAST,71.4,67.6,39,0,0.0,0.0,0.0,0,920.1,5.9,7,10.7
OPEN_METEO-FORECAST-401860887-20260917T235842Z,2026-09-17T16:58:42.842956-07:00,NCAA_Football,NCAA_Football,401860887,2026-09-20T02:00:00+00:00,Snapdragon Stadium,San Diego,CA,False,32.71571,-117.16472,2026-09-20T02:00Z,OPEN_METEO_FORECAST,FORECAST,72.6,74.3,69,0,0.0,0.0,0.0,0,1010.1,5.8,270,4.0
OPEN_METEO-FORECAST-401856793-20260917T235842Z,2026-09-17T16:58:42.842956-07:00,NCAA_Football,NCAA_Football,401856793,2026-09-20T02:30:00+00:00,Casino Del Sol Stadium,Tucson,AZ,False,32.22174,-110.92648,2026-09-20T02:00Z,OPEN_METEO_FORECAST,FORECAST,93.1,84.3,13,0,0.0,0.0,0.0,0,925.5,13.0,251,13.0
OPEN_METEO-FORECAST-401864507-20260917T235842Z,2026-09-17T16:58:42.842956-07:00,NCAA_Football,NCAA_Football,401864507,2026-09-20T02:30:00+00:00,Hornet Stadium,Sacramento,CA,False,38.58157,-121.4944,2026-09-20T02:00Z,OPEN_METEO_FORECAST,FORECAST,82.1,78.0,32,0,0.0,0.0,0.0,0,1007.1,9.3,201,18.1
OPEN_METEO-FORECAST-401858458-20260917T235842Z,2026-09-17T16:58:42.842956-07:00,NCAA_Football,NCAA_Football,401858458,2026-09-20T03:00:00+00:00,Rose Bowl,Pasadena,CA,False,29.69106,-95.2091,2026-09-20T03:00Z,OPEN_METEO_FORECAST,FORECAST,82.5,87.9,65,0,0.0,0.0,0.0,0,1012.6,5.6,146,15.0
OPEN_METEO-FORECAST-401860886-20260917T235842Z,2026-09-17T16:58:42.842956-07:00,NCAA_Football,NCAA_Football,401860886,2026-09-20T03:00:00+00:00,Reser Stadium,Corvallis,OR,False,33.90224,-118.08173,2026-09-20T03:00Z,OPEN_METEO_FORECAST,FORECAST,76.9,77.3,54,0,0.0,0.0,0.0,2,1008.3,6.0,243,5.8
OPEN_METEO-FORECAST-401860888-20260917T235842Z,2026-09-17T16:58:42.842956-07:00,NCAA_Football,NCAA_Football,401860888,2026-09-20T03:00:00+00:00,CEFCU Stadium,San Jose,CA,False,37.33939,-121.89496,2026-09-20T03:00Z,OPEN_METEO_FORECAST,FORECAST,72.2,70.6,51,0,0.0,0.0,0.0,0,1009.1,6.0,333,4.3
OPEN_METEO-FORECAST-401817017-20260917T235842Z,2026-09-17T16:58:42.842956-07:00,MLB,MLB,401817017,2026-09-20T17:10:00+00:00,Citi Field,Queens,New York,False,40.68149,-73.83652,2026-09-20T17:00Z,OPEN_METEO_FORECAST,FORECAST,63.4,62.1,80,58,0.059,0.059,0.0,61,1017.8,8.6,131,13.9
OPEN_METEO-FORECAST-401817015-20260917T235842Z,2026-09-17T16:58:42.842956-07:00,MLB,MLB,401817015,2026-09-20T17:35:00+00:00,PNC Park,Pittsburgh,Pennsylvania,False,40.44062,-79.99589,2026-09-20T18:00Z,OPEN_METEO_FORECAST,FORECAST,69.9,75.3,94,74,0.024,0.012,0.0,53,986.8,4.0,286,8.5
OPEN_METEO-FORECAST-401817012-20260917T235842Z,2026-09-17T16:58:42.842956-07:00,MLB,MLB,401817012,2026-09-20T17:40:00+00:00,Progressive Field,Cleveland,Ohio,False,41.4995,-81.69541,2026-09-20T18:00Z,OPEN_METEO_FORECAST,FORECAST,62.3,62.9,90,63,0.008,0.008,0.0,51,991.9,5.9,79,9.2
OPEN_METEO-FORECAST-401817014-20260917T235842Z,2026-09-17T16:58:42.842956-07:00,MLB,MLB,401817014,2026-09-20T17:40:00+00:00,Great American Ball Park,Cincinnati,Ohio,False,39.12711,-84.51439,2026-09-20T18:00Z,OPEN_METEO_FORECAST,FORECAST,75.0,79.0,74,11,0.0,0.0,0.0,3,983.0,4.7,172,9.2
OPEN_METEO-FORECAST-401817019-20260917T235842Z,2026-09-17T16:58:42.842956-07:00,MLB,MLB,401817019,2026-09-20T18:10:00+00:00,Rate Field,Chicago,Illinois,False,41.85003,-87.65005,2026-09-20T18:00Z,OPEN_METEO_FORECAST,FORECAST,64.4,65.0,97,62,0.102,0.091,0.0,81,992.1,9.8,73,15.0
OPEN_METEO-FORECAST-401817021-20260917T235842Z,2026-09-17T16:58:42.842956-07:00,MLB,MLB,401817021,2026-09-20T18:15:00+00:00,Busch Stadium,St. Louis,Missouri,False,38.62727,-90.19789,2026-09-20T18:00Z,OPEN_METEO_FORECAST,FORECAST,89.8,92.9,38,11,0.0,0.0,0.0,3,994.8,4.7,239,7.2
OPEN_METEO-FORECAST-401817022-20260917T235842Z,2026-09-17T16:58:42.842956-07:00,MLB,MLB,401817022,2026-09-20T19:10:00+00:00,Coors Field,Denver,Colorado,False,39.73915,-104.9847,2026-09-20T19:00Z,OPEN_METEO_FORECAST,FORECAST,72.7,69.1,38,52,0.0,0.0,0.0,2,838.7,11.4,23,10.3
OPEN_METEO-FORECAST-401817024-20260917T235842Z,2026-09-17T16:58:42.842956-07:00,MLB,MLB,401817024,2026-09-20T20:07:00+00:00,Angel Stadium,Anaheim,California,False,33.83529,-117.9145,2026-09-20T20:00Z,OPEN_METEO_FORECAST,FORECAST,81.4,83.5,45,0,0.0,0.0,0.0,0,1007.0,8.7,209,7.2
OPEN_METEO-FORECAST-401817023-20260917T235842Z,2026-09-17T16:58:42.842956-07:00,MLB,MLB,401817023,2026-09-20T20:10:00+00:00,Petco Park,San Diego,California,False,32.71571,-117.16472,2026-09-20T20:00Z,OPEN_METEO_FORECAST,FORECAST,75.5,78.4,60,0,0.0,0.0,0.0,0,1011.2,9.5,261,5.4
OPEN_METEO-FORECAST-401817026-20260917T235842Z,2026-09-17T16:58:42.842956-07:00,MLB,MLB,401817026,2026-09-20T20:10:00+00:00,Dodger Stadium,Los Angeles,California,False,34.05223,-118.24368,2026-09-20T20:00Z,OPEN_METEO_FORECAST,FORECAST,82.4,84.4,40,0,0.0,0.0,0.0,0,1001.5,7.2,171,6.3
OPEN_METEO-FORECAST-401817016-20260917T235842Z,2026-09-17T16:58:42.842956-07:00,MLB,MLB,401817016,2026-09-20T23:20:00+00:00,Oriole Park at Camden Yards,Baltimore,Maryland,False,39.29038,-76.61219,2026-09-20T23:00Z,OPEN_METEO_FORECAST,FORECAST,74.0,78.3,81,54,0.0,0.0,0.0,2,1010.5,5.9,155,18.3
OPEN_METEO-FORECAST-401817007-20260917T235842Z,2026-09-17T16:58:42.842956-07:00,MLB,MLB,401817007,2026-09-20T00:10:00+00:00,Coors Field,Denver,Colorado,False,39.73915,-104.9847,2026-09-20T00:00Z,OPEN_METEO_FORECAST,FORECAST,68.4,66.6,57,71,0.0,0.0,0.0,0,838.4,6.1,123,6.7
OPEN_METEO-FORECAST-401817008-20260917T235842Z,2026-09-17T16:58:42.842956-07:00,MLB,MLB,401817008,2026-09-20T00:40:00+00:00,Petco Park,San Diego,California,False,32.71571,-117.16472,2026-09-20T01:00Z,OPEN_METEO_FORECAST,FORECAST,73.9,74.8,63,0,0.0,0.0,0.0,0,1009.7,6.3,272,3.1
OPEN_METEO-FORECAST-401817011-20260917T235842Z,2026-09-17T16:58:42.842956-07:00,MLB,MLB,401817011,2026-09-20T01:10:00+00:00,Dodger Stadium,Los Angeles,California,False,34.05223,-118.24368,2026-09-20T01:00Z,OPEN_METEO_FORECAST,FORECAST,77.4,76.6,54,0,0.0,0.0,0.0,0,1000.3,9.3,240,8.3
OPEN_METEO-FORECAST-401817009-20260917T235842Z,2026-09-17T16:58:42.842956-07:00,MLB,MLB,401817009,2026-09-20T01:38:00+00:00,Angel Stadium,Anaheim,California,False,33.83529,-117.9145,2026-09-20T02:00Z,OPEN_METEO_FORECAST,FORECAST,76.2,75.9,54,0,0.0,0.0,0.0,3,1005.6,7.0,220,6.0
OPEN_METEO-FORECAST-401856811-20260917T235842Z,2026-09-17T16:58:42.842956-07:00,NCAA_Football,NCAA_Football,401856811,2026-09-19T00:00:00+00:00,Galaxy Stadium,Lubbock,TX,False,33.57786,-101.85517,2026-09-19T00:00Z,OPEN_METEO_FORECAST,FORECAST,89.1,86.2,30,1,0.0,0.0,0.0,0,909.0,9.4,180,13.0
OPEN_METEO-FORECAST-401858455-20260917T235842Z,2026-09-17T16:58:42.842956-07:00,NCAA_Football,NCAA_Football,401858455,2026-09-19T02:30:00+00:00,Autzen Stadium,Eugene,OR,False,44.05207,-123.08675,2026-09-19T02:00Z,OPEN_METEO_FORECAST,FORECAST,68.7,65.5,52,0,0.0,0.0,0.0,0,1004.1,7.8,294,13.9
OPEN_METEO-FORECAST-401869940-20260917T235842Z,2026-09-17T16:58:42.842956-07:00,NCAA_Football,NCAA_Football,401869940,2026-09-19T15:30:00+00:00,Delaware Stadium,Newark,DE,False,40.73566,-74.17237,2026-09-19T15:00Z,OPEN_METEO_FORECAST,FORECAST,63.7,59.3,48,0,0.0,0.0,0.0,3,1021.4,8.3,27,11.2
OPEN_METEO-FORECAST-401856686-20260917T235842Z,2026-09-17T16:58:42.842956-07:00,NCAA_Football,NCAA_Football,401856686,2026-09-19T16:00:00+00:00,Donald W. Reynolds Razorback Stadium,Fayetteville,AR,False,35.05266,-78.87836,2026-09-19T16:00Z,OPEN_METEO_FORECAST,FORECAST,82.2,88.1,73,15,0.0,0.0,0.0,2,1012.8,9.0,34,11.4
OPEN_METEO-FORECAST-401858454-20260917T235842Z,2026-09-17T16:58:42.842956-07:00,NCAA_Football,NCAA_Football,401858454,2026-09-19T16:00:00+00:00,Ohio Stadium,Columbus,OH,False,39.96118,-82.99879,2026-09-19T16:00Z,OPEN_METEO_FORECAST,FORECAST,69.3,72.3,79,6,0.0,0.0,0.0,3,991.8,3.6,102,7.8
OPEN_METEO-FORECAST-401858456-20260917T235842Z,2026-09-17T16:58:42.842956-07:00,NCAA_Football,NCAA_Football,401858456,2026-09-19T16:00:00+00:00,Beaver Stadium,University Park,PA,False,37.44188,-122.14302,2026-09-19T16:00Z,OPEN_METEO_FORECAST,FORECAST,60.1,60.3,82,0,0.0,0.0,0.0,2,1015.8,2.6,155,3.2
OPEN_METEO-FORECAST-401856792-20260917T235842Z,2026-09-17T16:58:42.842956-07:00,NCAA_Football,NCAA_Football,401856792,2026-09-19T16:00:00+00:00,Bill Snyder Family Stadium,Manhattan,KS,False,40.78343,-73.96625,2026-09-19T16:00Z,OPEN_METEO_FORECAST,FORECAST,66.0,61.7,42,0,0.0,0.0,0.0,2,1017.3,9.6,50,11.5
OPEN_METEO-FORECAST-401856798-20260917T235842Z,2026-09-17T16:58:42.842956-07:00,NCAA_Football,NCAA_Football,401856798,2026-09-19T16:00:00+00:00,Jack Trice Stadium,Ames,IA,False,42.03471,-93.61994,2026-09-19T16:00Z,OPEN_METEO_FORECAST,FORECAST,76.1,81.6,84,29,0.0,0.0,0.0,3,977.0,7.1,301,10.2
OPEN_METEO-FORECAST-401856812-20260917T235842Z,2026-09-17T16:58:42.842956-07:00,NCAA_Football,NCAA_Football,401856812,2026-09-19T16:00:00+00:00,Wembley Stadium,London,,False,39.88645,-83.44825,2026-09-19T16:00Z,OPEN_METEO_FORECAST,FORECAST,70.9,72.8,73,3,0.0,0.0,0.0,0,981.1,7.4,82,10.2
OPEN_METEO-FORECAST-401858228-20260917T235842Z,2026-09-17T16:58:42.842956-07:00,NCAA_Football,NCAA_Football,401858228,2026-09-19T16:00:00+00:00,Bobby Dodd Stadium,Atlanta,GA,False,33.749,-84.38798,2026-09-19T16:00Z,OPEN_METEO_FORECAST,FORECAST,90.2,97.0,45,1,0.0,0.0,0.0,0,980.1,2.3,287,3.9
OPEN_METEO-FORECAST-401858229-20260917T235842Z,2026-09-17T16:58:42.842956-07:00,NCAA_Football,NCAA_Football,401858229,2026-09-19T16:00:00+00:00,"Memorial Stadium (Clemson, SC)",Clemson,SC,False,34.68344,-82.83737,2026-09-19T16:00Z,OPEN_METEO_FORECAST,FORECAST,88.8,96.8,52,1,0.0,0.0,0.0,0,991.4,3.0,92,3.8
OPEN_METEO-FORECAST-401858451-20260917T235842Z,2026-09-17T16:58:42.842956-07:00,NCAA_Football,NCAA_Football,401858451,2026-09-19T16:00:00+00:00,Huntington Bank Stadium,Minneapolis,MN,False,44.97997,-93.26384,2026-09-19T16:00Z,OPEN_METEO_FORECAST,FORECAST,57.8,57.2,94,23,0.008,0.008,0.0,3,985.4,5.8,71,14.9
OPEN_METEO-FORECAST-401860889-20260917T235842Z,2026-09-17T16:58:42.842956-07:00,NCAA_Football,NCAA_Football,401860889,2026-09-19T16:00:00+00:00,UFCU Stadium,San Marcos,TX,False,29.88327,-97.94139,2026-09-19T16:00Z,OPEN_METEO_FORECAST,FORECAST,87.1,92.6,55,0,0.0,0.0,0.0,0,994.3,6.8,176,7.3
OPEN_METEO-FORECAST-401858460-20260917T235842Z,2026-09-17T16:58:42.842956-07:00,NCAA_Football,NCAA_Football,401858460,2026-09-19T16:30:00+00:00,Camp Randall Stadium,Madison,WI,False,43.07305,-89.40123,2026-09-19T16:00Z,OPEN_METEO_FORECAST,FORECAST,62.7,62.0,96,90,0.145,0.143,0.0,63,982.8,11.1,140,22.6
OPEN_METEO-FORECAST-401856695-20260917T235842Z,2026-09-17T16:58:42.842956-07:00,NCAA_Football,NCAA_Football,401856695,2026-09-19T16:45:00+00:00,FirstBank Stadium,Nashville,TN,False,36.16589,-86.78444,2026-09-19T17:00Z,OPEN_METEO_FORECAST,FORECAST,98.4,101.5,28,0,0.0,0.0,0.0,0,997.1,5.6,258,7.7
OPEN_METEO-FORECAST-401864508-20260917T235842Z,2026-09-17T16:58:42.842956-07:00,NCAA_Football,NCAA_Football,401864508,2026-09-19T17:00:00+00:00,Kelly/Shorts Stadium,Mount Pleasant,MI,False,43.59781,-84.76751,2026-09-19T17:00Z,OPEN_METEO_FORECAST,FORECAST,62.0,57.7,54,49,0.0,0.0,0.0,3,991.7,7.0,113,11.2
OPEN_METEO-FORECAST-401858227-20260917T235842Z,2026-09-17T16:58:42.842956-07:00,NCAA_Football,NCAA_Football,401858227,2026-09-19T18:00:00+00:00,"Alumni Stadium (Chestnut Hill, MA)",Chestnut Hill,MA,False,42.33065,-71.16616,2026-09-19T18:00Z,OPEN_METEO_FORECAST,FORECAST,62.5,57.9,39,0,0.0,0.0,0.0,3,1014.1,8.4,91,6.8
OPEN_METEO-FORECAST-401858448-20260917T235842Z,2026-09-17T16:58:42.842956-07:00,NCAA_Football,NCAA_Football,401858448,2026-09-19T18:00:00+00:00,Gies Memorial Stadium,Champaign,IL,False,40.11642,-88.24338,2026-09-19T18:00Z,OPEN_METEO_FORECAST,FORECAST,75.7,79.7,81,27,0.0,0.0,0.0,1,988.7,9.5,102,10.0
OPEN_METEO-FORECAST-401862774-20260917T235842Z,2026-09-17T16:58:42.842956-07:00,NCAA_Football,NCAA_Football,401862774,2026-09-19T19:00:00+00:00,Glass Bowl,Toledo,OH,False,41.66394,-83.55521,2026-09-19T19:00Z,OPEN_METEO_FORECAST,FORECAST,63.0,64.6,88,58,0.004,0.004,0.0,51,996.1,3.7,57,10.3
OPEN_METEO-FORECAST-401856694-20260917T235842Z,2026-09-17T16:58:42.842956-07:00,NCAA_Football,NCAA_Football,401856694,2026-09-19T19:30:00+00:00,Kyle Field,College Station,TX,False,30.62798,-96.33441,2026-09-19T19:00Z,OPEN_METEO_FORECAST,FORECAST,97.0,99.2,27,0,0.0,0.0,0.0,0,1000.7,8.2,139,9.2
OPEN_METEO-FORECAST-401856685-20260917T235842Z,2026-09-17T16:58:42.842956-07:00,NCAA_Football,NCAA_Football,401856685,2026-09-19T19:30:00+00:00,Bryant-Denny Stadium,Tuscaloosa,AL,False,33.20984,-87.56917,2026-09-19T19:00Z,OPEN_METEO_FORECAST,FORECAST,98.0,101.4,33,17,0.004,0.0,0.0,51,1005.3,3.8,36,4.3
OPEN_METEO-FORECAST-401858457-20260917T235842Z,2026-09-17T16:58:42.842956-07:00,NCAA_Football,NCAA_Football,401858457,2026-09-19T19:30:00+00:00,SHI Stadium,Piscataway,NJ,False,40.49927,-74.39904,2026-09-19T19:00Z,OPEN_METEO_FORECAST,FORECAST,68.6,63.0,33,0,0.0,0.0,0.0,3,1017.5,6.9,103,6.7
OPEN_METEO-FORECAST-401858230-20260917T235842Z,2026-09-17T16:58:42.842956-07:00,NCAA_Football,NCAA_Football,401858230,2026-09-19T19:30:00+00:00,L&N Federal Credit Union Stadium,Louisville,KY,False,38.25424,-85.75941,2026-09-19T19:00Z,OPEN_METEO_FORECAST,FORECAST,93.4,101.9,45,11,0.0,0.0,0.0,0,997.2,2.7,246,4.0
OPEN_METEO-FORECAST-401856801-20260917T235842Z,2026-09-17T16:58:42.842956-07:00,NCAA_Football,NCAA_Football,401856801,2026-09-19T19:30:00+00:00,Rice-Eccles Stadium,Salt Lake City,UT,False,40.76078,-111.89105,2026-09-19T19:00Z,OPEN_METEO_FORECAST,FORECAST,72.9,68.3,28,22,0.0,0.0,0.0,0,873.1,9.6,323,13.0
OPEN_METEO-FORECAST-401858450-20260917T235842Z,2026-09-17T16:58:42.842956-07:00,NCAA_Football,NCAA_Football,401858450,2026-09-19T19:30:00+00:00,Michigan Stadium,Ann Arbor,MI,False,42.27756,-83.74088,2026-09-19T19:00Z,OPEN_METEO_FORECAST,FORECAST,58.3,58.7,95,70,0.035,0.035,0.0,53,986.7,4.5,108,14.1
OPEN_METEO-FORECAST-401856797-20260917T235842Z,2026-09-17T16:58:42.842956-07:00,NCAA_Football,NCAA_Football,401856797,2026-09-19T19:30:00+00:00,TQL Stadium,Cincinnati,OH,False,39.12711,-84.51439,2026-09-19T19:00Z,OPEN_METEO_FORECAST,FORECAST,87.2,95.3,51,17,0.0,0.0,0.0,0,984.8,1.1,233,2.2
OPEN_METEO-FORECAST-401858233-20260917T235842Z,2026-09-17T16:58:42.842956-07:00,NCAA_Football,NCAA_Football,401858233,2026-09-19T19:30:00+00:00,California Memorial Stadium,Berkeley,CA,False,37.87159,-122.27275,2026-09-19T19:00Z,OPEN_METEO_FORECAST,FORECAST,74.2,75.8,49,0,0.0,0.0,0.0,0,1008.2,4.3,264,2.9
OPEN_METEO-FORECAST-401860890-20260917T235842Z,2026-09-17T16:58:42.842956-07:00,NCAA_Football,NCAA_Football,401860890,2026-09-19T19:30:00+00:00,Martin Stadium,Pullman,WA,False,46.73127,-117.17962,2026-09-19T19:00Z,OPEN_METEO_FORECAST,FORECAST,72.1,69.2,34,0,0.0,0.0,0.0,0,935.3,5.6,272,4.5
OPEN_METEO-FORECAST-401866424-20260917T235842Z,2026-09-17T16:58:42.842956-07:00,NCAA_Football,NCAA_Football,401866424,2026-09-19T19:30:00+00:00,Warren McGuirk Alumni Stadium,Amherst,MA,False,42.97839,-78.79976,2026-09-19T19:00Z,OPEN_METEO_FORECAST,FORECAST,68.4,63.0,31,5,0.0,0.0,0.0,3,999.3,7.2,86,8.3
OPEN_METEO-FORECAST-401858449-20260917T235842Z,2026-09-17T16:58:42.842956-07:00,NCAA_Football,NCAA_Football,401858449,2026-09-19T20:00:00+00:00,"Memorial Stadium (Bloomington, IN)",Bloomington,IN,False,39.16533,-86.52639,2026-09-19T20:00Z,OPEN_METEO_FORECAST,FORECAST,89.7,95.6,48,15,0.0,0.0,0.0,1,986.5,4.0,308,6.0
OPEN_METEO-FORECAST-401858471-20260917T235842Z,2026-09-17T16:58:42.842956-07:00,NCAA_Football,NCAA_Football,401858471,2026-09-19T20:00:00+00:00,Kinnick Stadium,Iowa City,IA,False,41.66113,-91.53017,2026-09-19T20:00Z,OPEN_METEO_FORECAST,FORECAST,79.9,84.2,73,33,0.0,0.0,0.0,3,987.0,9.4,208,13.6
OPEN_METEO-FORECAST-401858231-20260917T235842Z,2026-09-17T16:58:42.842956-07:00,NCAA_Football,NCAA_Football,401858231,2026-09-19T20:00:00+00:00,Wallace Wade Stadium,Durham,NC,False,35.99403,-78.89862,2026-09-19T20:00Z,OPEN_METEO_FORECAST,FORECAST,82.0,84.0,51,17,0.0,0.0,0.0,2,1002.3,5.4,88,7.2
OPEN_METEO-FORECAST-401866422-20260917T235842Z,2026-09-17T16:58:42.842956-07:00,NCAA_Football,NCAA_Football,401866422,2026-09-19T20:00:00+00:00,Williams Stadium (VA),Lynchburg,VA,False,37.41375,-79.14225,2026-09-19T20:00Z,OPEN_METEO_FORECAST,FORECAST,83.1,84.6,43,9,0.0,0.0,0.0,2,993.4,4.9,114,3.8
OPEN_METEO-FORECAST-401867804-20260917T235842Z,2026-09-17T16:58:42.842956-07:00,NCAA_Football,NCAA_Football,401867804,2026-09-19T20:00:00+00:00,McLane Stadium,Waco,TX,False,31.54933,-97.14667,2026-09-19T20:00Z,OPEN_METEO_FORECAST,FORECAST,99.1,99.2,23,0,0.0,0.0,0.0,0,994.6,9.7,161,10.1
OPEN_METEO-FORECAST-401856691-20260917T235842Z,2026-09-17T16:58:42.842956-07:00,NCAA_Football,NCAA_Football,401856691,2026-09-19T20:15:00+00:00,Williams-Brice Stadium,Columbia,SC,False,34.00071,-81.03481,2026-09-19T20:00Z,OPEN_METEO_FORECAST,FORECAST,87.6,93.6,55,64,0.008,0.0,0.0,51,1004.2,4.1,45,6.3
OPEN_METEO-FORECAST-401868317-20260917T235842Z,2026-09-17T16:58:42.842956-07:00,NCAA_Football,NCAA_Football,401868317,2026-09-19T20:30:00+00:00,Malone Stadium,Monroe,LA,False,32.50931,-92.1193,2026-09-19T20:00Z,OPEN_METEO_FORECAST,FORECAST,101.1,104.4,24,1,0.0,0.0,0.0,0,1009.9,4.3,168,6.5
OPEN_METEO-FORECAST-401862710-20260917T235842Z,2026-09-17T16:58:42.842956-07:00,NCAA_Football,NCAA_Football,401862710,2026-09-19T22:00:00+00:00,S.B. Ballard Stadium,Norfolk,VA,False,36.84681,-76.28522,2026-09-19T22:00Z,OPEN_METEO_FORECAST,FORECAST,78.0,78.2,58,2,0.0,0.0,0.0,0,1016.7,9.3,63,9.4
OPEN_METEO-FORECAST-401862771-20260917T235842Z,2026-09-17T16:58:42.842956-07:00,NCAA_Football,NCAA_Football,401862771,2026-09-19T22:00:00+00:00,Flagler Credit Union Stadium,Boca Raton,FL,False,26.35869,-80.0831,2026-09-19T22:00Z,OPEN_METEO_FORECAST,FORECAST,84.8,89.0,63,61,0.031,0.0,0.0,53,1011.8,9.9,85,8.7
OPEN_METEO-FORECAST-401864574-20260917T235842Z,2026-09-17T16:58:42.842956-07:00,NCAA_Football,NCAA_Football,401864574,2026-09-19T22:00:00+00:00,Kidd Brewer Stadium,Boone,NC,False,36.21679,-81.67455,2026-09-19T22:00Z,OPEN_METEO_FORECAST,FORECAST,69.6,73.6,86,49,0.0,0.0,0.0,3,906.1,4.0,142,5.4
OPEN_METEO-FORECAST-401871047-20260917T235842Z,2026-09-17T16:58:42.842956-07:00,NCAA_Football,NCAA_Football,401871047,2026-09-19T22:30:00+00:00,Robert W. Plaster Stadium,Springfield,MO,False,37.21533,-93.29824,2026-09-19T22:00Z,OPEN_METEO_FORECAST,FORECAST,97.7,93.9,21,0,0.0,0.0,0.0,3,965.5,10.1,201,11.6
OPEN_METEO-FORECAST-401856689-20260917T235842Z,2026-09-17T16:58:42.842956-07:00,NCAA_Football,NCAA_Football,401856689,2026-09-19T23:00:00+00:00,Memorial Stadium,Columbia,MO,False,34.00071,-81.03481,2026-09-19T23:00Z,OPEN_METEO_FORECAST,FORECAST,84.4,88.6,59,64,0.0,0.0,0.0,1,1004.3,7.1,70,12.3
OPEN_METEO-FORECAST-401856687-20260917T235842Z,2026-09-17T16:58:42.842956-07:00,NCAA_Football,NCAA_Football,401856687,2026-09-19T23:00:00+00:00,Jordan-Hare Stadium,Auburn,AL,False,42.93173,-76.56605,2026-09-19T23:00Z,OPEN_METEO_FORECAST,FORECAST,54.8,52.2,62,0,0.0,0.0,0.0,3,996.3,1.3,360,1.8
OPEN_METEO-FORECAST-401856800-20260917T235842Z,2026-09-17T16:58:42.842956-07:00,NCAA_Football,NCAA_Football,401856800,2026-09-19T23:00:00+00:00,Acrisure Bounce House,Orlando,FL,False,28.53834,-81.37924,2026-09-19T23:00Z,OPEN_METEO_FORECAST,FORECAST,84.5,88.2,60,50,0.02,0.0,0.0,53,1008.2,8.9,80,9.2
OPEN_METEO-FORECAST-401856803-20260917T235842Z,2026-09-17T16:58:42.842956-07:00,NCAA_Football,NCAA_Football,401856803,2026-09-19T23:00:00+00:00,Boone Pickens Stadium,Stillwater,OK,False,36.11561,-97.05837,2026-09-19T23:00Z,OPEN_METEO_FORECAST,FORECAST,100.9,96.7,24,2,0.0,0.0,0.0,0,975.6,15.5,175,16.8
OPEN_METEO-FORECAST-401861963-20260917T235842Z,2026-09-17T16:58:42.842956-07:00,NCAA_Football,NCAA_Football,401861963,2026-09-19T23:00:00+00:00,M. M. Roberts Stadium,Hattiesburg,MS,False,31.32712,-89.29034,2026-09-19T23:00Z,OPEN_METEO_FORECAST,FORECAST,88.7,92.3,45,1,0.0,0.0,0.0,3,1005.6,4.1,248,6.9
OPEN_METEO-FORECAST-401862772-20260917T235842Z,2026-09-17T16:58:42.842956-07:00,NCAA_Football,NCAA_Football,401862772,2026-09-19T23:00:00+00:00,Simmons Bank Liberty Stadium,Memphis,TN,False,35.14953,-90.04898,2026-09-19T23:00Z,OPEN_METEO_FORECAST,FORECAST,100.6,101.5,22,0,0.0,0.0,0.0,0,1000.8,1.6,98,4.5
OPEN_METEO-FORECAST-401862773-20260917T235842Z,2026-09-17T16:58:42.842956-07:00,NCAA_Football,NCAA_Football,401862773,2026-09-19T23:00:00+00:00,Rice Stadium,Houston,TX,False,29.76328,-95.36327,2026-09-19T23:00Z,OPEN_METEO_FORECAST,FORECAST,90.9,90.9,39,1,0.0,0.0,0.0,0,1010.8,10.2,126,10.5
OPEN_METEO-FORECAST-401862777-20260917T235842Z,2026-09-17T16:58:42.842956-07:00,NCAA_Football,NCAA_Football,401862777,2026-09-19T23:00:00+00:00,Raymond James Stadium,Tampa,FL,False,27.94752,-82.45843,2026-09-19T23:00Z,OPEN_METEO_FORECAST,FORECAST,87.9,92.4,50,52,0.0,0.0,0.0,2,1011.2,4.8,139,5.1
OPEN_METEO-FORECAST-401864443-20260917T235842Z,2026-09-17T16:58:42.842956-07:00,NCAA_Football,NCAA_Football,401864443,2026-09-19T23:00:00+00:00,"Johnny ""Red"" Floyd Stadium",Murfreesboro,TN,False,35.84562,-86.39027,2026-09-19T23:00Z,OPEN_METEO_FORECAST,FORECAST,90.2,95.5,47,11,0.0,0.0,0.0,0,989.8,2.8,76,5.1
OPEN_METEO-FORECAST-401866423-20260917T235842Z,2026-09-17T16:58:42.842956-07:00,NCAA_Football,NCAA_Football,401866423,2026-09-19T23:00:00+00:00,Hancock Whitney Stadium,Mobile,AL,False,30.69436,-88.04305,2026-09-19T23:00Z,OPEN_METEO_FORECAST,FORECAST,88.4,90.6,51,6,0.0,0.0,0.0,1,1012.1,11.2,177,13.9
OPEN_METEO-FORECAST-401869948-20260917T235842Z,2026-09-17T16:58:42.842956-07:00,NCAA_Football,NCAA_Football,401869948,2026-09-19T23:00:00+00:00,AmFirst Stadium,Jacksonville,AL,False,30.33218,-81.65565,2026-09-19T23:00Z,OPEN_METEO_FORECAST,FORECAST,85.2,86.5,50,9,0.0,0.0,0.0,3,1013.0,9.6,91,11.4
OPEN_METEO-FORECAST-401870764-20260917T235842Z,2026-09-17T16:58:42.842956-07:00,NCAA_Football,NCAA_Football,401870764,2026-09-19T23:00:00+00:00,Elliott T. Bowers Stadium,Huntsville,TX,False,34.7304,-86.58594,2026-09-19T23:00Z,OPEN_METEO_FORECAST,FORECAST,91.7,96.1,42,6,0.0,0.0,0.0,3,989.3,2.9,122,3.4
OPEN_METEO-FORECAST-401858452-20260917T235842Z,2026-09-17T16:58:42.842956-07:00,NCAA_Football,NCAA_Football,401858452,2026-09-19T23:15:00+00:00,"Memorial Stadium (Lincoln, NE)",Lincoln,NE,False,40.8,-96.66696,2026-09-19T23:00Z,OPEN_METEO_FORECAST,FORECAST,73.5,73.9,78,27,0.0,0.0,0.0,3,967.5,13.5,12,13.9
OPEN_METEO-FORECAST-401858459-20260917T235842Z,2026-09-17T16:58:42.842956-07:00,NCAA_Football,NCAA_Football,401858459,2026-09-19T23:15:00+00:00,Husky Stadium,Seattle,WA,False,47.60621,-122.33207,2026-09-19T23:00Z,OPEN_METEO_FORECAST,FORECAST,75.5,72.6,37,0,0.0,0.0,0.0,3,1009.5,5.2,350,2.7
OPEN_METEO-FORECAST-401858453-20260917T235842Z,2026-09-17T16:58:42.842956-07:00,NCAA_Football,NCAA_Football,401858453,2026-09-19T23:30:00+00:00,Notre Dame Stadium,Notre Dame,IN,False,41.70019,-86.23793,2026-09-19T23:00Z,OPEN_METEO_FORECAST,FORECAST,61.0,60.4,94,82,0.008,0.008,0.0,51,989.1,8.8,120,17.0
OPEN_METEO-FORECAST-401856688-20260917T235842Z,2026-09-17T16:58:42.842956-07:00,NCAA_Football,NCAA_Football,401856688,2026-09-19T23:30:00+00:00,Vaught-Hemingway Stadium,Oxford,MS,False,34.3665,-89.51925,2026-09-19T23:00Z,OPEN_METEO_FORECAST,FORECAST,94.3,98.0,36,0,0.0,0.0,0.0,0,993.5,2.5,153,1.3
OPEN_METEO-FORECAST-401856795-20260917T235842Z,2026-09-17T16:58:42.842956-07:00,NCAA_Football,NCAA_Football,401856795,2026-09-19T23:30:00+00:00,Canvas Stadium,Fort Collins,CO,False,40.58526,-105.08442,2026-09-19T23:00Z,OPEN_METEO_FORECAST,FORECAST,62.9,60.5,66,81,0.0,0.0,0.0,3,845.2,6.7,4,7.8
OPEN_METEO-FORECAST-401856690-20260917T235842Z,2026-09-17T16:58:42.842956-07:00,NCAA_Football,NCAA_Football,401856690,2026-09-19T23:30:00+00:00,"Memorial Stadium (Norman, OK)",Norman,OK,False,35.22257,-97.43948,2026-09-19T23:00Z,OPEN_METEO_FORECAST,FORECAST,100.6,96.1,22,0,0.0,0.0,0.0,0,967.3,14.3,181,15.2
OPEN_METEO-FORECAST-401856802-20260917T235842Z,2026-09-17T16:58:42.842956-07:00,NCAA_Football,NCAA_Football,401856802,2026-09-19T23:30:00+00:00,Bank of America Stadium,Charlotte,NC,False,35.22709,-80.84313,2026-09-19T23:00Z,OPEN_METEO_FORECAST,FORECAST,74.6,81.7,91,37,0.028,0.0,0.0,53,986.7,4.5,72,11.6
OPEN_METEO-FORECAST-401856796-20260917T235842Z,2026-09-17T16:58:42.842956-07:00,NCAA_Football,NCAA_Football,401856796,2026-09-19T23:30:00+00:00,Northwestern Medicine Field at Martin Stadium,Evanston,IL,False,41.26828,-110.96324,2026-09-19T23:00Z,OPEN_METEO_FORECAST,FORECAST,62.4,50.4,26,36,0.0,0.0,0.0,0,796.9,17.6,263,17.4
OPEN_METEO-FORECAST-401858232-20260917T235842Z,2026-09-17T16:58:42.842956-07:00,NCAA_Football,NCAA_Football,401858232,2026-09-19T23:30:00+00:00,SECU Stadium,College Park,MD,False,38.98067,-76.93692,2026-09-19T23:00Z,OPEN_METEO_FORECAST,FORECAST,73.2,73.0,63,16,0.0,0.0,0.0,3,1016.4,8.4,110,13.2
OPEN_METEO-FORECAST-401856692-20260917T235842Z,2026-09-17T16:58:42.842956-07:00,NCAA_Football,NCAA_Football,401856692,2026-09-19T23:45:00+00:00,Neyland Stadium,Knoxville,TN,False,35.96064,-83.92074,2026-09-19T23:00Z,OPEN_METEO_FORECAST,FORECAST,72.4,77.4,97,17,0.457,0.433,0.0,82,980.8,9.2,288,11.4
OPEN_METEO-FORECAST-401816992-20260917T235842Z,2026-09-17T16:58:42.842956-07:00,MLB,MLB,401816992,2026-09-19T00:10:00+00:00,Coors Field,Denver,Colorado,False,39.73915,-104.9847,2026-09-19T00:00Z,OPEN_METEO_FORECAST,FORECAST,73.7,70.1,39,29,0.0,0.0,0.0,3,842.0,6.8,352,11.4
OPEN_METEO-FORECAST-401816991-20260917T235842Z,2026-09-17T16:58:42.842956-07:00,MLB,MLB,401816991,2026-09-19T00:15:00+00:00,Busch Stadium,St. Louis,Missouri,False,38.62727,-90.19789,2026-09-19T00:00Z,OPEN_METEO_FORECAST,FORECAST,81.0,87.9,74,17,0.0,0.0,0.0,2,999.6,5.3,78,7.6
OPEN_METEO-FORECAST-401816994-20260917T235842Z,2026-09-17T16:58:42.842956-07:00,MLB,MLB,401816994,2026-09-19T01:38:00+00:00,Angel Stadium,Anaheim,California,False,33.83529,-117.9145,2026-09-19T02:00Z,OPEN_METEO_FORECAST,FORECAST,72.7,73.5,63,0,0.0,0.0,0.0,0,1009.6,5.6,236,8.3
OPEN_METEO-FORECAST-401816993-20260917T235842Z,2026-09-17T16:58:42.842956-07:00,MLB,MLB,401816993,2026-09-19T01:40:00+00:00,Petco Park,San Diego,California,False,32.71571,-117.16472,2026-09-19T02:00Z,OPEN_METEO_FORECAST,FORECAST,68.4,69.3,75,0,0.0,0.0,0.0,0,1014.6,5.9,317,10.1
OPEN_METEO-FORECAST-401816996-20260917T235842Z,2026-09-17T16:58:42.842956-07:00,MLB,MLB,401816996,2026-09-19T02:10:00+00:00,Dodger Stadium,Los Angeles,California,False,34.05223,-118.24368,2026-09-19T02:00Z,OPEN_METEO_FORECAST,FORECAST,69.1,69.7,72,0,0.0,0.0,0.0,0,1004.2,6.4,260,9.6
OPEN_METEO-FORECAST-401817001-20260917T235842Z,2026-09-17T16:58:42.842956-07:00,MLB,MLB,401817001,2026-09-19T20:05:00+00:00,Oriole Park at Camden Yards,Baltimore,Maryland,False,39.29038,-76.61219,2026-09-19T20:00Z,OPEN_METEO_FORECAST,FORECAST,75.6,74.1,46,11,0.0,0.0,0.0,3,1015.9,6.1,100,7.2
OPEN_METEO-FORECAST-401817002-20260917T235842Z,2026-09-17T16:58:42.842956-07:00,MLB,MLB,401817002,2026-09-19T20:10:00+00:00,Citi Field,Queens,New York,False,40.68149,-73.83652,2026-09-19T20:00Z,OPEN_METEO_FORECAST,FORECAST,71.7,67.1,32,0,0.0,0.0,0.0,2,1020.0,5.6,124,4.9
OPEN_METEO-FORECAST-401816997-20260917T235842Z,2026-09-17T16:58:42.842956-07:00,MLB,MLB,401816997,2026-09-19T22:10:00+00:00,Progressive Field,Cleveland,Ohio,False,41.4995,-81.69541,2026-09-19T22:00Z,OPEN_METEO_FORECAST,FORECAST,67.2,67.0,66,19,0.004,0.004,0.0,51,994.2,4.4,45,6.9
OPEN_METEO-FORECAST-401816999-20260917T235842Z,2026-09-17T16:58:42.842956-07:00,MLB,MLB,401816999,2026-09-19T22:40:00+00:00,Great American Ball Park,Cincinnati,Ohio,False,39.12711,-84.51439,2026-09-19T23:00Z,OPEN_METEO_FORECAST,FORECAST,75.9,80.8,81,17,0.012,0.0,0.0,51,982.7,6.8,17,15.9
OPEN_METEO-FORECAST-401817000-20260917T235842Z,2026-09-17T16:58:42.842956-07:00,MLB,MLB,401817000,2026-09-19T22:40:00+00:00,PNC Park,Pittsburgh,Pennsylvania,False,40.44062,-79.99589,2026-09-19T23:00Z,OPEN_METEO_FORECAST,FORECAST,68.7,67.6,59,6,0.0,0.0,0.0,3,989.2,5.2,65,17.2
OPEN_METEO-FORECAST-401817004-20260917T235842Z,2026-09-17T16:58:42.842956-07:00,MLB,MLB,401817004,2026-09-19T23:10:00+00:00,Rate Field,Chicago,Illinois,False,41.85003,-87.65005,2026-09-19T23:00Z,OPEN_METEO_FORECAST,FORECAST,65.1,67.0,95,85,0.008,0.008,0.0,51,993.4,7.0,140,11.6
OPEN_METEO-FORECAST-401817006-20260917T235842Z,2026-09-17T16:58:42.842956-07:00,MLB,MLB,401817006,2026-09-19T23:15:00+00:00,Busch Stadium,St. Louis,Missouri,False,38.62727,-90.19789,2026-09-19T23:00Z,OPEN_METEO_FORECAST,FORECAST,88.7,90.1,38,2,0.0,0.0,0.0,3,995.3,4.5,81,9.4
OPEN_METEO-FORECAST-401817040-20260917T235842Z,2026-09-17T16:58:42.842956-07:00,MLB,MLB,401817040,2026-09-23T00:40:00+00:00,Coors Field,Denver,Colorado,False,39.73915,-104.9847,2026-09-23T01:00Z,OPEN_METEO_FORECAST,FORECAST,64.3,61.2,62,32,0.0,0.0,0.0,2,838.4,8.1,141,5.8
OPEN_METEO-FORECAST-401817041-20260917T235842Z,2026-09-17T16:58:42.842956-07:00,MLB,MLB,401817041,2026-09-23T01:40:00+00:00,Sutter Health Park,Sacramento,California,False,38.58157,-121.4944,2026-09-23T02:00Z,OPEN_METEO_FORECAST,FORECAST,82.2,79.6,34,0,0.0,0.0,0.0,0,1004.8,7.0,187,13.6
OPEN_METEO-FORECAST-401817043-20260917T235842Z,2026-09-17T16:58:42.842956-07:00,MLB,MLB,401817043,2026-09-23T01:45:00+00:00,Oracle Park,San Francisco,California,False,37.77493,-122.41942,2026-09-23T02:00Z,OPEN_METEO_FORECAST,FORECAST,64.9,64.0,72,0,0.0,0.0,0.0,2,1008.0,6.3,264,5.6
OPEN_METEO-FORECAST-401817044-20260917T235842Z,2026-09-17T16:58:42.842956-07:00,MLB,MLB,401817044,2026-09-23T02:10:00+00:00,Dodger Stadium,Los Angeles,California,False,34.05223,-118.24368,2026-09-23T02:00Z,OPEN_METEO_FORECAST,FORECAST,73.8,74.8,66,0,0.0,0.0,0.0,0,997.9,7.3,225,6.0
OPEN_METEO-FORECAST-401817051-20260917T235842Z,2026-09-17T16:58:42.842956-07:00,MLB,MLB,401817051,2026-09-23T17:10:00+00:00,Comerica Park,Detroit,Michigan,False,42.33143,-83.04575,2026-09-23T17:00Z,OPEN_METEO_FORECAST,FORECAST,60.2,60.1,85,23,0.0,0.0,0.0,3,997.0,4.7,329,6.9
OPEN_METEO-FORECAST-401817058-20260917T235842Z,2026-09-17T16:58:42.842956-07:00,MLB,MLB,401817058,2026-09-23T19:45:00+00:00,Oracle Park,San Francisco,California,False,37.77493,-122.41942,2026-09-23T20:00Z,OPEN_METEO_FORECAST,FORECAST,78.8,80.4,37,0,0.0,0.0,0.0,0,1008.6,3.8,277,4.9
OPEN_METEO-FORECAST-401817050-20260917T235842Z,2026-09-17T16:58:42.842956-07:00,MLB,MLB,401817050,2026-09-23T22:35:00+00:00,Oriole Park at Camden Yards,Baltimore,Maryland,False,39.29038,-76.61219,2026-09-23T23:00Z,OPEN_METEO_FORECAST,FORECAST,62.9,61.9,93,29,0.004,0.004,0.0,51,1019.0,11.2,77,25.7
OPEN_METEO-FORECAST-401817047-20260917T235842Z,2026-09-17T16:58:42.842956-07:00,MLB,MLB,401817047,2026-09-23T22:40:00+00:00,Citizens Bank Park,Philadelphia,Pennsylvania,False,39.95238,-75.16362,2026-09-23T23:00Z,OPEN_METEO_FORECAST,FORECAST,63.3,60.7,82,23,0.0,0.0,0.0,3,1022.3,12.3,71,25.7
OPEN_METEO-FORECAST-401817048-20260917T235842Z,2026-09-17T16:58:42.842956-07:00,MLB,MLB,401817048,2026-09-23T22:40:00+00:00,PNC Park,Pittsburgh,Pennsylvania,False,40.44062,-79.99589,2026-09-23T23:00Z,OPEN_METEO_FORECAST,FORECAST,60.9,60.4,94,37,0.004,0.0,0.0,51,992.0,8.4,122,20.6
OPEN_METEO-FORECAST-401817046-20260917T235842Z,2026-09-17T16:58:42.842956-07:00,MLB,MLB,401817046,2026-09-23T23:00:00+00:00,Fenway Park,Boston,Massachusetts,False,42.35843,-71.05977,2026-09-23T23:00Z,OPEN_METEO_FORECAST,FORECAST,57.8,50.3,71,12,0.0,0.0,0.0,3,1028.0,16.9,67,21.0
OPEN_METEO-FORECAST-401817049-20260917T235842Z,2026-09-17T16:58:42.842956-07:00,MLB,MLB,401817049,2026-09-23T23:05:00+00:00,Yankee Stadium,Bronx,New York,False,40.93815,-73.83208,2026-09-23T23:00Z,OPEN_METEO_FORECAST,FORECAST,59.9,54.7,79,21,0.004,0.004,0.0,51,1022.5,14.9,64,25.9
OPEN_METEO-FORECAST-401817045-20260917T235842Z,2026-09-17T16:58:42.842956-07:00,MLB,MLB,401817045,2026-09-23T23:15:00+00:00,Truist Park,Atlanta,Georgia,False,33.749,-84.38798,2026-09-23T23:00Z,OPEN_METEO_FORECAST,FORECAST,87.1,90.3,46,12,0.0,0.0,0.0,3,978.2,4.3,118,6.5
OPEN_METEO-FORECAST-401817052-20260917T235842Z,2026-09-17T16:58:42.842956-07:00,MLB,MLB,401817052,2026-09-23T23:40:00+00:00,Kauffman Stadium,Kansas City,Missouri,False,39.09973,-94.57857,2026-09-23T23:00Z,OPEN_METEO_FORECAST,FORECAST,67.3,64.0,52,3,0.0,0.0,0.0,3,990.4,7.3,59,12.3
OPEN_METEO-FORECAST-401817053-20260917T235842Z,2026-09-17T16:58:42.842956-07:00,MLB,MLB,401817053,2026-09-23T23:40:00+00:00,Wrigley Field,Chicago,Illinois,False,41.85003,-87.65005,2026-09-23T23:00Z,OPEN_METEO_FORECAST,FORECAST,60.3,56.8,78,3,0.004,0.0,0.0,51,1001.8,10.9,352,15.9
OPEN_METEO-FORECAST-401872945-20260918T000444Z,2026-09-17T17:04:44.117998-07:00,NFL,NFL,401872945,2026-09-21T00:20:00+00:00,Arrowhead Stadium,Kansas City,MO,False,39.09973,-94.57857,2026-09-21T00:00Z,OPEN_METEO_FORECAST,FORECAST,75.2,77.2,75,38,0.0,0.0,0.0,3,978.8,10.4,353,14.1
OPEN_METEO-FORECAST-401817027-20260918T000444Z,2026-09-17T17:04:44.117998-07:00,MLB,MLB,401817027,2026-09-21T22:35:00+00:00,Oriole Park at Camden Yards,Baltimore,Maryland,False,39.29038,-76.61219,2026-09-21T23:00Z,OPEN_METEO_FORECAST,FORECAST,66.8,67.0,82,40,0.004,0.0,0.0,51,1014.2,8.6,37,12.3
OPEN_METEO-FORECAST-401817028-20260918T000444Z,2026-09-17T17:04:44.117998-07:00,MLB,MLB,401817028,2026-09-21T22:40:00+00:00,Comerica Park,Detroit,Michigan,False,42.33143,-83.04575,2026-09-21T23:00Z,OPEN_METEO_FORECAST,FORECAST,63.1,57.3,56,27,0.0,0.0,0.0,3,997.2,12.0,76,27.5
OPEN_METEO-FORECAST-401872948-20260918T000444Z,2026-09-17T17:04:44.117998-07:00,NFL,NFL,401872948,2026-09-25T00:15:00+00:00,Lambeau Field,Green Bay,WI,False,44.51916,-88.01983,2026-09-25T00:00Z,OPEN_METEO_FORECAST,FORECAST,55.0,52.6,69,4,0.0,0.0,0.0,0,1004.2,2.7,114,6.7
OPEN_METEO-FORECAST-401817070-20260918T000444Z,2026-09-17T17:04:44.117998-07:00,MLB,MLB,401817070,2026-09-25T01:40:00+00:00,Sutter Health Park,Sacramento,California,False,38.58157,-121.4944,2026-09-25T02:00Z,OPEN_METEO_FORECAST,FORECAST,86.2,79.5,17,0,0.0,0.0,0.0,3,1006.1,8.4,212,15.2
OPEN_METEO-FORECAST-401817071-20260918T000444Z,2026-09-17T17:04:44.117998-07:00,MLB,MLB,401817071,2026-09-25T02:10:00+00:00,Dodger Stadium,Los Angeles,California,False,34.05223,-118.24368,2026-09-25T02:00Z,OPEN_METEO_FORECAST,FORECAST,74.3,75.3,65,2,0.0,0.0,0.0,2,1000.6,7.4,237,5.8
OPEN_METEO-FORECAST-401858225-20260918T000444Z,2026-09-17T17:04:44.117998-07:00,NCAA_Football,NCAA_Football,401858225,2026-09-17T23:30:00+00:00,Acrisure Stadium,Pittsburgh,PA,False,40.44062,-79.99589,2026-09-17T23:00Z,OPEN_METEO_FORECAST,FORECAST,79.0,86.6,82,10,0.0,0.0,0.0,2,992.3,4.8,248,12.3
OPEN_METEO-FORECAST-401816975-20260918T000444Z,2026-09-17T17:04:44.117998-07:00,MLB,MLB,401816975,2026-09-17T16:35:00+00:00,PNC Park,Pittsburgh,Pennsylvania,False,40.44062,-79.99589,2026-09-17T17:00Z,OPEN_METEO_FORECAST,FORECAST,80.1,87.9,85,12,0.0,0.0,0.0,3,995.3,7.3,243,12.1
OPEN_METEO-FORECAST-401816974-20260918T000444Z,2026-09-17T17:04:44.117998-07:00,MLB,MLB,401816974,2026-09-17T16:40:00+00:00,Great American Ball Park,Cincinnati,Ohio,False,39.12711,-84.51439,2026-09-17T17:00Z,OPEN_METEO_FORECAST,FORECAST,89.5,97.3,57,0,0.0,0.0,0.0,0,993.0,7.9,278,15.7
OPEN_METEO-FORECAST-401816980-20260918T000444Z,2026-09-17T17:04:44.117998-07:00,MLB,MLB,401816980,2026-09-17T19:10:00+00:00,Coors Field,Denver,Colorado,False,39.73915,-104.9847,2026-09-17T19:00Z,OPEN_METEO_FORECAST,FORECAST,77.0,80.8,56,9,0.0,0.0,0.0,2,844.6,5.5,297,5.6
OPEN_METEO-FORECAST-401816976-20260918T000444Z,2026-09-17T17:04:44.117998-07:00,MLB,MLB,401816976,2026-09-17T23:15:00+00:00,Citi Field,Queens,New York,False,40.68149,-73.83652,2026-09-17T23:00Z,OPEN_METEO_FORECAST,FORECAST,75.4,82.0,81,1,0.0,0.0,0.0,3,1018.0,2.4,146,12.3
OPEN_METEO-FORECAST-401816978-20260918T000444Z,2026-09-17T17:04:44.117998-07:00,MLB,MLB,401816978,2026-09-17T23:40:00+00:00,Rate Field,Chicago,Illinois,False,41.85003,-87.65005,2026-09-17T23:00Z,OPEN_METEO_FORECAST,FORECAST,69.0,73.6,95,12,0.098,0.098,0.0,63,1000.3,5.2,342,14.8
OPEN_METEO-FORECAST-401872932-20260918T000444Z,2026-09-17T17:04:44.117998-07:00,NFL,NFL,401872932,2026-09-18T00:15:00+00:00,Highmark Stadium,Orchard Park,NY,False,42.76756,-78.74392,2026-09-18T00:00Z,OPEN_METEO_FORECAST,FORECAST,67.2,70.4,88,0,0.0,0.0,0.0,2,989.1,3.8,90,6.5
OPEN_METEO-FORECAST-401858226-20260918T000444Z,2026-09-17T17:04:44.117998-07:00,NCAA_Football,NCAA_Football,401858226,2026-09-18T23:30:00+00:00,Allegacy Federal Credit Union Stadium,Winston-Salem,NC,False,36.09986,-80.24422,2026-09-18T23:00Z,OPEN_METEO_FORECAST,FORECAST,81.7,90.2,73,23,0.0,0.0,0.0,3,983.7,1.5,243,11.2
OPEN_METEO-FORECAST-401816984-20260918T000444Z,2026-09-17T17:04:44.117998-07:00,MLB,MLB,401816984,2026-09-18T22:40:00+00:00,Great American Ball Park,Cincinnati,Ohio,False,39.12711,-84.51439,2026-09-18T23:00Z,OPEN_METEO_FORECAST,FORECAST,76.9,79.8,75,6,0.0,0.0,0.0,0,988.3,10.1,22,16.1
OPEN_METEO-FORECAST-401816985-20260918T000444Z,2026-09-17T17:04:44.117998-07:00,MLB,MLB,401816985,2026-09-18T22:40:00+00:00,PNC Park,Pittsburgh,Pennsylvania,False,40.44062,-79.99589,2026-09-18T23:00Z,OPEN_METEO_FORECAST,FORECAST,71.2,74.1,76,0,0.0,0.0,0.0,3,991.8,4.3,360,9.8
OPEN_METEO-FORECAST-401816986-20260918T000444Z,2026-09-17T17:04:44.117998-07:00,MLB,MLB,401816986,2026-09-18T23:05:00+00:00,Oriole Park at Camden Yards,Baltimore,Maryland,False,39.29038,-76.61219,2026-09-18T23:00Z,OPEN_METEO_FORECAST,FORECAST,78.2,80.8,63,0,0.0,0.0,0.0,0,1014.6,6.4,350,13.0
OPEN_METEO-FORECAST-401816982-20260918T000444Z,2026-09-17T17:04:44.117998-07:00,MLB,MLB,401816982,2026-09-18T23:10:00+00:00,Progressive Field,Cleveland,Ohio,False,41.4995,-81.69541,2026-09-18T23:00Z,OPEN_METEO_FORECAST,FORECAST,69.4,67.1,62,0,0.0,0.0,0.0,3,998.2,9.9,18,14.8
OPEN_METEO-FORECAST-401816987-20260918T000444Z,2026-09-17T17:04:44.117998-07:00,MLB,MLB,401816987,2026-09-18T23:10:00+00:00,Citi Field,Queens,New York,False,40.68149,-73.83652,2026-09-18T23:00Z,OPEN_METEO_FORECAST,FORECAST,75.0,74.4,52,0,0.0,0.0,0.0,0,1016.3,6.0,13,14.1
OPEN_METEO-FORECAST-401816989-20260918T000444Z,2026-09-17T17:04:44.117998-07:00,MLB,MLB,401816989,2026-09-18T23:40:00+00:00,Rate Field,Chicago,Illinois,False,41.85003,-87.65005,2026-09-18T23:00Z,OPEN_METEO_FORECAST,FORECAST,65.0,64.2,78,3,0.0,0.0,0.0,3,999.9,8.1,90,16.6
OPEN_METEO-FORECAST-401816981-20260918T000444Z,2026-09-17T17:04:44.117998-07:00,MLB,MLB,401816981,2026-09-18T01:38:00+00:00,Angel Stadium,Anaheim,California,False,33.83529,-117.9145,2026-09-18T02:00Z,OPEN_METEO_FORECAST,FORECAST,73.5,73.4,59,0,0.0,0.0,0.0,0,1010.9,6.6,252,10.1
OPEN_METEO-FORECAST-401869941-20260918T000444Z,2026-09-17T17:04:44.117998-07:00,NCAA_Football,NCAA_Football,401869941,2026-09-24T23:30:00+00:00,Brooks Stadium (SC),Conway,SC,False,35.0887,-92.4421,2026-09-24T23:00Z,OPEN_METEO_FORECAST,FORECAST,75.5,72.4,41,1,0.0,0.0,0.0,3,1007.4,7.6,32,11.6
OPEN_METEO-FORECAST-401817063-20260918T000444Z,2026-09-17T17:04:44.117998-07:00,MLB,MLB,401817063,2026-09-24T16:35:00+00:00,PNC Park,Pittsburgh,Pennsylvania,False,40.44062,-79.99589,2026-09-24T17:00Z,OPEN_METEO_FORECAST,FORECAST,65.8,66.4,72,22,0.0,0.0,0.0,3,994.5,3.5,215,8.5
OPEN_METEO-FORECAST-401817065-20260918T000444Z,2026-09-17T17:04:44.117998-07:00,MLB,MLB,401817065,2026-09-24T18:10:00+00:00,Kauffman Stadium,Kansas City,Missouri,False,39.09973,-94.57857,2026-09-24T18:00Z,OPEN_METEO_FORECAST,FORECAST,69.1,66.2,43,21,0.0,0.0,0.0,3,991.5,4.2,54,8.1
OPEN_METEO-FORECAST-401817066-20260918T000444Z,2026-09-17T17:04:44.117998-07:00,MLB,MLB,401817066,2026-09-24T18:20:00+00:00,Wrigley Field,Chicago,Illinois,False,41.85003,-87.65005,2026-09-24T18:00Z,OPEN_METEO_FORECAST,FORECAST,59.9,57.0,85,5,0.004,0.0,0.0,51,1003.7,10.8,339,12.1
OPEN_METEO-FORECAST-401817068-20260918T000444Z,2026-09-17T17:04:44.117998-07:00,MLB,MLB,401817068,2026-09-24T19:10:00+00:00,Coors Field,Denver,Colorado,False,39.73915,-104.9847,2026-09-24T19:00Z,OPEN_METEO_FORECAST,FORECAST,78.0,75.7,25,19,0.0,0.0,0.0,1,846.4,5.2,85,4.5
OPEN_METEO-FORECAST-401817062-20260918T000444Z,2026-09-17T17:04:44.117998-07:00,MLB,MLB,401817062,2026-09-24T22:05:00+00:00,Citizens Bank Park,Philadelphia,Pennsylvania,False,39.95238,-75.16362,2026-09-24T22:00Z,OPEN_METEO_FORECAST,FORECAST,62.7,62.0,95,14,0.039,0.012,0.0,55,1021.7,10.8,66,8.5
OPEN_METEO-FORECAST-401817061-20260918T000444Z,2026-09-17T17:04:44.117998-07:00,MLB,MLB,401817061,2026-09-24T22:45:00+00:00,Fenway Park,Boston,Massachusetts,False,42.35843,-71.05977,2026-09-24T23:00Z,OPEN_METEO_FORECAST,FORECAST,59.4,54.0,81,24,0.004,0.004,0.0,51,1023.1,15.4,62,16.1
OPEN_METEO-FORECAST-401817064-20260918T000444Z,2026-09-17T17:04:44.117998-07:00,MLB,MLB,401817064,2026-09-24T23:05:00+00:00,Yankee Stadium,Bronx,New York,False,40.93815,-73.83208,2026-09-24T23:00Z,OPEN_METEO_FORECAST,FORECAST,62.3,58.2,76,16,0.0,0.0,0.0,3,1019.7,13.0,63,14.1
OPEN_METEO-FORECAST-401817060-20260918T000444Z,2026-09-17T17:04:44.117998-07:00,MLB,MLB,401817060,2026-09-24T23:15:00+00:00,Truist Park,Atlanta,Georgia,False,33.749,-84.38798,2026-09-24T23:00Z,OPEN_METEO_FORECAST,FORECAST,77.8,80.8,65,4,0.0,0.0,0.0,2,979.7,6.2,339,7.2
OPEN_METEO-FORECAST-401817055-20260918T000444Z,2026-09-17T17:04:44.117998-07:00,MLB,MLB,401817055,2026-09-24T00:40:00+00:00,Coors Field,Denver,Colorado,False,39.73915,-104.9847,2026-09-24T01:00Z,OPEN_METEO_FORECAST,FORECAST,74.1,69.6,31,21,0.0,0.0,0.0,3,843.3,5.9,108,13.9
OPEN_METEO-FORECAST-401817056-20260918T000444Z,2026-09-17T17:04:44.117998-07:00,MLB,MLB,401817056,2026-09-24T01:40:00+00:00,Sutter Health Park,Sacramento,California,False,38.58157,-121.4944,2026-09-24T02:00Z,OPEN_METEO_FORECAST,FORECAST,89.1,83.6,13,0,0.0,0.0,0.0,0,1004.8,4.1,209,7.6
OPEN_METEO-FORECAST-401817059-20260918T000444Z,2026-09-17T17:04:44.117998-07:00,MLB,MLB,401817059,2026-09-24T02:10:00+00:00,Dodger Stadium,Los Angeles,California,False,34.05223,-118.24368,2026-09-24T02:00Z,OPEN_METEO_FORECAST,FORECAST,76.9,77.6,58,1,0.0,0.0,0.0,0,998.8,7.5,219,5.1
OPEN_METEO-FORECAST-401856811-20260918T000444Z,2026-09-17T17:04:44.117998-07:00,NCAA_Football,NCAA_Football,401856811,2026-09-19T00:00:00+00:00,Galaxy Stadium,Lubbock,TX,False,33.57786,-101.85517,2026-09-19T00:00Z,OPEN_METEO_FORECAST,FORECAST,89.1,86.2,30,1,0.0,0.0,0.0,0,909.0,9.4,180,13.0
OPEN_METEO-FORECAST-401858455-20260918T000444Z,2026-09-17T17:04:44.117998-07:00,NCAA_Football,NCAA_Football,401858455,2026-09-19T02:30:00+00:00,Autzen Stadium,Eugene,OR,False,44.05207,-123.08675,2026-09-19T02:00Z,OPEN_METEO_FORECAST,FORECAST,68.7,65.5,52,0,0.0,0.0,0.0,0,1004.1,7.8,294,13.9
OPEN_METEO-FORECAST-401869940-20260918T000444Z,2026-09-17T17:04:44.117998-07:00,NCAA_Football,NCAA_Football,401869940,2026-09-19T15:30:00+00:00,Delaware Stadium,Newark,DE,False,40.73566,-74.17237,2026-09-19T15:00Z,OPEN_METEO_FORECAST,FORECAST,63.7,59.3,48,0,0.0,0.0,0.0,3,1021.4,8.3,27,11.2
OPEN_METEO-FORECAST-401856686-20260918T000444Z,2026-09-17T17:04:44.117998-07:00,NCAA_Football,NCAA_Football,401856686,2026-09-19T16:00:00+00:00,Donald W. Reynolds Razorback Stadium,Fayetteville,AR,False,35.05266,-78.87836,2026-09-19T16:00Z,OPEN_METEO_FORECAST,FORECAST,82.2,88.1,73,15,0.0,0.0,0.0,2,1012.8,9.0,34,10.8
OPEN_METEO-FORECAST-401858454-20260918T000444Z,2026-09-17T17:04:44.117998-07:00,NCAA_Football,NCAA_Football,401858454,2026-09-19T16:00:00+00:00,Ohio Stadium,Columbus,OH,False,39.96118,-82.99879,2026-09-19T16:00Z,OPEN_METEO_FORECAST,FORECAST,69.3,72.3,79,6,0.0,0.0,0.0,3,991.9,3.6,102,7.5
OPEN_METEO-FORECAST-401858456-20260918T000444Z,2026-09-17T17:04:44.117998-07:00,NCAA_Football,NCAA_Football,401858456,2026-09-19T16:00:00+00:00,Beaver Stadium,University Park,PA,False,37.44188,-122.14302,2026-09-19T16:00Z,OPEN_METEO_FORECAST,FORECAST,60.1,60.3,82,0,0.0,0.0,0.0,2,1015.9,2.6,155,3.2
OPEN_METEO-FORECAST-401856792-20260918T000444Z,2026-09-17T17:04:44.117998-07:00,NCAA_Football,NCAA_Football,401856792,2026-09-19T16:00:00+00:00,Bill Snyder Family Stadium,Manhattan,KS,False,40.78343,-73.96625,2026-09-19T16:00Z,OPEN_METEO_FORECAST,FORECAST,66.0,61.7,42,0,0.0,0.0,0.0,2,1017.4,9.6,50,11.2
OPEN_METEO-FORECAST-401856798-20260918T000444Z,2026-09-17T17:04:44.117998-07:00,NCAA_Football,NCAA_Football,401856798,2026-09-19T16:00:00+00:00,Jack Trice Stadium,Ames,IA,False,42.03471,-93.61994,2026-09-19T16:00Z,OPEN_METEO_FORECAST,FORECAST,76.1,81.6,84,29,0.0,0.0,0.0,3,977.0,7.1,301,9.3
OPEN_METEO-FORECAST-401856812-20260918T000444Z,2026-09-17T17:04:44.117998-07:00,NCAA_Football,NCAA_Football,401856812,2026-09-19T16:00:00+00:00,Wembley Stadium,London,,False,39.88645,-83.44825,2026-09-19T16:00Z,OPEN_METEO_FORECAST,FORECAST,70.9,72.8,73,3,0.0,0.0,0.0,0,981.2,7.4,82,9.8
OPEN_METEO-FORECAST-401858228-20260918T000444Z,2026-09-17T17:04:44.117998-07:00,NCAA_Football,NCAA_Football,401858228,2026-09-19T16:00:00+00:00,Bobby Dodd Stadium,Atlanta,GA,False,33.749,-84.38798,2026-09-19T16:00Z,OPEN_METEO_FORECAST,FORECAST,90.2,97.0,45,1,0.0,0.0,0.0,0,980.2,2.3,287,4.0
OPEN_METEO-FORECAST-401858229-20260918T000444Z,2026-09-17T17:04:44.117998-07:00,NCAA_Football,NCAA_Football,401858229,2026-09-19T16:00:00+00:00,"Memorial Stadium (Clemson, SC)",Clemson,SC,False,34.68344,-82.83737,2026-09-19T16:00Z,OPEN_METEO_FORECAST,FORECAST,88.8,96.8,52,1,0.0,0.0,0.0,0,991.5,3.0,92,3.1
OPEN_METEO-FORECAST-401858451-20260918T000444Z,2026-09-17T17:04:44.117998-07:00,NCAA_Football,NCAA_Football,401858451,2026-09-19T16:00:00+00:00,Huntington Bank Stadium,Minneapolis,MN,False,44.97997,-93.26384,2026-09-19T16:00Z,OPEN_METEO_FORECAST,FORECAST,57.8,57.2,94,23,0.008,0.008,0.0,3,985.2,5.8,71,14.9
OPEN_METEO-FORECAST-401860889-20260918T000444Z,2026-09-17T17:04:44.117998-07:00,NCAA_Football,NCAA_Football,401860889,2026-09-19T16:00:00+00:00,UFCU Stadium,San Marcos,TX,False,29.88327,-97.94139,2026-09-19T16:00Z,OPEN_METEO_FORECAST,FORECAST,87.1,92.6,55,0,0.0,0.0,0.0,0,994.4,6.8,176,7.7
OPEN_METEO-FORECAST-401858460-20260918T000444Z,2026-09-17T17:04:44.117998-07:00,NCAA_Football,NCAA_Football,401858460,2026-09-19T16:30:00+00:00,Camp Randall Stadium,Madison,WI,False,43.07305,-89.40123,2026-09-19T16:00Z,OPEN_METEO_FORECAST,FORECAST,62.7,62.0,96,90,0.145,0.143,0.0,63,982.8,11.1,140,22.1
OPEN_METEO-FORECAST-401856695-20260918T000444Z,2026-09-17T17:04:44.117998-07:00,NCAA_Football,NCAA_Football,401856695,2026-09-19T16:45:00+00:00,FirstBank Stadium,Nashville,TN,False,36.16589,-86.78444,2026-09-19T17:00Z,OPEN_METEO_FORECAST,FORECAST,98.4,101.5,28,0,0.0,0.0,0.0,0,997.2,5.6,258,8.1
OPEN_METEO-FORECAST-401864508-20260918T000444Z,2026-09-17T17:04:44.117998-07:00,NCAA_Football,NCAA_Football,401864508,2026-09-19T17:00:00+00:00,Kelly/Shorts Stadium,Mount Pleasant,MI,False,43.59781,-84.76751,2026-09-19T17:00Z,OPEN_METEO_FORECAST,FORECAST,62.0,57.7,54,49,0.0,0.0,0.0,3,991.6,7.0,113,11.4
OPEN_METEO-FORECAST-401858227-20260918T000444Z,2026-09-17T17:04:44.117998-07:00,NCAA_Football,NCAA_Football,401858227,2026-09-19T18:00:00+00:00,"Alumni Stadium (Chestnut Hill, MA)",Chestnut Hill,MA,False,42.33065,-71.16616,2026-09-19T18:00Z,OPEN_METEO_FORECAST,FORECAST,62.5,57.9,39,0,0.0,0.0,0.0,3,1014.0,8.4,91,6.0
OPEN_METEO-FORECAST-401858448-20260918T000444Z,2026-09-17T17:04:44.117998-07:00,NCAA_Football,NCAA_Football,401858448,2026-09-19T18:00:00+00:00,Gies Memorial Stadium,Champaign,IL,False,40.11642,-88.24338,2026-09-19T18:00Z,OPEN_METEO_FORECAST,FORECAST,75.7,79.7,81,27,0.0,0.0,0.0,1,989.2,9.5,102,12.1
OPEN_METEO-FORECAST-401862774-20260918T000444Z,2026-09-17T17:04:44.117998-07:00,NCAA_Football,NCAA_Football,401862774,2026-09-19T19:00:00+00:00,Glass Bowl,Toledo,OH,False,41.66394,-83.55521,2026-09-19T19:00Z,OPEN_METEO_FORECAST,FORECAST,63.0,64.6,88,58,0.004,0.004,0.0,51,995.8,3.7,57,14.8
OPEN_METEO-FORECAST-401856694-20260918T000444Z,2026-09-17T17:04:44.117998-07:00,NCAA_Football,NCAA_Football,401856694,2026-09-19T19:30:00+00:00,Kyle Field,College Station,TX,False,30.62798,-96.33441,2026-09-19T19:00Z,OPEN_METEO_FORECAST,FORECAST,97.0,99.2,27,0,0.0,0.0,0.0,0,1001.0,8.2,139,9.4
OPEN_METEO-FORECAST-401856685-20260918T000444Z,2026-09-17T17:04:44.117998-07:00,NCAA_Football,NCAA_Football,401856685,2026-09-19T19:30:00+00:00,Bryant-Denny Stadium,Tuscaloosa,AL,False,33.20984,-87.56917,2026-09-19T19:00Z,OPEN_METEO_FORECAST,FORECAST,98.0,101.4,33,17,0.004,0.0,0.0,51,1005.2,3.8,36,5.6
OPEN_METEO-FORECAST-401858457-20260918T000444Z,2026-09-17T17:04:44.117998-07:00,NCAA_Football,NCAA_Football,401858457,2026-09-19T19:30:00+00:00,SHI Stadium,Piscataway,NJ,False,40.49927,-74.39904,2026-09-19T19:00Z,OPEN_METEO_FORECAST,FORECAST,68.6,63.0,33,0,0.0,0.0,0.0,3,1017.5,6.9,103,6.3
OPEN_METEO-FORECAST-401858230-20260918T000444Z,2026-09-17T17:04:44.117998-07:00,NCAA_Football,NCAA_Football,401858230,2026-09-19T19:30:00+00:00,L&N Federal Credit Union Stadium,Louisville,KY,False,38.25424,-85.75941,2026-09-19T19:00Z,OPEN_METEO_FORECAST,FORECAST,93.4,101.9,45,11,0.0,0.0,0.0,0,997.7,2.7,246,2.7
OPEN_METEO-FORECAST-401856801-20260918T000444Z,2026-09-17T17:04:44.117998-07:00,NCAA_Football,NCAA_Football,401856801,2026-09-19T19:30:00+00:00,Rice-Eccles Stadium,Salt Lake City,UT,False,40.76078,-111.89105,2026-09-19T19:00Z,OPEN_METEO_FORECAST,FORECAST,72.9,68.3,28,22,0.0,0.0,0.0,0,872.7,9.6,323,11.6
OPEN_METEO-FORECAST-401858450-20260918T000444Z,2026-09-17T17:04:44.117998-07:00,NCAA_Football,NCAA_Football,401858450,2026-09-19T19:30:00+00:00,Michigan Stadium,Ann Arbor,MI,False,42.27756,-83.74088,2026-09-19T19:00Z,OPEN_METEO_FORECAST,FORECAST,58.3,58.7,95,70,0.035,0.035,0.0,53,986.4,4.5,108,16.1
OPEN_METEO-FORECAST-401856797-20260918T000444Z,2026-09-17T17:04:44.117998-07:00,NCAA_Football,NCAA_Football,401856797,2026-09-19T19:30:00+00:00,TQL Stadium,Cincinnati,OH,False,39.12711,-84.51439,2026-09-19T19:00Z,OPEN_METEO_FORECAST,FORECAST,87.2,95.3,51,17,0.0,0.0,0.0,0,985.5,1.1,233,2.5
OPEN_METEO-FORECAST-401858233-20260918T000444Z,2026-09-17T17:04:44.117998-07:00,NCAA_Football,NCAA_Football,401858233,2026-09-19T19:30:00+00:00,California Memorial Stadium,Berkeley,CA,False,37.87159,-122.27275,2026-09-19T19:00Z,OPEN_METEO_FORECAST,FORECAST,74.2,75.8,49,0,0.0,0.0,0.0,0,1008.2,4.3,264,3.1
OPEN_METEO-FORECAST-401860890-20260918T000444Z,2026-09-17T17:04:44.117998-07:00,NCAA_Football,NCAA_Football,401860890,2026-09-19T19:30:00+00:00,Martin Stadium,Pullman,WA,False,46.73127,-117.17962,2026-09-19T19:00Z,OPEN_METEO_FORECAST,FORECAST,72.1,69.2,34,0,0.0,0.0,0.0,0,935.1,5.6,272,5.1
OPEN_METEO-FORECAST-401866424-20260918T000444Z,2026-09-17T17:04:44.117998-07:00,NCAA_Football,NCAA_Football,401866424,2026-09-19T19:30:00+00:00,Warren McGuirk Alumni Stadium,Amherst,MA,False,42.97839,-78.79976,2026-09-19T19:00Z,OPEN_METEO_FORECAST,FORECAST,68.4,63.0,31,5,0.0,0.0,0.0,3,999.0,7.2,86,7.8
OPEN_METEO-FORECAST-401858449-20260918T000444Z,2026-09-17T17:04:44.117998-07:00,NCAA_Football,NCAA_Football,401858449,2026-09-19T20:00:00+00:00,"Memorial Stadium (Bloomington, IN)",Bloomington,IN,False,39.16533,-86.52639,2026-09-19T20:00Z,OPEN_METEO_FORECAST,FORECAST,89.7,95.6,48,15,0.0,0.0,0.0,1,986.8,4.0,308,5.1
OPEN_METEO-FORECAST-401858471-20260918T000444Z,2026-09-17T17:04:44.117998-07:00,NCAA_Football,NCAA_Football,401858471,2026-09-19T20:00:00+00:00,Kinnick Stadium,Iowa City,IA,False,41.66113,-91.53017,2026-09-19T20:00Z,OPEN_METEO_FORECAST,FORECAST,79.9,84.2,73,33,0.0,0.0,0.0,3,987.2,9.4,208,17.4
OPEN_METEO-FORECAST-401858231-20260918T000444Z,2026-09-17T17:04:44.117998-07:00,NCAA_Football,NCAA_Football,401858231,2026-09-19T20:00:00+00:00,Wallace Wade Stadium,Durham,NC,False,35.99403,-78.89862,2026-09-19T20:00Z,OPEN_METEO_FORECAST,FORECAST,82.0,84.0,51,17,0.0,0.0,0.0,2,1001.8,5.4,88,8.1
OPEN_METEO-FORECAST-401866422-20260918T000444Z,2026-09-17T17:04:44.117998-07:00,NCAA_Football,NCAA_Football,401866422,2026-09-19T20:00:00+00:00,Williams Stadium (VA),Lynchburg,VA,False,37.41375,-79.14225,2026-09-19T20:00Z,OPEN_METEO_FORECAST,FORECAST,83.1,84.6,43,9,0.0,0.0,0.0,2,994.0,4.9,114,4.3
OPEN_METEO-FORECAST-401867804-20260918T000444Z,2026-09-17T17:04:44.117998-07:00,NCAA_Football,NCAA_Football,401867804,2026-09-19T20:00:00+00:00,McLane Stadium,Waco,TX,False,31.54933,-97.14667,2026-09-19T20:00Z,OPEN_METEO_FORECAST,FORECAST,99.1,99.2,23,0,0.0,0.0,0.0,0,994.9,9.7,161,9.8
OPEN_METEO-FORECAST-401856691-20260918T000444Z,2026-09-17T17:04:44.117998-07:00,NCAA_Football,NCAA_Football,401856691,2026-09-19T20:15:00+00:00,Williams-Brice Stadium,Columbia,SC,False,34.00071,-81.03481,2026-09-19T20:00Z,OPEN_METEO_FORECAST,FORECAST,87.6,93.6,55,64,0.008,0.0,0.0,51,1003.8,4.1,45,6.7
OPEN_METEO-FORECAST-401868317-20260918T000444Z,2026-09-17T17:04:44.117998-07:00,NCAA_Football,NCAA_Football,401868317,2026-09-19T20:30:00+00:00,Malone Stadium,Monroe,LA,False,32.50931,-92.1193,2026-09-19T20:00Z,OPEN_METEO_FORECAST,FORECAST,101.1,104.4,24,1,0.0,0.0,0.0,0,1010.0,4.3,168,5.6
OPEN_METEO-FORECAST-401862710-20260918T000444Z,2026-09-17T17:04:44.117998-07:00,NCAA_Football,NCAA_Football,401862710,2026-09-19T22:00:00+00:00,S.B. Ballard Stadium,Norfolk,VA,False,36.84681,-76.28522,2026-09-19T22:00Z,OPEN_METEO_FORECAST,FORECAST,78.0,78.2,58,2,0.0,0.0,0.0,0,1017.1,9.3,63,8.9
OPEN_METEO-FORECAST-401862771-20260918T000444Z,2026-09-17T17:04:44.117998-07:00,NCAA_Football,NCAA_Football,401862771,2026-09-19T22:00:00+00:00,Flagler Credit Union Stadium,Boca Raton,FL,False,26.35869,-80.0831,2026-09-19T22:00Z,OPEN_METEO_FORECAST,FORECAST,84.8,89.0,63,61,0.031,0.0,0.0,53,1011.4,9.9,85,8.7
OPEN_METEO-FORECAST-401864574-20260918T000444Z,2026-09-17T17:04:44.117998-07:00,NCAA_Football,NCAA_Football,401864574,2026-09-19T22:00:00+00:00,Kidd Brewer Stadium,Boone,NC,False,36.21679,-81.67455,2026-09-19T22:00Z,OPEN_METEO_FORECAST,FORECAST,69.6,73.6,86,49,0.0,0.0,0.0,3,906.0,4.0,142,5.4
OPEN_METEO-FORECAST-401871047-20260918T000444Z,2026-09-17T17:04:44.117998-07:00,NCAA_Football,NCAA_Football,401871047,2026-09-19T22:30:00+00:00,Robert W. Plaster Stadium,Springfield,MO,False,37.21533,-93.29824,2026-09-19T22:00Z,OPEN_METEO_FORECAST,FORECAST,97.7,93.9,21,0,0.0,0.0,0.0,3,965.4,10.1,201,11.0
OPEN_METEO-FORECAST-401856689-20260918T000444Z,2026-09-17T17:04:44.117998-07:00,NCAA_Football,NCAA_Football,401856689,2026-09-19T23:00:00+00:00,Memorial Stadium,Columbia,MO,False,34.00071,-81.03481,2026-09-19T23:00Z,OPEN_METEO_FORECAST,FORECAST,84.4,88.6,59,64,0.0,0.0,0.0,1,1003.6,7.1,70,12.1
OPEN_METEO-FORECAST-401856687-20260918T000444Z,2026-09-17T17:04:44.117998-07:00,NCAA_Football,NCAA_Football,401856687,2026-09-19T23:00:00+00:00,Jordan-Hare Stadium,Auburn,AL,False,42.93173,-76.56605,2026-09-19T23:00Z,OPEN_METEO_FORECAST,FORECAST,54.8,52.2,62,0,0.0,0.0,0.0,3,995.6,1.3,360,2.0
OPEN_METEO-FORECAST-401856800-20260918T000444Z,2026-09-17T17:04:44.117998-07:00,NCAA_Football,NCAA_Football,401856800,2026-09-19T23:00:00+00:00,Acrisure Bounce House,Orlando,FL,False,28.53834,-81.37924,2026-09-19T23:00Z,OPEN_METEO_FORECAST,FORECAST,84.5,88.2,60,50,0.02,0.0,0.0,53,1008.7,8.9,80,10.1
OPEN_METEO-FORECAST-401856803-20260918T000444Z,2026-09-17T17:04:44.117998-07:00,NCAA_Football,NCAA_Football,401856803,2026-09-19T23:00:00+00:00,Boone Pickens Stadium,Stillwater,OK,False,36.11561,-97.05837,2026-09-19T23:00Z,OPEN_METEO_FORECAST,FORECAST,100.9,96.7,24,2,0.0,0.0,0.0,0,974.7,15.5,175,19.5
OPEN_METEO-FORECAST-401861963-20260918T000444Z,2026-09-17T17:04:44.117998-07:00,NCAA_Football,NCAA_Football,401861963,2026-09-19T23:00:00+00:00,M. M. Roberts Stadium,Hattiesburg,MS,False,31.32712,-89.29034,2026-09-19T23:00Z,OPEN_METEO_FORECAST,FORECAST,88.7,92.3,45,1,0.0,0.0,0.0,3,1005.9,4.1,248,6.7
OPEN_METEO-FORECAST-401862772-20260918T000444Z,2026-09-17T17:04:44.117998-07:00,NCAA_Football,NCAA_Football,401862772,2026-09-19T23:00:00+00:00,Simmons Bank Liberty Stadium,Memphis,TN,False,35.14953,-90.04898,2026-09-19T23:00Z,OPEN_METEO_FORECAST,FORECAST,100.6,101.5,22,0,0.0,0.0,0.0,0,1000.9,1.6,98,4.0
OPEN_METEO-FORECAST-401862773-20260918T000444Z,2026-09-17T17:04:44.117998-07:00,NCAA_Football,NCAA_Football,401862773,2026-09-19T23:00:00+00:00,Rice Stadium,Houston,TX,False,29.76328,-95.36327,2026-09-19T23:00Z,OPEN_METEO_FORECAST,FORECAST,90.9,90.9,39,1,0.0,0.0,0.0,0,1010.7,10.2,126,11.2
OPEN_METEO-FORECAST-401862777-20260918T000444Z,2026-09-17T17:04:44.117998-07:00,NCAA_Football,NCAA_Football,401862777,2026-09-19T23:00:00+00:00,Raymond James Stadium,Tampa,FL,False,27.94752,-82.45843,2026-09-19T23:00Z,OPEN_METEO_FORECAST,FORECAST,87.9,92.4,50,52,0.0,0.0,0.0,2,1010.9,4.8,139,9.2
OPEN_METEO-FORECAST-401864443-20260918T000444Z,2026-09-17T17:04:44.117998-07:00,NCAA_Football,NCAA_Football,401864443,2026-09-19T23:00:00+00:00,"Johnny ""Red"" Floyd Stadium",Murfreesboro,TN,False,35.84562,-86.39027,2026-09-19T23:00Z,OPEN_METEO_FORECAST,FORECAST,90.2,95.5,47,11,0.0,0.0,0.0,0,990.5,2.8,76,4.0
OPEN_METEO-FORECAST-401866423-20260918T000444Z,2026-09-17T17:04:44.117998-07:00,NCAA_Football,NCAA_Football,401866423,2026-09-19T23:00:00+00:00,Hancock Whitney Stadium,Mobile,AL,False,30.69436,-88.04305,2026-09-19T23:00Z,OPEN_METEO_FORECAST,FORECAST,88.4,90.6,51,6,0.0,0.0,0.0,1,1012.2,11.2,177,11.2
OPEN_METEO-FORECAST-401869948-20260918T000444Z,2026-09-17T17:04:44.117998-07:00,NCAA_Football,NCAA_Football,401869948,2026-09-19T23:00:00+00:00,AmFirst Stadium,Jacksonville,AL,False,30.33218,-81.65565,2026-09-19T23:00Z,OPEN_METEO_FORECAST,FORECAST,85.2,86.5,50,9,0.0,0.0,0.0,3,1013.0,9.6,91,11.0
OPEN_METEO-FORECAST-401870764-20260918T000444Z,2026-09-17T17:04:44.117998-07:00,NCAA_Football,NCAA_Football,401870764,2026-09-19T23:00:00+00:00,Elliott T. Bowers Stadium,Huntsville,TX,False,34.7304,-86.58594,2026-09-19T23:00Z,OPEN_METEO_FORECAST,FORECAST,91.7,96.1,42,6,0.0,0.0,0.0,3,990.2,2.9,122,7.4
OPEN_METEO-FORECAST-401858452-20260918T000444Z,2026-09-17T17:04:44.117998-07:00,NCAA_Football,NCAA_Football,401858452,2026-09-19T23:15:00+00:00,"Memorial Stadium (Lincoln, NE)",Lincoln,NE,False,40.8,-96.66696,2026-09-19T23:00Z,OPEN_METEO_FORECAST,FORECAST,73.5,73.9,78,27,0.0,0.0,0.0,3,963.7,13.5,12,20.6
OPEN_METEO-FORECAST-401858459-20260918T000444Z,2026-09-17T17:04:44.117998-07:00,NCAA_Football,NCAA_Football,401858459,2026-09-19T23:15:00+00:00,Husky Stadium,Seattle,WA,False,47.60621,-122.33207,2026-09-19T23:00Z,OPEN_METEO_FORECAST,FORECAST,75.5,72.6,37,0,0.0,0.0,0.0,3,1009.5,5.2,350,2.5
OPEN_METEO-FORECAST-401858453-20260918T000444Z,2026-09-17T17:04:44.117998-07:00,NCAA_Football,NCAA_Football,401858453,2026-09-19T23:30:00+00:00,Notre Dame Stadium,Notre Dame,IN,False,41.70019,-86.23793,2026-09-19T23:00Z,OPEN_METEO_FORECAST,FORECAST,61.0,60.4,94,82,0.008,0.008,0.0,51,988.1,8.8,120,18.3
OPEN_METEO-FORECAST-401856688-20260918T000444Z,2026-09-17T17:04:44.117998-07:00,NCAA_Football,NCAA_Football,401856688,2026-09-19T23:30:00+00:00,Vaught-Hemingway Stadium,Oxford,MS,False,34.3665,-89.51925,2026-09-19T23:00Z,OPEN_METEO_FORECAST,FORECAST,94.3,98.0,36,0,0.0,0.0,0.0,0,993.6,2.5,153,2.7
OPEN_METEO-FORECAST-401856795-20260918T000444Z,2026-09-17T17:04:44.117998-07:00,NCAA_Football,NCAA_Football,401856795,2026-09-19T23:30:00+00:00,Canvas Stadium,Fort Collins,CO,False,40.58526,-105.08442,2026-09-19T23:00Z,OPEN_METEO_FORECAST,FORECAST,62.9,60.5,66,81,0.0,0.0,0.0,3,844.2,6.7,4,9.4
OPEN_METEO-FORECAST-401856690-20260918T000444Z,2026-09-17T17:04:44.117998-07:00,NCAA_Football,NCAA_Football,401856690,2026-09-19T23:30:00+00:00,"Memorial Stadium (Norman, OK)",Norman,OK,False,35.22257,-97.43948,2026-09-19T23:00Z,OPEN_METEO_FORECAST,FORECAST,100.6,96.1,22,0,0.0,0.0,0.0,0,967.1,14.3,181,15.2
OPEN_METEO-FORECAST-401856802-20260918T000444Z,2026-09-17T17:04:44.117998-07:00,NCAA_Football,NCAA_Football,401856802,2026-09-19T23:30:00+00:00,Bank of America Stadium,Charlotte,NC,False,35.22709,-80.84313,2026-09-19T23:00Z,OPEN_METEO_FORECAST,FORECAST,74.6,81.7,91,37,0.028,0.0,0.0,53,985.9,4.5,72,9.8
OPEN_METEO-FORECAST-401856796-20260918T000444Z,2026-09-17T17:04:44.117998-07:00,NCAA_Football,NCAA_Football,401856796,2026-09-19T23:30:00+00:00,Northwestern Medicine Field at Martin Stadium,Evanston,IL,False,41.26828,-110.96324,2026-09-19T23:00Z,OPEN_METEO_FORECAST,FORECAST,62.4,50.4,26,36,0.0,0.0,0.0,0,798.3,17.6,263,19.7
OPEN_METEO-FORECAST-401858232-20260918T000444Z,2026-09-17T17:04:44.117998-07:00,NCAA_Football,NCAA_Football,401858232,2026-09-19T23:30:00+00:00,SECU Stadium,College Park,MD,False,38.98067,-76.93692,2026-09-19T23:00Z,OPEN_METEO_FORECAST,FORECAST,73.2,73.0,63,16,0.0,0.0,0.0,3,1015.9,8.4,110,15.0
OPEN_METEO-FORECAST-401856692-20260918T000444Z,2026-09-17T17:04:44.117998-07:00,NCAA_Football,NCAA_Football,401856692,2026-09-19T23:45:00+00:00,Neyland Stadium,Knoxville,TN,False,35.96064,-83.92074,2026-09-19T23:00Z,OPEN_METEO_FORECAST,FORECAST,72.4,77.4,97,17,0.457,0.433,0.0,82,981.6,9.2,288,20.1
OPEN_METEO-FORECAST-401816992-20260918T000444Z,2026-09-17T17:04:44.117998-07:00,MLB,MLB,401816992,2026-09-19T00:10:00+00:00,Coors Field,Denver,Colorado,False,39.73915,-104.9847,2026-09-19T00:00Z,OPEN_METEO_FORECAST,FORECAST,73.7,70.1,39,29,0.0,0.0,0.0,3,842.0,6.8,352,11.4
OPEN_METEO-FORECAST-401816991-20260918T000444Z,2026-09-17T17:04:44.117998-07:00,MLB,MLB,401816991,2026-09-19T00:15:00+00:00,Busch Stadium,St. Louis,Missouri,False,38.62727,-90.19789,2026-09-19T00:00Z,OPEN_METEO_FORECAST,FORECAST,81.0,87.9,74,16,0.0,0.0,0.0,2,999.6,5.3,78,7.6
OPEN_METEO-FORECAST-401816994-20260918T000444Z,2026-09-17T17:04:44.117998-07:00,MLB,MLB,401816994,2026-09-19T01:38:00+00:00,Angel Stadium,Anaheim,California,False,33.83529,-117.9145,2026-09-19T02:00Z,OPEN_METEO_FORECAST,FORECAST,72.7,73.5,63,0,0.0,0.0,0.0,0,1009.6,5.6,236,8.3
OPEN_METEO-FORECAST-401816993-20260918T000444Z,2026-09-17T17:04:44.117998-07:00,MLB,MLB,401816993,2026-09-19T01:40:00+00:00,Petco Park,San Diego,California,False,32.71571,-117.16472,2026-09-19T02:00Z,OPEN_METEO_FORECAST,FORECAST,68.4,69.3,75,0,0.0,0.0,0.0,0,1014.6,5.9,317,10.1
OPEN_METEO-FORECAST-401816996-20260918T000444Z,2026-09-17T17:04:44.117998-07:00,MLB,MLB,401816996,2026-09-19T02:10:00+00:00,Dodger Stadium,Los Angeles,California,False,34.05223,-118.24368,2026-09-19T02:00Z,OPEN_METEO_FORECAST,FORECAST,69.1,69.7,72,0,0.0,0.0,0.0,0,1004.2,6.4,260,9.6
OPEN_METEO-FORECAST-401817001-20260918T000444Z,2026-09-17T17:04:44.117998-07:00,MLB,MLB,401817001,2026-09-19T20:05:00+00:00,Oriole Park at Camden Yards,Baltimore,Maryland,False,39.29038,-76.61219,2026-09-19T20:00Z,OPEN_METEO_FORECAST,FORECAST,75.6,74.1,46,11,0.0,0.0,0.0,3,1015.6,6.1,100,8.5
OPEN_METEO-FORECAST-401817002-20260918T000444Z,2026-09-17T17:04:44.117998-07:00,MLB,MLB,401817002,2026-09-19T20:10:00+00:00,Citi Field,Queens,New York,False,40.68149,-73.83652,2026-09-19T20:00Z,OPEN_METEO_FORECAST,FORECAST,71.7,67.1,32,0,0.0,0.0,0.0,2,1020.0,5.6,124,5.4
OPEN_METEO-FORECAST-401816997-20260918T000444Z,2026-09-17T17:04:44.117998-07:00,MLB,MLB,401816997,2026-09-19T22:10:00+00:00,Progressive Field,Cleveland,Ohio,False,41.4995,-81.69541,2026-09-19T22:00Z,OPEN_METEO_FORECAST,FORECAST,67.2,67.0,66,19,0.004,0.004,0.0,51,993.8,4.4,45,9.8
OPEN_METEO-FORECAST-401816999-20260918T000444Z,2026-09-17T17:04:44.117998-07:00,MLB,MLB,401816999,2026-09-19T22:40:00+00:00,Great American Ball Park,Cincinnati,Ohio,False,39.12711,-84.51439,2026-09-19T23:00Z,OPEN_METEO_FORECAST,FORECAST,75.9,80.8,81,17,0.012,0.0,0.0,51,983.5,6.8,17,9.2
OPEN_METEO-FORECAST-401817000-20260918T000444Z,2026-09-17T17:04:44.117998-07:00,MLB,MLB,401817000,2026-09-19T22:40:00+00:00,PNC Park,Pittsburgh,Pennsylvania,False,40.44062,-79.99589,2026-09-19T23:00Z,OPEN_METEO_FORECAST,FORECAST,68.7,67.6,59,6,0.0,0.0,0.0,3,988.7,5.2,65,12.8
OPEN_METEO-FORECAST-401817004-20260918T000444Z,2026-09-17T17:04:44.117998-07:00,MLB,MLB,401817004,2026-09-19T23:10:00+00:00,Rate Field,Chicago,Illinois,False,41.85003,-87.65005,2026-09-19T23:00Z,OPEN_METEO_FORECAST,FORECAST,65.1,67.0,95,85,0.008,0.008,0.0,51,992.8,7.0,140,19.9
OPEN_METEO-FORECAST-401817006-20260918T000444Z,2026-09-17T17:04:44.117998-07:00,MLB,MLB,401817006,2026-09-19T23:15:00+00:00,Busch Stadium,St. Louis,Missouri,False,38.62727,-90.19789,2026-09-19T23:00Z,OPEN_METEO_FORECAST,FORECAST,88.7,90.1,38,2,0.0,0.0,0.0,3,994.4,4.5,81,6.5
OPEN_METEO-FORECAST-401817040-20260918T000444Z,2026-09-17T17:04:44.117998-07:00,MLB,MLB,401817040,2026-09-23T00:40:00+00:00,Coors Field,Denver,Colorado,False,39.73915,-104.9847,2026-09-23T01:00Z,OPEN_METEO_FORECAST,FORECAST,64.3,61.2,62,32,0.0,0.0,0.0,2,836.8,8.1,141,1.6
OPEN_METEO-FORECAST-401817041-20260918T000444Z,2026-09-17T17:04:44.117998-07:00,MLB,MLB,401817041,2026-09-23T01:40:00+00:00,Sutter Health Park,Sacramento,California,False,38.58157,-121.4944,2026-09-23T02:00Z,OPEN_METEO_FORECAST,FORECAST,82.2,79.6,34,0,0.0,0.0,0.0,0,1004.8,7.0,187,13.2
OPEN_METEO-FORECAST-401817043-20260918T000444Z,2026-09-17T17:04:44.117998-07:00,MLB,MLB,401817043,2026-09-23T01:45:00+00:00,Oracle Park,San Francisco,California,False,37.77493,-122.41942,2026-09-23T02:00Z,OPEN_METEO_FORECAST,FORECAST,64.9,64.0,72,0,0.0,0.0,0.0,2,1008.2,6.3,264,6.7
OPEN_METEO-FORECAST-401817044-20260918T000444Z,2026-09-17T17:04:44.117998-07:00,MLB,MLB,401817044,2026-09-23T02:10:00+00:00,Dodger Stadium,Los Angeles,California,False,34.05223,-118.24368,2026-09-23T02:00Z,OPEN_METEO_FORECAST,FORECAST,73.8,74.8,66,0,0.0,0.0,0.0,0,997.8,7.3,225,6.0
OPEN_METEO-FORECAST-401817051-20260918T000444Z,2026-09-17T17:04:44.117998-07:00,MLB,MLB,401817051,2026-09-23T17:10:00+00:00,Comerica Park,Detroit,Michigan,False,42.33143,-83.04575,2026-09-23T17:00Z,OPEN_METEO_FORECAST,FORECAST,60.2,60.1,85,23,0.0,0.0,0.0,3,1000.2,4.7,329,14.1
OPEN_METEO-FORECAST-401817058-20260918T000444Z,2026-09-17T17:04:44.117998-07:00,MLB,MLB,401817058,2026-09-23T19:45:00+00:00,Oracle Park,San Francisco,California,False,37.77493,-122.41942,2026-09-23T20:00Z,OPEN_METEO_FORECAST,FORECAST,78.8,80.4,37,0,0.0,0.0,0.0,0,1008.9,3.8,277,5.6
OPEN_METEO-FORECAST-401817050-20260918T000444Z,2026-09-17T17:04:44.117998-07:00,MLB,MLB,401817050,2026-09-23T22:35:00+00:00,Oriole Park at Camden Yards,Baltimore,Maryland,False,39.29038,-76.61219,2026-09-23T23:00Z,OPEN_METEO_FORECAST,FORECAST,62.9,61.9,93,29,0.004,0.004,0.0,51,1022.4,11.2,77,17.4
OPEN_METEO-FORECAST-401817047-20260918T000444Z,2026-09-17T17:04:44.117998-07:00,MLB,MLB,401817047,2026-09-23T22:40:00+00:00,Citizens Bank Park,Philadelphia,Pennsylvania,False,39.95238,-75.16362,2026-09-23T23:00Z,OPEN_METEO_FORECAST,FORECAST,63.3,60.7,82,23,0.0,0.0,0.0,3,1024.8,12.3,71,19.2
OPEN_METEO-FORECAST-401817048-20260918T000444Z,2026-09-17T17:04:44.117998-07:00,MLB,MLB,401817048,2026-09-23T22:40:00+00:00,PNC Park,Pittsburgh,Pennsylvania,False,40.44062,-79.99589,2026-09-23T23:00Z,OPEN_METEO_FORECAST,FORECAST,60.9,60.4,94,37,0.004,0.0,0.0,51,995.2,8.4,122,25.7
OPEN_METEO-FORECAST-401817046-20260918T000444Z,2026-09-17T17:04:44.117998-07:00,MLB,MLB,401817046,2026-09-23T23:00:00+00:00,Fenway Park,Boston,Massachusetts,False,42.35843,-71.05977,2026-09-23T23:00Z,OPEN_METEO_FORECAST,FORECAST,57.8,50.3,71,12,0.0,0.0,0.0,3,1028.6,16.9,67,19.2
OPEN_METEO-FORECAST-401817049-20260918T000444Z,2026-09-17T17:04:44.117998-07:00,MLB,MLB,401817049,2026-09-23T23:05:00+00:00,Yankee Stadium,Bronx,New York,False,40.93815,-73.83208,2026-09-23T23:00Z,OPEN_METEO_FORECAST,FORECAST,59.9,54.7,79,21,0.004,0.004,0.0,51,1023.7,14.9,64,19.7
OPEN_METEO-FORECAST-401817045-20260918T000444Z,2026-09-17T17:04:44.117998-07:00,MLB,MLB,401817045,2026-09-23T23:15:00+00:00,Truist Park,Atlanta,Georgia,False,33.749,-84.38798,2026-09-23T23:00Z,OPEN_METEO_FORECAST,FORECAST,87.1,90.3,46,12,0.0,0.0,0.0,3,983.0,4.3,118,9.8
OPEN_METEO-FORECAST-401817052-20260918T000444Z,2026-09-17T17:04:44.117998-07:00,MLB,MLB,401817052,2026-09-23T23:40:00+00:00,Kauffman Stadium,Kansas City,Missouri,False,39.09973,-94.57857,2026-09-23T23:00Z,OPEN_METEO_FORECAST,FORECAST,67.3,64.0,52,3,0.0,0.0,0.0,3,987.7,7.3,59,11.6
OPEN_METEO-FORECAST-401817053-20260918T000444Z,2026-09-17T17:04:44.117998-07:00,MLB,MLB,401817053,2026-09-23T23:40:00+00:00,Wrigley Field,Chicago,Illinois,False,41.85003,-87.65005,2026-09-23T23:00Z,OPEN_METEO_FORECAST,FORECAST,60.3,56.8,78,3,0.004,0.0,0.0,51,1002.2,10.9,352,11.2
OPEN_METEO-FORECAST-401872945-20260918T001017Z,2026-09-17T17:10:17.756874-07:00,NFL,NFL,401872945,2026-09-21T00:20:00+00:00,Arrowhead Stadium,Kansas City,MO,False,39.09973,-94.57857,2026-09-21T00:00Z,OPEN_METEO_FORECAST,FORECAST,75.2,77.2,75,38,0.0,0.0,0.0,3,978.8,10.4,353,14.1
OPEN_METEO-FORECAST-401817027-20260918T001017Z,2026-09-17T17:10:17.756874-07:00,MLB,MLB,401817027,2026-09-21T22:35:00+00:00,Oriole Park at Camden Yards,Baltimore,Maryland,False,39.29038,-76.61219,2026-09-21T23:00Z,OPEN_METEO_FORECAST,FORECAST,66.8,67.0,82,40,0.004,0.0,0.0,51,1014.2,8.6,37,12.3
OPEN_METEO-FORECAST-401817028-20260918T001017Z,2026-09-17T17:10:17.756874-07:00,MLB,MLB,401817028,2026-09-21T22:40:00+00:00,Comerica Park,Detroit,Michigan,False,42.33143,-83.04575,2026-09-21T23:00Z,OPEN_METEO_FORECAST,FORECAST,63.1,57.3,56,27,0.0,0.0,0.0,3,997.2,12.0,76,27.5
OPEN_METEO-FORECAST-401872948-20260918T001017Z,2026-09-17T17:10:17.756874-07:00,NFL,NFL,401872948,2026-09-25T00:15:00+00:00,Lambeau Field,Green Bay,WI,False,44.51916,-88.01983,2026-09-25T00:00Z,OPEN_METEO_FORECAST,FORECAST,55.0,52.6,69,4,0.0,0.0,0.0,0,1004.2,2.7,114,6.7
OPEN_METEO-FORECAST-401817070-20260918T001017Z,2026-09-17T17:10:17.756874-07:00,MLB,MLB,401817070,2026-09-25T01:40:00+00:00,Sutter Health Park,Sacramento,California,False,38.58157,-121.4944,2026-09-25T02:00Z,OPEN_METEO_FORECAST,FORECAST,86.2,79.5,17,0,0.0,0.0,0.0,3,1006.1,8.4,212,15.2
OPEN_METEO-FORECAST-401817071-20260918T001017Z,2026-09-17T17:10:17.756874-07:00,MLB,MLB,401817071,2026-09-25T02:10:00+00:00,Dodger Stadium,Los Angeles,California,False,34.05223,-118.24368,2026-09-25T02:00Z,OPEN_METEO_FORECAST,FORECAST,74.3,75.3,65,2,0.0,0.0,0.0,2,1000.6,7.4,237,5.8
OPEN_METEO-FORECAST-401872932-20260918T001017Z,2026-09-17T17:10:17.756874-07:00,NFL,NFL,401872932,2026-09-18T00:15:00+00:00,Highmark Stadium,Orchard Park,NY,False,42.76756,-78.74392,2026-09-18T00:00Z,OPEN_METEO_FORECAST,FORECAST,67.2,70.4,88,0,0.0,0.0,0.0,2,989.1,3.8,90,6.5
OPEN_METEO-FORECAST-401858226-20260918T001017Z,2026-09-17T17:10:17.756874-07:00,NCAA_Football,NCAA_Football,401858226,2026-09-18T23:30:00+00:00,Allegacy Federal Credit Union Stadium,Winston-Salem,NC,False,36.09986,-80.24422,2026-09-18T23:00Z,OPEN_METEO_FORECAST,FORECAST,81.7,90.2,73,23,0.0,0.0,0.0,3,983.7,1.5,243,11.2
OPEN_METEO-FORECAST-401816984-20260918T001017Z,2026-09-17T17:10:17.756874-07:00,MLB,MLB,401816984,2026-09-18T22:40:00+00:00,Great American Ball Park,Cincinnati,Ohio,False,39.12711,-84.51439,2026-09-18T23:00Z,OPEN_METEO_FORECAST,FORECAST,76.9,79.8,75,6,0.0,0.0,0.0,0,988.3,10.1,22,16.1
OPEN_METEO-FORECAST-401816985-20260918T001017Z,2026-09-17T17:10:17.756874-07:00,MLB,MLB,401816985,2026-09-18T22:40:00+00:00,PNC Park,Pittsburgh,Pennsylvania,False,40.44062,-79.99589,2026-09-18T23:00Z,OPEN_METEO_FORECAST,FORECAST,71.2,74.1,76,0,0.0,0.0,0.0,3,991.8,4.3,360,9.8
OPEN_METEO-FORECAST-401816986-20260918T001017Z,2026-09-17T17:10:17.756874-07:00,MLB,MLB,401816986,2026-09-18T23:05:00+00:00,Oriole Park at Camden Yards,Baltimore,Maryland,False,39.29038,-76.61219,2026-09-18T23:00Z,OPEN_METEO_FORECAST,FORECAST,78.2,80.8,63,0,0.0,0.0,0.0,0,1014.6,6.4,350,13.0
OPEN_METEO-FORECAST-401816982-20260918T001017Z,2026-09-17T17:10:17.756874-07:00,MLB,MLB,401816982,2026-09-18T23:10:00+00:00,Progressive Field,Cleveland,Ohio,False,41.4995,-81.69541,2026-09-18T23:00Z,OPEN_METEO_FORECAST,FORECAST,69.4,67.1,62,0,0.0,0.0,0.0,3,998.2,9.9,18,14.8
OPEN_METEO-FORECAST-401816987-20260918T001017Z,2026-09-17T17:10:17.756874-07:00,MLB,MLB,401816987,2026-09-18T23:10:00+00:00,Citi Field,Queens,New York,False,40.68149,-73.83652,2026-09-18T23:00Z,OPEN_METEO_FORECAST,FORECAST,75.0,74.4,52,0,0.0,0.0,0.0,0,1016.3,6.0,13,14.1
OPEN_METEO-FORECAST-401816989-20260918T001017Z,2026-09-17T17:10:17.756874-07:00,MLB,MLB,401816989,2026-09-18T23:40:00+00:00,Rate Field,Chicago,Illinois,False,41.85003,-87.65005,2026-09-18T23:00Z,OPEN_METEO_FORECAST,FORECAST,65.0,64.2,78,3,0.0,0.0,0.0,3,999.9,8.1,90,16.6
OPEN_METEO-FORECAST-401816981-20260918T001017Z,2026-09-17T17:10:17.756874-07:00,MLB,MLB,401816981,2026-09-18T01:38:00+00:00,Angel Stadium,Anaheim,California,False,33.83529,-117.9145,2026-09-18T02:00Z,OPEN_METEO_FORECAST,FORECAST,73.5,73.4,59,0,0.0,0.0,0.0,0,1010.9,6.6,252,10.1
OPEN_METEO-FORECAST-401869941-20260918T001017Z,2026-09-17T17:10:17.756874-07:00,NCAA_Football,NCAA_Football,401869941,2026-09-24T23:30:00+00:00,Brooks Stadium (SC),Conway,SC,False,35.0887,-92.4421,2026-09-24T23:00Z,OPEN_METEO_FORECAST,FORECAST,75.5,72.4,41,1,0.0,0.0,0.0,3,1007.4,7.6,32,11.6
OPEN_METEO-FORECAST-401817063-20260918T001017Z,2026-09-17T17:10:17.756874-07:00,MLB,MLB,401817063,2026-09-24T16:35:00+00:00,PNC Park,Pittsburgh,Pennsylvania,False,40.44062,-79.99589,2026-09-24T17:00Z,OPEN_METEO_FORECAST,FORECAST,65.8,66.4,72,22,0.0,0.0,0.0,3,994.5,3.5,215,8.5
OPEN_METEO-FORECAST-401817065-20260918T001017Z,2026-09-17T17:10:17.756874-07:00,MLB,MLB,401817065,2026-09-24T18:10:00+00:00,Kauffman Stadium,Kansas City,Missouri,False,39.09973,-94.57857,2026-09-24T18:00Z,OPEN_METEO_FORECAST,FORECAST,69.1,66.2,43,21,0.0,0.0,0.0,3,991.5,4.2,54,8.1
OPEN_METEO-FORECAST-401817066-20260918T001017Z,2026-09-17T17:10:17.756874-07:00,MLB,MLB,401817066,2026-09-24T18:20:00+00:00,Wrigley Field,Chicago,Illinois,False,41.85003,-87.65005,2026-09-24T18:00Z,OPEN_METEO_FORECAST,FORECAST,59.9,57.0,85,5,0.004,0.0,0.0,51,1003.7,10.8,339,12.1
OPEN_METEO-FORECAST-401817068-20260918T001017Z,2026-09-17T17:10:17.756874-07:00,MLB,MLB,401817068,2026-09-24T19:10:00+00:00,Coors Field,Denver,Colorado,False,39.73915,-104.9847,2026-09-24T19:00Z,OPEN_METEO_FORECAST,FORECAST,78.0,75.7,25,19,0.0,0.0,0.0,1,846.4,5.2,85,4.5
OPEN_METEO-FORECAST-401817062-20260918T001017Z,2026-09-17T17:10:17.756874-07:00,MLB,MLB,401817062,2026-09-24T22:05:00+00:00,Citizens Bank Park,Philadelphia,Pennsylvania,False,39.95238,-75.16362,2026-09-24T22:00Z,OPEN_METEO_FORECAST,FORECAST,62.7,62.0,95,14,0.039,0.012,0.0,55,1021.7,10.8,66,8.5
OPEN_METEO-FORECAST-401817061-20260918T001017Z,2026-09-17T17:10:17.756874-07:00,MLB,MLB,401817061,2026-09-24T22:45:00+00:00,Fenway Park,Boston,Massachusetts,False,42.35843,-71.05977,2026-09-24T23:00Z,OPEN_METEO_FORECAST,FORECAST,59.4,54.0,81,24,0.004,0.004,0.0,51,1023.1,15.4,62,16.1
OPEN_METEO-FORECAST-401817064-20260918T001017Z,2026-09-17T17:10:17.756874-07:00,MLB,MLB,401817064,2026-09-24T23:05:00+00:00,Yankee Stadium,Bronx,New York,False,40.93815,-73.83208,2026-09-24T23:00Z,OPEN_METEO_FORECAST,FORECAST,62.3,58.2,76,16,0.0,0.0,0.0,3,1019.7,13.0,63,14.1
OPEN_METEO-FORECAST-401817060-20260918T001017Z,2026-09-17T17:10:17.756874-07:00,MLB,MLB,401817060,2026-09-24T23:15:00+00:00,Truist Park,Atlanta,Georgia,False,33.749,-84.38798,2026-09-24T23:00Z,OPEN_METEO_FORECAST,FORECAST,77.8,80.8,65,4,0.0,0.0,0.0,2,979.7,6.2,339,7.2
OPEN_METEO-FORECAST-401817055-20260918T001017Z,2026-09-17T17:10:17.756874-07:00,MLB,MLB,401817055,2026-09-24T00:40:00+00:00,Coors Field,Denver,Colorado,False,39.73915,-104.9847,2026-09-24T01:00Z,OPEN_METEO_FORECAST,FORECAST,74.1,69.6,31,21,0.0,0.0,0.0,3,843.3,5.9,108,13.9
OPEN_METEO-FORECAST-401817056-20260918T001017Z,2026-09-17T17:10:17.756874-07:00,MLB,MLB,401817056,2026-09-24T01:40:00+00:00,Sutter Health Park,Sacramento,California,False,38.58157,-121.4944,2026-09-24T02:00Z,OPEN_METEO_FORECAST,FORECAST,89.1,83.6,13,0,0.0,0.0,0.0,0,1004.8,4.1,209,7.6
OPEN_METEO-FORECAST-401817059-20260918T001017Z,2026-09-17T17:10:17.756874-07:00,MLB,MLB,401817059,2026-09-24T02:10:00+00:00,Dodger Stadium,Los Angeles,California,False,34.05223,-118.24368,2026-09-24T02:00Z,OPEN_METEO_FORECAST,FORECAST,76.9,77.6,58,1,0.0,0.0,0.0,0,998.8,7.5,219,5.1
OPEN_METEO-FORECAST-401872947-20260918T001017Z,2026-09-17T17:10:17.756874-07:00,NFL,NFL,401872947,2026-09-22T00:15:00+00:00,SoFi Stadium,Inglewood,CA,False,33.96168,-118.35313,2026-09-22T00:00Z,OPEN_METEO_FORECAST,FORECAST,73.0,71.4,61,0,0.0,0.0,0.0,0,1005.2,10.8,253,6.0
OPEN_METEO-FORECAST-401873648-20260918T001017Z,2026-09-17T17:10:17.756874-07:00,MLB,MLB,401873648,2026-09-22T17:05:00+00:00,Yankee Stadium,Bronx,New York,False,40.93815,-73.83208,2026-09-22T17:00Z,OPEN_METEO_FORECAST,FORECAST,56.1,50.0,92,32,0.142,0.138,0.0,81,1021.1,17.4,72,23.5
OPEN_METEO-FORECAST-401817035-20260918T001017Z,2026-09-17T17:10:17.756874-07:00,MLB,MLB,401817035,2026-09-22T22:35:00+00:00,Oriole Park at Camden Yards,Baltimore,Maryland,False,39.29038,-76.61219,2026-09-22T23:00Z,OPEN_METEO_FORECAST,FORECAST,61.1,59.4,91,48,0.0,0.0,0.0,3,1018.1,10.8,56,28.0
OPEN_METEO-FORECAST-401817032-20260918T001017Z,2026-09-17T17:10:17.756874-07:00,MLB,MLB,401817032,2026-09-22T22:40:00+00:00,Citizens Bank Park,Philadelphia,Pennsylvania,False,39.95238,-75.16362,2026-09-22T23:00Z,OPEN_METEO_FORECAST,FORECAST,59.6,55.0,84,41,0.0,0.0,0.0,3,1022.0,14.7,69,27.5
OPEN_METEO-FORECAST-401817033-20260918T001017Z,2026-09-17T17:10:17.756874-07:00,MLB,MLB,401817033,2026-09-22T22:40:00+00:00,PNC Park,Pittsburgh,Pennsylvania,False,40.44062,-79.99589,2026-09-22T23:00Z,OPEN_METEO_FORECAST,FORECAST,67.8,69.9,85,57,0.0,0.0,0.0,3,991.1,6.1,96,24.4
OPEN_METEO-FORECAST-401817036-20260918T001017Z,2026-09-17T17:10:17.756874-07:00,MLB,MLB,401817036,2026-09-22T22:40:00+00:00,Comerica Park,Detroit,Michigan,False,42.33143,-83.04575,2026-09-22T23:00Z,OPEN_METEO_FORECAST,FORECAST,57.1,52.5,72,15,0.0,0.0,0.0,3,998.4,9.7,38,22.4
OPEN_METEO-FORECAST-401817031-20260918T001017Z,2026-09-17T17:10:17.756874-07:00,MLB,MLB,401817031,2026-09-22T22:45:00+00:00,Fenway Park,Boston,Massachusetts,False,42.35843,-71.05977,2026-09-22T23:00Z,OPEN_METEO_FORECAST,FORECAST,52.7,44.9,87,19,0.028,0.024,0.0,53,1026.2,17.8,55,20.4
OPEN_METEO-FORECAST-401817034-20260918T001017Z,2026-09-17T17:10:17.756874-07:00,MLB,MLB,401817034,2026-09-22T23:05:00+00:00,Yankee Stadium,Bronx,New York,False,40.93815,-73.83208,2026-09-22T23:00Z,OPEN_METEO_FORECAST,FORECAST,52.8,47.0,92,31,0.008,0.008,0.0,51,1021.8,14.1,54,22.1
OPEN_METEO-FORECAST-401817030-20260918T001017Z,2026-09-17T17:10:17.756874-07:00,MLB,MLB,401817030,2026-09-22T23:15:00+00:00,Truist Park,Atlanta,Georgia,False,33.749,-84.38798,2026-09-22T23:00Z,OPEN_METEO_FORECAST,FORECAST,88.7,93.4,43,41,0.004,0.004,0.0,51,976.7,0.2,270,2.0
OPEN_METEO-FORECAST-401817037-20260918T001017Z,2026-09-17T17:10:17.756874-07:00,MLB,MLB,401817037,2026-09-22T23:40:00+00:00,Kauffman Stadium,Kansas City,Missouri,False,39.09973,-94.57857,2026-09-22T23:00Z,OPEN_METEO_FORECAST,FORECAST,64.7,62.0,68,2,0.0,0.0,0.0,3,986.7,9.2,26,10.7
OPEN_METEO-FORECAST-401817038-20260918T001017Z,2026-09-17T17:10:17.756874-07:00,MLB,MLB,401817038,2026-09-22T23:40:00+00:00,Wrigley Field,Chicago,Illinois,False,41.85003,-87.65005,2026-09-22T23:00Z,OPEN_METEO_FORECAST,FORECAST,57.7,51.0,69,26,0.0,0.0,0.0,3,1000.0,14.4,36,16.6
OPEN_METEO-FORECAST-401817029-20260918T001017Z,2026-09-17T17:10:17.756874-07:00,MLB,MLB,401817029,2026-09-22T01:45:00+00:00,Oracle Park,San Francisco,California,False,37.77493,-122.41942,2026-09-22T02:00Z,OPEN_METEO_FORECAST,FORECAST,61.8,59.4,78,0,0.0,0.0,0.0,0,1010.1,9.4,237,8.5
OPEN_METEO-FORECAST-401856811-20260918T001017Z,2026-09-17T17:10:17.756874-07:00,NCAA_Football,NCAA_Football,401856811,2026-09-19T00:00:00+00:00,Galaxy Stadium,Lubbock,TX,False,33.57786,-101.85517,2026-09-19T00:00Z,OPEN_METEO_FORECAST,FORECAST,89.1,86.2,30,1,0.0,0.0,0.0,0,909.0,9.4,180,13.0
OPEN_METEO-FORECAST-401858455-20260918T001017Z,2026-09-17T17:10:17.756874-07:00,NCAA_Football,NCAA_Football,401858455,2026-09-19T02:30:00+00:00,Autzen Stadium,Eugene,OR,False,44.05207,-123.08675,2026-09-19T02:00Z,OPEN_METEO_FORECAST,FORECAST,68.7,65.5,52,0,0.0,0.0,0.0,0,1004.1,7.8,294,13.9
OPEN_METEO-FORECAST-401869940-20260918T001017Z,2026-09-17T17:10:17.756874-07:00,NCAA_Football,NCAA_Football,401869940,2026-09-19T15:30:00+00:00,Delaware Stadium,Newark,DE,False,40.73566,-74.17237,2026-09-19T15:00Z,OPEN_METEO_FORECAST,FORECAST,63.7,59.3,48,0,0.0,0.0,0.0,3,1021.4,8.3,27,11.2
OPEN_METEO-FORECAST-401856686-20260918T001017Z,2026-09-17T17:10:17.756874-07:00,NCAA_Football,NCAA_Football,401856686,2026-09-19T16:00:00+00:00,Donald W. Reynolds Razorback Stadium,Fayetteville,AR,False,35.05266,-78.87836,2026-09-19T16:00Z,OPEN_METEO_FORECAST,FORECAST,82.2,88.1,73,15,0.0,0.0,0.0,2,1012.8,9.0,34,10.8
OPEN_METEO-FORECAST-401858454-20260918T001017Z,2026-09-17T17:10:17.756874-07:00,NCAA_Football,NCAA_Football,401858454,2026-09-19T16:00:00+00:00,Ohio Stadium,Columbus,OH,False,39.96118,-82.99879,2026-09-19T16:00Z,OPEN_METEO_FORECAST,FORECAST,69.3,72.3,79,6,0.0,0.0,0.0,3,991.9,3.6,102,7.5
OPEN_METEO-FORECAST-401858456-20260918T001017Z,2026-09-17T17:10:17.756874-07:00,NCAA_Football,NCAA_Football,401858456,2026-09-19T16:00:00+00:00,Beaver Stadium,University Park,PA,False,37.44188,-122.14302,2026-09-19T16:00Z,OPEN_METEO_FORECAST,FORECAST,60.1,60.3,82,0,0.0,0.0,0.0,2,1015.9,2.6,155,3.2
OPEN_METEO-FORECAST-401856792-20260918T001017Z,2026-09-17T17:10:17.756874-07:00,NCAA_Football,NCAA_Football,401856792,2026-09-19T16:00:00+00:00,Bill Snyder Family Stadium,Manhattan,KS,False,40.78343,-73.96625,2026-09-19T16:00Z,OPEN_METEO_FORECAST,FORECAST,66.0,61.7,42,0,0.0,0.0,0.0,2,1017.4,9.6,50,11.2
OPEN_METEO-FORECAST-401856798-20260918T001017Z,2026-09-17T17:10:17.756874-07:00,NCAA_Football,NCAA_Football,401856798,2026-09-19T16:00:00+00:00,Jack Trice Stadium,Ames,IA,False,42.03471,-93.61994,2026-09-19T16:00Z,OPEN_METEO_FORECAST,FORECAST,76.1,81.6,84,29,0.0,0.0,0.0,3,977.0,7.1,301,9.3
OPEN_METEO-FORECAST-401856812-20260918T001017Z,2026-09-17T17:10:17.756874-07:00,NCAA_Football,NCAA_Football,401856812,2026-09-19T16:00:00+00:00,Wembley Stadium,London,,False,39.88645,-83.44825,2026-09-19T16:00Z,OPEN_METEO_FORECAST,FORECAST,70.9,72.8,73,3,0.0,0.0,0.0,0,981.2,7.4,82,9.8
OPEN_METEO-FORECAST-401858228-20260918T001017Z,2026-09-17T17:10:17.756874-07:00,NCAA_Football,NCAA_Football,401858228,2026-09-19T16:00:00+00:00,Bobby Dodd Stadium,Atlanta,GA,False,33.749,-84.38798,2026-09-19T16:00Z,OPEN_METEO_FORECAST,FORECAST,90.2,97.0,45,1,0.0,0.0,0.0,0,980.2,2.3,287,4.0
OPEN_METEO-FORECAST-401858229-20260918T001017Z,2026-09-17T17:10:17.756874-07:00,NCAA_Football,NCAA_Football,401858229,2026-09-19T16:00:00+00:00,"Memorial Stadium (Clemson, SC)",Clemson,SC,False,34.68344,-82.83737,2026-09-19T16:00Z,OPEN_METEO_FORECAST,FORECAST,88.8,96.8,52,1,0.0,0.0,0.0,0,991.5,3.0,92,3.1
OPEN_METEO-FORECAST-401858451-20260918T001017Z,2026-09-17T17:10:17.756874-07:00,NCAA_Football,NCAA_Football,401858451,2026-09-19T16:00:00+00:00,Huntington Bank Stadium,Minneapolis,MN,False,44.97997,-93.26384,2026-09-19T16:00Z,OPEN_METEO_FORECAST,FORECAST,57.8,57.2,94,23,0.008,0.008,0.0,3,985.2,5.8,71,14.9
OPEN_METEO-FORECAST-401860889-20260918T001017Z,2026-09-17T17:10:17.756874-07:00,NCAA_Football,NCAA_Football,401860889,2026-09-19T16:00:00+00:00,UFCU Stadium,San Marcos,TX,False,29.88327,-97.94139,2026-09-19T16:00Z,OPEN_METEO_FORECAST,FORECAST,87.1,92.6,55,0,0.0,0.0,0.0,0,994.4,6.8,176,7.7
OPEN_METEO-FORECAST-401858460-20260918T001017Z,2026-09-17T17:10:17.756874-07:00,NCAA_Football,NCAA_Football,401858460,2026-09-19T16:30:00+00:00,Camp Randall Stadium,Madison,WI,False,43.07305,-89.40123,2026-09-19T16:00Z,OPEN_METEO_FORECAST,FORECAST,62.7,62.0,96,90,0.145,0.143,0.0,63,982.8,11.1,140,22.1
OPEN_METEO-FORECAST-401856695-20260918T001017Z,2026-09-17T17:10:17.756874-07:00,NCAA_Football,NCAA_Football,401856695,2026-09-19T16:45:00+00:00,FirstBank Stadium,Nashville,TN,False,36.16589,-86.78444,2026-09-19T17:00Z,OPEN_METEO_FORECAST,FORECAST,98.4,101.5,28,0,0.0,0.0,0.0,0,997.2,5.6,258,8.1
OPEN_METEO-FORECAST-401864508-20260918T001017Z,2026-09-17T17:10:17.756874-07:00,NCAA_Football,NCAA_Football,401864508,2026-09-19T17:00:00+00:00,Kelly/Shorts Stadium,Mount Pleasant,MI,False,43.59781,-84.76751,2026-09-19T17:00Z,OPEN_METEO_FORECAST,FORECAST,62.0,57.7,54,49,0.0,0.0,0.0,3,991.6,7.0,113,11.4
OPEN_METEO-FORECAST-401858227-20260918T001017Z,2026-09-17T17:10:17.756874-07:00,NCAA_Football,NCAA_Football,401858227,2026-09-19T18:00:00+00:00,"Alumni Stadium (Chestnut Hill, MA)",Chestnut Hill,MA,False,42.33065,-71.16616,2026-09-19T18:00Z,OPEN_METEO_FORECAST,FORECAST,62.5,57.9,39,0,0.0,0.0,0.0,3,1014.0,8.4,91,6.0
OPEN_METEO-FORECAST-401858448-20260918T001017Z,2026-09-17T17:10:17.756874-07:00,NCAA_Football,NCAA_Football,401858448,2026-09-19T18:00:00+00:00,Gies Memorial Stadium,Champaign,IL,False,40.11642,-88.24338,2026-09-19T18:00Z,OPEN_METEO_FORECAST,FORECAST,75.7,79.7,81,27,0.0,0.0,0.0,1,989.2,9.5,102,12.1
OPEN_METEO-FORECAST-401862774-20260918T001017Z,2026-09-17T17:10:17.756874-07:00,NCAA_Football,NCAA_Football,401862774,2026-09-19T19:00:00+00:00,Glass Bowl,Toledo,OH,False,41.66394,-83.55521,2026-09-19T19:00Z,OPEN_METEO_FORECAST,FORECAST,63.0,64.6,88,58,0.004,0.004,0.0,51,995.8,3.7,57,14.8
OPEN_METEO-FORECAST-401856694-20260918T001017Z,2026-09-17T17:10:17.756874-07:00,NCAA_Football,NCAA_Football,401856694,2026-09-19T19:30:00+00:00,Kyle Field,College Station,TX,False,30.62798,-96.33441,2026-09-19T19:00Z,OPEN_METEO_FORECAST,FORECAST,97.0,99.2,27,0,0.0,0.0,0.0,0,1001.0,8.2,139,9.4
OPEN_METEO-FORECAST-401856685-20260918T001017Z,2026-09-17T17:10:17.756874-07:00,NCAA_Football,NCAA_Football,401856685,2026-09-19T19:30:00+00:00,Bryant-Denny Stadium,Tuscaloosa,AL,False,33.20984,-87.56917,2026-09-19T19:00Z,OPEN_METEO_FORECAST,FORECAST,98.0,101.4,33,17,0.004,0.0,0.0,51,1005.2,3.8,36,5.6
OPEN_METEO-FORECAST-401858457-20260918T001017Z,2026-09-17T17:10:17.756874-07:00,NCAA_Football,NCAA_Football,401858457,2026-09-19T19:30:00+00:00,SHI Stadium,Piscataway,NJ,False,40.49927,-74.39904,2026-09-19T19:00Z,OPEN_METEO_FORECAST,FORECAST,68.6,63.0,33,0,0.0,0.0,0.0,3,1017.5,6.9,103,6.3
OPEN_METEO-FORECAST-401858230-20260918T001017Z,2026-09-17T17:10:17.756874-07:00,NCAA_Football,NCAA_Football,401858230,2026-09-19T19:30:00+00:00,L&N Federal Credit Union Stadium,Louisville,KY,False,38.25424,-85.75941,2026-09-19T19:00Z,OPEN_METEO_FORECAST,FORECAST,93.4,101.9,45,11,0.0,0.0,0.0,0,997.7,2.7,246,2.7
OPEN_METEO-FORECAST-401856801-20260918T001017Z,2026-09-17T17:10:17.756874-07:00,NCAA_Football,NCAA_Football,401856801,2026-09-19T19:30:00+00:00,Rice-Eccles Stadium,Salt Lake City,UT,False,40.76078,-111.89105,2026-09-19T19:00Z,OPEN_METEO_FORECAST,FORECAST,72.9,68.3,28,22,0.0,0.0,0.0,0,872.7,9.6,323,11.6
OPEN_METEO-FORECAST-401858450-20260918T001017Z,2026-09-17T17:10:17.756874-07:00,NCAA_Football,NCAA_Football,401858450,2026-09-19T19:30:00+00:00,Michigan Stadium,Ann Arbor,MI,False,42.27756,-83.74088,2026-09-19T19:00Z,OPEN_METEO_FORECAST,FORECAST,58.3,58.7,95,70,0.035,0.035,0.0,53,986.4,4.5,108,16.1
OPEN_METEO-FORECAST-401856797-20260918T001017Z,2026-09-17T17:10:17.756874-07:00,NCAA_Football,NCAA_Football,401856797,2026-09-19T19:30:00+00:00,TQL Stadium,Cincinnati,OH,False,39.12711,-84.51439,2026-09-19T19:00Z,OPEN_METEO_FORECAST,FORECAST,87.2,95.3,51,17,0.0,0.0,0.0,0,985.5,1.1,233,2.5
OPEN_METEO-FORECAST-401858233-20260918T001017Z,2026-09-17T17:10:17.756874-07:00,NCAA_Football,NCAA_Football,401858233,2026-09-19T19:30:00+00:00,California Memorial Stadium,Berkeley,CA,False,37.87159,-122.27275,2026-09-19T19:00Z,OPEN_METEO_FORECAST,FORECAST,74.2,75.8,49,0,0.0,0.0,0.0,0,1008.2,4.3,264,3.1
OPEN_METEO-FORECAST-401860890-20260918T001017Z,2026-09-17T17:10:17.756874-07:00,NCAA_Football,NCAA_Football,401860890,2026-09-19T19:30:00+00:00,Martin Stadium,Pullman,WA,False,46.73127,-117.17962,2026-09-19T19:00Z,OPEN_METEO_FORECAST,FORECAST,72.1,69.2,34,0,0.0,0.0,0.0,0,935.1,5.6,272,5.1
OPEN_METEO-FORECAST-401866424-20260918T001017Z,2026-09-17T17:10:17.756874-07:00,NCAA_Football,NCAA_Football,401866424,2026-09-19T19:30:00+00:00,Warren McGuirk Alumni Stadium,Amherst,MA,False,42.97839,-78.79976,2026-09-19T19:00Z,OPEN_METEO_FORECAST,FORECAST,68.4,63.0,31,5,0.0,0.0,0.0,3,999.0,7.2,86,7.8
OPEN_METEO-FORECAST-401858449-20260918T001017Z,2026-09-17T17:10:17.756874-07:00,NCAA_Football,NCAA_Football,401858449,2026-09-19T20:00:00+00:00,"Memorial Stadium (Bloomington, IN)",Bloomington,IN,False,39.16533,-86.52639,2026-09-19T20:00Z,OPEN_METEO_FORECAST,FORECAST,89.7,95.6,48,15,0.0,0.0,0.0,1,986.8,4.0,308,5.1
OPEN_METEO-FORECAST-401858471-20260918T001017Z,2026-09-17T17:10:17.756874-07:00,NCAA_Football,NCAA_Football,401858471,2026-09-19T20:00:00+00:00,Kinnick Stadium,Iowa City,IA,False,41.66113,-91.53017,2026-09-19T20:00Z,OPEN_METEO_FORECAST,FORECAST,79.9,84.2,73,33,0.0,0.0,0.0,3,987.2,9.4,208,17.4
OPEN_METEO-FORECAST-401858231-20260918T001017Z,2026-09-17T17:10:17.756874-07:00,NCAA_Football,NCAA_Football,401858231,2026-09-19T20:00:00+00:00,Wallace Wade Stadium,Durham,NC,False,35.99403,-78.89862,2026-09-19T20:00Z,OPEN_METEO_FORECAST,FORECAST,82.0,84.0,51,17,0.0,0.0,0.0,2,1001.8,5.4,88,8.1
OPEN_METEO-FORECAST-401866422-20260918T001017Z,2026-09-17T17:10:17.756874-07:00,NCAA_Football,NCAA_Football,401866422,2026-09-19T20:00:00+00:00,Williams Stadium (VA),Lynchburg,VA,False,37.41375,-79.14225,2026-09-19T20:00Z,OPEN_METEO_FORECAST,FORECAST,83.1,84.6,43,9,0.0,0.0,0.0,2,994.0,4.9,114,4.3
OPEN_METEO-FORECAST-401867804-20260918T001017Z,2026-09-17T17:10:17.756874-07:00,NCAA_Football,NCAA_Football,401867804,2026-09-19T20:00:00+00:00,McLane Stadium,Waco,TX,False,31.54933,-97.14667,2026-09-19T20:00Z,OPEN_METEO_FORECAST,FORECAST,99.1,99.2,23,0,0.0,0.0,0.0,0,994.9,9.7,161,9.8
OPEN_METEO-FORECAST-401856691-20260918T001017Z,2026-09-17T17:10:17.756874-07:00,NCAA_Football,NCAA_Football,401856691,2026-09-19T20:15:00+00:00,Williams-Brice Stadium,Columbia,SC,False,34.00071,-81.03481,2026-09-19T20:00Z,OPEN_METEO_FORECAST,FORECAST,87.6,93.6,55,64,0.008,0.0,0.0,51,1003.8,4.1,45,6.7
OPEN_METEO-FORECAST-401868317-20260918T001017Z,2026-09-17T17:10:17.756874-07:00,NCAA_Football,NCAA_Football,401868317,2026-09-19T20:30:00+00:00,Malone Stadium,Monroe,LA,False,32.50931,-92.1193,2026-09-19T20:00Z,OPEN_METEO_FORECAST,FORECAST,101.1,104.4,24,1,0.0,0.0,0.0,0,1010.0,4.3,168,5.6
OPEN_METEO-FORECAST-401862710-20260918T001017Z,2026-09-17T17:10:17.756874-07:00,NCAA_Football,NCAA_Football,401862710,2026-09-19T22:00:00+00:00,S.B. Ballard Stadium,Norfolk,VA,False,36.84681,-76.28522,2026-09-19T22:00Z,OPEN_METEO_FORECAST,FORECAST,78.0,78.2,58,2,0.0,0.0,0.0,0,1017.1,9.3,63,8.9
OPEN_METEO-FORECAST-401862771-20260918T001017Z,2026-09-17T17:10:17.756874-07:00,NCAA_Football,NCAA_Football,401862771,2026-09-19T22:00:00+00:00,Flagler Credit Union Stadium,Boca Raton,FL,False,26.35869,-80.0831,2026-09-19T22:00Z,OPEN_METEO_FORECAST,FORECAST,84.8,89.0,63,61,0.031,0.0,0.0,53,1011.4,9.9,85,8.7
OPEN_METEO-FORECAST-401864574-20260918T001017Z,2026-09-17T17:10:17.756874-07:00,NCAA_Football,NCAA_Football,401864574,2026-09-19T22:00:00+00:00,Kidd Brewer Stadium,Boone,NC,False,36.21679,-81.67455,2026-09-19T22:00Z,OPEN_METEO_FORECAST,FORECAST,69.6,73.6,86,49,0.0,0.0,0.0,3,906.0,4.0,142,5.4
OPEN_METEO-FORECAST-401871047-20260918T001017Z,2026-09-17T17:10:17.756874-07:00,NCAA_Football,NCAA_Football,401871047,2026-09-19T22:30:00+00:00,Robert W. Plaster Stadium,Springfield,MO,False,37.21533,-93.29824,2026-09-19T22:00Z,OPEN_METEO_FORECAST,FORECAST,97.7,93.9,21,0,0.0,0.0,0.0,3,965.4,10.1,201,11.0
OPEN_METEO-FORECAST-401856689-20260918T001017Z,2026-09-17T17:10:17.756874-07:00,NCAA_Football,NCAA_Football,401856689,2026-09-19T23:00:00+00:00,Memorial Stadium,Columbia,MO,False,34.00071,-81.03481,2026-09-19T23:00Z,OPEN_METEO_FORECAST,FORECAST,84.4,88.6,59,64,0.0,0.0,0.0,1,1003.6,7.1,70,12.1
OPEN_METEO-FORECAST-401856687-20260918T001017Z,2026-09-17T17:10:17.756874-07:00,NCAA_Football,NCAA_Football,401856687,2026-09-19T23:00:00+00:00,Jordan-Hare Stadium,Auburn,AL,False,42.93173,-76.56605,2026-09-19T23:00Z,OPEN_METEO_FORECAST,FORECAST,54.8,52.2,62,0,0.0,0.0,0.0,3,995.6,1.3,360,2.0
OPEN_METEO-FORECAST-401856800-20260918T001017Z,2026-09-17T17:10:17.756874-07:00,NCAA_Football,NCAA_Football,401856800,2026-09-19T23:00:00+00:00,Acrisure Bounce House,Orlando,FL,False,28.53834,-81.37924,2026-09-19T23:00Z,OPEN_METEO_FORECAST,FORECAST,84.5,88.2,60,50,0.02,0.0,0.0,53,1008.7,8.9,80,10.1
OPEN_METEO-FORECAST-401856803-20260918T001017Z,2026-09-17T17:10:17.756874-07:00,NCAA_Football,NCAA_Football,401856803,2026-09-19T23:00:00+00:00,Boone Pickens Stadium,Stillwater,OK,False,36.11561,-97.05837,2026-09-19T23:00Z,OPEN_METEO_FORECAST,FORECAST,100.9,96.7,24,2,0.0,0.0,0.0,0,974.7,15.5,175,19.5
OPEN_METEO-FORECAST-401861963-20260918T001017Z,2026-09-17T17:10:17.756874-07:00,NCAA_Football,NCAA_Football,401861963,2026-09-19T23:00:00+00:00,M. M. Roberts Stadium,Hattiesburg,MS,False,31.32712,-89.29034,2026-09-19T23:00Z,OPEN_METEO_FORECAST,FORECAST,88.7,92.3,45,1,0.0,0.0,0.0,3,1005.9,4.1,248,6.7
OPEN_METEO-FORECAST-401862772-20260918T001017Z,2026-09-17T17:10:17.756874-07:00,NCAA_Football,NCAA_Football,401862772,2026-09-19T23:00:00+00:00,Simmons Bank Liberty Stadium,Memphis,TN,False,35.14953,-90.04898,2026-09-19T23:00Z,OPEN_METEO_FORECAST,FORECAST,100.6,101.5,22,0,0.0,0.0,0.0,0,1000.9,1.6,98,4.0
OPEN_METEO-FORECAST-401862773-20260918T001017Z,2026-09-17T17:10:17.756874-07:00,NCAA_Football,NCAA_Football,401862773,2026-09-19T23:00:00+00:00,Rice Stadium,Houston,TX,False,29.76328,-95.36327,2026-09-19T23:00Z,OPEN_METEO_FORECAST,FORECAST,90.9,90.9,39,1,0.0,0.0,0.0,0,1010.7,10.2,126,11.2
OPEN_METEO-FORECAST-401862777-20260918T001017Z,2026-09-17T17:10:17.756874-07:00,NCAA_Football,NCAA_Football,401862777,2026-09-19T23:00:00+00:00,Raymond James Stadium,Tampa,FL,False,27.94752,-82.45843,2026-09-19T23:00Z,OPEN_METEO_FORECAST,FORECAST,87.9,92.4,50,52,0.0,0.0,0.0,2,1010.9,4.8,139,9.2
OPEN_METEO-FORECAST-401864443-20260918T001017Z,2026-09-17T17:10:17.756874-07:00,NCAA_Football,NCAA_Football,401864443,2026-09-19T23:00:00+00:00,"Johnny ""Red"" Floyd Stadium",Murfreesboro,TN,False,35.84562,-86.39027,2026-09-19T23:00Z,OPEN_METEO_FORECAST,FORECAST,90.2,95.5,47,11,0.0,0.0,0.0,0,990.5,2.8,76,4.0
OPEN_METEO-FORECAST-401866423-20260918T001017Z,2026-09-17T17:10:17.756874-07:00,NCAA_Football,NCAA_Football,401866423,2026-09-19T23:00:00+00:00,Hancock Whitney Stadium,Mobile,AL,False,30.69436,-88.04305,2026-09-19T23:00Z,OPEN_METEO_FORECAST,FORECAST,88.4,90.6,51,6,0.0,0.0,0.0,1,1012.2,11.2,177,11.2
OPEN_METEO-FORECAST-401869948-20260918T001017Z,2026-09-17T17:10:17.756874-07:00,NCAA_Football,NCAA_Football,401869948,2026-09-19T23:00:00+00:00,AmFirst Stadium,Jacksonville,AL,False,30.33218,-81.65565,2026-09-19T23:00Z,OPEN_METEO_FORECAST,FORECAST,85.2,86.5,50,9,0.0,0.0,0.0,3,1013.0,9.6,91,11.0
OPEN_METEO-FORECAST-401870764-20260918T001017Z,2026-09-17T17:10:17.756874-07:00,NCAA_Football,NCAA_Football,401870764,2026-09-19T23:00:00+00:00,Elliott T. Bowers Stadium,Huntsville,TX,False,34.7304,-86.58594,2026-09-19T23:00Z,OPEN_METEO_FORECAST,FORECAST,91.7,96.1,42,6,0.0,0.0,0.0,3,990.2,2.9,122,7.4
OPEN_METEO-FORECAST-401858452-20260918T001017Z,2026-09-17T17:10:17.756874-07:00,NCAA_Football,NCAA_Football,401858452,2026-09-19T23:15:00+00:00,"Memorial Stadium (Lincoln, NE)",Lincoln,NE,False,40.8,-96.66696,2026-09-19T23:00Z,OPEN_METEO_FORECAST,FORECAST,73.5,73.9,78,27,0.0,0.0,0.0,3,963.7,13.5,12,20.6
OPEN_METEO-FORECAST-401858459-20260918T001017Z,2026-09-17T17:10:17.756874-07:00,NCAA_Football,NCAA_Football,401858459,2026-09-19T23:15:00+00:00,Husky Stadium,Seattle,WA,False,47.60621,-122.33207,2026-09-19T23:00Z,OPEN_METEO_FORECAST,FORECAST,75.5,72.6,37,0,0.0,0.0,0.0,3,1009.5,5.2,350,2.5
OPEN_METEO-FORECAST-401858453-20260918T001017Z,2026-09-17T17:10:17.756874-07:00,NCAA_Football,NCAA_Football,401858453,2026-09-19T23:30:00+00:00,Notre Dame Stadium,Notre Dame,IN,False,41.70019,-86.23793,2026-09-19T23:00Z,OPEN_METEO_FORECAST,FORECAST,61.0,60.4,94,82,0.008,0.008,0.0,51,988.1,8.8,120,18.3
OPEN_METEO-FORECAST-401856688-20260918T001017Z,2026-09-17T17:10:17.756874-07:00,NCAA_Football,NCAA_Football,401856688,2026-09-19T23:30:00+00:00,Vaught-Hemingway Stadium,Oxford,MS,False,34.3665,-89.51925,2026-09-19T23:00Z,OPEN_METEO_FORECAST,FORECAST,94.3,98.0,36,0,0.0,0.0,0.0,0,993.6,2.5,153,2.7
OPEN_METEO-FORECAST-401856795-20260918T001017Z,2026-09-17T17:10:17.756874-07:00,NCAA_Football,NCAA_Football,401856795,2026-09-19T23:30:00+00:00,Canvas Stadium,Fort Collins,CO,False,40.58526,-105.08442,2026-09-19T23:00Z,OPEN_METEO_FORECAST,FORECAST,62.9,60.5,66,81,0.0,0.0,0.0,3,844.2,6.7,4,9.4
OPEN_METEO-FORECAST-401856690-20260918T001017Z,2026-09-17T17:10:17.756874-07:00,NCAA_Football,NCAA_Football,401856690,2026-09-19T23:30:00+00:00,"Memorial Stadium (Norman, OK)",Norman,OK,False,35.22257,-97.43948,2026-09-19T23:00Z,OPEN_METEO_FORECAST,FORECAST,100.6,96.1,22,0,0.0,0.0,0.0,0,967.1,14.3,181,15.2
OPEN_METEO-FORECAST-401856802-20260918T001017Z,2026-09-17T17:10:17.756874-07:00,NCAA_Football,NCAA_Football,401856802,2026-09-19T23:30:00+00:00,Bank of America Stadium,Charlotte,NC,False,35.22709,-80.84313,2026-09-19T23:00Z,OPEN_METEO_FORECAST,FORECAST,74.6,81.7,91,37,0.028,0.0,0.0,53,985.9,4.5,72,9.8
OPEN_METEO-FORECAST-401856796-20260918T001017Z,2026-09-17T17:10:17.756874-07:00,NCAA_Football,NCAA_Football,401856796,2026-09-19T23:30:00+00:00,Northwestern Medicine Field at Martin Stadium,Evanston,IL,False,41.26828,-110.96324,2026-09-19T23:00Z,OPEN_METEO_FORECAST,FORECAST,62.4,50.4,26,36,0.0,0.0,0.0,0,798.3,17.6,263,19.7
OPEN_METEO-FORECAST-401858232-20260918T001017Z,2026-09-17T17:10:17.756874-07:00,NCAA_Football,NCAA_Football,401858232,2026-09-19T23:30:00+00:00,SECU Stadium,College Park,MD,False,38.98067,-76.93692,2026-09-19T23:00Z,OPEN_METEO_FORECAST,FORECAST,73.2,73.0,63,16,0.0,0.0,0.0,3,1015.9,8.4,110,15.0
OPEN_METEO-FORECAST-401856692-20260918T001017Z,2026-09-17T17:10:17.756874-07:00,NCAA_Football,NCAA_Football,401856692,2026-09-19T23:45:00+00:00,Neyland Stadium,Knoxville,TN,False,35.96064,-83.92074,2026-09-19T23:00Z,OPEN_METEO_FORECAST,FORECAST,72.4,77.4,97,17,0.457,0.433,0.0,82,981.6,9.2,288,20.1
OPEN_METEO-FORECAST-401816992-20260918T001017Z,2026-09-17T17:10:17.756874-07:00,MLB,MLB,401816992,2026-09-19T00:10:00+00:00,Coors Field,Denver,Colorado,False,39.73915,-104.9847,2026-09-19T00:00Z,OPEN_METEO_FORECAST,FORECAST,73.7,70.1,39,29,0.0,0.0,0.0,3,842.0,6.8,352,11.4
OPEN_METEO-FORECAST-401816991-20260918T001017Z,2026-09-17T17:10:17.756874-07:00,MLB,MLB,401816991,2026-09-19T00:15:00+00:00,Busch Stadium,St. Louis,Missouri,False,38.62727,-90.19789,2026-09-19T00:00Z,OPEN_METEO_FORECAST,FORECAST,81.0,87.9,74,16,0.0,0.0,0.0,2,999.6,5.3,78,7.6
OPEN_METEO-FORECAST-401816994-20260918T001017Z,2026-09-17T17:10:17.756874-07:00,MLB,MLB,401816994,2026-09-19T01:38:00+00:00,Angel Stadium,Anaheim,California,False,33.83529,-117.9145,2026-09-19T02:00Z,OPEN_METEO_FORECAST,FORECAST,72.7,73.5,63,0,0.0,0.0,0.0,0,1009.6,5.6,236,8.3
OPEN_METEO-FORECAST-401816993-20260918T001017Z,2026-09-17T17:10:17.756874-07:00,MLB,MLB,401816993,2026-09-19T01:40:00+00:00,Petco Park,San Diego,California,False,32.71571,-117.16472,2026-09-19T02:00Z,OPEN_METEO_FORECAST,FORECAST,68.4,69.3,75,0,0.0,0.0,0.0,0,1014.6,5.9,317,10.1
OPEN_METEO-FORECAST-401816996-20260918T001017Z,2026-09-17T17:10:17.756874-07:00,MLB,MLB,401816996,2026-09-19T02:10:00+00:00,Dodger Stadium,Los Angeles,California,False,34.05223,-118.24368,2026-09-19T02:00Z,OPEN_METEO_FORECAST,FORECAST,69.1,69.7,72,0,0.0,0.0,0.0,0,1004.2,6.4,260,9.6
OPEN_METEO-FORECAST-401817001-20260918T001017Z,2026-09-17T17:10:17.756874-07:00,MLB,MLB,401817001,2026-09-19T20:05:00+00:00,Oriole Park at Camden Yards,Baltimore,Maryland,False,39.29038,-76.61219,2026-09-19T20:00Z,OPEN_METEO_FORECAST,FORECAST,75.6,74.1,46,11,0.0,0.0,0.0,3,1015.6,6.1,100,8.5
OPEN_METEO-FORECAST-401817002-20260918T001017Z,2026-09-17T17:10:17.756874-07:00,MLB,MLB,401817002,2026-09-19T20:10:00+00:00,Citi Field,Queens,New York,False,40.68149,-73.83652,2026-09-19T20:00Z,OPEN_METEO_FORECAST,FORECAST,71.7,67.1,32,0,0.0,0.0,0.0,2,1020.0,5.6,124,5.4
OPEN_METEO-FORECAST-401816997-20260918T001017Z,2026-09-17T17:10:17.756874-07:00,MLB,MLB,401816997,2026-09-19T22:10:00+00:00,Progressive Field,Cleveland,Ohio,False,41.4995,-81.69541,2026-09-19T22:00Z,OPEN_METEO_FORECAST,FORECAST,67.2,67.0,66,19,0.004,0.004,0.0,51,993.8,4.4,45,9.8
OPEN_METEO-FORECAST-401816999-20260918T001017Z,2026-09-17T17:10:17.756874-07:00,MLB,MLB,401816999,2026-09-19T22:40:00+00:00,Great American Ball Park,Cincinnati,Ohio,False,39.12711,-84.51439,2026-09-19T23:00Z,OPEN_METEO_FORECAST,FORECAST,75.9,80.8,81,17,0.012,0.0,0.0,51,983.5,6.8,17,9.2
OPEN_METEO-FORECAST-401817000-20260918T001017Z,2026-09-17T17:10:17.756874-07:00,MLB,MLB,401817000,2026-09-19T22:40:00+00:00,PNC Park,Pittsburgh,Pennsylvania,False,40.44062,-79.99589,2026-09-19T23:00Z,OPEN_METEO_FORECAST,FORECAST,68.7,67.6,59,6,0.0,0.0,0.0,3,988.7,5.2,65,12.8
OPEN_METEO-FORECAST-401817004-20260918T001017Z,2026-09-17T17:10:17.756874-07:00,MLB,MLB,401817004,2026-09-19T23:10:00+00:00,Rate Field,Chicago,Illinois,False,41.85003,-87.65005,2026-09-19T23:00Z,OPEN_METEO_FORECAST,FORECAST,65.1,67.0,95,85,0.008,0.008,0.0,51,992.8,7.0,140,19.9
OPEN_METEO-FORECAST-401817006-20260918T001017Z,2026-09-17T17:10:17.756874-07:00,MLB,MLB,401817006,2026-09-19T23:15:00+00:00,Busch Stadium,St. Louis,Missouri,False,38.62727,-90.19789,2026-09-19T23:00Z,OPEN_METEO_FORECAST,FORECAST,88.7,90.1,38,2,0.0,0.0,0.0,3,994.4,4.5,81,6.5
OPEN_METEO-FORECAST-401817040-20260918T001017Z,2026-09-17T17:10:17.756874-07:00,MLB,MLB,401817040,2026-09-23T00:40:00+00:00,Coors Field,Denver,Colorado,False,39.73915,-104.9847,2026-09-23T01:00Z,OPEN_METEO_FORECAST,FORECAST,64.3,61.2,62,32,0.0,0.0,0.0,2,836.8,8.1,141,1.6
OPEN_METEO-FORECAST-401817041-20260918T001017Z,2026-09-17T17:10:17.756874-07:00,MLB,MLB,401817041,2026-09-23T01:40:00+00:00,Sutter Health Park,Sacramento,California,False,38.58157,-121.4944,2026-09-23T02:00Z,OPEN_METEO_FORECAST,FORECAST,82.2,79.6,34,0,0.0,0.0,0.0,0,1004.8,7.0,187,13.2
OPEN_METEO-FORECAST-401817043-20260918T001017Z,2026-09-17T17:10:17.756874-07:00,MLB,MLB,401817043,2026-09-23T01:45:00+00:00,Oracle Park,San Francisco,California,False,37.77493,-122.41942,2026-09-23T02:00Z,OPEN_METEO_FORECAST,FORECAST,64.9,64.0,72,0,0.0,0.0,0.0,2,1008.2,6.3,264,6.7
OPEN_METEO-FORECAST-401817044-20260918T001017Z,2026-09-17T17:10:17.756874-07:00,MLB,MLB,401817044,2026-09-23T02:10:00+00:00,Dodger Stadium,Los Angeles,California,False,34.05223,-118.24368,2026-09-23T02:00Z,OPEN_METEO_FORECAST,FORECAST,73.8,74.8,66,0,0.0,0.0,0.0,0,997.8,7.3,225,6.0
OPEN_METEO-FORECAST-401817051-20260918T001017Z,2026-09-17T17:10:17.756874-07:00,MLB,MLB,401817051,2026-09-23T17:10:00+00:00,Comerica Park,Detroit,Michigan,False,42.33143,-83.04575,2026-09-23T17:00Z,OPEN_METEO_FORECAST,FORECAST,60.2,60.1,85,23,0.0,0.0,0.0,3,1000.2,4.7,329,14.1
OPEN_METEO-FORECAST-401817058-20260918T001017Z,2026-09-17T17:10:17.756874-07:00,MLB,MLB,401817058,2026-09-23T19:45:00+00:00,Oracle Park,San Francisco,California,False,37.77493,-122.41942,2026-09-23T20:00Z,OPEN_METEO_FORECAST,FORECAST,78.8,80.4,37,0,0.0,0.0,0.0,0,1008.9,3.8,277,5.6
OPEN_METEO-FORECAST-401817050-20260918T001017Z,2026-09-17T17:10:17.756874-07:00,MLB,MLB,401817050,2026-09-23T22:35:00+00:00,Oriole Park at Camden Yards,Baltimore,Maryland,False,39.29038,-76.61219,2026-09-23T23:00Z,OPEN_METEO_FORECAST,FORECAST,62.9,61.9,93,29,0.004,0.004,0.0,51,1022.4,11.2,77,17.4
OPEN_METEO-FORECAST-401817047-20260918T001017Z,2026-09-17T17:10:17.756874-07:00,MLB,MLB,401817047,2026-09-23T22:40:00+00:00,Citizens Bank Park,Philadelphia,Pennsylvania,False,39.95238,-75.16362,2026-09-23T23:00Z,OPEN_METEO_FORECAST,FORECAST,63.3,60.7,82,23,0.0,0.0,0.0,3,1024.8,12.3,71,19.2
OPEN_METEO-FORECAST-401817048-20260918T001017Z,2026-09-17T17:10:17.756874-07:00,MLB,MLB,401817048,2026-09-23T22:40:00+00:00,PNC Park,Pittsburgh,Pennsylvania,False,40.44062,-79.99589,2026-09-23T23:00Z,OPEN_METEO_FORECAST,FORECAST,60.9,60.4,94,37,0.004,0.0,0.0,51,995.2,8.4,122,25.7
OPEN_METEO-FORECAST-401817046-20260918T001017Z,2026-09-17T17:10:17.756874-07:00,MLB,MLB,401817046,2026-09-23T23:00:00+00:00,Fenway Park,Boston,Massachusetts,False,42.35843,-71.05977,2026-09-23T23:00Z,OPEN_METEO_FORECAST,FORECAST,57.8,50.3,71,12,0.0,0.0,0.0,3,1028.6,16.9,67,19.2
OPEN_METEO-FORECAST-401817049-20260918T001017Z,2026-09-17T17:10:17.756874-07:00,MLB,MLB,401817049,2026-09-23T23:05:00+00:00,Yankee Stadium,Bronx,New York,False,40.93815,-73.83208,2026-09-23T23:00Z,OPEN_METEO_FORECAST,FORECAST,59.9,54.7,79,21,0.004,0.004,0.0,51,1023.7,14.9,64,19.7
OPEN_METEO-FORECAST-401817045-20260918T001017Z,2026-09-17T17:10:17.756874-07:00,MLB,MLB,401817045,2026-09-23T23:15:00+00:00,Truist Park,Atlanta,Georgia,False,33.749,-84.38798,2026-09-23T23:00Z,OPEN_METEO_FORECAST,FORECAST,87.1,90.3,46,12,0.0,0.0,0.0,3,983.0,4.3,118,9.8
OPEN_METEO-FORECAST-401817052-20260918T001017Z,2026-09-17T17:10:17.756874-07:00,MLB,MLB,401817052,2026-09-23T23:40:00+00:00,Kauffman Stadium,Kansas City,Missouri,False,39.09973,-94.57857,2026-09-23T23:00Z,OPEN_METEO_FORECAST,FORECAST,67.3,64.0,52,3,0.0,0.0,0.0,3,987.7,7.3,59,11.6
OPEN_METEO-FORECAST-401817053-20260918T001017Z,2026-09-17T17:10:17.756874-07:00,MLB,MLB,401817053,2026-09-23T23:40:00+00:00,Wrigley Field,Chicago,Illinois,False,41.85003,-87.65005,2026-09-23T23:00Z,OPEN_METEO_FORECAST,FORECAST,60.3,56.8,78,3,0.004,0.0,0.0,51,1002.2,10.9,352,11.2
OPEN_METEO-FORECAST-401872945-20260918T003009Z,2026-09-17T17:30:09.198702-07:00,NFL,NFL,401872945,2026-09-21T00:20:00+00:00,Arrowhead Stadium,Kansas City,MO,False,39.09973,-94.57857,2026-09-21T00:00Z,OPEN_METEO_FORECAST,FORECAST,75.2,77.2,75,38,0.0,0.0,0.0,3,978.5,10.4,353,15.9
OPEN_METEO-FORECAST-401817027-20260918T003009Z,2026-09-17T17:30:09.198702-07:00,MLB,MLB,401817027,2026-09-21T22:35:00+00:00,Oriole Park at Camden Yards,Baltimore,Maryland,False,39.29038,-76.61219,2026-09-21T23:00Z,OPEN_METEO_FORECAST,FORECAST,66.8,67.0,82,40,0.004,0.0,0.0,51,1012.6,8.6,37,13.9
OPEN_METEO-FORECAST-401817028-20260918T003009Z,2026-09-17T17:30:09.198702-07:00,MLB,MLB,401817028,2026-09-21T22:40:00+00:00,Comerica Park,Detroit,Michigan,False,42.33143,-83.04575,2026-09-21T23:00Z,OPEN_METEO_FORECAST,FORECAST,63.1,57.3,56,27,0.0,0.0,0.0,3,995.6,12.0,76,23.9
OPEN_METEO-FORECAST-401872948-20260918T003009Z,2026-09-17T17:30:09.198702-07:00,NFL,NFL,401872948,2026-09-25T00:15:00+00:00,Lambeau Field,Green Bay,WI,False,44.51916,-88.01983,2026-09-25T00:00Z,OPEN_METEO_FORECAST,FORECAST,55.0,52.6,69,4,0.0,0.0,0.0,0,1002.7,2.7,114,2.9
OPEN_METEO-FORECAST-401817070-20260918T003009Z,2026-09-17T17:30:09.198702-07:00,MLB,MLB,401817070,2026-09-25T01:40:00+00:00,Sutter Health Park,Sacramento,California,False,38.58157,-121.4944,2026-09-25T02:00Z,OPEN_METEO_FORECAST,FORECAST,86.2,79.5,17,0,0.0,0.0,0.0,3,1005.2,8.4,212,16.3
OPEN_METEO-FORECAST-401817071-20260918T003009Z,2026-09-17T17:30:09.198702-07:00,MLB,MLB,401817071,2026-09-25T02:10:00+00:00,Dodger Stadium,Los Angeles,California,False,34.05223,-118.24368,2026-09-25T02:00Z,OPEN_METEO_FORECAST,FORECAST,74.3,75.3,65,2,0.0,0.0,0.0,2,1001.2,7.4,237,4.9
OPEN_METEO-FORECAST-401869941-20260918T003009Z,2026-09-17T17:30:09.198702-07:00,NCAA_Football,NCAA_Football,401869941,2026-09-24T23:30:00+00:00,Brooks Stadium (SC),Conway,SC,False,35.0887,-92.4421,2026-09-24T23:00Z,OPEN_METEO_FORECAST,FORECAST,75.5,72.4,41,1,0.0,0.0,0.0,3,1009.4,7.6,32,16.8
OPEN_METEO-FORECAST-401817063-20260918T003009Z,2026-09-17T17:30:09.198702-07:00,MLB,MLB,401817063,2026-09-24T16:35:00+00:00,PNC Park,Pittsburgh,Pennsylvania,False,40.44062,-79.99589,2026-09-24T17:00Z,OPEN_METEO_FORECAST,FORECAST,65.8,66.4,72,22,0.0,0.0,0.0,3,992.5,3.5,215,6.5
OPEN_METEO-FORECAST-401817065-20260918T003009Z,2026-09-17T17:30:09.198702-07:00,MLB,MLB,401817065,2026-09-24T18:10:00+00:00,Kauffman Stadium,Kansas City,Missouri,False,39.09973,-94.57857,2026-09-24T18:00Z,OPEN_METEO_FORECAST,FORECAST,69.1,66.2,43,21,0.0,0.0,0.0,3,992.8,4.2,54,3.8
OPEN_METEO-FORECAST-401817066-20260918T003009Z,2026-09-17T17:30:09.198702-07:00,MLB,MLB,401817066,2026-09-24T18:20:00+00:00,Wrigley Field,Chicago,Illinois,False,41.85003,-87.65005,2026-09-24T18:00Z,OPEN_METEO_FORECAST,FORECAST,59.9,57.0,85,5,0.004,0.0,0.0,51,1002.9,10.8,339,15.0
OPEN_METEO-FORECAST-401817068-20260918T003009Z,2026-09-17T17:30:09.198702-07:00,MLB,MLB,401817068,2026-09-24T19:10:00+00:00,Coors Field,Denver,Colorado,False,39.73915,-104.9847,2026-09-24T19:00Z,OPEN_METEO_FORECAST,FORECAST,78.0,75.7,25,19,0.0,0.0,0.0,1,846.0,5.2,85,5.6
OPEN_METEO-FORECAST-401817062-20260918T003009Z,2026-09-17T17:30:09.198702-07:00,MLB,MLB,401817062,2026-09-24T22:05:00+00:00,Citizens Bank Park,Philadelphia,Pennsylvania,False,39.95238,-75.16362,2026-09-24T22:00Z,OPEN_METEO_FORECAST,FORECAST,62.7,62.0,95,14,0.039,0.012,0.0,55,1018.7,10.8,66,25.3
OPEN_METEO-FORECAST-401817061-20260918T003009Z,2026-09-17T17:30:09.198702-07:00,MLB,MLB,401817061,2026-09-24T22:45:00+00:00,Fenway Park,Boston,Massachusetts,False,42.35843,-71.05977,2026-09-24T23:00Z,OPEN_METEO_FORECAST,FORECAST,59.4,54.0,81,24,0.004,0.004,0.0,51,1024.1,15.4,62,17.7
OPEN_METEO-FORECAST-401817064-20260918T003009Z,2026-09-17T17:30:09.198702-07:00,MLB,MLB,401817064,2026-09-24T23:05:00+00:00,Yankee Stadium,Bronx,New York,False,40.93815,-73.83208,2026-09-24T23:00Z,OPEN_METEO_FORECAST,FORECAST,62.3,58.2,76,16,0.0,0.0,0.0,3,1019.0,13.0,63,23.3
OPEN_METEO-FORECAST-401817060-20260918T003009Z,2026-09-17T17:30:09.198702-07:00,MLB,MLB,401817060,2026-09-24T23:15:00+00:00,Truist Park,Atlanta,Georgia,False,33.749,-84.38798,2026-09-24T23:00Z,OPEN_METEO_FORECAST,FORECAST,77.8,80.8,65,4,0.0,0.0,0.0,2,978.5,6.2,339,10.3
OPEN_METEO-FORECAST-401817055-20260918T003009Z,2026-09-17T17:30:09.198702-07:00,MLB,MLB,401817055,2026-09-24T00:40:00+00:00,Coors Field,Denver,Colorado,False,39.73915,-104.9847,2026-09-24T01:00Z,OPEN_METEO_FORECAST,FORECAST,74.1,69.6,31,21,0.0,0.0,0.0,3,843.2,5.9,108,5.6
OPEN_METEO-FORECAST-401817056-20260918T003009Z,2026-09-17T17:30:09.198702-07:00,MLB,MLB,401817056,2026-09-24T01:40:00+00:00,Sutter Health Park,Sacramento,California,False,38.58157,-121.4944,2026-09-24T02:00Z,OPEN_METEO_FORECAST,FORECAST,89.1,83.6,13,0,0.0,0.0,0.0,0,1004.7,4.1,209,5.6
OPEN_METEO-FORECAST-401817059-20260918T003009Z,2026-09-17T17:30:09.198702-07:00,MLB,MLB,401817059,2026-09-24T02:10:00+00:00,Dodger Stadium,Los Angeles,California,False,34.05223,-118.24368,2026-09-24T02:00Z,OPEN_METEO_FORECAST,FORECAST,76.9,77.6,58,1,0.0,0.0,0.0,0,998.8,7.5,219,6.7
OPEN_METEO-FORECAST-401858225-20260918T003009Z,2026-09-17T17:30:09.198702-07:00,NCAA_Football,NCAA_Football,401858225,2026-09-17T23:30:00+00:00,Acrisure Stadium,Pittsburgh,PA,False,40.44062,-79.99589,2026-09-17T23:00Z,OPEN_METEO_FORECAST,FORECAST,79.0,86.6,82,10,0.0,0.0,0.0,2,992.3,4.8,248,12.3
OPEN_METEO-FORECAST-401816975-20260918T003009Z,2026-09-17T17:30:09.198702-07:00,MLB,MLB,401816975,2026-09-17T16:35:00+00:00,PNC Park,Pittsburgh,Pennsylvania,False,40.44062,-79.99589,2026-09-17T17:00Z,OPEN_METEO_FORECAST,FORECAST,80.1,87.9,85,12,0.0,0.0,0.0,3,995.3,7.3,243,12.1
OPEN_METEO-FORECAST-401816974-20260918T003009Z,2026-09-17T17:30:09.198702-07:00,MLB,MLB,401816974,2026-09-17T16:40:00+00:00,Great American Ball Park,Cincinnati,Ohio,False,39.12711,-84.51439,2026-09-17T17:00Z,OPEN_METEO_FORECAST,FORECAST,89.5,97.3,57,0,0.0,0.0,0.0,0,993.0,7.9,278,15.7
OPEN_METEO-FORECAST-401816980-20260918T003009Z,2026-09-17T17:30:09.198702-07:00,MLB,MLB,401816980,2026-09-17T19:10:00+00:00,Coors Field,Denver,Colorado,False,39.73915,-104.9847,2026-09-17T19:00Z,OPEN_METEO_FORECAST,FORECAST,77.0,80.8,56,9,0.0,0.0,0.0,2,844.6,5.5,297,5.6
OPEN_METEO-FORECAST-401816976-20260918T003009Z,2026-09-17T17:30:09.198702-07:00,MLB,MLB,401816976,2026-09-17T23:15:00+00:00,Citi Field,Queens,New York,False,40.68149,-73.83652,2026-09-17T23:00Z,OPEN_METEO_FORECAST,FORECAST,75.4,82.0,81,1,0.0,0.0,0.0,3,1018.0,2.4,146,12.3
OPEN_METEO-FORECAST-401816978-20260918T003009Z,2026-09-17T17:30:09.198702-07:00,MLB,MLB,401816978,2026-09-17T23:40:00+00:00,Rate Field,Chicago,Illinois,False,41.85003,-87.65005,2026-09-17T23:00Z,OPEN_METEO_FORECAST,FORECAST,69.0,73.6,95,12,0.098,0.098,0.0,63,1000.3,5.2,342,14.8
OPEN_METEO-FORECAST-401872947-20260918T003009Z,2026-09-17T17:30:09.198702-07:00,NFL,NFL,401872947,2026-09-22T00:15:00+00:00,SoFi Stadium,Inglewood,CA,False,33.96168,-118.35313,2026-09-22T00:00Z,OPEN_METEO_FORECAST,FORECAST,73.0,71.4,61,0,0.0,0.0,0.0,0,1005.1,10.8,253,5.6
OPEN_METEO-FORECAST-401873648-20260918T003009Z,2026-09-17T17:30:09.198702-07:00,MLB,MLB,401873648,2026-09-22T17:05:00+00:00,Yankee Stadium,Bronx,New York,False,40.93815,-73.83208,2026-09-22T17:00Z,OPEN_METEO_FORECAST,FORECAST,56.1,50.0,92,32,0.142,0.138,0.0,81,1018.6,17.4,72,28.9
OPEN_METEO-FORECAST-401817035-20260918T003009Z,2026-09-17T17:30:09.198702-07:00,MLB,MLB,401817035,2026-09-22T22:35:00+00:00,Oriole Park at Camden Yards,Baltimore,Maryland,False,39.29038,-76.61219,2026-09-22T23:00Z,OPEN_METEO_FORECAST,FORECAST,61.1,59.4,91,48,0.0,0.0,0.0,3,1015.6,10.8,56,27.1
OPEN_METEO-FORECAST-401817032-20260918T003009Z,2026-09-17T17:30:09.198702-07:00,MLB,MLB,401817032,2026-09-22T22:40:00+00:00,Citizens Bank Park,Philadelphia,Pennsylvania,False,39.95238,-75.16362,2026-09-22T23:00Z,OPEN_METEO_FORECAST,FORECAST,59.6,55.0,84,41,0.0,0.0,0.0,3,1019.1,14.7,69,29.5
OPEN_METEO-FORECAST-401817033-20260918T003009Z,2026-09-17T17:30:09.198702-07:00,MLB,MLB,401817033,2026-09-22T22:40:00+00:00,PNC Park,Pittsburgh,Pennsylvania,False,40.44062,-79.99589,2026-09-22T23:00Z,OPEN_METEO_FORECAST,FORECAST,67.8,69.9,85,57,0.0,0.0,0.0,3,988.5,6.1,96,12.8
OPEN_METEO-FORECAST-401817036-20260918T003009Z,2026-09-17T17:30:09.198702-07:00,MLB,MLB,401817036,2026-09-22T22:40:00+00:00,Comerica Park,Detroit,Michigan,False,42.33143,-83.04575,2026-09-22T23:00Z,OPEN_METEO_FORECAST,FORECAST,57.1,52.5,72,15,0.0,0.0,0.0,3,997.4,9.7,38,17.7
OPEN_METEO-FORECAST-401817031-20260918T003009Z,2026-09-17T17:30:09.198702-07:00,MLB,MLB,401817031,2026-09-22T22:45:00+00:00,Fenway Park,Boston,Massachusetts,False,42.35843,-71.05977,2026-09-22T23:00Z,OPEN_METEO_FORECAST,FORECAST,52.7,44.9,87,19,0.028,0.024,0.0,53,1024.8,17.8,55,22.4
OPEN_METEO-FORECAST-401817034-20260918T003009Z,2026-09-17T17:30:09.198702-07:00,MLB,MLB,401817034,2026-09-22T23:05:00+00:00,Yankee Stadium,Bronx,New York,False,40.93815,-73.83208,2026-09-22T23:00Z,OPEN_METEO_FORECAST,FORECAST,52.8,47.0,92,31,0.008,0.008,0.0,51,1019.9,14.1,54,26.2
OPEN_METEO-FORECAST-401817030-20260918T003009Z,2026-09-17T17:30:09.198702-07:00,MLB,MLB,401817030,2026-09-22T23:15:00+00:00,Truist Park,Atlanta,Georgia,False,33.749,-84.38798,2026-09-22T23:00Z,OPEN_METEO_FORECAST,FORECAST,88.7,93.4,43,41,0.004,0.004,0.0,51,975.6,0.2,270,4.0
OPEN_METEO-FORECAST-401817037-20260918T003009Z,2026-09-17T17:30:09.198702-07:00,MLB,MLB,401817037,2026-09-22T23:40:00+00:00,Kauffman Stadium,Kansas City,Missouri,False,39.09973,-94.57857,2026-09-22T23:00Z,OPEN_METEO_FORECAST,FORECAST,64.7,62.0,68,2,0.0,0.0,0.0,3,987.8,9.2,26,13.6
OPEN_METEO-FORECAST-401817038-20260918T003009Z,2026-09-17T17:30:09.198702-07:00,MLB,MLB,401817038,2026-09-22T23:40:00+00:00,Wrigley Field,Chicago,Illinois,False,41.85003,-87.65005,2026-09-22T23:00Z,OPEN_METEO_FORECAST,FORECAST,57.7,51.0,69,26,0.0,0.0,0.0,3,1000.2,14.4,36,17.9
OPEN_METEO-FORECAST-401817029-20260918T003009Z,2026-09-17T17:30:09.198702-07:00,MLB,MLB,401817029,2026-09-22T01:45:00+00:00,Oracle Park,San Francisco,California,False,37.77493,-122.41942,2026-09-22T02:00Z,OPEN_METEO_FORECAST,FORECAST,61.8,59.4,78,0,0.0,0.0,0.0,0,1010.1,9.4,237,9.2
OPEN_METEO-FORECAST-401872937-20260918T003009Z,2026-09-17T17:30:09.198702-07:00,NFL,NFL,401872937,2026-09-20T17:00:00+00:00,Soldier Field,Chicago,IL,False,41.85003,-87.65005,2026-09-20T17:00Z,OPEN_METEO_FORECAST,FORECAST,64.9,65.9,96,62,0.012,0.0,0.0,51,992.4,9.4,78,14.5
OPEN_METEO-FORECAST-401872939-20260918T003009Z,2026-09-17T17:30:09.198702-07:00,NFL,NFL,401872939,2026-09-20T17:00:00+00:00,Nissan Stadium,Nashville,TN,False,36.16589,-86.78444,2026-09-20T17:00Z,OPEN_METEO_FORECAST,FORECAST,88.9,92.9,47,1,0.0,0.0,0.0,3,996.3,4.7,172,7.2
OPEN_METEO-FORECAST-401872946-20260918T003009Z,2026-09-17T17:30:09.198702-07:00,NFL,NFL,401872946,2026-09-20T17:00:00+00:00,Gillette Stadium,Foxborough,MA,False,42.06538,-71.24783,2026-09-20T17:00Z,OPEN_METEO_FORECAST,FORECAST,58.1,56.0,65,8,0.0,0.0,0.0,3,1010.0,2.9,176,10.7
OPEN_METEO-FORECAST-401872936-20260918T003009Z,2026-09-17T17:30:09.198702-07:00,NFL,NFL,401872936,2026-09-20T17:00:00+00:00,MetLife Stadium,East Rutherford,NJ,False,40.83399,-74.09709,2026-09-20T17:00Z,OPEN_METEO_FORECAST,FORECAST,61.6,61.3,86,72,0.055,0.055,0.0,61,1016.1,6.5,124,14.3
OPEN_METEO-FORECAST-401872935-20260918T003009Z,2026-09-17T17:30:09.198702-07:00,NFL,NFL,401872935,2026-09-20T17:00:00+00:00,Raymond James Stadium,Tampa,FL,False,27.94752,-82.45843,2026-09-20T17:00Z,OPEN_METEO_FORECAST,FORECAST,89.0,96.4,51,6,0.0,0.0,0.0,3,1012.6,3.3,164,4.0
OPEN_METEO-FORECAST-401872938-20260918T003009Z,2026-09-17T17:30:09.198702-07:00,NFL,NFL,401872938,2026-09-20T17:00:00+00:00,M&T Bank Stadium,Baltimore,MD,False,39.29038,-76.61219,2026-09-20T17:00Z,OPEN_METEO_FORECAST,FORECAST,74.5,77.6,76,23,0.004,0.0,0.0,51,1012.9,7.4,178,18.1
OPEN_METEO-FORECAST-401872940-20260918T003009Z,2026-09-17T17:30:09.198702-07:00,NFL,NFL,401872940,2026-09-20T20:05:00+00:00,Empower Field at Mile High,Denver,CO,False,39.73915,-104.9847,2026-09-20T20:00Z,OPEN_METEO_FORECAST,FORECAST,74.3,70.7,35,52,0.0,0.0,0.0,3,838.3,10.5,34,9.8
OPEN_METEO-FORECAST-401872941-20260918T003009Z,2026-09-17T17:30:09.198702-07:00,NFL,NFL,401872941,2026-09-20T20:05:00+00:00,SoFi Stadium,Inglewood,CA,False,33.96168,-118.35313,2026-09-20T20:00Z,OPEN_METEO_FORECAST,FORECAST,78.2,80.3,49,0,0.0,0.0,0.0,0,1007.1,8.4,189,6.3
OPEN_METEO-FORECAST-401872942-20260918T003009Z,2026-09-17T17:30:09.198702-07:00,NFL,NFL,401872942,2026-09-20T20:25:00+00:00,Levi's Stadium,Santa Clara,CA,False,37.35411,-121.95524,2026-09-20T20:00Z,OPEN_METEO_FORECAST,FORECAST,76.9,74.0,40,0,0.0,0.0,0.0,3,1010.1,7.4,357,4.3
OPEN_METEO-FORECAST-401856693-20260918T003009Z,2026-09-17T17:30:09.198702-07:00,NCAA_Football,NCAA_Football,401856693,2026-09-20T00:00:00+00:00,DKR-Texas Memorial Stadium,Austin,TX,False,30.26715,-97.74306,2026-09-20T00:00Z,OPEN_METEO_FORECAST,FORECAST,97.3,93.9,24,1,0.0,0.0,0.0,0,992.0,11.4,122,12.8
OPEN_METEO-FORECAST-401856799-20260918T003009Z,2026-09-17T17:30:09.198702-07:00,NCAA_Football,NCAA_Football,401856799,2026-09-20T00:00:00+00:00,Amon G. Carter Stadium,Fort Worth,TX,False,32.72541,-97.32085,2026-09-20T00:00Z,OPEN_METEO_FORECAST,FORECAST,97.1,93.2,21,0,0.0,0.0,0.0,0,987.0,9.7,157,10.7
OPEN_METEO-FORECAST-401862775-20260918T003009Z,2026-09-17T17:30:09.198702-07:00,NCAA_Football,NCAA_Football,401862775,2026-09-20T00:00:00+00:00,H. A. Chapman Stadium,Tulsa,OK,False,36.15398,-95.99277,2026-09-20T00:00Z,OPEN_METEO_FORECAST,FORECAST,96.6,94.0,26,0,0.0,0.0,0.0,3,981.9,10.8,174,21.0
OPEN_METEO-FORECAST-401862776-20260918T003009Z,2026-09-17T17:30:09.198702-07:00,NCAA_Football,NCAA_Football,401862776,2026-09-20T00:00:00+00:00,Our Lady of Lourdes Stadium,Lafayette,LA,False,30.22409,-92.01984,2026-09-20T00:00Z,OPEN_METEO_FORECAST,FORECAST,82.3,86.0,66,3,0.0,0.0,0.0,0,1011.2,9.8,192,15.9
OPEN_METEO-FORECAST-401860885-20260918T003009Z,2026-09-17T17:30:09.198702-07:00,NCAA_Football,NCAA_Football,401860885,2026-09-20T02:00:00+00:00,Albertsons Stadium,Boise,ID,False,43.6135,-116.20345,2026-09-20T02:00Z,OPEN_METEO_FORECAST,FORECAST,71.4,67.6,39,0,0.0,0.0,0.0,0,920.1,5.9,7,10.7
OPEN_METEO-FORECAST-401860887-20260918T003009Z,2026-09-17T17:30:09.198702-07:00,NCAA_Football,NCAA_Football,401860887,2026-09-20T02:00:00+00:00,Snapdragon Stadium,San Diego,CA,False,32.71571,-117.16472,2026-09-20T02:00Z,OPEN_METEO_FORECAST,FORECAST,72.6,74.3,69,0,0.0,0.0,0.0,0,1010.1,5.8,270,4.0
OPEN_METEO-FORECAST-401856793-20260918T003009Z,2026-09-17T17:30:09.198702-07:00,NCAA_Football,NCAA_Football,401856793,2026-09-20T02:30:00+00:00,Casino Del Sol Stadium,Tucson,AZ,False,32.22174,-110.92648,2026-09-20T02:00Z,OPEN_METEO_FORECAST,FORECAST,93.1,84.3,13,0,0.0,0.0,0.0,0,925.5,13.0,251,13.0
OPEN_METEO-FORECAST-401864507-20260918T003009Z,2026-09-17T17:30:09.198702-07:00,NCAA_Football,NCAA_Football,401864507,2026-09-20T02:30:00+00:00,Hornet Stadium,Sacramento,CA,False,38.58157,-121.4944,2026-09-20T02:00Z,OPEN_METEO_FORECAST,FORECAST,82.1,78.0,32,0,0.0,0.0,0.0,0,1007.1,9.3,201,18.1
OPEN_METEO-FORECAST-401858458-20260918T003009Z,2026-09-17T17:30:09.198702-07:00,NCAA_Football,NCAA_Football,401858458,2026-09-20T03:00:00+00:00,Rose Bowl,Pasadena,CA,False,29.69106,-95.2091,2026-09-20T03:00Z,OPEN_METEO_FORECAST,FORECAST,82.5,87.9,65,0,0.0,0.0,0.0,0,1012.6,5.6,146,15.0
OPEN_METEO-FORECAST-401860886-20260918T003009Z,2026-09-17T17:30:09.198702-07:00,NCAA_Football,NCAA_Football,401860886,2026-09-20T03:00:00+00:00,Reser Stadium,Corvallis,OR,False,33.90224,-118.08173,2026-09-20T03:00Z,OPEN_METEO_FORECAST,FORECAST,76.9,77.3,54,0,0.0,0.0,0.0,2,1008.3,6.0,243,5.8
OPEN_METEO-FORECAST-401860888-20260918T003009Z,2026-09-17T17:30:09.198702-07:00,NCAA_Football,NCAA_Football,401860888,2026-09-20T03:00:00+00:00,CEFCU Stadium,San Jose,CA,False,37.33939,-121.89496,2026-09-20T03:00Z,OPEN_METEO_FORECAST,FORECAST,72.2,70.6,51,0,0.0,0.0,0.0,0,1009.1,6.0,333,4.3
OPEN_METEO-FORECAST-401817017-20260918T003009Z,2026-09-17T17:30:09.198702-07:00,MLB,MLB,401817017,2026-09-20T17:10:00+00:00,Citi Field,Queens,New York,False,40.68149,-73.83652,2026-09-20T17:00Z,OPEN_METEO_FORECAST,FORECAST,63.4,62.1,80,58,0.059,0.059,0.0,61,1017.8,8.6,131,13.9
OPEN_METEO-FORECAST-401817015-20260918T003009Z,2026-09-17T17:30:09.198702-07:00,MLB,MLB,401817015,2026-09-20T17:35:00+00:00,PNC Park,Pittsburgh,Pennsylvania,False,40.44062,-79.99589,2026-09-20T18:00Z,OPEN_METEO_FORECAST,FORECAST,69.9,75.3,94,74,0.024,0.012,0.0,53,986.8,4.0,286,8.5
OPEN_METEO-FORECAST-401817012-20260918T003009Z,2026-09-17T17:30:09.198702-07:00,MLB,MLB,401817012,2026-09-20T17:40:00+00:00,Progressive Field,Cleveland,Ohio,False,41.4995,-81.69541,2026-09-20T18:00Z,OPEN_METEO_FORECAST,FORECAST,62.3,62.9,90,63,0.008,0.008,0.0,51,991.9,5.9,79,9.2
OPEN_METEO-FORECAST-401817014-20260918T003009Z,2026-09-17T17:30:09.198702-07:00,MLB,MLB,401817014,2026-09-20T17:40:00+00:00,Great American Ball Park,Cincinnati,Ohio,False,39.12711,-84.51439,2026-09-20T18:00Z,OPEN_METEO_FORECAST,FORECAST,75.0,79.0,74,11,0.0,0.0,0.0,3,983.0,4.7,172,9.2
OPEN_METEO-FORECAST-401817019-20260918T003009Z,2026-09-17T17:30:09.198702-07:00,MLB,MLB,401817019,2026-09-20T18:10:00+00:00,Rate Field,Chicago,Illinois,False,41.85003,-87.65005,2026-09-20T18:00Z,OPEN_METEO_FORECAST,FORECAST,64.4,65.0,97,62,0.102,0.091,0.0,81,992.1,9.8,73,15.0
OPEN_METEO-FORECAST-401817021-20260918T003009Z,2026-09-17T17:30:09.198702-07:00,MLB,MLB,401817021,2026-09-20T18:15:00+00:00,Busch Stadium,St. Louis,Missouri,False,38.62727,-90.19789,2026-09-20T18:00Z,OPEN_METEO_FORECAST,FORECAST,89.8,92.9,38,11,0.0,0.0,0.0,3,994.8,4.7,239,7.2
OPEN_METEO-FORECAST-401817022-20260918T003009Z,2026-09-17T17:30:09.198702-07:00,MLB,MLB,401817022,2026-09-20T19:10:00+00:00,Coors Field,Denver,Colorado,False,39.73915,-104.9847,2026-09-20T19:00Z,OPEN_METEO_FORECAST,FORECAST,72.7,69.1,38,52,0.0,0.0,0.0,2,838.7,11.4,23,10.3
OPEN_METEO-FORECAST-401817024-20260918T003009Z,2026-09-17T17:30:09.198702-07:00,MLB,MLB,401817024,2026-09-20T20:07:00+00:00,Angel Stadium,Anaheim,California,False,33.83529,-117.9145,2026-09-20T20:00Z,OPEN_METEO_FORECAST,FORECAST,81.4,83.5,45,0,0.0,0.0,0.0,0,1007.0,8.7,209,7.2
OPEN_METEO-FORECAST-401817023-20260918T003009Z,2026-09-17T17:30:09.198702-07:00,MLB,MLB,401817023,2026-09-20T20:10:00+00:00,Petco Park,San Diego,California,False,32.71571,-117.16472,2026-09-20T20:00Z,OPEN_METEO_FORECAST,FORECAST,75.5,78.4,60,0,0.0,0.0,0.0,0,1011.2,9.5,261,5.4
OPEN_METEO-FORECAST-401817026-20260918T003009Z,2026-09-17T17:30:09.198702-07:00,MLB,MLB,401817026,2026-09-20T20:10:00+00:00,Dodger Stadium,Los Angeles,California,False,34.05223,-118.24368,2026-09-20T20:00Z,OPEN_METEO_FORECAST,FORECAST,82.4,84.4,40,0,0.0,0.0,0.0,0,1001.5,7.2,171,6.3
OPEN_METEO-FORECAST-401817016-20260918T003009Z,2026-09-17T17:30:09.198702-07:00,MLB,MLB,401817016,2026-09-20T23:20:00+00:00,Oriole Park at Camden Yards,Baltimore,Maryland,False,39.29038,-76.61219,2026-09-20T23:00Z,OPEN_METEO_FORECAST,FORECAST,74.0,78.3,81,54,0.0,0.0,0.0,2,1010.5,5.9,155,18.3
OPEN_METEO-FORECAST-401817007-20260918T003009Z,2026-09-17T17:30:09.198702-07:00,MLB,MLB,401817007,2026-09-20T00:10:00+00:00,Coors Field,Denver,Colorado,False,39.73915,-104.9847,2026-09-20T00:00Z,OPEN_METEO_FORECAST,FORECAST,68.4,66.6,57,71,0.0,0.0,0.0,0,838.4,6.1,123,6.7
OPEN_METEO-FORECAST-401817008-20260918T003009Z,2026-09-17T17:30:09.198702-07:00,MLB,MLB,401817008,2026-09-20T00:40:00+00:00,Petco Park,San Diego,California,False,32.71571,-117.16472,2026-09-20T01:00Z,OPEN_METEO_FORECAST,FORECAST,73.9,74.8,63,0,0.0,0.0,0.0,0,1009.7,6.3,272,3.1
OPEN_METEO-FORECAST-401817011-20260918T003009Z,2026-09-17T17:30:09.198702-07:00,MLB,MLB,401817011,2026-09-20T01:10:00+00:00,Dodger Stadium,Los Angeles,California,False,34.05223,-118.24368,2026-09-20T01:00Z,OPEN_METEO_FORECAST,FORECAST,77.4,76.6,54,0,0.0,0.0,0.0,0,1000.3,9.3,240,8.3
OPEN_METEO-FORECAST-401817009-20260918T003009Z,2026-09-17T17:30:09.198702-07:00,MLB,MLB,401817009,2026-09-20T01:38:00+00:00,Angel Stadium,Anaheim,California,False,33.83529,-117.9145,2026-09-20T02:00Z,OPEN_METEO_FORECAST,FORECAST,76.2,75.9,54,0,0.0,0.0,0.0,3,1005.6,7.0,220,6.0
OPEN_METEO-FORECAST-401856811-20260918T003009Z,2026-09-17T17:30:09.198702-07:00,NCAA_Football,NCAA_Football,401856811,2026-09-19T00:00:00+00:00,Galaxy Stadium,Lubbock,TX,False,33.57786,-101.85517,2026-09-19T00:00Z,OPEN_METEO_FORECAST,FORECAST,89.1,86.2,30,1,0.0,0.0,0.0,0,909.0,9.4,180,13.0
OPEN_METEO-FORECAST-401858455-20260918T003009Z,2026-09-17T17:30:09.198702-07:00,NCAA_Football,NCAA_Football,401858455,2026-09-19T02:30:00+00:00,Autzen Stadium,Eugene,OR,False,44.05207,-123.08675,2026-09-19T02:00Z,OPEN_METEO_FORECAST,FORECAST,68.7,65.5,52,0,0.0,0.0,0.0,0,1004.1,7.8,294,13.9
OPEN_METEO-FORECAST-401869940-20260918T003009Z,2026-09-17T17:30:09.198702-07:00,NCAA_Football,NCAA_Football,401869940,2026-09-19T15:30:00+00:00,Delaware Stadium,Newark,DE,False,40.73566,-74.17237,2026-09-19T15:00Z,OPEN_METEO_FORECAST,FORECAST,63.7,59.3,48,0,0.0,0.0,0.0,3,1021.4,8.3,27,11.2
OPEN_METEO-FORECAST-401856686-20260918T003009Z,2026-09-17T17:30:09.198702-07:00,NCAA_Football,NCAA_Football,401856686,2026-09-19T16:00:00+00:00,Donald W. Reynolds Razorback Stadium,Fayetteville,AR,False,35.05266,-78.87836,2026-09-19T16:00Z,OPEN_METEO_FORECAST,FORECAST,82.2,88.1,73,15,0.0,0.0,0.0,2,1012.8,9.0,34,11.4
OPEN_METEO-FORECAST-401858454-20260918T003009Z,2026-09-17T17:30:09.198702-07:00,NCAA_Football,NCAA_Football,401858454,2026-09-19T16:00:00+00:00,Ohio Stadium,Columbus,OH,False,39.96118,-82.99879,2026-09-19T16:00Z,OPEN_METEO_FORECAST,FORECAST,69.3,72.3,79,6,0.0,0.0,0.0,3,991.8,3.6,102,7.8
OPEN_METEO-FORECAST-401858456-20260918T003009Z,2026-09-17T17:30:09.198702-07:00,NCAA_Football,NCAA_Football,401858456,2026-09-19T16:00:00+00:00,Beaver Stadium,University Park,PA,False,37.44188,-122.14302,2026-09-19T16:00Z,OPEN_METEO_FORECAST,FORECAST,60.1,60.3,82,0,0.0,0.0,0.0,2,1015.8,2.6,155,3.2
OPEN_METEO-FORECAST-401856792-20260918T003009Z,2026-09-17T17:30:09.198702-07:00,NCAA_Football,NCAA_Football,401856792,2026-09-19T16:00:00+00:00,Bill Snyder Family Stadium,Manhattan,KS,False,40.78343,-73.96625,2026-09-19T16:00Z,OPEN_METEO_FORECAST,FORECAST,66.0,61.7,42,0,0.0,0.0,0.0,2,1017.3,9.6,50,11.5
OPEN_METEO-FORECAST-401856798-20260918T003009Z,2026-09-17T17:30:09.198702-07:00,NCAA_Football,NCAA_Football,401856798,2026-09-19T16:00:00+00:00,Jack Trice Stadium,Ames,IA,False,42.03471,-93.61994,2026-09-19T16:00Z,OPEN_METEO_FORECAST,FORECAST,76.1,81.6,84,29,0.0,0.0,0.0,3,977.0,7.1,301,10.2
OPEN_METEO-FORECAST-401856812-20260918T003009Z,2026-09-17T17:30:09.198702-07:00,NCAA_Football,NCAA_Football,401856812,2026-09-19T16:00:00+00:00,Wembley Stadium,London,,False,39.88645,-83.44825,2026-09-19T16:00Z,OPEN_METEO_FORECAST,FORECAST,70.9,72.8,73,3,0.0,0.0,0.0,0,981.1,7.4,82,10.2
OPEN_METEO-FORECAST-401858228-20260918T003009Z,2026-09-17T17:30:09.198702-07:00,NCAA_Football,NCAA_Football,401858228,2026-09-19T16:00:00+00:00,Bobby Dodd Stadium,Atlanta,GA,False,33.749,-84.38798,2026-09-19T16:00Z,OPEN_METEO_FORECAST,FORECAST,90.2,97.0,45,1,0.0,0.0,0.0,0,980.1,2.3,287,3.9
OPEN_METEO-FORECAST-401858229-20260918T003009Z,2026-09-17T17:30:09.198702-07:00,NCAA_Football,NCAA_Football,401858229,2026-09-19T16:00:00+00:00,"Memorial Stadium (Clemson, SC)",Clemson,SC,False,34.68344,-82.83737,2026-09-19T16:00Z,OPEN_METEO_FORECAST,FORECAST,88.8,96.8,52,1,0.0,0.0,0.0,0,991.4,3.0,92,3.8
OPEN_METEO-FORECAST-401858451-20260918T003009Z,2026-09-17T17:30:09.198702-07:00,NCAA_Football,NCAA_Football,401858451,2026-09-19T16:00:00+00:00,Huntington Bank Stadium,Minneapolis,MN,False,44.97997,-93.26384,2026-09-19T16:00Z,OPEN_METEO_FORECAST,FORECAST,57.8,57.2,94,23,0.008,0.008,0.0,3,985.4,5.8,71,14.9
OPEN_METEO-FORECAST-401860889-20260918T003009Z,2026-09-17T17:30:09.198702-07:00,NCAA_Football,NCAA_Football,401860889,2026-09-19T16:00:00+00:00,UFCU Stadium,San Marcos,TX,False,29.88327,-97.94139,2026-09-19T16:00Z,OPEN_METEO_FORECAST,FORECAST,87.1,92.6,55,0,0.0,0.0,0.0,0,994.3,6.8,176,7.3
OPEN_METEO-FORECAST-401858460-20260918T003009Z,2026-09-17T17:30:09.198702-07:00,NCAA_Football,NCAA_Football,401858460,2026-09-19T16:30:00+00:00,Camp Randall Stadium,Madison,WI,False,43.07305,-89.40123,2026-09-19T16:00Z,OPEN_METEO_FORECAST,FORECAST,62.7,62.0,96,90,0.145,0.143,0.0,63,982.8,11.1,140,22.6
OPEN_METEO-FORECAST-401856695-20260918T003009Z,2026-09-17T17:30:09.198702-07:00,NCAA_Football,NCAA_Football,401856695,2026-09-19T16:45:00+00:00,FirstBank Stadium,Nashville,TN,False,36.16589,-86.78444,2026-09-19T17:00Z,OPEN_METEO_FORECAST,FORECAST,98.4,101.5,28,0,0.0,0.0,0.0,0,997.1,5.6,258,7.7
OPEN_METEO-FORECAST-401864508-20260918T003009Z,2026-09-17T17:30:09.198702-07:00,NCAA_Football,NCAA_Football,401864508,2026-09-19T17:00:00+00:00,Kelly/Shorts Stadium,Mount Pleasant,MI,False,43.59781,-84.76751,2026-09-19T17:00Z,OPEN_METEO_FORECAST,FORECAST,62.0,57.7,54,49,0.0,0.0,0.0,3,991.7,7.0,113,11.2
OPEN_METEO-FORECAST-401858227-20260918T003009Z,2026-09-17T17:30:09.198702-07:00,NCAA_Football,NCAA_Football,401858227,2026-09-19T18:00:00+00:00,"Alumni Stadium (Chestnut Hill, MA)",Chestnut Hill,MA,False,42.33065,-71.16616,2026-09-19T18:00Z,OPEN_METEO_FORECAST,FORECAST,62.5,57.9,39,0,0.0,0.0,0.0,3,1014.1,8.4,91,6.8
OPEN_METEO-FORECAST-401858448-20260918T003009Z,2026-09-17T17:30:09.198702-07:00,NCAA_Football,NCAA_Football,401858448,2026-09-19T18:00:00+00:00,Gies Memorial Stadium,Champaign,IL,False,40.11642,-88.24338,2026-09-19T18:00Z,OPEN_METEO_FORECAST,FORECAST,75.7,79.7,81,27,0.0,0.0,0.0,1,988.7,9.5,102,10.0
OPEN_METEO-FORECAST-401862774-20260918T003009Z,2026-09-17T17:30:09.198702-07:00,NCAA_Football,NCAA_Football,401862774,2026-09-19T19:00:00+00:00,Glass Bowl,Toledo,OH,False,41.66394,-83.55521,2026-09-19T19:00Z,OPEN_METEO_FORECAST,FORECAST,63.0,64.6,88,58,0.004,0.004,0.0,51,996.1,3.7,57,10.3
OPEN_METEO-FORECAST-401856694-20260918T003009Z,2026-09-17T17:30:09.198702-07:00,NCAA_Football,NCAA_Football,401856694,2026-09-19T19:30:00+00:00,Kyle Field,College Station,TX,False,30.62798,-96.33441,2026-09-19T19:00Z,OPEN_METEO_FORECAST,FORECAST,97.0,99.2,27,0,0.0,0.0,0.0,0,1000.7,8.2,139,9.2
OPEN_METEO-FORECAST-401856685-20260918T003009Z,2026-09-17T17:30:09.198702-07:00,NCAA_Football,NCAA_Football,401856685,2026-09-19T19:30:00+00:00,Bryant-Denny Stadium,Tuscaloosa,AL,False,33.20984,-87.56917,2026-09-19T19:00Z,OPEN_METEO_FORECAST,FORECAST,98.0,101.4,33,17,0.004,0.0,0.0,51,1005.3,3.8,36,4.3
OPEN_METEO-FORECAST-401858457-20260918T003009Z,2026-09-17T17:30:09.198702-07:00,NCAA_Football,NCAA_Football,401858457,2026-09-19T19:30:00+00:00,SHI Stadium,Piscataway,NJ,False,40.49927,-74.39904,2026-09-19T19:00Z,OPEN_METEO_FORECAST,FORECAST,68.6,63.0,33,0,0.0,0.0,0.0,3,1017.5,6.9,103,6.7
OPEN_METEO-FORECAST-401858230-20260918T003009Z,2026-09-17T17:30:09.198702-07:00,NCAA_Football,NCAA_Football,401858230,2026-09-19T19:30:00+00:00,L&N Federal Credit Union Stadium,Louisville,KY,False,38.25424,-85.75941,2026-09-19T19:00Z,OPEN_METEO_FORECAST,FORECAST,93.4,101.9,45,11,0.0,0.0,0.0,0,997.2,2.7,246,4.0
OPEN_METEO-FORECAST-401856801-20260918T003009Z,2026-09-17T17:30:09.198702-07:00,NCAA_Football,NCAA_Football,401856801,2026-09-19T19:30:00+00:00,Rice-Eccles Stadium,Salt Lake City,UT,False,40.76078,-111.89105,2026-09-19T19:00Z,OPEN_METEO_FORECAST,FORECAST,72.9,68.3,28,22,0.0,0.0,0.0,0,873.1,9.6,323,13.0
OPEN_METEO-FORECAST-401858450-20260918T003009Z,2026-09-17T17:30:09.198702-07:00,NCAA_Football,NCAA_Football,401858450,2026-09-19T19:30:00+00:00,Michigan Stadium,Ann Arbor,MI,False,42.27756,-83.74088,2026-09-19T19:00Z,OPEN_METEO_FORECAST,FORECAST,58.3,58.7,95,70,0.035,0.035,0.0,53,986.7,4.5,108,14.1
OPEN_METEO-FORECAST-401856797-20260918T003009Z,2026-09-17T17:30:09.198702-07:00,NCAA_Football,NCAA_Football,401856797,2026-09-19T19:30:00+00:00,TQL Stadium,Cincinnati,OH,False,39.12711,-84.51439,2026-09-19T19:00Z,OPEN_METEO_FORECAST,FORECAST,87.2,95.3,51,17,0.0,0.0,0.0,0,984.8,1.1,233,2.2
OPEN_METEO-FORECAST-401858233-20260918T003009Z,2026-09-17T17:30:09.198702-07:00,NCAA_Football,NCAA_Football,401858233,2026-09-19T19:30:00+00:00,California Memorial Stadium,Berkeley,CA,False,37.87159,-122.27275,2026-09-19T19:00Z,OPEN_METEO_FORECAST,FORECAST,74.2,75.8,49,0,0.0,0.0,0.0,0,1008.2,4.3,264,2.9
OPEN_METEO-FORECAST-401860890-20260918T003009Z,2026-09-17T17:30:09.198702-07:00,NCAA_Football,NCAA_Football,401860890,2026-09-19T19:30:00+00:00,Martin Stadium,Pullman,WA,False,46.73127,-117.17962,2026-09-19T19:00Z,OPEN_METEO_FORECAST,FORECAST,72.1,69.2,34,0,0.0,0.0,0.0,0,935.3,5.6,272,4.5
OPEN_METEO-FORECAST-401866424-20260918T003009Z,2026-09-17T17:30:09.198702-07:00,NCAA_Football,NCAA_Football,401866424,2026-09-19T19:30:00+00:00,Warren McGuirk Alumni Stadium,Amherst,MA,False,42.97839,-78.79976,2026-09-19T19:00Z,OPEN_METEO_FORECAST,FORECAST,68.4,63.0,31,5,0.0,0.0,0.0,3,999.3,7.2,86,8.3
OPEN_METEO-FORECAST-401858449-20260918T003009Z,2026-09-17T17:30:09.198702-07:00,NCAA_Football,NCAA_Football,401858449,2026-09-19T20:00:00+00:00,"Memorial Stadium (Bloomington, IN)",Bloomington,IN,False,39.16533,-86.52639,2026-09-19T20:00Z,OPEN_METEO_FORECAST,FORECAST,89.7,95.6,48,15,0.0,0.0,0.0,1,986.5,4.0,308,6.0
OPEN_METEO-FORECAST-401858471-20260918T003009Z,2026-09-17T17:30:09.198702-07:00,NCAA_Football,NCAA_Football,401858471,2026-09-19T20:00:00+00:00,Kinnick Stadium,Iowa City,IA,False,41.66113,-91.53017,2026-09-19T20:00Z,OPEN_METEO_FORECAST,FORECAST,79.9,84.2,73,33,0.0,0.0,0.0,3,987.0,9.4,208,13.6
OPEN_METEO-FORECAST-401858231-20260918T003009Z,2026-09-17T17:30:09.198702-07:00,NCAA_Football,NCAA_Football,401858231,2026-09-19T20:00:00+00:00,Wallace Wade Stadium,Durham,NC,False,35.99403,-78.89862,2026-09-19T20:00Z,OPEN_METEO_FORECAST,FORECAST,82.0,84.0,51,17,0.0,0.0,0.0,2,1002.3,5.4,88,7.2
OPEN_METEO-FORECAST-401866422-20260918T003009Z,2026-09-17T17:30:09.198702-07:00,NCAA_Football,NCAA_Football,401866422,2026-09-19T20:00:00+00:00,Williams Stadium (VA),Lynchburg,VA,False,37.41375,-79.14225,2026-09-19T20:00Z,OPEN_METEO_FORECAST,FORECAST,83.1,84.6,43,9,0.0,0.0,0.0,2,993.4,4.9,114,3.8
OPEN_METEO-FORECAST-401867804-20260918T003009Z,2026-09-17T17:30:09.198702-07:00,NCAA_Football,NCAA_Football,401867804,2026-09-19T20:00:00+00:00,McLane Stadium,Waco,TX,False,31.54933,-97.14667,2026-09-19T20:00Z,OPEN_METEO_FORECAST,FORECAST,99.1,99.2,23,0,0.0,0.0,0.0,0,994.6,9.7,161,10.1
OPEN_METEO-FORECAST-401856691-20260918T003009Z,2026-09-17T17:30:09.198702-07:00,NCAA_Football,NCAA_Football,401856691,2026-09-19T20:15:00+00:00,Williams-Brice Stadium,Columbia,SC,False,34.00071,-81.03481,2026-09-19T20:00Z,OPEN_METEO_FORECAST,FORECAST,87.6,93.6,55,64,0.008,0.0,0.0,51,1004.2,4.1,45,6.3
OPEN_METEO-FORECAST-401868317-20260918T003009Z,2026-09-17T17:30:09.198702-07:00,NCAA_Football,NCAA_Football,401868317,2026-09-19T20:30:00+00:00,Malone Stadium,Monroe,LA,False,32.50931,-92.1193,2026-09-19T20:00Z,OPEN_METEO_FORECAST,FORECAST,101.1,104.4,24,1,0.0,0.0,0.0,0,1009.9,4.3,168,6.5
OPEN_METEO-FORECAST-401862710-20260918T003009Z,2026-09-17T17:30:09.198702-07:00,NCAA_Football,NCAA_Football,401862710,2026-09-19T22:00:00+00:00,S.B. Ballard Stadium,Norfolk,VA,False,36.84681,-76.28522,2026-09-19T22:00Z,OPEN_METEO_FORECAST,FORECAST,78.0,78.2,58,2,0.0,0.0,0.0,0,1016.7,9.3,63,9.4
OPEN_METEO-FORECAST-401862771-20260918T003009Z,2026-09-17T17:30:09.198702-07:00,NCAA_Football,NCAA_Football,401862771,2026-09-19T22:00:00+00:00,Flagler Credit Union Stadium,Boca Raton,FL,False,26.35869,-80.0831,2026-09-19T22:00Z,OPEN_METEO_FORECAST,FORECAST,84.8,89.0,63,61,0.031,0.0,0.0,53,1011.8,9.9,85,8.7
OPEN_METEO-FORECAST-401864574-20260918T003009Z,2026-09-17T17:30:09.198702-07:00,NCAA_Football,NCAA_Football,401864574,2026-09-19T22:00:00+00:00,Kidd Brewer Stadium,Boone,NC,False,36.21679,-81.67455,2026-09-19T22:00Z,OPEN_METEO_FORECAST,FORECAST,69.6,73.6,86,49,0.0,0.0,0.0,3,906.1,4.0,142,5.4
OPEN_METEO-FORECAST-401871047-20260918T003009Z,2026-09-17T17:30:09.198702-07:00,NCAA_Football,NCAA_Football,401871047,2026-09-19T22:30:00+00:00,Robert W. Plaster Stadium,Springfield,MO,False,37.21533,-93.29824,2026-09-19T22:00Z,OPEN_METEO_FORECAST,FORECAST,97.7,93.9,21,0,0.0,0.0,0.0,3,965.5,10.1,201,11.6
OPEN_METEO-FORECAST-401856689-20260918T003009Z,2026-09-17T17:30:09.198702-07:00,NCAA_Football,NCAA_Football,401856689,2026-09-19T23:00:00+00:00,Memorial Stadium,Columbia,MO,False,34.00071,-81.03481,2026-09-19T23:00Z,OPEN_METEO_FORECAST,FORECAST,84.4,88.6,59,64,0.0,0.0,0.0,1,1004.3,7.1,70,12.3
OPEN_METEO-FORECAST-401856687-20260918T003009Z,2026-09-17T17:30:09.198702-07:00,NCAA_Football,NCAA_Football,401856687,2026-09-19T23:00:00+00:00,Jordan-Hare Stadium,Auburn,AL,False,42.93173,-76.56605,2026-09-19T23:00Z,OPEN_METEO_FORECAST,FORECAST,54.8,52.2,62,0,0.0,0.0,0.0,3,996.3,1.3,360,1.8
OPEN_METEO-FORECAST-401856800-20260918T003009Z,2026-09-17T17:30:09.198702-07:00,NCAA_Football,NCAA_Football,401856800,2026-09-19T23:00:00+00:00,Acrisure Bounce House,Orlando,FL,False,28.53834,-81.37924,2026-09-19T23:00Z,OPEN_METEO_FORECAST,FORECAST,84.5,88.2,60,50,0.02,0.0,0.0,53,1008.2,8.9,80,9.2
OPEN_METEO-FORECAST-401856803-20260918T003009Z,2026-09-17T17:30:09.198702-07:00,NCAA_Football,NCAA_Football,401856803,2026-09-19T23:00:00+00:00,Boone Pickens Stadium,Stillwater,OK,False,36.11561,-97.05837,2026-09-19T23:00Z,OPEN_METEO_FORECAST,FORECAST,100.9,96.7,24,2,0.0,0.0,0.0,0,975.6,15.5,175,16.8
OPEN_METEO-FORECAST-401861963-20260918T003009Z,2026-09-17T17:30:09.198702-07:00,NCAA_Football,NCAA_Football,401861963,2026-09-19T23:00:00+00:00,M. M. Roberts Stadium,Hattiesburg,MS,False,31.32712,-89.29034,2026-09-19T23:00Z,OPEN_METEO_FORECAST,FORECAST,88.7,92.3,45,1,0.0,0.0,0.0,3,1005.6,4.1,248,6.9
OPEN_METEO-FORECAST-401862772-20260918T003009Z,2026-09-17T17:30:09.198702-07:00,NCAA_Football,NCAA_Football,401862772,2026-09-19T23:00:00+00:00,Simmons Bank Liberty Stadium,Memphis,TN,False,35.14953,-90.04898,2026-09-19T23:00Z,OPEN_METEO_FORECAST,FORECAST,100.6,101.5,22,0,0.0,0.0,0.0,0,1000.8,1.6,98,4.5
OPEN_METEO-FORECAST-401862773-20260918T003009Z,2026-09-17T17:30:09.198702-07:00,NCAA_Football,NCAA_Football,401862773,2026-09-19T23:00:00+00:00,Rice Stadium,Houston,TX,False,29.76328,-95.36327,2026-09-19T23:00Z,OPEN_METEO_FORECAST,FORECAST,90.9,90.9,39,1,0.0,0.0,0.0,0,1010.8,10.2,126,10.5
OPEN_METEO-FORECAST-401862777-20260918T003009Z,2026-09-17T17:30:09.198702-07:00,NCAA_Football,NCAA_Football,401862777,2026-09-19T23:00:00+00:00,Raymond James Stadium,Tampa,FL,False,27.94752,-82.45843,2026-09-19T23:00Z,OPEN_METEO_FORECAST,FORECAST,87.9,92.4,50,52,0.0,0.0,0.0,2,1011.2,4.8,139,5.1
OPEN_METEO-FORECAST-401864443-20260918T003009Z,2026-09-17T17:30:09.198702-07:00,NCAA_Football,NCAA_Football,401864443,2026-09-19T23:00:00+00:00,"Johnny ""Red"" Floyd Stadium",Murfreesboro,TN,False,35.84562,-86.39027,2026-09-19T23:00Z,OPEN_METEO_FORECAST,FORECAST,90.2,95.5,47,11,0.0,0.0,0.0,0,989.8,2.8,76,5.1
OPEN_METEO-FORECAST-401866423-20260918T003009Z,2026-09-17T17:30:09.198702-07:00,NCAA_Football,NCAA_Football,401866423,2026-09-19T23:00:00+00:00,Hancock Whitney Stadium,Mobile,AL,False,30.69436,-88.04305,2026-09-19T23:00Z,OPEN_METEO_FORECAST,FORECAST,88.4,90.6,51,6,0.0,0.0,0.0,1,1012.1,11.2,177,13.9
OPEN_METEO-FORECAST-401869948-20260918T003009Z,2026-09-17T17:30:09.198702-07:00,NCAA_Football,NCAA_Football,401869948,2026-09-19T23:00:00+00:00,AmFirst Stadium,Jacksonville,AL,False,30.33218,-81.65565,2026-09-19T23:00Z,OPEN_METEO_FORECAST,FORECAST,85.2,86.5,50,9,0.0,0.0,0.0,3,1013.0,9.6,91,11.4
OPEN_METEO-FORECAST-401870764-20260918T003009Z,2026-09-17T17:30:09.198702-07:00,NCAA_Football,NCAA_Football,401870764,2026-09-19T23:00:00+00:00,Elliott T. Bowers Stadium,Huntsville,TX,False,34.7304,-86.58594,2026-09-19T23:00Z,OPEN_METEO_FORECAST,FORECAST,91.7,96.1,42,6,0.0,0.0,0.0,3,989.3,2.9,122,3.4
OPEN_METEO-FORECAST-401858452-20260918T003009Z,2026-09-17T17:30:09.198702-07:00,NCAA_Football,NCAA_Football,401858452,2026-09-19T23:15:00+00:00,"Memorial Stadium (Lincoln, NE)",Lincoln,NE,False,40.8,-96.66696,2026-09-19T23:00Z,OPEN_METEO_FORECAST,FORECAST,73.5,73.9,78,27,0.0,0.0,0.0,3,967.5,13.5,12,13.9
OPEN_METEO-FORECAST-401858459-20260918T003009Z,2026-09-17T17:30:09.198702-07:00,NCAA_Football,NCAA_Football,401858459,2026-09-19T23:15:00+00:00,Husky Stadium,Seattle,WA,False,47.60621,-122.33207,2026-09-19T23:00Z,OPEN_METEO_FORECAST,FORECAST,75.5,72.6,37,0,0.0,0.0,0.0,3,1009.5,5.2,350,2.7
OPEN_METEO-FORECAST-401858453-20260918T003009Z,2026-09-17T17:30:09.198702-07:00,NCAA_Football,NCAA_Football,401858453,2026-09-19T23:30:00+00:00,Notre Dame Stadium,Notre Dame,IN,False,41.70019,-86.23793,2026-09-19T23:00Z,OPEN_METEO_FORECAST,FORECAST,61.0,60.4,94,82,0.008,0.008,0.0,51,989.1,8.8,120,17.0
OPEN_METEO-FORECAST-401856688-20260918T003009Z,2026-09-17T17:30:09.198702-07:00,NCAA_Football,NCAA_Football,401856688,2026-09-19T23:30:00+00:00,Vaught-Hemingway Stadium,Oxford,MS,False,34.3665,-89.51925,2026-09-19T23:00Z,OPEN_METEO_FORECAST,FORECAST,94.3,98.0,36,0,0.0,0.0,0.0,0,993.5,2.5,153,1.3
OPEN_METEO-FORECAST-401856795-20260918T003009Z,2026-09-17T17:30:09.198702-07:00,NCAA_Football,NCAA_Football,401856795,2026-09-19T23:30:00+00:00,Canvas Stadium,Fort Collins,CO,False,40.58526,-105.08442,2026-09-19T23:00Z,OPEN_METEO_FORECAST,FORECAST,62.9,60.5,66,81,0.0,0.0,0.0,3,845.2,6.7,4,7.8
OPEN_METEO-FORECAST-401856690-20260918T003009Z,2026-09-17T17:30:09.198702-07:00,NCAA_Football,NCAA_Football,401856690,2026-09-19T23:30:00+00:00,"Memorial Stadium (Norman, OK)",Norman,OK,False,35.22257,-97.43948,2026-09-19T23:00Z,OPEN_METEO_FORECAST,FORECAST,100.6,96.1,22,0,0.0,0.0,0.0,0,967.3,14.3,181,15.2
OPEN_METEO-FORECAST-401856802-20260918T003009Z,2026-09-17T17:30:09.198702-07:00,NCAA_Football,NCAA_Football,401856802,2026-09-19T23:30:00+00:00,Bank of America Stadium,Charlotte,NC,False,35.22709,-80.84313,2026-09-19T23:00Z,OPEN_METEO_FORECAST,FORECAST,74.6,81.7,91,37,0.028,0.0,0.0,53,986.7,4.5,72,11.6
OPEN_METEO-FORECAST-401856796-20260918T003009Z,2026-09-17T17:30:09.198702-07:00,NCAA_Football,NCAA_Football,401856796,2026-09-19T23:30:00+00:00,Northwestern Medicine Field at Martin Stadium,Evanston,IL,False,41.26828,-110.96324,2026-09-19T23:00Z,OPEN_METEO_FORECAST,FORECAST,62.4,50.4,26,36,0.0,0.0,0.0,0,796.9,17.6,263,17.4
OPEN_METEO-FORECAST-401858232-20260918T003009Z,2026-09-17T17:30:09.198702-07:00,NCAA_Football,NCAA_Football,401858232,2026-09-19T23:30:00+00:00,SECU Stadium,College Park,MD,False,38.98067,-76.93692,2026-09-19T23:00Z,OPEN_METEO_FORECAST,FORECAST,73.2,73.0,63,16,0.0,0.0,0.0,3,1016.4,8.4,110,13.2
OPEN_METEO-FORECAST-401856692-20260918T003009Z,2026-09-17T17:30:09.198702-07:00,NCAA_Football,NCAA_Football,401856692,2026-09-19T23:45:00+00:00,Neyland Stadium,Knoxville,TN,False,35.96064,-83.92074,2026-09-19T23:00Z,OPEN_METEO_FORECAST,FORECAST,72.4,77.4,97,17,0.457,0.433,0.0,82,980.8,9.2,288,11.4
OPEN_METEO-FORECAST-401816992-20260918T003009Z,2026-09-17T17:30:09.198702-07:00,MLB,MLB,401816992,2026-09-19T00:10:00+00:00,Coors Field,Denver,Colorado,False,39.73915,-104.9847,2026-09-19T00:00Z,OPEN_METEO_FORECAST,FORECAST,73.7,70.1,39,29,0.0,0.0,0.0,3,842.0,6.8,352,11.4
OPEN_METEO-FORECAST-401816991-20260918T003009Z,2026-09-17T17:30:09.198702-07:00,MLB,MLB,401816991,2026-09-19T00:15:00+00:00,Busch Stadium,St. Louis,Missouri,False,38.62727,-90.19789,2026-09-19T00:00Z,OPEN_METEO_FORECAST,FORECAST,81.0,87.9,74,16,0.0,0.0,0.0,2,999.6,5.3,78,7.6
OPEN_METEO-FORECAST-401816994-20260918T003009Z,2026-09-17T17:30:09.198702-07:00,MLB,MLB,401816994,2026-09-19T01:38:00+00:00,Angel Stadium,Anaheim,California,False,33.83529,-117.9145,2026-09-19T02:00Z,OPEN_METEO_FORECAST,FORECAST,72.7,73.5,63,0,0.0,0.0,0.0,0,1009.6,5.6,236,8.3
OPEN_METEO-FORECAST-401816993-20260918T003009Z,2026-09-17T17:30:09.198702-07:00,MLB,MLB,401816993,2026-09-19T01:40:00+00:00,Petco Park,San Diego,California,False,32.71571,-117.16472,2026-09-19T02:00Z,OPEN_METEO_FORECAST,FORECAST,68.4,69.3,75,0,0.0,0.0,0.0,0,1014.6,5.9,317,10.1
OPEN_METEO-FORECAST-401816996-20260918T003009Z,2026-09-17T17:30:09.198702-07:00,MLB,MLB,401816996,2026-09-19T02:10:00+00:00,Dodger Stadium,Los Angeles,California,False,34.05223,-118.24368,2026-09-19T02:00Z,OPEN_METEO_FORECAST,FORECAST,69.1,69.7,72,0,0.0,0.0,0.0,0,1004.2,6.4,260,9.6
OPEN_METEO-FORECAST-401817001-20260918T003009Z,2026-09-17T17:30:09.198702-07:00,MLB,MLB,401817001,2026-09-19T20:05:00+00:00,Oriole Park at Camden Yards,Baltimore,Maryland,False,39.29038,-76.61219,2026-09-19T20:00Z,OPEN_METEO_FORECAST,FORECAST,75.6,74.1,46,11,0.0,0.0,0.0,3,1015.9,6.1,100,7.2
OPEN_METEO-FORECAST-401817002-20260918T003009Z,2026-09-17T17:30:09.198702-07:00,MLB,MLB,401817002,2026-09-19T20:10:00+00:00,Citi Field,Queens,New York,False,40.68149,-73.83652,2026-09-19T20:00Z,OPEN_METEO_FORECAST,FORECAST,71.7,67.1,32,0,0.0,0.0,0.0,2,1020.0,5.6,124,4.9
OPEN_METEO-FORECAST-401816997-20260918T003009Z,2026-09-17T17:30:09.198702-07:00,MLB,MLB,401816997,2026-09-19T22:10:00+00:00,Progressive Field,Cleveland,Ohio,False,41.4995,-81.69541,2026-09-19T22:00Z,OPEN_METEO_FORECAST,FORECAST,67.2,67.0,66,19,0.004,0.004,0.0,51,994.2,4.4,45,6.9
OPEN_METEO-FORECAST-401816999-20260918T003009Z,2026-09-17T17:30:09.198702-07:00,MLB,MLB,401816999,2026-09-19T22:40:00+00:00,Great American Ball Park,Cincinnati,Ohio,False,39.12711,-84.51439,2026-09-19T23:00Z,OPEN_METEO_FORECAST,FORECAST,75.9,80.8,81,17,0.012,0.0,0.0,51,982.7,6.8,17,15.9
OPEN_METEO-FORECAST-401817000-20260918T003009Z,2026-09-17T17:30:09.198702-07:00,MLB,MLB,401817000,2026-09-19T22:40:00+00:00,PNC Park,Pittsburgh,Pennsylvania,False,40.44062,-79.99589,2026-09-19T23:00Z,OPEN_METEO_FORECAST,FORECAST,68.7,67.6,59,6,0.0,0.0,0.0,3,989.2,5.2,65,17.2
OPEN_METEO-FORECAST-401817004-20260918T003009Z,2026-09-17T17:30:09.198702-07:00,MLB,MLB,401817004,2026-09-19T23:10:00+00:00,Rate Field,Chicago,Illinois,False,41.85003,-87.65005,2026-09-19T23:00Z,OPEN_METEO_FORECAST,FORECAST,65.1,67.0,95,85,0.008,0.008,0.0,51,993.4,7.0,140,11.6
OPEN_METEO-FORECAST-401817006-20260918T003009Z,2026-09-17T17:30:09.198702-07:00,MLB,MLB,401817006,2026-09-19T23:15:00+00:00,Busch Stadium,St. Louis,Missouri,False,38.62727,-90.19789,2026-09-19T23:00Z,OPEN_METEO_FORECAST,FORECAST,88.7,90.1,38,2,0.0,0.0,0.0,3,995.3,4.5,81,9.4
OPEN_METEO-FORECAST-401817040-20260918T003009Z,2026-09-17T17:30:09.198702-07:00,MLB,MLB,401817040,2026-09-23T00:40:00+00:00,Coors Field,Denver,Colorado,False,39.73915,-104.9847,2026-09-23T01:00Z,OPEN_METEO_FORECAST,FORECAST,64.3,61.2,62,32,0.0,0.0,0.0,2,838.4,8.1,141,5.8
OPEN_METEO-FORECAST-401817041-20260918T003009Z,2026-09-17T17:30:09.198702-07:00,MLB,MLB,401817041,2026-09-23T01:40:00+00:00,Sutter Health Park,Sacramento,California,False,38.58157,-121.4944,2026-09-23T02:00Z,OPEN_METEO_FORECAST,FORECAST,82.2,79.6,34,0,0.0,0.0,0.0,0,1004.8,7.0,187,13.6
OPEN_METEO-FORECAST-401817043-20260918T003009Z,2026-09-17T17:30:09.198702-07:00,MLB,MLB,401817043,2026-09-23T01:45:00+00:00,Oracle Park,San Francisco,California,False,37.77493,-122.41942,2026-09-23T02:00Z,OPEN_METEO_FORECAST,FORECAST,64.9,64.0,72,0,0.0,0.0,0.0,2,1008.0,6.3,264,5.6
OPEN_METEO-FORECAST-401817044-20260918T003009Z,2026-09-17T17:30:09.198702-07:00,MLB,MLB,401817044,2026-09-23T02:10:00+00:00,Dodger Stadium,Los Angeles,California,False,34.05223,-118.24368,2026-09-23T02:00Z,OPEN_METEO_FORECAST,FORECAST,73.8,74.8,66,0,0.0,0.0,0.0,0,997.9,7.3,225,6.0
OPEN_METEO-FORECAST-401817051-20260918T003009Z,2026-09-17T17:30:09.198702-07:00,MLB,MLB,401817051,2026-09-23T17:10:00+00:00,Comerica Park,Detroit,Michigan,False,42.33143,-83.04575,2026-09-23T17:00Z,OPEN_METEO_FORECAST,FORECAST,60.2,60.1,85,23,0.0,0.0,0.0,3,997.0,4.7,329,6.9
OPEN_METEO-FORECAST-401817058-20260918T003009Z,2026-09-17T17:30:09.198702-07:00,MLB,MLB,401817058,2026-09-23T19:45:00+00:00,Oracle Park,San Francisco,California,False,37.77493,-122.41942,2026-09-23T20:00Z,OPEN_METEO_FORECAST,FORECAST,78.8,80.4,37,0,0.0,0.0,0.0,0,1008.6,3.8,277,4.9
OPEN_METEO-FORECAST-401817050-20260918T003009Z,2026-09-17T17:30:09.198702-07:00,MLB,MLB,401817050,2026-09-23T22:35:00+00:00,Oriole Park at Camden Yards,Baltimore,Maryland,False,39.29038,-76.61219,2026-09-23T23:00Z,OPEN_METEO_FORECAST,FORECAST,62.9,61.9,93,29,0.004,0.004,0.0,51,1019.0,11.2,77,25.7
OPEN_METEO-FORECAST-401817047-20260918T003009Z,2026-09-17T17:30:09.198702-07:00,MLB,MLB,401817047,2026-09-23T22:40:00+00:00,Citizens Bank Park,Philadelphia,Pennsylvania,False,39.95238,-75.16362,2026-09-23T23:00Z,OPEN_METEO_FORECAST,FORECAST,63.3,60.7,82,23,0.0,0.0,0.0,3,1022.3,12.3,71,25.7
OPEN_METEO-FORECAST-401817048-20260918T003009Z,2026-09-17T17:30:09.198702-07:00,MLB,MLB,401817048,2026-09-23T22:40:00+00:00,PNC Park,Pittsburgh,Pennsylvania,False,40.44062,-79.99589,2026-09-23T23:00Z,OPEN_METEO_FORECAST,FORECAST,60.9,60.4,94,37,0.004,0.0,0.0,51,992.0,8.4,122,20.6
OPEN_METEO-FORECAST-401817046-20260918T003009Z,2026-09-17T17:30:09.198702-07:00,MLB,MLB,401817046,2026-09-23T23:00:00+00:00,Fenway Park,Boston,Massachusetts,False,42.35843,-71.05977,2026-09-23T23:00Z,OPEN_METEO_FORECAST,FORECAST,57.8,50.3,71,12,0.0,0.0,0.0,3,1028.0,16.9,67,21.0
OPEN_METEO-FORECAST-401817049-20260918T003009Z,2026-09-17T17:30:09.198702-07:00,MLB,MLB,401817049,2026-09-23T23:05:00+00:00,Yankee Stadium,Bronx,New York,False,40.93815,-73.83208,2026-09-23T23:00Z,OPEN_METEO_FORECAST,FORECAST,59.9,54.7,79,21,0.004,0.004,0.0,51,1022.5,14.9,64,25.9
OPEN_METEO-FORECAST-401817045-20260918T003009Z,2026-09-17T17:30:09.198702-07:00,MLB,MLB,401817045,2026-09-23T23:15:00+00:00,Truist Park,Atlanta,Georgia,False,33.749,-84.38798,2026-09-23T23:00Z,OPEN_METEO_FORECAST,FORECAST,87.1,90.3,46,12,0.0,0.0,0.0,3,978.2,4.3,118,6.5
OPEN_METEO-FORECAST-401817052-20260918T003009Z,2026-09-17T17:30:09.198702-07:00,MLB,MLB,401817052,2026-09-23T23:40:00+00:00,Kauffman Stadium,Kansas City,Missouri,False,39.09973,-94.57857,2026-09-23T23:00Z,OPEN_METEO_FORECAST,FORECAST,67.3,64.0,52,3,0.0,0.0,0.0,3,990.4,7.3,59,12.3
OPEN_METEO-FORECAST-401817053-20260918T003009Z,2026-09-17T17:30:09.198702-07:00,MLB,MLB,401817053,2026-09-23T23:40:00+00:00,Wrigley Field,Chicago,Illinois,False,41.85003,-87.65005,2026-09-23T23:00Z,OPEN_METEO_FORECAST,FORECAST,60.3,56.8,78,3,0.004,0.0,0.0,51,1001.8,10.9,352,15.9
OPEN_METEO-FORECAST-401872948-20260918T003125Z,2026-09-17T17:31:25.735908-07:00,NFL,NFL,401872948,2026-09-25T00:15:00+00:00,Lambeau Field,Green Bay,WI,False,44.51916,-88.01983,2026-09-25T00:00Z,OPEN_METEO_FORECAST,FORECAST,55.0,52.6,69,4,0.0,0.0,0.0,0,1004.2,2.7,114,6.7
OPEN_METEO-FORECAST-401817070-20260918T003125Z,2026-09-17T17:31:25.735908-07:00,MLB,MLB,401817070,2026-09-25T01:40:00+00:00,Sutter Health Park,Sacramento,California,False,38.58157,-121.4944,2026-09-25T02:00Z,OPEN_METEO_FORECAST,FORECAST,86.2,79.5,17,0,0.0,0.0,0.0,3,1006.1,8.4,212,15.2
OPEN_METEO-FORECAST-401817071-20260918T003125Z,2026-09-17T17:31:25.735908-07:00,MLB,MLB,401817071,2026-09-25T02:10:00+00:00,Dodger Stadium,Los Angeles,California,False,34.05223,-118.24368,2026-09-25T02:00Z,OPEN_METEO_FORECAST,FORECAST,74.3,75.3,65,2,0.0,0.0,0.0,2,1000.6,7.4,237,5.8
OPEN_METEO-FORECAST-401872945-20260918T003125Z,2026-09-17T17:31:25.735908-07:00,NFL,NFL,401872945,2026-09-21T00:20:00+00:00,Arrowhead Stadium,Kansas City,MO,False,39.09973,-94.57857,2026-09-21T00:00Z,OPEN_METEO_FORECAST,FORECAST,75.2,77.2,75,38,0.0,0.0,0.0,3,978.8,10.4,353,14.1
OPEN_METEO-FORECAST-401817027-20260918T003125Z,2026-09-17T17:31:25.735908-07:00,MLB,MLB,401817027,2026-09-21T22:35:00+00:00,Oriole Park at Camden Yards,Baltimore,Maryland,False,39.29038,-76.61219,2026-09-21T23:00Z,OPEN_METEO_FORECAST,FORECAST,66.8,67.0,82,40,0.004,0.0,0.0,51,1014.2,8.6,37,12.3
OPEN_METEO-FORECAST-401817028-20260918T003125Z,2026-09-17T17:31:25.735908-07:00,MLB,MLB,401817028,2026-09-21T22:40:00+00:00,Comerica Park,Detroit,Michigan,False,42.33143,-83.04575,2026-09-21T23:00Z,OPEN_METEO_FORECAST,FORECAST,63.1,57.3,56,27,0.0,0.0,0.0,3,997.2,12.0,76,27.5
OPEN_METEO-FORECAST-401872947-20260918T003125Z,2026-09-17T17:31:25.735908-07:00,NFL,NFL,401872947,2026-09-22T00:15:00+00:00,SoFi Stadium,Inglewood,CA,False,33.96168,-118.35313,2026-09-22T00:00Z,OPEN_METEO_FORECAST,FORECAST,73.0,71.4,61,0,0.0,0.0,0.0,0,1005.2,10.8,253,6.0
OPEN_METEO-FORECAST-401873648-20260918T003125Z,2026-09-17T17:31:25.735908-07:00,MLB,MLB,401873648,2026-09-22T17:05:00+00:00,Yankee Stadium,Bronx,New York,False,40.93815,-73.83208,2026-09-22T17:00Z,OPEN_METEO_FORECAST,FORECAST,56.1,50.0,92,32,0.142,0.138,0.0,81,1021.1,17.4,72,23.5
OPEN_METEO-FORECAST-401817035-20260918T003125Z,2026-09-17T17:31:25.735908-07:00,MLB,MLB,401817035,2026-09-22T22:35:00+00:00,Oriole Park at Camden Yards,Baltimore,Maryland,False,39.29038,-76.61219,2026-09-22T23:00Z,OPEN_METEO_FORECAST,FORECAST,61.1,59.4,91,48,0.0,0.0,0.0,3,1018.1,10.8,56,28.0
OPEN_METEO-FORECAST-401817032-20260918T003125Z,2026-09-17T17:31:25.735908-07:00,MLB,MLB,401817032,2026-09-22T22:40:00+00:00,Citizens Bank Park,Philadelphia,Pennsylvania,False,39.95238,-75.16362,2026-09-22T23:00Z,OPEN_METEO_FORECAST,FORECAST,59.6,55.0,84,41,0.0,0.0,0.0,3,1022.0,14.7,69,27.5
OPEN_METEO-FORECAST-401817033-20260918T003125Z,2026-09-17T17:31:25.735908-07:00,MLB,MLB,401817033,2026-09-22T22:40:00+00:00,PNC Park,Pittsburgh,Pennsylvania,False,40.44062,-79.99589,2026-09-22T23:00Z,OPEN_METEO_FORECAST,FORECAST,67.8,69.9,85,57,0.0,0.0,0.0,3,991.1,6.1,96,24.4
OPEN_METEO-FORECAST-401817036-20260918T003125Z,2026-09-17T17:31:25.735908-07:00,MLB,MLB,401817036,2026-09-22T22:40:00+00:00,Comerica Park,Detroit,Michigan,False,42.33143,-83.04575,2026-09-22T23:00Z,OPEN_METEO_FORECAST,FORECAST,57.1,52.5,72,15,0.0,0.0,0.0,3,998.4,9.7,38,22.4
OPEN_METEO-FORECAST-401817031-20260918T003125Z,2026-09-17T17:31:25.735908-07:00,MLB,MLB,401817031,2026-09-22T22:45:00+00:00,Fenway Park,Boston,Massachusetts,False,42.35843,-71.05977,2026-09-22T23:00Z,OPEN_METEO_FORECAST,FORECAST,52.7,44.9,87,19,0.028,0.024,0.0,53,1026.2,17.8,55,20.4
OPEN_METEO-FORECAST-401817034-20260918T003125Z,2026-09-17T17:31:25.735908-07:00,MLB,MLB,401817034,2026-09-22T23:05:00+00:00,Yankee Stadium,Bronx,New York,False,40.93815,-73.83208,2026-09-22T23:00Z,OPEN_METEO_FORECAST,FORECAST,52.8,47.0,92,31,0.008,0.008,0.0,51,1021.8,14.1,54,22.1
OPEN_METEO-FORECAST-401817030-20260918T003125Z,2026-09-17T17:31:25.735908-07:00,MLB,MLB,401817030,2026-09-22T23:15:00+00:00,Truist Park,Atlanta,Georgia,False,33.749,-84.38798,2026-09-22T23:00Z,OPEN_METEO_FORECAST,FORECAST,88.7,93.4,43,41,0.004,0.004,0.0,51,976.7,0.2,270,2.0
OPEN_METEO-FORECAST-401817037-20260918T003125Z,2026-09-17T17:31:25.735908-07:00,MLB,MLB,401817037,2026-09-22T23:40:00+00:00,Kauffman Stadium,Kansas City,Missouri,False,39.09973,-94.57857,2026-09-22T23:00Z,OPEN_METEO_FORECAST,FORECAST,64.7,62.0,68,2,0.0,0.0,0.0,3,986.7,9.2,26,10.7
OPEN_METEO-FORECAST-401817038-20260918T003125Z,2026-09-17T17:31:25.735908-07:00,MLB,MLB,401817038,2026-09-22T23:40:00+00:00,Wrigley Field,Chicago,Illinois,False,41.85003,-87.65005,2026-09-22T23:00Z,OPEN_METEO_FORECAST,FORECAST,57.7,51.0,69,26,0.0,0.0,0.0,3,1000.0,14.4,36,16.6
OPEN_METEO-FORECAST-401817029-20260918T003125Z,2026-09-17T17:31:25.735908-07:00,MLB,MLB,401817029,2026-09-22T01:45:00+00:00,Oracle Park,San Francisco,California,False,37.77493,-122.41942,2026-09-22T02:00Z,OPEN_METEO_FORECAST,FORECAST,61.8,59.4,78,0,0.0,0.0,0.0,0,1010.1,9.4,237,8.5
OPEN_METEO-FORECAST-401858225-20260918T003125Z,2026-09-17T17:31:25.735908-07:00,NCAA_Football,NCAA_Football,401858225,2026-09-17T23:30:00+00:00,Acrisure Stadium,Pittsburgh,PA,False,40.44062,-79.99589,2026-09-17T23:00Z,OPEN_METEO_FORECAST,FORECAST,79.0,86.6,82,10,0.0,0.0,0.0,2,992.3,4.8,248,12.3
OPEN_METEO-FORECAST-401816975-20260918T003125Z,2026-09-17T17:31:25.735908-07:00,MLB,MLB,401816975,2026-09-17T16:35:00+00:00,PNC Park,Pittsburgh,Pennsylvania,False,40.44062,-79.99589,2026-09-17T17:00Z,OPEN_METEO_FORECAST,FORECAST,80.1,87.9,85,12,0.0,0.0,0.0,3,995.3,7.3,243,12.1
OPEN_METEO-FORECAST-401816974-20260918T003125Z,2026-09-17T17:31:25.735908-07:00,MLB,MLB,401816974,2026-09-17T16:40:00+00:00,Great American Ball Park,Cincinnati,Ohio,False,39.12711,-84.51439,2026-09-17T17:00Z,OPEN_METEO_FORECAST,FORECAST,89.5,97.3,57,0,0.0,0.0,0.0,0,993.0,7.9,278,15.7
OPEN_METEO-FORECAST-401816980-20260918T003125Z,2026-09-17T17:31:25.735908-07:00,MLB,MLB,401816980,2026-09-17T19:10:00+00:00,Coors Field,Denver,Colorado,False,39.73915,-104.9847,2026-09-17T19:00Z,OPEN_METEO_FORECAST,FORECAST,77.0,80.8,56,9,0.0,0.0,0.0,2,844.6,5.5,297,5.6
OPEN_METEO-FORECAST-401816976-20260918T003125Z,2026-09-17T17:31:25.735908-07:00,MLB,MLB,401816976,2026-09-17T23:15:00+00:00,Citi Field,Queens,New York,False,40.68149,-73.83652,2026-09-17T23:00Z,OPEN_METEO_FORECAST,FORECAST,75.4,82.0,81,1,0.0,0.0,0.0,3,1018.0,2.4,146,12.3
OPEN_METEO-FORECAST-401816978-20260918T003125Z,2026-09-17T17:31:25.735908-07:00,MLB,MLB,401816978,2026-09-17T23:40:00+00:00,Rate Field,Chicago,Illinois,False,41.85003,-87.65005,2026-09-17T23:00Z,OPEN_METEO_FORECAST,FORECAST,69.0,73.6,95,12,0.098,0.098,0.0,63,1000.3,5.2,342,14.8
OPEN_METEO-FORECAST-401869941-20260918T003125Z,2026-09-17T17:31:25.735908-07:00,NCAA_Football,NCAA_Football,401869941,2026-09-24T23:30:00+00:00,Brooks Stadium (SC),Conway,SC,False,35.0887,-92.4421,2026-09-24T23:00Z,OPEN_METEO_FORECAST,FORECAST,75.5,72.4,41,1,0.0,0.0,0.0,3,1007.4,7.6,32,11.6
OPEN_METEO-FORECAST-401817063-20260918T003125Z,2026-09-17T17:31:25.735908-07:00,MLB,MLB,401817063,2026-09-24T16:35:00+00:00,PNC Park,Pittsburgh,Pennsylvania,False,40.44062,-79.99589,2026-09-24T17:00Z,OPEN_METEO_FORECAST,FORECAST,65.8,66.4,72,22,0.0,0.0,0.0,3,994.5,3.5,215,8.5
OPEN_METEO-FORECAST-401817065-20260918T003125Z,2026-09-17T17:31:25.735908-07:00,MLB,MLB,401817065,2026-09-24T18:10:00+00:00,Kauffman Stadium,Kansas City,Missouri,False,39.09973,-94.57857,2026-09-24T18:00Z,OPEN_METEO_FORECAST,FORECAST,69.1,66.2,43,21,0.0,0.0,0.0,3,991.5,4.2,54,8.1
OPEN_METEO-FORECAST-401817066-20260918T003125Z,2026-09-17T17:31:25.735908-07:00,MLB,MLB,401817066,2026-09-24T18:20:00+00:00,Wrigley Field,Chicago,Illinois,False,41.85003,-87.65005,2026-09-24T18:00Z,OPEN_METEO_FORECAST,FORECAST,59.9,57.0,85,5,0.004,0.0,0.0,51,1003.7,10.8,339,12.1
OPEN_METEO-FORECAST-401817068-20260918T003125Z,2026-09-17T17:31:25.735908-07:00,MLB,MLB,401817068,2026-09-24T19:10:00+00:00,Coors Field,Denver,Colorado,False,39.73915,-104.9847,2026-09-24T19:00Z,OPEN_METEO_FORECAST,FORECAST,78.0,75.7,25,19,0.0,0.0,0.0,1,846.4,5.2,85,4.5
OPEN_METEO-FORECAST-401817062-20260918T003125Z,2026-09-17T17:31:25.735908-07:00,MLB,MLB,401817062,2026-09-24T22:05:00+00:00,Citizens Bank Park,Philadelphia,Pennsylvania,False,39.95238,-75.16362,2026-09-24T22:00Z,OPEN_METEO_FORECAST,FORECAST,62.7,62.0,95,14,0.039,0.012,0.0,55,1021.7,10.8,66,8.5
OPEN_METEO-FORECAST-401817061-20260918T003125Z,2026-09-17T17:31:25.735908-07:00,MLB,MLB,401817061,2026-09-24T22:45:00+00:00,Fenway Park,Boston,Massachusetts,False,42.35843,-71.05977,2026-09-24T23:00Z,OPEN_METEO_FORECAST,FORECAST,59.4,54.0,81,24,0.004,0.004,0.0,51,1023.1,15.4,62,16.1
OPEN_METEO-FORECAST-401817064-20260918T003125Z,2026-09-17T17:31:25.735908-07:00,MLB,MLB,401817064,2026-09-24T23:05:00+00:00,Yankee Stadium,Bronx,New York,False,40.93815,-73.83208,2026-09-24T23:00Z,OPEN_METEO_FORECAST,FORECAST,62.3,58.2,76,16,0.0,0.0,0.0,3,1019.7,13.0,63,14.1
OPEN_METEO-FORECAST-401817060-20260918T003125Z,2026-09-17T17:31:25.735908-07:00,MLB,MLB,401817060,2026-09-24T23:15:00+00:00,Truist Park,Atlanta,Georgia,False,33.749,-84.38798,2026-09-24T23:00Z,OPEN_METEO_FORECAST,FORECAST,77.8,80.8,65,4,0.0,0.0,0.0,2,979.7,6.2,339,7.2
OPEN_METEO-FORECAST-401817055-20260918T003125Z,2026-09-17T17:31:25.735908-07:00,MLB,MLB,401817055,2026-09-24T00:40:00+00:00,Coors Field,Denver,Colorado,False,39.73915,-104.9847,2026-09-24T01:00Z,OPEN_METEO_FORECAST,FORECAST,74.1,69.6,31,21,0.0,0.0,0.0,3,843.3,5.9,108,13.9
OPEN_METEO-FORECAST-401817056-20260918T003125Z,2026-09-17T17:31:25.735908-07:00,MLB,MLB,401817056,2026-09-24T01:40:00+00:00,Sutter Health Park,Sacramento,California,False,38.58157,-121.4944,2026-09-24T02:00Z,OPEN_METEO_FORECAST,FORECAST,89.1,83.6,13,0,0.0,0.0,0.0,0,1004.8,4.1,209,7.6
OPEN_METEO-FORECAST-401817059-20260918T003125Z,2026-09-17T17:31:25.735908-07:00,MLB,MLB,401817059,2026-09-24T02:10:00+00:00,Dodger Stadium,Los Angeles,California,False,34.05223,-118.24368,2026-09-24T02:00Z,OPEN_METEO_FORECAST,FORECAST,76.9,77.6,58,1,0.0,0.0,0.0,0,998.8,7.5,219,5.1
OPEN_METEO-FORECAST-401872932-20260918T003125Z,2026-09-17T17:31:25.735908-07:00,NFL,NFL,401872932,2026-09-18T00:15:00+00:00,Highmark Stadium,Orchard Park,NY,False,42.76756,-78.74392,2026-09-18T00:00Z,OPEN_METEO_FORECAST,FORECAST,67.2,70.4,88,0,0.0,0.0,0.0,2,989.1,3.8,90,6.5
OPEN_METEO-FORECAST-401858226-20260918T003125Z,2026-09-17T17:31:25.735908-07:00,NCAA_Football,NCAA_Football,401858226,2026-09-18T23:30:00+00:00,Allegacy Federal Credit Union Stadium,Winston-Salem,NC,False,36.09986,-80.24422,2026-09-18T23:00Z,OPEN_METEO_FORECAST,FORECAST,81.7,90.2,73,23,0.0,0.0,0.0,3,983.7,1.5,243,11.2
OPEN_METEO-FORECAST-401816984-20260918T003125Z,2026-09-17T17:31:25.735908-07:00,MLB,MLB,401816984,2026-09-18T22:40:00+00:00,Great American Ball Park,Cincinnati,Ohio,False,39.12711,-84.51439,2026-09-18T23:00Z,OPEN_METEO_FORECAST,FORECAST,76.9,79.8,75,6,0.0,0.0,0.0,0,988.3,10.1,22,16.1
OPEN_METEO-FORECAST-401816985-20260918T003125Z,2026-09-17T17:31:25.735908-07:00,MLB,MLB,401816985,2026-09-18T22:40:00+00:00,PNC Park,Pittsburgh,Pennsylvania,False,40.44062,-79.99589,2026-09-18T23:00Z,OPEN_METEO_FORECAST,FORECAST,71.2,74.1,76,0,0.0,0.0,0.0,3,991.8,4.3,360,9.8
OPEN_METEO-FORECAST-401816986-20260918T003125Z,2026-09-17T17:31:25.735908-07:00,MLB,MLB,401816986,2026-09-18T23:05:00+00:00,Oriole Park at Camden Yards,Baltimore,Maryland,False,39.29038,-76.61219,2026-09-18T23:00Z,OPEN_METEO_FORECAST,FORECAST,78.2,80.8,63,0,0.0,0.0,0.0,0,1014.6,6.4,350,13.0
OPEN_METEO-FORECAST-401816982-20260918T003125Z,2026-09-17T17:31:25.735908-07:00,MLB,MLB,401816982,2026-09-18T23:10:00+00:00,Progressive Field,Cleveland,Ohio,False,41.4995,-81.69541,2026-09-18T23:00Z,OPEN_METEO_FORECAST,FORECAST,69.4,67.1,62,0,0.0,0.0,0.0,3,998.2,9.9,18,14.8
OPEN_METEO-FORECAST-401816987-20260918T003125Z,2026-09-17T17:31:25.735908-07:00,MLB,MLB,401816987,2026-09-18T23:10:00+00:00,Citi Field,Queens,New York,False,40.68149,-73.83652,2026-09-18T23:00Z,OPEN_METEO_FORECAST,FORECAST,75.0,74.4,52,0,0.0,0.0,0.0,0,1016.3,6.0,13,14.1
OPEN_METEO-FORECAST-401816989-20260918T003125Z,2026-09-17T17:31:25.735908-07:00,MLB,MLB,401816989,2026-09-18T23:40:00+00:00,Rate Field,Chicago,Illinois,False,41.85003,-87.65005,2026-09-18T23:00Z,OPEN_METEO_FORECAST,FORECAST,65.0,64.2,78,3,0.0,0.0,0.0,3,999.9,8.1,90,16.6
OPEN_METEO-FORECAST-401816981-20260918T003125Z,2026-09-17T17:31:25.735908-07:00,MLB,MLB,401816981,2026-09-18T01:38:00+00:00,Angel Stadium,Anaheim,California,False,33.83529,-117.9145,2026-09-18T02:00Z,OPEN_METEO_FORECAST,FORECAST,73.5,73.4,59,0,0.0,0.0,0.0,0,1010.9,6.6,252,10.1
OPEN_METEO-FORECAST-401872937-20260918T003125Z,2026-09-17T17:31:25.735908-07:00,NFL,NFL,401872937,2026-09-20T17:00:00+00:00,Soldier Field,Chicago,IL,False,41.85003,-87.65005,2026-09-20T17:00Z,OPEN_METEO_FORECAST,FORECAST,64.9,65.9,96,62,0.012,0.0,0.0,51,991.0,9.4,78,9.4
OPEN_METEO-FORECAST-401872939-20260918T003125Z,2026-09-17T17:31:25.735908-07:00,NFL,NFL,401872939,2026-09-20T17:00:00+00:00,Nissan Stadium,Nashville,TN,False,36.16589,-86.78444,2026-09-20T17:00Z,OPEN_METEO_FORECAST,FORECAST,88.9,92.9,47,1,0.0,0.0,0.0,3,995.2,4.7,172,6.3
OPEN_METEO-FORECAST-401872946-20260918T003125Z,2026-09-17T17:31:25.735908-07:00,NFL,NFL,401872946,2026-09-20T17:00:00+00:00,Gillette Stadium,Foxborough,MA,False,42.06538,-71.24783,2026-09-20T17:00Z,OPEN_METEO_FORECAST,FORECAST,58.1,56.0,65,8,0.0,0.0,0.0,3,1010.0,2.9,176,9.4
OPEN_METEO-FORECAST-401872936-20260918T003125Z,2026-09-17T17:31:25.735908-07:00,NFL,NFL,401872936,2026-09-20T17:00:00+00:00,MetLife Stadium,East Rutherford,NJ,False,40.83399,-74.09709,2026-09-20T17:00Z,OPEN_METEO_FORECAST,FORECAST,61.6,61.3,86,72,0.055,0.055,0.0,61,1013.7,6.5,124,22.1
OPEN_METEO-FORECAST-401872935-20260918T003125Z,2026-09-17T17:31:25.735908-07:00,NFL,NFL,401872935,2026-09-20T17:00:00+00:00,Raymond James Stadium,Tampa,FL,False,27.94752,-82.45843,2026-09-20T17:00Z,OPEN_METEO_FORECAST,FORECAST,89.0,96.4,51,6,0.0,0.0,0.0,3,1012.0,3.3,164,4.7
OPEN_METEO-FORECAST-401872938-20260918T003125Z,2026-09-17T17:31:25.735908-07:00,NFL,NFL,401872938,2026-09-20T17:00:00+00:00,M&T Bank Stadium,Baltimore,MD,False,39.29038,-76.61219,2026-09-20T17:00Z,OPEN_METEO_FORECAST,FORECAST,74.5,77.6,76,23,0.004,0.0,0.0,51,1011.8,7.4,178,17.2
OPEN_METEO-FORECAST-401872940-20260918T003125Z,2026-09-17T17:31:25.735908-07:00,NFL,NFL,401872940,2026-09-20T20:05:00+00:00,Empower Field at Mile High,Denver,CO,False,39.73915,-104.9847,2026-09-20T20:00Z,OPEN_METEO_FORECAST,FORECAST,74.3,70.7,35,52,0.0,0.0,0.0,3,838.5,10.5,34,7.6
OPEN_METEO-FORECAST-401872941-20260918T003125Z,2026-09-17T17:31:25.735908-07:00,NFL,NFL,401872941,2026-09-20T20:05:00+00:00,SoFi Stadium,Inglewood,CA,False,33.96168,-118.35313,2026-09-20T20:00Z,OPEN_METEO_FORECAST,FORECAST,78.2,80.3,49,0,0.0,0.0,0.0,0,1007.1,8.4,189,5.8
OPEN_METEO-FORECAST-401872942-20260918T003125Z,2026-09-17T17:31:25.735908-07:00,NFL,NFL,401872942,2026-09-20T20:25:00+00:00,Levi's Stadium,Santa Clara,CA,False,37.35411,-121.95524,2026-09-20T20:00Z,OPEN_METEO_FORECAST,FORECAST,76.9,74.0,40,0,0.0,0.0,0.0,3,1010.6,7.4,357,4.5
OPEN_METEO-FORECAST-401856693-20260918T003125Z,2026-09-17T17:31:25.735908-07:00,NCAA_Football,NCAA_Football,401856693,2026-09-20T00:00:00+00:00,DKR-Texas Memorial Stadium,Austin,TX,False,30.26715,-97.74306,2026-09-20T00:00Z,OPEN_METEO_FORECAST,FORECAST,97.3,93.9,24,1,0.0,0.0,0.0,0,991.8,11.4,122,11.4
OPEN_METEO-FORECAST-401856799-20260918T003125Z,2026-09-17T17:31:25.735908-07:00,NCAA_Football,NCAA_Football,401856799,2026-09-20T00:00:00+00:00,Amon G. Carter Stadium,Fort Worth,TX,False,32.72541,-97.32085,2026-09-20T00:00Z,OPEN_METEO_FORECAST,FORECAST,97.1,93.2,21,0,0.0,0.0,0.0,0,987.0,9.7,157,11.6
OPEN_METEO-FORECAST-401862775-20260918T003125Z,2026-09-17T17:31:25.735908-07:00,NCAA_Football,NCAA_Football,401862775,2026-09-20T00:00:00+00:00,H. A. Chapman Stadium,Tulsa,OK,False,36.15398,-95.99277,2026-09-20T00:00Z,OPEN_METEO_FORECAST,FORECAST,96.6,94.0,26,0,0.0,0.0,0.0,3,982.7,10.8,174,21.0
OPEN_METEO-FORECAST-401862776-20260918T003125Z,2026-09-17T17:31:25.735908-07:00,NCAA_Football,NCAA_Football,401862776,2026-09-20T00:00:00+00:00,Our Lady of Lourdes Stadium,Lafayette,LA,False,30.22409,-92.01984,2026-09-20T00:00Z,OPEN_METEO_FORECAST,FORECAST,82.3,86.0,66,3,0.0,0.0,0.0,0,1011.1,9.8,192,12.8
OPEN_METEO-FORECAST-401860885-20260918T003125Z,2026-09-17T17:31:25.735908-07:00,NCAA_Football,NCAA_Football,401860885,2026-09-20T02:00:00+00:00,Albertsons Stadium,Boise,ID,False,43.6135,-116.20345,2026-09-20T02:00Z,OPEN_METEO_FORECAST,FORECAST,71.4,67.6,39,0,0.0,0.0,0.0,0,919.4,5.9,7,11.0
OPEN_METEO-FORECAST-401860887-20260918T003125Z,2026-09-17T17:31:25.735908-07:00,NCAA_Football,NCAA_Football,401860887,2026-09-20T02:00:00+00:00,Snapdragon Stadium,San Diego,CA,False,32.71571,-117.16472,2026-09-20T02:00Z,OPEN_METEO_FORECAST,FORECAST,72.6,74.3,69,0,0.0,0.0,0.0,0,1010.2,5.8,270,3.4
OPEN_METEO-FORECAST-401856793-20260918T003125Z,2026-09-17T17:31:25.735908-07:00,NCAA_Football,NCAA_Football,401856793,2026-09-20T02:30:00+00:00,Casino Del Sol Stadium,Tucson,AZ,False,32.22174,-110.92648,2026-09-20T02:00Z,OPEN_METEO_FORECAST,FORECAST,93.1,84.3,13,0,0.0,0.0,0.0,0,925.6,13.0,251,13.9
OPEN_METEO-FORECAST-401864507-20260918T003125Z,2026-09-17T17:31:25.735908-07:00,NCAA_Football,NCAA_Football,401864507,2026-09-20T02:30:00+00:00,Hornet Stadium,Sacramento,CA,False,38.58157,-121.4944,2026-09-20T02:00Z,OPEN_METEO_FORECAST,FORECAST,82.1,78.0,32,0,0.0,0.0,0.0,0,1007.2,9.3,201,18.8
OPEN_METEO-FORECAST-401858458-20260918T003125Z,2026-09-17T17:31:25.735908-07:00,NCAA_Football,NCAA_Football,401858458,2026-09-20T03:00:00+00:00,Rose Bowl,Pasadena,CA,False,29.69106,-95.2091,2026-09-20T03:00Z,OPEN_METEO_FORECAST,FORECAST,82.5,87.9,65,0,0.0,0.0,0.0,0,1012.3,5.6,146,14.5
OPEN_METEO-FORECAST-401860886-20260918T003125Z,2026-09-17T17:31:25.735908-07:00,NCAA_Football,NCAA_Football,401860886,2026-09-20T03:00:00+00:00,Reser Stadium,Corvallis,OR,False,33.90224,-118.08173,2026-09-20T03:00Z,OPEN_METEO_FORECAST,FORECAST,76.9,77.3,54,0,0.0,0.0,0.0,2,1008.5,6.0,243,6.0
OPEN_METEO-FORECAST-401860888-20260918T003125Z,2026-09-17T17:31:25.735908-07:00,NCAA_Football,NCAA_Football,401860888,2026-09-20T03:00:00+00:00,CEFCU Stadium,San Jose,CA,False,37.33939,-121.89496,2026-09-20T03:00Z,OPEN_METEO_FORECAST,FORECAST,72.2,70.6,51,0,0.0,0.0,0.0,0,1009.2,6.0,333,3.6
OPEN_METEO-FORECAST-401817017-20260918T003125Z,2026-09-17T17:31:25.735908-07:00,MLB,MLB,401817017,2026-09-20T17:10:00+00:00,Citi Field,Queens,New York,False,40.68149,-73.83652,2026-09-20T17:00Z,OPEN_METEO_FORECAST,FORECAST,63.4,62.1,80,58,0.059,0.059,0.0,61,1015.5,8.6,131,21.9
OPEN_METEO-FORECAST-401817015-20260918T003125Z,2026-09-17T17:31:25.735908-07:00,MLB,MLB,401817015,2026-09-20T17:35:00+00:00,PNC Park,Pittsburgh,Pennsylvania,False,40.44062,-79.99589,2026-09-20T18:00Z,OPEN_METEO_FORECAST,FORECAST,69.9,75.3,94,74,0.024,0.012,0.0,53,986.4,4.0,286,13.9
OPEN_METEO-FORECAST-401817012-20260918T003125Z,2026-09-17T17:31:25.735908-07:00,MLB,MLB,401817012,2026-09-20T17:40:00+00:00,Progressive Field,Cleveland,Ohio,False,41.4995,-81.69541,2026-09-20T18:00Z,OPEN_METEO_FORECAST,FORECAST,62.3,62.9,90,63,0.008,0.008,0.0,51,990.8,5.9,79,1.8
OPEN_METEO-FORECAST-401817014-20260918T003125Z,2026-09-17T17:31:25.735908-07:00,MLB,MLB,401817014,2026-09-20T17:40:00+00:00,Great American Ball Park,Cincinnati,Ohio,False,39.12711,-84.51439,2026-09-20T18:00Z,OPEN_METEO_FORECAST,FORECAST,75.0,79.0,74,11,0.0,0.0,0.0,3,982.3,4.7,172,21.5
OPEN_METEO-FORECAST-401817019-20260918T003125Z,2026-09-17T17:31:25.735908-07:00,MLB,MLB,401817019,2026-09-20T18:10:00+00:00,Rate Field,Chicago,Illinois,False,41.85003,-87.65005,2026-09-20T18:00Z,OPEN_METEO_FORECAST,FORECAST,64.4,65.0,97,62,0.102,0.091,0.0,81,991.2,9.8,73,12.5
OPEN_METEO-FORECAST-401817021-20260918T003125Z,2026-09-17T17:31:25.735908-07:00,MLB,MLB,401817021,2026-09-20T18:15:00+00:00,Busch Stadium,St. Louis,Missouri,False,38.62727,-90.19789,2026-09-20T18:00Z,OPEN_METEO_FORECAST,FORECAST,89.8,92.9,38,11,0.0,0.0,0.0,3,993.8,4.7,239,13.0
OPEN_METEO-FORECAST-401817022-20260918T003125Z,2026-09-17T17:31:25.735908-07:00,MLB,MLB,401817022,2026-09-20T19:10:00+00:00,Coors Field,Denver,Colorado,False,39.73915,-104.9847,2026-09-20T19:00Z,OPEN_METEO_FORECAST,FORECAST,72.7,69.1,38,52,0.0,0.0,0.0,2,838.7,11.4,23,9.4
OPEN_METEO-FORECAST-401817024-20260918T003125Z,2026-09-17T17:31:25.735908-07:00,MLB,MLB,401817024,2026-09-20T20:07:00+00:00,Angel Stadium,Anaheim,California,False,33.83529,-117.9145,2026-09-20T20:00Z,OPEN_METEO_FORECAST,FORECAST,81.4,83.5,45,0,0.0,0.0,0.0,0,1007.0,8.7,209,6.5
OPEN_METEO-FORECAST-401817023-20260918T003125Z,2026-09-17T17:31:25.735908-07:00,MLB,MLB,401817023,2026-09-20T20:10:00+00:00,Petco Park,San Diego,California,False,32.71571,-117.16472,2026-09-20T20:00Z,OPEN_METEO_FORECAST,FORECAST,75.5,78.4,60,0,0.0,0.0,0.0,0,1011.0,9.5,261,5.6
OPEN_METEO-FORECAST-401817026-20260918T003125Z,2026-09-17T17:31:25.735908-07:00,MLB,MLB,401817026,2026-09-20T20:10:00+00:00,Dodger Stadium,Los Angeles,California,False,34.05223,-118.24368,2026-09-20T20:00Z,OPEN_METEO_FORECAST,FORECAST,82.4,84.4,40,0,0.0,0.0,0.0,0,1001.5,7.2,171,5.8
OPEN_METEO-FORECAST-401817016-20260918T003125Z,2026-09-17T17:31:25.735908-07:00,MLB,MLB,401817016,2026-09-20T23:20:00+00:00,Oriole Park at Camden Yards,Baltimore,Maryland,False,39.29038,-76.61219,2026-09-20T23:00Z,OPEN_METEO_FORECAST,FORECAST,74.0,78.3,81,54,0.0,0.0,0.0,2,1008.6,5.9,155,17.9
OPEN_METEO-FORECAST-401817007-20260918T003125Z,2026-09-17T17:31:25.735908-07:00,MLB,MLB,401817007,2026-09-20T00:10:00+00:00,Coors Field,Denver,Colorado,False,39.73915,-104.9847,2026-09-20T00:00Z,OPEN_METEO_FORECAST,FORECAST,68.4,66.6,57,71,0.0,0.0,0.0,0,837.6,6.1,123,2.7
OPEN_METEO-FORECAST-401817008-20260918T003125Z,2026-09-17T17:31:25.735908-07:00,MLB,MLB,401817008,2026-09-20T00:40:00+00:00,Petco Park,San Diego,California,False,32.71571,-117.16472,2026-09-20T01:00Z,OPEN_METEO_FORECAST,FORECAST,73.9,74.8,63,0,0.0,0.0,0.0,0,1009.8,6.3,272,4.0
OPEN_METEO-FORECAST-401817011-20260918T003125Z,2026-09-17T17:31:25.735908-07:00,MLB,MLB,401817011,2026-09-20T01:10:00+00:00,Dodger Stadium,Los Angeles,California,False,34.05223,-118.24368,2026-09-20T01:00Z,OPEN_METEO_FORECAST,FORECAST,77.4,76.6,54,0,0.0,0.0,0.0,0,1000.4,9.3,240,9.4
OPEN_METEO-FORECAST-401817009-20260918T003125Z,2026-09-17T17:31:25.735908-07:00,MLB,MLB,401817009,2026-09-20T01:38:00+00:00,Angel Stadium,Anaheim,California,False,33.83529,-117.9145,2026-09-20T02:00Z,OPEN_METEO_FORECAST,FORECAST,76.2,75.9,54,0,0.0,0.0,0.0,3,1005.8,7.0,220,7.2
OPEN_METEO-FORECAST-401856811-20260918T003125Z,2026-09-17T17:31:25.735908-07:00,NCAA_Football,NCAA_Football,401856811,2026-09-19T00:00:00+00:00,Galaxy Stadium,Lubbock,TX,False,33.57786,-101.85517,2026-09-19T00:00Z,OPEN_METEO_FORECAST,FORECAST,89.1,86.2,30,1,0.0,0.0,0.0,0,909.0,9.4,180,13.0
OPEN_METEO-FORECAST-401858455-20260918T003125Z,2026-09-17T17:31:25.735908-07:00,NCAA_Football,NCAA_Football,401858455,2026-09-19T02:30:00+00:00,Autzen Stadium,Eugene,OR,False,44.05207,-123.08675,2026-09-19T02:00Z,OPEN_METEO_FORECAST,FORECAST,68.7,65.5,52,0,0.0,0.0,0.0,0,1004.1,7.8,294,13.9
OPEN_METEO-FORECAST-401869940-20260918T003125Z,2026-09-17T17:31:25.735908-07:00,NCAA_Football,NCAA_Football,401869940,2026-09-19T15:30:00+00:00,Delaware Stadium,Newark,DE,False,40.73566,-74.17237,2026-09-19T15:00Z,OPEN_METEO_FORECAST,FORECAST,63.7,59.3,48,0,0.0,0.0,0.0,3,1021.4,8.3,27,11.2
OPEN_METEO-FORECAST-401856686-20260918T003125Z,2026-09-17T17:31:25.735908-07:00,NCAA_Football,NCAA_Football,401856686,2026-09-19T16:00:00+00:00,Donald W. Reynolds Razorback Stadium,Fayetteville,AR,False,35.05266,-78.87836,2026-09-19T16:00Z,OPEN_METEO_FORECAST,FORECAST,82.2,88.1,73,15,0.0,0.0,0.0,2,1012.8,9.0,34,10.8
OPEN_METEO-FORECAST-401858454-20260918T003125Z,2026-09-17T17:31:25.735908-07:00,NCAA_Football,NCAA_Football,401858454,2026-09-19T16:00:00+00:00,Ohio Stadium,Columbus,OH,False,39.96118,-82.99879,2026-09-19T16:00Z,OPEN_METEO_FORECAST,FORECAST,69.3,72.3,79,6,0.0,0.0,0.0,3,991.9,3.6,102,7.5
OPEN_METEO-FORECAST-401858456-20260918T003125Z,2026-09-17T17:31:25.735908-07:00,NCAA_Football,NCAA_Football,401858456,2026-09-19T16:00:00+00:00,Beaver Stadium,University Park,PA,False,37.44188,-122.14302,2026-09-19T16:00Z,OPEN_METEO_FORECAST,FORECAST,60.1,60.3,82,0,0.0,0.0,0.0,2,1015.9,2.6,155,3.2
OPEN_METEO-FORECAST-401856792-20260918T003125Z,2026-09-17T17:31:25.735908-07:00,NCAA_Football,NCAA_Football,401856792,2026-09-19T16:00:00+00:00,Bill Snyder Family Stadium,Manhattan,KS,False,40.78343,-73.96625,2026-09-19T16:00Z,OPEN_METEO_FORECAST,FORECAST,66.0,61.7,42,0,0.0,0.0,0.0,2,1017.4,9.6,50,11.2
OPEN_METEO-FORECAST-401856798-20260918T003125Z,2026-09-17T17:31:25.735908-07:00,NCAA_Football,NCAA_Football,401856798,2026-09-19T16:00:00+00:00,Jack Trice Stadium,Ames,IA,False,42.03471,-93.61994,2026-09-19T16:00Z,OPEN_METEO_FORECAST,FORECAST,76.1,81.6,84,29,0.0,0.0,0.0,3,977.0,7.1,301,9.3
OPEN_METEO-FORECAST-401856812-20260918T003125Z,2026-09-17T17:31:25.735908-07:00,NCAA_Football,NCAA_Football,401856812,2026-09-19T16:00:00+00:00,Wembley Stadium,London,,False,39.88645,-83.44825,2026-09-19T16:00Z,OPEN_METEO_FORECAST,FORECAST,70.9,72.8,73,3,0.0,0.0,0.0,0,981.2,7.4,82,9.8
OPEN_METEO-FORECAST-401858228-20260918T003125Z,2026-09-17T17:31:25.735908-07:00,NCAA_Football,NCAA_Football,401858228,2026-09-19T16:00:00+00:00,Bobby Dodd Stadium,Atlanta,GA,False,33.749,-84.38798,2026-09-19T16:00Z,OPEN_METEO_FORECAST,FORECAST,90.2,97.0,45,1,0.0,0.0,0.0,0,980.2,2.3,287,4.0
OPEN_METEO-FORECAST-401858229-20260918T003125Z,2026-09-17T17:31:25.735908-07:00,NCAA_Football,NCAA_Football,401858229,2026-09-19T16:00:00+00:00,"Memorial Stadium (Clemson, SC)",Clemson,SC,False,34.68344,-82.83737,2026-09-19T16:00Z,OPEN_METEO_FORECAST,FORECAST,88.8,96.8,52,1,0.0,0.0,0.0,0,991.5,3.0,92,3.1
OPEN_METEO-FORECAST-401858451-20260918T003125Z,2026-09-17T17:31:25.735908-07:00,NCAA_Football,NCAA_Football,401858451,2026-09-19T16:00:00+00:00,Huntington Bank Stadium,Minneapolis,MN,False,44.97997,-93.26384,2026-09-19T16:00Z,OPEN_METEO_FORECAST,FORECAST,57.8,57.2,94,23,0.008,0.008,0.0,3,985.2,5.8,71,14.9
OPEN_METEO-FORECAST-401860889-20260918T003125Z,2026-09-17T17:31:25.735908-07:00,NCAA_Football,NCAA_Football,401860889,2026-09-19T16:00:00+00:00,UFCU Stadium,San Marcos,TX,False,29.88327,-97.94139,2026-09-19T16:00Z,OPEN_METEO_FORECAST,FORECAST,87.1,92.6,55,0,0.0,0.0,0.0,0,994.4,6.8,176,7.7
OPEN_METEO-FORECAST-401858460-20260918T003125Z,2026-09-17T17:31:25.735908-07:00,NCAA_Football,NCAA_Football,401858460,2026-09-19T16:30:00+00:00,Camp Randall Stadium,Madison,WI,False,43.07305,-89.40123,2026-09-19T16:00Z,OPEN_METEO_FORECAST,FORECAST,62.7,62.0,96,90,0.145,0.143,0.0,63,982.8,11.1,140,22.1
OPEN_METEO-FORECAST-401856695-20260918T003125Z,2026-09-17T17:31:25.735908-07:00,NCAA_Football,NCAA_Football,401856695,2026-09-19T16:45:00+00:00,FirstBank Stadium,Nashville,TN,False,36.16589,-86.78444,2026-09-19T17:00Z,OPEN_METEO_FORECAST,FORECAST,98.4,101.5,28,0,0.0,0.0,0.0,0,997.2,5.6,258,8.1
OPEN_METEO-FORECAST-401864508-20260918T003125Z,2026-09-17T17:31:25.735908-07:00,NCAA_Football,NCAA_Football,401864508,2026-09-19T17:00:00+00:00,Kelly/Shorts Stadium,Mount Pleasant,MI,False,43.59781,-84.76751,2026-09-19T17:00Z,OPEN_METEO_FORECAST,FORECAST,62.0,57.7,54,49,0.0,0.0,0.0,3,991.6,7.0,113,11.4
OPEN_METEO-FORECAST-401858227-20260918T003125Z,2026-09-17T17:31:25.735908-07:00,NCAA_Football,NCAA_Football,401858227,2026-09-19T18:00:00+00:00,"Alumni Stadium (Chestnut Hill, MA)",Chestnut Hill,MA,False,42.33065,-71.16616,2026-09-19T18:00Z,OPEN_METEO_FORECAST,FORECAST,62.5,57.9,39,0,0.0,0.0,0.0,3,1014.0,8.4,91,6.0
OPEN_METEO-FORECAST-401858448-20260918T003125Z,2026-09-17T17:31:25.735908-07:00,NCAA_Football,NCAA_Football,401858448,2026-09-19T18:00:00+00:00,Gies Memorial Stadium,Champaign,IL,False,40.11642,-88.24338,2026-09-19T18:00Z,OPEN_METEO_FORECAST,FORECAST,75.7,79.7,81,27,0.0,0.0,0.0,1,989.2,9.5,102,12.1
OPEN_METEO-FORECAST-401862774-20260918T003125Z,2026-09-17T17:31:25.735908-07:00,NCAA_Football,NCAA_Football,401862774,2026-09-19T19:00:00+00:00,Glass Bowl,Toledo,OH,False,41.66394,-83.55521,2026-09-19T19:00Z,OPEN_METEO_FORECAST,FORECAST,63.0,64.6,88,58,0.004,0.004,0.0,51,995.8,3.7,57,14.8
OPEN_METEO-FORECAST-401856694-20260918T003125Z,2026-09-17T17:31:25.735908-07:00,NCAA_Football,NCAA_Football,401856694,2026-09-19T19:30:00+00:00,Kyle Field,College Station,TX,False,30.62798,-96.33441,2026-09-19T19:00Z,OPEN_METEO_FORECAST,FORECAST,97.0,99.2,27,0,0.0,0.0,0.0,0,1001.0,8.2,139,9.4
OPEN_METEO-FORECAST-401856685-20260918T003125Z,2026-09-17T17:31:25.735908-07:00,NCAA_Football,NCAA_Football,401856685,2026-09-19T19:30:00+00:00,Bryant-Denny Stadium,Tuscaloosa,AL,False,33.20984,-87.56917,2026-09-19T19:00Z,OPEN_METEO_FORECAST,FORECAST,98.0,101.4,33,17,0.004,0.0,0.0,51,1005.2,3.8,36,5.6
OPEN_METEO-FORECAST-401858457-20260918T003125Z,2026-09-17T17:31:25.735908-07:00,NCAA_Football,NCAA_Football,401858457,2026-09-19T19:30:00+00:00,SHI Stadium,Piscataway,NJ,False,40.49927,-74.39904,2026-09-19T19:00Z,OPEN_METEO_FORECAST,FORECAST,68.6,63.0,33,0,0.0,0.0,0.0,3,1017.5,6.9,103,6.3
OPEN_METEO-FORECAST-401858230-20260918T003125Z,2026-09-17T17:31:25.735908-07:00,NCAA_Football,NCAA_Football,401858230,2026-09-19T19:30:00+00:00,L&N Federal Credit Union Stadium,Louisville,KY,False,38.25424,-85.75941,2026-09-19T19:00Z,OPEN_METEO_FORECAST,FORECAST,93.4,101.9,45,11,0.0,0.0,0.0,0,997.7,2.7,246,2.7
OPEN_METEO-FORECAST-401856801-20260918T003125Z,2026-09-17T17:31:25.735908-07:00,NCAA_Football,NCAA_Football,401856801,2026-09-19T19:30:00+00:00,Rice-Eccles Stadium,Salt Lake City,UT,False,40.76078,-111.89105,2026-09-19T19:00Z,OPEN_METEO_FORECAST,FORECAST,72.9,68.3,28,22,0.0,0.0,0.0,0,872.7,9.6,323,11.6
OPEN_METEO-FORECAST-401858450-20260918T003125Z,2026-09-17T17:31:25.735908-07:00,NCAA_Football,NCAA_Football,401858450,2026-09-19T19:30:00+00:00,Michigan Stadium,Ann Arbor,MI,False,42.27756,-83.74088,2026-09-19T19:00Z,OPEN_METEO_FORECAST,FORECAST,58.3,58.7,95,70,0.035,0.035,0.0,53,986.4,4.5,108,16.1
OPEN_METEO-FORECAST-401856797-20260918T003125Z,2026-09-17T17:31:25.735908-07:00,NCAA_Football,NCAA_Football,401856797,2026-09-19T19:30:00+00:00,TQL Stadium,Cincinnati,OH,False,39.12711,-84.51439,2026-09-19T19:00Z,OPEN_METEO_FORECAST,FORECAST,87.2,95.3,51,17,0.0,0.0,0.0,0,985.5,1.1,233,2.5
OPEN_METEO-FORECAST-401858233-20260918T003125Z,2026-09-17T17:31:25.735908-07:00,NCAA_Football,NCAA_Football,401858233,2026-09-19T19:30:00+00:00,California Memorial Stadium,Berkeley,CA,False,37.87159,-122.27275,2026-09-19T19:00Z,OPEN_METEO_FORECAST,FORECAST,74.2,75.8,49,0,0.0,0.0,0.0,0,1008.2,4.3,264,3.1
OPEN_METEO-FORECAST-401860890-20260918T003125Z,2026-09-17T17:31:25.735908-07:00,NCAA_Football,NCAA_Football,401860890,2026-09-19T19:30:00+00:00,Martin Stadium,Pullman,WA,False,46.73127,-117.17962,2026-09-19T19:00Z,OPEN_METEO_FORECAST,FORECAST,72.1,69.2,34,0,0.0,0.0,0.0,0,935.1,5.6,272,5.1
OPEN_METEO-FORECAST-401866424-20260918T003125Z,2026-09-17T17:31:25.735908-07:00,NCAA_Football,NCAA_Football,401866424,2026-09-19T19:30:00+00:00,Warren McGuirk Alumni Stadium,Amherst,MA,False,42.97839,-78.79976,2026-09-19T19:00Z,OPEN_METEO_FORECAST,FORECAST,68.4,63.0,31,5,0.0,0.0,0.0,3,999.0,7.2,86,7.8
OPEN_METEO-FORECAST-401858449-20260918T003125Z,2026-09-17T17:31:25.735908-07:00,NCAA_Football,NCAA_Football,401858449,2026-09-19T20:00:00+00:00,"Memorial Stadium (Bloomington, IN)",Bloomington,IN,False,39.16533,-86.52639,2026-09-19T20:00Z,OPEN_METEO_FORECAST,FORECAST,89.7,95.6,48,15,0.0,0.0,0.0,1,986.8,4.0,308,5.1
OPEN_METEO-FORECAST-401858471-20260918T003125Z,2026-09-17T17:31:25.735908-07:00,NCAA_Football,NCAA_Football,401858471,2026-09-19T20:00:00+00:00,Kinnick Stadium,Iowa City,IA,False,41.66113,-91.53017,2026-09-19T20:00Z,OPEN_METEO_FORECAST,FORECAST,79.9,84.2,73,33,0.0,0.0,0.0,3,987.2,9.4,208,17.4
OPEN_METEO-FORECAST-401858231-20260918T003125Z,2026-09-17T17:31:25.735908-07:00,NCAA_Football,NCAA_Football,401858231,2026-09-19T20:00:00+00:00,Wallace Wade Stadium,Durham,NC,False,35.99403,-78.89862,2026-09-19T20:00Z,OPEN_METEO_FORECAST,FORECAST,82.0,84.0,51,17,0.0,0.0,0.0,2,1001.8,5.4,88,8.1
OPEN_METEO-FORECAST-401866422-20260918T003125Z,2026-09-17T17:31:25.735908-07:00,NCAA_Football,NCAA_Football,401866422,2026-09-19T20:00:00+00:00,Williams Stadium (VA),Lynchburg,VA,False,37.41375,-79.14225,2026-09-19T20:00Z,OPEN_METEO_FORECAST,FORECAST,83.1,84.6,43,9,0.0,0.0,0.0,2,994.0,4.9,114,4.3
OPEN_METEO-FORECAST-401867804-20260918T003125Z,2026-09-17T17:31:25.735908-07:00,NCAA_Football,NCAA_Football,401867804,2026-09-19T20:00:00+00:00,McLane Stadium,Waco,TX,False,31.54933,-97.14667,2026-09-19T20:00Z,OPEN_METEO_FORECAST,FORECAST,99.1,99.2,23,0,0.0,0.0,0.0,0,994.9,9.7,161,9.8
OPEN_METEO-FORECAST-401856691-20260918T003125Z,2026-09-17T17:31:25.735908-07:00,NCAA_Football,NCAA_Football,401856691,2026-09-19T20:15:00+00:00,Williams-Brice Stadium,Columbia,SC,False,34.00071,-81.03481,2026-09-19T20:00Z,OPEN_METEO_FORECAST,FORECAST,87.6,93.6,55,64,0.008,0.0,0.0,51,1003.8,4.1,45,6.7
OPEN_METEO-FORECAST-401868317-20260918T003125Z,2026-09-17T17:31:25.735908-07:00,NCAA_Football,NCAA_Football,401868317,2026-09-19T20:30:00+00:00,Malone Stadium,Monroe,LA,False,32.50931,-92.1193,2026-09-19T20:00Z,OPEN_METEO_FORECAST,FORECAST,101.1,104.4,24,1,0.0,0.0,0.0,0,1010.0,4.3,168,5.6
OPEN_METEO-FORECAST-401862710-20260918T003125Z,2026-09-17T17:31:25.735908-07:00,NCAA_Football,NCAA_Football,401862710,2026-09-19T22:00:00+00:00,S.B. Ballard Stadium,Norfolk,VA,False,36.84681,-76.28522,2026-09-19T22:00Z,OPEN_METEO_FORECAST,FORECAST,78.0,78.2,58,2,0.0,0.0,0.0,0,1017.1,9.3,63,8.9
OPEN_METEO-FORECAST-401862771-20260918T003125Z,2026-09-17T17:31:25.735908-07:00,NCAA_Football,NCAA_Football,401862771,2026-09-19T22:00:00+00:00,Flagler Credit Union Stadium,Boca Raton,FL,False,26.35869,-80.0831,2026-09-19T22:00Z,OPEN_METEO_FORECAST,FORECAST,84.8,89.0,63,61,0.031,0.0,0.0,53,1011.4,9.9,85,8.7
OPEN_METEO-FORECAST-401864574-20260918T003125Z,2026-09-17T17:31:25.735908-07:00,NCAA_Football,NCAA_Football,401864574,2026-09-19T22:00:00+00:00,Kidd Brewer Stadium,Boone,NC,False,36.21679,-81.67455,2026-09-19T22:00Z,OPEN_METEO_FORECAST,FORECAST,69.6,73.6,86,49,0.0,0.0,0.0,3,906.0,4.0,142,5.4
OPEN_METEO-FORECAST-401871047-20260918T003125Z,2026-09-17T17:31:25.735908-07:00,NCAA_Football,NCAA_Football,401871047,2026-09-19T22:30:00+00:00,Robert W. Plaster Stadium,Springfield,MO,False,37.21533,-93.29824,2026-09-19T22:00Z,OPEN_METEO_FORECAST,FORECAST,97.7,93.9,21,0,0.0,0.0,0.0,3,965.4,10.1,201,11.0
OPEN_METEO-FORECAST-401856689-20260918T003125Z,2026-09-17T17:31:25.735908-07:00,NCAA_Football,NCAA_Football,401856689,2026-09-19T23:00:00+00:00,Memorial Stadium,Columbia,MO,False,34.00071,-81.03481,2026-09-19T23:00Z,OPEN_METEO_FORECAST,FORECAST,84.4,88.6,59,64,0.0,0.0,0.0,1,1003.6,7.1,70,12.1
OPEN_METEO-FORECAST-401856687-20260918T003125Z,2026-09-17T17:31:25.735908-07:00,NCAA_Football,NCAA_Football,401856687,2026-09-19T23:00:00+00:00,Jordan-Hare Stadium,Auburn,AL,False,42.93173,-76.56605,2026-09-19T23:00Z,OPEN_METEO_FORECAST,FORECAST,54.8,52.2,62,0,0.0,0.0,0.0,3,995.6,1.3,360,2.0
OPEN_METEO-FORECAST-401856800-20260918T003125Z,2026-09-17T17:31:25.735908-07:00,NCAA_Football,NCAA_Football,401856800,2026-09-19T23:00:00+00:00,Acrisure Bounce House,Orlando,FL,False,28.53834,-81.37924,2026-09-19T23:00Z,OPEN_METEO_FORECAST,FORECAST,84.5,88.2,60,50,0.02,0.0,0.0,53,1008.7,8.9,80,10.1
OPEN_METEO-FORECAST-401856803-20260918T003125Z,2026-09-17T17:31:25.735908-07:00,NCAA_Football,NCAA_Football,401856803,2026-09-19T23:00:00+00:00,Boone Pickens Stadium,Stillwater,OK,False,36.11561,-97.05837,2026-09-19T23:00Z,OPEN_METEO_FORECAST,FORECAST,100.9,96.7,24,2,0.0,0.0,0.0,0,974.7,15.5,175,19.5
OPEN_METEO-FORECAST-401861963-20260918T003125Z,2026-09-17T17:31:25.735908-07:00,NCAA_Football,NCAA_Football,401861963,2026-09-19T23:00:00+00:00,M. M. Roberts Stadium,Hattiesburg,MS,False,31.32712,-89.29034,2026-09-19T23:00Z,OPEN_METEO_FORECAST,FORECAST,88.7,92.3,45,1,0.0,0.0,0.0,3,1005.9,4.1,248,6.7
OPEN_METEO-FORECAST-401862772-20260918T003125Z,2026-09-17T17:31:25.735908-07:00,NCAA_Football,NCAA_Football,401862772,2026-09-19T23:00:00+00:00,Simmons Bank Liberty Stadium,Memphis,TN,False,35.14953,-90.04898,2026-09-19T23:00Z,OPEN_METEO_FORECAST,FORECAST,100.6,101.5,22,0,0.0,0.0,0.0,0,1000.9,1.6,98,4.0
OPEN_METEO-FORECAST-401862773-20260918T003125Z,2026-09-17T17:31:25.735908-07:00,NCAA_Football,NCAA_Football,401862773,2026-09-19T23:00:00+00:00,Rice Stadium,Houston,TX,False,29.76328,-95.36327,2026-09-19T23:00Z,OPEN_METEO_FORECAST,FORECAST,90.9,90.9,39,1,0.0,0.0,0.0,0,1010.7,10.2,126,11.2
OPEN_METEO-FORECAST-401862777-20260918T003125Z,2026-09-17T17:31:25.735908-07:00,NCAA_Football,NCAA_Football,401862777,2026-09-19T23:00:00+00:00,Raymond James Stadium,Tampa,FL,False,27.94752,-82.45843,2026-09-19T23:00Z,OPEN_METEO_FORECAST,FORECAST,87.9,92.4,50,52,0.0,0.0,0.0,2,1010.9,4.8,139,9.2
OPEN_METEO-FORECAST-401864443-20260918T003125Z,2026-09-17T17:31:25.735908-07:00,NCAA_Football,NCAA_Football,401864443,2026-09-19T23:00:00+00:00,"Johnny ""Red"" Floyd Stadium",Murfreesboro,TN,False,35.84562,-86.39027,2026-09-19T23:00Z,OPEN_METEO_FORECAST,FORECAST,90.2,95.5,47,11,0.0,0.0,0.0,0,990.5,2.8,76,4.0
OPEN_METEO-FORECAST-401866423-20260918T003125Z,2026-09-17T17:31:25.735908-07:00,NCAA_Football,NCAA_Football,401866423,2026-09-19T23:00:00+00:00,Hancock Whitney Stadium,Mobile,AL,False,30.69436,-88.04305,2026-09-19T23:00Z,OPEN_METEO_FORECAST,FORECAST,88.4,90.6,51,6,0.0,0.0,0.0,1,1012.2,11.2,177,11.2
OPEN_METEO-FORECAST-401869948-20260918T003125Z,2026-09-17T17:31:25.735908-07:00,NCAA_Football,NCAA_Football,401869948,2026-09-19T23:00:00+00:00,AmFirst Stadium,Jacksonville,AL,False,30.33218,-81.65565,2026-09-19T23:00Z,OPEN_METEO_FORECAST,FORECAST,85.2,86.5,50,9,0.0,0.0,0.0,3,1013.0,9.6,91,11.0
OPEN_METEO-FORECAST-401870764-20260918T003125Z,2026-09-17T17:31:25.735908-07:00,NCAA_Football,NCAA_Football,401870764,2026-09-19T23:00:00+00:00,Elliott T. Bowers Stadium,Huntsville,TX,False,34.7304,-86.58594,2026-09-19T23:00Z,OPEN_METEO_FORECAST,FORECAST,91.7,96.1,42,6,0.0,0.0,0.0,3,990.2,2.9,122,7.4
OPEN_METEO-FORECAST-401858452-20260918T003125Z,2026-09-17T17:31:25.735908-07:00,NCAA_Football,NCAA_Football,401858452,2026-09-19T23:15:00+00:00,"Memorial Stadium (Lincoln, NE)",Lincoln,NE,False,40.8,-96.66696,2026-09-19T23:00Z,OPEN_METEO_FORECAST,FORECAST,73.5,73.9,78,27,0.0,0.0,0.0,3,963.7,13.5,12,20.6
OPEN_METEO-FORECAST-401858459-20260918T003125Z,2026-09-17T17:31:25.735908-07:00,NCAA_Football,NCAA_Football,401858459,2026-09-19T23:15:00+00:00,Husky Stadium,Seattle,WA,False,47.60621,-122.33207,2026-09-19T23:00Z,OPEN_METEO_FORECAST,FORECAST,75.5,72.6,37,0,0.0,0.0,0.0,3,1009.5,5.2,350,2.5
OPEN_METEO-FORECAST-401858453-20260918T003125Z,2026-09-17T17:31:25.735908-07:00,NCAA_Football,NCAA_Football,401858453,2026-09-19T23:30:00+00:00,Notre Dame Stadium,Notre Dame,IN,False,41.70019,-86.23793,2026-09-19T23:00Z,OPEN_METEO_FORECAST,FORECAST,61.0,60.4,94,82,0.008,0.008,0.0,51,988.1,8.8,120,18.3
OPEN_METEO-FORECAST-401856688-20260918T003125Z,2026-09-17T17:31:25.735908-07:00,NCAA_Football,NCAA_Football,401856688,2026-09-19T23:30:00+00:00,Vaught-Hemingway Stadium,Oxford,MS,False,34.3665,-89.51925,2026-09-19T23:00Z,OPEN_METEO_FORECAST,FORECAST,94.3,98.0,36,0,0.0,0.0,0.0,0,993.6,2.5,153,2.7
OPEN_METEO-FORECAST-401856795-20260918T003125Z,2026-09-17T17:31:25.735908-07:00,NCAA_Football,NCAA_Football,401856795,2026-09-19T23:30:00+00:00,Canvas Stadium,Fort Collins,CO,False,40.58526,-105.08442,2026-09-19T23:00Z,OPEN_METEO_FORECAST,FORECAST,62.9,60.5,66,81,0.0,0.0,0.0,3,844.2,6.7,4,9.4
OPEN_METEO-FORECAST-401856690-20260918T003125Z,2026-09-17T17:31:25.735908-07:00,NCAA_Football,NCAA_Football,401856690,2026-09-19T23:30:00+00:00,"Memorial Stadium (Norman, OK)",Norman,OK,False,35.22257,-97.43948,2026-09-19T23:00Z,OPEN_METEO_FORECAST,FORECAST,100.6,96.1,22,0,0.0,0.0,0.0,0,967.1,14.3,181,15.2
OPEN_METEO-FORECAST-401856802-20260918T003125Z,2026-09-17T17:31:25.735908-07:00,NCAA_Football,NCAA_Football,401856802,2026-09-19T23:30:00+00:00,Bank of America Stadium,Charlotte,NC,False,35.22709,-80.84313,2026-09-19T23:00Z,OPEN_METEO_FORECAST,FORECAST,74.6,81.7,91,37,0.028,0.0,0.0,53,985.9,4.5,72,9.8
OPEN_METEO-FORECAST-401856796-20260918T003125Z,2026-09-17T17:31:25.735908-07:00,NCAA_Football,NCAA_Football,401856796,2026-09-19T23:30:00+00:00,Northwestern Medicine Field at Martin Stadium,Evanston,IL,False,41.26828,-110.96324,2026-09-19T23:00Z,OPEN_METEO_FORECAST,FORECAST,62.4,50.4,26,36,0.0,0.0,0.0,0,798.3,17.6,263,19.7
OPEN_METEO-FORECAST-401858232-20260918T003125Z,2026-09-17T17:31:25.735908-07:00,NCAA_Football,NCAA_Football,401858232,2026-09-19T23:30:00+00:00,SECU Stadium,College Park,MD,False,38.98067,-76.93692,2026-09-19T23:00Z,OPEN_METEO_FORECAST,FORECAST,73.2,73.0,63,16,0.0,0.0,0.0,3,1015.9,8.4,110,15.0
OPEN_METEO-FORECAST-401856692-20260918T003125Z,2026-09-17T17:31:25.735908-07:00,NCAA_Football,NCAA_Football,401856692,2026-09-19T23:45:00+00:00,Neyland Stadium,Knoxville,TN,False,35.96064,-83.92074,2026-09-19T23:00Z,OPEN_METEO_FORECAST,FORECAST,72.4,77.4,97,17,0.457,0.433,0.0,82,981.6,9.2,288,20.1
OPEN_METEO-FORECAST-401816992-20260918T003125Z,2026-09-17T17:31:25.735908-07:00,MLB,MLB,401816992,2026-09-19T00:10:00+00:00,Coors Field,Denver,Colorado,False,39.73915,-104.9847,2026-09-19T00:00Z,OPEN_METEO_FORECAST,FORECAST,73.7,70.1,39,29,0.0,0.0,0.0,3,842.0,6.8,352,11.4
OPEN_METEO-FORECAST-401816991-20260918T003125Z,2026-09-17T17:31:25.735908-07:00,MLB,MLB,401816991,2026-09-19T00:15:00+00:00,Busch Stadium,St. Louis,Missouri,False,38.62727,-90.19789,2026-09-19T00:00Z,OPEN_METEO_FORECAST,FORECAST,81.0,87.9,74,16,0.0,0.0,0.0,2,999.6,5.3,78,7.6
OPEN_METEO-FORECAST-401816994-20260918T003125Z,2026-09-17T17:31:25.735908-07:00,MLB,MLB,401816994,2026-09-19T01:38:00+00:00,Angel Stadium,Anaheim,California,False,33.83529,-117.9145,2026-09-19T02:00Z,OPEN_METEO_FORECAST,FORECAST,72.7,73.5,63,0,0.0,0.0,0.0,0,1009.6,5.6,236,8.3
OPEN_METEO-FORECAST-401816993-20260918T003125Z,2026-09-17T17:31:25.735908-07:00,MLB,MLB,401816993,2026-09-19T01:40:00+00:00,Petco Park,San Diego,California,False,32.71571,-117.16472,2026-09-19T02:00Z,OPEN_METEO_FORECAST,FORECAST,68.4,69.3,75,0,0.0,0.0,0.0,0,1014.6,5.9,317,10.1
OPEN_METEO-FORECAST-401816996-20260918T003125Z,2026-09-17T17:31:25.735908-07:00,MLB,MLB,401816996,2026-09-19T02:10:00+00:00,Dodger Stadium,Los Angeles,California,False,34.05223,-118.24368,2026-09-19T02:00Z,OPEN_METEO_FORECAST,FORECAST,69.1,69.7,72,0,0.0,0.0,0.0,0,1004.2,6.4,260,9.6
OPEN_METEO-FORECAST-401817001-20260918T003125Z,2026-09-17T17:31:25.735908-07:00,MLB,MLB,401817001,2026-09-19T20:05:00+00:00,Oriole Park at Camden Yards,Baltimore,Maryland,False,39.29038,-76.61219,2026-09-19T20:00Z,OPEN_METEO_FORECAST,FORECAST,75.6,74.1,46,11,0.0,0.0,0.0,3,1015.6,6.1,100,8.5
OPEN_METEO-FORECAST-401817002-20260918T003125Z,2026-09-17T17:31:25.735908-07:00,MLB,MLB,401817002,2026-09-19T20:10:00+00:00,Citi Field,Queens,New York,False,40.68149,-73.83652,2026-09-19T20:00Z,OPEN_METEO_FORECAST,FORECAST,71.7,67.1,32,0,0.0,0.0,0.0,2,1020.0,5.6,124,5.4
OPEN_METEO-FORECAST-401816997-20260918T003125Z,2026-09-17T17:31:25.735908-07:00,MLB,MLB,401816997,2026-09-19T22:10:00+00:00,Progressive Field,Cleveland,Ohio,False,41.4995,-81.69541,2026-09-19T22:00Z,OPEN_METEO_FORECAST,FORECAST,67.2,67.0,66,19,0.004,0.004,0.0,51,993.8,4.4,45,9.8
OPEN_METEO-FORECAST-401816999-20260918T003125Z,2026-09-17T17:31:25.735908-07:00,MLB,MLB,401816999,2026-09-19T22:40:00+00:00,Great American Ball Park,Cincinnati,Ohio,False,39.12711,-84.51439,2026-09-19T23:00Z,OPEN_METEO_FORECAST,FORECAST,75.9,80.8,81,17,0.012,0.0,0.0,51,983.5,6.8,17,9.2
OPEN_METEO-FORECAST-401817000-20260918T003125Z,2026-09-17T17:31:25.735908-07:00,MLB,MLB,401817000,2026-09-19T22:40:00+00:00,PNC Park,Pittsburgh,Pennsylvania,False,40.44062,-79.99589,2026-09-19T23:00Z,OPEN_METEO_FORECAST,FORECAST,68.7,67.6,59,6,0.0,0.0,0.0,3,988.7,5.2,65,12.8
OPEN_METEO-FORECAST-401817004-20260918T003125Z,2026-09-17T17:31:25.735908-07:00,MLB,MLB,401817004,2026-09-19T23:10:00+00:00,Rate Field,Chicago,Illinois,False,41.85003,-87.65005,2026-09-19T23:00Z,OPEN_METEO_FORECAST,FORECAST,65.1,67.0,95,85,0.008,0.008,0.0,51,992.8,7.0,140,19.9
OPEN_METEO-FORECAST-401817006-20260918T003125Z,2026-09-17T17:31:25.735908-07:00,MLB,MLB,401817006,2026-09-19T23:15:00+00:00,Busch Stadium,St. Louis,Missouri,False,38.62727,-90.19789,2026-09-19T23:00Z,OPEN_METEO_FORECAST,FORECAST,88.7,90.1,38,2,0.0,0.0,0.0,3,994.4,4.5,81,6.5
OPEN_METEO-FORECAST-401817040-20260918T003125Z,2026-09-17T17:31:25.735908-07:00,MLB,MLB,401817040,2026-09-23T00:40:00+00:00,Coors Field,Denver,Colorado,False,39.73915,-104.9847,2026-09-23T01:00Z,OPEN_METEO_FORECAST,FORECAST,64.3,61.2,62,32,0.0,0.0,0.0,2,836.8,8.1,141,1.6
OPEN_METEO-FORECAST-401817041-20260918T003125Z,2026-09-17T17:31:25.735908-07:00,MLB,MLB,401817041,2026-09-23T01:40:00+00:00,Sutter Health Park,Sacramento,California,False,38.58157,-121.4944,2026-09-23T02:00Z,OPEN_METEO_FORECAST,FORECAST,82.2,79.6,34,0,0.0,0.0,0.0,0,1004.8,7.0,187,13.2
OPEN_METEO-FORECAST-401817043-20260918T003125Z,2026-09-17T17:31:25.735908-07:00,MLB,MLB,401817043,2026-09-23T01:45:00+00:00,Oracle Park,San Francisco,California,False,37.77493,-122.41942,2026-09-23T02:00Z,OPEN_METEO_FORECAST,FORECAST,64.9,64.0,72,0,0.0,0.0,0.0,2,1008.2,6.3,264,6.7
OPEN_METEO-FORECAST-401817044-20260918T003125Z,2026-09-17T17:31:25.735908-07:00,MLB,MLB,401817044,2026-09-23T02:10:00+00:00,Dodger Stadium,Los Angeles,California,False,34.05223,-118.24368,2026-09-23T02:00Z,OPEN_METEO_FORECAST,FORECAST,73.8,74.8,66,0,0.0,0.0,0.0,0,997.8,7.3,225,6.0
OPEN_METEO-FORECAST-401817051-20260918T003125Z,2026-09-17T17:31:25.735908-07:00,MLB,MLB,401817051,2026-09-23T17:10:00+00:00,Comerica Park,Detroit,Michigan,False,42.33143,-83.04575,2026-09-23T17:00Z,OPEN_METEO_FORECAST,FORECAST,60.2,60.1,85,23,0.0,0.0,0.0,3,1000.2,4.7,329,14.1
OPEN_METEO-FORECAST-401817058-20260918T003125Z,2026-09-17T17:31:25.735908-07:00,MLB,MLB,401817058,2026-09-23T19:45:00+00:00,Oracle Park,San Francisco,California,False,37.77493,-122.41942,2026-09-23T20:00Z,OPEN_METEO_FORECAST,FORECAST,78.8,80.4,37,0,0.0,0.0,0.0,0,1008.9,3.8,277,5.6
OPEN_METEO-FORECAST-401817050-20260918T003125Z,2026-09-17T17:31:25.735908-07:00,MLB,MLB,401817050,2026-09-23T22:35:00+00:00,Oriole Park at Camden Yards,Baltimore,Maryland,False,39.29038,-76.61219,2026-09-23T23:00Z,OPEN_METEO_FORECAST,FORECAST,62.9,61.9,93,29,0.004,0.004,0.0,51,1022.4,11.2,77,17.4
OPEN_METEO-FORECAST-401817047-20260918T003125Z,2026-09-17T17:31:25.735908-07:00,MLB,MLB,401817047,2026-09-23T22:40:00+00:00,Citizens Bank Park,Philadelphia,Pennsylvania,False,39.95238,-75.16362,2026-09-23T23:00Z,OPEN_METEO_FORECAST,FORECAST,63.3,60.7,82,23,0.0,0.0,0.0,3,1024.8,12.3,71,19.2
OPEN_METEO-FORECAST-401817048-20260918T003125Z,2026-09-17T17:31:25.735908-07:00,MLB,MLB,401817048,2026-09-23T22:40:00+00:00,PNC Park,Pittsburgh,Pennsylvania,False,40.44062,-79.99589,2026-09-23T23:00Z,OPEN_METEO_FORECAST,FORECAST,60.9,60.4,94,37,0.004,0.0,0.0,51,995.2,8.4,122,25.7
OPEN_METEO-FORECAST-401817046-20260918T003125Z,2026-09-17T17:31:25.735908-07:00,MLB,MLB,401817046,2026-09-23T23:00:00+00:00,Fenway Park,Boston,Massachusetts,False,42.35843,-71.05977,2026-09-23T23:00Z,OPEN_METEO_FORECAST,FORECAST,57.8,50.3,71,12,0.0,0.0,0.0,3,1028.6,16.9,67,19.2
OPEN_METEO-FORECAST-401817049-20260918T003125Z,2026-09-17T17:31:25.735908-07:00,MLB,MLB,401817049,2026-09-23T23:05:00+00:00,Yankee Stadium,Bronx,New York,False,40.93815,-73.83208,2026-09-23T23:00Z,OPEN_METEO_FORECAST,FORECAST,59.9,54.7,79,21,0.004,0.004,0.0,51,1023.7,14.9,64,19.7
OPEN_METEO-FORECAST-401817045-20260918T003125Z,2026-09-17T17:31:25.735908-07:00,MLB,MLB,401817045,2026-09-23T23:15:00+00:00,Truist Park,Atlanta,Georgia,False,33.749,-84.38798,2026-09-23T23:00Z,OPEN_METEO_FORECAST,FORECAST,87.1,90.3,46,12,0.0,0.0,0.0,3,983.0,4.3,118,9.8
OPEN_METEO-FORECAST-401817052-20260918T003125Z,2026-09-17T17:31:25.735908-07:00,MLB,MLB,401817052,2026-09-23T23:40:00+00:00,Kauffman Stadium,Kansas City,Missouri,False,39.09973,-94.57857,2026-09-23T23:00Z,OPEN_METEO_FORECAST,FORECAST,67.3,64.0,52,3,0.0,0.0,0.0,3,987.7,7.3,59,11.6
OPEN_METEO-FORECAST-401817053-20260918T003125Z,2026-09-17T17:31:25.735908-07:00,MLB,MLB,401817053,2026-09-23T23:40:00+00:00,Wrigley Field,Chicago,Illinois,False,41.85003,-87.65005,2026-09-23T23:00Z,OPEN_METEO_FORECAST,FORECAST,60.3,56.8,78,3,0.004,0.0,0.0,51,1002.2,10.9,352,11.2
OPEN_METEO-FORECAST-401872945-20260918T003621Z,2026-09-17T17:36:21.355992-07:00,NFL,NFL,401872945,2026-09-21T00:20:00+00:00,Arrowhead Stadium,Kansas City,MO,False,39.09973,-94.57857,2026-09-21T00:00Z,OPEN_METEO_FORECAST,FORECAST,75.2,77.2,75,38,0.0,0.0,0.0,3,978.5,10.4,353,15.9
OPEN_METEO-FORECAST-401817027-20260918T003621Z,2026-09-17T17:36:21.355992-07:00,MLB,MLB,401817027,2026-09-21T22:35:00+00:00,Oriole Park at Camden Yards,Baltimore,Maryland,False,39.29038,-76.61219,2026-09-21T23:00Z,OPEN_METEO_FORECAST,FORECAST,66.8,67.0,82,40,0.004,0.0,0.0,51,1012.6,8.6,37,13.9
OPEN_METEO-FORECAST-401817028-20260918T003621Z,2026-09-17T17:36:21.355992-07:00,MLB,MLB,401817028,2026-09-21T22:40:00+00:00,Comerica Park,Detroit,Michigan,False,42.33143,-83.04575,2026-09-21T23:00Z,OPEN_METEO_FORECAST,FORECAST,63.1,57.3,56,27,0.0,0.0,0.0,3,995.6,12.0,76,23.9
OPEN_METEO-FORECAST-401872932-20260918T003621Z,2026-09-17T17:36:21.355992-07:00,NFL,NFL,401872932,2026-09-18T00:15:00+00:00,Highmark Stadium,Orchard Park,NY,False,42.76756,-78.74392,2026-09-18T00:00Z,OPEN_METEO_FORECAST,FORECAST,67.2,70.4,88,0,0.0,0.0,0.0,2,989.1,3.8,90,6.5
OPEN_METEO-FORECAST-401858226-20260918T003621Z,2026-09-17T17:36:21.355992-07:00,NCAA_Football,NCAA_Football,401858226,2026-09-18T23:30:00+00:00,Allegacy Federal Credit Union Stadium,Winston-Salem,NC,False,36.09986,-80.24422,2026-09-18T23:00Z,OPEN_METEO_FORECAST,FORECAST,81.7,90.2,73,23,0.0,0.0,0.0,3,983.7,1.5,243,11.2
OPEN_METEO-FORECAST-401816984-20260918T003621Z,2026-09-17T17:36:21.355992-07:00,MLB,MLB,401816984,2026-09-18T22:40:00+00:00,Great American Ball Park,Cincinnati,Ohio,False,39.12711,-84.51439,2026-09-18T23:00Z,OPEN_METEO_FORECAST,FORECAST,76.9,79.8,75,6,0.0,0.0,0.0,0,988.3,10.1,22,16.1
OPEN_METEO-FORECAST-401816985-20260918T003621Z,2026-09-17T17:36:21.355992-07:00,MLB,MLB,401816985,2026-09-18T22:40:00+00:00,PNC Park,Pittsburgh,Pennsylvania,False,40.44062,-79.99589,2026-09-18T23:00Z,OPEN_METEO_FORECAST,FORECAST,71.2,74.1,76,0,0.0,0.0,0.0,3,991.8,4.3,360,9.8
OPEN_METEO-FORECAST-401816986-20260918T003621Z,2026-09-17T17:36:21.355992-07:00,MLB,MLB,401816986,2026-09-18T23:05:00+00:00,Oriole Park at Camden Yards,Baltimore,Maryland,False,39.29038,-76.61219,2026-09-18T23:00Z,OPEN_METEO_FORECAST,FORECAST,78.2,80.8,63,0,0.0,0.0,0.0,0,1014.6,6.4,350,13.0
OPEN_METEO-FORECAST-401816982-20260918T003621Z,2026-09-17T17:36:21.355992-07:00,MLB,MLB,401816982,2026-09-18T23:10:00+00:00,Progressive Field,Cleveland,Ohio,False,41.4995,-81.69541,2026-09-18T23:00Z,OPEN_METEO_FORECAST,FORECAST,69.4,67.1,62,0,0.0,0.0,0.0,3,998.2,9.9,18,14.8
OPEN_METEO-FORECAST-401816987-20260918T003621Z,2026-09-17T17:36:21.355992-07:00,MLB,MLB,401816987,2026-09-18T23:10:00+00:00,Citi Field,Queens,New York,False,40.68149,-73.83652,2026-09-18T23:00Z,OPEN_METEO_FORECAST,FORECAST,75.0,74.4,52,0,0.0,0.0,0.0,0,1016.3,6.0,13,14.1
OPEN_METEO-FORECAST-401816989-20260918T003621Z,2026-09-17T17:36:21.355992-07:00,MLB,MLB,401816989,2026-09-18T23:40:00+00:00,Rate Field,Chicago,Illinois,False,41.85003,-87.65005,2026-09-18T23:00Z,OPEN_METEO_FORECAST,FORECAST,65.0,64.2,78,3,0.0,0.0,0.0,3,999.9,8.1,90,16.6
OPEN_METEO-FORECAST-401816981-20260918T003621Z,2026-09-17T17:36:21.355992-07:00,MLB,MLB,401816981,2026-09-18T01:38:00+00:00,Angel Stadium,Anaheim,California,False,33.83529,-117.9145,2026-09-18T02:00Z,OPEN_METEO_FORECAST,FORECAST,73.5,73.4,59,0,0.0,0.0,0.0,0,1010.9,6.6,252,10.1
OPEN_METEO-FORECAST-401872947-20260918T003621Z,2026-09-17T17:36:21.355992-07:00,NFL,NFL,401872947,2026-09-22T00:15:00+00:00,SoFi Stadium,Inglewood,CA,False,33.96168,-118.35313,2026-09-22T00:00Z,OPEN_METEO_FORECAST,FORECAST,73.0,71.4,61,0,0.0,0.0,0.0,0,1005.1,10.8,253,5.6
OPEN_METEO-FORECAST-401873648-20260918T003621Z,2026-09-17T17:36:21.355992-07:00,MLB,MLB,401873648,2026-09-22T17:05:00+00:00,Yankee Stadium,Bronx,New York,False,40.93815,-73.83208,2026-09-22T17:00Z,OPEN_METEO_FORECAST,FORECAST,56.1,50.0,92,32,0.142,0.138,0.0,81,1018.6,17.4,72,28.9
OPEN_METEO-FORECAST-401817035-20260918T003621Z,2026-09-17T17:36:21.355992-07:00,MLB,MLB,401817035,2026-09-22T22:35:00+00:00,Oriole Park at Camden Yards,Baltimore,Maryland,False,39.29038,-76.61219,2026-09-22T23:00Z,OPEN_METEO_FORECAST,FORECAST,61.1,59.4,91,48,0.0,0.0,0.0,3,1015.6,10.8,56,27.1
OPEN_METEO-FORECAST-401817032-20260918T003621Z,2026-09-17T17:36:21.355992-07:00,MLB,MLB,401817032,2026-09-22T22:40:00+00:00,Citizens Bank Park,Philadelphia,Pennsylvania,False,39.95238,-75.16362,2026-09-22T23:00Z,OPEN_METEO_FORECAST,FORECAST,59.6,55.0,84,41,0.0,0.0,0.0,3,1019.1,14.7,69,29.5
OPEN_METEO-FORECAST-401817033-20260918T003621Z,2026-09-17T17:36:21.355992-07:00,MLB,MLB,401817033,2026-09-22T22:40:00+00:00,PNC Park,Pittsburgh,Pennsylvania,False,40.44062,-79.99589,2026-09-22T23:00Z,OPEN_METEO_FORECAST,FORECAST,67.8,69.9,85,57,0.0,0.0,0.0,3,988.5,6.1,96,12.8
OPEN_METEO-FORECAST-401817036-20260918T003621Z,2026-09-17T17:36:21.355992-07:00,MLB,MLB,401817036,2026-09-22T22:40:00+00:00,Comerica Park,Detroit,Michigan,False,42.33143,-83.04575,2026-09-22T23:00Z,OPEN_METEO_FORECAST,FORECAST,57.1,52.5,72,15,0.0,0.0,0.0,3,997.4,9.7,38,17.7
OPEN_METEO-FORECAST-401817031-20260918T003621Z,2026-09-17T17:36:21.355992-07:00,MLB,MLB,401817031,2026-09-22T22:45:00+00:00,Fenway Park,Boston,Massachusetts,False,42.35843,-71.05977,2026-09-22T23:00Z,OPEN_METEO_FORECAST,FORECAST,52.7,44.9,87,19,0.028,0.024,0.0,53,1024.8,17.8,55,22.4
OPEN_METEO-FORECAST-401817034-20260918T003621Z,2026-09-17T17:36:21.355992-07:00,MLB,MLB,401817034,2026-09-22T23:05:00+00:00,Yankee Stadium,Bronx,New York,False,40.93815,-73.83208,2026-09-22T23:00Z,OPEN_METEO_FORECAST,FORECAST,52.8,47.0,92,31,0.008,0.008,0.0,51,1019.9,14.1,54,26.2
OPEN_METEO-FORECAST-401817030-20260918T003621Z,2026-09-17T17:36:21.355992-07:00,MLB,MLB,401817030,2026-09-22T23:15:00+00:00,Truist Park,Atlanta,Georgia,False,33.749,-84.38798,2026-09-22T23:00Z,OPEN_METEO_FORECAST,FORECAST,88.7,93.4,43,41,0.004,0.004,0.0,51,975.6,0.2,270,4.0
OPEN_METEO-FORECAST-401817037-20260918T003621Z,2026-09-17T17:36:21.355992-07:00,MLB,MLB,401817037,2026-09-22T23:40:00+00:00,Kauffman Stadium,Kansas City,Missouri,False,39.09973,-94.57857,2026-09-22T23:00Z,OPEN_METEO_FORECAST,FORECAST,64.7,62.0,68,2,0.0,0.0,0.0,3,987.8,9.2,26,13.6
OPEN_METEO-FORECAST-401817038-20260918T003621Z,2026-09-17T17:36:21.355992-07:00,MLB,MLB,401817038,2026-09-22T23:40:00+00:00,Wrigley Field,Chicago,Illinois,False,41.85003,-87.65005,2026-09-22T23:00Z,OPEN_METEO_FORECAST,FORECAST,57.7,51.0,69,26,0.0,0.0,0.0,3,1000.2,14.4,36,17.9
OPEN_METEO-FORECAST-401817029-20260918T003621Z,2026-09-17T17:36:21.355992-07:00,MLB,MLB,401817029,2026-09-22T01:45:00+00:00,Oracle Park,San Francisco,California,False,37.77493,-122.41942,2026-09-22T02:00Z,OPEN_METEO_FORECAST,FORECAST,61.8,59.4,78,0,0.0,0.0,0.0,0,1010.1,9.4,237,9.2
OPEN_METEO-FORECAST-401869941-20260918T003621Z,2026-09-17T17:36:21.355992-07:00,NCAA_Football,NCAA_Football,401869941,2026-09-24T23:30:00+00:00,Brooks Stadium (SC),Conway,SC,False,35.0887,-92.4421,2026-09-24T23:00Z,OPEN_METEO_FORECAST,FORECAST,75.5,72.4,41,1,0.0,0.0,0.0,3,1009.4,7.6,32,16.8
OPEN_METEO-FORECAST-401817063-20260918T003621Z,2026-09-17T17:36:21.355992-07:00,MLB,MLB,401817063,2026-09-24T16:35:00+00:00,PNC Park,Pittsburgh,Pennsylvania,False,40.44062,-79.99589,2026-09-24T17:00Z,OPEN_METEO_FORECAST,FORECAST,65.8,66.4,72,22,0.0,0.0,0.0,3,992.5,3.5,215,6.5
OPEN_METEO-FORECAST-401817065-20260918T003621Z,2026-09-17T17:36:21.355992-07:00,MLB,MLB,401817065,2026-09-24T18:10:00+00:00,Kauffman Stadium,Kansas City,Missouri,False,39.09973,-94.57857,2026-09-24T18:00Z,OPEN_METEO_FORECAST,FORECAST,69.1,66.2,43,21,0.0,0.0,0.0,3,992.8,4.2,54,3.8
OPEN_METEO-FORECAST-401817066-20260918T003621Z,2026-09-17T17:36:21.355992-07:00,MLB,MLB,401817066,2026-09-24T18:20:00+00:00,Wrigley Field,Chicago,Illinois,False,41.85003,-87.65005,2026-09-24T18:00Z,OPEN_METEO_FORECAST,FORECAST,59.9,57.0,85,5,0.004,0.0,0.0,51,1002.9,10.8,339,15.0
OPEN_METEO-FORECAST-401817068-20260918T003621Z,2026-09-17T17:36:21.355992-07:00,MLB,MLB,401817068,2026-09-24T19:10:00+00:00,Coors Field,Denver,Colorado,False,39.73915,-104.9847,2026-09-24T19:00Z,OPEN_METEO_FORECAST,FORECAST,78.0,75.7,25,19,0.0,0.0,0.0,1,846.0,5.2,85,5.6
OPEN_METEO-FORECAST-401817062-20260918T003621Z,2026-09-17T17:36:21.355992-07:00,MLB,MLB,401817062,2026-09-24T22:05:00+00:00,Citizens Bank Park,Philadelphia,Pennsylvania,False,39.95238,-75.16362,2026-09-24T22:00Z,OPEN_METEO_FORECAST,FORECAST,62.7,62.0,95,14,0.039,0.012,0.0,55,1018.7,10.8,66,25.3
OPEN_METEO-FORECAST-401817061-20260918T003621Z,2026-09-17T17:36:21.355992-07:00,MLB,MLB,401817061,2026-09-24T22:45:00+00:00,Fenway Park,Boston,Massachusetts,False,42.35843,-71.05977,2026-09-24T23:00Z,OPEN_METEO_FORECAST,FORECAST,59.4,54.0,81,24,0.004,0.004,0.0,51,1024.1,15.4,62,17.7
OPEN_METEO-FORECAST-401817064-20260918T003621Z,2026-09-17T17:36:21.355992-07:00,MLB,MLB,401817064,2026-09-24T23:05:00+00:00,Yankee Stadium,Bronx,New York,False,40.93815,-73.83208,2026-09-24T23:00Z,OPEN_METEO_FORECAST,FORECAST,62.3,58.2,76,16,0.0,0.0,0.0,3,1019.0,13.0,63,23.3
OPEN_METEO-FORECAST-401817060-20260918T003621Z,2026-09-17T17:36:21.355992-07:00,MLB,MLB,401817060,2026-09-24T23:15:00+00:00,Truist Park,Atlanta,Georgia,False,33.749,-84.38798,2026-09-24T23:00Z,OPEN_METEO_FORECAST,FORECAST,77.8,80.8,65,4,0.0,0.0,0.0,2,978.5,6.2,339,10.3
OPEN_METEO-FORECAST-401817055-20260918T003621Z,2026-09-17T17:36:21.355992-07:00,MLB,MLB,401817055,2026-09-24T00:40:00+00:00,Coors Field,Denver,Colorado,False,39.73915,-104.9847,2026-09-24T01:00Z,OPEN_METEO_FORECAST,FORECAST,74.1,69.6,31,21,0.0,0.0,0.0,3,843.2,5.9,108,5.6
OPEN_METEO-FORECAST-401817056-20260918T003621Z,2026-09-17T17:36:21.355992-07:00,MLB,MLB,401817056,2026-09-24T01:40:00+00:00,Sutter Health Park,Sacramento,California,False,38.58157,-121.4944,2026-09-24T02:00Z,OPEN_METEO_FORECAST,FORECAST,89.1,83.6,13,0,0.0,0.0,0.0,0,1004.7,4.1,209,5.6
OPEN_METEO-FORECAST-401817059-20260918T003621Z,2026-09-17T17:36:21.355992-07:00,MLB,MLB,401817059,2026-09-24T02:10:00+00:00,Dodger Stadium,Los Angeles,California,False,34.05223,-118.24368,2026-09-24T02:00Z,OPEN_METEO_FORECAST,FORECAST,76.9,77.6,58,1,0.0,0.0,0.0,0,998.8,7.5,219,6.7
OPEN_METEO-FORECAST-401872937-20260918T003621Z,2026-09-17T17:36:21.355992-07:00,NFL,NFL,401872937,2026-09-20T17:00:00+00:00,Soldier Field,Chicago,IL,False,41.85003,-87.65005,2026-09-20T17:00Z,OPEN_METEO_FORECAST,FORECAST,64.9,65.9,96,62,0.012,0.0,0.0,51,992.4,9.4,78,14.5
OPEN_METEO-FORECAST-401872939-20260918T003621Z,2026-09-17T17:36:21.355992-07:00,NFL,NFL,401872939,2026-09-20T17:00:00+00:00,Nissan Stadium,Nashville,TN,False,36.16589,-86.78444,2026-09-20T17:00Z,OPEN_METEO_FORECAST,FORECAST,88.9,92.9,47,1,0.0,0.0,0.0,3,996.3,4.7,172,7.2
OPEN_METEO-FORECAST-401872946-20260918T003621Z,2026-09-17T17:36:21.355992-07:00,NFL,NFL,401872946,2026-09-20T17:00:00+00:00,Gillette Stadium,Foxborough,MA,False,42.06538,-71.24783,2026-09-20T17:00Z,OPEN_METEO_FORECAST,FORECAST,58.1,56.0,65,8,0.0,0.0,0.0,3,1010.0,2.9,176,10.7
OPEN_METEO-FORECAST-401872936-20260918T003621Z,2026-09-17T17:36:21.355992-07:00,NFL,NFL,401872936,2026-09-20T17:00:00+00:00,MetLife Stadium,East Rutherford,NJ,False,40.83399,-74.09709,2026-09-20T17:00Z,OPEN_METEO_FORECAST,FORECAST,61.6,61.3,86,72,0.055,0.055,0.0,61,1016.1,6.5,124,14.3
OPEN_METEO-FORECAST-401872935-20260918T003621Z,2026-09-17T17:36:21.355992-07:00,NFL,NFL,401872935,2026-09-20T17:00:00+00:00,Raymond James Stadium,Tampa,FL,False,27.94752,-82.45843,2026-09-20T17:00Z,OPEN_METEO_FORECAST,FORECAST,89.0,96.4,51,6,0.0,0.0,0.0,3,1012.6,3.3,164,4.0
OPEN_METEO-FORECAST-401872938-20260918T003621Z,2026-09-17T17:36:21.355992-07:00,NFL,NFL,401872938,2026-09-20T17:00:00+00:00,M&T Bank Stadium,Baltimore,MD,False,39.29038,-76.61219,2026-09-20T17:00Z,OPEN_METEO_FORECAST,FORECAST,74.5,77.6,76,23,0.004,0.0,0.0,51,1012.9,7.4,178,18.1
OPEN_METEO-FORECAST-401872940-20260918T003621Z,2026-09-17T17:36:21.355992-07:00,NFL,NFL,401872940,2026-09-20T20:05:00+00:00,Empower Field at Mile High,Denver,CO,False,39.73915,-104.9847,2026-09-20T20:00Z,OPEN_METEO_FORECAST,FORECAST,74.3,70.7,35,52,0.0,0.0,0.0,3,838.3,10.5,34,9.8
OPEN_METEO-FORECAST-401872941-20260918T003621Z,2026-09-17T17:36:21.355992-07:00,NFL,NFL,401872941,2026-09-20T20:05:00+00:00,SoFi Stadium,Inglewood,CA,False,33.96168,-118.35313,2026-09-20T20:00Z,OPEN_METEO_FORECAST,FORECAST,78.2,80.3,49,0,0.0,0.0,0.0,0,1007.1,8.4,189,6.3
OPEN_METEO-FORECAST-401872942-20260918T003621Z,2026-09-17T17:36:21.355992-07:00,NFL,NFL,401872942,2026-09-20T20:25:00+00:00,Levi's Stadium,Santa Clara,CA,False,37.35411,-121.95524,2026-09-20T20:00Z,OPEN_METEO_FORECAST,FORECAST,76.9,74.0,40,0,0.0,0.0,0.0,3,1010.1,7.4,357,4.3
OPEN_METEO-FORECAST-401856693-20260918T003621Z,2026-09-17T17:36:21.355992-07:00,NCAA_Football,NCAA_Football,401856693,2026-09-20T00:00:00+00:00,DKR-Texas Memorial Stadium,Austin,TX,False,30.26715,-97.74306,2026-09-20T00:00Z,OPEN_METEO_FORECAST,FORECAST,97.3,93.9,24,1,0.0,0.0,0.0,0,992.0,11.4,122,12.8
OPEN_METEO-FORECAST-401856799-20260918T003621Z,2026-09-17T17:36:21.355992-07:00,NCAA_Football,NCAA_Football,401856799,2026-09-20T00:00:00+00:00,Amon G. Carter Stadium,Fort Worth,TX,False,32.72541,-97.32085,2026-09-20T00:00Z,OPEN_METEO_FORECAST,FORECAST,97.1,93.2,21,0,0.0,0.0,0.0,0,987.0,9.7,157,10.7
OPEN_METEO-FORECAST-401862775-20260918T003621Z,2026-09-17T17:36:21.355992-07:00,NCAA_Football,NCAA_Football,401862775,2026-09-20T00:00:00+00:00,H. A. Chapman Stadium,Tulsa,OK,False,36.15398,-95.99277,2026-09-20T00:00Z,OPEN_METEO_FORECAST,FORECAST,96.6,94.0,26,0,0.0,0.0,0.0,3,981.9,10.8,174,21.0
OPEN_METEO-FORECAST-401862776-20260918T003621Z,2026-09-17T17:36:21.355992-07:00,NCAA_Football,NCAA_Football,401862776,2026-09-20T00:00:00+00:00,Our Lady of Lourdes Stadium,Lafayette,LA,False,30.22409,-92.01984,2026-09-20T00:00Z,OPEN_METEO_FORECAST,FORECAST,82.3,86.0,66,3,0.0,0.0,0.0,0,1011.2,9.8,192,15.9
OPEN_METEO-FORECAST-401860885-20260918T003621Z,2026-09-17T17:36:21.355992-07:00,NCAA_Football,NCAA_Football,401860885,2026-09-20T02:00:00+00:00,Albertsons Stadium,Boise,ID,False,43.6135,-116.20345,2026-09-20T02:00Z,OPEN_METEO_FORECAST,FORECAST,71.4,67.6,39,0,0.0,0.0,0.0,0,920.1,5.9,7,10.7
OPEN_METEO-FORECAST-401860887-20260918T003621Z,2026-09-17T17:36:21.355992-07:00,NCAA_Football,NCAA_Football,401860887,2026-09-20T02:00:00+00:00,Snapdragon Stadium,San Diego,CA,False,32.71571,-117.16472,2026-09-20T02:00Z,OPEN_METEO_FORECAST,FORECAST,72.6,74.3,69,0,0.0,0.0,0.0,0,1010.1,5.8,270,4.0
OPEN_METEO-FORECAST-401856793-20260918T003621Z,2026-09-17T17:36:21.355992-07:00,NCAA_Football,NCAA_Football,401856793,2026-09-20T02:30:00+00:00,Casino Del Sol Stadium,Tucson,AZ,False,32.22174,-110.92648,2026-09-20T02:00Z,OPEN_METEO_FORECAST,FORECAST,93.1,84.3,13,0,0.0,0.0,0.0,0,925.5,13.0,251,13.0
OPEN_METEO-FORECAST-401864507-20260918T003621Z,2026-09-17T17:36:21.355992-07:00,NCAA_Football,NCAA_Football,401864507,2026-09-20T02:30:00+00:00,Hornet Stadium,Sacramento,CA,False,38.58157,-121.4944,2026-09-20T02:00Z,OPEN_METEO_FORECAST,FORECAST,82.1,78.0,32,0,0.0,0.0,0.0,0,1007.1,9.3,201,18.1
OPEN_METEO-FORECAST-401858458-20260918T003621Z,2026-09-17T17:36:21.355992-07:00,NCAA_Football,NCAA_Football,401858458,2026-09-20T03:00:00+00:00,Rose Bowl,Pasadena,CA,False,29.69106,-95.2091,2026-09-20T03:00Z,OPEN_METEO_FORECAST,FORECAST,82.5,87.9,65,0,0.0,0.0,0.0,0,1012.6,5.6,146,15.0
OPEN_METEO-FORECAST-401860886-20260918T003621Z,2026-09-17T17:36:21.355992-07:00,NCAA_Football,NCAA_Football,401860886,2026-09-20T03:00:00+00:00,Reser Stadium,Corvallis,OR,False,33.90224,-118.08173,2026-09-20T03:00Z,OPEN_METEO_FORECAST,FORECAST,76.9,77.3,54,0,0.0,0.0,0.0,2,1008.3,6.0,243,5.8
OPEN_METEO-FORECAST-401860888-20260918T003621Z,2026-09-17T17:36:21.355992-07:00,NCAA_Football,NCAA_Football,401860888,2026-09-20T03:00:00+00:00,CEFCU Stadium,San Jose,CA,False,37.33939,-121.89496,2026-09-20T03:00Z,OPEN_METEO_FORECAST,FORECAST,72.2,70.6,51,0,0.0,0.0,0.0,0,1009.1,6.0,333,4.3
OPEN_METEO-FORECAST-401817017-20260918T003621Z,2026-09-17T17:36:21.355992-07:00,MLB,MLB,401817017,2026-09-20T17:10:00+00:00,Citi Field,Queens,New York,False,40.68149,-73.83652,2026-09-20T17:00Z,OPEN_METEO_FORECAST,FORECAST,63.4,62.1,80,58,0.059,0.059,0.0,61,1017.8,8.6,131,13.9
OPEN_METEO-FORECAST-401817015-20260918T003621Z,2026-09-17T17:36:21.355992-07:00,MLB,MLB,401817015,2026-09-20T17:35:00+00:00,PNC Park,Pittsburgh,Pennsylvania,False,40.44062,-79.99589,2026-09-20T18:00Z,OPEN_METEO_FORECAST,FORECAST,69.9,75.3,94,74,0.024,0.012,0.0,53,986.8,4.0,286,8.5
OPEN_METEO-FORECAST-401817012-20260918T003621Z,2026-09-17T17:36:21.355992-07:00,MLB,MLB,401817012,2026-09-20T17:40:00+00:00,Progressive Field,Cleveland,Ohio,False,41.4995,-81.69541,2026-09-20T18:00Z,OPEN_METEO_FORECAST,FORECAST,62.3,62.9,90,63,0.008,0.008,0.0,51,991.9,5.9,79,9.2
OPEN_METEO-FORECAST-401817014-20260918T003621Z,2026-09-17T17:36:21.355992-07:00,MLB,MLB,401817014,2026-09-20T17:40:00+00:00,Great American Ball Park,Cincinnati,Ohio,False,39.12711,-84.51439,2026-09-20T18:00Z,OPEN_METEO_FORECAST,FORECAST,75.0,79.0,74,11,0.0,0.0,0.0,3,983.0,4.7,172,9.2
OPEN_METEO-FORECAST-401817019-20260918T003621Z,2026-09-17T17:36:21.355992-07:00,MLB,MLB,401817019,2026-09-20T18:10:00+00:00,Rate Field,Chicago,Illinois,False,41.85003,-87.65005,2026-09-20T18:00Z,OPEN_METEO_FORECAST,FORECAST,64.4,65.0,97,62,0.102,0.091,0.0,81,992.1,9.8,73,15.0
OPEN_METEO-FORECAST-401817021-20260918T003621Z,2026-09-17T17:36:21.355992-07:00,MLB,MLB,401817021,2026-09-20T18:15:00+00:00,Busch Stadium,St. Louis,Missouri,False,38.62727,-90.19789,2026-09-20T18:00Z,OPEN_METEO_FORECAST,FORECAST,89.8,92.9,38,11,0.0,0.0,0.0,3,994.8,4.7,239,7.2
OPEN_METEO-FORECAST-401817022-20260918T003621Z,2026-09-17T17:36:21.355992-07:00,MLB,MLB,401817022,2026-09-20T19:10:00+00:00,Coors Field,Denver,Colorado,False,39.73915,-104.9847,2026-09-20T19:00Z,OPEN_METEO_FORECAST,FORECAST,72.7,69.1,38,52,0.0,0.0,0.0,2,838.7,11.4,23,10.3
OPEN_METEO-FORECAST-401817024-20260918T003621Z,2026-09-17T17:36:21.355992-07:00,MLB,MLB,401817024,2026-09-20T20:07:00+00:00,Angel Stadium,Anaheim,California,False,33.83529,-117.9145,2026-09-20T20:00Z,OPEN_METEO_FORECAST,FORECAST,81.4,83.5,45,0,0.0,0.0,0.0,0,1007.0,8.7,209,7.2
OPEN_METEO-FORECAST-401817023-20260918T003621Z,2026-09-17T17:36:21.355992-07:00,MLB,MLB,401817023,2026-09-20T20:10:00+00:00,Petco Park,San Diego,California,False,32.71571,-117.16472,2026-09-20T20:00Z,OPEN_METEO_FORECAST,FORECAST,75.5,78.4,60,0,0.0,0.0,0.0,0,1011.2,9.5,261,5.4
OPEN_METEO-FORECAST-401817026-20260918T003621Z,2026-09-17T17:36:21.355992-07:00,MLB,MLB,401817026,2026-09-20T20:10:00+00:00,Dodger Stadium,Los Angeles,California,False,34.05223,-118.24368,2026-09-20T20:00Z,OPEN_METEO_FORECAST,FORECAST,82.4,84.4,40,0,0.0,0.0,0.0,0,1001.5,7.2,171,6.3
OPEN_METEO-FORECAST-401817016-20260918T003621Z,2026-09-17T17:36:21.355992-07:00,MLB,MLB,401817016,2026-09-20T23:20:00+00:00,Oriole Park at Camden Yards,Baltimore,Maryland,False,39.29038,-76.61219,2026-09-20T23:00Z,OPEN_METEO_FORECAST,FORECAST,74.0,78.3,81,54,0.0,0.0,0.0,2,1010.5,5.9,155,18.3
OPEN_METEO-FORECAST-401817007-20260918T003621Z,2026-09-17T17:36:21.355992-07:00,MLB,MLB,401817007,2026-09-20T00:10:00+00:00,Coors Field,Denver,Colorado,False,39.73915,-104.9847,2026-09-20T00:00Z,OPEN_METEO_FORECAST,FORECAST,68.4,66.6,57,71,0.0,0.0,0.0,0,838.4,6.1,123,6.7
OPEN_METEO-FORECAST-401817008-20260918T003621Z,2026-09-17T17:36:21.355992-07:00,MLB,MLB,401817008,2026-09-20T00:40:00+00:00,Petco Park,San Diego,California,False,32.71571,-117.16472,2026-09-20T01:00Z,OPEN_METEO_FORECAST,FORECAST,73.9,74.8,63,0,0.0,0.0,0.0,0,1009.7,6.3,272,3.1
OPEN_METEO-FORECAST-401817011-20260918T003621Z,2026-09-17T17:36:21.355992-07:00,MLB,MLB,401817011,2026-09-20T01:10:00+00:00,Dodger Stadium,Los Angeles,California,False,34.05223,-118.24368,2026-09-20T01:00Z,OPEN_METEO_FORECAST,FORECAST,77.4,76.6,54,0,0.0,0.0,0.0,0,1000.3,9.3,240,8.3
OPEN_METEO-FORECAST-401817009-20260918T003621Z,2026-09-17T17:36:21.355992-07:00,MLB,MLB,401817009,2026-09-20T01:38:00+00:00,Angel Stadium,Anaheim,California,False,33.83529,-117.9145,2026-09-20T02:00Z,OPEN_METEO_FORECAST,FORECAST,76.2,75.9,54,0,0.0,0.0,0.0,3,1005.6,7.0,220,6.0
OPEN_METEO-FORECAST-401856811-20260918T003621Z,2026-09-17T17:36:21.355992-07:00,NCAA_Football,NCAA_Football,401856811,2026-09-19T00:00:00+00:00,Galaxy Stadium,Lubbock,TX,False,33.57786,-101.85517,2026-09-19T00:00Z,OPEN_METEO_FORECAST,FORECAST,89.1,86.2,30,1,0.0,0.0,0.0,0,909.0,9.4,180,13.0
OPEN_METEO-FORECAST-401858455-20260918T003621Z,2026-09-17T17:36:21.355992-07:00,NCAA_Football,NCAA_Football,401858455,2026-09-19T02:30:00+00:00,Autzen Stadium,Eugene,OR,False,44.05207,-123.08675,2026-09-19T02:00Z,OPEN_METEO_FORECAST,FORECAST,68.7,65.5,52,0,0.0,0.0,0.0,0,1004.1,7.8,294,13.9
OPEN_METEO-FORECAST-401869940-20260918T003621Z,2026-09-17T17:36:21.355992-07:00,NCAA_Football,NCAA_Football,401869940,2026-09-19T15:30:00+00:00,Delaware Stadium,Newark,DE,False,40.73566,-74.17237,2026-09-19T15:00Z,OPEN_METEO_FORECAST,FORECAST,63.7,59.3,48,0,0.0,0.0,0.0,3,1021.4,8.3,27,11.2
OPEN_METEO-FORECAST-401856686-20260918T003621Z,2026-09-17T17:36:21.355992-07:00,NCAA_Football,NCAA_Football,401856686,2026-09-19T16:00:00+00:00,Donald W. Reynolds Razorback Stadium,Fayetteville,AR,False,35.05266,-78.87836,2026-09-19T16:00Z,OPEN_METEO_FORECAST,FORECAST,82.2,88.1,73,15,0.0,0.0,0.0,2,1012.8,9.0,34,11.4
OPEN_METEO-FORECAST-401858454-20260918T003621Z,2026-09-17T17:36:21.355992-07:00,NCAA_Football,NCAA_Football,401858454,2026-09-19T16:00:00+00:00,Ohio Stadium,Columbus,OH,False,39.96118,-82.99879,2026-09-19T16:00Z,OPEN_METEO_FORECAST,FORECAST,69.3,72.3,79,6,0.0,0.0,0.0,3,991.8,3.6,102,7.8
OPEN_METEO-FORECAST-401858456-20260918T003621Z,2026-09-17T17:36:21.355992-07:00,NCAA_Football,NCAA_Football,401858456,2026-09-19T16:00:00+00:00,Beaver Stadium,University Park,PA,False,37.44188,-122.14302,2026-09-19T16:00Z,OPEN_METEO_FORECAST,FORECAST,60.1,60.3,82,0,0.0,0.0,0.0,2,1015.8,2.6,155,3.2
OPEN_METEO-FORECAST-401856792-20260918T003621Z,2026-09-17T17:36:21.355992-07:00,NCAA_Football,NCAA_Football,401856792,2026-09-19T16:00:00+00:00,Bill Snyder Family Stadium,Manhattan,KS,False,40.78343,-73.96625,2026-09-19T16:00Z,OPEN_METEO_FORECAST,FORECAST,66.0,61.7,42,0,0.0,0.0,0.0,2,1017.3,9.6,50,11.5
OPEN_METEO-FORECAST-401856798-20260918T003621Z,2026-09-17T17:36:21.355992-07:00,NCAA_Football,NCAA_Football,401856798,2026-09-19T16:00:00+00:00,Jack Trice Stadium,Ames,IA,False,42.03471,-93.61994,2026-09-19T16:00Z,OPEN_METEO_FORECAST,FORECAST,76.1,81.6,84,29,0.0,0.0,0.0,3,977.0,7.1,301,10.2
OPEN_METEO-FORECAST-401856812-20260918T003621Z,2026-09-17T17:36:21.355992-07:00,NCAA_Football,NCAA_Football,401856812,2026-09-19T16:00:00+00:00,Wembley Stadium,London,,False,39.88645,-83.44825,2026-09-19T16:00Z,OPEN_METEO_FORECAST,FORECAST,70.9,72.8,73,3,0.0,0.0,0.0,0,981.1,7.4,82,10.2
OPEN_METEO-FORECAST-401858228-20260918T003621Z,2026-09-17T17:36:21.355992-07:00,NCAA_Football,NCAA_Football,401858228,2026-09-19T16:00:00+00:00,Bobby Dodd Stadium,Atlanta,GA,False,33.749,-84.38798,2026-09-19T16:00Z,OPEN_METEO_FORECAST,FORECAST,90.2,97.0,45,1,0.0,0.0,0.0,0,980.1,2.3,287,3.9
OPEN_METEO-FORECAST-401858229-20260918T003621Z,2026-09-17T17:36:21.355992-07:00,NCAA_Football,NCAA_Football,401858229,2026-09-19T16:00:00+00:00,"Memorial Stadium (Clemson, SC)",Clemson,SC,False,34.68344,-82.83737,2026-09-19T16:00Z,OPEN_METEO_FORECAST,FORECAST,88.8,96.8,52,1,0.0,0.0,0.0,0,991.4,3.0,92,3.8
OPEN_METEO-FORECAST-401858451-20260918T003621Z,2026-09-17T17:36:21.355992-07:00,NCAA_Football,NCAA_Football,401858451,2026-09-19T16:00:00+00:00,Huntington Bank Stadium,Minneapolis,MN,False,44.97997,-93.26384,2026-09-19T16:00Z,OPEN_METEO_FORECAST,FORECAST,57.8,57.2,94,23,0.008,0.008,0.0,3,985.4,5.8,71,14.9
OPEN_METEO-FORECAST-401860889-20260918T003621Z,2026-09-17T17:36:21.355992-07:00,NCAA_Football,NCAA_Football,401860889,2026-09-19T16:00:00+00:00,UFCU Stadium,San Marcos,TX,False,29.88327,-97.94139,2026-09-19T16:00Z,OPEN_METEO_FORECAST,FORECAST,87.1,92.6,55,0,0.0,0.0,0.0,0,994.3,6.8,176,7.3
OPEN_METEO-FORECAST-401858460-20260918T003621Z,2026-09-17T17:36:21.355992-07:00,NCAA_Football,NCAA_Football,401858460,2026-09-19T16:30:00+00:00,Camp Randall Stadium,Madison,WI,False,43.07305,-89.40123,2026-09-19T16:00Z,OPEN_METEO_FORECAST,FORECAST,62.7,62.0,96,90,0.145,0.143,0.0,63,982.8,11.1,140,22.6
OPEN_METEO-FORECAST-401856695-20260918T003621Z,2026-09-17T17:36:21.355992-07:00,NCAA_Football,NCAA_Football,401856695,2026-09-19T16:45:00+00:00,FirstBank Stadium,Nashville,TN,False,36.16589,-86.78444,2026-09-19T17:00Z,OPEN_METEO_FORECAST,FORECAST,98.4,101.5,28,0,0.0,0.0,0.0,0,997.1,5.6,258,7.7
OPEN_METEO-FORECAST-401864508-20260918T003621Z,2026-09-17T17:36:21.355992-07:00,NCAA_Football,NCAA_Football,401864508,2026-09-19T17:00:00+00:00,Kelly/Shorts Stadium,Mount Pleasant,MI,False,43.59781,-84.76751,2026-09-19T17:00Z,OPEN_METEO_FORECAST,FORECAST,62.0,57.7,54,49,0.0,0.0,0.0,3,991.7,7.0,113,11.2
OPEN_METEO-FORECAST-401858227-20260918T003621Z,2026-09-17T17:36:21.355992-07:00,NCAA_Football,NCAA_Football,401858227,2026-09-19T18:00:00+00:00,"Alumni Stadium (Chestnut Hill, MA)",Chestnut Hill,MA,False,42.33065,-71.16616,2026-09-19T18:00Z,OPEN_METEO_FORECAST,FORECAST,62.5,57.9,39,0,0.0,0.0,0.0,3,1014.1,8.4,91,6.8
OPEN_METEO-FORECAST-401858448-20260918T003621Z,2026-09-17T17:36:21.355992-07:00,NCAA_Football,NCAA_Football,401858448,2026-09-19T18:00:00+00:00,Gies Memorial Stadium,Champaign,IL,False,40.11642,-88.24338,2026-09-19T18:00Z,OPEN_METEO_FORECAST,FORECAST,75.7,79.7,81,27,0.0,0.0,0.0,1,988.7,9.5,102,10.0
OPEN_METEO-FORECAST-401862774-20260918T003621Z,2026-09-17T17:36:21.355992-07:00,NCAA_Football,NCAA_Football,401862774,2026-09-19T19:00:00+00:00,Glass Bowl,Toledo,OH,False,41.66394,-83.55521,2026-09-19T19:00Z,OPEN_METEO_FORECAST,FORECAST,63.0,64.6,88,58,0.004,0.004,0.0,51,996.1,3.7,57,10.3
OPEN_METEO-FORECAST-401856694-20260918T003621Z,2026-09-17T17:36:21.355992-07:00,NCAA_Football,NCAA_Football,401856694,2026-09-19T19:30:00+00:00,Kyle Field,College Station,TX,False,30.62798,-96.33441,2026-09-19T19:00Z,OPEN_METEO_FORECAST,FORECAST,97.0,99.2,27,0,0.0,0.0,0.0,0,1000.7,8.2,139,9.2
OPEN_METEO-FORECAST-401856685-20260918T003621Z,2026-09-17T17:36:21.355992-07:00,NCAA_Football,NCAA_Football,401856685,2026-09-19T19:30:00+00:00,Bryant-Denny Stadium,Tuscaloosa,AL,False,33.20984,-87.56917,2026-09-19T19:00Z,OPEN_METEO_FORECAST,FORECAST,98.0,101.4,33,17,0.004,0.0,0.0,51,1005.3,3.8,36,4.3
OPEN_METEO-FORECAST-401858457-20260918T003621Z,2026-09-17T17:36:21.355992-07:00,NCAA_Football,NCAA_Football,401858457,2026-09-19T19:30:00+00:00,SHI Stadium,Piscataway,NJ,False,40.49927,-74.39904,2026-09-19T19:00Z,OPEN_METEO_FORECAST,FORECAST,68.6,63.0,33,0,0.0,0.0,0.0,3,1017.5,6.9,103,6.7
OPEN_METEO-FORECAST-401858230-20260918T003621Z,2026-09-17T17:36:21.355992-07:00,NCAA_Football,NCAA_Football,401858230,2026-09-19T19:30:00+00:00,L&N Federal Credit Union Stadium,Louisville,KY,False,38.25424,-85.75941,2026-09-19T19:00Z,OPEN_METEO_FORECAST,FORECAST,93.4,101.9,45,11,0.0,0.0,0.0,0,997.2,2.7,246,4.0
OPEN_METEO-FORECAST-401856801-20260918T003621Z,2026-09-17T17:36:21.355992-07:00,NCAA_Football,NCAA_Football,401856801,2026-09-19T19:30:00+00:00,Rice-Eccles Stadium,Salt Lake City,UT,False,40.76078,-111.89105,2026-09-19T19:00Z,OPEN_METEO_FORECAST,FORECAST,72.9,68.3,28,22,0.0,0.0,0.0,0,873.1,9.6,323,13.0
OPEN_METEO-FORECAST-401858450-20260918T003621Z,2026-09-17T17:36:21.355992-07:00,NCAA_Football,NCAA_Football,401858450,2026-09-19T19:30:00+00:00,Michigan Stadium,Ann Arbor,MI,False,42.27756,-83.74088,2026-09-19T19:00Z,OPEN_METEO_FORECAST,FORECAST,58.3,58.7,95,70,0.035,0.035,0.0,53,986.7,4.5,108,14.1
OPEN_METEO-FORECAST-401856797-20260918T003621Z,2026-09-17T17:36:21.355992-07:00,NCAA_Football,NCAA_Football,401856797,2026-09-19T19:30:00+00:00,TQL Stadium,Cincinnati,OH,False,39.12711,-84.51439,2026-09-19T19:00Z,OPEN_METEO_FORECAST,FORECAST,87.2,95.3,51,17,0.0,0.0,0.0,0,984.8,1.1,233,2.2
OPEN_METEO-FORECAST-401858233-20260918T003621Z,2026-09-17T17:36:21.355992-07:00,NCAA_Football,NCAA_Football,401858233,2026-09-19T19:30:00+00:00,California Memorial Stadium,Berkeley,CA,False,37.87159,-122.27275,2026-09-19T19:00Z,OPEN_METEO_FORECAST,FORECAST,74.2,75.8,49,0,0.0,0.0,0.0,0,1008.2,4.3,264,2.9
OPEN_METEO-FORECAST-401860890-20260918T003621Z,2026-09-17T17:36:21.355992-07:00,NCAA_Football,NCAA_Football,401860890,2026-09-19T19:30:00+00:00,Martin Stadium,Pullman,WA,False,46.73127,-117.17962,2026-09-19T19:00Z,OPEN_METEO_FORECAST,FORECAST,72.1,69.2,34,0,0.0,0.0,0.0,0,935.3,5.6,272,4.5
OPEN_METEO-FORECAST-401866424-20260918T003621Z,2026-09-17T17:36:21.355992-07:00,NCAA_Football,NCAA_Football,401866424,2026-09-19T19:30:00+00:00,Warren McGuirk Alumni Stadium,Amherst,MA,False,42.97839,-78.79976,2026-09-19T19:00Z,OPEN_METEO_FORECAST,FORECAST,68.4,63.0,31,5,0.0,0.0,0.0,3,999.3,7.2,86,8.3
OPEN_METEO-FORECAST-401858449-20260918T003621Z,2026-09-17T17:36:21.355992-07:00,NCAA_Football,NCAA_Football,401858449,2026-09-19T20:00:00+00:00,"Memorial Stadium (Bloomington, IN)",Bloomington,IN,False,39.16533,-86.52639,2026-09-19T20:00Z,OPEN_METEO_FORECAST,FORECAST,89.7,95.6,48,15,0.0,0.0,0.0,1,986.5,4.0,308,6.0
OPEN_METEO-FORECAST-401858471-20260918T003621Z,2026-09-17T17:36:21.355992-07:00,NCAA_Football,NCAA_Football,401858471,2026-09-19T20:00:00+00:00,Kinnick Stadium,Iowa City,IA,False,41.66113,-91.53017,2026-09-19T20:00Z,OPEN_METEO_FORECAST,FORECAST,79.9,84.2,73,33,0.0,0.0,0.0,3,987.0,9.4,208,13.6
OPEN_METEO-FORECAST-401858231-20260918T003621Z,2026-09-17T17:36:21.355992-07:00,NCAA_Football,NCAA_Football,401858231,2026-09-19T20:00:00+00:00,Wallace Wade Stadium,Durham,NC,False,35.99403,-78.89862,2026-09-19T20:00Z,OPEN_METEO_FORECAST,FORECAST,82.0,84.0,51,17,0.0,0.0,0.0,2,1002.3,5.4,88,7.2
OPEN_METEO-FORECAST-401866422-20260918T003621Z,2026-09-17T17:36:21.355992-07:00,NCAA_Football,NCAA_Football,401866422,2026-09-19T20:00:00+00:00,Williams Stadium (VA),Lynchburg,VA,False,37.41375,-79.14225,2026-09-19T20:00Z,OPEN_METEO_FORECAST,FORECAST,83.1,84.6,43,9,0.0,0.0,0.0,2,993.4,4.9,114,3.8
OPEN_METEO-FORECAST-401867804-20260918T003621Z,2026-09-17T17:36:21.355992-07:00,NCAA_Football,NCAA_Football,401867804,2026-09-19T20:00:00+00:00,McLane Stadium,Waco,TX,False,31.54933,-97.14667,2026-09-19T20:00Z,OPEN_METEO_FORECAST,FORECAST,99.1,99.2,23,0,0.0,0.0,0.0,0,994.6,9.7,161,10.1
OPEN_METEO-FORECAST-401856691-20260918T003621Z,2026-09-17T17:36:21.355992-07:00,NCAA_Football,NCAA_Football,401856691,2026-09-19T20:15:00+00:00,Williams-Brice Stadium,Columbia,SC,False,34.00071,-81.03481,2026-09-19T20:00Z,OPEN_METEO_FORECAST,FORECAST,87.6,93.6,55,64,0.008,0.0,0.0,51,1004.2,4.1,45,6.3
OPEN_METEO-FORECAST-401868317-20260918T003621Z,2026-09-17T17:36:21.355992-07:00,NCAA_Football,NCAA_Football,401868317,2026-09-19T20:30:00+00:00,Malone Stadium,Monroe,LA,False,32.50931,-92.1193,2026-09-19T20:00Z,OPEN_METEO_FORECAST,FORECAST,101.1,104.4,24,1,0.0,0.0,0.0,0,1009.9,4.3,168,6.5
OPEN_METEO-FORECAST-401862710-20260918T003621Z,2026-09-17T17:36:21.355992-07:00,NCAA_Football,NCAA_Football,401862710,2026-09-19T22:00:00+00:00,S.B. Ballard Stadium,Norfolk,VA,False,36.84681,-76.28522,2026-09-19T22:00Z,OPEN_METEO_FORECAST,FORECAST,78.0,78.2,58,2,0.0,0.0,0.0,0,1016.7,9.3,63,9.4
OPEN_METEO-FORECAST-401862771-20260918T003621Z,2026-09-17T17:36:21.355992-07:00,NCAA_Football,NCAA_Football,401862771,2026-09-19T22:00:00+00:00,Flagler Credit Union Stadium,Boca Raton,FL,False,26.35869,-80.0831,2026-09-19T22:00Z,OPEN_METEO_FORECAST,FORECAST,84.8,89.0,63,61,0.031,0.0,0.0,53,1011.8,9.9,85,8.7
OPEN_METEO-FORECAST-401864574-20260918T003621Z,2026-09-17T17:36:21.355992-07:00,NCAA_Football,NCAA_Football,401864574,2026-09-19T22:00:00+00:00,Kidd Brewer Stadium,Boone,NC,False,36.21679,-81.67455,2026-09-19T22:00Z,OPEN_METEO_FORECAST,FORECAST,69.6,73.6,86,49,0.0,0.0,0.0,3,906.1,4.0,142,5.4
OPEN_METEO-FORECAST-401871047-20260918T003621Z,2026-09-17T17:36:21.355992-07:00,NCAA_Football,NCAA_Football,401871047,2026-09-19T22:30:00+00:00,Robert W. Plaster Stadium,Springfield,MO,False,37.21533,-93.29824,2026-09-19T22:00Z,OPEN_METEO_FORECAST,FORECAST,97.7,93.9,21,0,0.0,0.0,0.0,3,965.5,10.1,201,11.6
OPEN_METEO-FORECAST-401856689-20260918T003621Z,2026-09-17T17:36:21.355992-07:00,NCAA_Football,NCAA_Football,401856689,2026-09-19T23:00:00+00:00,Memorial Stadium,Columbia,MO,False,34.00071,-81.03481,2026-09-19T23:00Z,OPEN_METEO_FORECAST,FORECAST,84.4,88.6,59,64,0.0,0.0,0.0,1,1004.3,7.1,70,12.3
OPEN_METEO-FORECAST-401856687-20260918T003621Z,2026-09-17T17:36:21.355992-07:00,NCAA_Football,NCAA_Football,401856687,2026-09-19T23:00:00+00:00,Jordan-Hare Stadium,Auburn,AL,False,42.93173,-76.56605,2026-09-19T23:00Z,OPEN_METEO_FORECAST,FORECAST,54.8,52.2,62,0,0.0,0.0,0.0,3,996.3,1.3,360,1.8
OPEN_METEO-FORECAST-401856800-20260918T003621Z,2026-09-17T17:36:21.355992-07:00,NCAA_Football,NCAA_Football,401856800,2026-09-19T23:00:00+00:00,Acrisure Bounce House,Orlando,FL,False,28.53834,-81.37924,2026-09-19T23:00Z,OPEN_METEO_FORECAST,FORECAST,84.5,88.2,60,50,0.02,0.0,0.0,53,1008.2,8.9,80,9.2
OPEN_METEO-FORECAST-401856803-20260918T003621Z,2026-09-17T17:36:21.355992-07:00,NCAA_Football,NCAA_Football,401856803,2026-09-19T23:00:00+00:00,Boone Pickens Stadium,Stillwater,OK,False,36.11561,-97.05837,2026-09-19T23:00Z,OPEN_METEO_FORECAST,FORECAST,100.9,96.7,24,2,0.0,0.0,0.0,0,975.6,15.5,175,16.8
OPEN_METEO-FORECAST-401861963-20260918T003621Z,2026-09-17T17:36:21.355992-07:00,NCAA_Football,NCAA_Football,401861963,2026-09-19T23:00:00+00:00,M. M. Roberts Stadium,Hattiesburg,MS,False,31.32712,-89.29034,2026-09-19T23:00Z,OPEN_METEO_FORECAST,FORECAST,88.7,92.3,45,1,0.0,0.0,0.0,3,1005.6,4.1,248,6.9
OPEN_METEO-FORECAST-401862772-20260918T003621Z,2026-09-17T17:36:21.355992-07:00,NCAA_Football,NCAA_Football,401862772,2026-09-19T23:00:00+00:00,Simmons Bank Liberty Stadium,Memphis,TN,False,35.14953,-90.04898,2026-09-19T23:00Z,OPEN_METEO_FORECAST,FORECAST,100.6,101.5,22,0,0.0,0.0,0.0,0,1000.8,1.6,98,4.5
OPEN_METEO-FORECAST-401862773-20260918T003621Z,2026-09-17T17:36:21.355992-07:00,NCAA_Football,NCAA_Football,401862773,2026-09-19T23:00:00+00:00,Rice Stadium,Houston,TX,False,29.76328,-95.36327,2026-09-19T23:00Z,OPEN_METEO_FORECAST,FORECAST,90.9,90.9,39,1,0.0,0.0,0.0,0,1010.8,10.2,126,10.5
OPEN_METEO-FORECAST-401862777-20260918T003621Z,2026-09-17T17:36:21.355992-07:00,NCAA_Football,NCAA_Football,401862777,2026-09-19T23:00:00+00:00,Raymond James Stadium,Tampa,FL,False,27.94752,-82.45843,2026-09-19T23:00Z,OPEN_METEO_FORECAST,FORECAST,87.9,92.4,50,52,0.0,0.0,0.0,2,1011.2,4.8,139,5.1
OPEN_METEO-FORECAST-401864443-20260918T003621Z,2026-09-17T17:36:21.355992-07:00,NCAA_Football,NCAA_Football,401864443,2026-09-19T23:00:00+00:00,"Johnny ""Red"" Floyd Stadium",Murfreesboro,TN,False,35.84562,-86.39027,2026-09-19T23:00Z,OPEN_METEO_FORECAST,FORECAST,90.2,95.5,47,11,0.0,0.0,0.0,0,989.8,2.8,76,5.1
OPEN_METEO-FORECAST-401866423-20260918T003621Z,2026-09-17T17:36:21.355992-07:00,NCAA_Football,NCAA_Football,401866423,2026-09-19T23:00:00+00:00,Hancock Whitney Stadium,Mobile,AL,False,30.69436,-88.04305,2026-09-19T23:00Z,OPEN_METEO_FORECAST,FORECAST,88.4,90.6,51,6,0.0,0.0,0.0,1,1012.1,11.2,177,13.9
OPEN_METEO-FORECAST-401869948-20260918T003621Z,2026-09-17T17:36:21.355992-07:00,NCAA_Football,NCAA_Football,401869948,2026-09-19T23:00:00+00:00,AmFirst Stadium,Jacksonville,AL,False,30.33218,-81.65565,2026-09-19T23:00Z,OPEN_METEO_FORECAST,FORECAST,85.2,86.5,50,9,0.0,0.0,0.0,3,1013.0,9.6,91,11.4
OPEN_METEO-FORECAST-401870764-20260918T003621Z,2026-09-17T17:36:21.355992-07:00,NCAA_Football,NCAA_Football,401870764,2026-09-19T23:00:00+00:00,Elliott T. Bowers Stadium,Huntsville,TX,False,34.7304,-86.58594,2026-09-19T23:00Z,OPEN_METEO_FORECAST,FORECAST,91.7,96.1,42,6,0.0,0.0,0.0,3,989.3,2.9,122,3.4
OPEN_METEO-FORECAST-401858452-20260918T003621Z,2026-09-17T17:36:21.355992-07:00,NCAA_Football,NCAA_Football,401858452,2026-09-19T23:15:00+00:00,"Memorial Stadium (Lincoln, NE)",Lincoln,NE,False,40.8,-96.66696,2026-09-19T23:00Z,OPEN_METEO_FORECAST,FORECAST,73.5,73.9,78,27,0.0,0.0,0.0,3,967.5,13.5,12,13.9
OPEN_METEO-FORECAST-401858459-20260918T003621Z,2026-09-17T17:36:21.355992-07:00,NCAA_Football,NCAA_Football,401858459,2026-09-19T23:15:00+00:00,Husky Stadium,Seattle,WA,False,47.60621,-122.33207,2026-09-19T23:00Z,OPEN_METEO_FORECAST,FORECAST,75.5,72.6,37,0,0.0,0.0,0.0,3,1009.5,5.2,350,2.7
OPEN_METEO-FORECAST-401858453-20260918T003621Z,2026-09-17T17:36:21.355992-07:00,NCAA_Football,NCAA_Football,401858453,2026-09-19T23:30:00+00:00,Notre Dame Stadium,Notre Dame,IN,False,41.70019,-86.23793,2026-09-19T23:00Z,OPEN_METEO_FORECAST,FORECAST,61.0,60.4,94,82,0.008,0.008,0.0,51,989.1,8.8,120,17.0
OPEN_METEO-FORECAST-401856688-20260918T003621Z,2026-09-17T17:36:21.355992-07:00,NCAA_Football,NCAA_Football,401856688,2026-09-19T23:30:00+00:00,Vaught-Hemingway Stadium,Oxford,MS,False,34.3665,-89.51925,2026-09-19T23:00Z,OPEN_METEO_FORECAST,FORECAST,94.3,98.0,36,0,0.0,0.0,0.0,0,993.5,2.5,153,1.3
OPEN_METEO-FORECAST-401856795-20260918T003621Z,2026-09-17T17:36:21.355992-07:00,NCAA_Football,NCAA_Football,401856795,2026-09-19T23:30:00+00:00,Canvas Stadium,Fort Collins,CO,False,40.58526,-105.08442,2026-09-19T23:00Z,OPEN_METEO_FORECAST,FORECAST,62.9,60.5,66,81,0.0,0.0,0.0,3,845.2,6.7,4,7.8
OPEN_METEO-FORECAST-401856690-20260918T003621Z,2026-09-17T17:36:21.355992-07:00,NCAA_Football,NCAA_Football,401856690,2026-09-19T23:30:00+00:00,"Memorial Stadium (Norman, OK)",Norman,OK,False,35.22257,-97.43948,2026-09-19T23:00Z,OPEN_METEO_FORECAST,FORECAST,100.6,96.1,22,0,0.0,0.0,0.0,0,967.3,14.3,181,15.2
OPEN_METEO-FORECAST-401856802-20260918T003621Z,2026-09-17T17:36:21.355992-07:00,NCAA_Football,NCAA_Football,401856802,2026-09-19T23:30:00+00:00,Bank of America Stadium,Charlotte,NC,False,35.22709,-80.84313,2026-09-19T23:00Z,OPEN_METEO_FORECAST,FORECAST,74.6,81.7,91,37,0.028,0.0,0.0,53,986.7,4.5,72,11.6
OPEN_METEO-FORECAST-401856796-20260918T003621Z,2026-09-17T17:36:21.355992-07:00,NCAA_Football,NCAA_Football,401856796,2026-09-19T23:30:00+00:00,Northwestern Medicine Field at Martin Stadium,Evanston,IL,False,41.26828,-110.96324,2026-09-19T23:00Z,OPEN_METEO_FORECAST,FORECAST,62.4,50.4,26,36,0.0,0.0,0.0,0,796.9,17.6,263,17.4
OPEN_METEO-FORECAST-401858232-20260918T003621Z,2026-09-17T17:36:21.355992-07:00,NCAA_Football,NCAA_Football,401858232,2026-09-19T23:30:00+00:00,SECU Stadium,College Park,MD,False,38.98067,-76.93692,2026-09-19T23:00Z,OPEN_METEO_FORECAST,FORECAST,73.2,73.0,63,16,0.0,0.0,0.0,3,1016.4,8.4,110,13.2
OPEN_METEO-FORECAST-401856692-20260918T003621Z,2026-09-17T17:36:21.355992-07:00,NCAA_Football,NCAA_Football,401856692,2026-09-19T23:45:00+00:00,Neyland Stadium,Knoxville,TN,False,35.96064,-83.92074,2026-09-19T23:00Z,OPEN_METEO_FORECAST,FORECAST,72.4,77.4,97,17,0.457,0.433,0.0,82,980.8,9.2,288,11.4
OPEN_METEO-FORECAST-401816992-20260918T003621Z,2026-09-17T17:36:21.355992-07:00,MLB,MLB,401816992,2026-09-19T00:10:00+00:00,Coors Field,Denver,Colorado,False,39.73915,-104.9847,2026-09-19T00:00Z,OPEN_METEO_FORECAST,FORECAST,73.7,70.1,39,29,0.0,0.0,0.0,3,842.0,6.8,352,11.4
OPEN_METEO-FORECAST-401816991-20260918T003621Z,2026-09-17T17:36:21.355992-07:00,MLB,MLB,401816991,2026-09-19T00:15:00+00:00,Busch Stadium,St. Louis,Missouri,False,38.62727,-90.19789,2026-09-19T00:00Z,OPEN_METEO_FORECAST,FORECAST,81.0,87.9,74,16,0.0,0.0,0.0,2,999.6,5.3,78,7.6
OPEN_METEO-FORECAST-401816994-20260918T003621Z,2026-09-17T17:36:21.355992-07:00,MLB,MLB,401816994,2026-09-19T01:38:00+00:00,Angel Stadium,Anaheim,California,False,33.83529,-117.9145,2026-09-19T02:00Z,OPEN_METEO_FORECAST,FORECAST,72.7,73.5,63,0,0.0,0.0,0.0,0,1009.6,5.6,236,8.3
OPEN_METEO-FORECAST-401816993-20260918T003621Z,2026-09-17T17:36:21.355992-07:00,MLB,MLB,401816993,2026-09-19T01:40:00+00:00,Petco Park,San Diego,California,False,32.71571,-117.16472,2026-09-19T02:00Z,OPEN_METEO_FORECAST,FORECAST,68.4,69.3,75,0,0.0,0.0,0.0,0,1014.6,5.9,317,10.1
OPEN_METEO-FORECAST-401816996-20260918T003621Z,2026-09-17T17:36:21.355992-07:00,MLB,MLB,401816996,2026-09-19T02:10:00+00:00,Dodger Stadium,Los Angeles,California,False,34.05223,-118.24368,2026-09-19T02:00Z,OPEN_METEO_FORECAST,FORECAST,69.1,69.7,72,0,0.0,0.0,0.0,0,1004.2,6.4,260,9.6
OPEN_METEO-FORECAST-401817001-20260918T003621Z,2026-09-17T17:36:21.355992-07:00,MLB,MLB,401817001,2026-09-19T20:05:00+00:00,Oriole Park at Camden Yards,Baltimore,Maryland,False,39.29038,-76.61219,2026-09-19T20:00Z,OPEN_METEO_FORECAST,FORECAST,75.6,74.1,46,11,0.0,0.0,0.0,3,1015.9,6.1,100,7.2
OPEN_METEO-FORECAST-401817002-20260918T003621Z,2026-09-17T17:36:21.355992-07:00,MLB,MLB,401817002,2026-09-19T20:10:00+00:00,Citi Field,Queens,New York,False,40.68149,-73.83652,2026-09-19T20:00Z,OPEN_METEO_FORECAST,FORECAST,71.7,67.1,32,0,0.0,0.0,0.0,2,1020.0,5.6,124,4.9
OPEN_METEO-FORECAST-401816997-20260918T003621Z,2026-09-17T17:36:21.355992-07:00,MLB,MLB,401816997,2026-09-19T22:10:00+00:00,Progressive Field,Cleveland,Ohio,False,41.4995,-81.69541,2026-09-19T22:00Z,OPEN_METEO_FORECAST,FORECAST,67.2,67.0,66,19,0.004,0.004,0.0,51,994.2,4.4,45,6.9
OPEN_METEO-FORECAST-401816999-20260918T003621Z,2026-09-17T17:36:21.355992-07:00,MLB,MLB,401816999,2026-09-19T22:40:00+00:00,Great American Ball Park,Cincinnati,Ohio,False,39.12711,-84.51439,2026-09-19T23:00Z,OPEN_METEO_FORECAST,FORECAST,75.9,80.8,81,17,0.012,0.0,0.0,51,982.7,6.8,17,15.9
OPEN_METEO-FORECAST-401817000-20260918T003621Z,2026-09-17T17:36:21.355992-07:00,MLB,MLB,401817000,2026-09-19T22:40:00+00:00,PNC Park,Pittsburgh,Pennsylvania,False,40.44062,-79.99589,2026-09-19T23:00Z,OPEN_METEO_FORECAST,FORECAST,68.7,67.6,59,6,0.0,0.0,0.0,3,989.2,5.2,65,17.2
OPEN_METEO-FORECAST-401817004-20260918T003621Z,2026-09-17T17:36:21.355992-07:00,MLB,MLB,401817004,2026-09-19T23:10:00+00:00,Rate Field,Chicago,Illinois,False,41.85003,-87.65005,2026-09-19T23:00Z,OPEN_METEO_FORECAST,FORECAST,65.1,67.0,95,85,0.008,0.008,0.0,51,993.4,7.0,140,11.6
OPEN_METEO-FORECAST-401817006-20260918T003621Z,2026-09-17T17:36:21.355992-07:00,MLB,MLB,401817006,2026-09-19T23:15:00+00:00,Busch Stadium,St. Louis,Missouri,False,38.62727,-90.19789,2026-09-19T23:00Z,OPEN_METEO_FORECAST,FORECAST,88.7,90.1,38,2,0.0,0.0,0.0,3,995.3,4.5,81,9.4
OPEN_METEO-FORECAST-401817040-20260918T003621Z,2026-09-17T17:36:21.355992-07:00,MLB,MLB,401817040,2026-09-23T00:40:00+00:00,Coors Field,Denver,Colorado,False,39.73915,-104.9847,2026-09-23T01:00Z,OPEN_METEO_FORECAST,FORECAST,64.3,61.2,62,32,0.0,0.0,0.0,2,838.4,8.1,141,5.8
OPEN_METEO-FORECAST-401817041-20260918T003621Z,2026-09-17T17:36:21.355992-07:00,MLB,MLB,401817041,2026-09-23T01:40:00+00:00,Sutter Health Park,Sacramento,California,False,38.58157,-121.4944,2026-09-23T02:00Z,OPEN_METEO_FORECAST,FORECAST,82.2,79.6,34,0,0.0,0.0,0.0,0,1004.8,7.0,187,13.6
OPEN_METEO-FORECAST-401817043-20260918T003621Z,2026-09-17T17:36:21.355992-07:00,MLB,MLB,401817043,2026-09-23T01:45:00+00:00,Oracle Park,San Francisco,California,False,37.77493,-122.41942,2026-09-23T02:00Z,OPEN_METEO_FORECAST,FORECAST,64.9,64.0,72,0,0.0,0.0,0.0,2,1008.0,6.3,264,5.6
OPEN_METEO-FORECAST-401817044-20260918T003621Z,2026-09-17T17:36:21.355992-07:00,MLB,MLB,401817044,2026-09-23T02:10:00+00:00,Dodger Stadium,Los Angeles,California,False,34.05223,-118.24368,2026-09-23T02:00Z,OPEN_METEO_FORECAST,FORECAST,73.8,74.8,66,0,0.0,0.0,0.0,0,997.9,7.3,225,6.0
OPEN_METEO-FORECAST-401817051-20260918T003621Z,2026-09-17T17:36:21.355992-07:00,MLB,MLB,401817051,2026-09-23T17:10:00+00:00,Comerica Park,Detroit,Michigan,False,42.33143,-83.04575,2026-09-23T17:00Z,OPEN_METEO_FORECAST,FORECAST,60.2,60.1,85,23,0.0,0.0,0.0,3,997.0,4.7,329,6.9
OPEN_METEO-FORECAST-401817058-20260918T003621Z,2026-09-17T17:36:21.355992-07:00,MLB,MLB,401817058,2026-09-23T19:45:00+00:00,Oracle Park,San Francisco,California,False,37.77493,-122.41942,2026-09-23T20:00Z,OPEN_METEO_FORECAST,FORECAST,78.8,80.4,37,0,0.0,0.0,0.0,0,1008.6,3.8,277,4.9
OPEN_METEO-FORECAST-401817050-20260918T003621Z,2026-09-17T17:36:21.355992-07:00,MLB,MLB,401817050,2026-09-23T22:35:00+00:00,Oriole Park at Camden Yards,Baltimore,Maryland,False,39.29038,-76.61219,2026-09-23T23:00Z,OPEN_METEO_FORECAST,FORECAST,62.9,61.9,93,29,0.004,0.004,0.0,51,1019.0,11.2,77,25.7
OPEN_METEO-FORECAST-401817047-20260918T003621Z,2026-09-17T17:36:21.355992-07:00,MLB,MLB,401817047,2026-09-23T22:40:00+00:00,Citizens Bank Park,Philadelphia,Pennsylvania,False,39.95238,-75.16362,2026-09-23T23:00Z,OPEN_METEO_FORECAST,FORECAST,63.3,60.7,82,23,0.0,0.0,0.0,3,1022.3,12.3,71,25.7
OPEN_METEO-FORECAST-401817048-20260918T003621Z,2026-09-17T17:36:21.355992-07:00,MLB,MLB,401817048,2026-09-23T22:40:00+00:00,PNC Park,Pittsburgh,Pennsylvania,False,40.44062,-79.99589,2026-09-23T23:00Z,OPEN_METEO_FORECAST,FORECAST,60.9,60.4,94,37,0.004,0.0,0.0,51,992.0,8.4,122,20.6
OPEN_METEO-FORECAST-401817046-20260918T003621Z,2026-09-17T17:36:21.355992-07:00,MLB,MLB,401817046,2026-09-23T23:00:00+00:00,Fenway Park,Boston,Massachusetts,False,42.35843,-71.05977,2026-09-23T23:00Z,OPEN_METEO_FORECAST,FORECAST,57.8,50.3,71,12,0.0,0.0,0.0,3,1028.0,16.9,67,21.0
OPEN_METEO-FORECAST-401817049-20260918T003621Z,2026-09-17T17:36:21.355992-07:00,MLB,MLB,401817049,2026-09-23T23:05:00+00:00,Yankee Stadium,Bronx,New York,False,40.93815,-73.83208,2026-09-23T23:00Z,OPEN_METEO_FORECAST,FORECAST,59.9,54.7,79,21,0.004,0.004,0.0,51,1022.5,14.9,64,25.9
OPEN_METEO-FORECAST-401817045-20260918T003621Z,2026-09-17T17:36:21.355992-07:00,MLB,MLB,401817045,2026-09-23T23:15:00+00:00,Truist Park,Atlanta,Georgia,False,33.749,-84.38798,2026-09-23T23:00Z,OPEN_METEO_FORECAST,FORECAST,87.1,90.3,46,12,0.0,0.0,0.0,3,978.2,4.3,118,6.5
OPEN_METEO-FORECAST-401817052-20260918T003621Z,2026-09-17T17:36:21.355992-07:00,MLB,MLB,401817052,2026-09-23T23:40:00+00:00,Kauffman Stadium,Kansas City,Missouri,False,39.09973,-94.57857,2026-09-23T23:00Z,OPEN_METEO_FORECAST,FORECAST,67.3,64.0,52,3,0.0,0.0,0.0,3,990.4,7.3,59,12.3
OPEN_METEO-FORECAST-401817053-20260918T003621Z,2026-09-17T17:36:21.355992-07:00,MLB,MLB,401817053,2026-09-23T23:40:00+00:00,Wrigley Field,Chicago,Illinois,False,41.85003,-87.65005,2026-09-23T23:00Z,OPEN_METEO_FORECAST,FORECAST,60.3,56.8,78,3,0.004,0.0,0.0,51,1001.8,10.9,352,15.9
OPEN_METEO-FORECAST-401872947-20260918T003733Z,2026-09-17T17:37:33.210801-07:00,NFL,NFL,401872947,2026-09-22T00:15:00+00:00,SoFi Stadium,Inglewood,CA,False,33.96168,-118.35313,2026-09-22T00:00Z,OPEN_METEO_FORECAST,FORECAST,73.0,71.4,61,0,0.0,0.0,0.0,0,1005.1,10.8,253,5.6
OPEN_METEO-FORECAST-401873648-20260918T003733Z,2026-09-17T17:37:33.210801-07:00,MLB,MLB,401873648,2026-09-22T17:05:00+00:00,Yankee Stadium,Bronx,New York,False,40.93815,-73.83208,2026-09-22T17:00Z,OPEN_METEO_FORECAST,FORECAST,56.1,50.0,92,32,0.142,0.138,0.0,81,1018.6,17.4,72,28.9
OPEN_METEO-FORECAST-401817035-20260918T003733Z,2026-09-17T17:37:33.210801-07:00,MLB,MLB,401817035,2026-09-22T22:35:00+00:00,Oriole Park at Camden Yards,Baltimore,Maryland,False,39.29038,-76.61219,2026-09-22T23:00Z,OPEN_METEO_FORECAST,FORECAST,61.1,59.4,91,48,0.0,0.0,0.0,3,1015.6,10.8,56,27.1
OPEN_METEO-FORECAST-401817032-20260918T003733Z,2026-09-17T17:37:33.210801-07:00,MLB,MLB,401817032,2026-09-22T22:40:00+00:00,Citizens Bank Park,Philadelphia,Pennsylvania,False,39.95238,-75.16362,2026-09-22T23:00Z,OPEN_METEO_FORECAST,FORECAST,59.6,55.0,84,41,0.0,0.0,0.0,3,1019.1,14.7,69,29.5
OPEN_METEO-FORECAST-401817033-20260918T003733Z,2026-09-17T17:37:33.210801-07:00,MLB,MLB,401817033,2026-09-22T22:40:00+00:00,PNC Park,Pittsburgh,Pennsylvania,False,40.44062,-79.99589,2026-09-22T23:00Z,OPEN_METEO_FORECAST,FORECAST,67.8,69.9,85,57,0.0,0.0,0.0,3,988.5,6.1,96,12.8
OPEN_METEO-FORECAST-401817036-20260918T003733Z,2026-09-17T17:37:33.210801-07:00,MLB,MLB,401817036,2026-09-22T22:40:00+00:00,Comerica Park,Detroit,Michigan,False,42.33143,-83.04575,2026-09-22T23:00Z,OPEN_METEO_FORECAST,FORECAST,57.1,52.5,72,15,0.0,0.0,0.0,3,997.4,9.7,38,17.7
OPEN_METEO-FORECAST-401817031-20260918T003733Z,2026-09-17T17:37:33.210801-07:00,MLB,MLB,401817031,2026-09-22T22:45:00+00:00,Fenway Park,Boston,Massachusetts,False,42.35843,-71.05977,2026-09-22T23:00Z,OPEN_METEO_FORECAST,FORECAST,52.7,44.9,87,19,0.028,0.024,0.0,53,1024.8,17.8,55,22.4
OPEN_METEO-FORECAST-401817034-20260918T003733Z,2026-09-17T17:37:33.210801-07:00,MLB,MLB,401817034,2026-09-22T23:05:00+00:00,Yankee Stadium,Bronx,New York,False,40.93815,-73.83208,2026-09-22T23:00Z,OPEN_METEO_FORECAST,FORECAST,52.8,47.0,92,31,0.008,0.008,0.0,51,1019.9,14.1,54,26.2
OPEN_METEO-FORECAST-401817030-20260918T003733Z,2026-09-17T17:37:33.210801-07:00,MLB,MLB,401817030,2026-09-22T23:15:00+00:00,Truist Park,Atlanta,Georgia,False,33.749,-84.38798,2026-09-22T23:00Z,OPEN_METEO_FORECAST,FORECAST,88.7,93.4,43,41,0.004,0.004,0.0,51,975.6,0.2,270,4.0
OPEN_METEO-FORECAST-401817037-20260918T003733Z,2026-09-17T17:37:33.210801-07:00,MLB,MLB,401817037,2026-09-22T23:40:00+00:00,Kauffman Stadium,Kansas City,Missouri,False,39.09973,-94.57857,2026-09-22T23:00Z,OPEN_METEO_FORECAST,FORECAST,64.7,62.0,68,2,0.0,0.0,0.0,3,987.8,9.2,26,13.6
OPEN_METEO-FORECAST-401817038-20260918T003733Z,2026-09-17T17:37:33.210801-07:00,MLB,MLB,401817038,2026-09-22T23:40:00+00:00,Wrigley Field,Chicago,Illinois,False,41.85003,-87.65005,2026-09-22T23:00Z,OPEN_METEO_FORECAST,FORECAST,57.7,51.0,69,26,0.0,0.0,0.0,3,1000.2,14.4,36,17.9
OPEN_METEO-FORECAST-401817029-20260918T003733Z,2026-09-17T17:37:33.210801-07:00,MLB,MLB,401817029,2026-09-22T01:45:00+00:00,Oracle Park,San Francisco,California,False,37.77493,-122.41942,2026-09-22T02:00Z,OPEN_METEO_FORECAST,FORECAST,61.8,59.4,78,0,0.0,0.0,0.0,0,1010.1,9.4,237,9.2
OPEN_METEO-FORECAST-401858225-20260918T003733Z,2026-09-17T17:37:33.210801-07:00,NCAA_Football,NCAA_Football,401858225,2026-09-17T23:30:00+00:00,Acrisure Stadium,Pittsburgh,PA,False,40.44062,-79.99589,2026-09-17T23:00Z,OPEN_METEO_FORECAST,FORECAST,79.0,86.6,82,10,0.0,0.0,0.0,2,992.3,4.8,248,12.3
OPEN_METEO-FORECAST-401816975-20260918T003733Z,2026-09-17T17:37:33.210801-07:00,MLB,MLB,401816975,2026-09-17T16:35:00+00:00,PNC Park,Pittsburgh,Pennsylvania,False,40.44062,-79.99589,2026-09-17T17:00Z,OPEN_METEO_FORECAST,FORECAST,80.1,87.9,85,12,0.0,0.0,0.0,3,995.3,7.3,243,12.1
OPEN_METEO-FORECAST-401816974-20260918T003733Z,2026-09-17T17:37:33.210801-07:00,MLB,MLB,401816974,2026-09-17T16:40:00+00:00,Great American Ball Park,Cincinnati,Ohio,False,39.12711,-84.51439,2026-09-17T17:00Z,OPEN_METEO_FORECAST,FORECAST,89.5,97.3,57,0,0.0,0.0,0.0,0,993.0,7.9,278,15.7
OPEN_METEO-FORECAST-401816980-20260918T003733Z,2026-09-17T17:37:33.210801-07:00,MLB,MLB,401816980,2026-09-17T19:10:00+00:00,Coors Field,Denver,Colorado,False,39.73915,-104.9847,2026-09-17T19:00Z,OPEN_METEO_FORECAST,FORECAST,77.0,80.8,56,9,0.0,0.0,0.0,2,844.6,5.5,297,5.6
OPEN_METEO-FORECAST-401816976-20260918T003733Z,2026-09-17T17:37:33.210801-07:00,MLB,MLB,401816976,2026-09-17T23:15:00+00:00,Citi Field,Queens,New York,False,40.68149,-73.83652,2026-09-17T23:00Z,OPEN_METEO_FORECAST,FORECAST,75.4,82.0,81,1,0.0,0.0,0.0,3,1018.0,2.4,146,12.3
OPEN_METEO-FORECAST-401816978-20260918T003733Z,2026-09-17T17:37:33.210801-07:00,MLB,MLB,401816978,2026-09-17T23:40:00+00:00,Rate Field,Chicago,Illinois,False,41.85003,-87.65005,2026-09-17T23:00Z,OPEN_METEO_FORECAST,FORECAST,69.0,73.6,95,12,0.098,0.098,0.0,63,1000.3,5.2,342,14.8
OPEN_METEO-FORECAST-401869941-20260918T003733Z,2026-09-17T17:37:33.210801-07:00,NCAA_Football,NCAA_Football,401869941,2026-09-24T23:30:00+00:00,Brooks Stadium (SC),Conway,SC,False,35.0887,-92.4421,2026-09-24T23:00Z,OPEN_METEO_FORECAST,FORECAST,75.5,72.4,41,1,0.0,0.0,0.0,3,1009.4,7.6,32,16.8
OPEN_METEO-FORECAST-401817063-20260918T003733Z,2026-09-17T17:37:33.210801-07:00,MLB,MLB,401817063,2026-09-24T16:35:00+00:00,PNC Park,Pittsburgh,Pennsylvania,False,40.44062,-79.99589,2026-09-24T17:00Z,OPEN_METEO_FORECAST,FORECAST,65.8,66.4,72,22,0.0,0.0,0.0,3,992.5,3.5,215,6.5
OPEN_METEO-FORECAST-401817065-20260918T003733Z,2026-09-17T17:37:33.210801-07:00,MLB,MLB,401817065,2026-09-24T18:10:00+00:00,Kauffman Stadium,Kansas City,Missouri,False,39.09973,-94.57857,2026-09-24T18:00Z,OPEN_METEO_FORECAST,FORECAST,69.1,66.2,43,21,0.0,0.0,0.0,3,992.8,4.2,54,3.8
OPEN_METEO-FORECAST-401817066-20260918T003733Z,2026-09-17T17:37:33.210801-07:00,MLB,MLB,401817066,2026-09-24T18:20:00+00:00,Wrigley Field,Chicago,Illinois,False,41.85003,-87.65005,2026-09-24T18:00Z,OPEN_METEO_FORECAST,FORECAST,59.9,57.0,85,5,0.004,0.0,0.0,51,1002.9,10.8,339,15.0
OPEN_METEO-FORECAST-401817068-20260918T003733Z,2026-09-17T17:37:33.210801-07:00,MLB,MLB,401817068,2026-09-24T19:10:00+00:00,Coors Field,Denver,Colorado,False,39.73915,-104.9847,2026-09-24T19:00Z,OPEN_METEO_FORECAST,FORECAST,78.0,75.7,25,19,0.0,0.0,0.0,1,846.0,5.2,85,5.6
OPEN_METEO-FORECAST-401817062-20260918T003733Z,2026-09-17T17:37:33.210801-07:00,MLB,MLB,401817062,2026-09-24T22:05:00+00:00,Citizens Bank Park,Philadelphia,Pennsylvania,False,39.95238,-75.16362,2026-09-24T22:00Z,OPEN_METEO_FORECAST,FORECAST,62.7,62.0,95,14,0.039,0.012,0.0,55,1018.7,10.8,66,25.3
OPEN_METEO-FORECAST-401817061-20260918T003733Z,2026-09-17T17:37:33.210801-07:00,MLB,MLB,401817061,2026-09-24T22:45:00+00:00,Fenway Park,Boston,Massachusetts,False,42.35843,-71.05977,2026-09-24T23:00Z,OPEN_METEO_FORECAST,FORECAST,59.4,54.0,81,24,0.004,0.004,0.0,51,1024.1,15.4,62,17.7
OPEN_METEO-FORECAST-401817064-20260918T003733Z,2026-09-17T17:37:33.210801-07:00,MLB,MLB,401817064,2026-09-24T23:05:00+00:00,Yankee Stadium,Bronx,New York,False,40.93815,-73.83208,2026-09-24T23:00Z,OPEN_METEO_FORECAST,FORECAST,62.3,58.2,76,16,0.0,0.0,0.0,3,1019.0,13.0,63,23.3
OPEN_METEO-FORECAST-401817060-20260918T003733Z,2026-09-17T17:37:33.210801-07:00,MLB,MLB,401817060,2026-09-24T23:15:00+00:00,Truist Park,Atlanta,Georgia,False,33.749,-84.38798,2026-09-24T23:00Z,OPEN_METEO_FORECAST,FORECAST,77.8,80.8,65,4,0.0,0.0,0.0,2,978.5,6.2,339,10.3
OPEN_METEO-FORECAST-401817055-20260918T003733Z,2026-09-17T17:37:33.210801-07:00,MLB,MLB,401817055,2026-09-24T00:40:00+00:00,Coors Field,Denver,Colorado,False,39.73915,-104.9847,2026-09-24T01:00Z,OPEN_METEO_FORECAST,FORECAST,74.1,69.6,31,21,0.0,0.0,0.0,3,843.2,5.9,108,5.6
OPEN_METEO-FORECAST-401817056-20260918T003733Z,2026-09-17T17:37:33.210801-07:00,MLB,MLB,401817056,2026-09-24T01:40:00+00:00,Sutter Health Park,Sacramento,California,False,38.58157,-121.4944,2026-09-24T02:00Z,OPEN_METEO_FORECAST,FORECAST,89.1,83.6,13,0,0.0,0.0,0.0,0,1004.7,4.1,209,5.6
OPEN_METEO-FORECAST-401817059-20260918T003733Z,2026-09-17T17:37:33.210801-07:00,MLB,MLB,401817059,2026-09-24T02:10:00+00:00,Dodger Stadium,Los Angeles,California,False,34.05223,-118.24368,2026-09-24T02:00Z,OPEN_METEO_FORECAST,FORECAST,76.9,77.6,58,1,0.0,0.0,0.0,0,998.8,7.5,219,6.7
OPEN_METEO-FORECAST-401872932-20260918T003733Z,2026-09-17T17:37:33.210801-07:00,NFL,NFL,401872932,2026-09-18T00:15:00+00:00,Highmark Stadium,Orchard Park,NY,False,42.76756,-78.74392,2026-09-18T00:00Z,OPEN_METEO_FORECAST,FORECAST,67.2,70.4,88,0,0.0,0.0,0.0,2,989.1,3.8,90,6.5
OPEN_METEO-FORECAST-401858226-20260918T003733Z,2026-09-17T17:37:33.210801-07:00,NCAA_Football,NCAA_Football,401858226,2026-09-18T23:30:00+00:00,Allegacy Federal Credit Union Stadium,Winston-Salem,NC,False,36.09986,-80.24422,2026-09-18T23:00Z,OPEN_METEO_FORECAST,FORECAST,81.7,90.2,73,23,0.0,0.0,0.0,3,983.7,1.5,243,11.2
OPEN_METEO-FORECAST-401816984-20260918T003733Z,2026-09-17T17:37:33.210801-07:00,MLB,MLB,401816984,2026-09-18T22:40:00+00:00,Great American Ball Park,Cincinnati,Ohio,False,39.12711,-84.51439,2026-09-18T23:00Z,OPEN_METEO_FORECAST,FORECAST,76.9,79.8,75,6,0.0,0.0,0.0,0,988.3,10.1,22,16.1
OPEN_METEO-FORECAST-401816985-20260918T003733Z,2026-09-17T17:37:33.210801-07:00,MLB,MLB,401816985,2026-09-18T22:40:00+00:00,PNC Park,Pittsburgh,Pennsylvania,False,40.44062,-79.99589,2026-09-18T23:00Z,OPEN_METEO_FORECAST,FORECAST,71.2,74.1,76,0,0.0,0.0,0.0,3,991.8,4.3,360,9.8
OPEN_METEO-FORECAST-401816986-20260918T003733Z,2026-09-17T17:37:33.210801-07:00,MLB,MLB,401816986,2026-09-18T23:05:00+00:00,Oriole Park at Camden Yards,Baltimore,Maryland,False,39.29038,-76.61219,2026-09-18T23:00Z,OPEN_METEO_FORECAST,FORECAST,78.2,80.8,63,0,0.0,0.0,0.0,0,1014.6,6.4,350,13.0
OPEN_METEO-FORECAST-401816982-20260918T003733Z,2026-09-17T17:37:33.210801-07:00,MLB,MLB,401816982,2026-09-18T23:10:00+00:00,Progressive Field,Cleveland,Ohio,False,41.4995,-81.69541,2026-09-18T23:00Z,OPEN_METEO_FORECAST,FORECAST,69.4,67.1,62,0,0.0,0.0,0.0,3,998.2,9.9,18,14.8
OPEN_METEO-FORECAST-401816987-20260918T003733Z,2026-09-17T17:37:33.210801-07:00,MLB,MLB,401816987,2026-09-18T23:10:00+00:00,Citi Field,Queens,New York,False,40.68149,-73.83652,2026-09-18T23:00Z,OPEN_METEO_FORECAST,FORECAST,75.0,74.4,52,0,0.0,0.0,0.0,0,1016.3,6.0,13,14.1
OPEN_METEO-FORECAST-401816989-20260918T003733Z,2026-09-17T17:37:33.210801-07:00,MLB,MLB,401816989,2026-09-18T23:40:00+00:00,Rate Field,Chicago,Illinois,False,41.85003,-87.65005,2026-09-18T23:00Z,OPEN_METEO_FORECAST,FORECAST,65.0,64.2,78,3,0.0,0.0,0.0,3,999.9,8.1,90,16.6
OPEN_METEO-FORECAST-401816981-20260918T003733Z,2026-09-17T17:37:33.210801-07:00,MLB,MLB,401816981,2026-09-18T01:38:00+00:00,Angel Stadium,Anaheim,California,False,33.83529,-117.9145,2026-09-18T02:00Z,OPEN_METEO_FORECAST,FORECAST,73.5,73.4,59,0,0.0,0.0,0.0,0,1010.9,6.6,252,10.1
OPEN_METEO-FORECAST-401856811-20260918T003733Z,2026-09-17T17:37:33.210801-07:00,NCAA_Football,NCAA_Football,401856811,2026-09-19T00:00:00+00:00,Galaxy Stadium,Lubbock,TX,False,33.57786,-101.85517,2026-09-19T00:00Z,OPEN_METEO_FORECAST,FORECAST,89.1,86.2,30,1,0.0,0.0,0.0,0,909.0,9.4,180,13.0
OPEN_METEO-FORECAST-401858455-20260918T003733Z,2026-09-17T17:37:33.210801-07:00,NCAA_Football,NCAA_Football,401858455,2026-09-19T02:30:00+00:00,Autzen Stadium,Eugene,OR,False,44.05207,-123.08675,2026-09-19T02:00Z,OPEN_METEO_FORECAST,FORECAST,68.7,65.5,52,0,0.0,0.0,0.0,0,1004.1,7.8,294,13.9
OPEN_METEO-FORECAST-401869940-20260918T003733Z,2026-09-17T17:37:33.210801-07:00,NCAA_Football,NCAA_Football,401869940,2026-09-19T15:30:00+00:00,Delaware Stadium,Newark,DE,False,40.73566,-74.17237,2026-09-19T15:00Z,OPEN_METEO_FORECAST,FORECAST,63.7,59.3,48,0,0.0,0.0,0.0,3,1021.4,8.3,27,11.2
OPEN_METEO-FORECAST-401856686-20260918T003733Z,2026-09-17T17:37:33.210801-07:00,NCAA_Football,NCAA_Football,401856686,2026-09-19T16:00:00+00:00,Donald W. Reynolds Razorback Stadium,Fayetteville,AR,False,35.05266,-78.87836,2026-09-19T16:00Z,OPEN_METEO_FORECAST,FORECAST,82.2,88.1,73,15,0.0,0.0,0.0,2,1012.8,9.0,34,11.4
OPEN_METEO-FORECAST-401858454-20260918T003733Z,2026-09-17T17:37:33.210801-07:00,NCAA_Football,NCAA_Football,401858454,2026-09-19T16:00:00+00:00,Ohio Stadium,Columbus,OH,False,39.96118,-82.99879,2026-09-19T16:00Z,OPEN_METEO_FORECAST,FORECAST,69.3,72.3,79,6,0.0,0.0,0.0,3,991.8,3.6,102,7.8
OPEN_METEO-FORECAST-401858456-20260918T003733Z,2026-09-17T17:37:33.210801-07:00,NCAA_Football,NCAA_Football,401858456,2026-09-19T16:00:00+00:00,Beaver Stadium,University Park,PA,False,37.44188,-122.14302,2026-09-19T16:00Z,OPEN_METEO_FORECAST,FORECAST,60.1,60.3,82,0,0.0,0.0,0.0,2,1015.8,2.6,155,3.2
OPEN_METEO-FORECAST-401856792-20260918T003733Z,2026-09-17T17:37:33.210801-07:00,NCAA_Football,NCAA_Football,401856792,2026-09-19T16:00:00+00:00,Bill Snyder Family Stadium,Manhattan,KS,False,40.78343,-73.96625,2026-09-19T16:00Z,OPEN_METEO_FORECAST,FORECAST,66.0,61.7,42,0,0.0,0.0,0.0,2,1017.3,9.6,50,11.5
OPEN_METEO-FORECAST-401856798-20260918T003733Z,2026-09-17T17:37:33.210801-07:00,NCAA_Football,NCAA_Football,401856798,2026-09-19T16:00:00+00:00,Jack Trice Stadium,Ames,IA,False,42.03471,-93.61994,2026-09-19T16:00Z,OPEN_METEO_FORECAST,FORECAST,76.1,81.6,84,29,0.0,0.0,0.0,3,977.0,7.1,301,10.2
OPEN_METEO-FORECAST-401856812-20260918T003733Z,2026-09-17T17:37:33.210801-07:00,NCAA_Football,NCAA_Football,401856812,2026-09-19T16:00:00+00:00,Wembley Stadium,London,,False,39.88645,-83.44825,2026-09-19T16:00Z,OPEN_METEO_FORECAST,FORECAST,70.9,72.8,73,3,0.0,0.0,0.0,0,981.1,7.4,82,10.2
OPEN_METEO-FORECAST-401858228-20260918T003733Z,2026-09-17T17:37:33.210801-07:00,NCAA_Football,NCAA_Football,401858228,2026-09-19T16:00:00+00:00,Bobby Dodd Stadium,Atlanta,GA,False,33.749,-84.38798,2026-09-19T16:00Z,OPEN_METEO_FORECAST,FORECAST,90.2,97.0,45,1,0.0,0.0,0.0,0,980.1,2.3,287,3.9
OPEN_METEO-FORECAST-401858229-20260918T003733Z,2026-09-17T17:37:33.210801-07:00,NCAA_Football,NCAA_Football,401858229,2026-09-19T16:00:00+00:00,"Memorial Stadium (Clemson, SC)",Clemson,SC,False,34.68344,-82.83737,2026-09-19T16:00Z,OPEN_METEO_FORECAST,FORECAST,88.8,96.8,52,1,0.0,0.0,0.0,0,991.4,3.0,92,3.8
OPEN_METEO-FORECAST-401858451-20260918T003733Z,2026-09-17T17:37:33.210801-07:00,NCAA_Football,NCAA_Football,401858451,2026-09-19T16:00:00+00:00,Huntington Bank Stadium,Minneapolis,MN,False,44.97997,-93.26384,2026-09-19T16:00Z,OPEN_METEO_FORECAST,FORECAST,57.8,57.2,94,23,0.008,0.008,0.0,3,985.4,5.8,71,14.9
OPEN_METEO-FORECAST-401860889-20260918T003733Z,2026-09-17T17:37:33.210801-07:00,NCAA_Football,NCAA_Football,401860889,2026-09-19T16:00:00+00:00,UFCU Stadium,San Marcos,TX,False,29.88327,-97.94139,2026-09-19T16:00Z,OPEN_METEO_FORECAST,FORECAST,87.1,92.6,55,0,0.0,0.0,0.0,0,994.3,6.8,176,7.3
OPEN_METEO-FORECAST-401858460-20260918T003733Z,2026-09-17T17:37:33.210801-07:00,NCAA_Football,NCAA_Football,401858460,2026-09-19T16:30:00+00:00,Camp Randall Stadium,Madison,WI,False,43.07305,-89.40123,2026-09-19T16:00Z,OPEN_METEO_FORECAST,FORECAST,62.7,62.0,96,90,0.145,0.143,0.0,63,982.8,11.1,140,22.6
OPEN_METEO-FORECAST-401856695-20260918T003733Z,2026-09-17T17:37:33.210801-07:00,NCAA_Football,NCAA_Football,401856695,2026-09-19T16:45:00+00:00,FirstBank Stadium,Nashville,TN,False,36.16589,-86.78444,2026-09-19T17:00Z,OPEN_METEO_FORECAST,FORECAST,98.4,101.5,28,0,0.0,0.0,0.0,0,997.1,5.6,258,7.7
OPEN_METEO-FORECAST-401864508-20260918T003733Z,2026-09-17T17:37:33.210801-07:00,NCAA_Football,NCAA_Football,401864508,2026-09-19T17:00:00+00:00,Kelly/Shorts Stadium,Mount Pleasant,MI,False,43.59781,-84.76751,2026-09-19T17:00Z,OPEN_METEO_FORECAST,FORECAST,62.0,57.7,54,49,0.0,0.0,0.0,3,991.7,7.0,113,11.2
OPEN_METEO-FORECAST-401858227-20260918T003733Z,2026-09-17T17:37:33.210801-07:00,NCAA_Football,NCAA_Football,401858227,2026-09-19T18:00:00+00:00,"Alumni Stadium (Chestnut Hill, MA)",Chestnut Hill,MA,False,42.33065,-71.16616,2026-09-19T18:00Z,OPEN_METEO_FORECAST,FORECAST,62.5,57.9,39,0,0.0,0.0,0.0,3,1014.1,8.4,91,6.8
OPEN_METEO-FORECAST-401858448-20260918T003733Z,2026-09-17T17:37:33.210801-07:00,NCAA_Football,NCAA_Football,401858448,2026-09-19T18:00:00+00:00,Gies Memorial Stadium,Champaign,IL,False,40.11642,-88.24338,2026-09-19T18:00Z,OPEN_METEO_FORECAST,FORECAST,75.7,79.7,81,27,0.0,0.0,0.0,1,988.7,9.5,102,10.0
OPEN_METEO-FORECAST-401862774-20260918T003733Z,2026-09-17T17:37:33.210801-07:00,NCAA_Football,NCAA_Football,401862774,2026-09-19T19:00:00+00:00,Glass Bowl,Toledo,OH,False,41.66394,-83.55521,2026-09-19T19:00Z,OPEN_METEO_FORECAST,FORECAST,63.0,64.6,88,58,0.004,0.004,0.0,51,996.1,3.7,57,10.3
OPEN_METEO-FORECAST-401856694-20260918T003733Z,2026-09-17T17:37:33.210801-07:00,NCAA_Football,NCAA_Football,401856694,2026-09-19T19:30:00+00:00,Kyle Field,College Station,TX,False,30.62798,-96.33441,2026-09-19T19:00Z,OPEN_METEO_FORECAST,FORECAST,97.0,99.2,27,0,0.0,0.0,0.0,0,1000.7,8.2,139,9.2
OPEN_METEO-FORECAST-401856685-20260918T003733Z,2026-09-17T17:37:33.210801-07:00,NCAA_Football,NCAA_Football,401856685,2026-09-19T19:30:00+00:00,Bryant-Denny Stadium,Tuscaloosa,AL,False,33.20984,-87.56917,2026-09-19T19:00Z,OPEN_METEO_FORECAST,FORECAST,98.0,101.4,33,17,0.004,0.0,0.0,51,1005.3,3.8,36,4.3
OPEN_METEO-FORECAST-401858457-20260918T003733Z,2026-09-17T17:37:33.210801-07:00,NCAA_Football,NCAA_Football,401858457,2026-09-19T19:30:00+00:00,SHI Stadium,Piscataway,NJ,False,40.49927,-74.39904,2026-09-19T19:00Z,OPEN_METEO_FORECAST,FORECAST,68.6,63.0,33,0,0.0,0.0,0.0,3,1017.5,6.9,103,6.7
OPEN_METEO-FORECAST-401858230-20260918T003733Z,2026-09-17T17:37:33.210801-07:00,NCAA_Football,NCAA_Football,401858230,2026-09-19T19:30:00+00:00,L&N Federal Credit Union Stadium,Louisville,KY,False,38.25424,-85.75941,2026-09-19T19:00Z,OPEN_METEO_FORECAST,FORECAST,93.4,101.9,45,11,0.0,0.0,0.0,0,997.2,2.7,246,4.0
OPEN_METEO-FORECAST-401856801-20260918T003733Z,2026-09-17T17:37:33.210801-07:00,NCAA_Football,NCAA_Football,401856801,2026-09-19T19:30:00+00:00,Rice-Eccles Stadium,Salt Lake City,UT,False,40.76078,-111.89105,2026-09-19T19:00Z,OPEN_METEO_FORECAST,FORECAST,72.9,68.3,28,22,0.0,0.0,0.0,0,873.1,9.6,323,13.0
OPEN_METEO-FORECAST-401858450-20260918T003733Z,2026-09-17T17:37:33.210801-07:00,NCAA_Football,NCAA_Football,401858450,2026-09-19T19:30:00+00:00,Michigan Stadium,Ann Arbor,MI,False,42.27756,-83.74088,2026-09-19T19:00Z,OPEN_METEO_FORECAST,FORECAST,58.3,58.7,95,70,0.035,0.035,0.0,53,986.7,4.5,108,14.1
OPEN_METEO-FORECAST-401856797-20260918T003733Z,2026-09-17T17:37:33.210801-07:00,NCAA_Football,NCAA_Football,401856797,2026-09-19T19:30:00+00:00,TQL Stadium,Cincinnati,OH,False,39.12711,-84.51439,2026-09-19T19:00Z,OPEN_METEO_FORECAST,FORECAST,87.2,95.3,51,17,0.0,0.0,0.0,0,984.8,1.1,233,2.2
OPEN_METEO-FORECAST-401858233-20260918T003733Z,2026-09-17T17:37:33.210801-07:00,NCAA_Football,NCAA_Football,401858233,2026-09-19T19:30:00+00:00,California Memorial Stadium,Berkeley,CA,False,37.87159,-122.27275,2026-09-19T19:00Z,OPEN_METEO_FORECAST,FORECAST,74.2,75.8,49,0,0.0,0.0,0.0,0,1008.2,4.3,264,2.9
OPEN_METEO-FORECAST-401860890-20260918T003733Z,2026-09-17T17:37:33.210801-07:00,NCAA_Football,NCAA_Football,401860890,2026-09-19T19:30:00+00:00,Martin Stadium,Pullman,WA,False,46.73127,-117.17962,2026-09-19T19:00Z,OPEN_METEO_FORECAST,FORECAST,72.1,69.2,34,0,0.0,0.0,0.0,0,935.3,5.6,272,4.5
OPEN_METEO-FORECAST-401866424-20260918T003733Z,2026-09-17T17:37:33.210801-07:00,NCAA_Football,NCAA_Football,401866424,2026-09-19T19:30:00+00:00,Warren McGuirk Alumni Stadium,Amherst,MA,False,42.97839,-78.79976,2026-09-19T19:00Z,OPEN_METEO_FORECAST,FORECAST,68.4,63.0,31,5,0.0,0.0,0.0,3,999.3,7.2,86,8.3
OPEN_METEO-FORECAST-401858449-20260918T003733Z,2026-09-17T17:37:33.210801-07:00,NCAA_Football,NCAA_Football,401858449,2026-09-19T20:00:00+00:00,"Memorial Stadium (Bloomington, IN)",Bloomington,IN,False,39.16533,-86.52639,2026-09-19T20:00Z,OPEN_METEO_FORECAST,FORECAST,89.7,95.6,48,15,0.0,0.0,0.0,1,986.5,4.0,308,6.0
OPEN_METEO-FORECAST-401858471-20260918T003733Z,2026-09-17T17:37:33.210801-07:00,NCAA_Football,NCAA_Football,401858471,2026-09-19T20:00:00+00:00,Kinnick Stadium,Iowa City,IA,False,41.66113,-91.53017,2026-09-19T20:00Z,OPEN_METEO_FORECAST,FORECAST,79.9,84.2,73,33,0.0,0.0,0.0,3,987.0,9.4,208,13.6
OPEN_METEO-FORECAST-401858231-20260918T003733Z,2026-09-17T17:37:33.210801-07:00,NCAA_Football,NCAA_Football,401858231,2026-09-19T20:00:00+00:00,Wallace Wade Stadium,Durham,NC,False,35.99403,-78.89862,2026-09-19T20:00Z,OPEN_METEO_FORECAST,FORECAST,82.0,84.0,51,17,0.0,0.0,0.0,2,1002.3,5.4,88,7.2
OPEN_METEO-FORECAST-401866422-20260918T003733Z,2026-09-17T17:37:33.210801-07:00,NCAA_Football,NCAA_Football,401866422,2026-09-19T20:00:00+00:00,Williams Stadium (VA),Lynchburg,VA,False,37.41375,-79.14225,2026-09-19T20:00Z,OPEN_METEO_FORECAST,FORECAST,83.1,84.6,43,9,0.0,0.0,0.0,2,993.4,4.9,114,3.8
OPEN_METEO-FORECAST-401867804-20260918T003733Z,2026-09-17T17:37:33.210801-07:00,NCAA_Football,NCAA_Football,401867804,2026-09-19T20:00:00+00:00,McLane Stadium,Waco,TX,False,31.54933,-97.14667,2026-09-19T20:00Z,OPEN_METEO_FORECAST,FORECAST,99.1,99.2,23,0,0.0,0.0,0.0,0,994.6,9.7,161,10.1
OPEN_METEO-FORECAST-401856691-20260918T003733Z,2026-09-17T17:37:33.210801-07:00,NCAA_Football,NCAA_Football,401856691,2026-09-19T20:15:00+00:00,Williams-Brice Stadium,Columbia,SC,False,34.00071,-81.03481,2026-09-19T20:00Z,OPEN_METEO_FORECAST,FORECAST,87.6,93.6,55,64,0.008,0.0,0.0,51,1004.2,4.1,45,6.3
OPEN_METEO-FORECAST-401868317-20260918T003733Z,2026-09-17T17:37:33.210801-07:00,NCAA_Football,NCAA_Football,401868317,2026-09-19T20:30:00+00:00,Malone Stadium,Monroe,LA,False,32.50931,-92.1193,2026-09-19T20:00Z,OPEN_METEO_FORECAST,FORECAST,101.1,104.4,24,1,0.0,0.0,0.0,0,1009.9,4.3,168,6.5
OPEN_METEO-FORECAST-401862710-20260918T003733Z,2026-09-17T17:37:33.210801-07:00,NCAA_Football,NCAA_Football,401862710,2026-09-19T22:00:00+00:00,S.B. Ballard Stadium,Norfolk,VA,False,36.84681,-76.28522,2026-09-19T22:00Z,OPEN_METEO_FORECAST,FORECAST,78.0,78.2,58,2,0.0,0.0,0.0,0,1016.7,9.3,63,9.4
OPEN_METEO-FORECAST-401862771-20260918T003733Z,2026-09-17T17:37:33.210801-07:00,NCAA_Football,NCAA_Football,401862771,2026-09-19T22:00:00+00:00,Flagler Credit Union Stadium,Boca Raton,FL,False,26.35869,-80.0831,2026-09-19T22:00Z,OPEN_METEO_FORECAST,FORECAST,84.8,89.0,63,61,0.031,0.0,0.0,53,1011.8,9.9,85,8.7
OPEN_METEO-FORECAST-401864574-20260918T003733Z,2026-09-17T17:37:33.210801-07:00,NCAA_Football,NCAA_Football,401864574,2026-09-19T22:00:00+00:00,Kidd Brewer Stadium,Boone,NC,False,36.21679,-81.67455,2026-09-19T22:00Z,OPEN_METEO_FORECAST,FORECAST,69.6,73.6,86,49,0.0,0.0,0.0,3,906.1,4.0,142,5.4
OPEN_METEO-FORECAST-401871047-20260918T003733Z,2026-09-17T17:37:33.210801-07:00,NCAA_Football,NCAA_Football,401871047,2026-09-19T22:30:00+00:00,Robert W. Plaster Stadium,Springfield,MO,False,37.21533,-93.29824,2026-09-19T22:00Z,OPEN_METEO_FORECAST,FORECAST,97.7,93.9,21,0,0.0,0.0,0.0,3,965.5,10.1,201,11.6
OPEN_METEO-FORECAST-401856689-20260918T003733Z,2026-09-17T17:37:33.210801-07:00,NCAA_Football,NCAA_Football,401856689,2026-09-19T23:00:00+00:00,Memorial Stadium,Columbia,MO,False,34.00071,-81.03481,2026-09-19T23:00Z,OPEN_METEO_FORECAST,FORECAST,84.4,88.6,59,64,0.0,0.0,0.0,1,1004.3,7.1,70,12.3
OPEN_METEO-FORECAST-401856687-20260918T003733Z,2026-09-17T17:37:33.210801-07:00,NCAA_Football,NCAA_Football,401856687,2026-09-19T23:00:00+00:00,Jordan-Hare Stadium,Auburn,AL,False,42.93173,-76.56605,2026-09-19T23:00Z,OPEN_METEO_FORECAST,FORECAST,54.8,52.2,62,0,0.0,0.0,0.0,3,996.3,1.3,360,1.8
OPEN_METEO-FORECAST-401856800-20260918T003733Z,2026-09-17T17:37:33.210801-07:00,NCAA_Football,NCAA_Football,401856800,2026-09-19T23:00:00+00:00,Acrisure Bounce House,Orlando,FL,False,28.53834,-81.37924,2026-09-19T23:00Z,OPEN_METEO_FORECAST,FORECAST,84.5,88.2,60,50,0.02,0.0,0.0,53,1008.2,8.9,80,9.2
OPEN_METEO-FORECAST-401856803-20260918T003733Z,2026-09-17T17:37:33.210801-07:00,NCAA_Football,NCAA_Football,401856803,2026-09-19T23:00:00+00:00,Boone Pickens Stadium,Stillwater,OK,False,36.11561,-97.05837,2026-09-19T23:00Z,OPEN_METEO_FORECAST,FORECAST,100.9,96.7,24,2,0.0,0.0,0.0,0,975.6,15.5,175,16.8
OPEN_METEO-FORECAST-401861963-20260918T003733Z,2026-09-17T17:37:33.210801-07:00,NCAA_Football,NCAA_Football,401861963,2026-09-19T23:00:00+00:00,M. M. Roberts Stadium,Hattiesburg,MS,False,31.32712,-89.29034,2026-09-19T23:00Z,OPEN_METEO_FORECAST,FORECAST,88.7,92.3,45,1,0.0,0.0,0.0,3,1005.6,4.1,248,6.9
OPEN_METEO-FORECAST-401862772-20260918T003733Z,2026-09-17T17:37:33.210801-07:00,NCAA_Football,NCAA_Football,401862772,2026-09-19T23:00:00+00:00,Simmons Bank Liberty Stadium,Memphis,TN,False,35.14953,-90.04898,2026-09-19T23:00Z,OPEN_METEO_FORECAST,FORECAST,100.6,101.5,22,0,0.0,0.0,0.0,0,1000.8,1.6,98,4.5
OPEN_METEO-FORECAST-401862773-20260918T003733Z,2026-09-17T17:37:33.210801-07:00,NCAA_Football,NCAA_Football,401862773,2026-09-19T23:00:00+00:00,Rice Stadium,Houston,TX,False,29.76328,-95.36327,2026-09-19T23:00Z,OPEN_METEO_FORECAST,FORECAST,90.9,90.9,39,1,0.0,0.0,0.0,0,1010.8,10.2,126,10.5
OPEN_METEO-FORECAST-401862777-20260918T003733Z,2026-09-17T17:37:33.210801-07:00,NCAA_Football,NCAA_Football,401862777,2026-09-19T23:00:00+00:00,Raymond James Stadium,Tampa,FL,False,27.94752,-82.45843,2026-09-19T23:00Z,OPEN_METEO_FORECAST,FORECAST,87.9,92.4,50,52,0.0,0.0,0.0,2,1011.2,4.8,139,5.1
OPEN_METEO-FORECAST-401864443-20260918T003733Z,2026-09-17T17:37:33.210801-07:00,NCAA_Football,NCAA_Football,401864443,2026-09-19T23:00:00+00:00,"Johnny ""Red"" Floyd Stadium",Murfreesboro,TN,False,35.84562,-86.39027,2026-09-19T23:00Z,OPEN_METEO_FORECAST,FORECAST,90.2,95.5,47,11,0.0,0.0,0.0,0,989.8,2.8,76,5.1
OPEN_METEO-FORECAST-401866423-20260918T003733Z,2026-09-17T17:37:33.210801-07:00,NCAA_Football,NCAA_Football,401866423,2026-09-19T23:00:00+00:00,Hancock Whitney Stadium,Mobile,AL,False,30.69436,-88.04305,2026-09-19T23:00Z,OPEN_METEO_FORECAST,FORECAST,88.4,90.6,51,6,0.0,0.0,0.0,1,1012.1,11.2,177,13.9
OPEN_METEO-FORECAST-401869948-20260918T003733Z,2026-09-17T17:37:33.210801-07:00,NCAA_Football,NCAA_Football,401869948,2026-09-19T23:00:00+00:00,AmFirst Stadium,Jacksonville,AL,False,30.33218,-81.65565,2026-09-19T23:00Z,OPEN_METEO_FORECAST,FORECAST,85.2,86.5,50,9,0.0,0.0,0.0,3,1013.0,9.6,91,11.4
OPEN_METEO-FORECAST-401870764-20260918T003733Z,2026-09-17T17:37:33.210801-07:00,NCAA_Football,NCAA_Football,401870764,2026-09-19T23:00:00+00:00,Elliott T. Bowers Stadium,Huntsville,TX,False,34.7304,-86.58594,2026-09-19T23:00Z,OPEN_METEO_FORECAST,FORECAST,91.7,96.1,42,6,0.0,0.0,0.0,3,989.3,2.9,122,3.4
OPEN_METEO-FORECAST-401858452-20260918T003733Z,2026-09-17T17:37:33.210801-07:00,NCAA_Football,NCAA_Football,401858452,2026-09-19T23:15:00+00:00,"Memorial Stadium (Lincoln, NE)",Lincoln,NE,False,40.8,-96.66696,2026-09-19T23:00Z,OPEN_METEO_FORECAST,FORECAST,73.5,73.9,78,27,0.0,0.0,0.0,3,967.5,13.5,12,13.9
OPEN_METEO-FORECAST-401858459-20260918T003733Z,2026-09-17T17:37:33.210801-07:00,NCAA_Football,NCAA_Football,401858459,2026-09-19T23:15:00+00:00,Husky Stadium,Seattle,WA,False,47.60621,-122.33207,2026-09-19T23:00Z,OPEN_METEO_FORECAST,FORECAST,75.5,72.6,37,0,0.0,0.0,0.0,3,1009.5,5.2,350,2.7
OPEN_METEO-FORECAST-401858453-20260918T003733Z,2026-09-17T17:37:33.210801-07:00,NCAA_Football,NCAA_Football,401858453,2026-09-19T23:30:00+00:00,Notre Dame Stadium,Notre Dame,IN,False,41.70019,-86.23793,2026-09-19T23:00Z,OPEN_METEO_FORECAST,FORECAST,61.0,60.4,94,82,0.008,0.008,0.0,51,989.1,8.8,120,17.0
OPEN_METEO-FORECAST-401856688-20260918T003733Z,2026-09-17T17:37:33.210801-07:00,NCAA_Football,NCAA_Football,401856688,2026-09-19T23:30:00+00:00,Vaught-Hemingway Stadium,Oxford,MS,False,34.3665,-89.51925,2026-09-19T23:00Z,OPEN_METEO_FORECAST,FORECAST,94.3,98.0,36,0,0.0,0.0,0.0,0,993.5,2.5,153,1.3
OPEN_METEO-FORECAST-401856795-20260918T003733Z,2026-09-17T17:37:33.210801-07:00,NCAA_Football,NCAA_Football,401856795,2026-09-19T23:30:00+00:00,Canvas Stadium,Fort Collins,CO,False,40.58526,-105.08442,2026-09-19T23:00Z,OPEN_METEO_FORECAST,FORECAST,62.9,60.5,66,81,0.0,0.0,0.0,3,845.2,6.7,4,7.8
OPEN_METEO-FORECAST-401856690-20260918T003733Z,2026-09-17T17:37:33.210801-07:00,NCAA_Football,NCAA_Football,401856690,2026-09-19T23:30:00+00:00,"Memorial Stadium (Norman, OK)",Norman,OK,False,35.22257,-97.43948,2026-09-19T23:00Z,OPEN_METEO_FORECAST,FORECAST,100.6,96.1,22,0,0.0,0.0,0.0,0,967.3,14.3,181,15.2
OPEN_METEO-FORECAST-401856802-20260918T003733Z,2026-09-17T17:37:33.210801-07:00,NCAA_Football,NCAA_Football,401856802,2026-09-19T23:30:00+00:00,Bank of America Stadium,Charlotte,NC,False,35.22709,-80.84313,2026-09-19T23:00Z,OPEN_METEO_FORECAST,FORECAST,74.6,81.7,91,37,0.028,0.0,0.0,53,986.7,4.5,72,11.6
OPEN_METEO-FORECAST-401856796-20260918T003733Z,2026-09-17T17:37:33.210801-07:00,NCAA_Football,NCAA_Football,401856796,2026-09-19T23:30:00+00:00,Northwestern Medicine Field at Martin Stadium,Evanston,IL,False,41.26828,-110.96324,2026-09-19T23:00Z,OPEN_METEO_FORECAST,FORECAST,62.4,50.4,26,36,0.0,0.0,0.0,0,796.9,17.6,263,17.4
OPEN_METEO-FORECAST-401858232-20260918T003733Z,2026-09-17T17:37:33.210801-07:00,NCAA_Football,NCAA_Football,401858232,2026-09-19T23:30:00+00:00,SECU Stadium,College Park,MD,False,38.98067,-76.93692,2026-09-19T23:00Z,OPEN_METEO_FORECAST,FORECAST,73.2,73.0,63,16,0.0,0.0,0.0,3,1016.4,8.4,110,13.2
OPEN_METEO-FORECAST-401856692-20260918T003733Z,2026-09-17T17:37:33.210801-07:00,NCAA_Football,NCAA_Football,401856692,2026-09-19T23:45:00+00:00,Neyland Stadium,Knoxville,TN,False,35.96064,-83.92074,2026-09-19T23:00Z,OPEN_METEO_FORECAST,FORECAST,72.4,77.4,97,17,0.457,0.433,0.0,82,980.8,9.2,288,11.4
OPEN_METEO-FORECAST-401816992-20260918T003733Z,2026-09-17T17:37:33.210801-07:00,MLB,MLB,401816992,2026-09-19T00:10:00+00:00,Coors Field,Denver,Colorado,False,39.73915,-104.9847,2026-09-19T00:00Z,OPEN_METEO_FORECAST,FORECAST,73.7,70.1,39,29,0.0,0.0,0.0,3,842.0,6.8,352,11.4
OPEN_METEO-FORECAST-401816991-20260918T003733Z,2026-09-17T17:37:33.210801-07:00,MLB,MLB,401816991,2026-09-19T00:15:00+00:00,Busch Stadium,St. Louis,Missouri,False,38.62727,-90.19789,2026-09-19T00:00Z,OPEN_METEO_FORECAST,FORECAST,81.0,87.9,74,16,0.0,0.0,0.0,2,999.6,5.3,78,7.6
OPEN_METEO-FORECAST-401816994-20260918T003733Z,2026-09-17T17:37:33.210801-07:00,MLB,MLB,401816994,2026-09-19T01:38:00+00:00,Angel Stadium,Anaheim,California,False,33.83529,-117.9145,2026-09-19T02:00Z,OPEN_METEO_FORECAST,FORECAST,72.7,73.5,63,0,0.0,0.0,0.0,0,1009.6,5.6,236,8.3
OPEN_METEO-FORECAST-401816993-20260918T003733Z,2026-09-17T17:37:33.210801-07:00,MLB,MLB,401816993,2026-09-19T01:40:00+00:00,Petco Park,San Diego,California,False,32.71571,-117.16472,2026-09-19T02:00Z,OPEN_METEO_FORECAST,FORECAST,68.4,69.3,75,0,0.0,0.0,0.0,0,1014.6,5.9,317,10.1
OPEN_METEO-FORECAST-401816996-20260918T003733Z,2026-09-17T17:37:33.210801-07:00,MLB,MLB,401816996,2026-09-19T02:10:00+00:00,Dodger Stadium,Los Angeles,California,False,34.05223,-118.24368,2026-09-19T02:00Z,OPEN_METEO_FORECAST,FORECAST,69.1,69.7,72,0,0.0,0.0,0.0,0,1004.2,6.4,260,9.6
OPEN_METEO-FORECAST-401817001-20260918T003733Z,2026-09-17T17:37:33.210801-07:00,MLB,MLB,401817001,2026-09-19T20:05:00+00:00,Oriole Park at Camden Yards,Baltimore,Maryland,False,39.29038,-76.61219,2026-09-19T20:00Z,OPEN_METEO_FORECAST,FORECAST,75.6,74.1,46,11,0.0,0.0,0.0,3,1015.9,6.1,100,7.2
OPEN_METEO-FORECAST-401817002-20260918T003733Z,2026-09-17T17:37:33.210801-07:00,MLB,MLB,401817002,2026-09-19T20:10:00+00:00,Citi Field,Queens,New York,False,40.68149,-73.83652,2026-09-19T20:00Z,OPEN_METEO_FORECAST,FORECAST,71.7,67.1,32,0,0.0,0.0,0.0,2,1020.0,5.6,124,4.9
OPEN_METEO-FORECAST-401816997-20260918T003733Z,2026-09-17T17:37:33.210801-07:00,MLB,MLB,401816997,2026-09-19T22:10:00+00:00,Progressive Field,Cleveland,Ohio,False,41.4995,-81.69541,2026-09-19T22:00Z,OPEN_METEO_FORECAST,FORECAST,67.2,67.0,66,19,0.004,0.004,0.0,51,994.2,4.4,45,6.9
OPEN_METEO-FORECAST-401816999-20260918T003733Z,2026-09-17T17:37:33.210801-07:00,MLB,MLB,401816999,2026-09-19T22:40:00+00:00,Great American Ball Park,Cincinnati,Ohio,False,39.12711,-84.51439,2026-09-19T23:00Z,OPEN_METEO_FORECAST,FORECAST,75.9,80.8,81,17,0.012,0.0,0.0,51,982.7,6.8,17,15.9
OPEN_METEO-FORECAST-401817000-20260918T003733Z,2026-09-17T17:37:33.210801-07:00,MLB,MLB,401817000,2026-09-19T22:40:00+00:00,PNC Park,Pittsburgh,Pennsylvania,False,40.44062,-79.99589,2026-09-19T23:00Z,OPEN_METEO_FORECAST,FORECAST,68.7,67.6,59,6,0.0,0.0,0.0,3,989.2,5.2,65,17.2
OPEN_METEO-FORECAST-401817004-20260918T003733Z,2026-09-17T17:37:33.210801-07:00,MLB,MLB,401817004,2026-09-19T23:10:00+00:00,Rate Field,Chicago,Illinois,False,41.85003,-87.65005,2026-09-19T23:00Z,OPEN_METEO_FORECAST,FORECAST,65.1,67.0,95,85,0.008,0.008,0.0,51,993.4,7.0,140,11.6
OPEN_METEO-FORECAST-401817006-20260918T003733Z,2026-09-17T17:37:33.210801-07:00,MLB,MLB,401817006,2026-09-19T23:15:00+00:00,Busch Stadium,St. Louis,Missouri,False,38.62727,-90.19789,2026-09-19T23:00Z,OPEN_METEO_FORECAST,FORECAST,88.7,90.1,38,2,0.0,0.0,0.0,3,995.3,4.5,81,9.4
OPEN_METEO-FORECAST-401817040-20260918T003733Z,2026-09-17T17:37:33.210801-07:00,MLB,MLB,401817040,2026-09-23T00:40:00+00:00,Coors Field,Denver,Colorado,False,39.73915,-104.9847,2026-09-23T01:00Z,OPEN_METEO_FORECAST,FORECAST,64.3,61.2,62,32,0.0,0.0,0.0,2,838.4,8.1,141,5.8
OPEN_METEO-FORECAST-401817041-20260918T003733Z,2026-09-17T17:37:33.210801-07:00,MLB,MLB,401817041,2026-09-23T01:40:00+00:00,Sutter Health Park,Sacramento,California,False,38.58157,-121.4944,2026-09-23T02:00Z,OPEN_METEO_FORECAST,FORECAST,82.2,79.6,34,0,0.0,0.0,0.0,0,1004.8,7.0,187,13.6
OPEN_METEO-FORECAST-401817043-20260918T003733Z,2026-09-17T17:37:33.210801-07:00,MLB,MLB,401817043,2026-09-23T01:45:00+00:00,Oracle Park,San Francisco,California,False,37.77493,-122.41942,2026-09-23T02:00Z,OPEN_METEO_FORECAST,FORECAST,64.9,64.0,72,0,0.0,0.0,0.0,2,1008.0,6.3,264,5.6
OPEN_METEO-FORECAST-401817044-20260918T003733Z,2026-09-17T17:37:33.210801-07:00,MLB,MLB,401817044,2026-09-23T02:10:00+00:00,Dodger Stadium,Los Angeles,California,False,34.05223,-118.24368,2026-09-23T02:00Z,OPEN_METEO_FORECAST,FORECAST,73.8,74.8,66,0,0.0,0.0,0.0,0,997.9,7.3,225,6.0
OPEN_METEO-FORECAST-401817051-20260918T003733Z,2026-09-17T17:37:33.210801-07:00,MLB,MLB,401817051,2026-09-23T17:10:00+00:00,Comerica Park,Detroit,Michigan,False,42.33143,-83.04575,2026-09-23T17:00Z,OPEN_METEO_FORECAST,FORECAST,60.2,60.1,85,23,0.0,0.0,0.0,3,997.0,4.7,329,6.9
OPEN_METEO-FORECAST-401817058-20260918T003733Z,2026-09-17T17:37:33.210801-07:00,MLB,MLB,401817058,2026-09-23T19:45:00+00:00,Oracle Park,San Francisco,California,False,37.77493,-122.41942,2026-09-23T20:00Z,OPEN_METEO_FORECAST,FORECAST,78.8,80.4,37,0,0.0,0.0,0.0,0,1008.6,3.8,277,4.9
OPEN_METEO-FORECAST-401817050-20260918T003733Z,2026-09-17T17:37:33.210801-07:00,MLB,MLB,401817050,2026-09-23T22:35:00+00:00,Oriole Park at Camden Yards,Baltimore,Maryland,False,39.29038,-76.61219,2026-09-23T23:00Z,OPEN_METEO_FORECAST,FORECAST,62.9,61.9,93,29,0.004,0.004,0.0,51,1019.0,11.2,77,25.7
OPEN_METEO-FORECAST-401817047-20260918T003733Z,2026-09-17T17:37:33.210801-07:00,MLB,MLB,401817047,2026-09-23T22:40:00+00:00,Citizens Bank Park,Philadelphia,Pennsylvania,False,39.95238,-75.16362,2026-09-23T23:00Z,OPEN_METEO_FORECAST,FORECAST,63.3,60.7,82,23,0.0,0.0,0.0,3,1022.3,12.3,71,25.7
OPEN_METEO-FORECAST-401817048-20260918T003733Z,2026-09-17T17:37:33.210801-07:00,MLB,MLB,401817048,2026-09-23T22:40:00+00:00,PNC Park,Pittsburgh,Pennsylvania,False,40.44062,-79.99589,2026-09-23T23:00Z,OPEN_METEO_FORECAST,FORECAST,60.9,60.4,94,37,0.004,0.0,0.0,51,992.0,8.4,122,20.6
OPEN_METEO-FORECAST-401817046-20260918T003733Z,2026-09-17T17:37:33.210801-07:00,MLB,MLB,401817046,2026-09-23T23:00:00+00:00,Fenway Park,Boston,Massachusetts,False,42.35843,-71.05977,2026-09-23T23:00Z,OPEN_METEO_FORECAST,FORECAST,57.8,50.3,71,12,0.0,0.0,0.0,3,1028.0,16.9,67,21.0
OPEN_METEO-FORECAST-401817049-20260918T003733Z,2026-09-17T17:37:33.210801-07:00,MLB,MLB,401817049,2026-09-23T23:05:00+00:00,Yankee Stadium,Bronx,New York,False,40.93815,-73.83208,2026-09-23T23:00Z,OPEN_METEO_FORECAST,FORECAST,59.9,54.7,79,21,0.004,0.004,0.0,51,1022.5,14.9,64,25.9
OPEN_METEO-FORECAST-401817045-20260918T003733Z,2026-09-17T17:37:33.210801-07:00,MLB,MLB,401817045,2026-09-23T23:15:00+00:00,Truist Park,Atlanta,Georgia,False,33.749,-84.38798,2026-09-23T23:00Z,OPEN_METEO_FORECAST,FORECAST,87.1,90.3,46,12,0.0,0.0,0.0,3,978.2,4.3,118,6.5
OPEN_METEO-FORECAST-401817052-20260918T003733Z,2026-09-17T17:37:33.210801-07:00,MLB,MLB,401817052,2026-09-23T23:40:00+00:00,Kauffman Stadium,Kansas City,Missouri,False,39.09973,-94.57857,2026-09-23T23:00Z,OPEN_METEO_FORECAST,FORECAST,67.3,64.0,52,3,0.0,0.0,0.0,3,990.4,7.3,59,12.3
OPEN_METEO-FORECAST-401817053-20260918T003733Z,2026-09-17T17:37:33.210801-07:00,MLB,MLB,401817053,2026-09-23T23:40:00+00:00,Wrigley Field,Chicago,Illinois,False,41.85003,-87.65005,2026-09-23T23:00Z,OPEN_METEO_FORECAST,FORECAST,60.3,56.8,78,3,0.004,0.0,0.0,51,1001.8,10.9,352,15.9
OPEN_METEO-FORECAST-401872948-20260918T004135Z,2026-09-17T17:41:35.311857-07:00,NFL,NFL,401872948,2026-09-25T00:15:00+00:00,Lambeau Field,Green Bay,WI,False,44.51916,-88.01983,2026-09-25T00:00Z,OPEN_METEO_FORECAST,FORECAST,55.0,52.6,69,4,0.0,0.0,0.0,0,1004.2,2.7,114,6.7
OPEN_METEO-FORECAST-401817070-20260918T004135Z,2026-09-17T17:41:35.311857-07:00,MLB,MLB,401817070,2026-09-25T01:40:00+00:00,Sutter Health Park,Sacramento,California,False,38.58157,-121.4944,2026-09-25T02:00Z,OPEN_METEO_FORECAST,FORECAST,86.2,79.5,17,0,0.0,0.0,0.0,3,1006.1,8.4,212,15.2
OPEN_METEO-FORECAST-401817071-20260918T004135Z,2026-09-17T17:41:35.311857-07:00,MLB,MLB,401817071,2026-09-25T02:10:00+00:00,Dodger Stadium,Los Angeles,California,False,34.05223,-118.24368,2026-09-25T02:00Z,OPEN_METEO_FORECAST,FORECAST,74.3,75.3,65,2,0.0,0.0,0.0,2,1000.6,7.4,237,5.8
OPEN_METEO-FORECAST-401872945-20260918T004135Z,2026-09-17T17:41:35.311857-07:00,NFL,NFL,401872945,2026-09-21T00:20:00+00:00,Arrowhead Stadium,Kansas City,MO,False,39.09973,-94.57857,2026-09-21T00:00Z,OPEN_METEO_FORECAST,FORECAST,75.2,77.2,75,38,0.0,0.0,0.0,3,978.8,10.4,353,14.1
OPEN_METEO-FORECAST-401817027-20260918T004135Z,2026-09-17T17:41:35.311857-07:00,MLB,MLB,401817027,2026-09-21T22:35:00+00:00,Oriole Park at Camden Yards,Baltimore,Maryland,False,39.29038,-76.61219,2026-09-21T23:00Z,OPEN_METEO_FORECAST,FORECAST,66.8,67.0,82,40,0.004,0.0,0.0,51,1014.2,8.6,37,12.3
OPEN_METEO-FORECAST-401817028-20260918T004135Z,2026-09-17T17:41:35.311857-07:00,MLB,MLB,401817028,2026-09-21T22:40:00+00:00,Comerica Park,Detroit,Michigan,False,42.33143,-83.04575,2026-09-21T23:00Z,OPEN_METEO_FORECAST,FORECAST,63.1,57.3,56,27,0.0,0.0,0.0,3,997.2,12.0,76,27.5
OPEN_METEO-FORECAST-401858225-20260918T004135Z,2026-09-17T17:41:35.311857-07:00,NCAA_Football,NCAA_Football,401858225,2026-09-17T23:30:00+00:00,Acrisure Stadium,Pittsburgh,PA,False,40.44062,-79.99589,2026-09-17T23:00Z,OPEN_METEO_FORECAST,FORECAST,79.0,86.6,82,10,0.0,0.0,0.0,2,992.3,4.8,248,12.3
OPEN_METEO-FORECAST-401816975-20260918T004135Z,2026-09-17T17:41:35.311857-07:00,MLB,MLB,401816975,2026-09-17T16:35:00+00:00,PNC Park,Pittsburgh,Pennsylvania,False,40.44062,-79.99589,2026-09-17T17:00Z,OPEN_METEO_FORECAST,FORECAST,80.1,87.9,85,12,0.0,0.0,0.0,3,995.3,7.3,243,12.1
OPEN_METEO-FORECAST-401816974-20260918T004135Z,2026-09-17T17:41:35.311857-07:00,MLB,MLB,401816974,2026-09-17T16:40:00+00:00,Great American Ball Park,Cincinnati,Ohio,False,39.12711,-84.51439,2026-09-17T17:00Z,OPEN_METEO_FORECAST,FORECAST,89.5,97.3,57,0,0.0,0.0,0.0,0,993.0,7.9,278,15.7
OPEN_METEO-FORECAST-401816980-20260918T004135Z,2026-09-17T17:41:35.311857-07:00,MLB,MLB,401816980,2026-09-17T19:10:00+00:00,Coors Field,Denver,Colorado,False,39.73915,-104.9847,2026-09-17T19:00Z,OPEN_METEO_FORECAST,FORECAST,77.0,80.8,56,9,0.0,0.0,0.0,2,844.6,5.5,297,5.6
OPEN_METEO-FORECAST-401816976-20260918T004135Z,2026-09-17T17:41:35.311857-07:00,MLB,MLB,401816976,2026-09-17T23:15:00+00:00,Citi Field,Queens,New York,False,40.68149,-73.83652,2026-09-17T23:00Z,OPEN_METEO_FORECAST,FORECAST,75.4,82.0,81,1,0.0,0.0,0.0,3,1018.0,2.4,146,12.3
OPEN_METEO-FORECAST-401816978-20260918T004135Z,2026-09-17T17:41:35.311857-07:00,MLB,MLB,401816978,2026-09-17T23:40:00+00:00,Rate Field,Chicago,Illinois,False,41.85003,-87.65005,2026-09-17T23:00Z,OPEN_METEO_FORECAST,FORECAST,69.0,73.6,95,12,0.098,0.098,0.0,63,1000.3,5.2,342,14.8
OPEN_METEO-FORECAST-401872932-20260918T004135Z,2026-09-17T17:41:35.311857-07:00,NFL,NFL,401872932,2026-09-18T00:15:00+00:00,Highmark Stadium,Orchard Park,NY,False,42.76756,-78.74392,2026-09-18T00:00Z,OPEN_METEO_FORECAST,FORECAST,67.2,70.4,88,0,0.0,0.0,0.0,2,989.1,3.8,90,6.5
OPEN_METEO-FORECAST-401858226-20260918T004135Z,2026-09-17T17:41:35.311857-07:00,NCAA_Football,NCAA_Football,401858226,2026-09-18T23:30:00+00:00,Allegacy Federal Credit Union Stadium,Winston-Salem,NC,False,36.09986,-80.24422,2026-09-18T23:00Z,OPEN_METEO_FORECAST,FORECAST,81.7,90.2,73,23,0.0,0.0,0.0,3,983.7,1.5,243,11.2
OPEN_METEO-FORECAST-401816984-20260918T004135Z,2026-09-17T17:41:35.311857-07:00,MLB,MLB,401816984,2026-09-18T22:40:00+00:00,Great American Ball Park,Cincinnati,Ohio,False,39.12711,-84.51439,2026-09-18T23:00Z,OPEN_METEO_FORECAST,FORECAST,76.9,79.8,75,6,0.0,0.0,0.0,0,988.3,10.1,22,16.1
OPEN_METEO-FORECAST-401816985-20260918T004135Z,2026-09-17T17:41:35.311857-07:00,MLB,MLB,401816985,2026-09-18T22:40:00+00:00,PNC Park,Pittsburgh,Pennsylvania,False,40.44062,-79.99589,2026-09-18T23:00Z,OPEN_METEO_FORECAST,FORECAST,71.2,74.1,76,0,0.0,0.0,0.0,3,991.8,4.3,360,9.8
OPEN_METEO-FORECAST-401816986-20260918T004135Z,2026-09-17T17:41:35.311857-07:00,MLB,MLB,401816986,2026-09-18T23:05:00+00:00,Oriole Park at Camden Yards,Baltimore,Maryland,False,39.29038,-76.61219,2026-09-18T23:00Z,OPEN_METEO_FORECAST,FORECAST,78.2,80.8,63,0,0.0,0.0,0.0,0,1014.6,6.4,350,13.0
OPEN_METEO-FORECAST-401816982-20260918T004135Z,2026-09-17T17:41:35.311857-07:00,MLB,MLB,401816982,2026-09-18T23:10:00+00:00,Progressive Field,Cleveland,Ohio,False,41.4995,-81.69541,2026-09-18T23:00Z,OPEN_METEO_FORECAST,FORECAST,69.4,67.1,62,0,0.0,0.0,0.0,3,998.2,9.9,18,14.8
OPEN_METEO-FORECAST-401816987-20260918T004135Z,2026-09-17T17:41:35.311857-07:00,MLB,MLB,401816987,2026-09-18T23:10:00+00:00,Citi Field,Queens,New York,False,40.68149,-73.83652,2026-09-18T23:00Z,OPEN_METEO_FORECAST,FORECAST,75.0,74.4,52,0,0.0,0.0,0.0,0,1016.3,6.0,13,14.1
OPEN_METEO-FORECAST-401816989-20260918T004135Z,2026-09-17T17:41:35.311857-07:00,MLB,MLB,401816989,2026-09-18T23:40:00+00:00,Rate Field,Chicago,Illinois,False,41.85003,-87.65005,2026-09-18T23:00Z,OPEN_METEO_FORECAST,FORECAST,65.0,64.2,78,3,0.0,0.0,0.0,3,999.9,8.1,90,16.6
OPEN_METEO-FORECAST-401816981-20260918T004135Z,2026-09-17T17:41:35.311857-07:00,MLB,MLB,401816981,2026-09-18T01:38:00+00:00,Angel Stadium,Anaheim,California,False,33.83529,-117.9145,2026-09-18T02:00Z,OPEN_METEO_FORECAST,FORECAST,73.5,73.4,59,0,0.0,0.0,0.0,0,1010.9,6.6,252,10.1
OPEN_METEO-FORECAST-401869941-20260918T004135Z,2026-09-17T17:41:35.311857-07:00,NCAA_Football,NCAA_Football,401869941,2026-09-24T23:30:00+00:00,Brooks Stadium (SC),Conway,SC,False,35.0887,-92.4421,2026-09-24T23:00Z,OPEN_METEO_FORECAST,FORECAST,75.5,72.4,41,1,0.0,0.0,0.0,3,1007.4,7.6,32,11.6
OPEN_METEO-FORECAST-401817063-20260918T004135Z,2026-09-17T17:41:35.311857-07:00,MLB,MLB,401817063,2026-09-24T16:35:00+00:00,PNC Park,Pittsburgh,Pennsylvania,False,40.44062,-79.99589,2026-09-24T17:00Z,OPEN_METEO_FORECAST,FORECAST,65.8,66.4,72,22,0.0,0.0,0.0,3,994.5,3.5,215,8.5
OPEN_METEO-FORECAST-401817065-20260918T004135Z,2026-09-17T17:41:35.311857-07:00,MLB,MLB,401817065,2026-09-24T18:10:00+00:00,Kauffman Stadium,Kansas City,Missouri,False,39.09973,-94.57857,2026-09-24T18:00Z,OPEN_METEO_FORECAST,FORECAST,69.1,66.2,43,21,0.0,0.0,0.0,3,991.5,4.2,54,8.1
OPEN_METEO-FORECAST-401817066-20260918T004135Z,2026-09-17T17:41:35.311857-07:00,MLB,MLB,401817066,2026-09-24T18:20:00+00:00,Wrigley Field,Chicago,Illinois,False,41.85003,-87.65005,2026-09-24T18:00Z,OPEN_METEO_FORECAST,FORECAST,59.9,57.0,85,5,0.004,0.0,0.0,51,1003.7,10.8,339,12.1
OPEN_METEO-FORECAST-401817068-20260918T004135Z,2026-09-17T17:41:35.311857-07:00,MLB,MLB,401817068,2026-09-24T19:10:00+00:00,Coors Field,Denver,Colorado,False,39.73915,-104.9847,2026-09-24T19:00Z,OPEN_METEO_FORECAST,FORECAST,78.0,75.7,25,19,0.0,0.0,0.0,1,846.4,5.2,85,4.5
OPEN_METEO-FORECAST-401817062-20260918T004135Z,2026-09-17T17:41:35.311857-07:00,MLB,MLB,401817062,2026-09-24T22:05:00+00:00,Citizens Bank Park,Philadelphia,Pennsylvania,False,39.95238,-75.16362,2026-09-24T22:00Z,OPEN_METEO_FORECAST,FORECAST,62.7,62.0,95,14,0.039,0.012,0.0,55,1021.7,10.8,66,8.5
OPEN_METEO-FORECAST-401817061-20260918T004135Z,2026-09-17T17:41:35.311857-07:00,MLB,MLB,401817061,2026-09-24T22:45:00+00:00,Fenway Park,Boston,Massachusetts,False,42.35843,-71.05977,2026-09-24T23:00Z,OPEN_METEO_FORECAST,FORECAST,59.4,54.0,81,24,0.004,0.004,0.0,51,1023.1,15.4,62,16.1
OPEN_METEO-FORECAST-401817064-20260918T004135Z,2026-09-17T17:41:35.311857-07:00,MLB,MLB,401817064,2026-09-24T23:05:00+00:00,Yankee Stadium,Bronx,New York,False,40.93815,-73.83208,2026-09-24T23:00Z,OPEN_METEO_FORECAST,FORECAST,62.3,58.2,76,16,0.0,0.0,0.0,3,1019.7,13.0,63,14.1
OPEN_METEO-FORECAST-401817060-20260918T004135Z,2026-09-17T17:41:35.311857-07:00,MLB,MLB,401817060,2026-09-24T23:15:00+00:00,Truist Park,Atlanta,Georgia,False,33.749,-84.38798,2026-09-24T23:00Z,OPEN_METEO_FORECAST,FORECAST,77.8,80.8,65,4,0.0,0.0,0.0,2,979.7,6.2,339,7.2
OPEN_METEO-FORECAST-401817055-20260918T004135Z,2026-09-17T17:41:35.311857-07:00,MLB,MLB,401817055,2026-09-24T00:40:00+00:00,Coors Field,Denver,Colorado,False,39.73915,-104.9847,2026-09-24T01:00Z,OPEN_METEO_FORECAST,FORECAST,74.1,69.6,31,21,0.0,0.0,0.0,3,843.3,5.9,108,13.9
OPEN_METEO-FORECAST-401817056-20260918T004135Z,2026-09-17T17:41:35.311857-07:00,MLB,MLB,401817056,2026-09-24T01:40:00+00:00,Sutter Health Park,Sacramento,California,False,38.58157,-121.4944,2026-09-24T02:00Z,OPEN_METEO_FORECAST,FORECAST,89.1,83.6,13,0,0.0,0.0,0.0,0,1004.8,4.1,209,7.6
OPEN_METEO-FORECAST-401817059-20260918T004135Z,2026-09-17T17:41:35.311857-07:00,MLB,MLB,401817059,2026-09-24T02:10:00+00:00,Dodger Stadium,Los Angeles,California,False,34.05223,-118.24368,2026-09-24T02:00Z,OPEN_METEO_FORECAST,FORECAST,76.9,77.6,58,1,0.0,0.0,0.0,0,998.8,7.5,219,5.1
OPEN_METEO-FORECAST-401872937-20260918T004135Z,2026-09-17T17:41:35.311857-07:00,NFL,NFL,401872937,2026-09-20T17:00:00+00:00,Soldier Field,Chicago,IL,False,41.85003,-87.65005,2026-09-20T17:00Z,OPEN_METEO_FORECAST,FORECAST,64.9,65.9,96,62,0.012,0.0,0.0,51,991.0,9.4,78,9.4
OPEN_METEO-FORECAST-401872939-20260918T004135Z,2026-09-17T17:41:35.311857-07:00,NFL,NFL,401872939,2026-09-20T17:00:00+00:00,Nissan Stadium,Nashville,TN,False,36.16589,-86.78444,2026-09-20T17:00Z,OPEN_METEO_FORECAST,FORECAST,88.9,92.9,47,1,0.0,0.0,0.0,3,995.2,4.7,172,6.3
OPEN_METEO-FORECAST-401872946-20260918T004135Z,2026-09-17T17:41:35.311857-07:00,NFL,NFL,401872946,2026-09-20T17:00:00+00:00,Gillette Stadium,Foxborough,MA,False,42.06538,-71.24783,2026-09-20T17:00Z,OPEN_METEO_FORECAST,FORECAST,58.1,56.0,65,8,0.0,0.0,0.0,3,1010.0,2.9,176,9.4
OPEN_METEO-FORECAST-401872936-20260918T004135Z,2026-09-17T17:41:35.311857-07:00,NFL,NFL,401872936,2026-09-20T17:00:00+00:00,MetLife Stadium,East Rutherford,NJ,False,40.83399,-74.09709,2026-09-20T17:00Z,OPEN_METEO_FORECAST,FORECAST,61.6,61.3,86,72,0.055,0.055,0.0,61,1013.7,6.5,124,22.1
OPEN_METEO-FORECAST-401872935-20260918T004135Z,2026-09-17T17:41:35.311857-07:00,NFL,NFL,401872935,2026-09-20T17:00:00+00:00,Raymond James Stadium,Tampa,FL,False,27.94752,-82.45843,2026-09-20T17:00Z,OPEN_METEO_FORECAST,FORECAST,89.0,96.4,51,6,0.0,0.0,0.0,3,1012.0,3.3,164,4.7
OPEN_METEO-FORECAST-401872938-20260918T004135Z,2026-09-17T17:41:35.311857-07:00,NFL,NFL,401872938,2026-09-20T17:00:00+00:00,M&T Bank Stadium,Baltimore,MD,False,39.29038,-76.61219,2026-09-20T17:00Z,OPEN_METEO_FORECAST,FORECAST,74.5,77.6,76,23,0.004,0.0,0.0,51,1011.8,7.4,178,17.2
OPEN_METEO-FORECAST-401872940-20260918T004135Z,2026-09-17T17:41:35.311857-07:00,NFL,NFL,401872940,2026-09-20T20:05:00+00:00,Empower Field at Mile High,Denver,CO,False,39.73915,-104.9847,2026-09-20T20:00Z,OPEN_METEO_FORECAST,FORECAST,74.3,70.7,35,52,0.0,0.0,0.0,3,838.5,10.5,34,7.6
OPEN_METEO-FORECAST-401872941-20260918T004135Z,2026-09-17T17:41:35.311857-07:00,NFL,NFL,401872941,2026-09-20T20:05:00+00:00,SoFi Stadium,Inglewood,CA,False,33.96168,-118.35313,2026-09-20T20:00Z,OPEN_METEO_FORECAST,FORECAST,78.2,80.3,49,0,0.0,0.0,0.0,0,1007.1,8.4,189,5.8
OPEN_METEO-FORECAST-401872942-20260918T004135Z,2026-09-17T17:41:35.311857-07:00,NFL,NFL,401872942,2026-09-20T20:25:00+00:00,Levi's Stadium,Santa Clara,CA,False,37.35411,-121.95524,2026-09-20T20:00Z,OPEN_METEO_FORECAST,FORECAST,76.9,74.0,40,0,0.0,0.0,0.0,3,1010.6,7.4,357,4.5
OPEN_METEO-FORECAST-401856693-20260918T004135Z,2026-09-17T17:41:35.311857-07:00,NCAA_Football,NCAA_Football,401856693,2026-09-20T00:00:00+00:00,DKR-Texas Memorial Stadium,Austin,TX,False,30.26715,-97.74306,2026-09-20T00:00Z,OPEN_METEO_FORECAST,FORECAST,97.3,93.9,24,1,0.0,0.0,0.0,0,991.8,11.4,122,11.4
OPEN_METEO-FORECAST-401856799-20260918T004135Z,2026-09-17T17:41:35.311857-07:00,NCAA_Football,NCAA_Football,401856799,2026-09-20T00:00:00+00:00,Amon G. Carter Stadium,Fort Worth,TX,False,32.72541,-97.32085,2026-09-20T00:00Z,OPEN_METEO_FORECAST,FORECAST,97.1,93.2,21,0,0.0,0.0,0.0,0,987.0,9.7,157,11.6
OPEN_METEO-FORECAST-401862775-20260918T004135Z,2026-09-17T17:41:35.311857-07:00,NCAA_Football,NCAA_Football,401862775,2026-09-20T00:00:00+00:00,H. A. Chapman Stadium,Tulsa,OK,False,36.15398,-95.99277,2026-09-20T00:00Z,OPEN_METEO_FORECAST,FORECAST,96.6,94.0,26,0,0.0,0.0,0.0,3,982.7,10.8,174,21.0
OPEN_METEO-FORECAST-401862776-20260918T004135Z,2026-09-17T17:41:35.311857-07:00,NCAA_Football,NCAA_Football,401862776,2026-09-20T00:00:00+00:00,Our Lady of Lourdes Stadium,Lafayette,LA,False,30.22409,-92.01984,2026-09-20T00:00Z,OPEN_METEO_FORECAST,FORECAST,82.3,86.0,66,3,0.0,0.0,0.0,0,1011.1,9.8,192,12.8
OPEN_METEO-FORECAST-401860885-20260918T004135Z,2026-09-17T17:41:35.311857-07:00,NCAA_Football,NCAA_Football,401860885,2026-09-20T02:00:00+00:00,Albertsons Stadium,Boise,ID,False,43.6135,-116.20345,2026-09-20T02:00Z,OPEN_METEO_FORECAST,FORECAST,71.4,67.6,39,0,0.0,0.0,0.0,0,919.4,5.9,7,11.0
OPEN_METEO-FORECAST-401860887-20260918T004135Z,2026-09-17T17:41:35.311857-07:00,NCAA_Football,NCAA_Football,401860887,2026-09-20T02:00:00+00:00,Snapdragon Stadium,San Diego,CA,False,32.71571,-117.16472,2026-09-20T02:00Z,OPEN_METEO_FORECAST,FORECAST,72.6,74.3,69,0,0.0,0.0,0.0,0,1010.2,5.8,270,3.4
OPEN_METEO-FORECAST-401856793-20260918T004135Z,2026-09-17T17:41:35.311857-07:00,NCAA_Football,NCAA_Football,401856793,2026-09-20T02:30:00+00:00,Casino Del Sol Stadium,Tucson,AZ,False,32.22174,-110.92648,2026-09-20T02:00Z,OPEN_METEO_FORECAST,FORECAST,93.1,84.3,13,0,0.0,0.0,0.0,0,925.6,13.0,251,13.9
OPEN_METEO-FORECAST-401864507-20260918T004135Z,2026-09-17T17:41:35.311857-07:00,NCAA_Football,NCAA_Football,401864507,2026-09-20T02:30:00+00:00,Hornet Stadium,Sacramento,CA,False,38.58157,-121.4944,2026-09-20T02:00Z,OPEN_METEO_FORECAST,FORECAST,82.1,78.0,32,0,0.0,0.0,0.0,0,1007.2,9.3,201,18.8
OPEN_METEO-FORECAST-401858458-20260918T004135Z,2026-09-17T17:41:35.311857-07:00,NCAA_Football,NCAA_Football,401858458,2026-09-20T03:00:00+00:00,Rose Bowl,Pasadena,CA,False,29.69106,-95.2091,2026-09-20T03:00Z,OPEN_METEO_FORECAST,FORECAST,82.5,87.9,65,0,0.0,0.0,0.0,0,1012.3,5.6,146,14.5
OPEN_METEO-FORECAST-401860886-20260918T004135Z,2026-09-17T17:41:35.311857-07:00,NCAA_Football,NCAA_Football,401860886,2026-09-20T03:00:00+00:00,Reser Stadium,Corvallis,OR,False,33.90224,-118.08173,2026-09-20T03:00Z,OPEN_METEO_FORECAST,FORECAST,76.9,77.3,54,0,0.0,0.0,0.0,2,1008.5,6.0,243,6.0
OPEN_METEO-FORECAST-401860888-20260918T004135Z,2026-09-17T17:41:35.311857-07:00,NCAA_Football,NCAA_Football,401860888,2026-09-20T03:00:00+00:00,CEFCU Stadium,San Jose,CA,False,37.33939,-121.89496,2026-09-20T03:00Z,OPEN_METEO_FORECAST,FORECAST,72.2,70.6,51,0,0.0,0.0,0.0,0,1009.2,6.0,333,3.6
OPEN_METEO-FORECAST-401817017-20260918T004135Z,2026-09-17T17:41:35.311857-07:00,MLB,MLB,401817017,2026-09-20T17:10:00+00:00,Citi Field,Queens,New York,False,40.68149,-73.83652,2026-09-20T17:00Z,OPEN_METEO_FORECAST,FORECAST,63.4,62.1,80,58,0.059,0.059,0.0,61,1015.5,8.6,131,21.9
OPEN_METEO-FORECAST-401817015-20260918T004135Z,2026-09-17T17:41:35.311857-07:00,MLB,MLB,401817015,2026-09-20T17:35:00+00:00,PNC Park,Pittsburgh,Pennsylvania,False,40.44062,-79.99589,2026-09-20T18:00Z,OPEN_METEO_FORECAST,FORECAST,69.9,75.3,94,74,0.024,0.012,0.0,53,986.4,4.0,286,13.9
OPEN_METEO-FORECAST-401817012-20260918T004135Z,2026-09-17T17:41:35.311857-07:00,MLB,MLB,401817012,2026-09-20T17:40:00+00:00,Progressive Field,Cleveland,Ohio,False,41.4995,-81.69541,2026-09-20T18:00Z,OPEN_METEO_FORECAST,FORECAST,62.3,62.9,90,63,0.008,0.008,0.0,51,990.8,5.9,79,1.8
OPEN_METEO-FORECAST-401817014-20260918T004135Z,2026-09-17T17:41:35.311857-07:00,MLB,MLB,401817014,2026-09-20T17:40:00+00:00,Great American Ball Park,Cincinnati,Ohio,False,39.12711,-84.51439,2026-09-20T18:00Z,OPEN_METEO_FORECAST,FORECAST,75.0,79.0,74,11,0.0,0.0,0.0,3,982.3,4.7,172,21.5
OPEN_METEO-FORECAST-401817019-20260918T004135Z,2026-09-17T17:41:35.311857-07:00,MLB,MLB,401817019,2026-09-20T18:10:00+00:00,Rate Field,Chicago,Illinois,False,41.85003,-87.65005,2026-09-20T18:00Z,OPEN_METEO_FORECAST,FORECAST,64.4,65.0,97,62,0.102,0.091,0.0,81,991.2,9.8,73,12.5
OPEN_METEO-FORECAST-401817021-20260918T004135Z,2026-09-17T17:41:35.311857-07:00,MLB,MLB,401817021,2026-09-20T18:15:00+00:00,Busch Stadium,St. Louis,Missouri,False,38.62727,-90.19789,2026-09-20T18:00Z,OPEN_METEO_FORECAST,FORECAST,89.8,92.9,38,11,0.0,0.0,0.0,3,993.8,4.7,239,13.0
OPEN_METEO-FORECAST-401817022-20260918T004135Z,2026-09-17T17:41:35.311857-07:00,MLB,MLB,401817022,2026-09-20T19:10:00+00:00,Coors Field,Denver,Colorado,False,39.73915,-104.9847,2026-09-20T19:00Z,OPEN_METEO_FORECAST,FORECAST,72.7,69.1,38,52,0.0,0.0,0.0,2,838.7,11.4,23,9.4
OPEN_METEO-FORECAST-401817024-20260918T004135Z,2026-09-17T17:41:35.311857-07:00,MLB,MLB,401817024,2026-09-20T20:07:00+00:00,Angel Stadium,Anaheim,California,False,33.83529,-117.9145,2026-09-20T20:00Z,OPEN_METEO_FORECAST,FORECAST,81.4,83.5,45,0,0.0,0.0,0.0,0,1007.0,8.7,209,6.5
OPEN_METEO-FORECAST-401817023-20260918T004135Z,2026-09-17T17:41:35.311857-07:00,MLB,MLB,401817023,2026-09-20T20:10:00+00:00,Petco Park,San Diego,California,False,32.71571,-117.16472,2026-09-20T20:00Z,OPEN_METEO_FORECAST,FORECAST,75.5,78.4,60,0,0.0,0.0,0.0,0,1011.0,9.5,261,5.6
OPEN_METEO-FORECAST-401817026-20260918T004135Z,2026-09-17T17:41:35.311857-07:00,MLB,MLB,401817026,2026-09-20T20:10:00+00:00,Dodger Stadium,Los Angeles,California,False,34.05223,-118.24368,2026-09-20T20:00Z,OPEN_METEO_FORECAST,FORECAST,82.4,84.4,40,0,0.0,0.0,0.0,0,1001.5,7.2,171,5.8
OPEN_METEO-FORECAST-401817016-20260918T004135Z,2026-09-17T17:41:35.311857-07:00,MLB,MLB,401817016,2026-09-20T23:20:00+00:00,Oriole Park at Camden Yards,Baltimore,Maryland,False,39.29038,-76.61219,2026-09-20T23:00Z,OPEN_METEO_FORECAST,FORECAST,74.0,78.3,81,54,0.0,0.0,0.0,2,1008.6,5.9,155,17.9
OPEN_METEO-FORECAST-401817007-20260918T004135Z,2026-09-17T17:41:35.311857-07:00,MLB,MLB,401817007,2026-09-20T00:10:00+00:00,Coors Field,Denver,Colorado,False,39.73915,-104.9847,2026-09-20T00:00Z,OPEN_METEO_FORECAST,FORECAST,68.4,66.6,57,71,0.0,0.0,0.0,0,837.6,6.1,123,2.7
OPEN_METEO-FORECAST-401817008-20260918T004135Z,2026-09-17T17:41:35.311857-07:00,MLB,MLB,401817008,2026-09-20T00:40:00+00:00,Petco Park,San Diego,California,False,32.71571,-117.16472,2026-09-20T01:00Z,OPEN_METEO_FORECAST,FORECAST,73.9,74.8,63,0,0.0,0.0,0.0,0,1009.8,6.3,272,4.0
OPEN_METEO-FORECAST-401817011-20260918T004135Z,2026-09-17T17:41:35.311857-07:00,MLB,MLB,401817011,2026-09-20T01:10:00+00:00,Dodger Stadium,Los Angeles,California,False,34.05223,-118.24368,2026-09-20T01:00Z,OPEN_METEO_FORECAST,FORECAST,77.4,76.6,54,0,0.0,0.0,0.0,0,1000.4,9.3,240,9.4
OPEN_METEO-FORECAST-401817009-20260918T004135Z,2026-09-17T17:41:35.311857-07:00,MLB,MLB,401817009,2026-09-20T01:38:00+00:00,Angel Stadium,Anaheim,California,False,33.83529,-117.9145,2026-09-20T02:00Z,OPEN_METEO_FORECAST,FORECAST,76.2,75.9,54,0,0.0,0.0,0.0,3,1005.8,7.0,220,7.2
OPEN_METEO-FORECAST-401856811-20260918T004135Z,2026-09-17T17:41:35.311857-07:00,NCAA_Football,NCAA_Football,401856811,2026-09-19T00:00:00+00:00,Galaxy Stadium,Lubbock,TX,False,33.57786,-101.85517,2026-09-19T00:00Z,OPEN_METEO_FORECAST,FORECAST,89.1,86.2,30,1,0.0,0.0,0.0,0,909.0,9.4,180,13.0
OPEN_METEO-FORECAST-401858455-20260918T004135Z,2026-09-17T17:41:35.311857-07:00,NCAA_Football,NCAA_Football,401858455,2026-09-19T02:30:00+00:00,Autzen Stadium,Eugene,OR,False,44.05207,-123.08675,2026-09-19T02:00Z,OPEN_METEO_FORECAST,FORECAST,68.7,65.5,52,0,0.0,0.0,0.0,0,1004.1,7.8,294,13.9
OPEN_METEO-FORECAST-401869940-20260918T004135Z,2026-09-17T17:41:35.311857-07:00,NCAA_Football,NCAA_Football,401869940,2026-09-19T15:30:00+00:00,Delaware Stadium,Newark,DE,False,40.73566,-74.17237,2026-09-19T15:00Z,OPEN_METEO_FORECAST,FORECAST,63.7,59.3,48,0,0.0,0.0,0.0,3,1021.4,8.3,27,11.2
OPEN_METEO-FORECAST-401856686-20260918T004135Z,2026-09-17T17:41:35.311857-07:00,NCAA_Football,NCAA_Football,401856686,2026-09-19T16:00:00+00:00,Donald W. Reynolds Razorback Stadium,Fayetteville,AR,False,35.05266,-78.87836,2026-09-19T16:00Z,OPEN_METEO_FORECAST,FORECAST,82.2,88.1,73,15,0.0,0.0,0.0,2,1012.8,9.0,34,10.8
OPEN_METEO-FORECAST-401858454-20260918T004135Z,2026-09-17T17:41:35.311857-07:00,NCAA_Football,NCAA_Football,401858454,2026-09-19T16:00:00+00:00,Ohio Stadium,Columbus,OH,False,39.96118,-82.99879,2026-09-19T16:00Z,OPEN_METEO_FORECAST,FORECAST,69.3,72.3,79,6,0.0,0.0,0.0,3,991.9,3.6,102,7.5
OPEN_METEO-FORECAST-401858456-20260918T004135Z,2026-09-17T17:41:35.311857-07:00,NCAA_Football,NCAA_Football,401858456,2026-09-19T16:00:00+00:00,Beaver Stadium,University Park,PA,False,37.44188,-122.14302,2026-09-19T16:00Z,OPEN_METEO_FORECAST,FORECAST,60.1,60.3,82,0,0.0,0.0,0.0,2,1015.9,2.6,155,3.2
OPEN_METEO-FORECAST-401856792-20260918T004135Z,2026-09-17T17:41:35.311857-07:00,NCAA_Football,NCAA_Football,401856792,2026-09-19T16:00:00+00:00,Bill Snyder Family Stadium,Manhattan,KS,False,40.78343,-73.96625,2026-09-19T16:00Z,OPEN_METEO_FORECAST,FORECAST,66.0,61.7,42,0,0.0,0.0,0.0,2,1017.4,9.6,50,11.2
OPEN_METEO-FORECAST-401856798-20260918T004135Z,2026-09-17T17:41:35.311857-07:00,NCAA_Football,NCAA_Football,401856798,2026-09-19T16:00:00+00:00,Jack Trice Stadium,Ames,IA,False,42.03471,-93.61994,2026-09-19T16:00Z,OPEN_METEO_FORECAST,FORECAST,76.1,81.6,84,29,0.0,0.0,0.0,3,977.0,7.1,301,9.3
OPEN_METEO-FORECAST-401856812-20260918T004135Z,2026-09-17T17:41:35.311857-07:00,NCAA_Football,NCAA_Football,401856812,2026-09-19T16:00:00+00:00,Wembley Stadium,London,,False,39.88645,-83.44825,2026-09-19T16:00Z,OPEN_METEO_FORECAST,FORECAST,70.9,72.8,73,3,0.0,0.0,0.0,0,981.2,7.4,82,9.8
OPEN_METEO-FORECAST-401858228-20260918T004135Z,2026-09-17T17:41:35.311857-07:00,NCAA_Football,NCAA_Football,401858228,2026-09-19T16:00:00+00:00,Bobby Dodd Stadium,Atlanta,GA,False,33.749,-84.38798,2026-09-19T16:00Z,OPEN_METEO_FORECAST,FORECAST,90.2,97.0,45,1,0.0,0.0,0.0,0,980.2,2.3,287,4.0
OPEN_METEO-FORECAST-401858229-20260918T004135Z,2026-09-17T17:41:35.311857-07:00,NCAA_Football,NCAA_Football,401858229,2026-09-19T16:00:00+00:00,"Memorial Stadium (Clemson, SC)",Clemson,SC,False,34.68344,-82.83737,2026-09-19T16:00Z,OPEN_METEO_FORECAST,FORECAST,88.8,96.8,52,1,0.0,0.0,0.0,0,991.5,3.0,92,3.1
OPEN_METEO-FORECAST-401858451-20260918T004135Z,2026-09-17T17:41:35.311857-07:00,NCAA_Football,NCAA_Football,401858451,2026-09-19T16:00:00+00:00,Huntington Bank Stadium,Minneapolis,MN,False,44.97997,-93.26384,2026-09-19T16:00Z,OPEN_METEO_FORECAST,FORECAST,57.8,57.2,94,23,0.008,0.008,0.0,3,985.2,5.8,71,14.9
OPEN_METEO-FORECAST-401860889-20260918T004135Z,2026-09-17T17:41:35.311857-07:00,NCAA_Football,NCAA_Football,401860889,2026-09-19T16:00:00+00:00,UFCU Stadium,San Marcos,TX,False,29.88327,-97.94139,2026-09-19T16:00Z,OPEN_METEO_FORECAST,FORECAST,87.1,92.6,55,0,0.0,0.0,0.0,0,994.4,6.8,176,7.7
OPEN_METEO-FORECAST-401858460-20260918T004135Z,2026-09-17T17:41:35.311857-07:00,NCAA_Football,NCAA_Football,401858460,2026-09-19T16:30:00+00:00,Camp Randall Stadium,Madison,WI,False,43.07305,-89.40123,2026-09-19T16:00Z,OPEN_METEO_FORECAST,FORECAST,62.7,62.0,96,90,0.145,0.143,0.0,63,982.8,11.1,140,22.1
OPEN_METEO-FORECAST-401856695-20260918T004135Z,2026-09-17T17:41:35.311857-07:00,NCAA_Football,NCAA_Football,401856695,2026-09-19T16:45:00+00:00,FirstBank Stadium,Nashville,TN,False,36.16589,-86.78444,2026-09-19T17:00Z,OPEN_METEO_FORECAST,FORECAST,98.4,101.5,28,0,0.0,0.0,0.0,0,997.2,5.6,258,8.1
OPEN_METEO-FORECAST-401864508-20260918T004135Z,2026-09-17T17:41:35.311857-07:00,NCAA_Football,NCAA_Football,401864508,2026-09-19T17:00:00+00:00,Kelly/Shorts Stadium,Mount Pleasant,MI,False,43.59781,-84.76751,2026-09-19T17:00Z,OPEN_METEO_FORECAST,FORECAST,62.0,57.7,54,49,0.0,0.0,0.0,3,991.6,7.0,113,11.4
OPEN_METEO-FORECAST-401858227-20260918T004135Z,2026-09-17T17:41:35.311857-07:00,NCAA_Football,NCAA_Football,401858227,2026-09-19T18:00:00+00:00,"Alumni Stadium (Chestnut Hill, MA)",Chestnut Hill,MA,False,42.33065,-71.16616,2026-09-19T18:00Z,OPEN_METEO_FORECAST,FORECAST,62.5,57.9,39,0,0.0,0.0,0.0,3,1014.0,8.4,91,6.0
OPEN_METEO-FORECAST-401858448-20260918T004135Z,2026-09-17T17:41:35.311857-07:00,NCAA_Football,NCAA_Football,401858448,2026-09-19T18:00:00+00:00,Gies Memorial Stadium,Champaign,IL,False,40.11642,-88.24338,2026-09-19T18:00Z,OPEN_METEO_FORECAST,FORECAST,75.7,79.7,81,27,0.0,0.0,0.0,1,989.2,9.5,102,12.1
OPEN_METEO-FORECAST-401862774-20260918T004135Z,2026-09-17T17:41:35.311857-07:00,NCAA_Football,NCAA_Football,401862774,2026-09-19T19:00:00+00:00,Glass Bowl,Toledo,OH,False,41.66394,-83.55521,2026-09-19T19:00Z,OPEN_METEO_FORECAST,FORECAST,63.0,64.6,88,58,0.004,0.004,0.0,51,995.8,3.7,57,14.8
OPEN_METEO-FORECAST-401856694-20260918T004135Z,2026-09-17T17:41:35.311857-07:00,NCAA_Football,NCAA_Football,401856694,2026-09-19T19:30:00+00:00,Kyle Field,College Station,TX,False,30.62798,-96.33441,2026-09-19T19:00Z,OPEN_METEO_FORECAST,FORECAST,97.0,99.2,27,0,0.0,0.0,0.0,0,1001.0,8.2,139,9.4
OPEN_METEO-FORECAST-401856685-20260918T004135Z,2026-09-17T17:41:35.311857-07:00,NCAA_Football,NCAA_Football,401856685,2026-09-19T19:30:00+00:00,Bryant-Denny Stadium,Tuscaloosa,AL,False,33.20984,-87.56917,2026-09-19T19:00Z,OPEN_METEO_FORECAST,FORECAST,98.0,101.4,33,17,0.004,0.0,0.0,51,1005.2,3.8,36,5.6
OPEN_METEO-FORECAST-401858457-20260918T004135Z,2026-09-17T17:41:35.311857-07:00,NCAA_Football,NCAA_Football,401858457,2026-09-19T19:30:00+00:00,SHI Stadium,Piscataway,NJ,False,40.49927,-74.39904,2026-09-19T19:00Z,OPEN_METEO_FORECAST,FORECAST,68.6,63.0,33,0,0.0,0.0,0.0,3,1017.5,6.9,103,6.3
OPEN_METEO-FORECAST-401858230-20260918T004135Z,2026-09-17T17:41:35.311857-07:00,NCAA_Football,NCAA_Football,401858230,2026-09-19T19:30:00+00:00,L&N Federal Credit Union Stadium,Louisville,KY,False,38.25424,-85.75941,2026-09-19T19:00Z,OPEN_METEO_FORECAST,FORECAST,93.4,101.9,45,11,0.0,0.0,0.0,0,997.7,2.7,246,2.7
OPEN_METEO-FORECAST-401856801-20260918T004135Z,2026-09-17T17:41:35.311857-07:00,NCAA_Football,NCAA_Football,401856801,2026-09-19T19:30:00+00:00,Rice-Eccles Stadium,Salt Lake City,UT,False,40.76078,-111.89105,2026-09-19T19:00Z,OPEN_METEO_FORECAST,FORECAST,72.9,68.3,28,22,0.0,0.0,0.0,0,872.7,9.6,323,11.6
OPEN_METEO-FORECAST-401858450-20260918T004135Z,2026-09-17T17:41:35.311857-07:00,NCAA_Football,NCAA_Football,401858450,2026-09-19T19:30:00+00:00,Michigan Stadium,Ann Arbor,MI,False,42.27756,-83.74088,2026-09-19T19:00Z,OPEN_METEO_FORECAST,FORECAST,58.3,58.7,95,70,0.035,0.035,0.0,53,986.4,4.5,108,16.1
OPEN_METEO-FORECAST-401856797-20260918T004135Z,2026-09-17T17:41:35.311857-07:00,NCAA_Football,NCAA_Football,401856797,2026-09-19T19:30:00+00:00,TQL Stadium,Cincinnati,OH,False,39.12711,-84.51439,2026-09-19T19:00Z,OPEN_METEO_FORECAST,FORECAST,87.2,95.3,51,17,0.0,0.0,0.0,0,985.5,1.1,233,2.5
OPEN_METEO-FORECAST-401858233-20260918T004135Z,2026-09-17T17:41:35.311857-07:00,NCAA_Football,NCAA_Football,401858233,2026-09-19T19:30:00+00:00,California Memorial Stadium,Berkeley,CA,False,37.87159,-122.27275,2026-09-19T19:00Z,OPEN_METEO_FORECAST,FORECAST,74.2,75.8,49,0,0.0,0.0,0.0,0,1008.2,4.3,264,3.1
OPEN_METEO-FORECAST-401860890-20260918T004135Z,2026-09-17T17:41:35.311857-07:00,NCAA_Football,NCAA_Football,401860890,2026-09-19T19:30:00+00:00,Martin Stadium,Pullman,WA,False,46.73127,-117.17962,2026-09-19T19:00Z,OPEN_METEO_FORECAST,FORECAST,72.1,69.2,34,0,0.0,0.0,0.0,0,935.1,5.6,272,5.1
OPEN_METEO-FORECAST-401866424-20260918T004135Z,2026-09-17T17:41:35.311857-07:00,NCAA_Football,NCAA_Football,401866424,2026-09-19T19:30:00+00:00,Warren McGuirk Alumni Stadium,Amherst,MA,False,42.97839,-78.79976,2026-09-19T19:00Z,OPEN_METEO_FORECAST,FORECAST,68.4,63.0,31,5,0.0,0.0,0.0,3,999.0,7.2,86,7.8
OPEN_METEO-FORECAST-401858449-20260918T004135Z,2026-09-17T17:41:35.311857-07:00,NCAA_Football,NCAA_Football,401858449,2026-09-19T20:00:00+00:00,"Memorial Stadium (Bloomington, IN)",Bloomington,IN,False,39.16533,-86.52639,2026-09-19T20:00Z,OPEN_METEO_FORECAST,FORECAST,89.7,95.6,48,15,0.0,0.0,0.0,1,986.8,4.0,308,5.1
OPEN_METEO-FORECAST-401858471-20260918T004135Z,2026-09-17T17:41:35.311857-07:00,NCAA_Football,NCAA_Football,401858471,2026-09-19T20:00:00+00:00,Kinnick Stadium,Iowa City,IA,False,41.66113,-91.53017,2026-09-19T20:00Z,OPEN_METEO_FORECAST,FORECAST,79.9,84.2,73,33,0.0,0.0,0.0,3,987.2,9.4,208,17.4
OPEN_METEO-FORECAST-401858231-20260918T004135Z,2026-09-17T17:41:35.311857-07:00,NCAA_Football,NCAA_Football,401858231,2026-09-19T20:00:00+00:00,Wallace Wade Stadium,Durham,NC,False,35.99403,-78.89862,2026-09-19T20:00Z,OPEN_METEO_FORECAST,FORECAST,82.0,84.0,51,17,0.0,0.0,0.0,2,1001.8,5.4,88,8.1
OPEN_METEO-FORECAST-401866422-20260918T004135Z,2026-09-17T17:41:35.311857-07:00,NCAA_Football,NCAA_Football,401866422,2026-09-19T20:00:00+00:00,Williams Stadium (VA),Lynchburg,VA,False,37.41375,-79.14225,2026-09-19T20:00Z,OPEN_METEO_FORECAST,FORECAST,83.1,84.6,43,9,0.0,0.0,0.0,2,994.0,4.9,114,4.3
OPEN_METEO-FORECAST-401867804-20260918T004135Z,2026-09-17T17:41:35.311857-07:00,NCAA_Football,NCAA_Football,401867804,2026-09-19T20:00:00+00:00,McLane Stadium,Waco,TX,False,31.54933,-97.14667,2026-09-19T20:00Z,OPEN_METEO_FORECAST,FORECAST,99.1,99.2,23,0,0.0,0.0,0.0,0,994.9,9.7,161,9.8
OPEN_METEO-FORECAST-401856691-20260918T004135Z,2026-09-17T17:41:35.311857-07:00,NCAA_Football,NCAA_Football,401856691,2026-09-19T20:15:00+00:00,Williams-Brice Stadium,Columbia,SC,False,34.00071,-81.03481,2026-09-19T20:00Z,OPEN_METEO_FORECAST,FORECAST,87.6,93.6,55,64,0.008,0.0,0.0,51,1003.8,4.1,45,6.7
OPEN_METEO-FORECAST-401868317-20260918T004135Z,2026-09-17T17:41:35.311857-07:00,NCAA_Football,NCAA_Football,401868317,2026-09-19T20:30:00+00:00,Malone Stadium,Monroe,LA,False,32.50931,-92.1193,2026-09-19T20:00Z,OPEN_METEO_FORECAST,FORECAST,101.1,104.4,24,1,0.0,0.0,0.0,0,1010.0,4.3,168,5.6
OPEN_METEO-FORECAST-401862710-20260918T004135Z,2026-09-17T17:41:35.311857-07:00,NCAA_Football,NCAA_Football,401862710,2026-09-19T22:00:00+00:00,S.B. Ballard Stadium,Norfolk,VA,False,36.84681,-76.28522,2026-09-19T22:00Z,OPEN_METEO_FORECAST,FORECAST,78.0,78.2,58,2,0.0,0.0,0.0,0,1017.1,9.3,63,8.9
OPEN_METEO-FORECAST-401862771-20260918T004135Z,2026-09-17T17:41:35.311857-07:00,NCAA_Football,NCAA_Football,401862771,2026-09-19T22:00:00+00:00,Flagler Credit Union Stadium,Boca Raton,FL,False,26.35869,-80.0831,2026-09-19T22:00Z,OPEN_METEO_FORECAST,FORECAST,84.8,89.0,63,61,0.031,0.0,0.0,53,1011.4,9.9,85,8.7
OPEN_METEO-FORECAST-401864574-20260918T004135Z,2026-09-17T17:41:35.311857-07:00,NCAA_Football,NCAA_Football,401864574,2026-09-19T22:00:00+00:00,Kidd Brewer Stadium,Boone,NC,False,36.21679,-81.67455,2026-09-19T22:00Z,OPEN_METEO_FORECAST,FORECAST,69.6,73.6,86,49,0.0,0.0,0.0,3,906.0,4.0,142,5.4
OPEN_METEO-FORECAST-401871047-20260918T004135Z,2026-09-17T17:41:35.311857-07:00,NCAA_Football,NCAA_Football,401871047,2026-09-19T22:30:00+00:00,Robert W. Plaster Stadium,Springfield,MO,False,37.21533,-93.29824,2026-09-19T22:00Z,OPEN_METEO_FORECAST,FORECAST,97.7,93.9,21,0,0.0,0.0,0.0,3,965.4,10.1,201,11.0
OPEN_METEO-FORECAST-401856689-20260918T004135Z,2026-09-17T17:41:35.311857-07:00,NCAA_Football,NCAA_Football,401856689,2026-09-19T23:00:00+00:00,Memorial Stadium,Columbia,MO,False,34.00071,-81.03481,2026-09-19T23:00Z,OPEN_METEO_FORECAST,FORECAST,84.4,88.6,59,64,0.0,0.0,0.0,1,1003.6,7.1,70,12.1
OPEN_METEO-FORECAST-401856687-20260918T004135Z,2026-09-17T17:41:35.311857-07:00,NCAA_Football,NCAA_Football,401856687,2026-09-19T23:00:00+00:00,Jordan-Hare Stadium,Auburn,AL,False,42.93173,-76.56605,2026-09-19T23:00Z,OPEN_METEO_FORECAST,FORECAST,54.8,52.2,62,0,0.0,0.0,0.0,3,995.6,1.3,360,2.0
OPEN_METEO-FORECAST-401856800-20260918T004135Z,2026-09-17T17:41:35.311857-07:00,NCAA_Football,NCAA_Football,401856800,2026-09-19T23:00:00+00:00,Acrisure Bounce House,Orlando,FL,False,28.53834,-81.37924,2026-09-19T23:00Z,OPEN_METEO_FORECAST,FORECAST,84.5,88.2,60,50,0.02,0.0,0.0,53,1008.7,8.9,80,10.1
OPEN_METEO-FORECAST-401856803-20260918T004135Z,2026-09-17T17:41:35.311857-07:00,NCAA_Football,NCAA_Football,401856803,2026-09-19T23:00:00+00:00,Boone Pickens Stadium,Stillwater,OK,False,36.11561,-97.05837,2026-09-19T23:00Z,OPEN_METEO_FORECAST,FORECAST,100.9,96.7,24,2,0.0,0.0,0.0,0,974.7,15.5,175,19.5
OPEN_METEO-FORECAST-401861963-20260918T004135Z,2026-09-17T17:41:35.311857-07:00,NCAA_Football,NCAA_Football,401861963,2026-09-19T23:00:00+00:00,M. M. Roberts Stadium,Hattiesburg,MS,False,31.32712,-89.29034,2026-09-19T23:00Z,OPEN_METEO_FORECAST,FORECAST,88.7,92.3,45,1,0.0,0.0,0.0,3,1005.9,4.1,248,6.7
OPEN_METEO-FORECAST-401862772-20260918T004135Z,2026-09-17T17:41:35.311857-07:00,NCAA_Football,NCAA_Football,401862772,2026-09-19T23:00:00+00:00,Simmons Bank Liberty Stadium,Memphis,TN,False,35.14953,-90.04898,2026-09-19T23:00Z,OPEN_METEO_FORECAST,FORECAST,100.6,101.5,22,0,0.0,0.0,0.0,0,1000.9,1.6,98,4.0
OPEN_METEO-FORECAST-401862773-20260918T004135Z,2026-09-17T17:41:35.311857-07:00,NCAA_Football,NCAA_Football,401862773,2026-09-19T23:00:00+00:00,Rice Stadium,Houston,TX,False,29.76328,-95.36327,2026-09-19T23:00Z,OPEN_METEO_FORECAST,FORECAST,90.9,90.9,39,1,0.0,0.0,0.0,0,1010.7,10.2,126,11.2
OPEN_METEO-FORECAST-401862777-20260918T004135Z,2026-09-17T17:41:35.311857-07:00,NCAA_Football,NCAA_Football,401862777,2026-09-19T23:00:00+00:00,Raymond James Stadium,Tampa,FL,False,27.94752,-82.45843,2026-09-19T23:00Z,OPEN_METEO_FORECAST,FORECAST,87.9,92.4,50,52,0.0,0.0,0.0,2,1010.9,4.8,139,9.2
OPEN_METEO-FORECAST-401864443-20260918T004135Z,2026-09-17T17:41:35.311857-07:00,NCAA_Football,NCAA_Football,401864443,2026-09-19T23:00:00+00:00,"Johnny ""Red"" Floyd Stadium",Murfreesboro,TN,False,35.84562,-86.39027,2026-09-19T23:00Z,OPEN_METEO_FORECAST,FORECAST,90.2,95.5,47,11,0.0,0.0,0.0,0,990.5,2.8,76,4.0
OPEN_METEO-FORECAST-401866423-20260918T004135Z,2026-09-17T17:41:35.311857-07:00,NCAA_Football,NCAA_Football,401866423,2026-09-19T23:00:00+00:00,Hancock Whitney Stadium,Mobile,AL,False,30.69436,-88.04305,2026-09-19T23:00Z,OPEN_METEO_FORECAST,FORECAST,88.4,90.6,51,6,0.0,0.0,0.0,1,1012.2,11.2,177,11.2
OPEN_METEO-FORECAST-401869948-20260918T004135Z,2026-09-17T17:41:35.311857-07:00,NCAA_Football,NCAA_Football,401869948,2026-09-19T23:00:00+00:00,AmFirst Stadium,Jacksonville,AL,False,30.33218,-81.65565,2026-09-19T23:00Z,OPEN_METEO_FORECAST,FORECAST,85.2,86.5,50,9,0.0,0.0,0.0,3,1013.0,9.6,91,11.0
OPEN_METEO-FORECAST-401870764-20260918T004135Z,2026-09-17T17:41:35.311857-07:00,NCAA_Football,NCAA_Football,401870764,2026-09-19T23:00:00+00:00,Elliott T. Bowers Stadium,Huntsville,TX,False,34.7304,-86.58594,2026-09-19T23:00Z,OPEN_METEO_FORECAST,FORECAST,91.7,96.1,42,6,0.0,0.0,0.0,3,990.2,2.9,122,7.4
OPEN_METEO-FORECAST-401858452-20260918T004135Z,2026-09-17T17:41:35.311857-07:00,NCAA_Football,NCAA_Football,401858452,2026-09-19T23:15:00+00:00,"Memorial Stadium (Lincoln, NE)",Lincoln,NE,False,40.8,-96.66696,2026-09-19T23:00Z,OPEN_METEO_FORECAST,FORECAST,73.5,73.9,78,27,0.0,0.0,0.0,3,963.7,13.5,12,20.6
OPEN_METEO-FORECAST-401858459-20260918T004135Z,2026-09-17T17:41:35.311857-07:00,NCAA_Football,NCAA_Football,401858459,2026-09-19T23:15:00+00:00,Husky Stadium,Seattle,WA,False,47.60621,-122.33207,2026-09-19T23:00Z,OPEN_METEO_FORECAST,FORECAST,75.5,72.6,37,0,0.0,0.0,0.0,3,1009.5,5.2,350,2.5
OPEN_METEO-FORECAST-401858453-20260918T004135Z,2026-09-17T17:41:35.311857-07:00,NCAA_Football,NCAA_Football,401858453,2026-09-19T23:30:00+00:00,Notre Dame Stadium,Notre Dame,IN,False,41.70019,-86.23793,2026-09-19T23:00Z,OPEN_METEO_FORECAST,FORECAST,61.0,60.4,94,82,0.008,0.008,0.0,51,988.1,8.8,120,18.3
OPEN_METEO-FORECAST-401856688-20260918T004135Z,2026-09-17T17:41:35.311857-07:00,NCAA_Football,NCAA_Football,401856688,2026-09-19T23:30:00+00:00,Vaught-Hemingway Stadium,Oxford,MS,False,34.3665,-89.51925,2026-09-19T23:00Z,OPEN_METEO_FORECAST,FORECAST,94.3,98.0,36,0,0.0,0.0,0.0,0,993.6,2.5,153,2.7
OPEN_METEO-FORECAST-401856795-20260918T004135Z,2026-09-17T17:41:35.311857-07:00,NCAA_Football,NCAA_Football,401856795,2026-09-19T23:30:00+00:00,Canvas Stadium,Fort Collins,CO,False,40.58526,-105.08442,2026-09-19T23:00Z,OPEN_METEO_FORECAST,FORECAST,62.9,60.5,66,81,0.0,0.0,0.0,3,844.2,6.7,4,9.4
OPEN_METEO-FORECAST-401856690-20260918T004135Z,2026-09-17T17:41:35.311857-07:00,NCAA_Football,NCAA_Football,401856690,2026-09-19T23:30:00+00:00,"Memorial Stadium (Norman, OK)",Norman,OK,False,35.22257,-97.43948,2026-09-19T23:00Z,OPEN_METEO_FORECAST,FORECAST,100.6,96.1,22,0,0.0,0.0,0.0,0,967.1,14.3,181,15.2
OPEN_METEO-FORECAST-401856802-20260918T004135Z,2026-09-17T17:41:35.311857-07:00,NCAA_Football,NCAA_Football,401856802,2026-09-19T23:30:00+00:00,Bank of America Stadium,Charlotte,NC,False,35.22709,-80.84313,2026-09-19T23:00Z,OPEN_METEO_FORECAST,FORECAST,74.6,81.7,91,37,0.028,0.0,0.0,53,985.9,4.5,72,9.8
OPEN_METEO-FORECAST-401856796-20260918T004135Z,2026-09-17T17:41:35.311857-07:00,NCAA_Football,NCAA_Football,401856796,2026-09-19T23:30:00+00:00,Northwestern Medicine Field at Martin Stadium,Evanston,IL,False,41.26828,-110.96324,2026-09-19T23:00Z,OPEN_METEO_FORECAST,FORECAST,62.4,50.4,26,36,0.0,0.0,0.0,0,798.3,17.6,263,19.7
OPEN_METEO-FORECAST-401858232-20260918T004135Z,2026-09-17T17:41:35.311857-07:00,NCAA_Football,NCAA_Football,401858232,2026-09-19T23:30:00+00:00,SECU Stadium,College Park,MD,False,38.98067,-76.93692,2026-09-19T23:00Z,OPEN_METEO_FORECAST,FORECAST,73.2,73.0,63,16,0.0,0.0,0.0,3,1015.9,8.4,110,15.0
OPEN_METEO-FORECAST-401856692-20260918T004135Z,2026-09-17T17:41:35.311857-07:00,NCAA_Football,NCAA_Football,401856692,2026-09-19T23:45:00+00:00,Neyland Stadium,Knoxville,TN,False,35.96064,-83.92074,2026-09-19T23:00Z,OPEN_METEO_FORECAST,FORECAST,72.4,77.4,97,17,0.457,0.433,0.0,82,981.6,9.2,288,20.1
OPEN_METEO-FORECAST-401816992-20260918T004135Z,2026-09-17T17:41:35.311857-07:00,MLB,MLB,401816992,2026-09-19T00:10:00+00:00,Coors Field,Denver,Colorado,False,39.73915,-104.9847,2026-09-19T00:00Z,OPEN_METEO_FORECAST,FORECAST,73.7,70.1,39,29,0.0,0.0,0.0,3,842.0,6.8,352,11.4
OPEN_METEO-FORECAST-401816991-20260918T004135Z,2026-09-17T17:41:35.311857-07:00,MLB,MLB,401816991,2026-09-19T00:15:00+00:00,Busch Stadium,St. Louis,Missouri,False,38.62727,-90.19789,2026-09-19T00:00Z,OPEN_METEO_FORECAST,FORECAST,81.0,87.9,74,16,0.0,0.0,0.0,2,999.6,5.3,78,7.6
OPEN_METEO-FORECAST-401816994-20260918T004135Z,2026-09-17T17:41:35.311857-07:00,MLB,MLB,401816994,2026-09-19T01:38:00+00:00,Angel Stadium,Anaheim,California,False,33.83529,-117.9145,2026-09-19T02:00Z,OPEN_METEO_FORECAST,FORECAST,72.7,73.5,63,0,0.0,0.0,0.0,0,1009.6,5.6,236,8.3
OPEN_METEO-FORECAST-401816993-20260918T004135Z,2026-09-17T17:41:35.311857-07:00,MLB,MLB,401816993,2026-09-19T01:40:00+00:00,Petco Park,San Diego,California,False,32.71571,-117.16472,2026-09-19T02:00Z,OPEN_METEO_FORECAST,FORECAST,68.4,69.3,75,0,0.0,0.0,0.0,0,1014.6,5.9,317,10.1
OPEN_METEO-FORECAST-401816996-20260918T004135Z,2026-09-17T17:41:35.311857-07:00,MLB,MLB,401816996,2026-09-19T02:10:00+00:00,Dodger Stadium,Los Angeles,California,False,34.05223,-118.24368,2026-09-19T02:00Z,OPEN_METEO_FORECAST,FORECAST,69.1,69.7,72,0,0.0,0.0,0.0,0,1004.2,6.4,260,9.6
OPEN_METEO-FORECAST-401817001-20260918T004135Z,2026-09-17T17:41:35.311857-07:00,MLB,MLB,401817001,2026-09-19T20:05:00+00:00,Oriole Park at Camden Yards,Baltimore,Maryland,False,39.29038,-76.61219,2026-09-19T20:00Z,OPEN_METEO_FORECAST,FORECAST,75.6,74.1,46,11,0.0,0.0,0.0,3,1015.6,6.1,100,8.5
OPEN_METEO-FORECAST-401817002-20260918T004135Z,2026-09-17T17:41:35.311857-07:00,MLB,MLB,401817002,2026-09-19T20:10:00+00:00,Citi Field,Queens,New York,False,40.68149,-73.83652,2026-09-19T20:00Z,OPEN_METEO_FORECAST,FORECAST,71.7,67.1,32,0,0.0,0.0,0.0,2,1020.0,5.6,124,5.4
OPEN_METEO-FORECAST-401816997-20260918T004135Z,2026-09-17T17:41:35.311857-07:00,MLB,MLB,401816997,2026-09-19T22:10:00+00:00,Progressive Field,Cleveland,Ohio,False,41.4995,-81.69541,2026-09-19T22:00Z,OPEN_METEO_FORECAST,FORECAST,67.2,67.0,66,19,0.004,0.004,0.0,51,993.8,4.4,45,9.8
OPEN_METEO-FORECAST-401816999-20260918T004135Z,2026-09-17T17:41:35.311857-07:00,MLB,MLB,401816999,2026-09-19T22:40:00+00:00,Great American Ball Park,Cincinnati,Ohio,False,39.12711,-84.51439,2026-09-19T23:00Z,OPEN_METEO_FORECAST,FORECAST,75.9,80.8,81,17,0.012,0.0,0.0,51,983.5,6.8,17,9.2
OPEN_METEO-FORECAST-401817000-20260918T004135Z,2026-09-17T17:41:35.311857-07:00,MLB,MLB,401817000,2026-09-19T22:40:00+00:00,PNC Park,Pittsburgh,Pennsylvania,False,40.44062,-79.99589,2026-09-19T23:00Z,OPEN_METEO_FORECAST,FORECAST,68.7,67.6,59,6,0.0,0.0,0.0,3,988.7,5.2,65,12.8
OPEN_METEO-FORECAST-401817004-20260918T004135Z,2026-09-17T17:41:35.311857-07:00,MLB,MLB,401817004,2026-09-19T23:10:00+00:00,Rate Field,Chicago,Illinois,False,41.85003,-87.65005,2026-09-19T23:00Z,OPEN_METEO_FORECAST,FORECAST,65.1,67.0,95,85,0.008,0.008,0.0,51,992.8,7.0,140,19.9
OPEN_METEO-FORECAST-401817006-20260918T004135Z,2026-09-17T17:41:35.311857-07:00,MLB,MLB,401817006,2026-09-19T23:15:00+00:00,Busch Stadium,St. Louis,Missouri,False,38.62727,-90.19789,2026-09-19T23:00Z,OPEN_METEO_FORECAST,FORECAST,88.7,90.1,38,2,0.0,0.0,0.0,3,994.4,4.5,81,6.5
OPEN_METEO-FORECAST-401817040-20260918T004135Z,2026-09-17T17:41:35.311857-07:00,MLB,MLB,401817040,2026-09-23T00:40:00+00:00,Coors Field,Denver,Colorado,False,39.73915,-104.9847,2026-09-23T01:00Z,OPEN_METEO_FORECAST,FORECAST,64.3,61.2,62,32,0.0,0.0,0.0,2,836.8,8.1,141,1.6
OPEN_METEO-FORECAST-401817041-20260918T004135Z,2026-09-17T17:41:35.311857-07:00,MLB,MLB,401817041,2026-09-23T01:40:00+00:00,Sutter Health Park,Sacramento,California,False,38.58157,-121.4944,2026-09-23T02:00Z,OPEN_METEO_FORECAST,FORECAST,82.2,79.6,34,0,0.0,0.0,0.0,0,1004.8,7.0,187,13.2
OPEN_METEO-FORECAST-401817043-20260918T004135Z,2026-09-17T17:41:35.311857-07:00,MLB,MLB,401817043,2026-09-23T01:45:00+00:00,Oracle Park,San Francisco,California,False,37.77493,-122.41942,2026-09-23T02:00Z,OPEN_METEO_FORECAST,FORECAST,64.9,64.0,72,0,0.0,0.0,0.0,2,1008.2,6.3,264,6.7
OPEN_METEO-FORECAST-401817044-20260918T004135Z,2026-09-17T17:41:35.311857-07:00,MLB,MLB,401817044,2026-09-23T02:10:00+00:00,Dodger Stadium,Los Angeles,California,False,34.05223,-118.24368,2026-09-23T02:00Z,OPEN_METEO_FORECAST,FORECAST,73.8,74.8,66,0,0.0,0.0,0.0,0,997.8,7.3,225,6.0
OPEN_METEO-FORECAST-401817051-20260918T004135Z,2026-09-17T17:41:35.311857-07:00,MLB,MLB,401817051,2026-09-23T17:10:00+00:00,Comerica Park,Detroit,Michigan,False,42.33143,-83.04575,2026-09-23T17:00Z,OPEN_METEO_FORECAST,FORECAST,60.2,60.1,85,23,0.0,0.0,0.0,3,1000.2,4.7,329,14.1
OPEN_METEO-FORECAST-401817058-20260918T004135Z,2026-09-17T17:41:35.311857-07:00,MLB,MLB,401817058,2026-09-23T19:45:00+00:00,Oracle Park,San Francisco,California,False,37.77493,-122.41942,2026-09-23T20:00Z,OPEN_METEO_FORECAST,FORECAST,78.8,80.4,37,0,0.0,0.0,0.0,0,1008.9,3.8,277,5.6
OPEN_METEO-FORECAST-401817050-20260918T004135Z,2026-09-17T17:41:35.311857-07:00,MLB,MLB,401817050,2026-09-23T22:35:00+00:00,Oriole Park at Camden Yards,Baltimore,Maryland,False,39.29038,-76.61219,2026-09-23T23:00Z,OPEN_METEO_FORECAST,FORECAST,62.9,61.9,93,29,0.004,0.004,0.0,51,1022.4,11.2,77,17.4
OPEN_METEO-FORECAST-401817047-20260918T004135Z,2026-09-17T17:41:35.311857-07:00,MLB,MLB,401817047,2026-09-23T22:40:00+00:00,Citizens Bank Park,Philadelphia,Pennsylvania,False,39.95238,-75.16362,2026-09-23T23:00Z,OPEN_METEO_FORECAST,FORECAST,63.3,60.7,82,23,0.0,0.0,0.0,3,1024.8,12.3,71,19.2
OPEN_METEO-FORECAST-401817048-20260918T004135Z,2026-09-17T17:41:35.311857-07:00,MLB,MLB,401817048,2026-09-23T22:40:00+00:00,PNC Park,Pittsburgh,Pennsylvania,False,40.44062,-79.99589,2026-09-23T23:00Z,OPEN_METEO_FORECAST,FORECAST,60.9,60.4,94,37,0.004,0.0,0.0,51,995.2,8.4,122,25.7
OPEN_METEO-FORECAST-401817046-20260918T004135Z,2026-09-17T17:41:35.311857-07:00,MLB,MLB,401817046,2026-09-23T23:00:00+00:00,Fenway Park,Boston,Massachusetts,False,42.35843,-71.05977,2026-09-23T23:00Z,OPEN_METEO_FORECAST,FORECAST,57.8,50.3,71,12,0.0,0.0,0.0,3,1028.6,16.9,67,19.2
OPEN_METEO-FORECAST-401817049-20260918T004135Z,2026-09-17T17:41:35.311857-07:00,MLB,MLB,401817049,2026-09-23T23:05:00+00:00,Yankee Stadium,Bronx,New York,False,40.93815,-73.83208,2026-09-23T23:00Z,OPEN_METEO_FORECAST,FORECAST,59.9,54.7,79,21,0.004,0.004,0.0,51,1023.7,14.9,64,19.7
OPEN_METEO-FORECAST-401817045-20260918T004135Z,2026-09-17T17:41:35.311857-07:00,MLB,MLB,401817045,2026-09-23T23:15:00+00:00,Truist Park,Atlanta,Georgia,False,33.749,-84.38798,2026-09-23T23:00Z,OPEN_METEO_FORECAST,FORECAST,87.1,90.3,46,12,0.0,0.0,0.0,3,983.0,4.3,118,9.8
OPEN_METEO-FORECAST-401817052-20260918T004135Z,2026-09-17T17:41:35.311857-07:00,MLB,MLB,401817052,2026-09-23T23:40:00+00:00,Kauffman Stadium,Kansas City,Missouri,False,39.09973,-94.57857,2026-09-23T23:00Z,OPEN_METEO_FORECAST,FORECAST,67.3,64.0,52,3,0.0,0.0,0.0,3,987.7,7.3,59,11.6
OPEN_METEO-FORECAST-401817053-20260918T004135Z,2026-09-17T17:41:35.311857-07:00,MLB,MLB,401817053,2026-09-23T23:40:00+00:00,Wrigley Field,Chicago,Illinois,False,41.85003,-87.65005,2026-09-23T23:00Z,OPEN_METEO_FORECAST,FORECAST,60.3,56.8,78,3,0.004,0.0,0.0,51,1002.2,10.9,352,11.2
